datetime,ABUK,ADIB,AMOC,ARCC,BTFH,CCAP,COMI,EAST,EFID,EFIH,EGAL,EGCH,EMFD,ETEL,FWRY,GBCO,HELI,HRHO,ISPH,JUFO,MCQE,OIH,ORAS,ORHD,ORWE,PHDC,RAYA,RMDA,TMGH,VLMR,VLMRA
2007-06-21,,,,,,,,,,,,,,,,,,,,,,,,12.30199993,,,,,,,
2007-06-24,,,,,,,,,,,,,,,,,,,,,,,,11.60000031,,,,,,,
2007-06-25,,,,,,,,,,,,,,,,,,,,,,,,11.70400032,,,,,,,
2007-06-26,,,,,,,,,,,,,,,,,,,,,,,,12.03000072,,,,,,,
2007-06-27,,,,,,,,,,,,,,,,,,,,,,,,11.96400032,,,,,,,
2007-06-28,,,,,,,,,,,,,,,,,,,,,,,,11.71200052,,,,,,,
2007-07-02,,,,,,,,,,,,,,,,,,,,,,,,11.90400032,,,,,,,
2007-07-03,,,,,,,,,,,,,,,,,,,,,,,,12.00000032,,,,,,,
2007-07-04,,,,,,,,,,,,,,,,,,,,,,,,12.00000032,,,,,,,
2007-07-05,,,,,,,,,,,,,,,,,,,,,,,,11.96000012,,,,,,,
2007-07-08,,,,,,,,,,,,,,,,,,,,,,,,12.10000033,,,,,,,
2007-07-09,,,,,,,,,,,,,,,,,,,,,,,,12.20199993,,,,,,,
2007-07-10,,,,,,,,,,,,,,,,,,,,,,,,12.56000014,,,,,,,
2007-07-11,,,,,,,,,,,,,,,,,,,,,,,,12.85200075,,,,,,,
2007-07-12,,,,,,,,,,,,,,,,,,,,,,,,13.10000035,,,,,,,
2007-07-15,,,,,,,,,,,,,,,,,,,,,,,,13.38000076,,,,,,,
2007-07-16,,,,,,,,,,,,,,,,,,,,,,,,13.48800076,,,,,,,
2007-07-17,,,,,,,,,,,,,,,,,,,,,,,,13.59600097,,,,,,,
2007-07-18,,,,,,,,,,,,,,,,,,,,,,,,13.60000037,,,,,,,
2007-07-19,,,,,,,,,,,,,,,,,,,,,,,,13.60600017,,,,,,,
2007-07-22,,,,,,,,,,,,,,,,,,,,,,,,13.73000077,,,,,,,
2007-07-24,,,,,,,,,,,,,,,,,,,,,,,,13.80000037,,,,,,,
2007-07-25,,,,,,,,,,,,,,,,,,,,,,,,13.50000036,,,,,,,
2007-07-26,,,,,,,,,,,,,,,,,,,,,,,,12.85200075,,,,,,,
2007-07-29,,,,,,,,,,,,,,,,,,,,,,,,12.66200054,,,,,,,
2007-07-30,,,,,,,,,,,,,,,,,,,,,,,,12.80000034,,,,,,,
2007-07-31,,,,,,,,,,,,,,,,,,,,,,,,13.05000035,,,,,,,
2007-08-01,,,,,,,,,,,,,,,,,,,,,,,,12.40000033,,,,,,,
2007-08-02,,,,,,,,,,,,,,,,,,,,,,,,12.77400014,,,,,,,
2007-08-05,,,,,,,,,,,,,,,,,,,,,,,,12.78200034,,,,,,,
2007-08-06,,,,,,,,,,,,,,,,,,,,,,,,12.60000034,,,,,,,
2007-08-07,,,,,,,,,,,,,,,,,,,,,,,,12.80200074,,,,,,,
2007-08-08,,,,,,,,,,,,,,,,,,,,,,,,12.80200074,,,,,,,
2007-08-09,,,,,,,,,,,,,,,,,,,,,,,,12.80000034,,,,,,,
2007-08-12,,,,,,,,,,,,,,,,,,,,,,,,12.20000033,,,,,,,
2007-08-13,,,,,,,,,,,,,,,,,,,,,,,,12.60000034,,,,,,,
2007-08-14,,,,,,,,,,,,,,,,,,,,,,,,12.80000034,,,,,,,
2007-08-15,,,,,,,,,,,,,,,,,,,,,,,,12.80000034,,,,,,,
2007-08-16,,,,,,,,,,,,,,,,,,,,,,,,12.00000032,,,,,,,
2007-08-19,,,,,,,,,,,,,,,,,,,,,,,,12.15000033,,,,,,,
2007-08-20,,,,,,,,,,,,,,,,,,,,,,,,12.00000032,,,,,,,
2007-08-21,,,,,,,,,,,,,,,,,,,,,,,,11.80199992,,,,,,,
2007-08-22,,,,,,,,,,,,,,,,,,,,,,,,12.00000032,,,,,,,
2007-08-23,,,,,,,,,,,,,,,,,,,,,,,,11.80000032,,,,,,,
2007-08-26,,,,,,,,,,,,,,,,,,,,,,,,11.90199992,,,,,,,
2007-08-27,,,,,,,,,,,,,,,,,,,,,,,,12.00000032,,,,,,,
2007-08-28,,,,,,,,,,,,,,,,,,,,,,,,12.00000032,,,,,,,
2007-08-29,,,,,,,,,,,,,,,,,,,,,,,,11.61999991,,,,,,,
2007-08-30,,,,,,,,,,,,,,,,,,,,,,,,12.00000032,,,,,,,
2007-09-02,,,,,,,,,,,,,,,,,,,,,,,,12.00000032,,,,,,,
2007-09-03,,,,,,,,,,,,,,,,,,,,,,,,12.01999992,,,,,,,
2007-09-04,,,,,,,,,,,,,,,,,,,,,,,,12.50000034,,,,,,,
2007-09-05,,,,,,,,,,,,,,,,,,,,,,,,12.51000014,,,,,,,
2007-09-06,,,,,,,,,,,,,,,,,,,,,,,,12.51200054,,,,,,,
2007-09-09,,,,,,,,,,,,,,,,,,,,,,,,12.50000034,,,,,,,
2007-09-10,,,,,,,,,,,,,,,,,,,,,,,,12.42200053,,,,,,,
2007-09-11,,,,,,,,,,,,,,,,,,,,,,,,12.60000034,,,,,,,
2007-09-12,,,,,,,,,,,,,,,,,,,,,,,,12.76999994,,,,,,,
2007-09-13,,,,,,,,,,,,,,,,,,,,,,,,12.40600013,,,,,,,
2007-09-16,,,,,,,,,,,,,,,,,,,,,,,,12.56600074,,,,,,,
2007-09-17,,,,,,,,,,,,,,,,,,,,,,,,12.56400034,,,,,,,
2007-09-18,,,,,,,,,,,,,,,,,,,,,,,,12.80000034,,,,,,,
2007-09-19,,,,,,,,,,,,,,,,,,,,,,,,13.00000035,,,,,,,
2007-09-20,,,,,,,,,,,,,,,,,,,,,,,,12.98000075,,,,,,,
2007-09-23,,,,,,,,,,,,,,,,,,,,,,,,13.01000095,,,,,,,
2007-09-24,,,,,,,,,,,,,,,,,,,,,,,,12.90200075,,,,,,,
2007-09-25,,,,,,,,,,,,,,,,,,,,,,,,12.91000095,,,,,,,
2007-09-26,,,,,,,,,,,,,,,,,,,,,,,,12.83999975,,,,,,,
2007-09-27,,,,,,,,,,,,,,,,,,,,,,,,12.82200055,,,,,,,
2007-09-30,,,,,,,,,,,,,,,,,,,,,,,,13.09799995,,,,,,,
2007-10-01,,,,,,,,,,,,,,,,,,,,,,,,13.28999976,,,,,,,
2007-10-02,,,,,,,,,,,,,,,,,,,,,,,,13.40000036,,,,,,,
2007-10-03,,,,,,,,,,,,,,,,,,,,,,,,13.30200076,,,,,,,
2007-10-04,,,,,,,,,,,,,,,,,,,,,,,,13.20600016,,,,,,,
2007-10-08,,,,,,,,,,,,,,,,,,,,,,,,13.50200076,,,,,,,
2007-10-09,,,,,,,,,,,,,,,,,,,,,,,,13.91000097,,,,,,,
2007-10-10,,,,,,,,,,,,,,,,,,,,,,,,13.95000038,,,,,,,
2007-10-11,,,,,,,,,,,,,,,,,,,,,,,,14.01000098,,,,,,,
2007-10-16,,,,,,,,,,,,,,,,,,,,,,,,14.15200078,,,,,,,
2007-10-17,,,,,,,,,,,,,,,,,,,,,,,,14.00000038,,,,,,,
2007-10-18,,,,,,,,,,,,,,,,,,,,,,,,13.79799997,,,,,,,
2007-10-21,,,,,,,,,,,,,,,,,,,,,,,,13.56199997,,,,,,,
2007-10-22,,,,,,,,,,,,,,,,,,,,,,,,13.60000037,,,,,,,
2007-10-23,,,,,,,,,,,,,,,,,,,,,,,,13.61799957,,,,,,,
2007-10-24,,,,,,,,,,,,,,,,,,,,,,,,13.90000037,,,,,,,
2007-10-25,,,,,,,,,,,,,,,,,,,,,,,,14.20000038,,,,,,,
2007-10-28,,,,,,,,,,,,,,,,,,,,,,,,14.39600099,,,,,,,
2007-10-29,,,,,,,,,,,,,,,,,,,,,,,,14.20000038,,,,,,,
2007-10-30,,,,,,,,,,,,,,,,,,,,,,,,14.30000039,,,,,,,
2007-10-31,,,,,,,,,,,,,,,,,,,,,,,,14.20000038,,,,,,,
2007-11-01,,,,,,,,,,,,,,,,,,,,,,,,14.25000038,,,,,,,
2007-11-04,,,,,,,,,,,,,,,,,,,,,,,,14.20000038,,,,,,,
2007-11-05,,,,,,,,,,,,,,,,,,,,,,,,14.18399998,,,,,,,
2007-11-06,,,,,,,,,,,,,,,,,,,,,,,,14.18399998,,,,,,,
2007-11-07,,,,,,,,,,,,,,,,,,,,,,,,14.34400059,,,,,,,
2007-11-08,,,,,,,,,,,,,,,,,,,,,,,,14.11999998,,,,,,,
2007-11-11,,,,,,,,,,,,,,,,,,,,,,,,14.04200018,,,,,,,
2007-11-12,,,,,,,,,,,,,,,,,,,,,,,,14.13399998,,,,,,,
2007-11-13,,,,,,,,,,,,,,,,,,,,,,,,14.13000078,,,,,,,
2007-11-14,,,,,,,,,,,,,,,,,,,,,,,,14.28200118,,,,,,,
2007-11-15,,,,,,,,,,,,,,,,,,,,,,,,14.41000099,,,,,,,
2007-11-18,,,,,,,,,,,,,,,,,,,,,,,,14.56000099,,,,,,,
2007-11-19,,,,,,,,,,,,,,,,,,,,,,,,14.8000004,,,,,,,
2007-11-20,,,,,,,,,,,,,,,,,,,,,,,,14.8000004,,,,,,,
2007-11-21,,,,,,,,,,,,,,,,,,,,,,,,14.8539998,,,,,,,
2007-11-22,,,,,,,,,,,,,,,,,,,,,,,,14.8000004,,,,,,,
2007-11-25,,,,,,,,,,,,,,,,,,,,,,,,15.03999981,,,,,,,
2007-11-26,,,,,,,,,,,,,,,,,,,,,,,,14.9899998,,,,,,,
2007-11-27,,,,,,,,,,,,,,,,,,,,,,,,15.10600021,,,,,,,
2007-11-28,,,,,,,,,,,,,,,,,,,,,,,,15.20000041,,,,,,,
2007-11-29,,,,,,,,,,,,,,,,,,,,,,,,15.20000041,,,,,,,
2007-12-02,,,,,,,,,,,,,,,,,,,,,,,,15.30000041,,,,,,,
2007-12-03,,,,,,,,,,,,,,,,,,,,,,,,15.40000041,,,,,,,
2007-12-04,,,,,,,,,,,,,,,,,,,,,,,,15.48200122,,,,,,,
2007-12-05,,,,,,,,,,,,,,,,,,,,,,,,15.46000102,,,,,,,
2007-12-06,,,,,,,,,,,,,,,,,,,,,,,,15.61200002,,,,,,,
2007-12-09,,,,,,,,,,,,,,,,,,,,,,,,15.58000082,,,,,,,
2007-12-10,,,,,,,,,,,,,,,,,,,,,,,,15.04600101,,,,,,,
2007-12-11,,,,,,,,,,,,,,,,,,,,,,,,15.02,,,,,,,
2007-12-12,,,,,,,,,,,,,,,,,,,,,,,,15.10399981,,,,,,,
2007-12-13,,,,,,,,,,,,,,,,,,,,,,,,15.20600021,,,,,,,
2007-12-16,,,,,,,,,,,,,,,,,,,,,,,,15.40000041,,,,,,,
2007-12-17,,,,,,,,,,,,,,,,,,,,,,,,15.46200002,,,,,,,
2007-12-23,,,,,,,,,,,,,,,,,,,,,,,,15.48200122,,,,,,,
2007-12-24,,,,,,,,,,,,,,,,,,,,,,,,15.60000042,,,,,,,
2007-12-25,,,,,,,,,,,,,,,,,,,,,,,,15.50000042,,,,,,,
2007-12-26,,,,,,,,,,,,,,,,,,,,,,,,15.42200062,,,,,,,
2007-12-27,,,,,,,,,,,,,,,,,,,,,,,,15.52200062,,,,,,,
2007-12-30,,,,,,,,,,,,,,,,,,,,,,,,16.00000043,,,,,,,
2007-12-31,,,,,,,,,,,,,,,,,,,,,,,,16.22200064,,,,,,,
2008-01-02,,,,,,,,,,,,,,,,,,,,,,,,16.60000045,,,,,,,
2008-01-03,,,,,,,,,,,,,,,,,,,,,,,,16.44400064,,,,,,,
2008-01-06,,,,,,,,,,,,,,,,,,,,,,,,16.45399984,,,,,,,
2008-01-08,,,,,,,,,,,,,,,,,,,,,,,,16.90800066,,,,,,,
2008-01-10,,,,,,,,,,,,,,,,,,,,,,,,16.80000045,,,,,,,
2008-01-13,,,,,,,,,,,,,,,,,,,,,,,,17.20000046,,,,,,,
2008-01-14,,,,,,,,,,,,,,,,,,,,,,,,17.20000046,,,,,,,
2008-01-15,,,,,,,,,,,,,,,,,,,,,,,,17.10600026,,,,,,,
2008-01-16,,,,,,,,,,,,,,,,,,,,,,,,17.15000046,,,,,,,
2008-01-17,,,,,,,,,,,,,,,,,,,,,,,,17.20000046,,,,,,,
2008-01-20,,,,,,,,,,,,,,,,,,,,,,,,16.20200084,,,,,,,
2008-01-21,,,,,,,,,,,,,,,,,,,,,,,,15.60000042,,,,,,,
2008-01-22,,,,,,,,,,,,,,,,,,,,,,,,14.00000038,,,,,,,
2008-01-23,,,,,,,,,,,,,,,,,,,,,,,,15.0000004,,,,,,,
2008-01-24,,,,,,,,,,,,,,,,,,,,,,,,15.33999981,,,,,,,
2008-01-27,,,,,,,,,,,,,,,,,,,,,,,,15.40000041,,,,,,,
2008-01-28,,,,,,,,,,,,,,,,,,,,,,,,15.21400041,,,,,,,
2008-01-29,,,,,,,,,,,,,,,,,,,,,,,,15.38999981,,,,,,,
2008-01-30,,,,,,,,,,,,,,,,,,,,,,,,15.38999981,,,,,,,
2008-01-31,,,,,,,,,,,,,,,,,,,,,,,,15.20000041,,,,,,,
2008-02-03,,,,,,,,,,,,,,,,,,,,,,,,15.50600022,,,,,,,
2008-02-04,,,,,,,,,,,,,,,,,,,,,,,,15.43999982,,,,,,,
2008-02-05,,,,,,,,,,,,,,,,,,,,,,,,15.69800002,,,,,,,
2008-02-06,,,,,,,,,,,,,,,,,,,,,,,,15.71200002,,,,,,,
2008-02-07,,,,,,,,,,,,,,,,,,,,,,,,16.10000043,,,,,,,
2008-02-10,,,,,,,,,,,,,,,,,,,,,,,,15.72000002,,,,,,,
2008-02-11,,,,,,,,,,,,,,,,,,,,,,,,16.00000043,,,,,,,
2008-02-12,,,,,,,,,,,,,,,,,,,,,,,,16.00000043,,,,,,,
2008-02-13,,,,,,,,,,,,,,,,,,,,,,,,16.11200003,,,,,,,
2008-02-14,,,,,,,,,,,,,,,,,,,,,,,,16.20000044,,,,,,,
2008-02-17,,,,,,,,,,,,,,,,,,,,,,,,16.10000043,,,,,,,
2008-02-18,,,,,,,,,,,,,,,,,,,,,,,,16.22000004,,,,,,,
2008-02-19,,,,,,,,,,,,,,,,,,,,,,,,16.59800005,,,,,,,
2008-02-20,,,,,,,,,,,,,,,,,,,,,,,,16.20000044,,,,,,,
2008-02-21,,,,,,,,,,,,,,,,,,,,,,,,16.22200064,,,,,,,
2008-02-24,,,,,,,,,,,,,,,,,,,,,,,,16.51000104,,,,,,,
2008-02-25,,,,,,,,,,,,,,,,,,,,,,,,16.65000045,,,,,,,
2008-02-26,,,,,,,,,,,,,,,,,,,,,,,,17.20000046,,,,,,,
2008-02-27,,,,,,,,,,,,,,,,,,,,,,,,17.50200087,,,,,,,
2008-02-28,,,,,,,,,,,,,,,,,,,,,,,,17.81200008,,,,,,,
2008-03-02,,,,,,,,,,,,,,,,,,,,,,,,17.40399987,,,,,,,
2008-03-03,,,,,,,,,,,,,,,,,,,,,,,,17.40000047,,,,,,,
2008-03-04,,,,,,,,,,,,,,,,,,,,,,,,17.45000047,,,,,,,
2008-03-05,,,,,,,,,,,,,,,,,,,,,,,,17.48000087,,,,,,,
2008-03-06,,,,,,,,,,,,,,,,,,,,,,,,18.4000005,,,,,,,
2008-03-09,,,,,,,,,,,,,,,,,,,,,,,,18.00000048,,,,,,,
2008-03-10,,,,,,,,,,,,,,,,,,,,,,,,18.03000089,,,,,,,
2008-03-11,,,,,,,,,,,,,,,,,,,,,,,,18.00000048,,,,,,,
2008-03-12,,,,,,,,,,,,,,,,,,,,,,,,18.4000005,,,,,,,
2008-03-13,,,,,,,,,,,,,,,,,,,,,,,,18.20200089,,,,,,,
2008-03-16,,,,,,,,,,,,,,,,,,,,,,,,18.00000048,,,,,,,
2008-03-17,,,,,,,,,,,,,,,,,,,,,,,,17.10600026,,,,,,,
2008-03-18,,,,,,,,,,,,,,,,,,,,,,,,17.53999987,,,,,,,
2008-03-19,,,,,,,,,,,,,,,,,,,,,,,,17.00000046,,,,,,,
2008-03-23,,,,,,,,,,,,,,,,,,,,,,,,17.25000046,,,,,,,
2008-03-24,,,,,,,,,,,,,,,,,,,,,,,,17.21200006,,,,,,,
2008-03-25,,,,,,,,,,,,,,,,,,,,,,,,16.00000043,,,,,,,
2008-03-26,,,,,,,,,,,,,,,,,,,,,,,,16.40000044,,,,,,,
2008-03-27,,,,,,,,,,,,,,,,,,,,,,,,17.10000046,,,,,,,
2008-03-30,,,,,,,,,,,,,,,,,,,,,,,,17.21600086,,,,,,,
2008-03-31,,,,,,,,,,,,,,,,,,,,,,,,17.27200067,,,,,,,
2008-04-01,,,,,,,,,,,,,,,,,,,,,,,,17.34200027,,,,,,,
2008-04-02,,,,,,,,,,,,,,,,,,,,,,,,17.40000047,,,,,,,
2008-04-03,,,,,,,,,,,,,,,,,,,,,,,,17.20200086,,,,,,,
2008-04-06,,,,,,,,,,,,,,,,,,,,,,,,17.40000047,,,,,,,
2008-04-07,,,,,,,,,,,,,,,,,,,,,,,,16.80600025,,,,,,,
2008-04-08,,,,,,,,,,,,,,,,,,,,,,,,16.80600025,,,,,,,
2008-04-09,,,,,,,,,,,,,,,,,,,,,,,,16.50200084,,,,,,,
2008-04-10,,,,,,,,,,,,,,,,,,,,,,,,16.60000045,,,,,,,
2008-04-13,,,,,,,,,,,,,,,,,,,,,,,,16.30000044,,,,,,,
2008-04-14,,,,,,,,,,,,,,,,,,,,,,,,16.40000044,,,,,,,
2008-04-15,,,,,,,,,,,,,,,,,,,,,,,,16.60200085,,,,,,,
2008-04-16,,,,,,,,,,,,,,,,,,,,,,,,16.60000045,,,,,,,
2008-04-17,,,,,,,,,,,,,,,,,,,,,,,,16.60399985,,,,,,,
2008-04-20,,,,,,,,,,,,,,,,,,,,,,,,16.80000045,,,,,,,
2008-04-21,,,,,,,,,,,,,,,,,,,,,,,,16.80600025,,,,,,,
2008-04-22,,,,,,,,,,,,,,,,,,,,,,,,16.76000105,,,,,,,
2008-04-23,,,,,,,,,,,,,,,,,,,,,,,,17.10600026,,,,,,,
2008-04-24,,,,,,,,,,,,,,,,,,,,,,,,17.21200006,,,,,,,
2008-04-29,,,,,,,,,,,,,,,,,,,,,,,,16.99800006,,,,,,,
2008-04-30,,,,,,,,,,,,,,,,,,,,,,,,16.65000045,,,,,,,
2008-05-04,,,,,,,,,,,,,,,,,,,,,,,,15.80000043,,,,,,,
2008-05-05,,,,,,,,,,,,,,,,,,,,,,,,15.60200082,,,,,,,
2008-05-06,,,,,,,,,,,,,,,,,,,,,,,,15.60399982,,,,,,,
2008-05-07,,,,,,,,,,,,,,,,,,,,,,,,15.11000101,,,,,,,
2008-05-08,,,,,,,,,,,,,,,,,,,,,,,,14.8000004,,,,,,,
2008-05-11,,,,,,,,,,,,,,,,,,,,,,,,15.65000042,,,,,,,
2008-05-12,,,,,,,,,,,,,,,,,,,,,,,,15.55399982,,,,,,,
2008-05-13,,,,,,,,,,,,,,,,,,,,,,,,15.20200081,,,,,,,
2008-05-14,,,,,,,,,,,,,,,,,,,,,,,,15.62200062,,,,,,,
2008-05-15,,,,,,,,,,,,,,,,,,,,,,,,15.0160008,,,,,,,
2008-05-18,,,,,,,,,,,,,,,,,,,,,,,,14.9060002,,,,,,,
2008-05-19,,,,,,,,,,,,,,,,,,,,,,,,15.40000041,,,,,,,
2008-05-20,,,,,,,,,,,,,,,,,,,,,,,,14.8000004,,,,,,,
2008-05-21,,,,,,,,,,,,,,,,,,,,,,,,14.00200078,,,,,,,
2008-05-22,,,,,,,,,,,,,,,,,,,,,,,,14.8020008,,,,,,,
2008-05-25,,,,,,,,,,,,,,,,,,,,,,,,14.834,,,,,,,
2008-05-26,,,,,,,,,,,,,,,,,,,,,,,,14.824001,,,,,,,
2008-05-27,,,,,,,,,,,,,,,,,,,,,,,,14.6640004,,,,,,,
2008-05-28,,,,,,,,,,,,,,,,,,,,,,,,14.01000098,,,,,,,
2008-05-29,,,,,,,,,,,,,,,,,,,,,,,,14.40000039,,,,,,,
2008-06-01,,,,,,,,,,,,,,,,,,,,,,,,14.798,,,,,,,
2008-06-02,,,,,,,,,,,,,,,,,,,,,,,,14.8000004,,,,,,,
2008-06-03,,,,,,,,,,,,,,,,,,,,,,,,14.00000038,,,,,,,
2008-06-04,,,,,,,,,,,,,,,,,,,,,,,,14.10200078,,,,,,,
2008-06-05,,,,,,,,,,,,,,,,,,,,,,,,14.00000038,,,,,,,
2008-06-08,,,,,,,,,,,,,,,,,,,,,,,,14.20000038,,,,,,,
2008-06-09,,,,,,,,,,,,,,,,,,,,,,,,14.00000038,,,,,,,
2008-06-10,,,,,,,,,,,,,,,,,,,,,,,,13.71000097,,,,,,,
2008-06-11,,,,,,,,,,,,,,,,,,,,,,,,13.93999978,,,,,,,
2008-06-12,,,,,,,,,,,,,,,,,,,,,,,,13.60000037,,,,,,,
2008-06-15,,,,,,,,,,,,,,,,,,,,,,,,13.53999976,,,,,,,
2008-06-16,,,,,,,,,,,,,,,,,,,,,,,,12.60000034,,,,,,,
2008-06-17,,,,,,,,,,,,,,,,,,,,,,,,12.70000034,,,,,,,
2008-06-18,,,,,,,,,,,,,,,,,,,,,,,,12.20000033,,,,,,,
2008-06-19,,,,,,,,,,,,,,,,,,,,,,,,11.63600031,,,,,,,
2008-06-22,,,,,,,,,,,,,,,,,,,,,,,,11.75400032,,,,,,,
2008-06-23,,,,,,,,,,,,,,,,,,,,,,,,11.70000032,,,,,,,
2008-06-24,,,,,,,,,,,,,,,,,,,,,,,,11.76000012,,,,,,,
2008-06-25,,,,,,,,,,,,,,,,,,,,,,,,11.50000031,,,,,,,
2008-06-26,,,,,,,,,,,,,,,,,,,,,,,,11.60000031,,,,,,,
2008-06-29,,,,,,,,,,,,,,,,,,,,,,,,11.60000031,,,,,,,
2008-06-30,,,,,,,,,,,,,,,,,,,,,,,,11.0180003,,,,,,,
2008-07-02,,,,,,,,,,,,,,,,,,,,,,,,11.0199999,,,,,,,
2008-07-03,,,,,,,,,,,,,,,,,,,,,,,,11.0199999,,,,,,,
2008-07-06,,,,,,,,,,,,,,,,,,,,,,,,11.0019999,,,,,,,
2008-07-07,,,,,,,,,,,,,,,,,,,,,,,,10.62200049,,,,,,,
2008-07-08,,,,,,,,,,,,,,,,,,,,,,,,10.00000027,,,,,,,
2008-07-09,,,,,,,,,,,,,,,,,,,,,,,,10.60000029,,,,,,,
2008-07-10,,,,,,,,,,,,,,,,,,,,,,,,10.02200047,,,,,,,
2008-07-13,,,,,,,,,,,,,,,,,,,,,,,,10.10600007,,,,,,,
2008-07-14,,,,,,,,,,,,,,,,,,,,,,,,10.00000027,,,,,,,
2008-07-15,,,,,,,,,,,,,,,,,,,,,,,,10.00000027,,,,,,,
2008-07-16,,,,,,,,,,,,,,,,,,,,,,,,9.01800024,,,,,,,
2008-07-17,,,,,,,,,,,,,,,,,,,,,,,,9.00000024,,,,,,,
2008-07-20,,,,,,,,,,,,,,,,,,,,,,,,9.00199984,,,,,,,
2008-07-21,,,,,,,,,,,,,,,,,,,,,,,,9.90000027,,,,,,,
2008-07-22,,,,,,,,,,,,,,,,,,,,,,,,9.32600045,,,,,,,
2008-07-24,,,,,,,,,,,,,,,,,,,,,,,,9.60199986,,,,,,,
2008-07-27,,,,,,,,,,,,,,,,,,,,,,,,9.32400005,,,,,,,
2008-07-28,,,,,,,,,,,,,,,,,,,,,,,,9.94000047,,,,,,,
2008-07-29,,,,,,,,,,,,,,,,,,,,,,,,9.40600005,,,,,,,
2008-07-30,,,,,,,,,,,,,,,,,,,,,,,,9.30199985,,,,,,,
2008-07-31,,,,,,,,,,,,,,,,,,,,,,,,9.75800046,,,,,,,
2008-08-03,,,,,,,,,,,,,,,,,,,,,,,,9.40199985,,,,,,,
2008-08-04,,,,,,,,,,,,,,,,,,,,,,,,9.89400047,,,,,,,
2008-08-05,,,,,,,,,,,,,,,,,,,,,,,,9.41600065,,,,,,,
2008-08-06,,,,,,,,,,,,,,,,,,,,,,,,9.91999987,,,,,,,
2008-08-07,,,,,,,,,,,,,,,,,,,,,,,,9.94000047,,,,,,,
2008-08-10,,,,,,,,,,,,,,,,,,,,,,,,9.30199985,,,,,,,
2008-08-11,,,,,,,,,,,,,,,,,,,,,,,,9.30199985,,,,,,,
2008-08-12,,,,,,,,,,,,,,,,,,,,,,,,9.45000025,,,,,,,
2008-08-13,,,,,,,,,,,,,,,,,,,,,,,,9.45000025,,,,,,,
2008-08-14,,,,,,,,,,,,,,,,,,,,,,,,9.99800067,,,,,,,
2008-08-17,,,,,,,,,,,,,,,,,,,,,,,,9.50000026,,,,,,,
2008-08-18,,,,,,,,,,,,,,,,,,,,,,,,9.51000006,,,,,,,
2008-08-19,,,,,,,,,,,,,,,,,,,,,,,,9.00000024,,,,,,,
2008-08-20,,,,,,,,,,,,,,,,,,,,,,,,9.05000024,,,,,,,
2008-08-21,,,,,,,,,,,,,,,,,,,,,,,,9.10800045,,,,,,,
2008-08-25,,,,,,,,,,,,,,,,,,,,,,,,9.13200025,,,,,,,
2008-08-26,,,,,,,,,,,,,,,,,,,,,,,,8.39800063,,,,,,,
2008-08-27,,,,,,,,,,,,,,,,,,,,,,,,8.30400022,,,,,,,
2008-08-28,,,,,,,,,,,,,,,,,,,,,,,,8.40000023,,,,,,,
2008-08-31,,,,,,,,,,,,,,,,,,,,,,,,8.20000022,,,,,,,
2008-09-01,,,,,,,,,,,,,,,,,,,,,,,,8.40000023,,,,,,,
2008-09-02,,,,,,,,,,,,,,,,,,,,,,,,8.20199982,,,,,,,
2008-09-03,,,,,,,,,,,,,,,,,,,,,,,,8.40400023,,,,,,,
2008-09-04,,,,,,,,,,,,,,,,,,,,,,,,8.50199983,,,,,,,
2008-09-07,,,,,,,,,,,,,,,,,,,,,,,,8.40000023,,,,,,,
2008-09-08,,,,,,,,,,,,,,,,,,,,,,,,8.95000024,,,,,,,
2008-09-09,,,,,,,,,,,,,,,,,,,,,,,,8.61000003,,,,,,,
2008-09-10,,,,,0.18593723,,,,,,,,,,,,,,,,,,,8.45000023,,,,,,,
2008-09-11,,,,,0.18593723,,,,,,,,,,,,,,,,,,,8.40000023,,,,,,,
2008-09-14,,,,,0.18593723,,,,,,,,,,,,,,,,,,,7.80000021,,,,,,,
2008-09-15,,,,,0.18593723,,,,,,,,,,,,,,,,,,,7.80199981,,,,,,,
2008-09-16,,,,,0.18593723,,,,,,,,,,,,,,,,,,,7.4000002,,,,,,,
2008-09-17,,,,,0.18593723,,,,,,,,,,,,,,,,,,,7.5000002,,,,,,,
2008-09-21,,,,,0.18593723,,,,,,,,,,,,,,,,,,,7.4000002,,,,,,,
2008-09-22,,,,,0.18593723,,,,,,,,,,,,,,,,,,,6.40199977,,,,,,,
2008-09-23,,,,,0.18593723,,,,,,,,,,,,,,,,,,,6.43000057,,,,,,,
2008-09-24,,,,,0.18593723,,,,,,,,,,,,,,,,,,,6.60199978,,,,,,,
2008-09-25,,,,,0.18593723,,,,,,,,,,,,,,,,,,,6.97799999,,,,,,,
2008-09-28,,,,,0.18593723,,,,,,,,,,,,,,,,,,,7.00000019,,,,,,,
2008-09-29,,,,,0.18593723,,,,,,,,,,,,,,,,,,,8.38000063,,,,,,,
2008-10-07,,,,,0.18593723,,,,,,,,,,,,,,,,,,,7.19800059,,,,,,,
2008-10-08,,,,,0.18593723,,,,,,,,,,,,,,,,,,,7.20000019,,,,,,,
2008-10-09,,,,,0.18593723,,,,,,,,,,,,,,,,,,,7.6000002,,,,,,,
2008-10-12,,,,,0.18593723,,,,,,,,,,,,,,,,,,,7.3980006,,,,,,,
2008-10-13,,,,,0.18593723,,,,,,,,,,,,,,,,,,,8.00000022,,,,,,,
2008-10-14,,,,,0.18593723,,,,,,,,,,,,,,,,,,,8.00000022,,,,,,,
2008-10-15,,,,,0.18593723,,,,,,,,,,,,,,,,,,,7.5040002,,,,,,,
2008-10-16,,,,,0.18593723,,,,,,,,,,,,,,,,,,,8.00000022,,,,,,,
2008-10-19,,,,,0.18593723,,,,,,,,,,,,,,,,,,,8.00000022,,,,,,,
2008-10-20,,,,,0.18593723,,,,,,,,,,,,,,,,,,,7.2500002,,,,,,,
2008-10-21,,,,,0.18593723,,,,,,,,,,,,,,,,,,,7.20000019,,,,,,,
2008-10-22,,,,,0.18593723,,,,,,,,,,,,,,,,,,,6.00000016,,,,,,,
2008-10-23,,,,,0.18593723,,,,,,,,,,,,,,,,,,,5.80000016,,,,,,,
2008-10-26,,,,,0.18593723,,,,,,,,,,,,,,,,,,,5.80000016,,,,,,,
2008-10-28,,,,,0.18593723,,,,,,,,,,,,,,,,,,,5.89800016,,,,,,,
2008-10-29,,,,,0.18593723,,,,,,,,,,,,,,,,,,,5.00400013,,,,,,,
2008-10-30,,,,,0.18593723,,,,,,,,,,,,,,,,,,,5.20000014,,,,,,,
2008-11-02,,,,,0.18593723,,,,,,,,,,,,,,,,,,,5.15000014,,,,,,,
2008-11-03,,,,,0.18593723,,,,,,,,,,,,,,,,,,,6.05000016,,,,,,,
2008-11-04,,,,,0.18593723,,,,,,,,,,,,,,,,,,,5.60400015,,,,,,,
2008-11-05,,,,,0.18593723,,,,,,,,,,,,,,,,,,,5.70000015,,,,,,,
2008-11-06,,,,,0.18593723,,,,,,,,,,,,,,,,,,,5.60999995,,,,,,,
2008-11-09,,,,,0.18593723,,,,,,,,,,,,,,,,,,,5.60000015,,,,,,,
2008-11-10,,,,,0.18593723,,,,,,,,,,,,,,,,,,,5.66800015,,,,,,,
2008-11-11,,,,,0.18593723,,,,,,,,,,,,,,,,,,,5.64800015,,,,,,,
2008-11-13,,,,,0.18593723,,,,,,,,,,,,,,,,,,,5.40000015,,,,,,,
2008-11-16,,,,,0.18593723,,,,,,,,,,,,,,,,,,,5.30000014,,,,,,,
2008-11-18,,,,,0.18593723,,,,,,,,,,,,,,,,,,,4.30999992,,,,,,,
2008-11-19,,,,,0.18593723,,,,,,,,,,,,,,,,,,,3.6800001,,,,,,,
2008-11-20,,,,,0.18593723,,,,,,,,,,,,,,,,,,,4.00000011,,,,,,,
2008-11-23,,,,,0.18593723,,,,,,,,,,,,,,,,,,,4.10000011,,,,,,,
2008-11-24,,,,,0.18593723,,,,,,,,,,,,,,,,,,,4.09800011,,,,,,,
2008-11-26,,,,,0.18593723,,,,,,,,,,,,,,,,,,,3.8380003,,,,,,,
2008-11-27,,,,,0.18593723,,,,,,,,,,,,,,,,,,,4.48000012,,,,,,,
2008-12-01,,,,,0.18593723,,,,,,,,,,,,,,,,,,,3.6560003,,,,,,,
2008-12-02,,,,,0.18593723,,,,,,,,,,,,,,,,,,,3.6000001,,,,,,,
2008-12-03,,,,,0.18593723,,,,,,,,,,,,,,,,,,,3.7200001,,,,,,,
2008-12-04,,,,,0.18593723,,,,,,,,,,,,,,,,,,,3.6820001,,,,,,,
2008-12-10,,,,,0.18593723,,,,,,,,,,,,,,,,,,,3.50000009,,,,,,,
2008-12-11,,,,,0.18593723,,,,,,,,,,,,,,,,,,,3.93800031,,,,,,,
2008-12-14,,,,,0.18593723,,,,,,,,,,,,,,,,,,,3.6640001,,,,,,,
2008-12-15,,,,,0.18593723,,,,,,,,,,,,,,,,,,,3.6000001,,,,,,,
2008-12-16,,,,,0.18593723,,,,,,,,,,,,,,,,,,,3.50000009,,,,,,,
2008-12-17,,,,,0.18593723,,,,,,,,,,,,,,,,,,,3.50000009,,,,,,,
2008-12-18,,,,,0.18593723,,,,,,,,,,,,,,,,,,,3.6000001,,,,,,,
2008-12-21,,,,,0.18593723,,,,,,,,,,,,,,,,,,,3.50200009,,,,,,,
2008-12-22,,,,,0.18593723,,,,,,,,,,,,,,,,,,,3.51199989,,,,,,,
2008-12-23,,,,,0.18593723,,,,,,,,,,,,,,,,,,,3.50200009,,,,,,,
2008-12-28,,,,,0.18593723,,,,,,,,,,,,,,,,,,,3.20000009,,,,,,,
2008-12-30,,,,,0.18593723,,,,,,,,,,,,,,,,,,,3.28000009,,,,,,,
2008-12-31,,,,,0.18593723,,,,,,,,,,,,,,,,,,,3.40000009,,,,,,,
2009-01-04,,,,,0.18593723,,,,,,,,,,,,,,,,,,,3.40000009,,,,,,,
2009-01-05,,,,,0.18593723,,,,,,,,,,,,,,,,,,,3.43400009,,,,,,,
2009-01-06,,,,,0.18593723,,,,,,,,,,,,,,,,,,,3.42599989,,,,,,,
2009-01-08,,,,,0.18593723,,,,,,,,,,,,,,,,,,,3.40999989,,,,,,,
2009-01-11,,,,,0.18593723,,,,,,,,,,,,,,,,,,,3.45999989,,,,,,,
2009-01-12,,,,,0.18593723,,,,,,,,,,,,,,,,,,,3.42400029,,,,,,,
2009-01-13,,,,,0.18593723,,,,,,,,,,,,,,,,,,,3.38000009,,,,,,,
2009-01-14,,,,,0.18593723,,,,,,,,,,,,,,,,,,,3.39000029,,,,,,,
2009-01-15,,,,,0.18593723,,,,,,,,,,,,,,,,,,,3.31199989,,,,,,,
2009-01-18,,,,,0.18593723,,,,,,,,,,,,,,,,,,,3.25400009,,,,,,,
2009-01-19,,,,,0.18593723,,,,,,,,,,,,,,,,,,,3.25999989,,,,,,,
2009-01-20,,,,,0.18593723,,,,,,,,,,,,,,,,,,,3.20000009,,,,,,,
2009-01-21,,,,,0.18593723,,,,,,,,,,,,,,,,,,,2.70200007,,,,,,,
2009-01-22,,,,,0.18593723,,,,,,,,,,,,,,,,,,,2.86200008,,,,,,,
2009-01-25,,,,,0.18593723,,,,,,,,,,,,,,,,,,,2.80000008,,,,,,,
2009-01-26,,,,,0.18593723,,,,,,,,,,,,,,,,,,,2.80000008,,,,,,,
2009-01-27,,,,,0.18593723,,,,,,,,,,,,,,,,,,,3.00400008,,,,,,,
2009-01-29,,,,,0.18593723,,,,,,,,,,,,,,,,,,,3.00000008,,,,,,,
2009-02-02,,,,,0.18593723,,,,,,,,,,,,,,,,,,,2.61400007,,,,,,,
2009-02-04,,,,,0.18593723,,,,,,,,,,,,,,,,,,,2.40800006,,,,,,,
2009-02-08,,,,,0.18593723,,,,,,,,,,,,,,,,,,,2.43000007,,,,,,,
2009-02-10,,,,,0.18593723,,,,,,,,,,,,,,,,,,,2.21000006,,,,,,,
2009-02-11,,,,,0.18593723,,,,,,,,,,,,,,,,,,,2.00000005,,,,,,,
2009-02-12,,,,,0.18593723,,,,,,,,,,,,,,,,,,,2.20400006,,,,,,,
2009-02-15,,,,,0.18593723,,,,,,,,,,,,,,,,,,,2.30000006,,,,,,,
2009-02-16,,,,,0.18593723,,,,,,,,,,,,,,,,,,,2.30200006,,,,,,,
2009-02-17,,,,,0.18593723,,,,,,,,,,,,,,,,,,,2.20000006,,,,,,,
2009-02-19,,,,,0.18593723,,,,,,,,,,,,,,,,,,,2.16200006,,,,,,,
2009-02-22,,,,,0.18593723,,,,,,,,,,,,,,,,,,,2.10000006,,,,,,,
2009-02-23,,,,,0.18593723,,,,,,,,,,,,,,,,,,,2.10000006,,,,,,,
2009-02-24,,,,,0.18593723,,,,,,,,,,,,,,,,,,,2.03200005,,,,,,,
2009-02-25,,,,,0.18593723,,,,,,,,,,,,,,,,,,,2.13000006,,,,,,,
2009-02-26,,,,,0.18593723,,,,,,,,,,,,,,,,,,,2.26200006,,,,,,,
2009-03-01,,,,,0.18593723,,,,,,,,,,,,,,,,,,,2.39800006,,,,,,,
2009-03-02,,,,,0.18593723,,,,,,,,,,,,,,,,,,,2.22000006,,,,,,,
2009-03-03,,,,,0.18593723,,,,,,,,,,,,,,,,,,,2.16000006,,,,,,,
2009-03-04,,,,,0.18593723,,,,,,,,,,,,,,,,,,,2.26400006,,,,,,,
2009-03-05,,,,,0.18593723,,,,,,,,,,,,,,,,,,,2.21400006,,,,,,,
2009-03-08,,,,,0.18593723,,,,,,,,,,,,,,,,,,,2.35800006,,,,,,,
2009-03-10,,,,,0.18593723,,,,,,,,,,,,,,,,,,,2.20000006,,,,,,,
2009-03-11,,,,,0.18593723,,,,,,,,,,,,,,,,,,,2.39600006,,,,,,,
2009-03-12,,,,,0.18593723,,,,,,,,,,,,,,,,,,,2.40000006,,,,,,,
2009-03-15,,,,,0.18593723,,,,,,,,,,,,,,,,,,,2.42000007,,,,,,,
2009-03-16,,,,,0.18593723,,,,,,,,,,,,,,,,,,,2.38000006,,,,,,,
2009-03-17,,,,,0.18593723,,,,,,,,,,,,,,,,,,,2.40000006,,,,,,,
2009-03-18,,,,,0.18593723,,,,,,,,,,,,,,,,,,,2.39000006,,,,,,,
2009-03-19,,,,,0.18593723,,,,,,,,,,,,,,,,,,,2.32200006,,,,,,,
2009-03-22,,,,,0.18593723,,,,,,,,,,,,,,,,,,,2.40000006,,,,,,,
2009-03-23,,,,,0.18593723,,,,,,,,,,,,,,,,,,,2.36600006,,,,,,,
2009-03-24,,,,,0.18593723,,,,,,,,,,,,,,,,,,,2.51800007,,,,,,,
2009-03-25,,,,,0.18593723,,,,,,,,,,,,,,,,,,,2.59600007,,,,,,,
2009-03-26,,,,,0.18593723,,,,,,,,,,,,,,,,,,,3.10200008,,,,,,,
2009-03-29,,,,,0.18593723,,,,,,,,,,,,,,,,,,,3.30000009,,,,,,,
2009-03-30,,,,,0.18593723,,,,,,,,,,,,,,,,,,,3.00200008,,,,,,,
2009-03-31,,,,,0.18593723,,,,,,,,,,,,,,,,,,,3.00800008,,,,,,,
2009-04-01,,,,,0.18593723,,,,,,,,,,,,,,,,,,,3.01400008,,,,,,,
2009-04-02,,,,,0.18593723,,,,,,,,,,,,,,,,,,,3.13000008,,,,,,,
2009-04-05,,,,,0.18593723,,,,,,,,,,,,,,,,,,,3.28000009,,,,,,,
2009-04-06,,,,,0.18593723,,,,,,,,,,,,,,,,,,,3.32200029,,,,,,,
2009-04-07,,,,,0.18593723,,,,,,,,,,,,,,,,,,,3.22400029,,,,,,,
2009-04-08,,,,,0.18593723,,,,,,,,,,,,,,,,,,,3.20000009,,,,,,,
2009-04-09,,,,,0.18593723,,,,,,,,,,,,,,,,,,,3.11600008,,,,,,,
2009-04-12,,,,,0.18593723,,,,,,,,,,,,,,,,,,,3.30400009,,,,,,,
2009-04-13,,,,,0.18593723,,,,,,,,,,,,,,,,,,,3.30000009,,,,,,,
2009-04-14,,,,,0.18593723,,,,,,,,,,,,,,,,,,,3.30000009,,,,,,,
2009-04-15,,,,,0.18593723,,,,,,,,,,,,,,,,,,,3.16800009,,,,,,,
2009-04-16,,,,,0.18593723,,,,,,,,,,,,,,,,,,,3.18400009,,,,,,,
2009-04-21,,,,,0.18593723,,,,,,,,,,,,,,,,,,,3.20800029,,,,,,,
2009-04-22,,,,,0.18593723,,,,,,,,,,,,,,,,,,,3.24000029,,,,,,,
2009-04-23,,,,,0.18593723,,,,,,,,,,,,,,,,,,,3.20000009,,,,,,,
2009-04-26,,,,,0.18593723,,,,,,,,,,,,,,,,,,,3.32000009,,,,,,,
2009-04-27,,,,,0.18593723,,,,,,,,,,,,,,,,,,,3.25400009,,,,,,,
2009-04-28,,,,,0.18593723,,,,,,,,,,,,,,,,,,,3.22599989,,,,,,,
2009-04-29,,,,,0.18593723,,,,,,,,,,,,,,,,,,,3.34000029,,,,,,,
2009-04-30,,,,,0.18593723,,,,,,,,,,,,,,,,,,,3.42200029,,,,,,,
2009-05-03,,,,,0.18593723,,,,,,,,,,,,,,,,,,,3.40000009,,,,,,,
2009-05-04,,,,,0.18593723,,,,,,,,,,,,,,,,,,,3.40400009,,,,,,,
2009-05-05,,,,,0.18593723,,,,,,,,,,,,,,,,,,,3.42599989,,,,,,,
2009-05-06,,,,,0.18593723,,,,,,,,,,,,,,,,,,,3.46400009,,,,,,,
2009-05-07,,,,,0.18593723,,,,,,,,,,,,,,,,,,,3.50999989,,,,,,,
2009-05-10,,,,,0.18593723,,,,,,,,,,,,,,,,,,,3.7300001,,,,,,,
2009-05-11,,,,,0.18593723,,,,,,,,,,,,,,,,,,,3.7820001,,,,,,,
2009-05-12,,,,,0.18593723,,,,,,,,,,,,,,,,,,,3.8119999,,,,,,,
2009-05-13,,,,,0.18593723,,,,,,,,,,,,,,,,,,,3.7040001,,,,,,,
2009-05-14,,,,,0.18593723,,,,,,,,,,,,,,,,,,,3.5980001,,,,,,,
2009-05-17,,,,,0.18593723,,,,,,,,,,,,,,,,,,,3.50200009,,,,,,,
2009-05-18,,,,,0.18593723,,,,,,,,,,,,,,,,,,,3.5740003,,,,,,,
2009-05-19,,,,,0.18593723,,,,,,,,,,,,,,,,,,,3.8000001,,,,,,,
2009-05-20,,,,,0.18593723,,,,,,,,,,,,,,,,,,,3.7000001,,,,,,,
2009-05-21,,,,,0.18593723,,,,,,,,,,,,,,,,,,,3.40000009,,,,,,,
2009-05-24,,,,,0.18593723,,,,,,,,,,,,,,,,,,,3.50000009,,,,,,,
2009-05-25,,,,,0.18593723,,,,,,,,,,,,,,,,,,,3.6180001,,,,,,,
2009-05-26,,,,,0.18593723,,,,,,,,,,,,,,,,,,,3.6099999,,,,,,,
2009-05-27,,,,,0.18593723,,,,,,,,,,,,,,,,,,,3.5400003,,,,,,,
2009-05-28,,,,,0.18593723,,,,,,,,,,,,,,,,,,,3.50200009,,,,,,,
2009-05-31,,,,,0.18593723,,,,,,,,,,,,,,,,,,,3.6800001,,,,,,,
2009-06-01,,,,,0.18593723,,,,,,,,,,,,,,,,,,,3.6439999,,,,,,,
2009-06-02,,,,,0.18593723,,,,,,,,,,,,,,,,,,,3.95999991,,,,,,,
2009-06-03,,,,,0.18593723,,,,,,,,,,,,,,,,,,,3.6599999,,,,,,,
2009-06-04,,,,,0.18593723,,,,,,,,,,,,,,,,,,,3.8200001,,,,,,,
2009-06-07,,,,,0.18593723,,,,,,,,,,,,,,,,,,,3.8400003,,,,,,,
2009-06-08,,,,,0.18593723,,,,,,,,,,,,,,,,,,,4.09399991,,,,,,,
2009-06-09,,,,,0.18593723,,,,,,,,,,,,,,,,,,,4.12000011,,,,,,,
2009-06-10,,,,,0.18593723,,,,,,,,,,,,,,,,,,,4.44199992,,,,,,,
2009-06-11,,,,,0.18593723,,,,,,,,,,,,,,,,,,,4.52400032,,,,,,,
2009-06-14,,,,,0.18593723,,,,,,,,,,,,,,,,,,,4.80000013,,,,,,,
2009-06-15,,,,,0.18593723,,,,,,,,,,,,,,,,,,,4.76400013,,,,,,,
2009-06-16,,,,,0.18593723,,,,,,,,,,,,,,,,,,,4.71600013,,,,,,,
2009-06-17,,,,,0.18593723,,,,,,,,,,,,,,,,,,,4.75999993,,,,,,,
2009-06-18,,,,,0.18593723,,,,,,,,,,,,,,,,,,,4.62000012,,,,,,,
2009-06-21,,,,,0.18593723,,,,,,,,,,,,,,,,,,,4.65000013,,,,,,,
2009-06-22,,,,,0.18593723,,,,,,,,,,,,,,,,,,,4.20000011,,,,,,,
2009-06-23,,,,,0.18593723,,,,,,,,,,,,,,,,,,,3.93200011,,,,,,,
2009-06-24,,,,,0.18593723,,,,,,,,,,,,,,,,,,,4.00000011,,,,,,,
2009-06-25,,,,,0.18593723,,,,,,,,,,,,,,,,,,,3.6300001,,,,,,,
2009-06-28,,,,,0.18593723,,,,,,,,,,,,,,,,,,,3.8080003,,,,,,,
2009-06-29,,,,,0.18593723,,,,,,,,,,,,,,,,,,,3.96199991,,,,,,,
2009-06-30,,,,,0.18593723,,,,,,,,,,,,,,,,,,,4.15600031,,,,,,,
2009-07-02,,,,,0.18593723,,,,,,,,,,,,,,,,,,,4.24199991,,,,,,,
2009-07-05,,,,,0.18593723,,,,,,,,,,,,,,,,,,,4.40000012,,,,,,,
2009-07-06,,,,,0.18593723,,,,,,,,,,,,,,,,,,,4.00000011,,,,,,,
2009-07-07,,,,,0.18593723,,,,,,,,,,,,,,,,,,,4.12000011,,,,,,,
2009-07-08,,,,,0.18593723,,,,,,,,,,,,,,,,,,,4.12000011,,,,,,,
2009-07-09,,,,,0.18593723,,,,,,,,,,,,,,,,,,,4.02400031,,,,,,,
2009-07-12,,,,,0.18593723,,,,,,,,,,,,,,,,,,,4.00000011,,,,,,,
2009-07-13,,,,,0.18593723,,,,,,,,,,,,,,,,,,,3.94000031,,,,,,,
2009-07-14,,,,,0.18593723,,,,,,,,,,,,,,,,,,,4.10000011,,,,,,,
2009-07-16,,,,,0.18593723,,,,,,,,,,,,,,,,,,,4.20200011,,,,,,,
2009-07-20,,,,,0.18593723,,,,,,,,,,,,,,,,,,,4.17000011,,,,,,,
2009-07-21,,,,,0.18593723,,,,,,,,,,,,,,,,,,,4.30999992,,,,,,,
2009-07-22,,,,,0.18593723,,,,,,,,,,,,,,,,,,,4.20000011,,,,,,,
2009-07-26,,,,,0.18593723,,,,,,,,,,,,,,,,,,,4.40000012,,,,,,,
2009-07-27,,,,,0.18593723,,,,,,,,,,,,,,,,,,,4.36600012,,,,,,,
2009-07-28,,,,,0.18593723,,,,,,,,,,,,,,,,,,,4.25999991,,,,,,,
2009-07-29,,,,,0.18593723,,,,,,,,,,,,,,,,,,,4.39000032,,,,,,,
2009-07-30,,,,,0.18593723,,,,,,,,,,,,,,,,,,,4.43200012,,,,,,,
2009-08-02,,,,,0.18593723,,,,,,,,,,,,,,,,,,,4.55200012,,,,,,,
2009-08-03,,,,,0.18593723,,,,,,,,,,,,,,,,,,,4.60000012,,,,,,,
2009-08-04,,,,,0.18593723,,,,,,,,,,,,,,,,,,,4.36600012,,,,,,,
2009-08-05,,,,,0.18593723,,,,,,,,,,,,,,,,,,,4.40400012,,,,,,,
2009-08-06,,,,,0.18593723,,,,,,,,,,,,,,,,,,,4.40999992,,,,,,,
2009-08-09,,,,,0.18593723,,,,,,,,,,,,,,,,,,,4.40000012,,,,,,,
2009-08-10,,,,,0.18593723,,,,,,,,,,,,,,,,,,,4.40000012,,,,,,,
2009-08-11,,,,,0.18593723,,,,,,,,,,,,,,,,,,,4.60000012,,,,,,,
2009-08-12,,,,,0.18593723,,,,,,,,,,,,,,,,,,,4.50000012,,,,,,,
2009-08-13,,,,,0.18593723,,,,,,,,,,,,,,,,,,,4.52599992,,,,,,,
2009-08-16,,,,,0.18593723,,,,,,,,,,,,,,,,,,,4.53600012,,,,,,,
2009-08-17,,,,,0.18593723,,,,,,,,,,,,,,,,,,,4.30000012,,,,,,,
2009-08-18,,,,,0.18593723,,,,,,,,,,,,,,,,,,,4.29000032,,,,,,,
2009-08-19,,,,,0.18593723,,,,,,,,,,,,,,,,,,,4.20000011,,,,,,,
2009-08-20,,,,,0.18593723,,,,,,,,,,,,,,,,,,,4.21199991,,,,,,,
2009-08-23,,,,,0.18593723,,,,,,,,,,,,,,,,,,,4.31400012,,,,,,,
2009-08-24,,,,,0.18593723,,,,,,,,,,,,,,,,,,,4.40000012,,,,,,,
2009-08-25,,,,,0.18593723,,,,,,,,,,,,,,,,,,,4.35400012,,,,,,,
2009-08-26,,,,,0.18593723,,,,,,,,,,,,,,,,,,,4.34199992,,,,,,,
2009-08-27,,,,,0.18593723,,,,,,,,,,,,,,,,,,,4.27400032,,,,,,,
2009-08-30,,,,,0.18593723,,,,,,,,,,,,,,,,,,,4.27799992,,,,,,,
2009-08-31,,,,,0.18593723,,,,,,,,,,,,,,,,,,,4.22799991,,,,,,,
2009-09-01,,,,,0.18593723,,,,,,,,,,,,,,,,,,,4.31199992,,,,,,,
2009-09-02,,,,,0.18593723,,,,,,,,,,,,,,,,,,,4.20600031,,,,,,,
2009-09-03,,,,,0.18593723,,,,,,,,,,,,,,,,,,,4.40000012,,,,,,,
2009-09-06,,,,,0.18593723,,,,,,,,,,,,,,,,,,,4.45999992,,,,,,,
2009-09-07,,,,,0.18593723,,,,,,,,,,,,,,,,,,,4.50999992,,,,,,,
2009-09-08,,,,,0.18593723,,,,,,,,,,,,,,,,,,,5.00999993,,,,,,,
2009-09-09,,,,,0.18593723,,,,,,,,,,,,,,,,,,,5.00000013,,,,,,,
2009-09-10,,,,,0.18593723,,,,,,,,,,,,,,,,,,,5.80000016,,,,,,,
2009-09-13,,,,,0.18593723,,,,,,,,,,,,,,,,,,,5.79800016,,,,,,,
2009-09-14,,,,,0.18593723,,,,,,,,,,,,,,,,,,,5.40000015,,,,,,,
2009-09-15,,,,,0.18593723,,,,,,,,,,,,,,,,,,,5.55000015,,,,,,,
2009-09-16,,,,,0.18593723,,,,,,,,,,,,,,,,,,,5.63000015,,,,,,,
2009-09-17,,,,,0.18593723,,,,,,,,,,,,,,,,,,,5.99399996,,,,,,,
2009-09-22,,,,,0.18593723,,,,,,,,,,,,,,,,,,,6.20000017,,,,,,,
2009-09-23,,,,,0.18593723,,,,,,,,,,,,,,,,,,,7.3500002,,,,,,,
2009-09-24,,,,,0.18593723,,,,,,,,,,,,,,,,,,,7.4900004,,,,,,,
2009-09-27,,,,,0.18593723,,,,,,,,,,,,,,,,,,,7.5040002,,,,,,,
2009-09-28,,,,,0.18593723,,,,,,,,,,,,,,,,,,,7.31,,,,,,,
2009-09-29,,,,,0.18593723,,,,,,,,,,,,,,,,,,,7.3019998,,,,,,,
2009-09-30,,,,,0.18593723,,,,,,,,,,,,,,,,,,,7.10199979,,,,,,,
2009-10-01,,,,,0.18593723,,,,,,,,,,,,,,,,,,,7.20000019,,,,,,,
2009-10-04,,,,,0.18593723,,,,,,,,,,,,,,,,,,,6.80000018,,,,,,,
2009-10-05,,,,,0.18593723,,,,,,,,,,,,,,,,,,,6.52200038,,,,,,,
2009-10-07,,,,,0.18593723,,,,,,,,,,,,,,,,,,,6.65199978,,,,,,,
2009-10-08,,,,,0.18593723,,,,,,,,,,,,,,,,,,,6.60000018,,,,,,,
2009-10-11,,,,,0.18593723,,,,,,,,,,,,,,,,,,,6.82200038,,,,,,,
2009-10-12,,,,,0.18593723,,,,,,,,,,,,,,,,,,,6.69199998,,,,,,,
2009-10-13,,,,,0.18593723,,,,,,,,,,,,,,,,,,,6.20000017,,,,,,,
2009-10-14,,,,,0.18593723,,,,,,,,,,,,,,,,,,,6.45000017,,,,,,,
2009-10-15,,,,,0.18593723,,,,,,,,,,,,,,,,,,,6.55000018,,,,,,,
2009-10-18,,,,,0.18593723,,,,,,,,,,,,,,,,,,,6.40999997,,,,,,,
2009-10-19,,,,,0.18593723,,,,,,,,,,,,,,,,,,,6.65999998,,,,,,,
2009-10-20,,,,,0.18593723,,,,,,,,,,,,,,,,,,,6.70000018,,,,,,,
2009-10-21,,,,,0.18593723,,,,,,,,,,,,,,,,,,,6.60199978,,,,,,,
2009-10-22,,,,,0.18593723,,,,,,,,,,,,,,,,,,,6.61200038,,,,,,,
2009-10-25,,,,,0.18593723,,,,,,,,,,,,,,,,,,,6.50199978,,,,,,,
2009-10-26,,,,,0.18593723,,,,,,,,,,,,,,,,,,,6.50999998,,,,,,,
2009-10-27,,,,,0.18593723,,,,,,,,,,,,,,,,,,,6.42200037,,,,,,,
2009-10-28,,,,,0.18593723,,,,,,,,,,,,,,,,,,,6.05200016,,,,,,,
2009-10-29,,,,,0.18593723,,,,,,,,,,,,,,,,,,,6.00000016,,,,,,,
2009-11-01,,,,,0.18593723,,,,,,,,,,,,,,,,,,,5.80000016,,,,,,,
2009-11-02,,,,,0.18593723,,,,,,,,,,,,,,,,,,,5.76199996,,,,,,,
2009-11-03,,,,,0.18593723,,,,,,,,,,,,,,,,,,,5.00000013,,,,,,,
2009-11-04,,,,,0.18593723,,,,,,,,,,,,,,,,,,,5.22000014,,,,,,,
2009-11-05,,,,,0.18593723,,,,,,,,,,,,,,,,,,,5.23000014,,,,,,,
2009-11-08,,,,,0.18593723,,,,,,,,,,,,,,,,,,,5.50400015,,,,,,,
2009-11-09,,,,,0.18593723,,,,,,,,,,,,,,,,,,,5.60000015,,,,,,,
2009-11-10,,,,,0.18593723,,,,,,,,,,,,,,,,,,,5.90999996,,,,,,,
2009-11-11,,,,,0.18593723,,,,,,,,,,,,,,,,,,,5.70999995,,,,,,,
2009-11-12,,,,,0.18593723,,,,,,,,,,,,,,,,,,,5.62200035,,,,,,,
2009-11-15,,,,,0.18593723,,,,,,,,,,,,,,,,,,,5.63000015,,,,,,,
2009-11-16,,,,,0.18593723,,,,,,,,,,,,,,,,,,,5.62599995,,,,,,,
2009-11-17,,,,,0.18593723,,,,,,,,,,,,,,,,,,,5.58000015,,,,,,,
2009-11-18,,,,,0.18593723,,,,,,,,,,,,,,,,,,,5.42000015,,,,,,,
2009-11-19,,,,,0.18593723,,,,,,,,,,,,,,,,,,,5.42000015,,,,,,,
2009-11-22,,,,,0.18593723,,,,,,,,,,,,,,,,,,,5.44199995,,,,,,,
2009-11-23,,,,,0.18593723,,,,,,,,,,,,,,,,,,,5.31199994,,,,,,,
2009-11-24,,,,,0.18593723,,,,,,,,,,,,,,,,,,,5.38000014,,,,,,,
2009-11-25,,,,,0.18593723,,,,,,,,,,,,,,,,,,,5.25999994,,,,,,,
2009-11-30,,,,,0.18593723,,,,,,,,,,,,,,,,,,,4.63000012,,,,,,,
2009-12-01,,,,,0.18593723,,,,,,,,,,,,,,,,,,,4.85000013,,,,,,,
2009-12-02,,,,,0.18593723,,,,,,,,,,,,,,,,,,,5.20000014,,,,,,,
2009-12-03,,,,,0.18593723,,,,,,,,,,,,,,,,,,,5.20000014,,,,,,,
2009-12-06,,,,,0.18593723,,,,,,,,,,,,,,,,,,,5.40000015,,,,,,,
2009-12-07,,,,,0.18593723,,,,,,,,,,,,,,,,,,,5.25000014,,,,,,,
2009-12-08,,,,,0.18593723,,,,,,,,,,,,,,,,,,,5.00600033,,,,,,,
2009-12-09,,,,,0.18593723,,,,,,,,,,,,,,,,,,,4.82000013,,,,,,,
2009-12-10,,,,,0.18593723,,,,,,,,,,,,,,,,,,,4.60999992,,,,,,,
2009-12-13,,,,,0.18593723,,,,,,,,,,,,,,,,,,,4.60000012,,,,,,,
2009-12-14,,,,,0.18593723,,,,,,,,,,,,,,,,,,,4.70600033,,,,,,,
2009-12-15,,,,,0.18593723,,,,,,,,,,,,,,,,,,,4.40000012,,,,,,,
2009-12-16,,,,,0.18593723,,,,,,,,,,,,,,,,,,,4.27599992,,,,,,,
2009-12-17,,,,,0.18593723,,,,,,,,,,,,,,,,,,,3.94000031,,,,,,,
2009-12-20,,,,,0.18593723,,,,,,,,,,,,,,,,,,,4.20000011,,,,,,,
2009-12-21,,,,,0.18593723,,,,,,,,,,,,,,,,,,,4.02000011,,,,,,,
2009-12-22,,,,,0.18593723,,,,,,,,,,,,,,,,,,,3.98000011,,,,,,,
2009-12-23,,,,,0.18593723,,,,,,,,,,,,,,,,,,,3.90000011,,,,,,,
2009-12-24,,,,,0.18593723,,,,,,,,,,,,,,,,,,,4.00800031,,,,,,,
2009-12-27,,,,,0.18593723,,,,,,,,,,,,,,,,,,,4.00000011,,,,,,,
2009-12-28,,,,,0.18593723,,,,,,,,,,,,,,,,,,,3.8400003,,,,,,,
2009-12-29,,,,,0.18593723,,,,,,,,,,,,,,,,,,,3.8759999,,,,,,,
2009-12-30,,,,,0.18593723,,,,,,,,,,,,,,,,,,,3.7320001,,,,,,,
2009-12-31,,,,,0.18593723,,,,,,,,,,,,,,,,,,,3.7000001,,,,,,,
2010-02-16,,,,,0.18593723,,,2.02434026,,,,,,,,,,,,,,,,3.7000001,,,,,,,
2010-02-21,,,,,0.18593723,,,2.06481055,,,,,,,,,,,,,,,,3.7000001,,,,,,,
2010-02-22,,,,,0.18593723,,,2.09768234,,,,,,,,,,,,,,,,3.7000001,,,,,,,
2010-02-23,,,,,0.18593723,,,2.01690694,,,,,,,,,,,,,,,,3.7000001,,,,,,,
2010-03-01,,,,,0.18593723,,,2.04350172,,,,,,,,,,,,,,,,3.7000001,,,,,,,
2010-03-02,,,,,0.18593723,,,2.04664023,,,,,,,,,,,,,,,,3.7000001,,,,,,,
2010-03-03,,,,,0.18593723,,,2.04664023,,,,,,,,,,,,,,,,3.7000001,,,,,,,
2010-03-04,,,,,0.18593723,,,2.04664023,,,,,,,,,,,,,,,,3.7000001,,,,,,,
2010-03-08,,,,,0.18593723,,,1.98221814,,,,,,,,,,,,,,,,3.7000001,,,,,,,
2010-03-09,,,,,0.18593723,,,1.99873663,,,,,,,,,,,,,,,,3.7000001,,,,,,,
2010-03-10,,,,,0.18593723,,,2.01508992,,,,,,,,,,,,,,,,3.7000001,,,,,,,
2010-03-11,,,,,0.18593723,,,2.01525511,,,,,,,,,,,,,,,,3.7000001,,,,,,,
2010-03-15,,,,,0.18593723,,,1.95083301,,,,,,,,,,,,,,,,3.7000001,,,,,,,
2010-03-17,,,,,0.18593723,,,1.98205295,,,,,,,,,,,,,,,,3.7000001,,,,,,,
2010-03-18,,,,,0.18593723,,,1.90788496,,,,,,,,,,,,,,,,3.7000001,,,,,,,
2010-03-22,,,,,0.18593723,,,1.97974036,,,,,,,,,,,,,,,,3.7000001,,,,,,,
2010-03-23,,,,,0.18593723,,,1.98056629,,,,,,,,,,,,,,,,3.7000001,,,,,,,
2010-03-24,,,,,0.18593723,,,1.98056629,,,,,,,,,,,,,,,,3.7000001,,,,,,,
2010-03-25,,,,,0.18593723,,,1.98122702,,,,,,,,,,,,,,,,3.7000001,,,,,,,
2010-03-28,,,,,0.18593723,,,1.98221814,,,,,,,,,,,,,,,,3.7000001,,,,,,,
2010-03-29,,,,,0.18593723,,,1.98221814,,,,,,,,,,,,,,,,3.7000001,,,,,,,
2010-03-30,,,,,0.18593723,,,2.01525511,,,,,,,,,,,,,,,,3.7000001,,,,,,,
2010-03-31,,,,,0.18593723,,,2.06266315,,,,,,,,,,,,,,,,3.7000001,,,,,,,
2010-04-01,,,,,0.18593723,,,2.06282833,,,,,,,,,,,,,,,,3.7000001,,,,,,,
2010-04-06,,,,,0.18593723,,,2.08132903,,,,,,,,,,,,,,,,3.7000001,,,,,,,
2010-04-07,,,,,0.18593723,,,2.06481055,,,,,,,,,,,,,,,,3.7000001,,,,,,,
2010-04-08,,,,,0.18593723,,,2.06481055,,,,,,,,,,,,,,,,3.7000001,,,,,,,
2010-04-11,,,,,0.18593723,,,2.06481055,,,,,,,,,,,,,,,,3.7000001,,,,,,,
2010-04-12,,,,,0.18593723,,,2.08132903,,,,,,,,,,,,,,,,3.7000001,,,,,,,
2010-04-13,,,,,0.18593723,,,2.08132903,,,,,,,,,,,,,,,,3.7000001,,,,,,,
2010-04-14,,,,,0.18593723,,,2.08132903,,,,,,,,,,,,,,,,3.7000001,,,,,,,
2010-04-15,,,,,0.18593723,,,2.08132903,,,,,,,,,,,,,,,,3.7000001,,,,,,,
2010-04-18,,,,,0.18593723,,,2.02103657,,,,,,,,,,,,,,,,3.7000001,,,,,,,
2010-04-19,,,,,0.18593723,,,2.06481055,,,,,,,,,,,,,,,,3.7000001,,,,,,,
2010-04-20,,,,,0.18593723,,,2.08132903,,,,,,,,,,,,,,,,3.7000001,,,,,,,
2010-04-21,,,,,0.18593723,,,2.08149422,,,,,,,,,,,,,,,,3.7000001,,,,,,,
2010-04-22,,,,,0.18593723,,,2.09784752,,,,,,,,,,,,,,,,3.7000001,,,,,,,
2010-04-26,,,,,0.18593723,,,2.01888916,,,,,,,,,,,,,,,,3.7000001,,,,,,,
2010-04-27,,,,,0.18593723,,,2.11420083,,,,,,,,,,,,,,,,3.7000001,,,,,,,
2010-04-28,,,,,0.18593723,,,2.06481055,,,,,,,,,,,,,,,,3.7000001,,,,,,,
2010-04-29,,,,,0.18593723,,,2.08132903,,,,,,,,,,,,,,,,3.7000001,,,,,,,
2010-05-02,,,,,0.18593723,,,2.09784752,,,,,,,,,,,,,,,,3.7000001,,,,,,,
2010-05-03,,,,,0.18593723,,,2.11387046,,,,,,,,,,,,,,,,3.7000001,,,,,,,
2010-05-04,,,,,0.18593723,,,2.10445492,,,,,,,,,,,,,,,,3.7000001,,,,,,,
2010-05-05,,,,,0.18593723,,,2.10610676,,,,,,,,,,,,,,,,3.7000001,,,,,,,
2010-05-06,,,,,0.18593723,,,2.08132903,,,,,,,,,,,,,,,,3.7000001,,,,,,,
2010-05-09,,,,,0.18593723,,,2.07306979,,,,,,,,,,,,,,,,3.7000001,,,,,,,
2010-05-10,,,,,0.18593723,,,2.01525511,,,8.81817757,,,,,,,,,,,,,3.7000001,,,,,,,
2010-05-11,,,,,0.18593723,,,2.04829206,,,8.60605646,,,,,,,,,,,,,3.7000001,,,,,,,
2010-05-12,,,,,0.18593723,,,2.03012174,,,8.48484439,,,,,,,,,,,,,3.7000001,,,,,,,
2010-05-13,,,,,0.18593723,,,2.04829206,,,8.78484425,,,,,,,,,,,,,3.7000001,,,,,,,
2010-05-16,,,,,0.18593723,,,2.00699587,,,8.37878384,,,,,,,,,,,,,3.7000001,,,,,,,
2010-05-17,,,,,0.18593723,,,2.03193877,,,8.18484454,,,,,,,,,,,,,3.7000001,,,,,,,
2010-05-18,,,,,0.18593723,,,2.0565513,,,8.37272293,,,,,,,,,,,,,3.7000001,,,,,,,
2010-05-19,,,,,0.18593723,,,2.06481055,,,7.921208,,,,,,,,,,,,,3.7000001,,,,,,,
2010-05-20,,,,,0.18593723,,,2.06481055,,,7.89393528,,,,,,,,,,,,,3.7000001,,,,,,,
2010-05-23,,,,,0.18593723,,,2.06481055,,,7.87878408,,,,,,,,,,,,,3.7000001,,,,,,,
2010-05-24,,,,,0.18593723,,,2.06481055,,,7.57878422,,,,,,,,,,,,,3.7000001,,,,,,,
2010-05-25,,,,,0.18593723,,,1.98221814,,,7.30605739,,,,,,,,,,,,,3.7000001,,,,,,,
2010-05-26,,,,,0.18593723,,,1.98221814,,,7.49999638,,,,,,,,,,,,,3.7000001,,,,,,,
2010-05-27,,,,,0.18593723,,,1.94918117,,,7.57575392,,,,,,,,,,,,,3.7000001,,,,,,,
2010-05-30,,,,,0.18593723,,,1.94918117,,,7.77575383,,,,,,,,,,,,,3.7000001,,,,,,,
2010-05-31,,,,,0.18593723,,,1.96553446,,,7.79090503,,,,,,,,,,,,,3.7000001,,,,,,,
2010-06-01,,,,,0.18593723,,,1.96553446,,,7.88484468,,,,,,,,,,,,,3.7000001,,,,,,,
2010-06-02,,,,,0.18593723,,,1.98188776,,,7.84848106,,,,,,,,,,,,,3.7000001,,,,,,,
2010-06-03,,,,,0.18593723,,,1.95083301,,,8.18181424,,,,,,,,,,,,,3.7000001,,,,,,,
2010-06-06,,,,,0.18593723,,,1.95083301,,,7.86060257,,,,,,,,,,,,,3.7000001,,,,,,,
2010-06-07,,,,,0.18593723,,,1.95083301,,,7.81817774,,,,,,,,,,,,,3.7000001,,,,,,,
2010-06-08,,,,,0.18593723,,,1.96735149,,,7.727269,,,,,,,,,,,,,3.7000001,,,,,,,
2010-06-09,,,,,0.18593723,,,1.98221814,,,7.727269,,,,,,,,,,,,,3.7000001,,,,,,,
2010-06-10,,,,,0.18593723,,,1.98221814,,,7.75757202,,,,,,,,,,,,,3.7000001,,,,,,,
2010-06-13,,,,,0.18593723,,,1.98221814,,,7.727269,,,,,,,,,,,,,3.7000001,,,,,,,
2010-06-14,,,,,0.18593723,,,1.98221814,,,7.74242021,,,,,,,,,,,,,3.7000001,,,,,,,
2010-06-15,,,,,0.18593723,,,1.98221814,,,7.74242021,,,,,,,,,,,,,3.7000001,,,,,,,
2010-06-16,,,,,0.18593723,,,1.98238332,,,7.57575392,,,,,,,,,,,,,3.7000001,,,,,,,
2010-06-17,,,,,0.18593723,,,1.98304405,,,7.81817774,,,,,,,,,,,,,3.7000001,,,,,,,
2010-06-20,,,,,0.18593723,,,2.11106231,,,7.96363283,,,,,,,,,,,,,3.7000001,,,,,,,
2010-06-21,,,,,0.18593723,,,2.11106231,,,7.727269,,,,,,,,,,,,,3.7000001,,,,,,,
2010-06-22,,,,,0.18593723,,,1.99873663,,,7.60605694,,,,,,,,,,,,,3.7000001,,,,,,,
2010-06-23,,,,,0.18593723,,,1.98221814,,,7.61211784,,,,,,,,,,,,,3.7000001,,,,,,,
2010-06-24,,,,,0.18593723,,,2.06464537,,,7.63332996,,,,,,,,,,33.370943,,,3.7000001,,,,,,,
2010-06-27,,,,,0.18593723,,,2.06464537,,,7.63332996,,,,,,,,,,33.42363,,,3.7000001,,,,,,,
2010-06-28,,,,,0.18593723,,,2.04829206,,,7.61817784,,,,,,,,,,33.718667,,,3.7000001,,,,,,,
2010-06-29,,,,,0.18593723,,,2.04829206,,,7.57575392,,,,,,,,,,32.664958,,,3.7000001,,,,,,,
2010-06-30,,,,,0.18593723,,,2.04399726,,,7.27878437,,,,,,,,,,32.664958,,,3.7000001,,,,,,,
2010-07-04,,,,,0.18593723,,,2.04399726,,,7.27272377,,,,,,,,,,32.057319,,,3.7000001,,,,,,,
2010-07-05,,,,,0.18593723,,,1.98221814,,,7.27272377,,,,,,,,,,32.331285,,,3.7000001,,,,,,,
2010-07-06,,,,,0.18593723,,,1.85089619,,,7.27272377,,,,,,,,,,32.331285,,,3.7000001,,,,,,,
2010-07-07,7.59999235,,,,0.18593723,,,1.98221814,,,7.29090527,,,,,,,,,,32.331285,,,3.7000001,,,,,,,
2010-07-08,7.59959275,,,,0.18593723,,,2.02913062,,,7.29090527,,,,,,,,,,28.559007,,,3.7000001,,,,,,,
2010-07-11,7.59999235,,,,0.18593723,,,2.03177358,,,7.49090518,,,,,,,,,,31.295137,,,3.7000001,,,,,,,
2010-07-12,7.57999237,,,,0.18593723,,,2.03177358,,,7.36666281,,,,,,,,,,30.92634,,,3.7000001,,,,,,,
2010-07-13,7.59999235,,,,0.18593723,,,1.98221814,,,7.39393583,,,,,,,,,,30.996587,,,3.7000001,,,,,,,
2010-07-14,7.54159201,,,,0.18593723,,,2.03177358,,,7.5272691,,,,,,,,,,30.557542,,,3.7000001,,,,,,,
2010-07-15,7.55999239,,,,0.18593723,,,2.03177358,,,7.60605694,,,,,,,,,,29.855069,,,3.7000001,,,,,,,
2010-07-18,7.59999235,,,,0.18593723,,,2.03177358,,,7.50302668,,,,,,,,,,30.424073,,,3.7000001,,,,,,,
2010-07-19,7.54599201,,,,0.18593723,,,1.98221814,,,7.57575392,,,,,,,,,,30.750722,,,3.7000001,,,,,,,
2010-07-20,7.51999243,,,,0.18593723,,,2.01525511,,,7.42726915,,,,,,,,,,30.912291,,,3.7000001,,,,,,,
2010-07-21,7.51999243,,,,0.18593723,,,2.0218625,,,7.27272377,,,,,,,,,,30.631301,,,3.7000001,,,,,,,
2010-07-22,7.52199243,,,,0.18593723,,,1.98221814,,,7.29393588,,,,,5.777618,,,,,31.61125,,,3.7000001,,,,,,,
2010-07-25,7.55999239,,,,0.18593723,,,1.98221814,,,7.43939005,,,,,5.777618,,,,,30.908778,,,3.7000001,,,,,,,
2010-07-26,7.58639237,,,,0.18593723,,,2.00038846,,,7.43939005,,,,,5.80463,,,,,31.087909,,,3.7000001,,,,,,,
2010-07-27,7.67599188,,,,0.18593723,,,2.00038846,,,7.45454186,,,,,5.822638,,,,,31.432119,,,3.7000001,,,,,,,
2010-07-28,7.66399269,,,,0.18593723,,,2.01525511,,,7.57878422,,,,,5.777618,,,,,30.996587,,,3.7000001,,,,,,,
2010-07-29,7.67999227,,,,0.18593723,,,2.03177358,,,7.88484468,,,,,5.794126,,,,,31.087909,,,3.7000001,,,,,,,
2010-08-01,7.72039183,,,,0.18593723,,,2.03177358,,,7.7302993,,,,,5.860155,,,,,31.33026,,,3.7000001,,,,,,,
2010-08-02,7.63999231,,,,0.18593723,,,2.03177358,,,7.81817774,,,,,5.867658,,,,,31.470755,,,3.7000001,,,,,,,
2010-08-03,7.68119227,,,,0.18593723,,,2.06481055,,,7.68787538,,,,,5.944194,,,,,31.61125,,,3.7000001,,,,,,,
2010-08-04,7.67679228,,,,0.18593723,,,2.07306979,,,7.57878422,,,,,5.927686,,,,,31.61125,,,3.7000001,,,,,,,
2010-08-05,7.67999227,,,,0.18593723,,,2.01112548,,,7.69090508,,,,,5.885667,,,,,31.435632,,,3.7000001,,,,,,,
2010-08-08,7.68239227,,,,0.18593723,,,2.00699587,,,7.62120845,,,,,5.881165,,,,,31.793892,,,3.7000001,,,,,,,
2010-08-09,7.92999202,,,,0.18593723,,,2.03177358,,,7.9242386,,,,,5.897672,,,,,31.962486,,,3.7000001,,,,,,,
2010-08-10,7.76199219,,,,0.18593723,,,2.03177358,,,7.9121177,,,,,5.91268,,,,,31.96951,,,3.7000001,,,,,,,
2010-08-11,7.67999227,,,,0.18593723,,,2.06481055,,,7.9272689,,,,,5.897672,,,,,32.138104,,,3.7000001,,,,,,,
2010-08-12,7.83959251,,,,0.18593723,,,2.09784752,,,7.66666267,,,,,5.854152,,,,,32.612272,,,3.7000001,,,,,,,
2010-08-15,7.75999219,,,,0.18593723,,,2.06481055,,,7.76060262,,,,,5.867658,,,,,32.313722,,,3.7000001,,,,,,,
2010-08-16,7.87999207,,,,0.18593723,,,2.06481055,,,7.727269,,,,,5.875163,,,,,31.470755,,,3.7000001,,,,,,,
2010-08-17,7.80039175,,,,0.18593723,,,2.06481055,,,7.95454162,,,,,5.888669,,,,,32.401531,,,3.7000001,,,,,,,
2010-08-18,7.86159169,,,,0.18593723,,,2.08958827,,,7.87878408,,,,,5.867658,,,,,32.401531,,,3.7000001,,,,,,,
2010-08-19,7.8519921,,,,0.18593723,,,2.06481055,,,7.75757202,,,,,5.867658,,,,,32.327772,,,3.7000001,,,,,,,
2010-08-22,7.91959243,,,,0.18593723,,,2.09784752,,,7.75757202,,,,,5.860155,,,,,31.997609,,,3.7000001,,,,,,,
2010-08-23,8.03999191,,,,0.18593723,,,2.0664624,,,7.88181438,,,,,5.852652,,,,,32.102981,,,3.7000001,,,,,,,
2010-08-24,7.99999195,,,,0.18593723,,,2.114366,,,7.81817774,,,,,5.833143,,,,,32.102981,,,3.7000001,,,,,,,
2010-08-25,7.87999207,,,,0.18593723,,,2.114366,,,7.79090503,,,,,5.822638,,,,,32.580662,,,3.7000001,,,,,,,
2010-08-26,7.88599167,,,,0.18593723,,,2.114366,,,7.78787534,,,,,5.851152,,,,,32.313722,,,3.7000001,,,,,,,
2010-08-29,7.85999209,,,,0.18593723,,,2.13418819,,,7.76363292,,,,,5.861656,,,,,32.313722,,,3.7000001,,,,,,,
2010-08-30,7.99959235,,,,0.18593723,,,2.09784752,,,7.73636021,,,,,5.720592,,,,,32.419094,,,3.7000001,,,,,,,
2010-08-31,7.76399259,,,,0.18593723,,,2.09768234,,,7.727269,,,,,5.62755,,,,,31.61125,,,3.7000001,,,,,,,
2010-09-01,7.97999197,,,,0.18593723,,,2.10610676,,,7.70605689,,,,,5.704084,,,,,31.962486,,,3.7000001,,,,,,,
2010-09-02,7.99999195,,,,0.18593723,,,2.10610676,,,7.87878408,,,,,5.62755,,,,,32.313722,,,3.7000001,3.74399644,,,,,,
2010-09-05,7.99999195,,,,0.18593723,,,2.10610676,,,7.87878408,,,,,5.555517,,,,,32.317235,,,3.7000001,3.75119632,,,,,,
2010-09-06,8.00079195,,,,0.18593723,,,2.09784752,,,7.80302654,,,,,5.612544,,,,,32.313722,,,3.7000001,3.77879629,,,,,,
2010-09-07,7.99959235,,,,0.18593723,,,2.09784752,,,7.82423865,,,,,5.557018,,,,,32.664958,,,3.7000001,3.72959634,,,,,,
2010-09-08,7.20039236,,,,0.18593723,,,2.09603049,,,7.87878408,,,,,5.552516,,,,,32.48934,,,3.7000001,3.83159624,,,,,,
2010-09-13,7.3599926,,,,0.18593723,,,2.06481055,,,7.85151137,,,,,5.597536,,,,,32.419094,,,3.7000001,3.83999623,,,,,,
2010-09-14,7.3599926,,,,0.18593723,,,2.03177358,,,7.75757202,,,,,5.62755,,,,,32.436654,,,3.7000001,3.85319634,,,,,,
2010-09-15,7.21999274,,,,0.18593723,,,2.08132903,,,7.75757202,,,,,5.660565,,,,,31.983559,,,3.7000001,3.84479635,,,,,,
2010-09-16,7.23999272,,,,0.18593723,,,2.08149422,,,7.78787534,,,,,5.642556,,,,,31.807941,,,3.7000001,3.89999617,,,,,,
2010-09-19,7.34999261,,,,0.18593723,,,2.08149422,,,7.78787534,,,,,5.680073,,,,,32.053808,,,3.7000001,3.92399627,,,,,,
2010-09-20,7.34999261,,,,0.18593723,,,2.13088449,,,7.78787534,,,,,5.701084,,,,3.24,31.962486,,,3.7000001,3.84479635,,,,,,
2010-09-21,7.3519926,,,,0.18593723,,,2.08132903,,,7.78787534,4.37950951,,,,5.702584,,,,3.24,31.973023,,,3.7000001,3.82199625,,,,,,
2010-09-22,7.20039236,1.45938868,,,0.18593723,,,2.114366,,,7.78787534,4.46705458,,,,5.776118,,,,3.252,31.958973,,,3.7000001,3.84239623,,,,,,
2010-09-23,7.36119259,1.45938868,,,0.18593723,,,2.09949937,,,7.78787534,4.54786584,,,,5.780619,,,,3.264,31.976536,,,3.7000001,3.90119593,,,,,,
2010-09-26,7.24759271,1.47147472,,,0.18593723,,,2.14723795,,,7.78787534,4.91600479,,,,5.9577,0.60777676,,,3.288,32.313722,,,3.7000001,3.90719628,,0.08369672,,,1.255285,
2010-09-27,7.3599926,1.45938868,,,0.18593723,,,2.14740297,,,7.78787534,4.79254348,,,,5.993716,0.60073971,,,3.186,32.331285,,,3.7000001,3.8939963,4.262546,0.08353939,,,1.255285,
2010-09-28,7.29999266,1.45938868,,,0.18593723,,,2.14740297,,,7.78787534,4.78289127,,,,6.304356,0.5925916,7.56769593,,3.216,32.454217,,,3.7000001,3.86039597,4.300201,0.08275277,,,1.263598,
2010-09-29,7.31999264,1.48960377,2.69999728,,0.18593723,7.08,8.35361286,2.09784752,,,8.23332936,5.07313736,,17.51,,6.494943,0.61111009,7.497888,,3.306,32.570125,,,3.7000001,3.90239617,4.255015,0.08306742,,6.8097578,1.255285,
2010-09-30,7.31999264,1.50471131,2.69133056,,0.18593723,7.05,8.20858486,2.09784752,,,8.21211725,5.01499831,,17.370001,,6.503947,0.60925827,7.46169156,,3.372,33.458752,,,3.7000001,3.89999617,4.277608,0.08180882,,6.7902456,1.296851,
2010-10-03,7.28279307,1.58024903,2.69333076,,0.18593723,7.17,8.23952417,2.16359109,,,8.42726836,5.12768459,,17.389999,,6.602992,0.61129523,7.497888,,3.42,34.069903,,,3.7000001,3.91199592,4.390573,0.08196615,,6.8487822,1.355043,
2010-10-04,7.32999263,1.58629205,2.70333055,,0.18593723,7.2,8.50830919,2.1090801,,,8.59090495,5.07425974,,17.51,,6.904628,0.6138879,7.5832088,,3.318,35.113074,,,3.7000001,3.95999611,4.398104,0.08432602,,7.0341481,1.355043,
2010-10-05,7.37999258,1.54399092,2.6866639,,0.18593723,7.36,8.29946849,2.03507728,,,8.36363233,5.14047989,,17.5,,7.0622,0.60222121,7.65301672,,3.288,34.561634,,,3.7000001,3.91199592,4.345387,0.08495532,,7.0146359,1.355043,
2010-10-07,7.34279301,1.54096942,2.67399737,,0.18593723,7.35,8.34394452,2.09784752,,,8.39999565,5.11825663,,17.35,,7.131231,0.60666561,7.67111507,,3.186,34.421139,,,3.7000001,3.91199592,4.383042,0.08511264,,7.0829286,1.421548,
2010-10-10,7.2559923,1.54096942,2.67999737,,0.18593723,7.4,8.34394452,2.114366,,,8.45454138,4.98693892,,17.42,,7.278298,0.61573971,7.77194848,,3.24,34.438702,,,3.7000001,3.8699962,4.375511,0.08416869,,7.0439042,1.388296,
2010-10-11,7.28079267,1.51377584,2.68333063,,0.18593723,7.35,8.31493853,2.09966456,,,7.87878408,5.01544703,,17.389999,,7.353332,0.61111009,7.70472604,,3.282,34.424652,,,3.7000001,3.87959643,4.322794,0.08306742,,6.9365871,1.388296,
2010-10-12,7.29199266,1.51377584,2.6819973,,0.18593723,7.36,8.31493853,2.10032529,,,7.90908709,4.94069727,,17.370001,,7.435869,0.60777676,7.62974741,,3.288,34.424652,,,3.7000001,3.89039594,4.307732,0.08306742,,6.9951237,1.413235,
2010-10-13,7.39999255,1.54701243,2.69999728,,0.18593723,7.48,8.46963487,1.92605528,,,7.95757192,5.02958919,,17.469999,,7.203264,0.59185084,7.70731151,,3.282,34.526511,,,3.7000001,3.90719628,4.352918,0.08401137,,7.0731725,1.413235,
2010-10-14,7.28199267,1.55003394,2.73333058,,0.18593723,7.53,8.50830919,1.98420036,,,8.15151122,5.02375284,,17.26,,7.293304,0.59333236,7.56511045,,3.288,34.157712,,,3.7000001,3.90239617,4.375511,0.08448334,,7.1121969,1.429861,
2010-10-17,7.26999269,1.58629205,2.70999741,,0.18593723,7.55,8.55665186,1.98420036,,,8.490905,5.02375284,,17.35,,7.203264,0.59240641,7.51081514,,3.288,34.245521,,,3.7000001,3.95879635,4.360449,0.08589926,,7.1121969,1.421548,
2010-10-18,7.2539931,1.55305545,2.74999723,,0.18593723,7.58,8.53731518,2.06481055,,,8.57575314,5.02375284,,17.309999,,7.210767,0.5925916,7.4203239,,3.294,33.472802,,,3.7000001,3.87119596,4.36798,0.08574194,,7.1121969,1.404922,
2010-10-19,7.2539931,1.53794791,2.7473305,,0.18593723,7.58,8.50830919,2.01542028,,,8.54545073,5.02375284,,17.290001,,7.353332,0.59018421,7.36861407,,3.288,33.630857,,,3.7000001,3.87959643,4.300201,0.08511264,,7.219514,1.371669,
2010-10-20,7.2547927,1.49866829,2.74999723,,0.18593723,7.46,8.32267355,1.99047738,,,8.41514746,5.02375284,,17.23,,7.353332,0.58240645,7.30656259,,3.24,34.069903,,,3.7000001,3.87599607,4.255015,0.08385404,,7.1707335,1.355043,
2010-10-21,7.2539931,1.51981885,2.76266382,,0.18593723,7.6,8.50830919,1.99047738,,,8.48484439,5.02375284,,17.35,,7.353332,0.58851755,7.38154121,,3.258,34.421139,,,3.7000001,3.8939963,4.307732,0.08432602,,7.2878067,1.371669,
2010-10-24,7.26999269,1.54701243,2.78666379,,0.18593723,7.85,8.51991163,1.99047738,,,8.33635962,4.941146,,17.4,,7.354832,0.57722125,7.38412669,,3.252,34.414115,,,3.7000001,3.91199592,4.307732,0.08416869,,7.3658555,1.363356,
2010-10-25,7.26439269,1.55003394,2.86133032,,0.18593723,7.85,8.54698352,1.99047738,,,8.23635966,4.89355728,,17.51,,7.311313,0.57759164,7.40739625,,3.24,33.824038,,,3.7000001,3.92039591,4.337856,0.08338207,,7.414636,1.388296,
2010-10-26,7.20039236,1.53794791,2.8806637,,0.18593723,7.87,8.54698352,1.94951154,,,8.03332946,4.84866226,,17.719999,,7.294806,0.56518424,7.44617817,,3.24,33.718667,,,3.7000001,3.81119626,4.29267,0.08275277,,7.414636,1.388296,
2010-10-27,7.23999272,1.48960377,2.83999701,,0.18593723,7.7,8.34781116,1.94257376,,,7.9242386,4.60173964,,17.299999,,7.239281,0.55555462,7.40739625,,3.264,33.715153,,,3.7000001,3.79799627,4.179705,0.08086488,,7.3951238,1.379982,
2010-10-28,7.19999276,1.49262528,2.85133046,,0.18593723,7.74,8.33427521,1.98221814,,,7.99999614,4.62665638,,17.35,,7.144738,0.55018424,7.43583652,,3.3,33.455239,,,3.7000001,3.80519614,4.157112,0.0816515,,7.3365872,1.379982,
2010-10-31,7.21039235,1.46845321,2.86666378,,0.18593723,7.9,8.34394452,1.98221814,,,7.87878408,4.57929213,,17.42,,7.12823,0.55573981,7.47203322,,3.3,33.718667,,,3.7000001,3.80399639,4.239953,0.08117952,,7.317075,1.388296,
2010-11-01,7.22279313,1.4291736,2.86066379,,0.18593723,7.84,8.10803192,1.98221814,,,7.87878408,4.57929213,,17.200001,,6.621,0.54629538,7.51081514,,3.3,32.664958,,,3.7000001,3.80999626,4.157112,0.08023558,,7.3268311,1.388296,
2010-11-02,7.19999276,1.44428114,2.86666378,,0.18593723,7.9,8.27433088,1.98221814,,,7.87878408,4.64663466,,17.200001,,6.622501,0.55351757,7.56511045,,3.378,31.997609,,,3.7000001,3.79439639,4.21736,0.08055023,,7.3463433,1.421548,
2010-11-03,7.21439274,1.45938868,2.90733047,,0.18593723,7.89,8.12156787,1.98221814,,,7.89393528,4.68030593,,17.0,,6.75306,0.56277681,7.67628629,,3.36,32.700081,,,3.7000001,3.90599605,4.14205,0.08133685,,7.3658555,1.488053,
2010-11-04,7.19959316,1.46241019,2.93333038,,0.18593723,7.99,8.12156787,1.93447971,,,8.14545031,4.65000156,,17.15,,6.828094,0.56296202,7.93741963,,3.36,33.715153,,,3.7000001,3.91199592,4.232422,0.08149417,,7.3951238,1.454801,
2010-11-07,7.20039236,1.47147472,2.96733021,,0.18593723,8.13,8.22212061,1.93447971,,,8.78787455,4.66908217,,17.18,,6.912132,0.56573977,8.13650097,,3.312,33.226935,,,3.7000001,4.05119578,4.29267,0.08385404,,7.6000019,1.471427,
2010-11-08,7.16319279,1.45032416,2.9433305,,0.18593723,8.13,8.1331703,1.90127755,,,8.65454098,4.60173964,,17.110001,,6.903128,0.56740644,8.27353159,,3.312,32.858139,,,3.7000001,4.01519594,4.571317,0.08558462,,7.6292702,1.471427,
2010-11-09,7.20439275,1.43823812,2.94999703,,0.18593723,8.15,8.20665077,1.90127755,,,8.63635947,4.62418715,,17.200001,,6.763565,0.56573977,8.32524142,,3.348,32.981071,,,3.7000001,4.0319958,4.548724,0.08715786,,7.80488,1.454801,
2010-11-10,7.24039232,1.42010907,2.94399704,,0.18593723,8.16,8.18151297,1.86014653,,,8.63635947,4.60173964,,17.299999,,6.762064,0.58240645,8.64066904,,3.39,33.718667,,,3.7000001,4.03319616,4.44329,0.08589926,,7.7560995,1.446488,
2010-11-11,7.22199273,1.41104454,2.93399691,,0.18593723,8.23,8.0732252,1.99146848,,,8.35151082,4.58041451,,17.15,,6.651014,0.58962864,8.53207945,,3.48,33.806476,,,3.7000001,4.03439592,4.413166,0.08810181,,7.7560995,1.413235,
2010-11-14,7.30799265,1.42010907,2.94666377,,0.18593723,8.22,8.06549018,1.86675392,,,8.18484454,4.87447667,,17.120001,,6.75306,0.60370265,8.53207945,,3.48,33.894285,,,3.7000001,4.07999599,4.337856,0.08731519,,7.7463434,1.404922,
2010-11-18,7.30799265,1.42615209,2.95999715,,0.18593723,8.25,8.11963455,1.89962572,,,8.48484439,4.89355728,,17.299999,,6.756061,0.63148038,8.79062732,,3.582,34.069903,,,3.7000001,4.07999599,4.465883,0.08810181,,7.6878068,1.421548,
2010-11-21,7.31999264,1.44730265,2.95999715,,0.18593723,8.2,8.17957887,1.98221814,,,8.70605641,4.7824421,,17.5,,6.903128,0.6429619,9.04659022,,3.72,33.72218,,,3.7000001,4.04399615,4.480945,0.09156295,,7.7268312,1.429861,
2010-11-22,7.26639269,1.46241019,3.00199691,,0.18593723,8.13,8.24725919,1.90045164,,,8.51817801,5.00467245,,17.719999,,6.918134,0.64555449,9.05176014,,3.72,34.421139,,,3.7000001,4.02599593,4.480945,0.09266423,,7.8829288,1.421548,
2010-11-23,7.26639269,1.4321951,3.00666351,,0.18593723,7.76,8.22212061,1.98221814,,,8.41514746,5.14047989,,17.75,,6.828094,0.63999894,8.79321228,,3.69,33.859162,,,3.7000001,3.98999608,4.398104,0.09156295,,7.7658556,1.396609,
2010-11-24,7.20999275,1.44125963,3.03333028,,0.18593723,7.82,8.10223119,1.98221814,,,8.32423811,5.1629274,,17.5,,6.828094,0.62962857,8.72599035,,3.6,34.245521,,,3.7000001,3.98519597,4.458352,0.09014703,,7.7756117,1.396609,
2010-11-25,7.21999274,1.45032416,3.03466361,,0.18593723,7.77,8.06162277,2.03474691,,,8.48484439,5.66260876,,17.33,,6.829594,0.63092487,8.79062732,,3.618,34.772375,,,3.7000001,3.9707961,4.5186,0.09046168,,7.7170751,1.404922,
2010-11-28,7.19999276,1.45334566,3.09999688,,0.18593723,7.76,7.9823408,2.03474691,,,8.57575314,6.01368782,,17.309999,,6.792077,0.63573971,8.76477305,,3.636,34.526511,,,3.7000001,3.95999611,4.435759,0.09014703,,7.5804897,1.396609,
2010-11-29,7.3599926,1.45938868,3.10333014,,0.18593723,7.66,8.02488254,1.98221814,,,8.45454138,5.98248623,,17.360001,,6.835597,0.63777669,8.79062732,,3.6,34.263084,,,3.7000001,3.95999611,4.435759,0.090619,,7.6682946,1.404922,
2010-11-30,7.30599225,1.47449623,3.10666341,,0.18593723,7.56,7.99781084,1.98221814,,,8.33332931,6.06352152,,17.25,,6.320864,0.6207397,8.59671642,,3.642,33.950484,,,3.7000001,4.05119578,4.383042,0.09046168,,7.7170751,1.379982,
2010-12-01,7.28799267,1.51075433,3.09599682,,0.18593723,7.55,8.02488254,1.98221814,,,8.3090869,5.83635272,,17.309999,,6.655515,0.62111009,8.48036962,,3.726,34.386016,,,3.7000001,4.07999599,4.375511,0.09109098,,7.80488,1.379982,
2010-12-02,7.24159231,1.52586187,3.11666353,,0.18593723,7.6,8.04421922,1.90045164,,,8.2939357,5.79347797,,17.25,,6.678026,0.61110986,8.58378928,,3.678,34.421139,,,3.7000001,4.06799625,4.428228,0.0912483,,7.7560995,1.379982,
2010-12-05,7.27999268,1.51377584,3.10666341,,0.18593723,7.68,8.06355686,1.90127755,,,8.35151082,5.94859027,,17.41,,6.760563,0.61083208,8.63549912,,3.642,34.069903,,,3.7000001,4.02239605,4.44329,0.09140563,,7.7560995,1.379982,
2010-12-06,7.27999268,1.53794791,3.12933012,,0.18593723,7.8,8.04421922,1.96569966,,,8.34545082,5.81435393,,17.33,,6.70954,0.61222099,8.64584025,,3.618,34.073416,,,3.7000001,4.0559959,4.473414,0.09077633,,7.609758,1.379982,
2010-12-08,7.47999247,1.62557166,3.15199676,,0.18593723,8.03,8.07515852,1.98221814,,,8.42726836,5.83635272,,17.35,,6.756061,0.63194315,8.58896024,,3.57,34.069903,,,3.7000001,4.07999599,4.556255,0.09077633,,7.6878068,1.396609,
2010-12-09,7.59999235,1.61650713,3.15333009,,0.18593723,8.13,8.30527019,1.90045164,,,8.4969659,5.80559963,,17.450001,,6.760563,0.63194315,8.63808408,,3.54,34.445725,,,3.7000001,4.05839602,4.571317,0.08967506,,7.8146361,1.404922,
2010-12-12,7.54399281,1.63161468,3.17333001,,0.18593723,8.05,8.48897251,1.91977825,,,8.43938987,5.7600314,,17.370001,,6.813088,0.64527645,8.66910956,,3.51,34.526511,,,3.7000001,4.07999599,4.59391,0.090619,,8.097563,1.396609,
2010-12-13,7.59999235,1.65880825,3.17999687,,0.18593723,8.14,8.58179024,1.91977825,,,8.39696534,5.66844534,,17.52,,6.757562,0.64722086,8.6277419,,3.48,34.508948,,,3.7000001,4.08599587,4.59391,0.09109098,,8.000002,1.404922,
2010-12-14,7.40039215,1.68600183,3.1753302,,0.18593723,8.2,8.78676276,1.98205295,,,8.54545073,5.65744606,,17.4,,6.75306,0.63999871,8.66393835,,3.522,34.480848,,,3.7000001,4.13879618,4.533662,0.09046168,,7.9902459,1.421548,
2010-12-15,7.81999213,1.78269011,3.05333019,,0.18593723,8.11,8.85057527,1.98221814,,,8.57575314,5.61187761,,17.5,,6.738054,0.63638758,8.53207945,,3.552,34.33333,,,3.7000001,4.04519591,4.44329,0.08998971,,7.9219532,1.404922,
2010-12-16,7.81999213,1.77060407,2.99666372,,0.18593723,8.07,8.77322681,1.98221814,,,8.61514736,5.75778643,,17.51,,6.679526,0.64749864,8.40280552,,3.546,34.508948,,,3.7000001,4.0559959,4.405635,0.09030436,,7.902441,1.421548,
2010-12-19,7.68039187,1.74038899,2.86666378,,0.18593723,8.01,8.81770187,1.98221814,,,8.490905,6.37329739,,17.469999,,6.152788,0.65277644,8.40280552,,3.546,34.421139,,,3.7000001,4.07999599,4.413166,0.08967506,,7.8829288,1.421548,
2010-12-20,7.67999227,1.71319541,2.8766639,,0.18593723,8.0,8.99366917,1.98221814,,,8.33635962,7.18320334,,17.51,,6.236826,0.6613875,8.43124605,,3.57,34.512461,,,3.7000001,4.10399609,4.420697,0.08841646,,7.8439044,1.404922,
2010-12-21,7.64079231,1.73434597,2.93599711,,0.18593723,8.05,9.0594152,1.98221814,,,8.46060198,7.30105277,,17.559999,,6.20081,0.68360973,8.5501778,,3.57,34.533534,,,3.7000001,4.08599587,4.541193,0.08904576,,7.9121971,1.404922,
2010-12-22,7.80199215,1.70715239,2.91799706,,0.18593723,8.24,8.72681824,1.90805013,,,8.48787469,7.58725853,,17.549999,,6.214316,0.67444309,8.53466442,,3.576,34.508948,,,3.7000001,4.01999605,4.511069,0.08920308,,7.9121971,1.404922,
2010-12-23,7.80199215,1.68902334,2.91733026,,0.18593723,8.57,8.7693592,1.90788496,,,8.42726836,7.49746849,,17.59,,6.302856,0.68055416,8.53207945,,3.66,34.508948,,,3.7000001,4.03319616,4.548724,0.08810181,,8.0390264,1.404922,
2010-12-26,7.63999231,1.67089429,2.91999699,,0.18593723,8.65,8.77129349,1.90788496,,,8.33635962,7.07231264,,17.559999,,6.395898,0.67499859,8.53207945,,3.648,34.087465,,,3.7000001,4.02119581,4.59391,0.08825913,,8.097563,1.404922,
2010-12-27,7.71999223,1.70413088,2.91666373,,0.18593723,8.79,8.80803353,1.9161442,,,8.34848052,7.07096579,,17.540001,,6.409404,0.6738875,8.53207945,,3.648,33.718667,,,3.7000001,4.0319958,4.601441,0.08936041,,8.1268313,1.404922,
2010-12-28,7.87999207,1.71319541,2.92333026,,0.18593723,9.04,8.86797882,1.97974036,,,8.42726836,7.0429064,,17.709999,,6.452924,0.68555415,8.73891748,,3.654,34.684566,,,3.7000001,4.07999599,4.706875,0.09093365,,8.1658557,1.404922,
2010-12-29,7.84199211,1.73736748,2.91666373,,0.18593723,9.06,8.89505052,1.98221814,,,8.29696539,7.43012596,,17.75,,6.410905,0.68638745,8.72081939,,3.606,34.688079,,,3.7000001,4.07999599,4.736999,0.09282155,,8.1658557,1.404922,
2010-12-30,7.68999226,1.7434105,2.91999699,,0.18593723,9.1,9.11742717,1.93348861,,,8.1121173,7.40767845,,17.91,,6.455925,0.68360973,8.68720765,,3.57,34.772375,,,3.7000001,4.03679592,4.676751,0.09297887,,8.3024411,1.404922,
2011-01-02,7.79999215,1.7796686,2.93999691,,0.18593723,9.04,8.90278554,1.93348861,,,8.15151122,7.54236351,,18.0,,6.418408,0.69194302,8.59413146,,3.552,34.544071,,,3.7000001,4.03679592,4.721937,0.09297887,,8.292685,1.413235,
2011-01-03,7.88079207,1.85822782,2.97999707,,0.18593723,9.06,8.8293045,1.98221814,,,8.33635962,8.19334131,,18.15,,6.478435,0.71527631,8.63549912,,3.558,35.004192,,,3.7000001,4.06799625,4.66922,0.09282155,,8.292685,1.413235,
2011-01-04,7.98759196,1.85520632,2.99999698,,0.18593723,9.45,8.84864118,1.98221814,,,8.44242047,8.30849704,,18.200001,,6.527958,0.72222074,8.71823417,,3.6,36.156245,,,3.7000001,4.05719614,4.691813,0.09282155,,8.2536606,1.446488,
2011-01-05,7.83999211,1.86427084,3.03333028,,0.18593723,9.23,8.73068584,1.98254851,,,8.72726822,8.22701258,,18.879999,,6.542964,0.71110965,8.85784924,,3.48,34.684566,,,3.7000001,4.07519588,4.661689,0.09345085,,8.2829289,1.454801,
2011-01-06,7.83999211,1.94887308,3.0473302,,0.18597795,9.35,8.80803353,2.01442918,,,9.04241988,8.30557886,,18.75,,6.565475,0.71472075,8.98970917,,3.612,35.316791,,,3.7000001,4.07519588,4.624034,0.09423747,,8.2536606,1.446488,
2011-01-10,7.82639213,1.92470102,3.13333018,,0.18597795,9.35,8.62819881,2.01442918,,,9.41514697,8.6981856,,18.75,,6.714043,0.71027632,8.97936726,,3.57,35.123611,,,3.7000001,4.05719614,4.586379,0.09423747,,8.3024411,1.429861,
2011-01-11,7.80999214,1.90052895,3.13333018,,0.18597795,9.15,8.59532619,1.98221814,,,9.42423788,9.15858426,,18.6,,6.903128,0.70610966,8.9612689,,3.57,35.738274,,,3.7000001,4.13639606,4.563786,0.09297887,,8.2243923,1.421548,
2011-01-12,7.84599171,1.86729235,3.13999671,,0.18597795,9.18,8.38455216,1.98304405,,,9.48787391,9.37183561,,18.5,,7.12823,0.71138745,8.97419604,,3.576,36.001701,,,3.7000001,4.07999599,4.563786,0.09172028,,8.2048801,1.421548,
2011-01-13,7.8483925,1.87031386,3.26732991,,0.18597795,9.25,8.50057417,1.9846959,,,9.4545412,9.33838904,,18.540001,,7.353332,0.71499853,8.92765742,,3.576,36.093023,,,3.7000001,4.07999599,4.571317,0.0918776,,8.2536606,1.429861,
2011-01-16,7.86039169,1.82801274,3.33332998,,0.18597795,8.92,8.31300521,2.04664023,,,9.24241979,9.54580382,,18.559999,,7.428366,0.69444302,8.6277419,,3.552,37.058922,,,3.7000001,4.0931961,4.571317,0.09219225,,8.2146362,1.413235,
2011-01-17,7.83999211,1.68298032,3.30733007,,0.18597795,8.7,7.9281972,1.98552183,,,8.71514731,7.85685336,,18.059999,,6.790577,0.6738875,7.95293224,,3.444,36.967601,,,3.7000001,4.04999602,4.390573,0.08888843,,7.7268312,1.363356,
2011-01-18,7.71999223,1.56514148,3.24666347,,0.18597795,8.42,7.61880453,1.90788496,,,8.54545073,7.88378992,,17.440001,,6.853605,0.65277644,8.01498373,,3.114,35.79096,,,3.7000001,4.02119581,4.187236,0.08511264,,7.5609775,1.255285,
2011-01-19,7.79999215,1.58629205,3.27332991,,0.18597795,8.51,7.53565495,1.90788496,,,8.64242007,8.08110376,,17.15,,6.678026,0.65583201,8.01498373,,3.21,35.580218,,,3.7000001,3.87839619,4.337856,0.08589926,,7.707319,1.288538,
2011-01-20,7.91999203,1.60744261,3.38532986,,0.18597795,8.7,7.89919122,1.91796123,,,8.78787455,8.53005397,,17.5,,6.903128,0.67360973,7.96844511,,3.42,36.53558,,,3.7000001,4.07999599,4.420697,0.08652856,,7.7756117,1.32179,
2011-01-23,7.81999213,1.56514148,3.6733295,,0.18597795,8.73,7.93206462,1.9030946,,,8.6909049,8.66473903,,17.559999,,6.903128,0.65888751,8.01498373,,3.45,36.897353,,,3.7000001,4.13999594,4.352918,0.08605659,,7.6292702,1.305164,
2011-01-24,7.81999213,1.58629205,3.776663,,0.18597795,8.88,7.98620821,1.90474645,,,8.69696581,8.91166165,,17.6,,6.95115,0.6666653,8.14425766,,3.48,37.058922,,,3.7000001,4.11599584,4.390573,0.08684321,,7.7658556,1.313477,
2011-01-26,7.76039179,1.37478644,3.39999658,,0.18597795,6.94,7.57819611,1.89962572,,,7.87878408,7.3178884,,15.73,,5.642556,0.58333213,7.23934014,,3.072,35.123611,,,3.7000001,4.04519591,3.931182,0.07881965,,6.8487822,1.113962,
2011-01-27,7.2531927,1.13004424,3.03333028,,0.18597795,6.6,6.76797322,1.81703329,,,6.65151225,6.38721485,,15.7,,5.292898,0.48888788,6.46369656,,3.078,34.863697,,,3.7000001,3.36599658,3.351295,0.06607636,,5.85366,0.989264,
2011-03-23,7.10399325,1.13004424,2.94466357,,0.19261237,6.43,6.35222591,1.63896405,,,6.33029967,5.88663491,,14.43,,5.279392,0.48888788,6.14826842,,2.958,32.095955,,,3.7000001,3.51359667,3.306109,0.06214324,,5.7365868,0.947699,
2011-03-24,7.71999223,1.13004424,3.06666358,,0.19261237,5.79,5.71990423,1.4751007,,,6.63332983,5.29806142,,12.99,,4.752654,0.48888788,5.53550973,,2.664,35.120098,,,3.7000001,3.23999682,2.982276,0.0561649,,5.170733,0.856254,
2011-03-27,7.79999215,1.27809816,3.28399656,,0.20224299,5.22,6.08924219,1.50318208,,,7.04545115,5.81951708,,14.0,,4.278439,0.45861017,4.98221731,,2.988,40.040916,,,3.7000001,3.59999647,2.688567,0.07032412,,4.6536597,1.022517,
2011-03-28,7.79999215,1.26601213,3.33332998,,0.21230164,5.4,5.84946257,1.48682882,,,7.11817839,5.83635272,,15.51,,4.308452,0.55555441,5.36486814,,3.012,42.327464,,,3.7000001,3.63599631,2.424982,0.07063877,,4.2634157,1.080709,
2011-03-29,7.75999219,1.2901842,3.33332998,,0.22278831,5.5,5.99449057,1.5856093,,,7.32120859,6.17306537,,16.6,,4.201904,0.55916549,5.31315831,,3.204,42.148333,,,3.7000001,3.59999647,2.18399,0.0707961,,4.3317084,1.097335,
2011-03-30,7.91999203,1.31435627,3.39999658,,0.23391703,5.5,5.62321889,1.73344975,,,7.727269,7.06939424,,16.809999,,4.059339,0.55860999,5.43209059,,3.276,42.482007,,,3.7000001,3.66719628,1.973122,0.07111075,,4.0390254,1.138901,
2011-03-31,7.84359211,1.30831325,3.5413297,,0.24547377,5.51,5.79338489,1.71792238,,,7.59696603,7.7443911,,16.9,,3.783214,0.55972107,5.48121494,,3.3,42.541718,,,3.7000001,3.68519626,1.80744,0.06938018,,3.9609766,1.138901,
2011-04-03,7.85999209,1.3264423,3.59999638,,0.24547377,5.65,6.28454656,1.66836693,,,7.727269,8.48515895,,17.15,,4.164387,0.5666655,5.55877904,,3.33,43.026423,,,3.7000001,3.68759638,2.063494,0.0701668,,4.5170743,1.138901,
2011-04-04,7.87999207,1.34457135,3.63666294,,0.25767255,5.35,6.34255757,1.73444087,,,7.67272357,8.33363825,,16.799999,,4.084851,0.56944327,5.40365032,,3.42,42.323951,,,3.7000001,3.65999641,1.897812,0.07126807,,4.3414645,1.138901,
2011-04-05,7.87999207,1.32946381,3.68466296,,0.27051338,5.54,6.2362039,1.73444087,,,7.79999624,8.30557886,,16.99,,4.14938,0.57360993,5.45535989,,3.306,42.42581,,,3.7000001,3.74759632,1.965591,0.0707961,,3.9902449,1.147214,
2011-04-06,7.89999205,1.34154984,3.79999617,,0.27051338,5.6,6.11051297,1.7014039,,,7.87878408,8.33925013,,16.93,,4.231918,0.59749877,5.55360808,,3.192,41.516108,,,3.7000001,3.77999629,1.920405,0.06686298,,4.3804889,1.122275,
2011-04-07,7.89999205,1.29924872,3.71332966,,0.28399624,5.66,6.08924219,1.7014039,,,7.85151137,7.87930087,,16.92,,4.201904,0.594721,5.50965469,,3.18,42.815682,,,3.7000001,3.74999632,1.867688,0.07095342,,4.2829279,1.130588,
2011-04-10,7.95999199,1.25392609,3.66666298,,0.29812115,5.7,5.89393782,1.7014039,,,7.80908714,8.30557886,,16.959999,,4.201904,0.58333213,5.29506022,,3.192,42.243167,,,3.7000001,3.77399641,1.792378,0.07000947,,4.1463425,1.130588,
2011-04-11,7.85999209,1.20860346,3.62132969,,0.3128881,5.66,5.73150627,1.73444087,,,7.90605679,8.05865625,,16.530001,,4.201904,0.56972105,5.39072293,,3.21,42.323951,,,3.7000001,3.71999635,1.73213,0.06702031,,4.1268303,1.089022,
2011-04-12,7.85999209,1.18443139,3.63666294,,0.3285111,5.56,5.64642357,1.73427568,,,7.29696618,7.93003179,,16.41,,4.134373,0.55555441,5.30281665,,3.186,42.520643,,,3.7000001,3.67319651,1.619165,0.06607636,,4.0682937,1.072396,
2011-04-13,7.86999208,1.24788308,3.71332966,,0.34477617,5.55,5.71410291,1.58676559,,,7.81817774,7.5201407,,16.700001,,4.162886,0.57222105,5.38813745,,3.3,43.026423,,,3.7000001,3.77999629,1.619165,0.06780693,,4.1560986,1.097335,
2011-04-14,7.86799208,1.25392609,3.75799615,,0.36189725,5.09,5.61161665,1.58676559,,,7.88181438,7.49663462,,16.92,,4.17189,0.57499885,5.27437639,,3.468,43.764019,,,3.7000001,3.77999629,1.649289,0.06843623,,4.1365864,1.097335,
2011-04-17,7.86799208,1.24486157,3.69332975,,0.3798744,4.68,5.48592592,1.6981002,,,8.18484454,6.89142756,,16.73,,3.919776,0.55305442,4.84001572,,3.3,43.588401,,,3.7000001,3.77999629,1.498669,0.06560438,,3.8146351,1.005891,
2011-04-18,7.51999243,1.20860346,3.60132971,,0.36104122,4.23,5.37763796,1.58990414,,,7.89696559,6.39753765,,15.92,,3.616639,0.5252767,4.56078403,,3.228,43.202041,,,3.7000001,3.59999647,1.400766,0.06371649,,3.5902448,0.980951,
2011-04-19,7.51999243,1.22975402,3.7079962,,0.35376475,4.1,5.41244487,1.60229299,,,8.37575323,6.86669041,,16.049999,,4.066843,0.53055447,4.65386152,,3.24,43.553278,,,3.7000001,3.67559627,1.468545,0.06654833,,3.8341473,1.03083,
2011-04-20,7.51999243,1.19953894,3.66866291,,0.35783097,4.27,5.23067625,1.61881148,,,8.42726836,6.89057455,,16.08,,4.201904,0.52777669,4.84777242,,3.216,39.531624,,,3.7000001,3.66119641,1.445952,0.06560438,,3.7658546,1.014204,
2011-04-21,7.53119242,1.20558195,3.69999628,,0.34670229,4.29,5.24034498,1.68488541,,,8.75757153,7.42540913,,16.0,,4.381986,0.51972113,4.41599749,,3.24,38.210976,,,3.7000001,3.39599655,1.438421,0.06686298,,3.7365863,1.039143,
2011-04-26,7.60159195,1.20558195,3.74666296,,0.3300092,4.4,5.29835618,1.7014039,,,8.84848088,7.57255207,,16.469999,,4.201904,0.52833225,4.36945887,,3.228,34.533534,,,3.7000001,3.71999635,1.35558,0.06528973,,3.414635,1.05577,
2011-04-27,7.60199235,1.1874529,3.73666284,,0.31417218,4.51,5.22874293,1.7014039,,,8.78787455,7.64292498,,16.0,,4.053337,0.53083227,4.16262058,,3.228,36.036825,,,3.7000001,3.68639626,1.385704,0.06481776,,3.2878057,1.047457,
2011-04-28,7.67999227,1.19349592,3.77732953,,0.33578757,4.73,5.25194722,1.70057797,,,8.73029852,8.96721528,,16.120001,,4.129871,0.53222113,4.37204435,,3.234,36.177319,,,3.7000001,3.73439645,1.453483,0.06607636,,3.4243911,1.047457,
2011-05-02,7.99999195,1.22975402,3.84999612,,0.3190945,4.81,5.33509661,1.68488541,,,8.72726822,9.04825033,,16.360001,,4.276938,0.53388776,4.64093439,,3.24,35.840133,,,3.7000001,3.72119635,1.43089,0.06670566,,3.512196,1.05577,
2011-05-03,8.11919183,1.22371101,3.93332937,,0.32102062,4.77,5.33703031,1.66836693,,,8.91514722,9.25510447,,16.200001,,4.158384,0.53666556,4.66420369,,3.246,36.177319,,,3.7000001,3.83999623,1.378173,0.0676496,,3.3365862,1.080709,
2011-05-04,8.15999179,1.19651743,4.2399956,,0.31502824,4.8,5.32156066,1.66836693,,,8.83635938,9.04313272,,15.98,,4.201904,0.53666556,4.74952449,,3.186,35.89633,,,3.7000001,3.76079631,1.287801,0.06639101,,3.1804886,1.072396,
2011-05-05,8.31959203,1.17838838,4.27132903,,0.30368551,4.51,5.31962695,1.53704503,,,8.74545063,9.04270622,,15.86,,4.239421,0.52777669,4.72366944,,3.168,36.440746,,,3.7000001,3.71999635,1.235084,0.06576171,,3.1707325,1.064083,
2011-05-08,8.31959203,1.11191519,4.13332917,,0.29341285,4.41,5.25968224,1.55372862,,,8.65151068,8.57270045,,15.78,,4.201904,0.50749896,4.39789914,,3.168,36.180832,,,3.7000001,3.60119646,1.189898,0.06450311,,3.024391,1.03083,
2011-05-09,8.00039155,1.16328083,4.19999577,,0.29341285,4.48,5.33703031,1.58577451,,,8.74545063,9.13355083,,15.9,,4.218412,0.51138784,4.50390376,,3.192,36.177319,,,3.7000001,3.3359966,1.220022,0.06576171,,3.1024398,1.039143,
2011-05-10,8.03999191,1.16328083,4.36332874,,0.28891856,4.33,5.4491853,1.58577451,,,8.83635938,9.16980397,,16.1,,4.194401,0.51583227,4.56078403,,3.216,35.826083,,,3.7000001,3.59999647,1.197429,0.06513241,,3.219513,1.047457,
2011-05-11,8.11959223,1.17536687,4.4019955,,0.28891856,4.33,5.48785924,1.69314466,,,8.72726822,9.21245422,,16.25,,4.158384,0.50166561,4.91240938,,3.234,35.703151,,,3.7000001,3.65999641,1.189898,0.06560438,,3.2097569,1.039143,
2011-05-12,8.11999183,1.17234536,4.3733288,,0.29319884,4.41,5.41051116,1.69314466,,,8.72726822,10.02238291,,16.26,,4.201904,0.50444341,4.82191763,,3.21,35.773398,,,3.7000001,3.61199645,1.084464,0.06591903,,3.1804886,1.039143,
2011-05-15,8.07999187,1.19953894,4.34066236,,0.29961925,4.46,5.61161665,1.69314466,,,8.94241993,9.90125535,,16.219999,,4.204905,0.5166656,4.87621294,,3.18,35.826083,,,3.7000001,3.73799633,1.182367,0.06528973,,3.2878057,1.039143,
2011-05-16,8.08159147,1.17838838,4.32066218,,0.29384088,4.47,5.60194793,1.65184844,,,8.97878325,9.89485824,,16.34,,4.12687,0.5349989,4.91240938,,3.198,35.829596,,,3.7000001,3.77999629,1.265208,0.06717763,,3.4829277,1.047457,
2011-05-17,8.12039143,1.19047441,4.3699958,,0.29384088,4.66,5.67542897,1.65184844,,,9.16666225,10.23606024,,16.41,,4.201904,0.5402767,4.91240938,,3.216,36.35645,,,3.7000001,3.78119629,1.302863,0.06780693,,3.2292691,1.047457,
2011-05-18,8.07999187,1.18443139,4.35999574,,0.27928794,4.87,5.61355055,1.65184844,,,9.2727228,10.19340999,,16.5,,4.276938,0.53888778,4.97704635,,3.21,36.230005,,,3.7000001,3.78239629,1.423359,0.06780693,,3.8536595,1.05577,
2011-05-19,8.03999191,1.23277553,4.35132875,,0.28891856,5.07,5.66769395,1.65184844,,,9.25757099,10.3298908,,16.5,,4.240922,0.54166555,5.04426879,,3.252,36.177319,,,3.7000001,3.87719631,1.438421,0.06843623,,4.0682937,1.064083,
2011-05-22,8.07999187,1.23277553,4.36066254,,0.30068932,5.0,5.75857855,1.60807442,,,9.39696517,10.4962272,,16.799999,,4.351972,0.54444333,5.09339314,,3.258,36.180832,,,3.7000001,3.9311959,1.468545,0.06985215,,4.1560986,1.072396,
2011-05-23,8.28759166,1.20860346,4.3366625,,0.29662306,4.96,5.84946257,1.58660048,,,9.39999547,10.20066054,,16.75,,4.291945,0.54527663,4.95119156,,3.264,35.843645,,,3.7000001,3.92999614,1.528793,0.06985215,,4.0878059,1.089022,
2011-05-24,7.92079203,1.19651743,4.3366625,,0.28742046,4.8,5.82239087,1.65201364,,,9.26060129,9.8586051,,15.16,,4.254428,0.53472112,5.02875618,,3.252,36.180832,,,3.7000001,3.83999623,1.528793,0.06922285,,4.0390254,1.097335,
2011-05-25,7.99999195,1.1874529,4.33332897,,0.29640904,4.82,5.82045697,1.65184844,,,9.19999587,9.81382319,,15.5,,4.276938,0.52805447,5.09339314,,3.264,36.247567,,,3.7000001,3.8459961,1.543855,0.06859355,,4.0780498,1.113962,
2011-05-26,8.01839233,1.19651743,4.33332897,,0.31567028,4.89,5.96741887,1.65184844,,,9.09090471,10.02280899,,15.55,,4.299448,0.52944333,5.47087276,,3.3,36.28269,,,3.7000001,3.71999635,1.596572,0.06922285,,4.1756108,1.130588,
2011-05-29,8.12399223,1.20860346,4.39999557,,0.33535954,5.08,6.03896582,1.65184844,,,9.18181345,10.23606024,,15.6,,4.411999,0.54860998,5.54326642,,3.3,36.528555,,,3.7000001,3.77999629,1.65682,0.07063877,,4.390245,1.138901,
2011-05-30,8.12399223,1.21766799,4.43266207,,0.34263601,5.46,6.0911759,1.66853212,,,9.58181386,10.11663954,,15.86,,4.87721,0.54888776,5.77854472,,3.3,36.739297,,,3.7000001,3.78839628,1.649289,0.07048145,,4.5463426,1.130588,
2011-05-31,8.13999181,1.20558195,4.46666217,,0.33450349,5.75,6.08150756,1.65201364,,,9.39696517,10.08763737,,15.42,,4.952244,0.54583221,5.75268993,,3.3,36.247567,,,3.7000001,3.81479637,1.58151,0.07000947,,4.4682938,1.130588,
2011-06-01,7.99999195,1.21162497,4.48999535,,0.342422,5.7,5.99062316,1.73444087,,,9.42726848,10.06844518,,15.58,,4.802176,0.54860998,5.57170617,,3.36,36.279178,,,3.7000001,3.7931964,1.634227,0.0701668,,4.5560987,1.147214,
2011-06-02,7.92399243,1.17838838,4.3366625,,0.33386145,5.8,5.73344017,1.73444087,,,9.39393486,9.87395919,,15.2,,4.694127,0.5349989,5.41140676,,3.3,36.279178,,,3.7000001,3.75719619,1.604103,0.06875088,,4.3414645,1.122275,
2011-06-05,7.99999195,1.19953894,4.434662,,0.3362156,5.91,5.8301255,1.73444087,,,9.40302607,10.10810949,,15.51,,4.764659,0.54860998,5.30023118,,3.36,36.352937,,,3.7000001,3.76439642,1.664351,0.0695375,,4.4000011,1.138901,
2011-06-06,8.00159155,1.19651743,4.62066188,,0.342422,5.83,5.7991862,1.73444087,,,9.24241979,10.32136075,,15.34,,4.667115,0.54222111,5.24852134,,3.36,36.525043,,,3.7000001,3.77999629,1.65682,0.0689082,,4.3219523,1.130588,
2011-06-07,8.00799194,1.23881855,4.5699956,,0.33172131,5.6,5.84946257,1.73444087,,,9.37878366,11.04641501,,15.46,,4.676119,0.53860998,5.32608596,,3.36,36.528555,,,3.7000001,3.80639614,1.634227,0.06812158,,4.3804889,1.122275,
2011-06-08,8.00399235,1.26299062,4.5346619,,0.33172131,5.73,5.80111991,1.73559716,,,9.39393486,10.91078764,,15.45,,4.812681,0.53610998,5.261449,,3.348,36.261616,,,3.7000001,3.78719616,1.626696,0.0682789,,4.3804889,1.113962,
2011-06-09,8.03999191,1.2569476,4.66599517,,0.32209069,5.74,5.80111991,1.73857048,,,9.55454115,11.04641501,,15.24,,4.671617,0.53888778,5.27954735,,3.348,36.254591,,,3.7000001,3.77399641,1.649289,0.06922285,,4.5365865,1.113962,
2011-06-12,8.13999181,1.24486157,4.73332857,,0.31203205,5.65,5.80111991,1.73526679,,,9.63938899,11.02551682,,15.41,,4.50204,0.54166555,5.30798787,,3.402,36.254591,,,3.7000001,3.82799624,1.702006,0.06938018,,4.5365865,1.122275,
2011-06-13,8.27999167,1.26299062,4.74132876,,0.32102062,5.68,5.84172755,1.76764301,,,9.74544985,10.9931022,,15.36,,4.514045,0.54860998,5.3984791,,3.42,36.317814,,,3.7000001,3.79199628,1.762254,0.06922285,,4.5560987,1.122275,
2011-06-14,8.23999171,1.29924872,4.73332857,,0.31096198,5.74,5.89780524,1.76780821,,,9.8575707,10.97476302,,15.47,,4.562067,0.54555441,5.61048887,,3.372,36.374012,,,3.7000001,3.71999635,1.799909,0.06922285,,4.6341475,1.122275,
2011-06-15,8.23999171,1.28414118,4.74732849,,0.31053395,6.0,5.96548497,1.76780821,,,9.8484801,10.91846426,,15.38,,4.619093,0.53555448,5.56395,,3.39,36.423185,,,3.7000001,3.76199631,1.799909,0.07000947,,4.6341475,1.122275,
2011-06-16,8.0479919,1.28111967,4.66732877,,0.30518361,6.0,5.90747358,1.76747784,,,10.0333288,11.01485425,,15.25,,4.554564,0.52777669,5.51224042,,3.348,36.879791,,,3.7000001,3.77999629,1.80744,0.07032412,,4.5658548,1.113962,
2011-06-19,7.99999195,1.29622721,4.64599546,,0.31031994,6.2,5.96548497,1.76747784,,,10.30302533,10.98286657,,15.33,,4.515546,0.53472112,5.6001467,,3.348,36.391573,,,3.7000001,3.74399644,1.942998,0.0707961,,4.8292695,1.122275,
2011-06-20,8.03999191,1.35665739,4.42666234,,0.3081798,6.0,5.9712859,1.74369121,,,9.99999518,10.67962243,,15.05,,4.526051,0.5533322,5.61565931,,3.306,36.377524,,,3.7000001,3.70559624,1.897812,0.0701668,,4.8097573,1.097335,
2011-06-21,7.99999195,1.34457135,4.44999552,,0.32080661,5.88,5.84946257,1.74303048,,,10.08181332,10.4710627,,15.12,,4.532054,0.53888778,5.55102234,,3.306,36.265128,,,3.7000001,3.62399656,1.88275,0.06906553,,4.8292695,1.089022,
2011-06-22,7.99999195,1.31133476,4.41332869,,0.31823844,5.93,5.80111991,1.73444087,,,9.88787432,10.23606024,,15.11,,4.532054,0.53888778,5.43467606,,3.294,36.35645,,,3.7000001,3.62999644,1.875219,0.06875088,,4.9170744,1.089022,
2011-06-23,7.93599162,1.31435627,4.42132888,,0.31567028,5.92,5.79338489,1.75095935,,,9.73029864,10.43651642,,15.16,,4.54706,0.53999892,5.37779528,,3.27,36.289715,,,3.7000001,3.62999644,1.875219,0.06843623,,4.99,1.097335,
2011-06-26,7.91999203,1.31737777,4.33332897,,0.31139,5.77,5.70636828,1.75178528,,,9.89393523,10.77004139,,15.1,,4.577074,0.53388776,5.34418431,,3.276,36.212443,,,3.7000001,3.59999647,1.852626,0.06812158,,4.88,1.097335,
2011-06-27,7.79999215,1.31435627,4.31666232,,0.30411354,5.83,5.51106391,1.75261121,,,9.8545407,10.534612,,14.74,,4.61159,0.52999891,5.17871394,,3.282,35.123611,,,3.7000001,3.51599643,1.837564,0.06843623,,4.88,1.072396,
2011-06-28,7.79999215,1.31737777,4.37466246,,0.30496959,5.79,5.52073225,1.75095935,,,9.83029799,10.37509964,,14.78,,4.554564,0.53444335,5.25110682,,3.3,35.675052,,,3.7000001,3.52799654,1.80744,0.06812158,,4.94,1.072396,
2011-06-29,7.60119235,1.23881855,4.25999585,,0.29127271,5.26,5.42017989,1.73444087,,,9.62423778,9.80955773,,14.51,,4.351972,0.51583227,5.08046549,,3.246,35.123611,,,3.7000001,3.48239658,1.679413,0.06607636,,4.63,1.05577,
2011-06-30,7.79999215,1.24486157,4.33332897,,0.28656441,5.4,5.46658866,1.73609272,,,9.60605628,9.83898641,,14.68,,4.50204,0.51916563,5.11924741,,3.3,33.033757,,,3.7000001,3.49559645,1.694475,0.06639101,,4.7,1.064083,
2011-07-03,7.79999215,1.28111967,4.33866243,,0.32102062,5.64,5.73344017,1.73543197,,,9.69696502,10.2787105,,15.0,,4.50204,0.52805447,5.22525204,,3.306,31.702572,,,3.7000001,3.52199654,1.769785,0.06607636,,4.94,1.064083,
2011-07-04,7.79999215,1.26903364,4.32666244,,0.30603966,5.52,5.74697593,1.75095935,,,9.69999472,10.10810949,,15.08,,4.575573,0.52499892,5.22266708,,3.318,33.718667,,,3.7000001,3.48719646,1.739661,0.06686298,,4.88,1.047457,
2011-07-05,7.79999215,1.25392609,4.31799545,,0.29961925,5.5,5.72377164,1.75112453,,,9.64241959,10.0249415,,15.0,,4.584577,0.51722119,5.27437639,,3.36,33.767839,,,3.7000001,3.49559645,1.747192,0.06639101,,4.94,1.03083,
2011-07-06,7.79199216,1.21766799,4.17399587,,0.29148673,5.33,5.61161665,1.7973763,,,9.15454074,9.55792168,,14.93,,4.532054,0.50499896,5.24852134,,3.276,33.894285,,,3.7000001,3.49199657,1.799909,0.06418846,,4.75,1.005891,
2011-07-07,7.79199216,1.20860346,4.19999577,,0.29940523,5.3,5.60774924,1.7973763,,,9.4727227,9.72425723,,14.93,,4.359475,0.50388783,5.261449,,3.3,34.421139,,,3.7000001,3.53999652,1.777316,0.06371649,,4.77,1.014204,
2011-07-10,7.64239231,1.20558195,4.3399955,,0.31567028,5.27,5.61935129,1.7973763,,,9.2727228,9.73833181,,14.85,,4.577074,0.50249897,5.15027342,,3.198,33.560611,,,3.7000001,3.47999658,1.754723,0.06371649,,4.49,1.014204,
2011-07-11,7.79999215,1.17838838,4.49999547,,0.30732374,5.12,5.33703031,1.7973763,,,9.16666225,9.42570547,,14.9,,4.50204,0.48249904,5.17095724,,3.198,34.30523,,,3.7000001,3.3599967,1.686944,0.06230057,,4.42,0.980951,
2011-07-12,7.59999235,1.14817329,4.4366624,,0.29448292,4.85,4.93095192,1.73444087,,,8.3030263,8.74884599,,14.9,,4.427006,0.46527682,5.00290113,,3.156,33.033757,,,3.7000001,3.49199657,1.551386,0.06056999,,4.11,0.972638,
2011-07-13,7.79959255,1.1874529,4.53332877,,0.30282945,5.2,5.10691922,1.75095935,,,8.78787455,9.59630648,,15.1,,4.644605,0.48305454,5.11924741,,3.21,33.806476,,,3.7000001,3.52799654,1.58151,0.06245789,,4.36,1.005891,
2011-07-14,7.95999199,1.19349592,4.54332889,,0.29747911,5.29,5.12432258,1.75095935,,,8.77272335,9.75027389,,15.25,,4.580075,0.48361012,5.12700411,,3.18,34.073416,,,3.7000001,3.47999658,1.641758,0.06403114,,4.37,0.997578,
2011-07-17,7.86079209,1.22371101,4.57399546,,0.30068932,5.3,5.26935058,1.75095935,,,9.13332863,10.04413411,,15.31,,4.622094,0.50194341,5.17095724,,3.228,34.073416,,,3.7000001,3.47999658,1.702006,0.06466044,,4.55,1.022517,
2011-07-18,7.86079209,1.22673252,4.53332877,,0.29555299,5.2,5.22100791,1.75095935,,,8.93938963,9.59630648,,15.52,,4.640103,0.49749898,5.1761282,,3.228,34.421139,,,3.7000001,3.47999658,1.671882,0.06387381,,4.51,1.014204,
2011-07-19,7.63999231,1.21162497,4.53332877,,0.2910587,5.1,5.20167085,1.65432622,,,8.93938963,9.34467042,,15.56,,4.652108,0.4938879,5.04944001,,3.18,34.596757,,,3.7000001,3.49199657,1.649289,0.06371649,,4.48,1.005891,
2011-07-20,7.85999209,1.21162497,4.58999525,,0.28592237,5.14,5.22100791,1.65432622,,,8.82120817,8.57483297,,15.61,,4.70013,0.48999897,5.07529428,,3.198,34.775888,,,3.7000001,3.53999652,1.641758,0.06277254,,4.43,1.005891,
2011-07-21,7.99759195,1.20256045,4.64999532,,0.31031994,5.13,5.22100791,1.6686973,,,9.09090471,8.44432363,,15.62,,4.652108,0.48916569,5.05719593,,3.24,34.775888,,,3.7000001,3.55799651,1.611634,0.06308719,,4.4,1.005891,
2011-07-25,7.67999227,1.17838838,4.6019953,,0.31074796,5.1,5.16299691,1.67332247,,,9.06060169,8.23149845,,15.52,,4.578575,0.48388789,5.00290113,,3.24,33.016194,,,3.7000001,3.53999652,1.58151,0.06261521,,4.33,0.997578,
2011-07-26,7.79999215,1.18443139,4.78666205,,0.33921179,5.03,5.23841127,1.75095935,,,9.03938958,7.67704518,,15.73,,4.583077,0.48416567,4.9951447,,3.234,33.36743,,,3.7000001,3.49319669,1.551386,0.06324451,,4.29,0.989264,
2011-07-27,7.72119223,1.17838838,4.74732849,,0.36061317,4.87,5.20360455,1.75095935,,,8.94545023,7.67747126,,15.47,,4.577074,0.48388789,4.96411921,,3.228,33.36743,,,3.7000001,3.62999644,1.536324,0.06292986,,4.22,0.989264,
2011-07-28,7.79999215,1.17536687,4.81999535,,0.37431005,4.85,5.22294162,1.75095935,,,9.0757535,7.74102056,,15.52,,4.706133,0.47972124,4.90206721,,3.228,33.982094,,,3.7000001,3.65999641,1.536324,0.06528973,,4.21,0.997578,
2011-07-31,7.99799195,1.1874529,4.86666177,,0.39678151,4.85,5.22100791,1.75095935,,,9.09393501,7.31451805,,15.42,,4.662613,0.48388789,4.95119156,,3.24,35.299229,,,3.7000001,3.53999652,1.558917,0.06355916,,4.25,1.005891,
2011-08-01,8.15639179,1.19953894,4.93399517,,0.41647073,4.85,5.22100791,1.75095935,,,9.12120772,7.08250068,,15.44,,4.655109,0.48749897,4.98221731,,3.24,35.123611,,,3.7000001,3.58199648,1.573979,0.06403114,,4.26,1.022517,
2011-08-02,8.13999181,1.18140989,4.93399517,,0.39956367,4.65,5.14559355,1.75128972,,,9.24241979,7.99209142,,15.0,,4.653609,0.47361011,4.78313545,,3.24,35.144685,,,3.7000001,3.59999647,1.536324,0.06308719,,4.13,0.997578,
2011-08-03,8.19999175,1.17838838,4.98666185,,0.40940828,4.6,5.12432258,1.75128972,,,9.13635923,7.99209142,,15.07,,4.652108,0.47305461,4.75728067,,3.24,35.144685,,,3.7000001,3.59999647,1.491138,0.06371649,,4.13,0.989264,
2011-08-04,8.23999171,1.18140989,5.02332814,,0.389077,4.75,5.02763725,1.75128972,,,9.40302607,8.78847369,,15.25,,4.727142,0.48083232,4.91240938,,3.246,35.966578,,,3.7000001,3.59999647,1.558917,0.06513241,,4.21,0.997578,
2011-08-07,8.11999183,1.14817329,4.86666177,,0.37559411,4.49,4.95995752,1.75128972,,,9.31211672,9.6649649,,14.9,,4.637101,0.46083239,4.65386152,,3.12,34.421139,,,3.7000001,3.55199651,1.453483,0.06418846,,4.01,0.972638,
2011-08-08,8.15999179,1.12702273,4.81399509,,0.38736489,4.4,4.94062026,1.75128972,,,8.90605601,10.63098969,,14.81,,4.50204,0.4472213,4.39531366,,3.09,34.069903,,,3.7000001,3.47999658,1.370642,0.06528973,,3.96,0.931072,
2011-08-09,8.03999191,1.04242049,4.6393284,,0.38543876,4.09,4.65249797,1.59039966,,,8.54242043,10.84304449,,14.4,,4.201904,0.42638801,4.2143299,,2.826,34.245521,,,3.7000001,3.47999658,1.295332,0.06639101,,3.68,0.87288,
2011-08-10,8.18199177,1.1179582,4.78666205,,0.37452406,4.28,4.81492952,1.59436406,,,9.01514717,12.75153294,,14.72,,4.360976,0.4499991,4.44702349,,3.012,34.775888,,,3.7000001,3.49199657,1.35558,0.06906553,,4.0,0.914446,
2011-08-11,8.27999167,1.07565708,4.78666205,,0.36382337,4.12,4.81492952,1.59436406,,,8.93938963,14.02385936,,14.79,,4.351972,0.44444353,4.43668132,,2.97,35.123611,,,3.7000001,3.50999655,1.325456,0.06922285,,3.87,0.906133,
2011-08-14,9.31999062,1.09076463,4.92466191,,0.38929103,4.14,4.84200161,1.65184844,,,9.2727228,15.42341791,,14.8,,4.39099,0.44027687,4.47546324,,3.0,34.421139,,,3.7000001,3.52799654,1.325456,0.07315597,,3.89,0.922759,
2011-08-15,9.19999074,1.08774312,5.06666157,,0.37002979,4.0,4.79559226,1.67646098,,,9.39999547,16.964346,,14.83,,4.503541,0.43944354,4.39531366,,2.97,34.487874,,,3.7000001,3.59999647,1.325456,0.07236934,,3.94,0.931072,
2011-08-16,9.39999054,1.07565708,5.13332817,,0.36061317,3.9,4.82073064,1.67646098,,,9.27575341,15.78626642,,14.7,,4.354973,0.44194354,4.41599749,,2.982,35.123611,,,3.7000001,3.4847967,1.325456,0.07189737,,3.9,0.922759,
2011-08-17,9.32239062,1.08774312,5.0699951,,0.37773427,3.89,4.88067555,1.67646098,,,9.41211637,15.73914418,,14.7,,4.353473,0.44027687,4.41858297,,2.982,34.807498,,,3.7000001,3.59999647,1.340518,0.07126807,,3.96,0.939386,
2011-08-18,9.5427908,1.08472161,5.09999487,,0.35932911,3.87,5.10498552,1.67646098,,,9.4727227,14.30188615,,14.99,,4.261931,0.44277687,4.27379642,,2.97,34.772375,,,3.7000001,3.62999644,1.370642,0.07000947,,3.99,0.947699,
2011-08-21,9.20039034,1.04242049,4.86666177,,0.34156594,3.65,4.90968095,1.67646098,,,9.10908621,13.78824345,,14.5,,4.344469,0.42083247,4.06954335,,2.868,33.72218,,,3.7000001,3.4835967,1.325456,0.06812158,,3.78,0.931072,
2011-08-22,9.4467905,1.05752803,4.98666185,,0.342422,3.61,5.05084192,1.67646098,,,9.10908621,13.3122993,,14.66,,4.351972,0.42888801,4.11349649,,2.916,34.140149,,,3.7000001,3.59999647,1.310394,0.07032412,,3.92,0.931072,
2011-08-23,9.32999061,1.07867859,4.90466173,,0.342422,3.66,5.14559355,1.67646098,,,9.10908621,13.32172393,,14.7,,4.201904,0.42694357,4.14710797,,2.916,34.421139,,,3.7000001,3.59999647,1.302863,0.07063877,,3.9,0.939386,
2011-08-24,9.27999066,1.08774312,4.89999507,,0.35997113,3.72,5.16299691,1.67646098,,,9.18181345,12.99657397,,14.63,,4.246924,0.42694357,4.19881728,,2.922,34.772375,,,3.7000001,3.59999647,1.325456,0.07000947,,3.91,0.939386,
2011-08-25,9.20399114,1.11493669,4.42866221,,0.36382337,3.76,5.31962695,1.67646098,,,9.17272285,13.28402586,,14.72,,4.225915,0.42972134,4.24018494,,2.94,35.000679,,,3.7000001,3.59999647,1.325456,0.06812158,,3.95,0.939386,
2011-08-28,9.27999066,1.09680764,4.19999577,,0.36382337,3.69,5.28482023,1.67646098,,,9.39393486,15.76741668,,14.77,,4.245424,0.42805468,4.20915946,,2.91,34.860184,,,3.7000001,3.5459964,1.287801,0.06969482,,3.95,0.939386,
2011-08-29,9.3403902,1.10285066,4.26666237,,0.38522475,3.74,5.27321799,1.68108617,,,9.39393486,16.49311417,,14.76,,4.290444,0.43333244,4.18071893,,2.958,35.123611,,,3.7000001,3.55559639,1.295332,0.06875088,,3.9,0.956012,
2011-09-04,9.40119054,1.10285066,4.2699959,,0.38522475,3.7,5.22294162,1.68108617,,,9.24241979,16.50725065,,14.79,,4.206406,0.43055467,4.19364607,,2.958,35.123611,,,3.7000001,3.60119646,1.302863,0.06686298,,3.91,0.956012,
2011-09-05,9.3443906,1.10889368,4.21666242,,0.38522475,3.67,5.22294162,1.54613011,,,8.94848084,15.58363673,,14.91,,4.201904,0.43861021,4.18847563,,3.0,34.772375,,,3.7000001,3.67199639,1.287801,0.0676496,,3.91,0.956012,
2011-09-06,9.35999058,1.1179582,4.19999577,,0.3862948,3.86,5.31769325,1.54613011,,,9.16666225,15.59777275,,15.01,,4.201904,0.44194354,4.31774956,,3.06,35.123611,,,3.7000001,3.71999635,1.325456,0.0676496,,3.93,0.947699,
2011-09-07,9.3403902,1.11191519,4.19999577,,0.37495209,3.94,5.33703031,1.57173383,,,9.09393501,15.57421162,,15.25,,4.195901,0.43611021,4.36428766,,3.042,35.123611,,,3.7000001,3.74999632,1.325456,0.06623368,,3.93,0.956012,
2011-09-08,9.47799046,1.12702273,4.2006623,,0.37880436,4.05,5.32349456,1.66836693,,,9.01817747,15.26791235,,15.36,,4.350471,0.44055465,4.40824079,,3.042,35.123611,,,3.7000001,3.71999635,1.325456,0.06607636,,4.04,0.964325,
2011-09-11,9.41999052,1.10889368,4.1399957,,0.38522475,4.09,5.25001351,1.66836693,,,8.87878329,14.84380275,,15.16,,4.294946,0.433888,4.34618931,,2.916,35.474847,,,3.7000001,3.71999635,1.302863,0.06607636,,3.93,0.947699,
2011-09-12,9.40399094,1.09680764,4.14932929,,0.37345401,4.02,5.08758196,1.66836693,,,8.93938963,15.31503459,,15.11,,4.203405,0.43333244,4.26603973,,2.904,35.158735,,,3.7000001,3.71999635,1.257677,0.06528973,,3.8,0.931072,
2011-09-13,9.36599018,1.06659256,4.06666257,,0.37345401,3.93,4.96189123,1.55934496,,,9.06060169,14.60818684,,14.83,,4.051836,0.42388802,4.18847563,,2.886,34.860184,,,3.7000001,3.74279645,1.227553,0.06418846,,3.79,0.922759,
2011-09-14,9.39999054,1.0484635,3.99999597,,0.36382337,3.8,4.87487423,1.55934496,,,8.96969264,14.14166732,,14.89,,3.939285,0.41666581,4.1677918,,2.892,34.860184,,,3.7000001,3.74399644,1.174836,0.06292986,,3.8,0.914446,
2011-09-15,9.40119054,1.00011937,3.97066274,,0.36382337,3.52,4.49973534,1.50648573,,,8.81514726,13.66572317,,14.35,,3.807225,0.41055471,4.00749186,,2.862,34.775888,,,3.7000001,3.59999647,1.122119,0.06088464,,3.48,0.864567,
2011-09-18,9.4379905,1.00011937,3.89666281,,0.36382337,3.76,4.70664195,1.50301687,,,8.33332931,14.61289916,,14.29,,3.886761,0.40694361,3.99456447,,2.85,34.828574,,,3.7000001,3.71999635,1.076933,0.06025535,,3.53,0.87288,
2011-09-19,9.4439909,1.0122054,3.86732931,,0.36382337,3.8,4.64089592,1.4866636,,,8.26363238,14.91919985,,14.3,,3.954292,0.41444359,4.03334665,,2.874,35.123611,,,3.7000001,3.71999635,1.084464,0.06151394,,3.56,0.881194,
2011-09-20,9.42199052,1.00314087,3.9066626,,0.36061317,3.81,4.76658686,1.4866636,,,8.87878329,14.51394,,14.7,,3.825233,0.40749916,4.22467207,,2.85,35.123611,,,3.7000001,3.71999635,1.114588,0.06308719,,3.61,0.889507,
2011-09-21,9.39999054,0.99709786,3.93332937,,0.34263601,3.81,4.71824419,1.4866636,,,8.80302575,14.19821467,,14.7,,3.838739,0.41027693,4.26603973,,2.796,35.141173,,,3.7000001,3.76679618,1.107057,0.06466044,,3.64,0.881194,
2011-09-22,9.32599022,0.98501182,3.89332955,,0.33257737,3.7,4.64089592,1.46188587,,,8.60908676,13.67043549,,14.5,,3.736693,0.38888809,4.27896686,,2.79,35.474847,,,3.7000001,3.71999635,1.076933,0.06198592,,3.54,0.87288,
2011-09-25,9.31599023,0.93666768,3.67399637,,0.34327807,3.74,4.40885093,1.46254662,,,8.48787469,12.82221772,,14.06,,3.601632,0.36111037,4.28413808,,2.712,34.95853,,,3.7000001,3.59999647,0.994092,0.0567942,,3.38,0.856254,
2011-09-26,9.32999061,0.93666768,3.73332958,,0.342422,3.7,4.50940387,1.46254662,,,8.43635957,12.49235591,,14.43,,3.826734,0.36944369,4.2763819,,2.79,34.95853,,,3.7000001,3.65999641,0.97903,0.05710885,,3.45,0.864567,
2011-09-27,9.28679066,0.90947411,3.7399961,,0.342422,3.67,4.47459696,1.46254662,,,8.48484439,11.65356324,,15.07,,3.901768,0.36749924,4.34360383,,2.748,34.962043,,,3.7000001,3.59759647,0.971499,0.05600758,,3.47,0.856254,
2011-09-28,9.00039054,0.85810846,3.6746629,,0.32615695,3.41,4.32570194,1.47014511,,,8.36363233,11.1540575,,14.8,,3.702178,0.35555482,4.29189451,,2.67,35.123611,,,3.7000001,3.59999647,0.918782,0.05207446,,3.47,0.823002,
2011-09-29,9.11999082,0.88228053,3.68399616,,0.32102062,3.5,4.40885093,1.44536738,,,8.58181404,10.43778511,,14.76,,3.750199,0.3583326,4.30223617,,2.706,35.299229,,,3.7000001,3.59999647,0.918782,0.05065854,,3.55,0.831315,
2011-10-02,9.39999054,0.89134505,3.76866281,,0.34199397,3.53,4.42045356,1.33816246,,,8.60908676,12.01641175,,14.76,,3.736693,0.36583258,4.29189451,,2.76,34.947993,,,3.7000001,3.5471964,0.963968,0.05459166,,3.72,0.847941,
2011-10-03,9.51999042,0.87623751,3.73332958,,0.34199397,3.4,4.35083993,1.33816246,,,8.60908676,11.309564,,14.49,,3.646652,0.36222148,4.03980993,,2.73,34.947993,,,3.7000001,3.59999647,0.941375,0.05301841,,3.69,0.839628,
2011-10-04,9.48039006,0.86112997,3.71532959,,0.33172131,3.2,4.2541546,1.47014511,,,8.60605646,11.63942676,,14.5,,3.601632,0.35555482,4.1787794,,2.58,34.772375,,,3.7000001,3.59999647,0.896189,0.05238911,,3.51,0.831315,
2011-10-05,9.59999034,0.83997941,3.6753297,,0.31738239,3.03,4.28896132,1.47014511,,,8.36666293,11.18233141,,14.01,,3.601632,0.34722151,3.87821754,,2.67,32.313722,,,3.7000001,3.59999647,0.858534,0.05034389,,3.41,0.798062,
2011-10-09,9.52039002,0.84300092,3.71732946,,0.30240143,3.05,4.32376823,1.47014511,,,8.78787455,11.31427632,,14.5,,3.601632,0.3436104,3.97840482,,2.7,32.138104,,,3.7000001,3.49199657,0.866065,0.05097319,,3.43,0.806375,
2011-10-10,9.36119058,0.81580734,3.66666298,,0.31246007,2.9,4.17680633,1.46931913,,,8.46363228,10.40479888,,14.1,,3.603133,0.33305487,3.79742134,,2.58,32.664958,,,3.7000001,3.59999647,0.790755,0.04829867,,3.13,0.781436,
2011-10-11,9.59959074,0.84602242,3.72732958,,0.29961925,3.05,4.37984553,1.47014511,,,8.93938963,10.84304449,,14.31,,3.601632,0.34722151,3.87821754,,2.652,32.664958,,,3.7000001,3.59999647,0.866065,0.05113051,,3.37,0.798062,
2011-10-12,9.59999034,0.84300092,3.76666288,,0.31160402,3.09,4.44365785,1.47014511,,,8.93938963,11.16819492,,14.41,,3.601632,0.35555482,3.78772579,,2.706,32.664958,,,3.7000001,3.59999647,0.888658,0.05050122,,3.33,0.806375,
2011-10-13,9.59959074,0.84904393,3.79866284,,0.32102062,3.15,4.44945897,1.47014511,,,8.99696566,10.93257901,,14.5,,3.601632,0.36166592,3.81358058,,2.706,33.36743,,,3.7000001,3.59999647,0.888658,0.05254644,,3.39,0.814688,
2011-10-16,9.59999034,0.85206544,3.86666277,,0.32080661,3.28,4.56934859,1.47014511,,,8.83635938,11.4367966,,14.74,,3.559613,0.37194368,3.82973982,,2.862,32.647395,,,3.7000001,3.59999647,0.941375,0.05364771,,3.47,0.839628,
2011-10-17,9.59999034,0.92458165,4.09999587,,0.32102062,3.27,4.63702851,1.47014511,,,8.90908661,11.85619293,,14.73,,3.586625,0.3655548,3.82650797,,2.784,32.840576,,,3.7000001,3.48119658,0.926313,0.05349038,,3.52,0.839628,
2011-10-18,8.66839168,0.91249561,4.29332914,,0.32102062,3.27,4.61189032,1.48996725,,,9.01514717,11.78550815,,14.69,,3.568617,0.36944369,3.85236275,,2.784,32.805453,,,3.7000001,3.59999647,0.918782,0.05270376,,3.56,0.831315,
2011-10-19,8.03999191,0.92760316,4.26666237,,0.31031994,3.23,4.64089592,1.53605384,,,9.09090471,12.0541103,,14.7,,3.559613,0.37916589,3.92669526,,2.778,32.700081,,,3.7000001,3.59999647,0.948906,0.05569293,,3.68,0.839628,
2011-10-20,8.51999143,0.91853863,4.26666237,,0.30411354,3.43,4.67957025,1.60229299,,,9.32423793,11.91745354,,14.8,,3.57612,0.380277,3.93315895,,2.79,32.700081,,,3.7000001,3.59999647,0.971499,0.05978337,,3.7,0.839628,
2011-10-23,8.48599106,0.92458165,4.41799535,,0.30411354,3.44,4.81492952,1.61782039,,,9.40908607,11.92687723,,14.75,,3.588126,0.38249921,3.95578189,,2.802,33.016194,,,3.7000001,3.65999641,1.001623,0.05978337,,3.68,0.847941,
2011-10-24,8.46159109,0.93062467,4.3366625,,0.30175939,3.3,4.82073064,1.55372862,,,9.33332853,11.36139998,,14.75,,3.556612,0.37527701,3.9299271,,2.82,32.664958,,,3.7000001,3.65999641,0.994092,0.06151394,,3.64,0.847941,
2011-10-25,8.55959179,0.93062467,4.41666222,,0.31674035,3.27,4.96769254,1.58577451,,,9.27575341,11.58287847,,14.8,,3.520595,0.37722145,3.92669526,,2.832,32.700081,,,3.7000001,3.65999641,0.97903,0.06513241,,3.53,0.839628,
2011-10-26,8.52039103,0.92458165,4.39999557,,0.30282945,3.23,4.93095192,1.58742632,,,8.79999606,11.46507051,,14.77,,3.451564,0.37249923,4.06566472,,2.88,32.700081,,,3.7000001,3.69599625,0.97903,0.06544706,,3.53,0.847941,
2011-10-27,8.63999131,0.93062467,4.46466224,,0.29961925,3.29,4.95028899,1.58742632,,,9.19090466,11.13520775,,14.8,,3.456066,0.37555478,3.9428545,,2.88,33.016194,,,3.7000001,3.66119641,1.024216,0.06466044,,3.62,0.847941,
2011-10-30,8.76879118,0.93062467,4.47199563,,0.30304347,3.33,5.02570354,1.61864625,,,9.27878371,11.14934518,,14.85,,3.556612,0.37833256,4.03657809,,2.88,32.840576,,,3.7000001,3.59999647,1.046809,0.06654833,,3.65,0.856254,
2011-10-31,8.75999119,0.93062467,4.4679953,,0.29961925,3.19,5.13399092,1.55273754,,,8.43635957,10.48490829,,14.65,,3.571618,0.37499923,4.0850558,,2.892,32.664958,,,3.7000001,3.71999635,1.031747,0.06733495,,3.58,0.847941,
2011-11-01,8.87919107,0.92760316,4.434662,,0.29448292,3.16,5.12432258,1.55571087,,,7.65151146,10.36710034,,14.39,,3.564115,0.37361034,4.08828765,,2.898,32.664958,,,3.7000001,3.71999635,1.009154,0.06591903,,3.47,0.839628,
2011-11-02,8.86839148,0.93062467,4.41066249,,0.29961925,3.19,5.12432258,1.55273754,,,7.87878408,9.44819779,,14.36,,3.603133,0.37694367,4.09475135,,2.88,32.664958,,,3.7000001,3.62399656,1.009154,0.06607636,,3.5,0.847941,
2011-11-03,8.87999107,0.9427107,4.41732902,,0.3081798,3.25,5.12625629,1.55273754,,,8.09393519,8.79789833,,14.42,,3.585124,0.37472145,4.09475135,,2.862,33.051317,,,3.7000001,3.74399644,1.009154,0.0676496,,3.53,0.847941,
2011-11-09,9.07999086,0.93364618,4.39999557,,0.3081798,3.28,5.10498552,1.55273754,,,8.07575368,7.92611944,,14.65,,3.471073,0.38194366,4.23372081,,2.82,33.051317,,,3.7000001,3.65999641,1.016685,0.06733495,,3.47,0.847941,
2011-11-10,9.03999091,0.92156014,4.34666209,,0.3081798,3.24,5.09531698,1.55273754,,,8.18181424,7.13444996,,14.4,,3.526598,0.38527699,4.2466482,,2.82,32.689545,,,3.7000001,3.71759635,1.024216,0.06591903,,3.46,0.847941,
2011-11-13,8.83999111,0.87623751,4.26666237,,0.29619503,3.08,4.97155957,1.54530427,,,7.87878408,6.42288989,,14.5,,3.451564,0.37916589,4.1787794,,2.76,32.696568,,,3.7000001,3.59999647,0.963968,0.06167127,,3.36,0.831315,
2011-11-14,8.63999131,0.85508695,4.19999577,,0.28164209,2.99,4.76658686,1.53638428,,,7.69696599,5.7820146,,14.01,,3.451564,0.35916593,4.03980993,,2.676,32.141617,,,3.7000001,3.59999647,0.90372,0.05978337,,3.13,0.823002,
2011-11-15,8.67999127,0.86112997,4.23332907,,0.28463829,3.0,4.74338257,1.5380361,,,7.68787538,5.20711176,,14.02,,3.423051,0.36111037,3.87821754,,2.7,31.857114,,,3.7000001,3.65999641,0.881127,0.0593114,,3.15,0.823002,
2011-11-16,8.70039085,0.86112997,4.24999572,,0.28356822,3.05,4.63122758,1.54447829,,,7.79090503,5.76316532,,14.1,,3.561114,0.36749924,3.97194113,,2.706,31.61125,,,3.7000001,3.65999641,0.918782,0.06025535,,3.17,0.823002,
2011-11-17,8.55999139,0.85508695,4.20332904,,0.28891856,3.07,4.56354766,1.53638428,,,7.65151146,5.30607044,,13.79,,3.451564,0.37055479,3.89760862,,2.7,31.61125,,,3.7000001,3.65999641,0.918782,0.06072732,,3.25,0.823002,
2011-11-20,8.32599122,0.84602242,4.1399957,,0.27821787,2.95,4.44752526,1.53638428,,,7.43939005,5.34848131,,13.3,,3.451564,0.33555487,3.83297166,,2.46,31.61125,,,3.7000001,3.59999647,0.843472,0.05899675,,3.17,0.806375,
2011-11-21,8.00079195,0.80069979,3.96332941,,0.2848523,2.77,4.11492791,1.53621905,,,7.15454231,4.96207121,,12.29,,3.158931,0.31305491,3.49039578,,2.4,31.260014,,,3.7000001,3.59999647,0.820879,0.05695153,,3.05,0.789749,
2011-11-22,7.59799236,0.7674632,3.86666277,,0.27094141,2.6,3.95443026,1.44090744,,,6.97272391,4.51440096,,11.99,,3.080896,0.29055496,3.17690653,,2.16,31.224891,,,3.7000001,3.53999652,0.783224,0.05317574,,3.06,0.76481,
2011-11-23,7.67999227,0.77652773,3.99999597,,0.27094141,2.56,3.8480762,1.51887459,,,6.97272391,4.15155245,,12.12,,2.852793,0.29583273,2.98945935,,2.16,31.61125,,,3.7000001,3.59879647,0.813348,0.05506363,,3.19,0.76481,
2011-11-24,8.03999191,0.81278583,4.03332927,,0.25852861,2.68,4.07818729,1.51821398,,,7.27272377,4.57094878,,12.68,,3.151428,0.31277714,3.2286161,,2.304,31.61125,,,3.7000001,3.58199648,0.851003,0.05663688,,3.3,0.748183,
2011-11-29,8.48039107,0.84602242,4.19666251,,0.27158345,2.9,4.225149,1.47526581,,,7.57575392,4.9337973,,13.07,,3.301496,0.31944379,3.39344034,,2.418,31.61125,,,3.7000001,3.62999644,0.90372,0.05852477,,3.41,0.798062,
2011-11-30,8.69199126,0.90040958,4.2339956,,0.27821787,2.97,4.45526028,1.47526581,,,7.65151146,5.35319363,,13.4,,3.33151,0.33361043,3.46130915,,2.55,31.541004,,,3.7000001,3.62999644,0.941375,0.06151394,,3.59,0.831315,
2011-12-01,8.55999139,0.91551712,4.2693291,,0.26430698,3.04,4.54421059,1.50599019,,,7.83939046,5.3720429,,13.82,,3.305998,0.33333265,3.52917796,,2.58,31.541004,,,3.7000001,3.62999644,0.963968,0.06292986,,3.65,0.847941,
2011-12-04,8.75999119,0.9064526,4.24266233,,0.25831459,3.0,4.50166924,1.50599019,,,7.727269,5.3202074,,14.0,,3.305998,0.34194374,3.57765568,,2.532,30.73316,,,3.7000001,3.65999641,0.941375,0.06119929,,3.63,0.839628,
2011-12-05,8.80599074,0.89738807,4.20732916,,0.25831459,2.94,4.4011163,1.50599019,,,7.78787534,5.22596103,,13.95,,3.250473,0.33749931,3.55503274,,2.55,31.786868,,,3.7000001,3.63119643,0.933844,0.06182859,,3.6,0.831315,
2011-12-06,8.99959135,0.91853863,4.26599584,,0.27158345,2.93,4.38951425,1.50318208,,,7.74848111,5.25423494,,14.0,,3.302997,0.34305485,3.53564165,,2.55,31.365386,,,3.7000001,3.68999638,0.941375,0.06182859,,3.6,0.839628,
2011-12-07,9.27199067,0.93364618,4.26066238,,0.27158345,2.94,4.35083993,1.50318208,,,7.58787543,5.23538567,,13.8,,3.391537,0.33861042,3.4580773,,2.538,30.908778,,,3.7000001,3.63239643,0.948906,0.06135662,,3.5,0.87288,
2011-12-08,9.36239058,0.98501182,4.26532904,,0.26109677,2.92,4.32570194,1.50334731,,,7.68787538,5.20711176,,13.77,,3.37653,0.33833264,3.43222252,,2.52,30.996587,,,3.7000001,3.68999638,0.948906,0.06104197,,3.54,0.881194,
2011-12-11,9.28199066,0.99105484,4.32666244,,0.26109677,2.91,4.25802201,1.51144132,,,7.65151146,5.1929748,,13.72,,3.375029,0.33527709,3.4580773,,2.46,31.61125,,,3.7000001,3.68999638,0.948906,0.06025535,,3.55,0.864567,
2011-12-12,9.2403903,0.99105484,4.35666215,,0.25039609,2.74,4.06078393,1.51144132,,,7.3333301,4.99034512,,13.57,,3.230964,0.33111043,3.24477534,,2.406,31.302163,,,3.7000001,3.60959646,0.911251,0.05946872,,3.41,0.856254,
2011-12-13,9.19999074,0.99709786,4.43266207,,0.2396954,2.79,4.07818729,1.51970057,,,7.57575392,4.99505743,,13.6,,3.253474,0.33333265,3.23831164,,2.496,31.25299,,,3.7000001,3.69599625,0.911251,0.06104197,,3.42,0.864567,
2011-12-14,9.2407907,1.03033445,4.46666217,,0.24140751,2.79,4.1381322,1.51144132,,,7.58181453,5.05160525,,13.9,,3.253474,0.32583266,3.25123903,,2.484,30.757746,,,3.7000001,3.62999644,0.926313,0.06104197,,3.45,0.864567,
2011-12-15,9.31999062,1.02731294,4.44732879,,0.24611581,2.8,4.14393332,1.51970057,,,7.46060277,5.11286539,,13.74,,3.260978,0.33194376,3.27063012,,2.49,31.256501,,,3.7000001,3.62999644,0.918782,0.05962605,,3.42,0.856254,
2011-12-18,9.08039046,0.97292579,4.3686622,,0.23541512,2.75,3.94669524,1.49657466,,,7.38181492,4.6510582,,13.38,,3.091401,0.32166601,3.13489251,,2.286,31.260014,,,3.7000001,3.59999647,0.873596,0.05569293,,3.23,0.814688,
2011-12-19,9.19999074,1.00314087,4.43332887,,0.24183554,2.77,3.9621649,1.51970057,,,7.42726915,4.65577051,,13.38,,3.00136,0.32555489,3.21568871,,2.394,30.209818,,,3.7000001,3.59999647,0.873596,0.05821012,,3.25,0.823002,
2011-12-20,8.95999099,0.93968919,4.36666227,,0.23862533,2.64,3.78039628,1.4866636,,,7.27272377,4.36831957,,12.95,,3.00136,0.31666602,3.02500968,,2.34,30.209818,,,3.7000001,3.62999644,0.835941,0.05522096,,3.14,0.798062,
2011-12-21,8.83999111,0.92156014,4.3679954,,0.25039609,2.63,3.79973354,1.51970057,,,7.22423894,4.33533287,,13.1,,2.926326,0.31027714,3.10257403,,2.376,30.73316,,,3.7000001,3.59999647,0.82841,0.05537828,,3.06,0.789749,
2011-12-22,8.05132528,0.88832355,4.3733288,,0.23862533,2.56,3.67597631,1.51970057,,,7.13029989,4.21752491,,12.65,,3.00136,0.30555493,3.07025555,,2.166,30.73316,,,3.7000001,3.54359664,0.813348,0.05396236,,2.94,0.781436,
2011-12-25,8.3999916,0.9759473,4.40999569,,0.24012343,2.64,3.67984392,1.51970057,,,7.27272377,4.4201546,,12.95,,3.00136,0.31111047,3.1478199,,2.394,30.820969,,,3.7000001,3.54359664,0.843472,0.05585025,,2.95,0.798062,
2011-12-26,8.5333248,0.96990428,4.43266207,,0.26559106,2.61,3.68564465,1.51970057,,,7.18787502,4.34004519,,12.94,,2.884307,0.30555493,3.11873327,,2.28,31.61125,,,3.7000001,3.59639635,0.82841,0.05506363,,2.99,0.798062,
2011-12-27,8.24999175,1.03033445,4.3733288,,0.25253622,2.58,3.67404261,1.50334731,,,7.19393592,4.24579882,,12.97,,2.89031,0.30444382,3.11226957,,2.31,31.172205,,,3.7000001,3.59639635,0.805817,0.05537828,,2.88,0.789749,
2011-12-28,8.2333251,1.00616238,4.27466256,,0.28913257,2.5,3.57735727,1.4042364,,,7.1454511,4.05259377,,12.8,,2.926326,0.29555495,3.07671957,,2.31,30.908778,,,3.7000001,3.59999647,0.790755,0.05349038,,2.79,0.789749,
2011-12-29,8.333325,1.03939898,4.3033292,,0.28913257,2.53,3.59282693,1.53208944,,,7.12726929,4.14212782,,13.05,,2.945835,0.30305493,3.19952947,,2.28,31.084396,,,3.7000001,3.54239652,0.813348,0.05427701,,2.87,0.806375,
2012-01-02,8.44065822,1.02126993,4.44866239,,0.28913257,2.57,3.62763365,1.51160655,,,7.01211753,4.24579882,,13.2,,2.990855,0.30555493,3.23507979,,2.28,31.084396,,,3.7000001,3.59999647,0.82841,0.05522096,,2.99,0.814688,
2012-01-03,8.37065829,1.0122054,4.48999535,,0.28913257,2.54,3.61796492,1.51986579,,,7.22726924,4.16568941,,13.16,,2.990855,0.30416604,3.18337023,,2.292,31.084396,,,3.7000001,3.59999647,0.820879,0.05506363,,2.93,0.798062,
2012-01-04,8.58532475,1.00918389,4.52399551,,0.29961925,2.52,3.67404261,1.51986579,,,7.25454226,4.15626477,,13.27,,2.990855,0.30555493,3.20276132,,2.34,31.260014,,,3.7000001,3.65159641,0.820879,0.05553561,,2.94,0.789749,
2012-01-05,8.4666582,1.00314087,4.53332877,,0.33172131,2.48,3.65663925,1.51986579,,,7.37878432,4.07615536,,13.38,,2.902315,0.3022216,3.13812436,,2.34,31.260014,,,3.7000001,3.65159641,0.813348,0.05459166,,2.86,0.798062,
2012-01-09,8.2666584,0.98501182,4.66666197,,0.3315073,2.35,3.70884933,1.51986579,,,6.88484486,3.88295031,,13.16,,2.915821,0.29444384,3.19306577,,2.31,31.084396,,,3.7000001,3.65159641,0.798286,0.05364771,,2.75,0.773123,
2012-01-10,8.35332498,1.0122054,4.702662,,0.33172131,2.42,3.8480762,1.55273754,,,6.89999667,3.95363508,,13.3,,2.941333,0.30388826,3.36112186,,2.232,31.347823,,,3.7000001,3.65159641,0.813348,0.05459166,,2.83,0.773123,
2012-01-11,8.40065826,1.01522691,4.6733285,,0.29961925,2.46,3.83067265,1.55273754,,,7.24242075,4.00547058,,13.52,,2.926326,0.30416604,3.31587599,,2.292,31.347823,,,3.7000001,3.59999647,0.843472,0.05632223,,2.99,0.781436,
2012-01-12,8.3999916,1.0122054,4.66666197,,0.30282945,2.47,3.83067265,1.55273754,,,7.03939054,4.00075827,,13.48,,2.95634,0.30777715,3.36758556,,2.28,31.769305,,,3.7000001,3.59999647,0.866065,0.0561649,,3.1,0.789749,
2012-01-15,8.42332491,1.02126993,4.71332839,,0.3004753,2.58,3.85000991,1.55273754,,,7.18181502,4.08558,,13.68,,2.95634,0.31249936,3.34819447,,2.25,30.908778,,,3.7000001,3.59999647,0.896189,0.05695153,,3.18,0.798062,
2012-01-16,8.4666582,1.07565708,4.67066183,,0.3004753,2.54,3.86934698,1.4866636,,,6.96969361,4.02431986,,13.9,,2.999859,0.30555493,3.31264415,,2.25,30.912291,,,3.7000001,3.59999647,0.888658,0.05663688,,3.12,0.823002,
2012-01-17,8.4666582,1.06961406,4.66666197,,0.28913257,2.53,3.91768964,1.48682882,,,6.46363325,4.0101829,,14.0,,3.151428,0.3119438,3.28032567,,2.22,30.919314,,,3.7000001,3.57119649,0.896189,0.05474898,,3.03,0.839628,
2012-01-18,8.3999916,1.05450652,4.7366621,,0.29983326,2.62,3.86741327,1.51970057,,,7.04545115,4.05730609,,14.34,,3.076394,0.31055492,3.26739827,,2.262,30.740183,,,3.7000001,3.56399662,0.918782,0.05537828,,3.3,0.839628,
2012-01-19,8.333325,1.03335596,4.7033288,,0.28891856,2.57,3.80553466,1.51970057,,,6.66666345,3.96777204,,14.11,,3.149927,0.30555493,3.29002121,,2.22,31.576127,,,3.7000001,3.59999647,0.888658,0.05474898,,3.14,0.839628,
2012-01-22,8.333325,1.04242049,4.70066207,,0.29384088,2.49,3.78039628,1.51970057,,,6.71211798,3.92536117,,14.03,,3.010364,0.29722161,3.23184795,,2.28,31.576127,0.08025,,3.7000001,3.55199651,0.888658,0.05364771,,3.12,0.831315,
2012-01-23,8.3666583,1.05450652,4.73332857,,0.29384088,2.46,3.79973354,1.51557095,,,6.9545424,3.93949813,,14.06,,3.077895,0.30555493,3.26416643,,2.388,31.576127,0.09202,,3.7000001,3.53999652,0.873596,0.05506363,,3.15,0.839628,
2012-01-24,8.41665825,1.06659256,4.77466206,,0.26537705,2.57,3.85774493,1.51970057,,,6.99999662,4.00547058,,14.38,,3.151428,0.30194382,3.35142632,,2.382,30.132546,0.08881,,3.7000001,3.59999647,0.926313,0.05506363,,3.31,0.839628,
2012-01-26,8.53199147,1.10285066,4.83332847,,0.29961925,2.75,4.00277293,1.51970057,,,7.12423899,4.17040173,,15.0,,3.301496,0.32444378,3.54856905,,2.448,31.818478,0.10486,,3.7000001,3.64799642,0.971499,0.05836745,,3.48,0.881194,
2012-01-29,8.666658,1.10587217,4.93866183,,0.28057202,2.76,4.31796692,1.52003088,,,7.16363261,4.34946982,,14.65,,3.340514,0.32388822,3.66814742,,2.61,33.06888,0.107,,3.7000001,3.48239658,0.971499,0.0586821,,3.7,0.889507,
2012-01-30,8.5339908,1.10587217,4.95532848,,0.27415161,2.74,4.36244198,1.4866636,,,7.11817839,4.2410865,,14.54,,3.286489,0.324166,3.57765568,,2.64,33.051317,0.10593,,3.7000001,3.54119652,0.956437,0.06104197,,3.7,0.889507,
2012-01-31,8.666658,1.1179582,5.02132828,,0.29897721,2.82,4.45526028,1.51970057,,,7.22120864,4.40601764,,14.84,,3.39904,0.33444376,3.65198818,,2.73,31.973023,0.11235,,3.7000001,3.56999649,1.001623,0.06292986,,3.86,0.906133,
2012-02-01,8.64065802,1.12400122,5.13332817,,0.28185611,2.95,4.51520499,1.51243241,,,7.16666321,4.55209951,,14.6,,3.451564,0.33888819,3.79095764,,2.7,32.071368,0.11449,,3.7000001,3.58199648,1.05434,0.06340184,,3.93,0.914446,
2012-02-02,8.48132485,1.06659256,5.06732837,,0.26366494,2.86,4.26575664,1.47014511,,,6.93939059,4.2410865,,14.51,,3.290991,0.32722155,3.57119198,,2.592,31.474268,0.10807,,3.7000001,3.59999647,0.994092,0.06056999,,3.79,0.87288,
2012-02-06,8.40665826,1.05752803,5.02199508,,0.23990941,2.78,4.2541546,1.51986579,,,7.23333015,4.28349737,,14.51,,3.166435,0.32749933,3.51301872,,2.616,31.962486,0.11877,,3.7000001,3.59879647,1.016685,0.05978337,,3.91,0.87288,
2012-02-07,8.4333249,1.06961406,5.12332804,,0.27308154,2.84,4.24448626,1.51970057,,,7.17878472,4.38245605,,14.7,,3.339013,0.32749933,3.49039578,,2.712,31.997609,0.12091,,3.7000001,3.59999647,1.031747,0.06245789,,3.59,0.889507,
2012-02-08,8.4666582,1.09076463,5.23332807,,0.29191475,2.92,4.27542556,1.51970057,,,7.12120869,4.43429155,,14.8,,3.37653,0.33249932,3.58735122,,2.766,32.464754,0.13268,,3.7000001,3.59879647,1.069402,0.06340184,,3.92,0.914446,
2012-02-09,8.43999156,1.09076463,5.19999477,,0.27821787,2.95,4.33150286,1.51970057,,,7.15454231,4.38716837,,14.8,,3.301496,0.33083265,3.56472829,,2.712,33.104003,0.14445,,3.7000001,3.48119658,1.12965,0.06371649,,3.97,0.922759,
2012-02-12,8.45999154,1.10889368,5.19999477,,0.26751719,2.99,4.35083993,1.51970057,,,7.25454226,4.5238256,,14.95,,3.42155,0.33861042,3.80711688,,2.844,33.104003,0.14445,,3.7000001,3.58199648,1.182367,0.06528973,,4.07,0.922759,
2012-02-13,8.52065814,1.16328083,5.26332784,,0.28035801,3.34,4.62155886,1.51011982,,,7.17272381,4.92437266,,15.93,,3.451564,0.34722151,4.03980993,,2.922,32.348845,0.15408,,3.7000001,3.4835967,1.272739,0.0676496,,4.44,0.964325,
2012-02-14,8.35065831,1.15421631,5.26666137,,0.27950196,3.3,4.55581264,1.51970057,,,7.21211743,4.78300311,,16.4,,3.381032,0.36111037,3.99779591,,2.82,33.36743,0.16371,,3.7000001,3.43319675,1.257677,0.06938018,,4.4,0.939386,
2012-02-15,8.37465829,1.16025932,5.26066164,,0.26794521,3.29,4.5190726,1.53126346,,,7.12726929,4.5238256,,15.58,,3.451564,0.38888809,3.96224558,,2.88,33.016194,0.15301,,3.7000001,3.31199675,1.257677,0.06749228,,4.43,0.939386,
2012-02-16,8.3686583,1.14817329,5.2366616,,0.26109677,3.28,4.45332657,1.53621905,,,6.99999662,4.76886615,,15.75,,3.429054,0.40527694,3.9428545,,2.85,33.191812,0.14338,,3.7000001,3.29999676,1.265208,0.06717763,,4.42,0.939386,
2012-02-19,8.40332493,1.20860346,5.30666119,,0.25275024,3.42,4.52487353,1.53539307,,,7.20908774,5.02804366,,15.6,,3.451564,0.42499913,4.02041885,,2.796,33.718667,0.1498,,3.7000001,3.41999664,1.393235,0.0689082,,4.6,0.964325,
2012-02-20,8.45532488,1.19651743,5.42332774,,0.25403432,3.62,4.6331609,1.53539307,,,7.21211743,5.11757771,,15.6,,3.51009,0.41111027,4.10767874,,2.832,33.384993,0.1498,,3.7000001,3.38639656,1.408297,0.0676496,,4.62,0.956012,
2012-02-21,8.40132493,1.16025932,5.35332814,,0.25039609,3.47,4.50166924,1.53539307,,,7.21514773,4.96207121,,15.41,,3.543106,0.40888805,4.08182396,,2.802,33.384993,0.14552,,3.7000001,3.39839666,1.415828,0.06670566,,4.53,0.947699,
2012-02-22,8.38665828,1.14515178,5.35332814,,0.24632982,3.44,4.52874094,1.53539307,,,7.12726929,4.94793425,,15.41,,3.48608,0.40861027,4.02688254,,2.832,33.016194,0.14338,,3.7000001,3.3599967,1.423359,0.06623368,,4.43,0.947699,
2012-02-23,8.3999916,1.17838838,5.39999456,,0.25039609,3.56,4.66990152,1.51986579,,,7.36363251,5.05631757,,15.91,,3.474074,0.42388802,4.13676537,,2.85,34.03478,0.14873,,3.7000001,3.41999664,1.461014,0.0676496,,4.52,0.964325,
2012-02-26,8.41999158,1.19651743,5.58332771,,0.25189418,3.78,4.89034427,1.51986579,,,7.48787487,5.11286539,,15.89,,3.534101,0.43777688,4.41147245,,2.928,34.03478,0.15408,,3.7000001,3.3599967,1.604103,0.06922285,,4.66,1.005891,
2012-02-27,8.4333249,1.27507665,5.57066093,,0.25039609,3.75,4.74144867,1.54447829,,,7.46363246,5.05160525,,15.67,,3.573119,0.42944356,4.47610941,,2.886,33.718667,0.15087,,3.7000001,3.38999667,1.641758,0.06985215,,4.6,1.005891,
2012-02-28,8.55332478,1.27507665,5.5346609,,0.2568165,3.72,4.7511172,1.65184844,,,7.46060277,5.05631757,,15.71,,3.499586,0.43194356,4.62154256,,2.898,32.313722,0.15087,,3.7000001,3.39119667,1.634227,0.07000947,,4.6,0.997578,
2012-02-29,8.6333247,1.28414118,5.66666096,,0.25917065,3.88,4.64089592,1.68488541,,,7.49999638,5.07516685,,15.94,,3.520595,0.45972125,4.62154256,,2.85,32.313722,0.14231,,3.7000001,3.40799665,1.65682,0.07205469,,4.69,1.014204,
2012-03-01,8.64665802,1.2901842,5.75332774,,0.25703051,3.83,4.80526099,1.62062852,,,7.60605694,5.654782,,15.96,,3.541605,0.45999903,4.81545344,,2.844,33.016194,0.15194,,3.7000001,3.3839968,1.686944,0.07236934,,4.67,1.014204,
2012-03-05,8.8999911,1.24788308,5.83332746,,0.26452099,3.79,4.75885222,1.68488541,,,7.57575392,5.77258996,,15.6,,3.646652,0.45861017,4.94472736,,2.88,33.223422,0.15301,,3.7000001,3.39599655,1.641758,0.07756106,,4.77,0.997578,
2012-03-06,8.93732439,1.27809816,5.95999413,,0.2553184,3.87,4.89034427,1.7014039,,,7.54545091,5.80086387,,15.7,,3.691673,0.47222125,5.2388252,,2.622,33.543048,0.14873,,3.7000001,3.41999664,1.702006,0.08007825,,4.95,1.014204,
2012-03-07,8.6999913,1.27507665,6.07066042,,0.25360629,3.77,5.02183594,1.7014039,,,7.46060277,5.4992755,,15.6,,3.70668,0.48083232,5.05137834,,2.778,33.195325,0.14766,,3.7000001,3.39839666,1.671882,0.07866233,,4.83,0.997578,
2012-03-08,8.62265804,1.24788308,6.03999379,,0.25424833,3.6,4.97929459,1.69314466,,,7.27272377,5.42859072,,15.75,,3.631646,0.45888795,4.89624964,,2.772,33.363917,0.1605,,3.7000001,3.3839968,1.619165,0.07724641,,4.71,0.980951,
2012-03-12,8.4686582,1.16630234,5.85332764,,0.26944331,3.33,4.74338257,1.6969439,,,7.18787502,5.01861903,,15.2,,3.526598,0.43055467,4.54074637,,2.7,32.840576,0.15301,,3.7000001,3.3599967,1.461014,0.07866233,,4.22,0.964325,
2012-03-13,8.3999916,1.16630234,5.60932762,,0.27308154,3.11,4.60995662,1.69314466,,,6.82726974,4.82070166,,14.62,,3.235466,0.42083247,4.30482147,,2.67,32.686032,0.1498,,3.7000001,3.37799668,1.378173,0.07520119,,4.06,0.956012,
2012-03-14,8.41399158,1.16932385,5.66666096,,0.27436563,3.13,4.61189032,1.69942168,,,7.06969356,4.83012629,,14.5,,3.272983,0.42583246,4.41147245,,2.688,32.48934,0.15194,,3.7000001,3.37799668,1.385704,0.07630246,,4.14,0.922759,
2012-03-15,8.4353249,1.19349592,5.72532737,,0.27821787,3.21,4.74338257,1.7014039,,,7.06363265,4.92908498,,14.8,,3.312001,0.44055465,4.42763169,,2.694,32.48934,0.15622,,3.7000001,3.2579968,1.461014,0.08023558,,4.29,0.964325,
2012-03-19,8.3999916,1.17838838,5.77532732,,0.25810058,3.16,4.73758126,1.7014039,,,7.06363265,4.76415384,,14.72,,3.227963,0.42194358,4.24988005,,2.64,32.527976,0.15087,,3.7000001,3.19439698,1.385704,0.0829101,,4.08,0.980951,
2012-03-20,8.43399156,1.17838838,5.76666086,,0.27821787,3.1,4.73758126,1.7014039,,,7.1606023,4.61807197,,14.75,,3.238467,0.43055467,4.25634375,,2.58,32.591199,0.14766,,3.7000001,3.11759694,1.332987,0.08401137,,4.06,0.931072,
2012-03-21,8.43465823,1.20860346,5.99866083,,0.27179746,3.24,4.84586863,1.69380539,,,7.04848145,4.82541397,,14.8,,3.301496,0.44472131,4.38238582,,2.64,32.664958,0.15087,,3.7000001,3.10559683,1.415828,0.08495532,,4.28,0.947699,
2012-03-22,8.45332488,1.21464648,6.00466062,,0.26751719,3.21,4.93481933,1.69380539,,,6.97575421,4.83483861,,14.92,,3.226462,0.44666575,4.35329918,,2.64,32.664958,0.15087,,3.7000001,2.99759706,1.408297,0.08621391,,4.24,0.939386,
2012-03-25,8.35332498,1.16025932,5.86666076,,0.26131079,2.98,4.6911723,1.69380539,,,6.68181466,4.54267487,,14.51,,3.091401,0.43055467,4.02688254,,2.592,32.313722,0.14552,,3.7000001,2.86559707,1.287801,0.08212347,,3.99,0.922759,
2012-03-26,8.33665833,1.12702273,5.79999416,,0.2771478,2.89,4.60028828,1.69380539,,,6.87878486,4.38245605,,13.92,,3.151428,0.42361024,4.05273733,,2.61,32.587686,0.14445,,3.7000001,2.70719722,1.242615,0.0803929,,3.9,0.914446,
2012-03-27,8.3999916,1.10285066,5.88999394,,0.27115542,2.99,4.63896222,1.70156907,,,6.78787551,4.48141474,,13.89,,3.068891,0.43277689,4.34037179,,2.64,32.81599,0.14445,,3.7000001,2.6519974,1.28027,0.08479799,,4.03,0.922759,
2012-03-28,8.40065826,1.10889368,5.93332736,,0.27158345,2.99,4.70277454,1.68488541,,,6.69696647,4.45314083,,13.81,,3.151428,0.43055467,4.3339081,,2.526,29.942878,0.14445,,3.7000001,2.51999753,1.265208,0.08873111,,4.05,0.939386,
2012-03-29,8.40399159,1.12400122,5.95332754,,0.27436563,3.01,4.80139357,1.71742682,,,6.79090582,4.45785314,,13.99,,3.113911,0.43055467,4.28219853,,2.61,30.030687,0.14124,,3.7000001,2.5499975,1.28027,0.0912483,,4.05,0.939386,
2012-04-01,8.40399159,1.07565708,5.93666089,,0.2677312,2.9,4.76852056,1.71742682,,,6.66666345,4.26464809,,13.95,,3.076394,0.42499913,4.16908385,,2.52,30.294114,0.14017,,3.7000001,2.43599749,1.212491,0.08904576,,3.96,0.931072,
2012-04-02,8.40332493,1.07867859,5.94666048,,0.27029936,2.91,4.87680794,1.68488541,,,6.66666345,4.2410865,,13.45,,2.941333,0.40833249,4.10121504,,2.556,30.311677,0.14873,,3.7000001,2.39999764,1.197429,0.08762984,,3.83,0.931072,
2012-04-03,8.33399166,1.07565708,6.01866054,,0.27179746,2.93,4.73758126,1.70024761,,,6.66666345,4.25522346,,13.58,,2.8678,0.40833249,4.12706983,,2.616,30.402997,0.14873,,3.7000001,2.29199775,1.197429,0.08841646,,3.85,0.939386,
2012-04-04,8.333325,1.04242049,5.88399421,,0.27201147,2.93,4.693106,1.68488541,,,6.67272405,4.22694955,,13.27,,2.851292,0.40444361,4.08828765,,2.532,30.030687,0.14766,,3.7000001,2.34599758,1.265208,0.08652856,,3.78,0.931072,
2012-04-05,8.34999165,1.05148501,5.83466059,,0.26965732,2.92,4.67957025,1.68488541,,,6.67272405,4.20810027,,13.0,,2.864798,0.40972138,4.11091059,,2.532,30.069324,0.14552,,3.7000001,2.31359785,1.272739,0.08731519,,3.68,0.931072,
2012-04-08,8.3666583,1.02126993,5.79999416,,0.27500767,2.92,4.53840928,1.68488541,,,6.57575471,4.1374155,,13.66,,2.8678,0.40277695,3.99456406,,2.58,28.801361,0.14231,,3.7000001,2.32199772,1.250146,0.08353939,,3.56,0.922759,
2012-04-09,8.333325,0.98199031,5.79999416,,0.26751719,2.75,4.40885093,1.51639691,,,6.57575471,4.10442927,,12.37,,2.851292,0.38888809,3.81681243,,2.55,27.04518,0.13268,,3.7000001,2.28119776,1.167305,0.07866233,,3.45,0.89782,
2012-04-17,8.34399165,0.99407635,5.65066111,,0.26452099,2.79,4.66603392,1.54034868,,,6.43939083,4.11385391,,12.2,,2.91282,0.41388804,3.65198818,,2.496,29.538956,0.1498,,3.7000001,2.2391978,1.197429,0.08243812,,3.65,0.889507,
2012-04-18,8.34399165,0.99709786,5.49999446,,0.27265352,2.8,4.64089592,1.68488541,,,6.43939083,4.12799086,,12.23,,2.926326,0.4119436,3.63582894,,2.43,29.538956,0.15087,,3.7000001,2.17199787,1.20496,0.08338207,,3.68,0.889507,
2012-04-19,8.39865827,1.00918389,5.57066093,,0.26559106,2.85,4.68923859,1.68488541,,,6.96666331,4.14684013,,12.28,,2.945835,0.41499915,3.66814742,,2.4,28.098889,0.15087,,3.7000001,2.15039789,1.212491,0.08652856,,3.73,0.89782,
2012-04-22,8.40065826,1.03033445,5.61932774,,0.26580508,3.02,4.69890693,1.68488541,,,7.05454236,4.189251,,12.34,,2.926326,0.42111025,3.71662514,,2.4,28.098889,0.15087,,3.7000001,2.15879788,1.242615,0.09109098,,3.82,0.89782,
2012-04-23,8.44332489,1.06961406,5.74132775,,0.26751719,3.07,4.77045427,1.68488541,,,6.52423958,4.29763432,,12.73,,2.821278,0.44027687,3.84589906,,2.49,29.489783,0.15408,,3.7000001,2.23199781,1.295332,0.08731519,,4.06,0.914446,
2012-04-24,8.51999148,1.05148501,5.67066083,,0.27115542,3.11,4.88067555,1.52085686,,,6.70302737,4.2410865,,13.01,,2.851292,0.4374991,3.94608634,,2.52,29.507346,0.14445,,3.7000001,2.15759788,1.302863,0.08574194,,4.05,0.89782,
2012-04-26,8.4999915,1.0484635,5.66666096,,0.2724395,3.09,4.8961452,1.52085686,,,6.66666345,4.2410865,,13.21,,2.851292,0.43638799,4.15292461,,2.526,29.802383,0.14873,,3.7000001,2.15999788,1.332987,0.08605659,,4.05,0.914446,
2012-04-29,8.41732491,1.0484635,5.66666096,,0.27821787,3.1,4.84780253,1.50318208,,,6.66666345,4.20338795,,13.07,,2.809273,0.43361022,4.36299473,,2.55,29.503833,0.13696,,3.7000001,2.17919786,1.393235,0.08526997,,4.08,0.914446,
2012-04-30,8.46399153,1.03939898,5.66732776,,0.26965732,3.08,4.90194632,1.49161919,,,6.51514837,4.32119591,,12.8,,2.812274,0.43666577,4.27896668,,2.55,30.209818,0.15087,,3.7000001,2.27279789,1.393235,0.08196615,,4.16,0.914446,
2012-05-02,8.53999212,0.99709786,5.63666119,,0.25510439,2.99,4.88841057,1.49161919,,,6.51817867,4.27878505,,12.6,,2.822779,0.41972136,4.14646092,,2.538,29.855069,0.14552,,3.7000001,2.22719769,1.310394,0.07803303,,3.95,0.906133,
2012-05-03,8.54999145,0.99105484,5.60666089,,0.2429056,2.96,4.83426659,1.50268654,,,6.51817867,4.24579882,,12.79,,2.851292,0.42361024,4.21756157,,2.55,29.507346,0.14552,,3.7000001,2.22239782,1.302863,0.07708908,,3.89,0.906133,
2012-05-06,8.5999914,0.99709786,5.69066101,,0.24954003,3.07,4.86520589,1.50268654,,,6.51817867,4.31177128,,12.95,,2.851292,0.42666579,4.21756157,,2.55,30.051761,0.14873,,3.7000001,2.2631979,1.363111,0.08023558,,3.97,0.906133,
2012-05-07,8.6006574,1.02126993,5.73199443,,0.25703051,3.18,4.87680794,1.51970057,,,6.51817867,4.38245605,,12.81,,2.822779,0.433888,4.2531119,,2.562,30.206305,0.14766,,3.7000001,2.27399789,1.415828,0.0791343,,4.09,0.914446,
2012-05-08,8.666658,1.03335596,5.72332744,,0.27800386,3.29,4.99283053,1.49492284,,,6.51817867,4.41072996,,12.8,,2.906817,0.42833245,4.29835777,,2.58,29.858582,0.14552,,3.7000001,2.28239776,1.43089,0.07992093,,4.16,0.922759,
2012-05-09,8.68665798,1.03637747,5.78399431,,0.27821787,3.25,5.00056555,1.49492284,,,6.53029958,4.41072996,,12.83,,2.986353,0.4499991,4.03980993,,2.616,29.858582,0.14766,,3.7000001,2.35439781,1.453483,0.08212347,,4.21,0.906133,
2012-05-10,8.71265795,1.045442,5.73332756,,0.26751719,3.26,5.01796891,1.49492284,,,6.53029958,4.38245605,,12.74,,2.996858,0.44305465,4.26280744,,2.628,28.801361,0.14766,,3.7000001,2.38199766,1.476076,0.08180882,,4.29,0.89782,
2012-05-13,8.7666579,1.05450652,5.73666109,,0.26473501,3.27,5.0392393,1.49673988,,,6.54848199,4.40601764,,12.81,,3.074893,0.44499909,4.20140233,,2.622,29.331728,0.14873,,3.7000001,2.38199766,1.491138,0.08511264,,4.37,0.906133,
2012-05-14,8.666658,1.05450652,5.73266076,,0.26345092,3.2,5.0411732,1.42637111,,,6.66666345,4.36360678,,12.82,,3.151428,0.44194354,4.06566472,,2.622,29.503833,0.14873,,3.7000001,2.35799768,1.453483,0.0829101,,4.3,0.906133,
2012-05-15,8.7673239,1.02429144,5.66732776,,0.26345092,3.09,5.00830018,1.48253398,,,6.66666345,4.26464809,,12.79,,3.151428,0.43638799,3.89114493,,2.64,29.503833,0.1498,,3.7000001,2.1419979,1.408297,0.08070755,,4.25,0.89782,
2012-05-16,8.7333246,1.00918389,5.64999431,,0.25296425,3.0,4.90194632,1.48253398,,,6.66666345,4.25051161,,12.82,,3.151428,0.43222133,3.81358058,,2.556,29.503833,0.14659,,3.7000001,2.14799789,1.400766,0.08133685,,4.1,0.89782,
2012-05-17,8.60332473,0.99407635,5.59932756,,0.25168017,2.93,4.90001261,1.47014511,,,6.66666345,4.17511404,,12.25,,3.04638,0.42222135,3.71985699,,2.55,29.510857,0.14017,,3.7000001,2.09399806,1.340518,0.08023558,,4.06,0.864567,
2012-05-20,8.65332468,0.98501182,5.58932744,,0.2553184,2.87,4.81492952,1.47064065,,,6.66666345,4.09971695,,12.4,,2.929327,0.41666581,3.55826459,,2.55,29.507346,0.13803,,3.7000001,1.97879806,1.317925,0.07929163,,3.95,0.864567,
2012-05-21,8.666658,1.00314087,5.59999436,,0.2553184,2.93,4.84393493,1.47064065,,,6.36363329,4.15155245,,12.5,,2.953338,0.41861025,3.59381492,,2.508,29.503833,0.14017,,3.7000001,1.97639794,1.332987,0.08007825,,4.06,0.87288,
2012-05-22,8.60132473,1.02429144,5.60266109,,0.2568165,2.95,4.81879693,1.47064065,,,6.36363329,4.15155245,,12.4,,2.993857,0.42111025,3.55826459,,2.466,29.510857,0.14231,,3.7000001,1.95599796,1.348049,0.08070755,,4.13,0.881194,
2012-05-23,8.62665737,1.02126993,5.63332766,,0.26216684,2.96,4.89227759,1.47014511,,,6.39393631,4.18453868,,12.59,,3.00136,0.42277691,3.53564165,,2.538,29.507346,0.14445,,3.7000001,1.96319819,1.340518,0.08023558,,4.17,0.889507,
2012-05-24,8.66532467,1.03033445,5.66666096,,0.26216684,3.08,4.94642157,1.47064065,,,6.39393631,4.32590823,,12.5,,3.00136,0.42638801,3.60027861,,2.55,28.446612,0.14552,,3.7000001,1.97519794,1.393235,0.08306742,,4.36,0.914446,
2012-05-27,8.60665872,1.01522691,5.53332776,,0.24611581,2.82,4.74338257,1.33386762,,,6.5787844,4.14684013,,12.2,,2.926326,0.39999918,3.29325306,,2.55,28.801361,0.1391,,3.7000001,1.88639815,1.28027,0.08023558,,4.03,0.89782,
2012-05-28,8.5333248,1.00314087,5.54999441,,0.24632982,2.75,4.6911723,1.33386762,,,6.5606029,4.14684013,,12.15,,2.941333,0.40277695,3.23831164,,2.55,27.40344,0.1391,,3.7000001,1.85999817,1.257677,0.07929163,,4.02,0.881194,
2012-05-29,8.63199137,1.00011937,5.53399456,,0.24076547,2.78,4.6041553,1.33799723,,,6.36363329,4.09971695,,12.24,,2.950337,0.39694363,3.33203523,,2.49,28.105912,0.13803,,3.7000001,1.8359982,1.257677,0.0791343,,4.04,0.87288,
2012-05-30,8.66132467,1.00011937,5.52132778,,0.25724453,2.72,4.69697361,1.34840384,,,6.36363329,4.10442927,,12.25,,2.942834,0.39194364,3.29325306,,2.556,28.383389,0.13589,,3.7000001,1.85999817,1.235084,0.07724641,,4.0,0.881194,
2012-05-31,8.66332467,1.00616238,5.41866115,,0.25724453,2.68,4.65829928,1.34840384,,,6.03030012,4.0620184,,12.35,,3.00136,0.39194364,3.08318294,,2.574,28.102402,0.13482,,3.7000001,1.86119817,1.227553,0.07598781,,3.99,0.889507,
2012-06-03,8.664658,0.9427107,5.41999474,,0.2429056,2.61,4.6641006,1.35451572,,,6.03030012,3.89237494,,12.28,,3.00136,0.38638809,3.19306577,,2.556,28.098889,0.13375,,3.7000001,1.8359982,1.174836,0.07268399,,3.9,0.89782,
2012-06-04,8.666658,0.99407635,5.49266107,,0.2429056,2.59,4.71631029,1.39994156,,,6.03030012,4.03845681,,12.35,,3.00136,0.39249919,3.20276132,,2.604,28.59062,0.13589,,3.7000001,1.86119817,1.189898,0.07535851,,3.94,0.89782,
2012-06-05,8.6333247,0.93968919,5.45732791,,0.23541512,2.51,4.63122758,1.38755269,,,6.03030012,3.96305972,,12.06,,3.00136,0.38333255,3.16721099,,2.616,28.801361,0.12947,,3.7000001,1.85279818,1.152243,0.07284132,,3.82,0.881194,
2012-06-06,8.68332465,0.93666768,5.44999451,,0.23541512,2.53,4.65056426,1.33799723,,,6.03030012,3.91122422,,12.18,,3.00136,0.38472143,3.3772811,,2.574,28.098889,0.13054,,3.7000001,1.85159818,1.167305,0.07205469,,3.84,0.881194,
2012-06-07,8.74999125,0.96386126,5.45466118,,0.23541512,2.54,4.64669724,1.36773057,,,5.75757298,3.94421045,,12.27,,3.002861,0.38611032,3.39667219,,2.586,28.450125,0.13054,,3.7000001,1.86839817,1.182367,0.07158272,,3.82,0.881194,
2012-06-10,8.666658,0.97292579,5.46666116,,0.23541512,2.57,4.64282963,1.45858222,,,5.89393685,3.96305972,,12.3,,3.00136,0.3874992,3.37404926,,2.556,28.450125,0.12947,,3.7000001,1.87799816,1.182367,0.07126807,,3.87,0.889507,
2012-06-11,8.5999914,0.95177523,5.43332786,,0.23562914,2.53,4.58288492,1.45858222,,,5.89393685,3.86410103,,12.21,,3.00136,0.37611034,3.11550142,,2.52,28.759212,0.12305,,3.7000001,1.88519815,1.114588,0.06922285,,3.67,0.87288,
2012-06-12,8.6333247,0.9759473,5.4613277,,0.23584315,2.53,4.59448696,1.45858222,,,5.89393685,3.88766263,,12.32,,3.00136,0.38444365,3.17367468,,2.556,28.759212,0.12626,,3.7000001,1.89599814,1.122119,0.07048145,,3.74,0.87288,
2012-06-13,8.663992,0.96990428,5.46732796,,0.23541512,2.53,4.64476334,1.45858222,,,6.36060299,3.83111481,,12.4,,3.00136,0.38194366,3.18983392,,2.58,28.098889,0.13803,,3.7000001,1.90799813,1.12965,0.0701668,,3.89,0.864567,
2012-06-14,8.666658,0.96688277,5.46332763,,0.23541512,2.5,4.64089592,1.38755269,,,5.75757298,3.8546764,,12.32,,3.00136,0.380277,3.17367468,,2.628,27.747653,0.13054,,3.7000001,1.90199813,1.122119,0.0695375,,3.88,0.864567,
2012-06-18,8.5999914,0.94573221,5.45999464,,0.23541512,2.41,4.26962425,1.38755269,,,5.75757298,3.76985467,,11.9,,3.00136,0.37861033,3.04116892,,2.478,27.747653,0.13589,,3.7000001,1.90079813,1.114588,0.06639101,,3.73,0.856254,
2012-06-19,8.54999145,0.92760316,5.37466146,,0.23541512,2.33,4.0820549,1.35451572,,,5.75757298,3.59549889,,11.7,,3.00136,0.3741659,2.84402619,,2.556,27.747653,0.13268,,3.7000001,1.8359982,1.039278,0.06324451,,3.46,0.814688,
2012-06-20,8.5999914,0.96386126,5.37332779,,0.23541512,2.37,4.2541546,1.33783202,,,5.90908806,3.60963584,,11.85,,2.926326,0.3716659,2.92482239,,2.58,27.747653,0.13696,,3.7000001,1.86359817,1.069402,0.06371649,,3.49,0.831315,
2012-06-21,8.6333247,0.97292579,5.45066131,,0.23541512,2.38,4.09172324,1.20601458,,,5.8030275,3.60021121,,11.61,,2.926326,0.37027702,2.88604022,,2.55,27.747653,0.12626,,3.7000001,1.87439816,1.05434,0.06340184,,3.47,0.839628,
2012-06-24,8.66132467,0.98803333,5.47932795,,0.23541512,2.4,4.15746927,1.32213952,,,5.8030275,3.6237728,,11.78,,2.926326,0.37833256,2.9183587,,2.406,27.396417,0.1391,,3.7000001,1.89119814,1.076933,0.06434579,,3.5,0.839628,
2012-06-25,8.7339906,1.00011937,5.55199434,,0.23541512,2.52,4.30829858,1.30991587,,,6.17575429,3.74629308,,11.91,,2.959341,0.38777698,3.03470522,,2.616,27.586084,0.13054,,3.7000001,1.91999811,1.144712,0.06749228,,3.75,0.864567,
2012-06-26,8.80932452,1.06054954,5.77332739,,0.22171824,2.76,4.72404531,1.31156771,,,6.69696647,4.09029231,,12.59,,3.149927,0.41666581,3.26093458,,2.7,27.817899,0.1498,,3.7000001,2.039998,1.265208,0.07236934,,4.1,0.931072,
2012-06-27,8.60665872,1.08774312,5.74999421,,0.23113485,3.01,4.91741597,1.30826392,,,6.84848155,4.2410865,,12.8,,3.076394,0.42555468,3.2286161,,2.61,28.450125,0.13696,,3.7000001,2.06519785,1.340518,0.07158272,,4.16,0.931072,
2012-06-28,8.666658,1.08774312,5.74332769,,0.24397567,3.09,4.97155957,1.30083065,,,6.96363301,4.2410865,,12.9,,3.02387,0.42361024,3.2286161,,2.76,28.450125,0.14017,,3.7000001,2.10239794,1.400766,0.07111075,,4.17,0.939386,
2012-07-02,8.666658,1.10889368,5.78532744,,0.24397567,3.14,5.01990223,1.31487132,,,6.82120883,4.28820968,,13.3,,3.02387,0.43194356,3.28032567,,2.706,28.450125,0.15515,,3.7000001,2.14439801,1.445952,0.07284132,,4.38,0.964325,
2012-07-03,8.666658,1.13608726,5.73532749,,0.24397567,3.22,5.34863255,1.31487132,,,6.80302733,4.33533287,,13.2,,3.127417,0.44027687,3.37081741,,2.832,29.163134,0.14873,,3.7000001,2.15999788,1.528793,0.07520119,,4.65,0.964325,
2012-07-04,8.666658,1.1511948,5.80132729,,0.24397567,3.12,5.51493132,1.32098322,,,6.80302733,4.32119591,,13.02,,3.224961,0.43111023,3.53240981,,2.85,29.163134,0.14766,,3.7000001,2.09999794,1.521262,0.07315597,,4.5,0.964325,
2012-07-05,8.67332532,1.15723782,5.73399436,,0.2568165,3.13,5.51299762,1.31520178,,,6.7575722,4.292922,,13.01,,3.151428,0.43638799,3.63906079,,2.85,28.116452,0.14766,,3.7000001,2.16119788,1.536324,0.07378527,,4.55,0.964325,
2012-07-08,8.67332532,1.13306575,5.65399418,,0.24311962,3.17,5.5362019,1.31520178,,,6.7575722,4.24579882,,12.68,,3.218959,0.4241658,3.49685948,,2.76,28.098889,0.14766,,3.7000001,2.11319805,1.476076,0.07158272,,4.26,0.964325,
2012-07-09,8.666658,1.07263557,5.53399456,,0.24311962,2.98,5.20167085,1.31487132,,,6.24242123,4.06673072,,12.02,,3.031374,0.41416582,3.2286161,,2.784,28.098889,0.15087,,3.7000001,2.039998,1.378173,0.06922285,,3.96,0.922759,
2012-07-10,8.5999914,1.10587217,5.60066116,,0.2396954,3.05,5.21907421,1.31487132,,,6.26969425,4.01960754,,12.03,,3.031374,0.41138804,3.42575882,,2.88,28.098889,0.14766,,3.7000001,2.1167978,1.43089,0.07048145,,3.92,0.906133,
2012-07-11,8.65999067,1.12097971,5.61866094,,0.2396954,3.07,5.28868765,1.31487132,,,6.62726983,4.09971695,,12.22,,3.151428,0.41472137,3.48716393,,2.832,27.751166,0.14873,,3.7000001,2.10119794,1.453483,0.07032412,,3.92,0.931072,
2012-07-12,8.66799133,1.20256045,5.65466097,,0.23990941,2.93,5.48592592,1.32032246,,,6.51514837,4.10914159,,12.36,,3.154429,0.41444359,3.48070024,,2.802,28.098889,0.1498,,3.7000001,2.09279807,1.483607,0.0695375,,3.84,0.939386,
2012-07-15,8.6006574,1.13910876,5.61332748,,0.23584315,2.8,5.41631228,1.32032246,,,6.22726942,4.05259377,,12.28,,2.852793,0.39944362,3.41606328,,2.802,27.958394,0.14766,,3.7000001,2.09999794,1.438421,0.06843623,,3.77,0.939386,
2012-07-16,8.5999914,1.1511948,5.58066098,,0.22599852,2.82,5.41437858,1.320818,,,6.22726942,4.0101829,,12.37,,2.906817,0.39722141,3.42575882,,2.802,27.958394,0.14338,,3.7000001,2.10119794,1.423359,0.06733495,,3.8,0.947699,
2012-07-17,8.57332542,1.15421631,5.60266109,,0.23113485,2.88,5.5052626,1.32147875,,,6.09999676,4.05259377,,12.41,,2.906817,0.39833251,3.47746839,,2.778,27.923271,0.13963604,,3.7000001,2.14799789,1.43089,0.06875088,,3.89,0.956012,
2012-07-18,8.664658,1.16328083,5.65599404,,0.23113485,2.87,5.55940658,1.32973799,,,6.09999676,4.05259377,,12.66,,2.974348,0.40416584,3.50332317,,2.826,27.923271,0.14351482,,3.7000001,2.12399803,1.445952,0.0689082,,3.98,0.972638,
2012-07-19,8.666658,1.18443139,5.63332766,,0.23113485,2.94,5.60001422,1.32973799,,,6.12120947,4.08558,,12.7,,3.137922,0.40861027,3.53564165,,2.784,27.972443,0.13963604,,3.7000001,2.15639776,1.468545,0.06922285,,4.03,0.980951,
2012-07-22,8.666658,1.17838838,5.63332766,,0.23113485,3.02,5.60581553,1.32973799,,,6.09090615,4.08558,,12.65,,3.137922,0.41249915,3.55826459,,2.772,27.972443,0.1667875,,3.7000001,2.15999788,1.483607,0.06985215,,4.05,0.964325,
2012-07-24,8.666658,1.14817329,5.61666101,,0.23113485,2.89,5.32349456,1.32973799,,,6.21211822,4.09971695,,12.65,,3.002861,0.40416584,3.464541,,2.82,27.220798,0.1667875,,3.7000001,2.15999788,1.445952,0.06906553,,3.92,0.980951,
2012-07-25,8.667324,1.14817329,5.61999454,,0.23113485,2.87,5.24227888,1.32147875,,,6.21211822,4.09971695,,12.4,,3.073393,0.40444361,3.47423654,,2.772,28.098889,0.17454505,,3.7000001,2.15999788,1.445952,0.0689082,,3.92,0.980951,
2012-07-26,8.66799133,1.15421631,5.63399446,,0.23113485,2.86,5.19586992,1.32973799,,,6.21211822,4.11385391,,12.43,,3.148427,0.40611028,3.45161361,,2.76,28.450125,0.17454505,,3.7000001,2.16599775,1.438421,0.06956463,,3.91,0.972638,
2012-07-29,8.668658,1.16328083,5.66399423,,0.23113485,2.9,5.24034498,1.32973799,,,6.21211822,4.29763432,,12.5,,3.148427,0.40749916,3.41606328,,2.73,28.116452,0.17454505,,3.7000001,2.17799786,1.445952,0.0698897,,3.91,0.989264,
2012-07-30,8.75599124,1.16932385,5.67466115,,0.23113485,2.88,5.19973695,1.32147875,,,6.09696706,4.32119591,,12.51,,3.181442,0.40555472,3.38051295,,2.76,28.116452,0.18618139,,3.7000001,2.18999785,1.445952,0.06972717,,3.91,0.980951,
2012-07-31,8.8353245,1.19651743,5.67199442,,0.23113485,2.92,5.22100791,1.32147875,,,6.09999676,4.38245605,,12.5,,3.181442,0.40638805,3.40959958,,2.73,28.186698,0.19781773,,3.7000001,2.21279795,1.453483,0.07037731,,3.93,0.989264,
2012-08-01,8.8999911,1.19349592,5.69999426,,0.23113485,2.98,5.29448857,1.32147875,,,6.24545184,4.38245605,,12.58,,3.181442,0.42083247,3.46777285,,2.7,28.801361,0.20557529,,3.7000001,2.21759782,1.498669,0.07053984,,4.0,1.005891,
2012-08-02,8.99532367,1.17838838,5.66666096,,0.24055145,2.94,5.32156066,1.32147875,,,6.15757279,4.37303141,,12.67,,3.226462,0.41666581,3.4580773,,2.682,28.976979,0.19393895,,3.7000001,2.33159771,1.491138,0.07053984,,4.0,1.022517,
2012-08-05,9.00665832,1.18140989,5.68332761,,0.23798329,2.99,5.40664356,1.32147875,,,6.15757279,4.32119591,,12.83,,3.158931,0.41861025,3.47423654,,2.67,28.625743,0.19781773,,3.7000001,2.3399977,1.498669,0.07314039,,4.08,1.014204,
2012-08-06,9.01332432,1.17234536,5.71666091,,0.23798329,3.01,5.33703031,1.32147875,,,6.07878464,4.25522346,,12.67,,3.188945,0.42083247,3.42252698,,2.676,28.625743,0.20169651,,3.7000001,2.27999776,1.43089,0.07118998,,4.0,1.014204,
2012-08-07,8.93665773,1.19047441,5.75399407,,0.23798329,3.09,5.35056626,1.32147875,,,6.09393676,4.36831957,,12.99,,3.188945,0.41944358,3.47746839,,2.646,28.801361,0.19781773,,3.7000001,2.33039771,1.566448,0.07281532,,4.21,1.014204,
2012-08-08,8.66799133,1.17838838,5.73332756,,0.2396954,3.01,5.32542827,1.32147875,,,6.09393676,4.30234664,,12.71,,3.151428,0.41944358,3.41606328,,2.67,28.801361,0.19781773,,3.7000001,2.35319781,1.513731,0.07118998,,4.11,1.005891,
2012-08-09,8.66799133,1.16328083,5.73332756,,0.23541512,2.92,5.23067625,1.32147875,,,6.09393676,4.25993577,,12.8,,3.22196,0.41388804,3.40313589,,2.67,28.625743,0.20169651,,3.7000001,2.35799768,1.491138,0.07037731,,3.95,0.989264,
2012-08-12,8.77665722,1.15723782,5.70066106,,0.23541512,2.94,5.30028989,1.32180908,,,5.90908806,4.2410865,,12.67,,3.253474,0.40749916,3.38697665,,2.67,29.120987,0.19006017,,3.7000001,2.36159768,1.491138,0.0698897,,4.1,1.005891,
2012-08-13,8.8666578,1.15723782,5.71799404,,0.23541512,2.97,5.31769325,1.32593869,,,5.96666409,4.25522346,,12.9,,3.24297,0.40833249,3.3837448,,2.682,27.220798,0.19393895,,3.7000001,2.39879764,1.513731,0.07005224,,4.18,1.005891,
2012-08-14,8.88999177,1.16932385,5.73599429,,0.23584315,3.03,5.41437858,1.29075437,,,5.96666409,4.26936041,,13.13,,3.268481,0.41416582,3.42899067,,2.688,27.459639,0.19393895,,3.7000001,2.39999764,1.558917,0.07070237,,4.25,1.022517,
2012-08-15,8.8666578,1.16328083,5.75332774,,0.23541512,3.06,5.49752796,1.30578624,,,6.01817922,4.32119591,,13.28,,3.302997,0.4216658,3.50655502,,2.694,27.459639,0.19393895,,3.7000001,2.39999764,1.558917,0.07118998,,4.28,1.03083,
2012-08-16,8.7999912,1.17838838,5.73732742,,0.23220492,3.09,5.53040098,1.32032246,,,5.67575484,4.28820968,,13.38,,3.316503,0.41666581,3.55826459,,2.7,28.660866,0.19781773,,3.7000001,2.41799763,1.58151,0.07216518,,4.35,1.03083,
2012-08-21,8.88399045,1.22371101,5.73332756,,0.23391703,3.09,5.51106391,1.32131354,,,5.93030017,4.41544228,,13.47,,3.301496,0.42888801,3.65522003,,2.7,28.660866,0.20169651,,3.7000001,2.46839758,1.604103,0.07232772,,4.35,1.03083,
2012-08-22,8.88399045,1.25392609,5.73732742,,0.22150423,3.08,5.47238958,1.32131354,,,6.06060314,4.39188069,,13.6,,3.301496,0.42388802,3.40636774,,2.64,28.836484,0.20557529,,3.7000001,2.48999756,1.604103,0.07216518,,4.33,1.03083,
2012-08-23,8.92865707,1.27205515,5.76332733,,0.23391703,3.12,5.53233488,1.32131354,,,6.07575434,4.43429155,,13.59,,3.33151,0.43777688,3.66491557,,2.694,28.450125,0.20169651,,3.7000001,2.49599743,1.58151,0.07281532,,4.4,1.039143,
2012-08-26,8.99265767,1.29320571,5.71666091,,0.23391703,3.16,5.58067754,1.32147875,,,6.21211822,4.56152415,,13.78,,3.340514,0.47027681,3.73278438,,2.73,28.453638,0.2210904,,3.7000001,2.53679739,1.671882,0.07395306,,4.51,1.05577,
2012-08-27,9.00332433,1.33550683,5.78332751,,0.24397567,3.21,5.61935129,1.32114843,,,6.31211817,4.71703065,,13.8,,3.441059,0.49472118,3.74571177,,2.73,28.485248,0.20945406,,3.7000001,2.54399762,1.671882,0.07411559,,4.54,1.047457,
2012-08-28,9.01732365,1.35061437,5.21999495,,0.24076547,3.29,5.70250087,1.28844178,,,6.41211812,5.00919439,,13.86,,3.462069,0.51111006,3.78449395,,2.76,28.57657,0.21721162,,3.7000001,2.57399759,1.679413,0.07671614,,4.52,1.047457,
2012-08-29,9.05999027,1.34457135,5.25332825,,0.24247758,3.28,5.78178284,1.28844178,,,6.36363329,5.09872844,,13.93,,3.390036,0.50305455,3.54856905,,2.76,28.643306,0.20557529,,3.7000001,2.56799748,1.649289,0.07720374,,4.51,1.039143,
2012-08-30,9.0666576,1.3596789,5.23399486,,0.25125214,3.32,5.78758396,1.27192329,,,6.44545144,5.15998858,,14.0,,3.39904,0.51444339,3.78772579,,2.76,28.801361,0.20945406,,3.7000001,2.57999747,1.664351,0.07834148,,4.56,1.047457,
2012-09-02,9.1333242,1.40198002,5.26599457,,0.2677312,3.45,5.81852326,1.27605292,,,6.43939083,5.24952262,,14.01,,3.403542,0.52777669,3.71339329,,2.88,28.801361,0.20169651,,3.7000001,2.59559733,1.702006,0.0817547,,4.63,1.05577,
2012-09-03,9.30732402,1.50471131,5.25466138,,0.26965732,3.43,6.07183883,1.30611656,,,6.3787845,5.15527626,,14.04,,3.436557,0.53555448,3.93315895,,2.88,28.134012,0.20557529,,3.7000001,2.60519732,1.73213,0.0812671,,4.61,1.05577,
2012-09-04,9.2666574,1.60139959,5.29666113,,0.26965732,3.54,6.07183883,1.30496026,,,6.46060294,5.24952262,,13.9,,3.532601,0.53888778,4.017187,,2.91,28.246407,0.2210904,,3.7000001,2.62199743,1.822502,0.08403018,,4.68,1.047457,
2012-09-05,9.26999073,1.59233506,5.26732816,,0.26965732,3.53,6.00415891,1.32131354,,,6.65454194,5.32491972,,13.98,,3.628644,0.54360999,4.03334624,,2.88,28.28153,0.20557529,,3.7000001,2.63879741,1.845095,0.08338004,,4.63,1.047457,
2012-09-06,9.3666573,1.58931355,5.2679945,,0.26965732,3.55,6.01382763,1.31321951,,,6.73636039,5.60765882,,12.69,,3.61814,0.53360999,4.03657809,,2.91,28.594133,0.20557529,,3.7000001,2.64119741,1.890281,0.08354258,,4.65,1.047457,
2012-09-09,9.3666573,1.56211998,5.27066123,,0.26965732,3.48,6.06990493,1.32131354,,,6.81817853,5.70190518,,13.92,,3.568617,0.52861005,4.10444689,,3.0,28.88917,0.20169651,,3.7000001,2.57879747,1.875219,0.08500538,,4.54,1.047457,
2012-09-10,9.39665727,1.53794791,5.22732834,,0.26965732,3.47,6.12985023,1.32147875,,,6.87878486,5.65949432,,13.89,,3.64065,0.52777669,4.12060613,,2.94,28.984003,0.20169651,,3.7000001,2.63879741,1.867688,0.08451778,,4.5,1.039143,
2012-09-11,9.4666572,1.61650713,5.25399458,,0.26965732,3.59,6.27681154,1.31487132,,,7.02726964,5.7820146,,13.94,,3.678167,0.54499891,4.00102776,,2.97,28.098889,0.19781773,,3.7000001,2.64599728,1.965591,0.08663073,,4.71,1.047457,
2012-09-12,9.3939906,1.5711845,5.25332825,,0.25467636,3.61,6.35802761,1.32280027,,,7.03332964,6.06946602,,14.0,,3.886761,0.54583221,4.14646092,,2.97,28.678429,0.20169651,,3.7000001,2.67719725,2.093618,0.08581805,,4.84,1.097335,
2012-09-13,9.3666573,1.55003394,5.23999459,,0.25467636,3.56,6.35222591,1.31536687,,,7.03635994,6.11187688,,13.85,,3.901768,0.53860998,4.07536026,,2.97,28.450125,0.20169651,,3.7000001,2.65799739,2.086087,0.08533045,,4.76,1.080709,
2012-09-16,9.46799053,1.59535657,5.25132785,,0.25296425,3.66,6.41023788,1.32164398,,,7.13635989,6.52184858,,14.02,,3.94979,0.5658322,4.18524309,,3.0,28.450125,0.21333284,,3.7000001,2.69879735,2.18399,0.08679326,,4.92,1.097335,
2012-09-17,9.4333239,1.66182976,4.99999497,,0.2615248,3.77,6.59393924,1.33700617,,,7.23635984,6.95538186,,14.09,,4.003814,0.60083207,4.05920102,,3.012,28.752188,0.19781773,,3.7000001,2.73839731,2.251769,0.08923127,,5.15,1.105649,
2012-09-18,9.4659912,1.65880825,5.20666129,,0.26751719,3.83,6.58040349,1.3346936,,,7.12120869,6.81401231,,14.52,,4.051836,0.59166542,3.8620583,,3.0,28.632767,0.21721162,,3.7000001,2.73599719,2.2593,0.09183182,,5.17,1.097335,
2012-09-19,9.4006566,1.66182976,5.16666147,,0.26751719,4.15,6.5842709,1.37285126,,,7.06666326,6.76217681,,14.41,,4.086352,0.6077765,3.93315895,,3.036,28.141038,0.21721162,,3.7000001,2.78039727,2.402389,0.09670785,,5.46,1.089022,
2012-09-20,9.46999053,1.61650713,5.18466125,,0.26751719,4.15,6.53592823,1.43991625,,,6.96666331,6.72447826,,14.5,,4.12687,0.60166543,3.89114493,,3.024,28.703015,0.20169651,,3.7000001,2.83199722,2.364734,0.09735798,,5.27,1.089022,
2012-09-23,9.53999112,1.59535657,5.17532792,,0.26751719,4.28,6.54366325,1.4389252,,,6.84242094,6.48415003,,14.56,,4.12687,0.61110986,3.80065319,,3.066,28.703015,0.19781773,,3.7000001,2.96279721,2.364734,0.09849572,,5.38,1.089022,
2012-09-24,9.53665713,1.58931355,5.19332824,,0.2692293,4.25,6.57460256,1.43710814,,,6.82423913,6.44173916,,14.68,,4.12687,0.59999877,3.75217547,,3.102,28.976979,0.20945406,,3.7000001,2.89439728,2.357203,0.10012106,,5.36,1.097335,
2012-09-25,9.5333238,1.62255015,5.21332789,,0.2692293,4.37,6.67128789,1.43710814,,,6.83636004,6.58310871,,14.0,,4.12687,0.62555427,3.87821754,,3.15,29.152597,0.21333284,,3.7000001,2.96159709,2.387327,0.10597229,,5.48,1.105649,
2012-09-26,9.55132378,1.6406792,5.24666119,,0.27179746,4.6,6.81824921,1.42075488,,,6.96969361,7.05905287,,14.25,,4.1929,0.63055429,3.66491557,,3.354,29.019128,0.20945406,,3.7000001,2.9579971,2.274362,0.10971058,,5.63,1.105649,
2012-09-27,9.5999904,1.65578674,5.26666137,,0.27179746,4.5,6.66742048,1.43875996,,,6.93939059,7.02606664,,14.4,,4.209407,0.61888764,3.55503274,,3.408,29.272016,0.20945406,,3.7000001,2.91599702,2.199052,0.10402188,,5.45,1.105649,
2012-09-30,9.4999905,1.66485127,5.23332807,,0.25767255,4.36,6.68095623,1.41133935,,,6.96969361,6.72919058,,14.26,,4.204905,0.60833208,3.71339329,,3.3,29.082351,0.20557529,,3.7000001,2.92799713,2.146335,0.1064599,,5.39,1.105649,
2012-10-01,9.2673234,1.5349264,5.20666129,,0.25767255,4.03,6.42957456,1.4042364,,,6.92726969,6.25324643,,13.81,,4.054837,0.56944327,3.52271426,,3.222,29.145573,0.19393895,,3.7000001,2.7479973,1.988184,0.09800812,,4.94,1.080709,
2012-10-02,9.31999068,1.49866829,5.18666165,,0.25895664,3.85,6.45858055,1.41728602,,,6.81817853,6.0411921,,13.6,,4.201904,0.55722105,3.52271426,,3.222,28.804874,0.19393895,,3.7000001,2.72999732,1.965591,0.09589517,,4.94,1.047457,
2012-10-03,9.3006567,1.51075433,5.19999477,,0.25895664,3.88,6.61327689,1.34460466,,,6.88181456,6.19669861,,13.9,,4.203405,0.56722106,3.55503274,,3.252,28.822434,0.19393895,,3.7000001,2.74199731,1.995715,0.09833319,,5.06,1.05577,
2012-10-04,9.4006566,1.54701243,5.21799455,,0.26751719,3.96,6.65195121,1.38755269,,,7.02120874,6.08831529,,13.8,,4.201904,0.5666655,3.55503274,,3.336,28.976979,0.20169651,,3.7000001,2.74319743,2.010777,0.09947093,,4.99,1.05577,
2012-10-08,9.333324,1.52284036,5.15066162,,0.26751719,3.73,6.76797322,1.40770526,,,6.96969361,6.20612325,,13.01,,4.051836,0.55277664,3.52271426,,3.42,28.976979,0.19781773,,3.7000001,2.70119735,1.88275,0.09638278,,4.59,1.05577,
2012-10-09,9.33932399,1.52284036,5.19066151,,0.26751719,3.65,6.74863654,1.41893784,,,6.81817853,6.40875294,,13.18,,4.12687,0.54305441,3.50332317,,3.324,28.457149,0.19781773,,3.7000001,2.68799736,1.860157,0.0950825,,4.25,1.05577,
2012-10-10,9.333324,1.57420601,5.19999477,,0.26965732,3.88,6.80084585,1.44949701,,,6.81817853,6.5783964,,13.44,,4.12687,0.57277663,3.33849893,,3.36,28.976979,0.20169651,,3.7000001,2.74439743,1.950529,0.09914586,,4.57,1.072396,
2012-10-11,9.3999906,1.63463618,5.21132795,,0.26965732,3.96,7.13344358,1.4866636,,,6.81817853,6.61609494,,13.53,,4.272436,0.58333213,3.74894362,,3.444,28.906733,0.20557529,,3.7000001,2.72399745,1.942998,0.09914586,,4.66,1.080709,
2012-10-14,9.45599054,1.70715239,5.20932802,,0.26965732,4.12,7.1102393,1.46188587,,,6.81817853,6.48886235,,13.61,,4.351972,0.63916535,3.55180089,,3.45,28.804874,0.20169651,,3.7000001,2.72399745,1.942998,0.09752052,,4.65,1.072396,
2012-10-15,9.333324,1.66485127,5.21532828,,0.26751719,4.03,7.11797432,1.51887459,,,6.81817853,6.31450657,,13.65,,4.351972,0.67305417,3.80065319,,3.516,29.113961,0.19006017,,3.7000001,2.71199734,1.920405,0.09378223,,4.7,1.064083,
2012-10-16,9.333324,1.73132446,5.23332807,,0.26751719,3.96,7.19338888,1.51970057,,,6.51514837,6.18256166,,13.5,,4.4135,0.6666653,3.79418949,,3.54,29.335239,0.20169651,,3.7000001,2.71799733,1.905343,0.09280702,,4.75,1.072396,
2012-10-17,9.42599057,1.79175463,5.23399486,,0.27500767,4.09,7.30941089,1.51970057,,,6.5515123,6.40404062,,13.57,,4.50204,0.69499857,3.86852199,,3.6,28.980492,0.21721162,,3.7000001,2.72759732,1.950529,0.09849572,,4.8,1.05577,
2012-10-18,9.4339899,1.8491633,5.23332807,,0.27500767,4.11,7.43316811,1.51970057,,,6.53636048,6.31450657,,13.6,,4.59058,0.69166525,3.89760862,,3.516,28.801361,0.21333284,,3.7000001,2.73599719,1.965591,0.09784558,,4.75,1.039143,
2012-10-21,9.50599049,1.8159267,5.19999477,,0.27500767,4.04,7.25139988,1.51970057,,,6.53636048,6.26738339,,13.46,,4.517047,0.67222087,3.78772579,,3.468,28.822434,0.20945406,,3.7000001,2.77799727,1.912874,0.09638278,,4.8,1.039143,
2012-10-22,8.6333247,1.81894821,5.12132818,,0.27500767,4.03,7.29974255,1.41233042,,,6.81817853,6.2202602,,13.45,,4.527552,0.68222079,3.7812621,,3.492,28.976979,0.2210904,,3.7000001,2.78999726,1.905343,0.09703291,,4.76,1.039143,
2012-10-23,8.5333248,1.80384067,5.14999482,,0.27500767,4.03,7.30941089,1.44404588,,,6.69696647,6.24382179,,13.4,,4.50204,0.68749859,3.7812621,,3.54,28.994542,0.20945406,,3.7000001,2.78999726,1.897812,0.09947093,,4.71,1.03083,
2012-10-24,8.61332472,1.81290519,5.17399486,,0.27500767,4.1,7.37515691,1.4660155,,,6.73332978,6.31450657,,13.48,,4.50204,0.7080541,3.84589906,,3.6,29.236893,0.20945406,,3.7000001,2.79119726,1.980653,0.10450949,,4.79,1.039143,
2012-10-29,8.5999914,1.86729235,5.1946613,,0.27500767,4.19,7.52405252,1.4866636,,,6.77575461,6.47472539,,13.79,,4.50204,0.72333187,3.90084047,,3.684,28.801361,0.23660552,,3.7000001,2.81279736,1.995715,0.10515962,,4.88,1.047457,
2012-10-30,8.5999914,1.87333537,5.18732798,,0.25745854,4.05,7.29007421,1.49327102,,,6.66666345,6.32393121,,13.87,,4.652108,0.74722069,3.81681243,,3.9,28.801361,0.22884796,,3.7000001,2.76479741,1.950529,0.10385935,,4.89,1.039143,
2012-10-31,8.6006574,1.84009877,5.19999477,,0.25745854,3.99,7.28814011,1.4866636,,,6.66666345,6.17313702,,13.8,,4.697128,0.73638738,3.78449395,,3.9,28.991029,0.22884796,,3.7000001,2.86319731,2.03337,0.10239654,,4.77,1.039143,
2012-11-01,8.60532473,1.77664709,5.19932797,,0.25745854,3.78,7.01935489,1.4866636,,,6.49090596,5.73489141,,13.78,,4.578575,0.71444295,3.65198818,,3.876,28.991029,0.22496918,,3.7000001,2.81999723,1.950529,0.09914586,,4.47,0.972638,
2012-11-04,8.5333248,1.63161468,5.19932797,,0.25745854,3.55,6.95167555,1.49525315,,,6.48484536,5.35790595,,13.75,,4.52455,0.65555421,3.41929513,,3.558,28.991029,0.21333284,,3.7000001,2.63999741,1.830033,0.09085661,,4.37,0.989264,
2012-11-05,8.50799149,1.63161468,5.18399492,,0.25745854,3.59,6.96134389,1.49492284,,,6.36363329,5.18355017,,13.56,,4.503541,0.64777645,3.52594611,,3.54,28.976979,0.21721162,,3.7000001,2.67599725,1.814971,0.08939381,,4.45,0.980951,
2012-11-06,8.50732482,1.67693731,5.18999464,,0.25745854,3.72,7.11797432,1.50648573,,,6.36363329,5.44743999,,13.76,,4.575573,0.6797208,3.60674231,,3.858,28.625743,0.2210904,,3.7000001,2.76119729,1.897812,0.09329463,,4.51,0.989264,
2012-11-07,8.5333248,1.65578674,5.18666165,,0.25745854,3.7,7.29007421,1.51986579,,,6.51514837,5.57938491,,13.95,,4.578575,0.70610966,3.60351046,,3.966,28.625743,0.2210904,,3.7000001,2.75999729,1.890281,0.09296956,,4.48,0.997578,
2012-11-08,8.3666583,1.65880825,5.17399486,,0.25745854,3.73,7.34808521,1.53621905,,,6.48484536,5.57938491,,13.95,,4.578575,0.71666517,3.57442383,,4.188,28.801361,0.2210904,,3.7000001,2.76119729,1.942998,0.09166929,,4.63,0.997578,
2012-11-11,8.666658,1.65276524,5.10532833,,0.25745854,3.79,7.34808521,1.51970057,,,6.41211812,5.52283709,,13.8,,4.652108,0.68722081,3.56796013,,4.32,29.152597,0.2210904,,3.7000001,2.76239729,1.927936,0.09036901,,4.59,0.997578,
2012-11-12,8.34665832,1.67089429,5.101328,,0.25745854,3.8,7.42156626,1.56925602,,,6.21211822,5.32491972,,13.66,,4.652108,0.69305416,3.55826459,,4.428,29.152597,0.2210904,,3.7000001,2.75999729,1.927936,0.09069408,,4.6,0.997578,
2012-11-13,8.36732496,1.75549653,5.13332817,,0.25745854,3.85,7.42930051,1.56909081,,,6.28484545,5.55582332,,13.92,,4.652108,0.7080541,3.613206,,4.386,26.693944,0.22496918,,3.7000001,2.73719719,1.95806,0.09231942,,4.68,0.997578,
2012-11-14,8.4333249,1.76758256,5.13332817,,0.25745854,3.85,7.40609622,1.58577451,,,6.14242128,5.60765882,,13.64,,4.652108,0.69472079,3.60997416,,4.194,28.411489,0.22884796,,3.7000001,2.75999729,1.942998,0.09166929,,4.66,0.997578,
2012-11-18,8.36732496,1.73736748,5.08399502,,0.26024072,3.66,7.09670354,1.56050124,,,5.9848456,5.23067335,,13.51,,4.357975,0.66388752,3.50009133,,4.044,28.098889,0.21721162,,3.7000001,2.70119735,1.814971,0.08614312,,4.47,0.997578,
2012-11-19,8.38732494,1.64974373,5.07399496,,0.26024072,3.43,6.96134389,1.56925602,,,5.9999968,5.10815307,,12.86,,4.351972,0.63888758,3.41929513,,3.9,26.809853,0.21721162,,3.7000001,2.75519717,1.694475,0.08094203,,4.21,0.980951,
2012-11-20,8.37199163,1.65578674,5.06732837,,0.26024072,3.41,6.90333288,1.57668929,,,5.9999968,5.01861903,,12.81,,3.99331,0.60833208,3.36435371,,3.99,28.973466,0.21333284,,3.7000001,2.70959734,1.641758,0.07964175,,4.2,0.972638,
2012-11-21,8.3999916,1.69506636,5.13399497,,0.27179746,3.59,7.13537787,1.57668929,,,5.80605781,5.1411393,,13.0,,4.351972,0.62499872,3.23184795,,4.002,28.973466,0.21721162,,3.7000001,2.79119726,1.739661,0.08207977,,4.37,0.972638,
2012-11-22,8.51665815,1.73434597,5.1033284,,0.28399624,3.66,7.15471455,1.60064117,,,5.80605781,5.13171467,,13.2,,4.351972,0.62360986,3.43868622,,3.978,28.098889,0.21721162,,3.7000001,2.73599719,1.747192,0.08289244,,4.39,0.972638,
2012-11-25,7.999992,1.60744261,4.66666197,,0.2630229,3.36,6.51659155,1.47014511,,,5.3999974,4.66990747,,12.16,,3.916775,0.57388771,3.11550142,,3.654,26.693944,0.20169651,,3.7000001,2.4635977,1.626696,0.07752881,,3.99,0.889507,
2012-11-26,7.999992,1.54701243,4.26666237,,0.2630229,3.04,5.88233558,1.54662565,,,5.11211905,4.21752491,,11.25,,3.909271,0.52916555,2.84079435,,3.39,26.880099,0.18618139,,3.7000001,2.47799757,1.476076,0.07005224,,3.6,0.881194,
2012-11-27,8.2666584,1.60139959,4.69466181,,0.27179746,3.23,6.5900726,1.56925602,,,5.43030041,4.42957923,,12.4,,4.051836,0.55277664,3.18983392,,3.69,27.396417,0.20169651,,3.7000001,2.56079749,1.536324,0.07639107,,4.04,0.906133,
2012-11-28,8.1999918,1.55003394,4.59932857,,0.27179746,2.94,6.16465656,1.53621905,,,5.10605814,4.26936041,,12.26,,4.051836,0.5224989,3.1478199,,3.6,27.747653,0.19006017,,3.7000001,2.40359776,1.43089,0.0698897,,3.69,0.864567,
2012-11-29,8.1999918,1.55003394,4.63732853,,0.27821787,2.87,6.0911759,1.55769313,,,5.10605814,4.30705896,,12.25,,4.051836,0.49999897,3.14458805,,3.558,28.035666,0.18618139,,3.7000001,2.51279765,1.35558,0.06712662,,3.67,0.864567,
2012-12-02,8.1333252,1.60139959,4.59999537,,0.28549434,3.0,6.29228158,1.53621905,,,5.10605814,4.57094878,,12.25,,3.948289,0.53333227,3.24800719,,3.66,28.091865,0.19781773,,3.7000001,2.51759753,1.302863,0.07216518,,3.83,0.864567,
2012-12-03,8.17665849,1.60744261,4.49999547,,0.29961925,2.93,6.23233648,1.5484427,,,5.15454297,4.41072996,,11.99,,3.901768,0.53055447,3.18660208,,3.612,28.091865,0.19393895,,3.7000001,2.51759753,1.393235,0.07086491,,3.8,0.856254,
2012-12-04,8.14999185,1.62255015,4.60466203,,0.29961925,3.06,6.30968494,1.53621905,,,5.22727021,4.51911328,,12.1,,3.901768,0.54749885,3.24154349,,3.69,27.572035,0.19006017,,3.7000001,2.51999753,1.423359,0.07249025,,3.87,0.864567,
2012-12-05,8.25265841,1.63161468,4.76666187,,0.28891856,3.13,6.57460256,1.56909081,,,5.22727021,4.71231833,,12.0,,3.901768,0.56110999,3.26416643,,3.81,28.056739,0.19781773,,3.7000001,2.58239746,1.35558,0.07460319,,3.94,0.881194,
2012-12-06,8.1666585,1.58629205,4.62666214,,0.29961925,2.86,6.16852417,1.56942125,,,5.22727021,4.38245605,,12.06,,3.984305,0.52833225,2.96683642,,3.66,27.572035,0.18230261,,3.7000001,2.51879753,1.363111,0.07151505,,3.77,0.856254,
2012-12-09,7.999992,1.61348562,4.67132863,,0.29961925,3.0,6.29228158,1.56925602,,,5.15151267,4.66990747,,12.2,,3.987307,0.53944334,3.19629762,,3.72,28.098889,0.19393895,,3.7000001,2.46599746,1.461014,0.07265278,,3.85,0.87288,
2012-12-10,8.08332525,1.63161468,4.73332857,,0.29961925,3.07,6.39283433,1.56942125,,,5.15151267,4.73116761,,12.27,,3.987307,0.54472113,3.24154349,,3.696,28.02513,0.19781773,,3.7000001,2.63999741,1.476076,0.07362799,,3.87,0.889507,
2012-12-11,8.10865856,1.64974373,4.79999517,,0.30475558,3.1,6.44117699,1.56942125,,,5.19696719,4.78771543,,12.25,,3.934783,0.54499891,3.23507979,,3.72,28.02513,0.19781773,,3.7000001,2.63999741,1.5062,0.07362799,,3.88,0.889507,
2012-12-12,8.10865856,1.66485127,4.83332847,,0.30475558,2.85,6.49338727,1.56942125,,,5.20302779,4.86311252,,12.31,,4.089353,0.55305442,3.26739827,,3.768,28.02513,0.19781773,,3.7000001,2.69399748,1.521262,0.07541587,,3.9,0.89782,
2012-12-13,8.04665862,1.66182976,4.89199488,,0.30475558,3.28,6.27681154,1.58610482,,,5.62423941,5.08459148,,12.65,,4.089353,0.58055436,3.36112186,,3.816,26.869562,0.20557529,,3.7000001,2.7251972,1.604103,0.07931669,,4.08,0.914446,
2012-12-16,7.999992,1.71621692,4.67399536,,0.30475558,3.35,6.35802761,1.58825232,,,5.75454268,5.25894726,,12.82,,4.201904,0.58999879,3.40636774,,4.014,25.833417,0.20557529,,3.7000001,2.68199737,1.671882,0.0812671,,4.15,0.939386,
2012-12-17,8.06732526,1.78269011,4.86666177,,0.30475558,3.41,6.50112151,1.58825232,,,5.46969403,5.2683719,,12.92,,4.086352,0.58805435,3.44191806,,4.17,25.30305,0.20557529,,3.7000001,2.75999729,1.717068,0.08159217,,4.22,0.956012,
2012-12-18,8.11732521,1.78269011,4.8393282,,0.30475558,3.39,6.50692321,1.58593973,,,5.46969403,5.20711176,,13.0,,4.087852,0.58527658,3.42575882,,4.188,25.994985,0.20557529,,3.7000001,2.73119732,1.702006,0.08142963,,4.2,0.964325,
2012-12-19,8.21199179,1.80081916,4.87666189,,0.30475558,3.51,6.57266924,1.58593973,,,5.46969403,5.30135813,,13.0,,4.147879,0.59860985,3.49362763,,4.254,26.788777,0.21333284,,3.7000001,2.75999729,1.822502,0.08500538,,4.34,0.972638,
2012-12-20,8.21199179,1.83103425,4.86666177,,0.30475558,3.65,6.69449218,1.62707072,,,5.6090882,5.56996027,,13.24,,4.147879,0.60194321,3.51625057,,4.23,26.086305,0.21333284,,3.7000001,2.65679727,1.860157,0.08614312,,4.43,0.989264,
2012-12-23,8.13665853,1.96398063,4.88332842,,0.29961925,3.61,6.63841526,1.62707072,,,5.72726997,5.4238784,,13.35,,4.053337,0.60416543,3.55503274,,4.2,26.079281,0.20945406,,3.7000001,2.69999735,1.754723,0.08776846,,4.34,0.956012,
2012-12-24,8.13665853,2.03347533,4.84799519,,0.29961925,3.59,6.61521021,1.57751526,,,5.45454282,5.46157695,,13.37,,4.089353,0.60138765,3.55503274,,4.152,27.05923,0.20557529,,3.7000001,2.69999735,1.769785,0.0889062,,4.3,0.972638,
2012-12-25,7.999992,2.14829266,4.84266173,,0.29961925,3.57,6.57460256,1.62723594,,,5.45454282,5.25894726,,13.37,,4.089353,0.61083208,3.47100469,,4.26,26.430517,0.20557529,,3.7000001,2.69999735,1.739661,0.08776846,,4.24,0.980951,
2012-12-26,8.05332528,2.10901304,4.79799524,,0.29961925,3.45,6.57460256,1.63367814,,,5.45454282,5.20239944,,13.41,,4.089353,0.61610985,3.44838176,,4.32,26.46564,0.20557529,,3.7000001,2.7479973,1.65682,0.0884186,,4.19,0.989264,
2012-12-27,8.04665862,2.20872283,4.84732839,,0.31823844,3.54,6.63068024,1.63202631,,,5.45454282,5.3202074,,13.59,,3.976802,0.62527649,3.51301872,,4.464,26.483203,0.20945406,,3.7000001,2.75639717,1.762254,0.09248196,,4.26,0.989264,
2012-12-30,8.06399193,2.25102395,4.8693285,,0.31823844,3.68,6.3812319,1.60229299,,,5.45454282,5.38617986,,14.0,,4.164387,0.63999871,3.51948241,,4.5,26.711507,0.20945406,,3.7000001,2.7251972,1.822502,0.08955634,,4.35,0.997578,
2012-12-31,8.06799193,2.25404546,4.86666177,,0.31823844,3.65,6.65195121,1.57090784,,,5.37878528,5.30135813,,14.0,,4.12687,0.63888758,3.53240981,,4.59,26.518326,0.20945406,,3.7000001,2.73599719,1.792378,0.09101915,,4.35,1.022517,
2013-01-02,8.09732523,2.2328949,4.87666189,,0.31823844,3.78,6.68482384,1.63615594,,,5.42727011,5.41445377,,14.15,,4.165888,0.63944313,3.55826459,,4.614,26.363782,0.21333284,,3.7000001,2.79599713,1.837564,0.09118168,,4.43,1.05577,
2013-01-03,8.28065838,2.22383037,4.88332842,,0.31823844,3.94,6.91300122,1.65184844,,,5.42727011,5.4992755,,14.3,,4.201904,0.65583201,3.67137927,,4.674,26.725554,0.22496918,,3.7000001,2.80679712,1.905343,0.0936197,,4.62,1.05577,
2013-01-06,8.18332515,2.24498093,4.87332829,,0.31823844,4.07,7.06963165,1.65217881,,,5.42727011,5.56524795,,14.35,,4.141877,0.66388752,3.7004659,,4.656,26.693944,0.2210904,,3.7000001,2.87879717,1.912874,0.09264449,,4.64,1.064083,
2013-01-08,8.17999182,2.24195942,4.89466161,,0.31823844,4.11,7.12570856,1.65168322,,,5.48484584,5.60765882,,14.32,,4.1929,0.65972087,3.69077036,,4.656,26.693944,0.2210904,,3.7000001,2.80319737,1.920405,0.09296956,,4.6,1.064083,
2013-01-09,8.18732514,2.24800244,4.93332837,,0.31823844,4.17,7.33648278,1.65184844,,,5.49999735,5.654782,,14.67,,4.201904,0.66249864,3.72632068,,4.62,26.395394,0.22496918,,3.7000001,2.81999723,1.980653,0.09345716,,4.73,1.072396,
2013-01-10,8.1999918,2.21476585,4.98666185,,0.31823844,4.09,7.26686992,1.61881148,,,5.43939162,5.60765882,,14.55,,4.200403,0.64249865,3.55503274,,4.5,26.704481,0.2210904,,3.7000001,2.79599713,1.935467,0.09183182,,4.6,1.064083,
2013-01-13,8.1999918,2.17548623,4.97332819,,0.31823844,4.07,6.96134389,1.63532996,,,5.43939162,5.51341245,,14.5,,4.200403,0.62499872,3.63582894,,4.5,26.704481,0.21721162,,3.7000001,2.79719713,1.912874,0.09020648,,4.56,1.072396,
2013-01-14,8.24665842,2.17548623,4.8686617,,0.31823844,4.08,7.0502942,1.63532996,,,5.45757313,5.43801536,,14.5,,4.201904,0.62833207,3.63906079,,4.59,26.960884,0.2210904,,3.7000001,2.80919724,1.88275,0.08971887,,4.51,1.080709,
2013-01-15,8.1999918,2.13318511,4.86666177,,0.31823844,3.92,6.96134389,1.60262331,,,5.4030277,5.10344076,,14.42,,4.12687,0.60666542,3.56149644,,4.59,26.704481,0.21721162,,3.7000001,2.75999729,1.830033,0.0889062,,4.29,1.064083,
2013-01-16,8.14065852,2.10901304,4.86666177,,0.31823844,3.93,7.06963165,1.60262331,,,5.4030277,5.15998858,,14.55,,4.200403,0.60833208,3.55180089,,4.638,26.342708,0.21721162,,3.7000001,2.81999723,1.80744,0.08858114,,4.36,1.05577,
2013-01-17,8.1999918,2.07577645,4.8033287,,0.31823844,3.86,7.07156516,1.60229299,,,5.45454282,5.09401612,,14.31,,4.198903,0.58083214,3.49039578,,4.536,26.655308,0.21333284,,3.7000001,2.81999723,1.860157,0.08939381,,4.22,1.05577,
2013-01-20,8.15199185,2.01534627,4.73399537,,0.31845246,3.78,7.15084714,1.60229299,,,5.30302775,4.94793425,,14.21,,3.918276,0.57222105,3.42252698,,4.5,24.951814,0.21721162,,3.7000001,2.76719716,1.784847,0.08614312,,4.14,1.039143,
2013-01-21,8.1999918,1.99419571,4.61999555,,0.31781042,3.76,7.19725629,1.60229299,,,5.33636137,4.74530456,,14.2,,3.961795,0.55833219,3.35142632,,4.56,24.951814,0.21333284,,3.7000001,2.71319746,1.762254,0.08484285,,4.03,1.022517,
2013-01-22,8.29932503,2.06369041,4.69999527,,0.32102062,3.9,7.20692463,1.60229299,,,5.43939162,4.93850961,,14.35,,4.12687,0.5633322,3.38051295,,4.656,25.113382,0.21721162,,3.8860001,2.81399736,1.799909,0.08760593,,4.1,1.039143,
2013-01-23,8.33665833,2.06671192,4.7399951,,0.32209069,3.9,7.19338888,1.61269959,,,5.24242141,4.91494802,,14.35,,4.12687,0.57805434,3.41283143,,4.74,25.324123,0.21721162,,3.8860001,2.78399739,1.814971,0.08809353,,4.17,1.039143,
2013-01-27,8.39332494,1.8854214,4.58666225,,0.32102062,3.6,7.14697953,1.63747732,,,5.38787649,4.81127702,,14.3,,3.973801,0.55610997,3.23184795,,4.8,26.138991,0.21333284,,3.8860001,2.76959728,1.664351,0.08581805,,4.03,1.03083,
2013-01-28,8.39332494,1.97908817,4.65732871,,0.32209069,3.79,6.99421651,1.64028555,,,5.30302775,4.8584002,,14.5,,4.051836,0.56249884,3.40959958,,4.8,26.138991,0.21333284,,3.8860001,2.75999729,1.777316,0.08533045,,4.05,1.039143,
2013-01-29,8.1999918,1.89146442,4.56666207,,0.32209069,3.68,6.67128789,1.64193738,,,5.15151267,4.62278429,,14.2,,3.976802,0.55277664,3.41283143,,4.8,24.762146,0.20945406,,3.8860001,2.71799733,1.694475,0.08305497,,3.97,1.039143,
2013-01-30,8.39332494,1.94283007,4.5679952,,0.32209069,3.85,6.7873099,1.64193738,,,5.2242399,4.76415384,,14.4,,4.051836,0.55833219,3.42575882,,4.92,25.289,0.21333284,,3.8860001,2.73599719,1.694475,0.08565552,,4.1,1.047457,
2013-01-31,8.3999916,1.93376554,4.53399557,,0.32209069,3.84,6.79117751,1.64375441,,,5.2242399,4.74059224,,14.3,,4.051836,0.56166548,3.45484546,,5.01,25.991472,0.21333284,,3.8860001,2.70119735,1.73213,0.08646819,,4.13,1.039143,
2013-02-03,8.34665832,2.0244108,4.60066217,,0.32209069,3.9,6.91686863,1.64193738,,,5.28787654,5.04218062,,14.39,,4.044333,0.58610991,3.52594611,,5.16,25.113382,0.21721162,,3.8860001,2.71319746,1.830033,0.08825607,,4.26,1.047457,
2013-02-04,8.4666582,2.1301636,4.62732894,,0.32209069,4.01,6.96134389,1.6435892,,,5.30302775,5.31078276,,14.6,,4.12687,0.59722099,3.60351046,,5.064,26.237336,0.22496918,,3.8860001,2.69999735,1.867688,0.09036901,,4.34,1.064083,
2013-02-05,8.333325,2.14224964,4.65999544,,0.32209069,4.04,7.00195153,1.65399586,,,5.406058,5.3720429,,14.69,,4.12687,0.60138765,3.64552448,,5.172,25.324123,0.23272674,,3.8860001,2.75879729,1.88275,0.09085661,,4.35,1.072396,
2013-02-06,8.4999915,2.11505606,4.6366622,,0.32209069,3.95,6.74863654,1.66836693,,,5.30302775,5.28722117,,14.41,,4.12687,0.59277656,3.64875633,,5.166,25.706972,0.23272674,,3.8860001,2.75399742,1.837564,0.08988141,,4.25,1.072396,
2013-02-07,8.4666582,2.12109908,4.6399952,,0.32209069,3.95,6.80277994,1.63532996,,,5.15151267,5.36261826,,14.43,,4.12687,0.59860985,3.74894362,,5.136,25.815854,0.23660552,,3.8860001,2.72399745,1.845095,0.09020648,,4.21,1.05577,
2013-02-10,8.5333248,2.05462589,4.62732894,,0.32209069,3.93,6.86659187,1.63698178,,,5.18181568,5.33905667,,14.53,,4.141877,0.59722099,3.74894362,,4.95,25.640236,0.23660552,,3.8860001,2.73119732,1.852626,0.09036901,,4.22,1.064083,
2013-02-11,8.51465815,2.07577645,4.59999537,,0.32209069,3.93,6.7931116,1.64524102,,,5.39393649,5.35319363,,14.45,,4.065342,0.60138765,3.74247992,,5.1,25.861514,0.23660552,,3.8860001,2.71919733,1.852626,0.08939381,,4.16,1.064083,
2013-02-12,8.65999067,2.13620662,4.59999537,,0.32209069,3.97,6.86465855,1.64590177,,,5.41514921,5.39560449,,14.62,,4.128371,0.60833208,3.7812621,,5.16,25.745608,0.23660552,,3.8860001,2.79599713,1.867688,0.09101915,,4.25,1.064083,
2013-02-13,8.666658,2.19059378,4.5679952,,0.32209069,3.93,6.70996222,1.64375441,,,5.30908835,5.40502913,,14.62,,4.12687,0.60277657,3.76187101,,5.064,26.339195,0.22496918,,3.8860001,2.74439743,1.867688,0.09004394,,4.16,1.064083,
2013-02-14,8.666658,2.20267981,4.59666184,,0.32209069,3.8,6.7351006,1.65184844,,,5.44848222,5.41916608,,14.6,,4.089353,0.60416543,3.77156655,,5.1,25.921226,0.24436308,,3.8860001,2.7479973,1.875219,0.08939381,,4.18,1.05577,
2013-02-17,8.7333246,2.22685188,4.59999537,,0.32209069,4.0,6.73703392,1.65184844,,,5.5999973,5.44743999,,14.57,,4.03833,0.60527656,3.78772579,,5.142,25.517304,0.24436308,,3.8860001,2.75999729,1.890281,0.08955634,,4.21,1.022517,
2013-02-18,8.666658,2.18455076,4.58132879,,0.32209069,3.95,6.7292989,1.61071746,,,5.34242136,5.47100159,,14.59,,3.985806,0.59722099,3.6940022,,5.07,25.650773,0.2404843,,3.8860001,2.73119732,1.860157,0.08874367,,4.21,1.022517,
2013-02-19,8.666658,2.08484097,4.39999557,,0.32209069,3.83,6.49918819,1.63698178,,,5.15757327,5.07516685,,14.51,,4.12687,0.58555435,3.56149644,,5.034,25.728045,0.23660552,,3.8860001,2.75999729,1.792378,0.08500538,,4.1,1.03083,
2013-02-20,8.6999913,2.06671192,4.49999547,,0.32209069,3.79,6.57460256,1.6435892,,,5.30302775,5.10815307,,14.46,,4.12687,0.57972106,3.58735122,,5.046,25.728045,0.23272674,,3.8860001,2.74199731,1.649289,0.08468031,,4.11,1.022517,
2013-02-21,8.6999913,2.07577645,4.48132889,,0.32209069,3.79,6.6171443,1.652344,,,5.27575503,5.18826249,,14.5,,4.014319,0.57555435,3.34496262,,5.1,25.742095,0.23660552,,3.8860001,2.70719722,1.762254,0.08500538,,4.11,1.022517,
2013-02-24,8.6999913,2.04556136,4.4013287,,0.32209069,3.69,6.58040349,1.65168322,,,5.20302779,5.06102989,,14.26,,4.08185,0.5638877,3.50655502,,5.004,25.763168,0.23660552,,3.8860001,2.69999735,1.709537,0.0822423,,4.05,1.022517,
2013-02-25,8.6999913,2.05462589,4.39999557,,0.32209069,3.71,6.59200592,1.63698178,,,5.20302779,5.07516685,,14.25,,4.110362,0.56527662,3.51948241,,4.8120006,25.763168,0.23272674,,3.8860001,2.69999735,1.709537,0.0817547,,4.04,1.014204,
2013-02-26,8.6999913,2.06671192,4.39199538,,0.32209069,3.73,6.57073515,1.63698178,,,5.18484629,5.16470089,,14.2,,3.856748,0.57055441,3.51948241,,4.896,25.780731,0.2404843,,3.8860001,2.67599725,1.694475,0.08191723,,4.07,1.014204,
2013-02-27,8.70132463,2.06369041,4.39999557,,0.32209069,3.73,6.57073515,1.64342398,,,5.15757327,5.07045453,,13.82,,4.051836,0.57694326,3.52594611,,4.854,25.640236,0.2404843,,3.8860001,2.66759738,1.717068,0.0812671,,4.02,0.980951,
2013-02-28,8.7333246,2.06369041,4.38732878,,0.32209069,3.72,6.47985055,1.65184844,,,5.15757327,5.06102989,,13.63,,3.901768,0.56972105,3.52917796,,4.74,25.728045,0.2404843,,3.8860001,2.63999741,1.694475,0.0812671,,4.01,0.956012,
2013-03-03,8.7333246,2.01534627,4.39999557,,0.32209069,3.68,6.47791723,1.63698178,,,5.218179,4.99505743,,13.5,,4.080349,0.55916549,3.65198818,,4.674,24.937764,0.24824185,,3.8860001,2.68799736,1.694475,0.0812671,,4.04,0.956012,
2013-03-04,8.6999913,1.87635688,4.36666227,,0.32209069,3.49,6.10084424,1.63698178,,,4.74848256,4.69346906,,13.5,,4.113364,0.52777669,3.54856905,,4.5,24.96235,0.26375697,,3.8860001,2.58359758,1.543855,0.08142963,,3.84,0.931072,
2013-03-05,8.5999914,1.87635688,4.36066254,,0.32209069,3.43,5.9751535,1.6513529,,,4.78787648,4.66048283,,13.43,,3.901768,0.5224989,3.47746839,,4.59,24.99045,0.26763575,,3.8860001,2.57999747,1.521262,0.08061696,,3.86,0.881194,
2013-03-06,8.68665798,1.86124933,4.36666227,,0.32209069,3.47,6.07183883,1.65168322,,,4.85151281,4.67933211,,13.43,,4.01732,0.52777669,3.50655502,,4.626,25.029086,0.27151453,,3.8860001,2.5271974,1.543855,0.08077949,,3.86,0.889507,
2013-03-07,8.6999913,1.90355045,4.52666224,,0.32209069,3.52,6.14725359,1.63698178,,,5.11211905,4.75944152,,13.5,,4.17189,0.5383322,3.5388735,,4.74,25.289,0.24824185,,3.8860001,2.63039742,1.58151,0.08159217,,3.95,0.931072,
2013-03-10,8.7006573,1.92772252,4.57666219,,0.32209069,3.51,6.23427058,1.65184844,,,5.06363362,4.81127702,,13.52,,4.186897,0.53610998,3.5453372,,4.8,25.289,0.27927209,,3.8860001,2.63999741,1.573979,0.0822423,,3.99,0.947699,
2013-03-11,8.40065826,1.96398063,4.53332877,,0.32209069,3.59,6.34642518,1.65168322,,,5.11211905,4.88667411,,13.59,,4.201904,0.54444333,3.58735122,,4.758,26.275973,0.26763575,,3.8860001,2.63999741,1.626696,0.0827299,,4.06,0.956012,
2013-03-12,8.7333246,1.97304515,4.53332877,,0.32209069,3.58,6.31355255,1.6435892,,,5.15151267,4.7547292,,13.56,,4.200403,0.54166555,3.55826459,,4.716,25.499741,0.27539331,,3.8860001,2.63999741,1.634227,0.08354258,,4.09,0.931072,
2013-03-13,8.666658,1.94283007,4.53332877,,0.31995055,3.52,6.13565115,1.58627005,,,5.33030046,4.71703065,,13.37,,4.218412,0.52805447,3.32233969,,4.71,25.324123,0.29090842,,3.8860001,2.63879741,1.596572,0.08468031,,3.98,0.939386,
2013-03-14,8.69332397,1.92772252,4.53332877,,0.32209069,3.49,6.09697721,1.58643526,,,5.15454297,4.73116761,,13.11,,4.201904,0.53277668,3.49685948,,4.8,25.289,0.29090842,,3.8860001,2.57999747,1.596572,0.08776846,,3.89,0.939386,
2013-03-17,8.69665797,1.9881527,4.47466236,,0.32209069,3.51,6.00222559,1.61484707,,,5.03333121,4.77357847,,13.17,,3.909271,0.5349989,3.51948241,,4.74,25.289,0.2947872,,3.8860001,2.51399765,1.566448,0.0889062,,3.92,0.956012,
2013-03-18,8.6999913,1.92167951,4.51999565,,0.32209069,3.4,5.9751535,1.61484707,,,5.15151267,4.69818138,,13.1,,4.218412,0.52777669,3.23184795,,4.71,25.292513,0.29866598,,3.8860001,2.51999753,1.589041,0.0884186,,3.86,0.964325,
2013-03-19,8.78332455,2.00326024,4.53332877,,0.32209069,3.41,6.00802652,1.58990414,,,5.26363413,4.7028937,,13.0,,4.201904,0.52361004,3.39344034,,4.71,25.640236,0.28702964,,3.8860001,2.45999758,1.611634,0.08776846,,3.82,0.989264,
2013-03-20,8.78332455,1.97606666,4.53332877,,0.32209069,3.36,6.03316489,1.58577451,,,5.06666392,4.67461979,,13.02,,4.053337,0.50361005,3.28032567,,4.68,25.324123,0.28702964,,3.8860001,2.39999764,1.573979,0.08630566,,3.71,0.989264,
2013-03-21,8.7999912,1.98210968,4.53399557,,0.32209069,3.4,6.03316489,1.58577451,,,5.09090633,4.74059224,,13.01,,4.201904,0.51166562,3.36112186,,4.74,25.482181,0.28702964,,3.8860001,2.47799757,1.589041,0.08711833,,3.83,0.989264,
2013-03-24,8.666658,1.98210968,4.53399557,,0.32209069,3.39,6.01962856,1.48682882,,,5.08181573,4.76886615,,13.05,,3.954292,0.51138784,3.34496262,,4.692,25.380322,0.28702964,,3.8860001,2.4419976,1.58151,0.08728086,,3.82,0.989264,
2013-03-25,8.5673241,2.00326024,4.52999524,,0.32209069,3.36,5.98482223,1.5856093,,,5.00302789,4.74059224,,12.97,,4.201904,0.50472119,3.29002121,,4.692,25.411932,0.27927209,,3.8860001,2.51999753,1.573979,0.08533045,,3.81,0.989264,
2013-03-26,8.666658,1.99721722,4.53332877,,0.32209069,3.28,5.93647956,1.49492284,,,4.98484638,4.66519515,,12.82,,4.201904,0.4963879,3.23184795,,4.65,25.345199,0.27539331,,3.8860001,2.5499975,1.528793,0.08533045,,3.73,0.980951,
2013-03-27,8.6999913,2.01232477,4.53332877,,0.32209069,3.26,5.83979423,1.49773095,,,4.90908884,4.61807197,,12.94,,4.201904,0.49166568,3.22538425,,4.68,25.292513,0.27539331,,3.8860001,2.5499975,1.521262,0.08468031,,3.74,0.980951,
2013-03-28,8.7333246,2.04858287,4.53332877,,0.32209069,3.21,5.82239087,1.5856093,,,4.88181613,4.59922269,,13.1,,4.204905,0.48944347,3.21892055,,4.65,25.296024,0.27151453,,3.8860001,2.53799751,1.513731,0.08533045,,3.71,0.989264,
2013-03-31,8.7333246,1.97606666,4.53332877,,0.32209069,3.1,5.73344017,1.56099678,,,4.84848251,4.42957923,,13.0,,4.204905,0.48611011,3.10903772,,4.656,25.289,0.25212063,,3.8860001,2.52119752,1.445952,0.08386764,,3.63,0.980951,
2013-04-01,8.7999912,1.96398063,4.54999542,,0.32209069,3.08,5.71603662,1.5856093,,,4.85151281,4.44371619,,13.01,,4.204905,0.48166568,3.09287849,,4.578,23.532819,0.27151453,,3.8860001,2.53199751,1.340518,0.08354258,,3.65,0.972638,
2013-04-02,8.85732447,1.97304515,4.53332877,,0.31888049,3.09,5.46852256,1.60229299,,,4.84848251,4.50497633,,13.01,,4.201904,0.48666567,3.09611033,,4.65,24.586528,0.15902994,,3.8860001,2.53799751,1.445952,0.08305497,,3.69,0.964325,
2013-04-03,8.7999912,1.91261498,4.53399557,,0.31888049,2.99,5.16299691,1.5856093,,,4.69696743,4.33533287,,13.06,,4.201904,0.47222125,2.99915489,,4.596,24.235292,0.18230261,,3.8860001,2.54399762,1.393235,0.08045443,,3.66,0.947699,
2013-04-04,8.91665775,1.95793761,4.54066216,,0.3205926,2.97,5.31769325,1.58577451,,,4.66666442,4.42957923,,13.2,,4.197402,0.46666568,2.98945935,,4.578,24.586528,0.17066628,,3.8860001,2.56799748,1.385704,0.07964175,,3.68,0.947699,
2013-04-07,8.91665775,1.95793761,4.56666207,,0.3205926,3.04,5.41244487,1.58577451,,,4.83939161,4.54738719,,13.14,,4.201904,0.47638791,3.04116892,,4.542,23.891079,0.19006017,,3.8860001,2.58119747,1.415828,0.0812671,,3.69,0.956012,
2013-04-08,8.9313244,1.96095912,4.58666225,,0.3205926,3.06,5.46852256,1.58577451,,,4.98484638,4.56152415,,13.09,,4.201904,0.48083232,3.11226957,,4.536,23.536332,0.19006017,,3.8860001,2.60399756,1.423359,0.0812671,,3.71,0.964325,
2013-04-09,8.9333244,1.97002365,4.59999537,,0.30475558,3.12,5.61741758,1.58577451,,,4.99696729,4.64634588,,13.38,,4.200403,0.49999897,3.1478199,,4.62,23.971864,0.19393895,,3.8860001,2.68679724,1.461014,0.08305497,,3.76,0.989264,
2013-04-10,8.8666578,1.98513119,4.59999537,,0.3205926,3.14,5.64642357,1.60229299,,,4.76363407,4.5756611,,13.52,,3.783214,0.50472119,3.1413562,,4.65,23.74356,0.18618139,,3.8860001,2.68799736,1.461014,0.08419271,,3.78,0.980951,
2013-04-11,8.9333244,2.02138929,4.62666214,,0.32037858,3.3,5.73344017,1.60245822,,,4.85151281,4.83012629,,13.55,,4.042832,0.54166555,3.27709382,,4.704,23.181583,0.19006017,,3.8860001,2.54399762,1.536324,0.08614312,,3.94,0.980951,
2013-04-14,8.9333244,2.25102395,4.59999537,,0.3205926,3.43,5.75664465,1.60229299,,,4.96969457,4.99505743,,13.6,,4.051836,0.55555441,3.34496262,,4.62,24.6638,0.18230261,,3.8860001,2.68799736,1.604103,0.08598059,,4.1,0.980951,
2013-04-15,8.7333246,2.1996583,4.54266203,,0.3205926,3.44,5.92294323,1.60229299,,,4.85151281,4.90081107,,13.56,,4.051836,0.55694327,3.39344034,,4.68,23.74356,0.19393895,,3.8860001,2.71079734,1.589041,0.08581805,,4.1,0.980951,
2013-04-16,8.99865767,2.22080886,4.53332877,,0.3205926,3.44,5.90747358,1.60229299,,,4.91514884,4.90081107,,13.55,,4.053337,0.56194329,3.39344034,,4.74,23.638191,0.19393895,,3.8860001,2.65319752,1.596572,0.08614312,,4.1,0.972638,
2013-04-17,8.87132513,2.15433567,4.5393285,,0.3205926,3.39,5.85332998,1.60229299,,,4.84848251,4.81598934,,13.6,,4.066843,0.55138776,3.23184795,,4.746,24.235292,0.19393895,,3.8860001,2.63999741,1.566448,0.08484285,,4.04,0.964325,
2013-04-18,8.93799173,2.15735718,4.56732887,,0.3205926,3.41,5.86879964,1.58577451,,,4.84848251,4.84897557,,13.67,,4.068344,0.55555441,3.4580773,,4.746,23.627652,0.19393895,,3.8860001,2.61119744,1.58151,0.08516792,,4.07,0.956012,
2013-04-21,8.88732444,2.18455076,4.59266198,,0.3205926,3.43,5.83786052,1.4866636,,,4.85151281,4.87253716,,13.72,,4.068344,0.55694327,3.45161361,,4.74,24.235292,0.19393895,,3.8860001,2.61119744,1.634227,0.08614312,,4.08,0.964325,
2013-04-22,8.88732444,2.16037869,4.6013285,,0.3205926,3.38,5.87846817,1.4866636,,,4.84848251,4.81127702,,12.45,,4.122368,0.55222106,3.33203523,,4.8,23.887569,0.19393895,,3.8860001,2.71079734,1.626696,0.08581805,,4.06,0.964325,
2013-04-23,8.8999911,2.17548623,4.66666197,,0.3205926,3.39,5.85913091,1.60196267,,,4.93333126,4.76886615,,12.56,,4.048835,0.55833219,3.26739827,,4.854,24.252854,0.19006017,,3.8860001,2.68799736,1.58151,0.08533045,,4.02,0.964325,
2013-04-24,8.999991,2.1634002,4.59999537,,0.28870455,3.39,5.85913091,1.60245822,,,4.90302794,4.76415384,,12.51,,3.976802,0.55555441,3.18660208,,4.86,24.312564,0.17454505,,3.8860001,2.45999758,1.5062,0.08500538,,3.98,0.972638,
2013-04-28,8.9333244,2.16037869,4.59399564,,0.29940523,3.42,5.89780524,1.60245822,,,4.91211854,4.79714006,,12.56,,3.976802,0.5633322,3.22538425,,4.86,23.234269,0.18618139,,3.8860001,2.3423977,1.619165,0.08646819,,4.02,0.972638,
2013-04-29,8.93465773,2.17548623,4.54399569,,0.29940523,3.4,5.86879964,1.58577451,,,4.87878553,4.77357847,,12.5,,3.976802,0.5633322,2.96683642,,4.872,23.181583,0.18618139,,3.8860001,2.49839755,1.611634,0.08565552,,3.95,0.972638,
2013-04-30,8.9666577,2.16037869,4.54332889,,0.29940523,3.38,5.90554026,1.58577451,,,4.87878553,4.78300311,,12.57,,3.976802,0.56138771,3.17044284,,4.95,23.181583,0.18618139,,3.8860001,2.48399768,1.611634,0.08630566,,3.88,0.964325,
2013-05-02,8.9666577,2.16944322,4.53866223,,0.29940523,3.41,5.89200392,1.58577451,,,4.96666397,4.82070166,,12.6,,3.976802,0.55805441,2.89573576,,4.98,23.71195,0.19006017,,3.8860001,2.47319769,1.619165,0.08630566,,3.94,0.964325,
2013-05-07,9.1333242,2.19663679,4.55999554,,0.29940523,3.46,5.9171423,1.61881148,,,4.96969457,4.84897557,,12.75,,3.978303,0.56722106,3.1542836,,5.238,23.884055,0.19006017,,3.8860001,2.47319769,1.641758,0.08809353,,3.99,0.964325,
2013-05-08,9.15799084,2.26613149,4.56732887,,0.29940523,3.49,6.28454656,1.60229299,,,4.84848251,4.9856328,,13.06,,4.014319,0.58333213,3.20599316,,5.34,24.059674,0.19393895,,3.8860001,2.48999756,1.694475,0.08776846,,4.08,0.964325,
2013-05-09,9.14999085,2.40209938,4.54932862,,0.29940523,3.52,6.4121712,1.60229299,,,4.88181613,5.10815307,,13.15,,4.051836,0.59166542,3.18337023,,5.43,24.235292,0.19393895,,3.8860001,2.51999753,1.694475,0.08776846,,4.09,0.972638,
2013-05-12,9.2333241,2.43231447,4.55666195,,0.29940523,3.57,6.44311051,1.60229299,,,4.92727035,5.05160525,,13.17,,4.051836,0.59666544,3.12196512,,5.448,24.235292,0.19006017,,3.8860001,2.56199748,1.679413,0.08760593,,4.07,0.956012,
2013-05-13,9.2333241,2.41720693,4.45999564,,0.29940523,3.5,6.41410452,1.63532996,,,4.84848251,4.94322193,,13.27,,4.10436,0.58416549,3.03470522,,5.52,23.887569,0.19006017,,3.8860001,2.56199748,1.649289,0.0874434,,4.02,0.947699,
2013-05-14,9.02999097,2.41720693,4.44999552,,0.29940523,3.47,6.4121712,1.63532996,,,4.99696729,4.94793425,,13.26,,4.10436,0.59027656,3.07025555,,5.478,23.181583,0.19006017,,3.8860001,2.56199748,1.65682,0.08760593,,3.97,0.956012,
2013-05-15,9.0673236,2.44742201,4.46399544,,0.32915315,3.56,6.4721163,1.63516473,,,4.93939125,5.06574221,,13.4,,4.051836,0.60305429,3.16074729,,5.58,23.181583,0.19006017,,3.8860001,2.49959755,1.724599,0.0884186,,4.07,0.947699,
2013-05-16,9.0673236,2.441379,4.4699957,,0.32915315,3.51,6.57460256,1.65184844,,,4.84848251,4.99505743,,13.46,,3.834237,0.59860985,3.11550142,,5.55,23.304515,0.19006017,,3.8860001,2.60519732,1.747192,0.08825607,,4.09,0.881194,
2013-05-19,9.1666575,2.46555106,4.51399539,,0.32915315,3.5,6.67128789,1.60229299,,,4.89393703,5.03275598,,13.6,,4.051836,0.60083207,3.08318294,,5.52,23.585505,0.19006017,,3.8860001,2.60519732,1.762254,0.08760593,,4.16,0.889507,
2013-05-20,9.1999908,2.43835749,4.503329,,0.31031994,3.44,6.63261356,1.63549517,,,4.81817949,4.96678352,,13.62,,4.051836,0.61110986,3.01208229,,5.622,23.286955,0.19006017,,3.8860001,2.60399756,1.739661,0.08614312,,4.17,0.864567,
2013-05-21,9.1999908,2.45044352,4.47866216,,0.31031994,3.4,6.65195121,1.63566028,,,4.92424005,4.95264657,,13.57,,4.129871,0.60860986,2.75999815,,5.64,23.532819,0.19006017,,3.8860001,2.59199746,1.73213,0.08533045,,4.15,0.864567,
2013-05-22,9.06799093,2.47159408,4.49999547,,0.31031994,3.38,6.67322121,1.65184844,,,4.81817949,4.97149584,,13.53,,4.066843,0.61333207,2.99592337,,5.748,23.357201,0.18618139,,3.8860001,2.56199748,1.739661,0.08581805,,4.17,0.856254,
2013-05-23,9.00999032,2.45044352,4.50799566,,0.31031994,3.26,6.66161955,1.65184844,,,4.81817949,4.87724948,,13.45,,4.051836,0.61110986,2.94098163,,5.82,23.708437,0.18618139,,3.8860001,2.58839746,1.717068,0.08549299,,4.12,0.798062,
2013-05-26,8.999991,2.42022844,4.48732868,,0.31031994,3.18,6.66161955,1.65184844,,,4.81817949,4.85368788,,13.33,,4.051836,0.60555428,2.89896761,,5.88,23.708437,0.18618139,,3.8860001,2.63999741,1.671882,0.08565552,,4.06,0.806375,
2013-05-27,8.999991,2.3718843,4.48732868,,0.31031994,3.19,6.7022272,1.65184844,,,4.90605854,4.8065647,,13.32,,4.051836,0.594721,2.88927206,,5.958,23.708437,0.18618139,,3.8860001,2.63999741,1.649289,0.08500538,,4.0,0.789749,
2013-05-28,8.999991,2.42022844,4.48799548,,0.31031994,3.19,6.82598423,1.65184844,,,4.84242191,4.85368788,,13.34,,4.006816,0.60305429,2.89896761,,6.018,23.708437,0.18618139,,3.8860001,2.57999747,1.679413,0.08581805,,4.09,0.756496,
2013-05-29,9.1999908,2.35073374,4.49066221,,0.31031994,3.09,6.85885763,1.60245822,,,4.75151286,4.66519515,,13.07,,4.006816,0.59166542,2.79878032,,6.312,23.708437,0.18618139,,3.8860001,2.59199746,1.626696,0.08516792,,4.1,0.748183,
2013-05-30,8.9333244,2.36584128,4.49332894,,0.31031994,3.09,6.95747647,1.61402109,,,4.84848251,4.68404442,,13.25,,4.051836,0.59722099,2.77938923,,6.288,23.933228,0.18618139,,3.8860001,2.66999738,1.634227,0.08419271,,4.15,0.748183,
2013-06-02,8.5666581,2.21778736,4.58332872,,0.31031994,3.09,7.01548748,1.61071746,,,4.60605838,4.6510582,,13.4,,3.90627,0.59999877,2.82786695,,6.3,23.367738,0.18618139,,3.8860001,2.71199734,1.641758,0.08451778,,4.25,0.73987,
2013-06-03,8.999991,2.29332507,4.55999554,,0.31031994,2.97,6.86852597,1.65118769,,,4.59090688,4.50497633,,12.98,,3.90627,0.60416543,2.78262108,,6.036,23.322078,0.18230261,,3.8860001,2.63999741,1.58151,0.08386764,,4.15,0.714931,
2013-06-04,8.999991,2.21174434,4.51999565,,0.31031994,2.87,6.66548696,1.65184844,,,4.48484632,4.32119591,,12.8,,4.051836,0.60305429,2.71475228,,5.892,23.308029,0.17842383,,3.8860001,2.62799742,1.536324,0.07801641,,4.09,0.714931,
2013-06-05,8.8673238,2.11203455,4.46666217,,0.31031994,2.65,6.5842709,1.60311897,,,4.2424222,4.22223723,,12.2,,4.051836,0.55694327,2.55962357,,5.79,22.31403,0.17066628,,3.8860001,2.63879741,1.43089,0.07167758,,3.97,0.656739,
2013-06-06,8.5333248,2.04556136,4.46732897,,0.31031994,2.52,6.52819321,1.65151813,,,4.2424222,4.19867564,,12.3,,4.200403,0.55888777,2.54992803,,5.76,20.382231,0.17066628,,3.8860001,2.51999753,1.43089,0.07216518,,3.92,0.623486,
2013-06-09,8.66999133,1.90959347,4.40399543,,0.27928794,2.4,6.01769524,1.65151813,,,3.95454355,3.87823799,,11.56,,4.051836,0.5377767,2.4335815,,5.49,21.601021,0.16290872,,3.8860001,2.5499975,1.340518,0.06972717,,3.99,0.598547,
2013-06-10,8.73665793,1.79175463,4.39999557,,0.29961925,2.35,5.85913091,1.60229299,,,3.65757399,3.66618366,,11.65,,4.053337,0.52222112,2.30753943,,5.346,20.72293,0.15515116,,3.8860001,2.45999758,1.287801,0.06598888,,3.93,0.556981,
2013-06-11,8.6999913,1.83103425,4.3686622,,0.29961925,2.38,5.96548497,1.65184844,,,3.71211942,3.64262207,,11.73,,4.051836,0.53888778,2.2784528,,5.526,21.776639,0.15515116,,3.8860001,2.41439775,1.310394,0.06696409,,3.94,0.573607,
2013-06-12,8.666658,1.69808787,4.22666255,,0.29961925,2.19,5.83979423,1.60229299,,,3.36363474,3.35988297,,10.7,,3.901768,0.49194341,2.20088845,,5.4,21.706391,0.14351482,,3.8860001,2.40239764,1.212491,0.06160046,,3.67,0.532041,
2013-06-13,8.5999914,1.66182976,4.07132924,,0.29961925,2.14,5.88040188,1.60229299,,,3.36363474,3.29862283,,10.81,,3.901768,0.50027675,2.23643878,,5.4,21.671268,0.14351482,,3.8860001,2.45999758,1.152243,0.06338834,,3.71,0.540355,
2013-06-16,8.7999912,1.66182976,4.14066257,,0.29961925,2.2,5.96548497,1.64755361,,,3.36363474,3.29862283,,10.95,,3.901768,0.48611011,2.25906171,,5.406,21.671268,0.14351482,,3.8860001,2.45999758,1.167305,0.06306327,,3.75,0.556981,
2013-06-17,8.7999912,1.61952864,4.12666265,,0.29961925,2.22,5.96548497,1.59816338,,,3.63636188,3.32218443,,11.1,,3.901768,0.4963879,2.24613432,,5.4120006,21.671268,0.14351482,,3.8860001,2.48999756,1.159774,0.06501368,,3.8,0.540355,
2013-06-18,8.8666578,1.76153955,4.15666235,,0.29961925,2.28,6.01962856,1.61881148,,,3.63636188,3.38815688,,11.67,,3.7517,0.50861004,2.29138019,,5.52,19.953724,0.1473936,,3.8860001,2.51879753,1.182367,0.06663902,,3.85,0.540355,
2013-06-19,8.8666578,1.75247502,4.1399957,,0.29961925,2.24,5.99449057,1.61881148,,,3.63636188,3.29862283,,11.36,,4.095356,0.51555447,2.2784528,,5.436,20.041533,0.14351482,,3.8860001,2.45999758,1.167305,0.06615142,,3.85,0.556981,
2013-06-20,8.9666577,1.73736748,4.15332909,,0.29961925,2.24,5.88040188,1.56925602,,,3.60605887,3.26092429,,10.9,,4.051836,0.51499897,2.29461204,,5.442,20.417355,0.14351482,,3.8860001,2.45999758,1.152243,0.06533875,,3.85,0.565294,
2013-06-23,8.999991,1.78571162,4.13332917,,0.29961925,2.24,5.70636828,1.56925602,,,3.4696953,3.20437647,,11.0,,4.051836,0.52361004,2.26229356,,5.502,20.108267,0.14351482,,3.8860001,2.39999764,1.107057,0.06436354,,3.85,0.548668,
2013-06-24,8.9666577,1.87635688,4.09999587,,0.29961925,2.28,5.58841218,1.56925602,,,3.4727256,3.25149965,,11.03,,4.051836,0.53805448,2.28814835,,5.496,22.812784,0.14351482,,3.8860001,2.29319787,1.099526,0.06696409,,3.85,0.556981,
2013-06-25,8.9666577,1.91261498,4.13332917,,0.29961925,2.35,5.49172684,1.56925602,,,3.4727256,3.36930761,,11.2,,4.051836,0.53610998,2.31077128,,5.466,21.074167,0.1473936,,3.8860001,2.34479782,1.159774,0.0694021,,3.9,0.573607,
2013-06-26,8.94665772,1.88239989,4.1346625,,0.29961925,2.41,5.48205831,1.58577451,,,3.4848468,3.37401993,,11.2,,4.051836,0.55499886,2.34308976,,5.496,23.181583,0.1473936,,3.8860001,2.39879764,1.174836,0.07070237,,3.97,0.573607,
2013-06-27,8.96799103,1.88844291,4.173329,,0.29961925,2.43,5.5071965,1.51970057,,,3.4848468,3.36930761,,11.37,,4.051836,0.54777662,2.33985791,,5.496,21.112803,0.1473936,,3.8860001,2.37599755,1.174836,0.07151505,,4.0,0.573607,
2013-06-30,8.6333247,1.93980856,4.21266236,,0.29961925,2.35,5.54200322,1.51970057,,,3.71211942,3.3410337,,11.27,,4.051836,0.56805442,2.359249,,5.4,21.112803,0.1473936,,3.8860001,2.32919771,1.189898,0.07232772,,3.87,0.573607,
2013-07-02,9.17999082,2.05462589,4.09999587,,0.29961925,2.53,5.80111991,1.60212778,,,3.78484666,3.49182789,,11.5,,4.051836,0.56999883,2.42065411,,5.676,23.181583,0.15515116,,3.8860001,2.37599755,1.212491,0.07769134,,4.0,0.590233,
2013-07-03,9.17999082,2.03649684,4.13332917,,0.29961925,2.55,6.07183883,1.60212778,,,4.0606041,3.46355398,,11.43,,4.051836,0.59249878,2.48852292,,5.64,23.181583,0.15515116,,3.8860001,2.3399977,1.197429,0.07541587,,4.14,0.556981,
2013-07-04,9.333324,2.16642171,4.23332907,,0.29961925,2.97,6.35222591,1.63532996,,,4.45454331,4.09500463,,11.99,,4.201904,0.62805429,2.5951739,,6.18,24.902641,0.17454505,,3.8860001,2.50679742,1.453483,0.08403018,,4.33,0.640112,
2013-07-07,9.333324,2.25102395,4.46666217,,0.29961925,3.0,6.48758557,1.65019663,,,4.45454331,4.29763432,,12.12,,4.201904,0.63916535,2.78585293,,5.85,22.93923,0.18618139,,3.8860001,2.4635977,1.5062,0.08403018,,4.4,0.631799,
2013-07-08,9.333324,2.12109908,4.3399955,,0.29961925,2.95,6.32322089,1.65019663,,,4.03030109,4.03845681,,12.06,,4.201904,0.61110986,2.58871021,,5.52,24.059674,0.17454505,,3.8860001,2.3399977,1.573979,0.07899162,,4.2,0.590233,
2013-07-09,9.333324,2.21476585,4.41666222,,0.29961925,3.1,6.56300013,1.65019663,,,4.20302828,4.37303141,,12.33,,4.201904,0.63194315,2.65011532,,5.46,24.059674,0.18618139,,3.8860001,2.36639756,1.634227,0.08289244,,4.17,0.598547,
2013-07-10,9.36132397,2.24800244,4.42732914,,0.31031994,3.23,6.5842709,1.65184844,,,4.16666466,4.52853792,,12.67,,4.201904,0.63194315,2.79878032,,5.706,24.586528,0.19393895,,3.8860001,2.39999764,1.747192,0.08516792,,4.47,0.615173,
2013-07-11,9.36132397,2.20570132,4.43732873,,0.31031994,3.26,6.44891124,1.61715966,,,4.12121013,4.58508574,,12.72,,4.201904,0.64972086,2.78908478,,5.7,23.887569,0.19393895,,3.8860001,2.34599758,1.649289,0.08370511,,4.53,0.615173,
2013-07-14,9.36932329,2.20570132,4.46666217,,0.31031994,3.23,6.48178464,1.61864625,,,3.93939204,4.54738719,,12.46,,4.201904,0.61666543,2.77938923,,5.7,24.790245,0.19393895,,3.8860001,2.36999767,1.784847,0.08321751,,4.5,0.60686,
2013-07-15,9.36932329,2.16037869,4.46599537,,0.31031994,3.15,6.62487854,1.58577451,,,3.93939204,4.38716837,,13.25,,4.201904,0.62499872,2.76646184,,5.76,24.790245,0.19393895,,3.8860001,2.37599755,1.73213,0.08207977,,4.57,0.60686,
2013-07-16,9.36932329,2.19059378,4.46732897,,0.31031994,3.19,6.5900726,1.61881148,,,3.96969506,4.54738719,,13.3,,4.203405,0.62805429,2.80201217,,6.0,23.884055,0.19006017,,3.8860001,2.38919765,1.80744,0.08289244,,4.7,0.60686,
2013-07-17,9.36932329,2.14527115,4.47732909,,0.31031994,3.19,6.56493422,1.60229299,,,4.0606041,4.56623647,,13.3,,4.230417,0.63360978,2.80201217,,6.0,23.708437,0.19781773,,3.8860001,2.36639756,1.799909,0.08256737,,4.69,0.598547,
2013-07-18,9.36932329,2.13620662,4.47399556,,0.31031994,3.18,6.55526588,1.60229299,,,4.0606041,4.52853792,,13.26,,4.276938,0.61860984,2.79878032,,6.012,23.884055,0.19781773,,3.8860001,2.35919768,1.784847,0.08289244,,4.66,0.590233,
2013-07-21,9.36932329,2.18152925,4.48999535,,0.31031994,3.24,6.65195121,1.61055223,,,4.0606041,4.63220892,,13.28,,4.276938,0.62972093,2.84725804,,6.126,23.708437,0.19781773,,3.8860001,2.37599755,1.822502,0.08419271,,4.8,0.598547,
2013-07-22,9.7993242,2.17548623,4.5013286,,0.31031994,3.3,6.7292989,1.60212778,,,4.0606041,4.7547292,,13.26,,4.204905,0.62499872,2.93774978,,6.006,22.830347,0.20557529,,3.8860001,2.3627978,1.845095,0.08419271,,4.88,0.60686,
2013-07-24,9.667323,2.17548623,4.48466195,,0.31031994,3.07,6.59780685,1.58577451,,,4.0606041,4.5238256,,13.06,,4.204905,0.58888771,2.77938923,,5.898,23.912155,0.19781773,,3.8860001,2.26799777,1.702006,0.07817895,,4.65,0.590233,
2013-07-25,9.7979902,2.19059378,4.4066621,,0.31031994,3.09,6.61327689,1.57751526,,,4.0606041,4.5238256,,13.1,,4.204905,0.58805435,2.81170771,,5.76,23.532819,0.18618139,,3.8860001,2.28119776,1.709537,0.07964175,,4.63,0.590233,
2013-07-28,9.66799033,2.20267981,4.51999565,,0.31031994,3.19,6.67708882,1.60411003,,,4.15151315,4.66990747,,13.27,,4.204905,0.61110986,2.74060706,,5.88,23.912155,0.20557529,,3.8860001,2.27999776,1.724599,0.0812671,,4.75,0.598547,
2013-07-29,9.75332358,2.19361529,4.48799548,,0.31031994,3.37,6.65195121,1.56925602,,,4.17575556,4.57094878,,13.27,,4.204905,0.60472098,2.86018543,,5.85,22.83386,0.20557529,,3.8860001,2.38679754,1.792378,0.0812671,,4.7,0.60686,
2013-07-30,9.6006564,2.17548623,4.53266197,,0.31031994,3.35,6.6751553,1.60229299,,,4.17575556,4.49555169,,13.35,,4.201904,0.58916543,2.82786695,,5.76,23.357201,0.20945406,,3.8860001,2.32439784,1.784847,0.0812671,,4.71,0.615173,
2013-07-31,9.5999904,2.16642171,4.59132891,,0.31031994,3.31,6.69255886,1.58577451,,,4.17575556,4.50026401,,13.35,,4.203405,0.60277657,2.80847587,,5.82,23.884055,0.20557529,,3.8860001,2.3411977,1.754723,0.08061696,,4.7,0.60686,
2013-08-01,9.66332367,2.20570132,4.60066217,,0.31031994,3.31,6.81631589,1.58577451,,,4.18181617,4.60864733,,13.36,,4.203405,0.61110986,2.81170771,,5.76,24.533842,0.20945406,,3.8860001,2.36999767,1.769785,0.0812671,,4.74,0.60686,
2013-08-04,9.7333236,2.24800244,4.65866178,,0.31031994,3.32,7.05802922,1.60146701,,,4.16666466,4.7028937,,13.35,,4.203405,0.62694316,2.84079435,,5.97,22.86547,0.21333284,,3.8860001,2.40119764,1.792378,0.08240484,,4.75,0.615173,
2013-08-05,9.6999903,2.29030356,4.7346617,,0.29469693,3.37,7.30941089,1.58660048,,,4.2424222,4.75944152,,13.86,,4.203405,0.63888758,2.92805424,,6.126,22.93923,0.2210904,,3.8860001,2.43599749,1.845095,0.08305497,,4.86,0.615173,
2013-08-06,9.70132363,2.34771223,4.79999517,,0.29469693,3.36,7.31327849,1.60229299,,,4.26060401,4.71231833,,13.81,,4.351972,0.62499872,2.92482239,,6.198,23.357201,0.22496918,,3.8860001,2.45879759,1.845095,0.08370511,,4.91,0.615173,
2013-08-07,9.7333236,2.32656167,4.81666182,,0.29469693,3.38,7.27653826,1.60229299,,,4.2424222,4.83012629,,13.8,,4.351972,0.65249866,2.93451794,,6.06,24.235292,0.2210904,,3.8860001,2.42399774,1.80744,0.08451778,,4.95,0.615173,
2013-08-12,9.666657,2.26613149,4.8013283,,0.29469693,3.34,7.4621739,1.61055223,,,4.23939189,4.81127702,,13.86,,4.279939,0.63888758,2.87957652,,6.078,25.552427,0.2210904,,3.8860001,2.47199757,1.799909,0.0827299,,4.98,0.615173,
2013-08-13,9.5999904,2.31145412,4.77799506,,0.29469693,3.35,7.34228429,1.60229299,,,4.13030104,4.83483861,,13.61,,4.351972,0.64194315,2.90866315,,6.078,23.480133,0.2210904,,3.8860001,2.49959755,1.822502,0.08370511,,5.1,0.623486,
2013-08-14,9.666657,2.22685188,4.67399536,,0.29469693,3.22,7.18372054,1.58759155,,,4.13030104,4.5756611,,13.45,,4.351972,0.64416537,2.81170771,,6.03,23.480133,0.21333284,,3.8860001,2.43719749,1.754723,0.08256737,,4.96,0.60686,
2013-08-18,9.65732367,2.18757227,4.66666197,,0.29469693,3.12,6.76797322,1.50318208,,,4.18181617,4.40601764,,12.75,,4.321958,0.62499872,2.65011532,,5.91,24.3793,0.20945406,,3.8860001,2.41319775,1.717068,0.07996682,,4.78,0.590233,
2013-08-19,9.65732367,2.20570132,4.6733285,,0.29469693,3.14,6.79697921,1.57751526,,,4.23333129,4.45785314,,12.7,,4.203405,0.62777649,2.45620444,,5.994,24.3793,0.20945406,,3.8860001,2.51999753,1.724599,0.08012936,,4.82,0.590233,
2013-08-20,9.65732367,2.22987339,4.66666197,,0.29469693,3.22,6.91686863,1.4866636,,,3.94242234,4.59922269,,12.75,,4.321958,0.63888758,2.72767967,,6.0,23.536332,0.19781773,,3.8860001,2.57999747,1.792378,0.08142963,,4.92,0.598547,
2013-08-21,9.48732384,2.24498093,4.6699955,,0.29469693,3.2,6.94200721,1.55273754,,,4.13636164,4.53325024,,12.68,,4.321958,0.633332,2.71475228,,5.994,23.884055,0.21333284,,3.8860001,2.57999747,1.777316,0.0812671,,4.9,0.598547,
2013-08-22,9.666657,2.28426055,4.69999527,,0.29469693,3.22,6.96134389,1.55273754,,,4.18181617,4.66519515,,12.73,,4.321958,0.633332,2.74060706,,5.994,24.235292,0.21721162,,3.8860001,2.59199746,1.792378,0.08159217,,4.93,0.598547,
2013-08-25,9.78332355,2.29332507,4.77999499,,0.29469693,3.26,7.03869254,1.53126346,,,4.18181617,4.7547292,,12.77,,4.321958,0.63888758,2.75353477,,5.94,24.586528,0.21721162,,3.8860001,2.62199743,1.822502,0.08370511,,5.0,0.60686,
2013-08-26,9.5999904,2.29030356,4.7733284,,0.29469693,3.22,7.01935489,1.56925602,,,4.2454525,4.79714006,,12.65,,4.321958,0.64138757,2.70828858,,5.994,23.532819,0.2210904,,3.8860001,2.63999741,1.792378,0.08289244,,4.98,0.598547,
2013-08-27,9.5333238,2.22383037,4.68399542,,0.29469693,3.06,6.92266956,1.56892571,,,4.15151315,4.71703065,,12.23,,4.321958,0.62472094,2.61779684,,5.85,23.532819,0.21333284,,3.8860001,2.63879741,1.709537,0.0812671,,4.83,0.58192,
2013-08-28,9.5333238,2.17246473,4.59999537,,0.29469693,2.95,6.74863654,1.55273754,,,4.09696772,4.45785314,,12.1,,4.201904,0.62083206,2.54992803,,5.706,23.708437,0.20945406,,3.8860001,2.63999741,1.58151,0.08029189,,4.76,0.573607,
2013-08-29,9.72865627,2.18152925,4.66666197,,0.29469693,2.99,6.7873099,1.55273754,,,4.09696772,4.71231833,,12.18,,4.321958,0.62944315,2.57901466,,5.706,23.884055,0.21333284,,3.8860001,2.59799745,1.649289,0.0812671,,4.86,0.58192,
2013-09-01,9.72865627,2.22080886,4.66666197,,0.32401682,3.05,6.85499021,1.55273754,,,4.09696772,4.81127702,,12.42,,4.321958,0.62499872,2.58547836,,5.826,23.884055,0.21333284,,3.8860001,2.64359752,1.686944,0.0812671,,4.85,0.58192,
2013-09-02,9.7999902,2.16037869,4.61999555,,0.33172131,2.97,6.77184064,1.55273754,,,3.95151325,4.76886615,,12.19,,4.321958,0.59888763,2.55315988,,5.778,23.884055,0.21333284,,3.8860001,2.69999735,1.641758,0.0812671,,4.8,0.58192,
2013-09-03,9.99265667,2.13922813,4.6066619,,0.33172131,2.88,6.7351006,1.55257233,,,4.22727069,4.71231833,,12.2,,4.321958,0.60833208,2.50468216,,5.784,23.884055,0.21333284,,3.8860001,2.69999735,1.604103,0.08077949,,4.76,0.573607,
2013-09-04,9.99265667,2.14527115,4.60066217,,0.33172131,2.84,6.65388453,1.55273754,,,4.22727069,4.58508574,,12.14,,4.321958,0.59722099,2.48529107,,5.85,23.884055,0.21333284,,3.8860001,2.86799718,1.573979,0.08045443,,4.6,0.573607,
2013-09-05,9.98332335,2.16037869,4.66532884,,0.33172131,2.88,6.67708882,1.55273754,,,3.93939204,4.69891522,,12.2,,4.321958,0.59722099,2.48205922,,5.76,23.919178,0.21333284,,3.8860001,2.80199725,1.58151,0.08012936,,4.6,0.573607,
2013-09-08,9.5333238,2.18455076,4.63332867,,0.33172131,2.88,6.70996222,1.49905247,,,3.97272536,4.71420453,,12.2,,3.996311,0.60138765,2.48205922,,5.76,23.708437,0.20945406,,3.8860001,2.80919724,1.58151,0.08061696,,4.63,0.573607,
2013-09-09,9.90599009,2.22383037,4.64466186,,0.33172131,2.86,6.77184064,1.55273754,,,3.97272536,4.73968672,,12.34,,4.321958,0.59999877,2.49175477,,5.76,23.884055,0.20945406,,3.8860001,2.87999717,1.596572,0.08094203,,4.63,0.573607,
2013-09-10,9.9659907,2.24800244,4.69266188,,0.33172131,3.08,7.01935489,1.55273754,,,4.20605858,4.87219409,,12.5,,4.294946,0.6105543,2.55315988,,5.88,24.762146,0.21721162,,3.8860001,2.98559695,1.65682,0.08256737,,4.81,0.573607,
2013-09-11,10.5333228,2.28123904,4.71332839,,0.33172131,3.13,7.04062586,1.55273754,,,4.2424222,4.89257984,,12.66,,4.321958,0.61166541,2.65011532,,5.85,24.252854,0.20169651,,3.8860001,3.01319716,1.686944,0.08468031,,4.86,0.598547,
2013-09-12,10.3999896,2.3023896,4.71999545,,0.33172131,3.2,7.15471455,1.55273754,,,4.2424222,4.88238696,,12.65,,4.427006,0.62222094,2.70828858,,5.88,25.123919,0.2210904,,3.8860001,3.10799695,1.686944,0.087931,,4.86,0.623486,
2013-09-15,10.3999896,2.34166921,4.73332857,,0.33172131,2.95,7.09476945,1.55290276,,,4.2424222,4.8874834,,12.66,,4.454018,0.62360986,2.74707075,,5.898,24.305538,0.22496918,,3.8860001,3.11999694,1.58151,0.08809353,,4.9,0.631799,
2013-09-16,10.53198947,2.35073374,4.77666199,,0.33172131,3.2,7.19338888,1.55273754,,,4.2424222,5.24933045,,12.76,,4.454018,0.62222094,2.79554847,,5.898,24.305538,0.23272674,,3.8860001,3.11999694,1.73213,0.09053155,,4.92,0.656739,
2013-09-17,10.333323,2.34166921,4.74999522,,0.33172131,3.18,7.19338888,1.49905247,,,4.36363426,5.29519838,,12.85,,4.32496,0.61972092,2.78262108,,5.94,24.235292,0.21333284,,3.8860001,3.17519676,1.717068,0.09004394,,4.92,0.648425,
2013-09-18,10.0999899,2.28426055,4.71332839,,0.32102062,3.15,7.19338888,1.56099678,,,4.09090712,5.50924875,,12.91,,4.32646,0.61249871,2.75999815,,5.946,24.41091,0.22884796,,3.8860001,3.10079696,1.709537,0.08825607,,4.87,0.648425,
2013-09-19,10.0666566,2.29634658,4.72732884,,0.33172131,3.08,7.15471455,1.56892571,,,4.19393737,5.50924875,,12.96,,4.454018,0.61138763,2.76969369,,5.94,24.41091,0.22884796,,3.8860001,3.20159686,1.694475,0.0884186,,4.86,0.656739,
2013-09-22,10.0673226,2.31447563,4.79799524,,0.33172131,3.14,7.20305722,1.53621905,,,4.2424222,5.65704543,,13.12,,4.32646,0.61972092,2.81170771,,5.94,24.586528,0.22884796,,3.8860001,3.24239682,1.769785,0.09069408,,4.94,0.689991,
2013-09-23,10.4659902,2.32656167,4.89999507,,0.33172131,3.16,7.25139988,1.53621905,,,4.30605853,5.9118673,,13.17,,4.32646,0.61999873,2.83433097,,5.94,24.586528,0.22884796,,3.8860001,3.25319693,1.762254,0.09004394,,4.96,0.689991,
2013-09-24,10.4659902,2.32354016,4.93266157,,0.32102062,3.25,7.34808521,1.54447829,,,4.42727059,6.16668917,,13.5,,4.32646,0.62916537,2.87634467,,5.934,24.235292,0.23272674,,3.8860001,3.25319693,1.784847,0.09020648,,5.07,0.698304,
2013-09-25,10.333323,2.32354016,4.93266157,,0.33172131,3.23,7.35195263,1.55257233,,,4.42727059,6.08514617,,13.52,,4.327961,0.62805429,2.87634467,,5.922,24.077236,0.22884796,,3.8860001,3.32879673,1.784847,0.09020648,,5.06,0.698304,
2013-09-26,10.333323,2.32051865,4.94999502,,0.33172131,3.26,7.36355525,1.54943388,,,4.39393727,6.10043548,,13.59,,4.330963,0.63055429,2.61779684,,6.0,24.586528,0.23272674,,3.8860001,3.31319687,1.799909,0.09150675,,5.08,0.706617,
2013-09-29,10.5999894,2.28123904,4.89332854,,0.33172131,3.16,7.31714591,1.54943388,,,4.59696748,5.9934103,,13.5,,4.381986,0.61166541,2.87634467,,6.09,25.56999,0.22884796,,3.8860001,3.41999664,1.777316,0.09134422,,4.98,0.714931,
2013-09-30,10.4999895,2.27217451,4.84332859,,0.33172131,3.2,7.27653826,1.55273754,,,4.60908869,5.98831386,,13.39,,4.451017,0.61249871,2.62167636,,6.09,24.586528,0.22884796,,3.8860001,3.40919665,1.747192,0.09020648,,4.95,0.706617,
2013-10-01,10.666656,2.29634658,4.84999512,,0.33172131,3.22,7.34808521,1.56925602,,,4.59090688,6.08004973,,13.48,,4.216911,0.62083206,2.86600419,,6.03,24.235292,0.22884796,,3.8860001,3.41999664,1.762254,0.09134422,,4.97,0.714931,
2013-10-02,10.28665638,2.28123904,4.3679954,,0.33172131,3.23,7.40803031,1.58577451,,,4.60605838,5.75387774,,13.5,,4.219912,0.61249871,2.83497843,,6.09,24.586528,0.22884796,,3.8860001,3.41999664,1.754723,0.09280702,,4.99,0.714931,
2013-10-03,10.5339888,2.27217451,4.4066621,,0.33172131,3.22,7.46410722,1.61881148,,,4.71514924,6.01379605,,13.55,,4.276938,0.62222094,2.85049131,,6.144,24.059674,0.22884796,,3.8860001,3.41039665,1.762254,0.09426983,,5.02,0.723244,
2013-10-07,10.5333228,2.32354016,4.42199568,,0.33172131,3.29,7.49891414,1.63532996,,,4.78787648,6.00869961,,13.63,,4.351972,0.62972093,2.85824775,,6.222,24.235292,0.22884796,,3.8860001,3.41039665,1.784847,0.09638278,,5.1,0.723244,
2013-10-08,10.46798953,2.35677675,4.39999557,,0.33172131,3.35,7.47570985,1.60229299,,,4.73030075,5.92206018,,13.52,,4.276938,0.62888757,2.83885665,,6.42,23.581992,0.22884796,,3.8860001,3.51599643,1.777316,0.09589517,,5.1,0.723244,
2013-10-09,10.6999893,2.43835749,4.42332875,,0.32102062,3.35,7.50471564,1.66836693,,,4.6363614,5.96792811,,13.52,,4.278439,0.64555423,2.84273487,,6.87,23.884055,0.22884796,,3.8860001,3.59999647,1.777316,0.09475743,,5.11,0.723244,
2013-10-10,10.666656,2.43533598,4.41999575,,0.32102062,3.36,7.52598584,1.65184844,,,4.80605829,6.03927823,,13.69,,4.351972,0.67444309,2.85824775,,7.14,23.532819,0.2210904,,3.8860001,3.71879635,1.799909,0.09557011,,5.22,0.748183,
2013-10-13,10.92665507,2.441379,4.41132876,,0.30839381,3.38,7.70582055,1.73444087,,,4.92424005,6.06476042,,13.75,,4.422504,0.69444302,2.95520324,,6.9,23.884055,0.23660552,,3.8860001,3.69959637,1.80744,0.09752052,,5.4,0.76481,
2013-10-20,10.98598834,2.43231447,4.41332869,,0.33172131,3.43,7.74449488,1.73444087,,,4.67575532,6.28390723,,13.76,,4.422504,0.69444302,2.97847255,,7.14,23.887569,0.24824185,,3.8860001,3.5471964,1.80744,0.09833319,,5.36,0.781436,
2013-10-21,11.1999888,2.29634658,4.41332869,,0.33172131,3.43,7.75803083,1.70173427,,,4.55757356,6.42151103,,13.76,,4.351972,0.69444302,2.93969036,,7.194,23.989427,0.23272674,,3.8860001,3.66119641,1.799909,0.09784558,,5.39,0.781436,
2013-10-22,10.333323,2.45044352,4.4019955,,0.33172131,3.52,7.93593222,1.73444087,,,4.74545226,6.42660747,,13.95,,4.487033,0.69444302,3.02501119,,7.398,24.200169,0.2404843,,3.8860001,3.61199645,1.897812,0.09849572,,5.5,0.789749,
2013-10-23,10.333323,2.43533598,4.32666244,,0.33172131,3.5,7.93979964,1.75508897,,,4.73333105,6.28390723,,13.91,,4.487033,0.68916522,2.87376063,,7.38,23.880542,0.25599941,,3.8860001,3.36359682,1.905343,0.09833319,,5.49,0.781436,
2013-10-24,10.333323,2.4444005,4.28066229,,0.33172131,3.51,7.95720319,1.68538097,,,4.76969467,6.31958229,,13.75,,4.353473,0.68694303,3.0870627,,7.56,24.551405,0.23660552,,3.8860001,3.53999652,1.942998,0.09914586,,5.47,0.781436,
2013-10-27,10.332657,2.46252956,4.29999567,,0.33172131,3.57,7.99200991,1.65217881,,,4.81817949,6.17178561,,13.85,,4.275437,0.65833201,3.11421024,,7.5,24.583015,0.25987819,,3.8860001,3.53999652,2.003246,0.10044613,,5.52,0.756496,
2013-10-28,10.0666566,2.40209938,4.25999585,,0.33172131,3.45,7.95913651,1.68438986,,,4.68787653,6.10043548,,13.4,,4.278439,0.63888758,3.03276763,,7.386,23.884055,0.25599941,,3.8860001,3.53999652,1.897812,0.09849572,,5.32,0.73987,
2013-10-29,10.0666566,2.38699184,4.25332899,,0.30004728,3.45,7.94753388,1.68472022,,,4.74848256,6.13611054,,13.44,,4.275437,0.65249866,3.02501119,,7.086,23.884055,0.25599941,,3.8860001,3.50399668,1.75510993,0.09800812,,5.31,0.748183,
2013-10-30,10.13665653,2.4081424,4.26666237,,0.33172131,3.5,8.05582184,1.66836693,,,4.87878553,6.20236423,,13.62,,4.285942,0.65833201,3.1064538,,7.596,24.547891,0.25987819,,3.8860001,3.53999652,1.96066334,0.09752052,,4.86,0.773123,
2013-10-31,10.0673226,2.4081424,4.19999577,,0.34028186,3.44,8.12156787,1.68405949,,,5.20302779,6.12082123,,13.46,,4.442013,0.65277644,3.08318448,,7.56,24.41091,0.25987819,,3.8860001,3.59879647,1.95275744,0.09800812,,5.46,0.76481,
2013-11-03,9.7999902,2.41720693,4.19999577,,0.31246007,3.44,8.19311482,1.69975205,,,5.39696679,6.2533286,,13.46,,4.500539,0.64860978,3.08318448,,7.446,24.611114,0.25987819,,3.8860001,3.42359676,1.94485154,0.09735798,,5.5,0.76481,
2013-11-04,10.2659904,2.46857257,4.21999569,,0.31267409,3.48,8.22598822,1.58577451,,,5.212119,6.47247541,,13.6,,4.500539,0.67805416,3.10257558,,7.44,23.912155,0.26375697,,3.8860001,3.59999647,1.93694564,0.10012106,,5.54,0.773123,
2013-11-06,10.332657,2.69518572,4.22666255,,0.31267409,3.59,8.29560185,1.60411003,,,5.45454282,6.6355614,,13.76,,4.389489,0.70416522,3.16074887,,7.776,24.611114,0.26763575,,3.8860001,3.54119652,1.97647514,0.10158387,,5.62,0.789749,
2013-11-07,10.54732345,2.63173404,4.25332899,,0.31267409,3.61,8.54698352,1.61055223,,,5.43939162,6.62536853,,13.85,,4.50204,0.6897208,3.23443504,,7.92,24.09831,0.27151453,,3.8860001,3.71999635,2.00019284,0.10109627,,5.71,0.789749,
2013-11-10,9.99999,2.60151895,4.23332907,,0.31267409,3.54,8.58565785,1.61055223,,,5.36363408,6.52343978,,13.8,,4.437511,0.68360973,3.21116572,,7.68,24.12992,0.26763575,,3.8860001,3.73199634,1.98438104,0.09930839,,5.53,0.773123,
2013-11-11,10.09332257,2.57734689,4.21399569,,0.31267409,3.53,8.60499453,1.59403375,,,5.30302775,6.43170391,,13.82,,4.393991,0.6763875,3.17626175,,7.566,24.235292,0.26375697,,3.8860001,3.71999635,1.81835713,0.09898332,,5.49,0.773123,
2013-11-12,10.09332257,2.59849745,4.23332907,,0.31267409,3.52,8.58565785,1.60989148,,,5.212119,6.44699322,,13.73,,4.371481,0.69027636,3.15687065,,7.506,24.498719,0.25212063,,3.8860001,3.71999635,1.81835713,0.10158387,,5.51,0.773123,
2013-11-13,10.00199,2.55921783,4.21666242,,0.33921179,3.48,8.47350247,1.58990414,,,5.20302779,6.37054666,,13.64,,4.427006,0.68166529,3.12584489,,7.56,24.646237,0.25987819,,3.8860001,3.71999635,1.93694564,0.09979599,,5.47,0.756496,
2013-11-14,10.0333233,2.53504576,4.23266254,,0.37559411,3.46,8.48897251,1.59403375,,,5.29090624,6.29919654,,13.61,,4.351972,0.68055416,3.09869736,,7.464,25.025573,0.25987819,,3.8860001,3.71879635,1.93694564,0.09898332,,5.48,0.73987,
2013-11-17,10.07398992,2.5833899,4.22199588,,0.3614692,3.48,8.56438688,1.59419897,,,5.27575503,6.37054666,,13.66,,4.351972,0.68083193,3.14135777,,7.35,25.341686,0.26375697,,3.8860001,3.71879635,1.94485154,0.1002836,,5.53,0.748183,
2013-11-18,10.1999898,2.6528846,4.22266242,,0.3657495,3.51,8.58565785,1.60229299,,,5.45454282,6.44699322,,13.69,,4.351972,0.69999859,3.19953106,,7.44,25.411932,0.27151453,,3.8860001,3.70799636,1.95275744,0.1007712,,5.6,0.756496,
2013-11-19,10.333323,2.62266952,4.19932924,,0.36382337,3.53,8.62433121,1.60229299,,,5.92726957,6.4571861,,13.72,,4.353473,0.69999859,3.22280038,,7.47,25.289,0.27927209,,3.8860001,3.6455963,1.96066334,0.10158387,,5.67,0.756496,
2013-11-20,10.27665572,2.6166265,4.19332925,,0.36810367,3.6,8.48897251,1.59898934,,,5.69696665,6.42151103,,13.78,,4.371481,0.70277631,3.30812121,,7.47,25.289,0.27927209,,3.8860001,3.71999635,2.03972235,0.10190894,,5.66,0.76481,
2013-11-21,10.13665653,2.60756197,4.21666242,,0.35890106,3.64,8.65333719,1.62475815,,,5.63636092,6.42151103,,13.7,,4.443514,0.7202763,3.34302518,,7.5,24.937764,0.27927209,,3.8860001,3.59999647,2.07134595,0.10288414,,5.86,0.756496,
2013-11-24,10.55998877,2.61360499,4.22066248,,0.35890106,3.67,8.70167986,1.63532996,,,5.46060343,6.42151103,,13.65,,4.443514,0.70277631,3.37017272,,7.47,24.955327,0.27927209,,3.8860001,3.61319657,2.07925185,0.10434695,,5.81,0.756496,
2013-11-25,10.333989,2.5471318,4.13332917,,0.32337477,3.57,8.60499453,1.58990414,,,5.33333076,6.30429298,,13.49,,4.50204,0.68055416,3.23831326,,7.35,24.604091,0.27151453,,3.8860001,3.62639632,2.02391055,0.10158387,,5.6,0.748183,
2013-11-26,10.34665632,2.49576615,4.12332905,,0.3409239,3.55,8.23952417,1.59568557,,,5.36363408,6.19217135,,13.4,,4.503541,0.67527636,3.19953106,,7.368,24.937764,0.27151453,,3.8860001,3.56999649,2.03181645,0.1007712,,5.55,0.756496,
2013-11-27,10.35265564,2.47461559,4.08866268,,0.342422,3.49,8.28980015,1.53621905,,,5.15151267,6.06476042,,13.18,,4.360976,0.66110972,3.19953106,,7.386,24.375787,0.26763575,,3.8860001,3.53999652,1.96066334,0.10223401,,5.5,0.73987,
2013-11-28,10.5993234,2.4776371,4.09132915,,0.35183862,3.49,8.2762642,1.59403375,,,5.23030051,6.05456755,,13.12,,4.50204,0.65277644,3.19565284,,7.38,23.884055,0.26763575,,3.8860001,3.51599643,1.95275744,0.10239654,,5.5,0.73987,
2013-12-01,10.5999894,2.50785219,4.14999582,,0.35205264,3.52,8.42902722,1.61748996,,,5.4090883,6.24313573,,13.5,,4.50204,0.64749864,3.21892216,,7.446,24.231778,0.27151453,,3.8860001,3.48239658,1.97647514,0.10093373,,5.6,0.748183,
2013-12-02,10.5999894,2.47461559,4.11666252,,0.36382337,3.53,8.45029819,1.61881148,,,5.22727021,6.14630342,,13.38,,4.50204,0.64777645,3.22280038,,7.26,23.884055,0.26763575,,3.8860001,3.54119652,2.01600464,0.10434695,,5.57,0.73987,
2013-12-03,10.66599,2.46857257,4.11399579,,0.35312269,3.46,8.45996653,1.63202631,,,5.30302775,6.13611054,,13.37,,4.50204,0.64610978,3.17238353,,7.47,23.497696,0.26763575,,3.8860001,3.59999647,2.01600464,0.10402188,,5.55,0.73987,
2013-12-04,10.666656,2.47461559,4.12332905,,0.34477617,3.47,8.5663202,1.69297946,,,5.22727021,6.23803929,,13.4,,4.50204,0.65027644,3.18789641,,7.62,23.532819,0.26763575,,3.8860001,3.65999641,2.01600464,0.10385935,,5.57,0.731557,
2013-12-05,10.666656,2.48065861,4.1066624,,0.36382337,3.46,8.70167539,1.63549517,,,5.45454282,6.24313573,,13.4,,4.514045,0.66527644,3.21504394,,7.62,23.181583,0.27151453,,3.8860001,3.71879635,1.99228694,0.10483455,,5.61,0.73987,
2013-12-08,10.666656,2.51691671,4.13332917,,0.38736489,3.49,8.8757089,1.69248392,,,5.4090883,6.26861791,,13.5,,4.598083,0.6666653,3.25770436,,7.812,22.830347,0.27151453,,3.8860001,3.89159618,2.00019284,0.10402188,,5.7,0.748183,
2013-12-09,10.666656,2.49878796,4.11332926,,0.36810367,3.38,9.19477062,1.65184844,,,5.32423986,6.11062836,,13.52,,4.65661,0.66055423,3.23055682,,7.5,22.310518,0.27151453,,3.8860001,3.89999617,1.96856924,0.10255908,,5.8,0.76481,
2013-12-10,10.4006556,2.49576615,4.12666265,,0.35890106,3.4,9.15706307,1.68472022,,,5.36363408,6.11572479,,13.48,,4.802176,0.66555416,3.23443504,,7.842,22.356179,0.26763575,,3.8860001,3.90119593,1.97647514,0.10158387,,5.8,0.76481,
2013-12-11,10.66932199,2.5138952,4.12666265,,0.36489342,3.43,9.18606865,1.68488541,,,5.36363408,6.23294285,,12.24,,4.805177,0.67222087,3.23831326,,7.98,22.127875,0.27151453,,3.8860001,3.95999611,1.98438104,0.10402188,,5.85,0.756496,
2013-12-12,10.6333227,2.55921783,4.12666265,,0.36403739,3.46,9.28178708,1.70090834,,,5.54545157,6.24313573,,13.56,,5.25088,0.66833193,3.25770436,,8.112,22.479111,0.27539331,,3.8860001,3.98399621,2.01600464,0.1069475,,5.9,0.76481,
2013-12-15,10.67332332,2.54411029,4.13332917,,0.36382337,3.51,9.36880355,1.70966314,,,5.56969398,6.24823217,,13.63,,5.102312,0.69444302,3.35465984,,8.16,22.180561,0.27927209,,3.8860001,3.97319622,2.03181645,0.10727257,,6.04,0.773123,
2013-12-16,10.666656,2.53806727,4.14266243,,0.36382337,3.48,9.15706307,1.70966314,,,5.31514925,6.15649629,,13.53,,5.102312,0.68888745,3.33139053,,8.1,22.148949,0.28315087,,3.8860001,4.06799625,2.02391055,0.10889791,,6.04,0.76481,
2013-12-17,10.666656,2.55619632,4.16666247,,0.36382337,3.5,9.28178708,1.76747784,,,5.54848187,6.24823217,,13.57,,5.249379,0.68777636,3.36241628,,8.244,22.159486,0.28702964,,3.8860001,4.07999599,2.04762825,0.10841031,,6.1,0.76481,
2013-12-18,10.667322,2.56223934,4.16666247,,0.36510743,3.49,9.28178708,1.76747784,,,5.54545157,6.20746067,,13.55,,5.25238,0.69166525,3.35465984,,8.34,22.303493,0.2947872,,3.8860001,4.07999599,2.06344005,0.10971058,,6.13,0.76481,
2013-12-19,10.6999893,2.56828236,4.18466245,,0.36189725,3.57,9.29919072,1.80034962,,,5.49696674,6.24823217,,13.6,,5.25238,0.69166525,3.37792916,,8.418,22.724975,0.2947872,,3.8860001,4.07999599,2.07134595,0.10889791,,6.2,0.748183,
2013-12-22,10.71132262,2.55317482,4.18666239,,0.36510743,3.53,9.36880355,1.81703329,,,5.45454282,6.22784642,,13.64,,4.955245,0.68055416,3.39344204,,8.67,23.058651,0.2947872,,3.8860001,4.07999599,2.10296955,0.10889791,,6.13,0.73987,
2013-12-23,10.8666558,2.52295973,4.19999577,,0.35526282,3.49,9.40070998,1.85007026,,,5.39393649,6.15649629,,13.58,,4.953744,0.68083193,3.39344204,,8.82,22.184073,0.29090842,,3.8860001,3.95999611,2.10296955,0.10889791,,6.12,0.731557,
2013-12-24,10.666656,2.49274464,4.14666256,,0.35633289,3.45,9.28178708,1.85023544,,,5.41211891,6.16668917,,13.56,,4.952244,0.68055416,3.34302518,,8.67,22.479111,0.29090842,,3.8860001,3.99599596,2.08715775,0.11296126,,6.0,0.731557,
2013-12-25,10.666656,2.52295973,4.26666237,,0.342422,3.54,9.55153902,1.850731,,,5.51514916,6.2533286,,14.0,,5.102312,0.68444301,3.41283314,,9.15,22.180561,0.29866598,,3.8860001,3.95999611,2.11087545,0.1254764,,6.23,0.748183,
2013-12-26,10.666656,2.50785219,4.2686623,,0.34285003,3.47,9.47322394,1.91465752,,,5.63333062,6.27371435,,14.18,,5.409951,0.67860972,3.43222423,,9.246,22.479111,0.2947872,,3.8860001,4.00559619,2.11878135,0.12368852,,6.22,0.748183,
2013-12-29,10.666656,2.49274464,4.25132905,,0.35312269,3.45,9.43261612,1.86658875,,,5.58181549,6.22784642,,14.11,,5.177346,0.67416528,3.39344204,,9.312,22.654729,0.29090842,,3.8860001,3.95999611,2.07134595,0.12417612,,6.13,0.73987,
2013-12-30,10.7333226,2.47159408,4.26666237,,0.35312269,3.48,9.39781,1.85007026,,,5.69696665,6.22274998,,14.17,,5.409951,0.68527637,3.38956382,,9.186,22.531797,0.2947872,,3.8860001,3.99959631,2.07925185,0.1131238,,6.17,0.748183,
2013-12-31,10.79665587,2.47461559,4.25866245,,0.35312269,3.43,9.4123125,1.91449235,,,5.39393649,6.14120698,,14.46,,5.042284,0.67555417,3.34302518,,9.27,23.16051,0.2947872,,3.8860001,4.07999599,2.05553415,0.12190013,,6.11,0.748183,
2014-01-02,10.79665587,2.49274464,4.23799573,,0.34327807,3.48,9.43261612,1.9161442,,,5.45757313,6.21765354,,14.57,,5.391943,0.68888745,3.4050767,,9.18,22.591507,0.29866598,,3.8860001,4.10999596,2.07925185,0.12377551,,6.16,0.748183,
2014-01-05,10.7333226,2.51993822,4.24066246,,0.35312269,3.49,9.426815,1.9161442,,,5.47575494,6.2941001,,14.5,,5.103812,0.68110971,3.42058957,,9.21,22.591507,0.30254476,,3.8860001,3.87839619,2.07925185,0.11927459,,6.21,0.731557,
2014-01-06,10.666656,2.49878796,4.25332899,,0.34584622,3.45,9.426815,1.9161442,,,5.51817885,6.2533286,,14.27,,5.114318,0.66194308,3.42446779,,9.12,22.482624,0.30642354,,3.8860001,4.07999599,2.05553415,0.11627397,,6.17,0.714931,
2014-01-08,10.666656,2.48972313,4.25732911,,0.34456214,3.48,9.426815,1.9161442,,,5.53333066,6.26861791,,14.38,,5.028778,0.66388752,3.45161533,,9.15,22.479111,0.30642354,,3.8860001,4.13999594,2.06344005,0.11664904,,6.21,0.714931,
2014-01-09,10.7333226,2.53806727,4.30799586,,0.35312269,3.55,9.54283792,1.96569966,,,5.53333066,6.37054666,,14.57,,5.042284,0.6666653,3.79677686,,9.312,23.462573,0.31805988,,3.8860001,4.08359587,2.11878135,0.11721166,,6.38,0.706617,
2014-01-12,10.7333226,2.55317482,4.33332897,,0.35611886,3.64,9.57184293,1.96586483,,,5.6060579,6.39602885,,14.6,,5.042284,0.6666653,3.9829314,,9.168,22.56692,0.32581743,,3.8860001,4.22639597,2.19784036,0.11908705,,6.46,0.723244,
2014-01-14,10.73732259,2.60151895,4.3399955,,0.35611886,3.83,9.49642899,1.96553446,,,5.45757313,6.42151103,,14.6,,5.16534,0.68083193,4.07213045,,9.156,23.553893,0.34521133,,3.8860001,4.31999576,2.24527576,0.11814935,,6.74,0.723244,
2014-01-15,10.7339886,2.56828236,4.29399594,,0.35611886,3.83,9.58054431,1.85023544,,,5.63333062,6.31958229,,14.68,,5.25238,0.68333193,4.14969483,,9.12,22.826834,0.37236278,,3.8860001,4.32119552,2.22946396,0.11964966,,6.73,0.731557,
2014-01-16,10.7006553,2.54108878,4.28799568,,0.35312269,3.78,9.52253401,1.93266269,,,5.53030036,6.20746067,,14.64,,5.399447,0.67499859,4.16908593,,8.85,23.532819,0.3878779,,3.8860001,3.99959631,2.19784036,0.12246274,,6.65,0.73987,
2014-01-19,10.666656,2.46555106,4.26666237,,0.34584622,3.69,9.40360996,1.89962572,,,5.43939162,6.01379605,,14.25,,5.521002,0.6666653,4.12642552,,8.652,24.224755,0.37236278,,3.8860001,4.13999594,2.13459315,0.11889951,,6.58,0.731557,
2014-01-20,10.666656,2.46555106,4.25332899,,0.37859034,3.65,9.36880355,1.89962572,,,5.34242136,6.09024261,,14.25,,5.477482,0.6641653,4.14581662,,8.484,23.185096,0.35684767,,3.8860001,4.19999588,2.13459315,0.11908705,,6.66,0.73987,
2014-01-21,10.7999892,2.50483068,4.26666237,,0.342422,3.64,9.36880355,1.89962572,,,5.29999744,6.11572479,,14.45,,5.475982,0.66444308,4.14969483,,8.694,23.286955,0.37624156,,3.8860001,4.19999588,2.15040495,0.11946212,,6.75,0.76481,
2014-01-22,10.07998992,2.51087369,4.26666237,,0.36275333,3.73,9.48772644,1.9161442,,,5.39393649,6.14630342,,14.53,,5.477482,0.6666653,4.17684237,,8.7,24.059674,0.37236278,,3.8860001,4.19999588,2.20574626,0.12002474,,6.82,0.823002,
2014-01-23,10.8333225,2.50483068,4.26732917,,0.36382337,3.74,9.48772644,1.9161442,,,5.31817895,6.18197848,,14.56,,5.477482,0.6666653,4.18072059,,8.4,24.235292,0.39951423,,3.8860001,4.31999576,2.22946396,0.12152505,,6.94,0.814688,
2014-01-26,10.666656,2.46857257,4.25132905,,0.36510743,3.68,8.99173124,1.98221814,,,5.42423981,6.17688204,,14.2,,5.477482,0.66110972,4.18072059,,8.7,23.532819,0.40727179,,3.8860001,4.03319616,2.20574626,0.1280889,,6.83,0.806375,
2014-01-27,10.88332245,2.47461559,4.23332907,,0.36510743,3.69,9.49932897,1.98221814,,,5.48484584,6.21765354,,14.5,,5.402448,0.66805415,4.18459881,,8.7,23.884055,0.40727179,,3.8860001,4.25999582,2.22155806,0.1290266,,6.92,0.806375,
2014-01-28,10.8666558,2.49274464,4.20466243,,0.37773427,3.75,9.57184293,2.03177358,,,5.51817885,6.27881079,,14.7,,5.402448,0.67777638,4.21562457,,8.796,23.532819,0.41115057,,3.8860001,4.20119564,2.30061707,0.13127706,,7.08,0.823002,
2014-01-29,10.9333224,2.48368012,4.22066248,,0.36382337,3.85,9.66176053,2.06481055,,,5.50302765,6.27881079,,14.73,,5.62605,0.68416523,4.30482361,,8.988,23.536332,0.44605958,,3.8860001,4.20599575,2.32433477,0.13427768,,7.08,0.806375,
2014-01-30,10.7999892,2.48670163,4.21066243,,0.36596351,3.97,9.69946721,1.90144274,,,5.51817885,6.31958229,,14.75,,5.447468,0.68610973,4.30482361,,9.0,24.586528,0.44605958,,3.8860001,4.23119561,2.41129967,0.14065399,,7.11,0.814688,
2014-02-02,10.66998933,2.50483068,4.22066248,,0.37024376,3.98,9.71106973,2.10610676,,,5.51514916,6.2941001,,14.75,,5.702584,0.69444302,4.382388,,9.0,24.934251,0.44993836,,3.8860001,4.26119558,2.41129967,0.14065399,,7.07,0.806375,
2014-02-03,10.91932174,2.48972313,4.21666242,,0.38308461,3.99,9.60084793,2.114366,,,5.57575489,6.24313573,,14.76,,5.777618,0.69722079,4.382388,,8.88,24.077236,0.44993836,,3.8860001,4.20599575,2.40339377,0.14177922,,7.08,0.798062,
2014-02-04,10.91932174,2.45648654,4.23066234,,0.38479672,3.94,9.43551639,2.18043994,,,5.89393685,6.17688204,,14.57,,5.702584,0.68888745,4.2815543,,8.94,24.277441,0.44993836,,3.8860001,4.3799957,2.34014657,0.14065399,,7.0,0.76481,
2014-02-05,10.8666558,2.45044352,4.23332907,,0.39592544,3.97,9.46162142,2.21347691,,,5.8030275,6.17688204,,14.59,,5.777618,0.69444302,4.26604142,,9.0,24.41091,0.45381714,,3.8860001,4.34399586,2.37177017,0.13990384,,7.05,0.781436,
2014-02-06,10.98332235,2.49878796,4.26666237,,0.39613945,4.05,9.54283792,2.29606933,,,5.75757298,6.2533286,,14.5,,5.702584,0.69444302,4.37850978,,9.042,23.884055,0.4615747,,3.8860001,4.39199545,2.42711147,0.14440477,,7.1,0.789749,
2014-02-09,10.98465568,2.67403516,4.33332897,,0.39592544,4.06,9.5602404,2.54401163,,,5.81817932,6.29919654,,14.5,,5.704084,0.69916523,4.35136225,,9.006,23.641702,0.4615747,,3.8860001,4.43999564,2.45082918,0.14534246,,7.13,0.789749,
2014-02-10,10.98465568,2.60756197,4.28399582,,0.39592544,4.12,9.54283792,2.56053011,,,5.76666419,6.39602885,,14.65,,5.777618,0.71583186,4.36299691,,9.006,23.905129,0.41890813,,3.8860001,4.45199539,2.49035868,0.14534246,,7.19,0.798062,
2014-02-11,10.8666558,2.61058348,4.28532895,,0.39592544,4.09,9.64435689,2.54401163,,,5.76666419,6.37054666,,14.71,,5.711588,0.70833188,4.37463156,,9.006,23.912155,0.44993836,,3.8860001,4.43999564,2.48245278,0.14628015,,7.15,0.798062,
2014-02-12,10.7999892,2.63475555,4.34332909,,0.39592544,4.14,9.74297588,2.54384661,,,5.89696655,6.47247541,,14.88,,5.927686,0.71444295,4.37850978,,9.03,23.884055,0.45381714,,3.8860001,4.46999561,2.47454688,0.15190631,,7.3,0.798062,
2014-02-13,10.81398985,2.62569102,4.35466228,,0.40876626,4.14,9.89380521,2.67599448,,,5.76363358,6.60498278,,14.8,,5.995217,0.71472075,4.34748403,,9.006,23.884055,0.45381714,,3.8860001,4.49999558,2.44292328,0.15190631,,7.25,0.789749,
2014-02-16,11.06998893,2.58641141,4.36666227,,0.40662612,4.06,9.98082167,2.65964102,,,5.91817927,6.54382553,,14.77,,5.552516,0.71138745,4.33972759,,9.012,23.884055,0.45381714,,3.8860001,4.45199539,2.38758197,0.15565708,,7.16,0.789749,
2014-02-17,10.999989,2.5833899,4.36666227,,0.41497264,4.03,9.94021385,2.659476,,,6.00908801,6.62536853,,14.75,,5.402448,0.70777632,4.33584937,,9.012,23.884055,0.45381714,,3.8860001,4.55999552,2.33224067,0.15696986,,7.11,0.789749,
2014-02-18,10.93465573,2.67403516,4.40532903,,0.42695745,4.06,10.15195462,2.72554994,,,6.04545193,6.62536853,,14.92,,5.552516,0.7105541,4.36687513,,9.18,23.884055,0.4615747,,3.8860001,4.66799566,2.49035868,0.1595954,,7.19,0.798062,
2014-02-19,10.997989,2.65892762,4.48132889,,0.39806557,4.09,10.32598755,2.72571496,,,5.90908806,6.56421128,,15.0,,5.552516,0.70916524,4.382388,,9.18,23.884055,0.46933226,,3.8860001,4.69319551,2.49826458,0.16222094,,7.25,0.798062,
2014-02-20,10.8666558,2.64382008,4.50732886,,0.40662612,4.14,10.43040794,2.79162388,,,5.83939112,6.52853622,,15.01,,5.699583,0.70916524,4.4211702,,9.096,24.059674,0.46933226,,3.8860001,4.69199515,2.56151178,0.16409632,,7.38,0.806375,
2014-02-23,11.0666556,2.65892762,4.55332895,,0.40662612,4.15,10.44201047,2.75858691,,,5.94242168,6.52343978,,14.9,,5.699583,0.70444302,4.76633173,,9.156,24.273928,0.47321104,,3.8860001,4.73999535,2.61685309,0.16503402,,7.6,0.831315,
2014-02-24,11.0673216,2.64382008,4.52532858,,0.40662612,4.15,10.58703839,2.79162388,,,5.92726957,6.52853622,,14.88,,5.56152,0.70333189,4.78184461,,9.036,24.273928,0.47321104,,3.8860001,4.77599519,2.60104129,0.16297109,,7.66,0.856254,
2014-02-25,11.07998892,2.55317482,4.506662,,0.38672284,4.09,10.53482834,2.72554994,,,5.93939108,6.52853622,,14.93,,5.776118,0.69583188,4.74306241,,9.06,24.235292,0.43442325,,3.8860001,4.67999541,2.61685309,0.15190631,,7.74,0.889507,
2014-02-26,11.16998883,2.54411029,4.52332865,,0.38543876,4.09,10.47101547,2.65980637,,,5.83939112,6.48266828,,14.91,,5.590033,0.69555415,4.75081885,,9.03,24.235292,0.45381714,,3.8860001,4.79999529,2.55360588,0.15471939,,7.72,0.89782,
2014-02-27,11.333322,2.58036839,4.58666225,,0.39870759,4.16,10.56963475,2.75858691,,,5.82120901,6.58459703,,15.0,,5.567522,0.69610965,4.86716544,,9.108,24.080747,0.50424127,,3.8860001,4.87199498,2.68800619,0.15978295,,7.98,0.922759,
2014-03-02,11.333322,2.53202426,4.53332877,,0.38757892,4.14,10.58703839,2.659476,,,5.87878504,6.52343978,,15.05,,5.774617,0.68083193,4.77796639,,8.82,23.905129,0.52363516,,3.8860001,4.85999523,2.61685309,0.15471939,,7.87,0.914446,
2014-03-03,11.0999889,2.46857257,4.51332859,,0.4047,3.92,10.2737775,2.65964102,,,5.57575489,6.31958229,,14.55,,5.567522,0.63972094,4.57629898,,8.412,23.908642,0.50812005,,3.8860001,4.79999529,2.53779408,0.14684277,,7.51,0.889507,
2014-03-04,11.2666554,2.48670163,4.49999547,,0.39613945,3.98,10.32888898,2.67615951,,,5.51514916,6.35525735,,14.71,,5.567522,0.65416529,4.66161981,,8.418,24.077236,0.46933226,,3.8860001,4.68119516,2.58522949,0.14815554,,7.75,0.906133,
2014-03-05,11.3666553,2.4776371,4.56666207,,0.39592544,4.07,10.578337,2.67781151,,,5.67575484,6.48776472,,15.0,,5.701084,0.66499866,4.78960105,,8.34,23.919178,0.52751394,,3.8860001,4.8071954,2.68800619,0.15228139,,8.03,0.914446,
2014-03-06,11.33465533,2.47159408,4.6013285,,0.39592544,3.99,10.58703839,2.65931098,,,5.54848187,5.8914116,,14.85,,5.552516,0.66749866,4.72754954,,8.16,24.586528,0.53139272,,3.8860001,4.79999529,2.68800619,0.15284401,,7.9,0.89782,
2014-03-09,11.33998932,2.46252956,4.59999537,,0.41732681,3.95,10.59283951,2.69581666,,,5.74242178,6.34719416,,15.1,,5.560019,0.6666653,4.72754954,,7.74,24.094796,0.48872615,,3.8860001,4.71599525,2.64847669,0.15190631,,7.88,0.89782,
2014-03-10,11.08332225,2.46857257,4.54066216,,0.44407853,3.93,10.56963475,2.69581666,,,5.64545152,6.36407499,,15.4,,5.702584,0.6666653,4.68876734,,7.986,24.632187,0.53139272,,3.8860001,4.79879553,2.64057079,0.15190631,,7.85,0.889507,
2014-03-11,11.38132195,2.56526085,4.59999537,,0.44429254,4.04,10.67405485,2.67615951,,,5.64848182,6.38658277,,15.5,,5.133826,0.67777638,4.80899215,,7.998,24.094796,0.54302906,,3.8860001,4.74119511,2.7196298,0.1537817,,8.0,0.922759,
2014-03-12,11.1333222,2.54411029,4.61732882,,0.41732681,4.0,10.56093336,2.68425373,,,5.5909067,6.34156721,,15.95,,5.552516,0.68333193,4.89819119,,7.95,24.09831,0.57405929,,3.8860001,4.85999523,2.8303124,0.15321908,,8.1,0.922759,
2014-03-13,11.15398884,2.53202426,4.58666225,,0.44429254,4.01,10.63344733,2.72554994,,,5.6060579,6.45410612,,16.0,,5.696581,0.6791653,4.88655653,,7.794,24.094796,0.53915028,,3.8860001,5.03999505,2.91727731,0.15190631,,7.59,0.922759,
2014-03-16,11.15398884,2.49576615,4.56666207,,0.39999172,4.14,10.73206631,2.74107731,,,5.59393639,6.26278998,,15.95,,5.552516,0.67499859,4.9602427,,7.662,24.723509,0.52363516,,3.8860001,4.80239529,2.96471271,0.15490693,,8.11,0.914446,
2014-03-17,11.07665492,2.50785219,4.46666217,,0.39999172,4.19,10.73206631,2.80814236,,,5.58181549,6.24590915,,15.59,,5.552516,0.67499859,4.99514668,,7.584,24.094796,0.54302906,,3.8860001,5.15279482,3.00424222,0.15565708,,8.15,0.914446,
2014-03-18,11.07665492,2.51993822,4.5679952,,0.39999172,4.25,9.78938481,2.77510539,,,5.58181549,6.27404387,,15.71,,5.552516,0.67777638,5.04944175,,7.794,24.586528,0.55078662,,3.8860001,5.44799489,3.08330122,0.1537817,,8.24,0.914446,
2014-03-19,11.2659894,2.52900275,4.5399953,,0.39250122,4.23,10.74656882,2.78336464,,,5.68181544,6.27404387,,15.87,,5.552516,0.69722079,5.06495463,,7.65,24.937764,0.56242295,,3.8860001,5.15999493,3.13864253,0.15753247,,8.31,0.914446,
2014-03-20,11.1333222,2.56223934,4.53266197,,0.38736489,4.58,10.52902693,2.78336464,,,5.6060579,6.20652053,,16.0,,5.554016,0.72916517,5.09985861,,7.674,24.094796,0.54690784,,3.8860001,5.3999947,3.15445433,0.15471939,,8.3,0.956012,
2014-03-23,10.9333224,2.5471318,4.58799538,,0.38565278,4.44,10.9351057,2.8576978,,,5.6090882,6.25716304,,16.6,,5.552516,0.77277619,5.01065956,,7.62,25.605113,0.56242295,,3.8860001,5.52239458,3.19398383,0.15603216,,8.3,0.947699,
2014-03-24,11.0666556,2.52900275,4.56666207,,0.40598406,4.45,10.87709424,2.80814236,,,5.49999735,6.25153609,,16.879999,,5.554016,0.84860934,4.98739024,,7.62,25.289,0.51975638,,3.8860001,5.6231946,3.21770153,0.15565708,,8.4,0.956012,
2014-03-25,11.1333222,2.5471318,4.60066217,2.0,0.40598406,4.88,10.92060319,2.73380918,,,5.51817885,6.26278998,,17.49,,5.554016,0.92388693,5.08046751,,7.674,24.941277,0.56242295,,3.8860001,5.87999423,3.27304284,0.1595954,,8.45,0.956012,
2014-03-26,10.999989,2.55317482,4.65999544,2.0,0.41518667,5.16,11.05112716,2.80797734,,,5.90908806,6.18963969,,16.799999,,5.554016,0.89722035,5.06495463,,7.596,25.289,0.55854417,,3.8860001,5.82599416,3.28094874,0.15940786,,8.46,0.956012,
2014-03-27,10.8686558,2.43533598,4.6066619,2.0,0.48816534,4.8,10.52902693,2.75875193,,,5.48787644,6.01520439,,16.5,,5.552516,0.82638719,4.77020995,,7.5,24.586528,0.51199883,,3.8860001,5.63999446,3.02005402,0.15415678,,7.71,0.931072,
2014-03-30,10.999989,2.42929296,4.59999537,2.0,0.5369605,4.78,10.58993837,2.80814236,,,5.51514916,5.92517327,,16.709999,,5.157837,0.82027612,4.68876734,,7.38,25.289,0.5158776,,3.8860001,5.51999458,3.04377172,0.15659478,,7.76,0.922759,
2014-03-31,10.9333224,2.28123904,4.51199546,2.0,0.59024992,4.42,10.15195462,2.80797734,,,5.218179,5.67696696,,16.469999,,5.551016,0.78610947,4.61508117,,7.5,24.937764,0.47708981,,3.8860001,5.61599437,2.7986888,0.14909323,,7.3,0.900037,
2014-04-01,10.997323,2.31145412,4.53332877,2.0,0.6491037,4.33,10.58703839,2.66773524,,,5.212119,5.67696696,,16.780001,,5.552516,0.82222053,4.75081885,,7.698,24.590041,0.43830202,,3.8860001,5.57999452,2.86984191,0.14196676,,7.49,0.908691,
2014-04-02,10.997323,2.18152925,4.59999537,2.0,0.62042586,4.53,10.64504985,2.80781198,,,5.15151267,5.61245598,,17.1,,5.552516,0.79444281,4.78184461,,7.8,24.611114,0.45769592,,3.8860001,5.59559463,2.89355961,0.14684277,,7.82,0.908691,
2014-04-03,10.997323,2.1271421,4.5359955,2.0,0.61036721,4.31,10.39270155,2.79162388,,,5.09090633,5.25764554,,15.71,,5.402448,0.75444289,4.4405613,,7.716,24.937764,0.42278691,,3.8860001,5.60399462,2.7275357,0.14252938,,7.5,0.874074,
2014-04-06,10.8006552,2.01534627,4.53332877,2.0,0.58318747,4.0,10.32598755,2.80582976,,,5.06969452,4.85767741,,14.4,,5.402448,0.70138745,4.14969483,,7.59,24.646237,0.39175668,,3.8860001,5.48399474,2.56151178,0.13315245,,7.08,0.804841,
2014-04-07,10.8333225,2.03045382,4.5346619,2.0,0.5992385,3.98,10.20996608,2.79162388,,,4.70302804,5.03185708,,14.53,,5.402448,0.71527631,4.26604142,,7.62,24.797269,0.37624156,,3.8860001,5.6387947,2.58522949,0.13371506,,7.19,0.813495,
2014-04-08,10.9293224,2.15735718,4.54999542,2.0,0.62085389,4.23,10.46231438,2.77510539,,,4.92424005,5.39311862,,14.9,,5.402448,0.75722067,4.53751678,,7.788,24.825368,0.36460522,,3.8860001,5.63999446,2.70381799,0.13765337,,7.4,0.86542,
2014-04-09,10.7999892,2.16037869,4.66666197,2.0,0.61229336,4.22,10.49712079,2.79162388,,,5.15454297,5.38666752,,14.8,,5.402448,0.76388732,4.61508117,,7.74,24.937764,0.41115057,,3.8860001,5.63999446,2.69591209,0.14065399,,7.59,0.86542,
2014-04-10,10.8666558,2.23591641,4.64066206,2.0,0.61700164,4.37,10.61894482,2.77510539,,,5.24242141,5.54794499,,15.0,,5.552516,0.80888725,4.70428022,,7.77,24.941277,0.43442325,,3.8860001,5.6999944,2.8065947,0.14384215,,7.6,0.874074,
2014-04-13,10.67398932,2.22685188,4.64332879,2.0,0.6101532,4.54,10.8016803,2.77510539,,,5.31817895,5.51568949,,15.24,,5.552516,0.78555397,4.55690788,,7.68,25.313586,0.44605958,,3.8860001,5.81999429,2.8224065,0.14440477,,7.67,0.86542,
2014-04-14,10.9333224,2.21174434,4.66666197,2.0,0.61207932,4.54,10.73786743,2.74206842,,,5.15757327,5.483434,,15.4,,5.552516,0.79166504,4.62671583,,7.74,25.313586,0.4421808,,3.8860001,5.66999443,2.8382183,0.14496738,,7.7,0.874074,
2014-04-15,10.999989,2.22383037,4.69666174,2.0,0.61250737,4.6,10.76107132,2.76304689,,,5.03333121,5.58020048,,15.5,,5.552516,0.80972056,4.67713268,,7.8,24.9764,0.45769592,,3.8860001,5.75999434,2.88565371,0.14590507,,7.82,0.874074,
2014-04-16,10.999989,2.24195942,4.74999522,2.0,0.60458884,4.6,10.73206631,2.75776098,,,5.39393649,5.61245598,,15.35,,5.477482,0.82777605,4.82838324,,7.764,25.313586,0.46545348,,3.8860001,5.72999437,3.00424222,0.14496738,,8.46,0.874074,
2014-04-17,10.667322,2.2328949,4.83399527,2.0,0.60993918,4.56,10.75237022,2.70903145,,,5.50605795,5.74147795,,15.38,,5.402448,0.82277611,4.92533873,,7.5,25.341686,0.4615747,,3.8860001,5.75999434,2.99633632,0.14384215,,8.5,0.874074,
2014-04-22,11.19332147,2.29634658,4.98266152,2.0,0.61871375,4.72,10.65955235,2.75313579,,,5.54545157,5.80598894,,15.59,,5.402448,0.85583155,4.96412092,,7.5,25.376809,0.47708981,,3.8860001,5.87879447,3.20188973,0.14740538,,8.81,0.891383,
2014-04-23,10.7333226,2.26613149,4.95332855,2.0,0.61700164,4.59,10.72916634,2.7419034,,,5.65151243,5.72857575,,14.21,,5.102312,0.85555377,4.92921695,,7.59,25.464618,0.45769592,,3.8860001,5.93879441,3.21770153,0.14515492,,8.76,0.882728,
2014-04-27,10.81132252,2.29634658,4.99332844,2.0,0.59153398,4.56,10.67405485,2.74206842,,,5.68181544,5.65761431,,14.53,,5.402448,0.8624982,4.95248627,,7.554,24.586528,0.46545348,,3.8860001,5.76839434,3.17817203,0.14534246,,8.9,0.891383,
2014-04-28,10.85265514,2.26613149,5.1033284,2.0,0.57997726,4.3,10.65955235,2.79162388,,,5.37878528,5.4576296,,14.55,,5.327414,0.84277605,4.89431297,,7.434,23.880542,0.46933226,,3.8860001,5.78999432,3.02005402,0.14252938,,8.7,0.874074,
2014-04-29,10.8666558,2.269153,5.13332817,2.0,0.60565889,4.29,10.7117624,2.72554994,,,5.48787644,5.28990103,,14.6,,5.372434,0.86110934,4.89431297,,7.38,23.181583,0.4615747,,3.8860001,5.79599419,3.04377172,0.14252938,,8.74,0.874074,
2014-04-30,10.9333224,2.29030356,5.13332817,2.0,0.61122325,4.37,10.80458027,2.75858691,,,5.15151267,5.483434,,14.62,,5.25238,0.86666491,4.93309517,,7.32,23.269392,0.46933226,,3.8860001,5.78999432,3.14654843,0.14440477,,8.85,0.891383,
2014-05-04,10.9333224,2.27217451,5.13399497,2.0,0.63134056,4.48,10.73496629,2.77510539,,,5.39393649,5.5027873,,14.67,,5.402448,0.89222036,4.97187736,,7.2,24.607601,0.49260493,,3.8860001,5.7851942,3.21770153,0.14665523,,8.78,0.908691,
2014-05-05,10.9326564,2.26613149,5.19999477,2.0,0.61635958,4.46,10.77557527,2.77510539,,,5.23636141,5.36731422,,14.62,,5.25238,0.89388705,4.97187736,,6.618,23.887569,0.48872615,,3.8860001,5.79719443,3.26513693,0.14553,,8.79,0.908691,
2014-05-06,10.9333224,2.26613149,5.22599467,2.0,0.62170992,4.52,10.79587889,2.77494037,,,5.30908835,5.49633684,,14.75,,5.400948,0.89472036,5.03005066,,6.72,24.12992,0.50812005,,3.8860001,5.59199427,3.29676054,0.14628015,,8.84,0.934654,
2014-05-07,10.9333224,2.26613149,5.30332819,2.0,0.61314939,4.44,10.80458027,2.74206842,,,5.15151267,5.43182521,,14.55,,5.400948,0.89444263,5.04168531,,6.84,24.059674,0.49260493,,3.8860001,5.57999452,3.29676054,0.14421723,,8.75,0.925999,
2014-05-08,10.333323,2.22080886,5.26666137,2.0,0.60180668,4.4,10.69145878,2.72538492,,,5.15151267,5.38021642,,14.32,,5.178846,0.88860929,5.02229422,,6.9,24.235292,0.48096859,,3.8860001,5.63999446,3.29676054,0.14252938,,8.76,0.925999,
2014-05-11,10.8666558,2.22685188,5.26666137,2.0,0.59945251,4.41,10.70886127,2.62643903,,,5.15151267,5.43827631,,14.22,,5.198355,0.88888706,5.06495463,,6.846,24.059674,0.48484737,,3.8860001,5.56919453,3.30466644,0.14309199,,8.770001,0.925999,
2014-05-12,10.9333224,2.28426055,5.26666137,2.0,0.61122325,4.39,10.64504985,2.49429115,,,5.15757327,5.43827631,,14.24,,5.198355,0.88888706,5.09210217,,6.858,24.059674,0.48484737,,3.8860001,5.63999446,3.32047824,0.14327953,,8.78,0.934654,
2014-05-13,10.87398912,2.28426055,5.29399494,2.0,0.62063987,4.4,10.67405485,2.54384661,,,5.15151267,5.44472741,,14.15,,5.198355,0.89610921,5.08822395,,7.05,24.586528,0.48872615,,3.8860001,5.73359425,3.35210184,0.14440477,,8.81,0.943308,
2014-05-14,10.9333224,2.29634658,5.39999456,2.0,0.63562086,4.45,10.77267384,2.64295751,,,5.16060387,5.483434,,14.18,,5.198355,0.90277592,5.23171807,,7.05,24.586528,0.49648371,,3.8860001,5.63999446,3.42325495,0.1445923,,8.89,0.943308,
2014-05-15,10.95998837,2.34166921,5.4013277,9.0,0.6133634,4.48,10.90609924,2.64295751,,,5.17272478,5.5027873,,14.27,,5.198355,0.93277592,5.25498738,,7.176,24.417933,0.50424127,,3.8860001,5.89919421,3.50231395,0.14609261,,9.3,0.943308,
2014-05-18,10.8666558,2.34469072,5.36732806,7.0,0.60394678,4.4,10.90609924,2.64460952,,,5.11514875,5.42537411,,14.29,,5.177346,0.93888693,5.25498738,,7.2,24.417933,0.5158776,,3.8860001,5.77199409,3.47859625,0.14515492,,9.3,0.96927,
2014-05-19,10.8666558,2.35375524,5.31799445,10.22,0.60458884,4.4,10.90029928,2.51080964,,,5.12423995,5.80598894,,14.25,,5.178846,0.95055363,5.24335273,,7.218,24.150996,0.5158776,,3.8860001,5.98319425,3.51021985,0.14440477,,9.31,0.96927,
2014-05-20,10.8666558,2.38397033,5.27332789,10.1,0.607371,4.4,11.02212216,2.61636274,,,5.15151267,5.71567356,,14.0,,5.402448,1.02777567,5.42950726,,7.206,24.238805,0.47708981,,3.8860001,6.01559421,3.55765526,0.14571754,,9.5,0.951962,
2014-05-21,10.7666559,2.38699184,5.26666137,10.04,0.6024487,4.42,11.02212216,2.61636274,,,5.18484629,5.74147795,,14.02,,5.402448,1.03249782,5.42950726,,7.194,24.235292,0.5158776,,3.8860001,5.99999411,3.57346706,0.14440477,,9.56,0.951962,
2014-05-22,10.7666559,2.41720693,5.21666142,10.23,0.61443345,4.44,11.12364113,2.54549861,,,5.212119,5.75438015,,14.26,,5.327414,1.05555339,5.46828946,,7.17,24.586528,0.52751394,,3.8860001,5.99999411,3.61299656,0.14084153,,9.75,0.96927,
2014-05-25,10.8666558,2.42022844,5.28066128,10.54,0.62620423,4.46,11.05982971,2.56036509,,,5.22727021,5.68341806,,14.5,,5.390442,1.04638668,5.54585384,,7.14,24.586528,0.50424127,,3.8860001,6.01199386,3.62090246,0.14553,,9.770001,0.96927,
2014-05-26,10.8666558,2.42325025,5.28066128,10.8,0.60993918,4.54,11.06563112,2.54797622,,,5.16969417,5.74147795,,14.33,,5.390442,1.02777567,5.52646275,,7.002,24.586528,0.52363516,,3.8860001,5.91119396,3.54184345,0.14815554,,9.8,0.96927,
2014-05-28,10.8666558,2.32958318,5.26666137,10.64,0.59667031,4.56,10.8596906,2.54797622,,,5.15151267,5.63180927,,14.24,,5.20736,1.00249794,5.42950726,,6.81,24.583015,0.51199883,,3.8860001,5.87999423,3.50231395,0.14890569,,9.5,0.960616,
2014-05-29,10.8666558,2.16642171,5.09999487,10.26,0.57270079,4.17,10.12294962,2.54384661,,,4.98484638,5.16087906,,13.0,,5.210361,0.94860922,5.04168531,,6.66,24.586528,0.46933226,,3.8860001,5.40359457,3.20979563,0.13915368,,8.66,0.943308,
2014-06-01,10.4666562,2.06369041,4.79999517,10.04,0.53503437,3.96,9.57184293,2.29623436,,,4.98484638,4.9415417,,12.6,,4.87871,0.93055364,4.89043475,,6.396,22.127875,0.44605958,,3.8860001,5.12519485,3.12283072,0.13165214,,8.28,0.882728,
2014-06-02,10.666656,2.11505606,5.00066177,10.36,0.52711584,3.96,10.29698254,2.40343949,,,4.76060376,5.01250379,,13.18,,5.372434,0.96416466,5.00290312,,6.606,22.514234,0.45381714,,3.8860001,5.13719508,3.19398383,0.13690322,,8.53,0.908691,
2014-06-03,10.8666558,2.14527115,5.06666157,10.51,0.529256,4.02,10.15195462,2.47777267,,,4.54545235,5.01250379,,13.2,,5.400948,0.93944251,5.00290312,,6.756,22.654729,0.45769592,,3.8860001,5.19719502,3.16236023,0.13409014,,8.25,0.917345,
2014-06-04,10.666656,2.17548623,5.09932807,10.6,0.52968403,4.04,10.2157672,2.47777267,,,4.6393917,5.03830818,,13.1,,4.901221,0.94999808,5.04168531,,6.78,23.308029,0.46545348,,3.8860001,5.27879506,3.18607793,0.13427768,,8.4,0.925999,
2014-06-05,10.666656,2.29634658,5.15999494,10.76,0.55622173,4.29,10.38399901,2.47777267,,,5.14848237,5.41892301,,13.65,,4.959747,1.0188868,5.6156618,,7.068,22.658242,0.50036249,,3.8860001,5.57999452,3.43906675,0.1445923,,8.95,0.951962,
2014-06-09,10.4666562,2.31145412,5.21666142,11.06,0.62385008,4.27,10.55803339,2.50849705,,,5.16666387,5.58665158,,14.27,,5.327414,1.02777567,5.81345099,,7.332,23.005965,0.50424127,,3.8860001,5.46599451,3.48650215,0.14684277,,9.15,0.951962,
2014-06-10,10.6293227,2.32656167,5.2679945,10.92,0.7066734,4.34,10.55223198,2.56003472,,,5.17272478,5.52214059,,14.1,,5.102312,1.02777567,5.85223318,,7.608,23.041088,0.50424127,,3.8860001,5.62799471,3.46278445,0.14684277,,9.13,0.943308,
2014-06-11,10.8666558,2.32656167,5.33732783,11.08,0.70624537,4.4,10.61604339,2.59307169,,,5.29999744,5.55439609,,14.33,,5.327414,1.03999784,5.94531045,,7.734,23.255342,0.50424127,,3.8860001,5.84999426,3.48650215,0.14440477,,9.21,0.934654,
2014-06-12,10.88465578,2.32656167,5.41332768,11.0,0.684844,4.38,10.87709424,2.56053011,,,5.24242141,5.74147795,,14.34,,4.929733,1.11944212,5.92204113,,7.77,23.532819,0.51199883,,3.8860001,5.87399435,3.51021985,0.14515492,,9.4,0.934654,
2014-06-15,10.88465578,2.31145412,5.27266109,10.9,0.67649748,4.33,10.81908278,2.57688358,,,5.45151252,5.69632026,,14.05,,4.968752,1.12221997,5.91816291,,7.8,24.498719,0.51199883,,3.8860001,5.63999446,3.47859625,0.14440477,,9.3,0.934654,
2014-06-16,10.90665642,2.25404546,5.33332796,10.81,0.66344262,4.13,10.73206631,2.49429115,,,5.17272478,5.44472741,,13.6,,4.802176,1.1291644,5.75915592,,7.62,23.620628,0.49648371,,3.8860001,5.63999446,3.38372544,0.1421543,,8.96,0.925999,
2014-06-17,10.8666558,2.23893792,5.26666137,10.76,0.68741214,4.0,10.60154089,2.57473616,,,5.04545211,5.37376532,,13.35,,4.884713,1.13416439,5.75915592,,7.56,23.620628,0.46933226,,3.8860001,5.64239446,3.23351333,0.13709076,,8.8,0.917345,
2014-06-18,10.8673218,2.26613149,5.29999466,10.75,0.68505797,4.04,10.63924844,2.49429115,,,5.08181573,5.4769829,,13.4,,4.803676,1.13888655,5.88325894,,7.506,23.638191,0.48096859,,3.8860001,5.75879459,3.27304284,0.14121661,,8.83,0.900037,
2014-06-19,10.999989,2.20872283,5.23332807,10.91,0.70859954,4.0,10.48551942,2.4614192,,,4.99999759,5.38666752,,13.2,,5.111316,1.12638655,5.91428469,,7.53,23.638191,0.48096859,,3.8860001,5.51999458,3.23351333,0.1397163,,8.6,0.891383,
2014-06-22,10.90798909,2.22080886,5.2679945,11.0,0.68698409,3.96,10.32598755,2.56036509,,,5.0272703,5.28990103,,13.18,,5.102312,1.13055326,5.89877182,,7.212,23.870006,0.47321104,,3.8860001,5.57519441,3.27304284,0.14102907,,8.57,0.900037,
2014-06-23,11.35998797,2.19059378,5.28332802,11.0,0.68698409,3.92,10.38399901,2.4614192,,,4.90908884,5.35441202,,13.28,,4.806678,1.1394421,5.90265004,,7.56,23.532819,0.47321104,,3.8860001,5.57999452,3.27304284,0.14027892,,8.63,0.900037,
2014-06-24,11.333988,2.1634002,5.26666137,11.0,0.62620423,3.76,10.23897108,2.47793769,,,4.69696743,5.01895488,,13.19,,4.812681,1.09027554,5.8755025,,7.59,23.005965,0.45381714,,3.8860001,5.51999458,3.12283072,0.13896614,,8.4,0.900037,
2014-06-25,11.333322,2.16037869,5.2366616,11.02,0.60480285,3.64,10.19256215,2.57605765,,,4.64545231,4.9092862,,13.15,,4.838193,1.07360896,5.87938072,,7.5,22.127875,0.43442325,,3.8860001,5.63999446,3.05167762,0.13840353,,8.34,0.891383,
2014-06-26,11.37398862,2.18455076,5.2346612,10.9,0.64204125,3.7,10.09394316,2.46984379,,,4.66666442,5.08991697,,13.14,,4.802176,1.10277554,5.93367579,,7.5,22.145436,0.41115057,,3.8860001,5.6999944,3.08330122,0.13896614,,8.32,0.900037,
2014-06-29,11.37398862,2.14527115,5.20399463,10.9,0.64204125,3.67,10.13455098,2.55309695,,,4.84848251,4.83832412,,13.15,,4.838193,1.09027554,5.95306689,,7.2,22.380765,0.45381714,,3.8860001,5.75999434,3.05167762,0.13877861,,8.24,0.900037,
2014-06-30,11.37398862,2.14527115,5.26666137,10.92,0.61635958,3.72,10.20996608,2.47793769,,,4.92424005,4.99960159,,13.3,,4.838193,1.10805325,5.92204113,,7.158,23.532819,0.4615747,,3.8860001,5.87999423,3.12283072,0.13915368,,8.44,0.900037,
2014-07-02,11.37398862,2.12109908,5.36666126,10.72,0.62170992,3.73,10.15195462,2.46951342,,,4.87878553,4.90283511,,13.08,,4.838193,1.1041644,5.81732921,,7.182,24.175582,0.44605958,,3.8860001,6.11639411,3.05167762,0.13596553,,8.270001,0.891383,
2014-07-03,11.52665447,2.18455076,5.39999456,10.91,0.62492017,3.91,10.1548546,2.47793769,,,4.94242156,5.10281917,,13.37,,4.506542,1.16666427,5.88325894,,7.35,24.203682,0.47708981,,3.8860001,5.75999434,3.18607793,0.1363406,,8.520001,0.900037,
2014-07-06,11.52665447,2.17850774,5.40666109,11.0,0.62063987,3.91,10.15195462,2.47793769,,,4.94242156,5.20603675,,13.21,,4.689625,1.1611087,5.8948936,,7.59,24.203682,0.47708981,,3.8860001,5.96999414,3.14654843,0.14271692,,8.5,0.900037,
2014-07-07,10.94332172,2.18455076,5.49999446,11.0,0.62063987,3.97,10.32598755,2.52914515,,,5.15151267,5.02540598,,13.35,,4.668616,1.19416427,5.75915592,,7.4,23.357201,0.48484737,,3.8860001,5.96999414,3.20188973,0.14721785,,8.6,0.900037,
2014-07-08,11.45198855,2.20570132,5.48666134,11.0,0.61122325,4.0,10.44201047,2.56036509,,,4.99999759,5.12862356,,13.31,,4.652108,1.22221971,5.73976482,,7.6,23.181583,0.48484737,,3.8860001,5.76239434,3.24141923,0.14646769,,8.66,0.908691,
2014-07-09,11.2666554,2.16642171,5.53332776,11.15,0.5992385,4.02,10.4884194,2.58563838,,,5.02424,5.12862356,,13.39,,4.652108,1.25971958,5.66220043,,7.52,22.321054,0.48484737,,3.8860001,5.98799436,3.30466644,0.14740538,,9.0,0.925999,
2014-07-10,11.36532197,2.17850774,5.46999469,11.06,0.58875182,3.99,10.55803339,2.69251297,,,5.02424,5.1737819,,13.3,,4.517047,1.273053,5.58463604,,7.6,22.830347,0.47321104,,3.8860001,5.93999417,3.24932513,0.14534246,,9.0,0.908691,
2014-07-13,11.36532197,2.21476585,5.45532798,11.49,0.59517221,3.98,10.67405485,2.69251297,,,5.02424,5.23829224,,13.35,,4.652108,1.2613863,5.62341823,,7.72,22.549357,0.47708981,,3.8860001,5.98799436,3.23351333,0.14534246,,8.88,0.908691,
2014-07-14,11.36532197,2.19059378,5.46732796,11.61,0.59709836,4.0,10.66535347,2.79162388,,,5.02424,5.25119444,,13.34,,4.650607,1.26666401,5.68159153,,7.76,22.703902,0.47708981,,3.8860001,5.87999423,3.24932513,0.14628015,,8.91,0.900037,
2014-07-15,11.36532197,2.1996583,5.47199463,11.95,0.59966652,4.05,10.99311716,2.80781198,,,4.93939125,5.29635213,,13.5,,4.652108,1.34055275,5.79405989,,7.76,22.482624,0.49260493,,3.8860001,5.98199389,3.30466644,0.15003093,,9.07,0.908691,
2014-07-16,11.333322,2.22987339,5.49999446,11.91,0.59324609,4.01,10.9641107,2.80814236,,,4.79090678,5.26409664,,13.38,,4.652108,1.33333059,5.85223318,,7.888,22.703902,0.48872615,,3.8860001,5.87999423,3.28885464,0.15003093,,9.270001,0.900037,
2014-07-17,11.333322,2.35375524,5.50066126,11.94,0.62021184,4.03,11.01051964,2.80814236,,,4.88181613,5.31570543,,13.51,,4.652108,1.34055275,5.86774606,,7.92,22.482624,0.48484737,,3.8860001,5.83199403,3.29676054,0.15040602,,9.34,0.908691,
2014-07-20,11.333322,2.35073374,5.4686611,12.0,0.60458884,4.08,11.11203976,2.80814236,,,5.05757362,5.27054774,,13.35,,4.652108,1.30555287,5.94531045,,7.6,22.883033,0.48096859,,3.8860001,5.87999423,3.20979563,0.15003093,,9.17,0.908691,
2014-07-21,11.333322,2.34166921,5.46999469,11.98,0.60287673,4.09,10.99021573,2.76684615,,,5.15151267,5.27054774,,13.3,,4.644605,1.29221957,5.87162428,,7.704,23.908642,0.47708981,,3.8860001,5.88119399,3.20188973,0.14628015,,9.03,0.900037,
2014-07-22,11.000655,2.32656167,5.47999428,11.96,0.58875182,4.17,11.02212216,2.80814236,,,5.16666387,5.27699884,,13.35,,4.652108,1.29944175,5.8755025,,7.808,22.830347,0.48096859,,3.8860001,5.99879435,3.21770153,0.14440477,,9.0,0.900037,
2014-07-24,11.333322,2.41418542,5.49999446,11.95,0.59966652,4.21,11.39339335,2.80814236,,,5.13636146,5.26409664,,13.4,,4.652108,1.29860844,6.00348374,,7.8160008,22.830347,0.48484737,,3.8860001,5.9099942,3.25723103,0.14815554,,9.18,0.908691,
2014-07-27,11.2019888,2.39001335,5.50332799,11.86,0.60351879,4.24,11.60223385,2.80814236,,,5.14848237,5.32215653,,13.4,,4.652108,1.2999973,6.10043923,,8.52,22.830347,0.48096859,,3.8860001,5.84399438,3.28094874,0.14628015,,9.22,0.908691,
2014-07-31,11.333322,2.38699184,5.46666116,11.79,0.59581428,4.24,11.60223385,2.80814236,,,5.14848237,5.34796092,,13.2,,4.727142,1.31110844,6.01899662,,8.208,23.4134,0.48484737,,3.8860001,5.82119404,3.28885464,0.14628015,,9.28,0.900037,
2014-08-03,11.333322,2.35677675,5.45799471,11.8,0.58361549,4.2,12.08372656,2.77510539,,,5.15151267,5.30280323,,13.24,,4.381986,1.33749731,6.01899662,,8.08,23.181583,0.48484737,,3.8860001,5.82599416,3.23351333,0.14628015,,9.38,0.900037,
2014-08-04,11.3999886,2.33260468,5.45799471,11.8,0.59067795,4.2,12.05182012,2.54401163,,,5.2060581,5.40602081,,13.32,,4.712135,1.36805274,6.05002238,,8.144,23.884055,0.48484737,,3.8860001,5.87999423,3.26513693,0.14628015,,9.51,0.900037,
2014-08-05,11.333322,2.39303486,5.41732801,11.8,0.6058729,4.24,12.32737347,2.67599448,,,5.15151267,5.61245598,,13.4,,4.764659,1.41888603,6.24393335,,8.32,23.884055,0.48872615,,3.8860001,5.7239945,3.28885464,0.14901977,,9.43,0.900037,
2014-08-06,11.39865527,2.40512089,5.41332768,11.85,0.59538625,4.28,12.33027345,2.80797734,,,5.15151267,5.56084719,,13.56,,4.757156,1.46694146,6.43784432,,8.44,23.884055,0.50036249,,3.8860001,5.72759438,3.28885464,0.149608,,9.44,0.900037,
2014-08-07,11.333322,2.42627145,5.3686612,11.95,0.6101532,4.31,12.61452934,2.77510539,,,5.0212097,5.56084719,,13.66,,4.727142,1.45555262,6.48438257,,8.04,23.971864,0.50036249,,3.8860001,5.7479946,3.34419594,0.14509819,,9.62,0.900037,
2014-08-10,11.1999888,2.441379,5.39999456,11.99,0.60993918,4.29,12.53041285,2.70903145,,,5.19393659,5.483434,,13.57,,4.704632,1.44721919,6.49601762,,8.28,23.884055,0.50036249,,3.8860001,5.7263945,3.34419594,0.14549035,,9.58,0.900037,
2014-08-11,11.333322,2.4444005,5.36732806,12.0,0.62063987,4.33,12.68994328,2.89073477,,,5.0212097,5.61245598,,13.71,,4.87721,1.46944148,6.58133806,,8.24,23.887569,0.50812005,,3.8860001,5.51999458,3.36791364,0.14529427,,9.66,0.900037,
2014-08-12,11.333322,2.46252956,5.43332786,12.02,0.60993918,4.29,13.00030303,2.80814236,,,5.10908875,5.58020048,,13.7,,4.892216,1.52860794,6.74810188,,8.208,23.901618,0.50812005,,3.8860001,5.45999464,3.33629004,0.14254917,,9.8,0.900037,
2014-08-13,11.333322,2.42325025,5.39999456,12.0,0.6101532,4.41,12.99450162,2.52749314,,,5.11514875,5.5027873,,13.65,,4.710634,1.56944122,6.8683263,,8.24,23.894592,0.50424127,,3.8860001,5.45999464,3.46278445,0.14313741,,9.75,0.908691,
2014-08-14,11.333322,2.46252956,5.39999456,12.0,0.61250737,4.43,13.1830385,2.88677018,,,5.10908875,5.52214059,,13.6,,4.937238,1.54527463,6.88383956,,8.04,24.586528,0.50424127,,3.8860001,5.46839463,3.50231395,0.14215701,,9.76,0.900037,
2014-08-17,11.333322,2.44742201,5.39999456,11.7,0.62042586,4.42,13.43248653,2.61008557,,,5.15757327,5.4898851,,13.59,,4.802176,1.70582983,6.94976929,,8.04,24.238805,0.50036249,,3.8860001,5.45999464,3.44697265,0.14313741,,9.81,0.900037,
2014-08-18,11.333322,2.43231447,5.37599452,11.68,0.59945251,4.35,13.12502705,2.88247553,,,5.15151267,5.45117851,,13.6,,4.769161,1.70832982,6.68992859,,7.96,23.901618,0.49260493,,3.8860001,5.49239461,3.39953724,0.14313741,,9.51,0.900037,
2014-08-19,11.26532207,2.41720693,5.37532772,11.67,0.60223467,4.39,13.20044099,2.89056977,,,5.25454292,5.45117851,,13.6,,4.937238,1.74444083,6.70544185,,7.88,23.926205,0.49260493,,3.8860001,5.51999458,3.41534905,0.14431388,,9.74,0.856766,
2014-08-20,11.333322,2.43533598,5.3353279,11.75,0.5992385,4.49,13.0583142,2.80814236,,,5.212119,5.61245598,,13.6,,4.937238,1.81110731,6.79464051,,7.584,24.073723,0.48484737,,3.8860001,5.54999455,3.43906675,0.14529427,,10.21,0.813495,
2014-08-21,11.333322,2.41720693,5.32066118,11.8,0.58917987,4.43,13.13372843,2.80814236,,,5.15151267,5.61245598,,13.6,,4.802176,1.82499617,6.80627479,,7.76,24.168556,0.48484737,,3.8860001,5.52599445,3.43906675,0.14117662,,10.14,0.830803,
2014-08-24,11.333322,2.44742201,5.33332796,11.9,0.58639767,4.4,13.33966895,2.87322518,,,5.26060383,5.58665158,,13.61,,4.772162,1.84805173,7.04284656,,7.8,23.929715,0.48872615,,3.8860001,5.46359452,3.46278445,0.14313741,,10.4,0.839457,
2014-08-25,11.3999886,2.41720693,5.29199447,11.95,0.58853781,4.36,13.27295495,2.80814236,,,5.53030036,5.54794499,,13.63,,4.934236,1.83332957,7.04672478,,7.68,24.586528,0.47708981,,3.8860001,5.3999947,3.39953724,0.14156878,,10.47,0.830803,
2014-08-26,11.3999886,2.41720693,5.24066146,12.31,0.58639767,4.35,13.22654601,2.80814236,,,5.31817895,5.67696696,,13.64,,5.001767,1.8419406,6.92650036,,7.832,24.586528,0.47708981,,3.8860001,5.1767948,3.39953724,0.14117662,,10.28,0.822149,
2014-08-27,11.5333218,2.43533598,5.23732793,12.32,0.60030854,4.39,13.08151809,2.80814236,,,5.42423981,5.99952191,,14.19,,5.001767,1.78944071,6.86444885,,7.912,24.586528,0.48096859,,3.8860001,5.27999482,3.41534905,0.14058839,,10.33,0.830803,
2014-08-28,11.3999886,2.43231447,5.2019947,12.35,0.5883238,4.41,13.11052454,2.81640161,,,5.45757313,5.95436421,,14.23,,4.952244,1.79999638,6.97691683,,7.928,24.586528,0.48096859,,3.8860001,5.30519467,3.42325495,0.13960799,,10.35,0.839457,
2014-08-31,11.333322,2.43231447,5.23399486,12.47,0.59153398,4.52,13.35707143,2.81722751,,,5.48181554,5.87695103,,14.2,,4.803676,1.75832969,6.92262176,,7.848,24.235292,0.48484737,,3.8860001,5.3603945,3.40744314,0.13725505,,10.32,0.830803,
2014-09-01,11.333322,2.41116391,5.24999472,12.6,0.58019129,4.54,13.40058039,2.81788827,,,5.29393654,5.88340213,,14.16,,4.952244,1.7499964,6.94201285,,7.8,24.235292,0.48484737,,3.8860001,5.36399485,3.42325495,0.13882368,,10.37,0.822149,
2014-09-02,11.48798918,2.43231447,5.23332807,12.5,0.59003591,4.55,13.56011081,2.89073477,,,5.37272468,5.89630432,,14.28,,4.950744,1.78721844,7.07387232,,7.84,24.586528,0.48872615,,3.8860001,5.27399494,3.45487855,0.13941191,,10.53,0.796186,
2014-09-03,11.58598774,2.4776371,5.23732793,12.5,0.57805114,4.59,13.7486477,2.89073477,,,5.36363408,5.71567356,,14.05,,4.81118,1.78166298,7.2522708,,7.848,24.270414,0.48872615,,3.8860001,5.22239487,3.50231395,0.13980407,,10.72,0.804841,
2014-09-04,11.4333219,2.47159408,5.23332807,12.5,0.59089198,4.68,13.63842589,2.80814236,,,5.32120925,5.74792905,,14.3,,4.937238,1.71166312,7.3104437,,8.0,24.235292,0.48872615,,3.8860001,5.27999482,3.49440805,0.13882368,,10.77,0.804841,
2014-09-07,11.4333219,2.5138952,5.20066156,12.5,0.58126134,4.65,13.8066577,2.90725325,,,5.33333076,5.78663564,,15.0,,4.841193,1.70832982,7.46169426,,7.92,24.498719,0.48096859,,3.8860001,5.2511946,3.55765526,0.14117662,,11.05,0.804841,
2014-09-08,11.333322,2.48065861,5.17399486,12.45,0.55450962,4.58,13.7921552,2.92377174,,,5.30302775,5.61245598,,14.89,,4.593582,1.67360767,7.368617,,8.0,24.235292,0.47708981,,3.8860001,5.27999482,3.51812575,0.1386276,,11.02,0.796186,
2014-09-09,11.38198862,2.45648654,5.0693283,12.52,0.52754389,4.45,13.7776527,2.92558878,,,5.27272473,5.5027873,,14.73,,4.671617,1.65832995,7.29105222,,8.0,24.235292,0.4615747,,3.8860001,5.25359472,3.48650215,0.13803936,,11.0,0.796186,
2014-09-10,11.333322,2.3718843,5.101328,12.6,0.53503437,4.32,13.8066577,2.84117932,,,4.94545216,5.26409664,,14.5,,4.667115,1.59749666,7.01957724,,8.136,24.235292,0.44605958,,3.8860001,5.28599469,3.41534905,0.1294119,,11.0,0.787532,
2014-09-11,11.35332198,2.31749714,5.10066167,12.5,0.53075408,4.23,13.8066577,2.93781262,,,5.01514879,5.16087906,,14.28,,4.667115,1.55610791,7.04284656,,8.16,24.235292,0.43054447,,3.8860001,5.27999482,3.28094874,0.13235308,,10.94,0.778878,
2014-09-14,11.35332198,2.29634658,5.13332817,12.52,0.54573506,4.29,13.52240326,2.82466085,,,5.15151267,5.25764554,,14.1,,4.952244,1.53166349,6.99630832,,8.016,24.235292,0.4421808,,3.8860001,5.27999482,3.36000774,0.12843151,,10.82,0.796186,
2014-09-15,11.1999888,2.32354016,5.37999438,12.6,0.57740909,4.32,13.51950329,2.87421628,,,5.2090887,5.29635213,,14.2,,4.952244,1.53777465,7.0699941,,8.08,24.238805,0.44605958,,3.8860001,5.27999482,3.34419594,0.12980406,,10.85,0.804841,
2014-09-16,11.32465534,2.32656167,5.39999456,12.53,0.56178609,4.4,13.7921552,2.82466085,,,4.89696734,5.34796092,,14.23,,4.676119,1.65277438,7.15919276,,8.056,24.287978,0.44993836,,3.8860001,5.27999482,3.36791364,0.13176485,,10.85,0.796186,
2014-09-17,11.32465534,2.32656167,5.40066136,12.9,0.55857588,4.4,13.9255806,2.80814236,,,5.07878543,5.32215653,,14.23,,4.952244,1.66638552,7.10101947,,8.16,24.481156,0.44993836,,3.8860001,5.2991948,3.36000774,0.13058837,,10.86,0.804841,
2014-09-18,11.32465534,2.35677675,5.53332776,13.15,0.55643575,4.44,14.09671355,2.80814236,,,5.15151267,5.36731422,,14.35,,4.952244,1.74638527,7.41515602,,8.16,24.358223,0.44993836,,3.8860001,5.45999464,3.47859625,0.13254916,,10.97,0.796186,
2014-09-21,11.32465534,2.32354016,5.33332796,13.01,0.65745021,4.44,14.20693535,2.89073477,,,5.17575508,5.37376532,,14.42,,4.994263,1.71388539,7.38025204,,8.304,22.84791,0.4421808,,3.8860001,5.3999947,3.46278445,0.13333348,,11.01,0.804841,
2014-09-22,11.32465534,2.29030356,5.26666137,13.1,0.69661473,4.41,14.21563645,2.89073477,,,5.04545211,5.34796092,,14.4,,4.802176,1.7263854,7.45005922,,8.16,23.831369,0.4421808,,3.8860001,5.3999947,3.43906675,0.1294119,,11.05,0.804841,
2014-09-23,11.4666552,2.32354016,5.27466156,13.15,0.69147844,4.41,14.37516803,2.89899401,,,5.07878543,5.32860763,,14.54,,4.691126,1.72221868,7.52374578,,8.16,23.831369,0.4421808,,3.8860001,5.42399479,3.45487855,0.13000014,,11.08,0.822149,
2014-09-24,11.40332193,2.31145412,5.28466115,13.51,0.69554468,4.28,14.32875939,2.9155125,,,5.15757327,5.23184115,,14.34,,4.997264,1.71082982,7.2522708,,8.16,23.831369,0.4421808,,3.8860001,5.53559469,3.38372544,0.12960798,,11.4,0.813495,
2014-09-25,11.44865522,2.269153,5.33332796,14.0,0.83251353,4.22,14.22723897,2.89915903,,,5.15757327,5.14797686,,14.15,,4.87721,1.6530521,7.12041134,,8.16,24.305538,0.43442325,,3.8860001,5.63999446,3.37581954,0.12960798,,11.3,0.813495,
2014-09-28,11.333322,2.26613149,5.26666137,13.28,0.79827126,4.25,14.25624543,2.93863822,,,5.09090633,5.16087906,,13.92,,5.099311,1.66388553,7.1708278,,7.92,24.586528,0.43054447,,3.8860001,5.52239458,3.34419594,0.12352954,,11.28,0.796186,
2014-09-29,11.37798862,2.28728205,5.33332796,14.29,0.88002451,4.31,14.35776439,2.93880356,,,5.15151267,5.16733016,,13.88,,5.100812,1.7263854,7.22124504,,8.024,24.586528,0.43442325,,3.8860001,5.68199418,3.37581954,0.12431386,,11.4,0.804841,
2014-09-30,11.37798862,2.32051865,5.33332796,14.52,0.92239921,4.3,14.51439484,2.9551567,,,5.15757327,5.22539005,,13.63,,5.102312,1.71721869,7.16307098,,8.0,24.586528,0.44993836,,3.8860001,5.76839434,3.39953724,0.12627464,,11.1,0.796186,
2014-10-01,11.4333219,2.31145412,5.31066159,15.24,0.92090114,4.31,14.56080377,2.95680871,,,5.30302775,5.22539005,,13.45,,5.25238,1.72082982,7.07775054,,7.896,24.586528,0.44605958,,3.8860001,5.75999434,3.36791364,0.12745112,,11.18,0.804841,
2014-10-02,11.4666552,2.30843261,5.34999461,15.5,1.00800471,4.31,14.21563645,2.97398777,,,5.51514916,5.26409664,,13.45,,5.372434,1.75444084,7.06611549,,7.96,24.586528,0.44605958,,3.8860001,5.99519399,3.37581954,0.12745112,,11.13,0.804841,
2014-10-08,11.78132155,2.29634658,5.35066141,15.21,1.09147012,4.3,13.8066577,2.97365756,,,6.21514852,5.32215653,,13.26,,5.102312,1.69471868,6.82178805,,7.8,25.092308,0.4421808,,3.8860001,6.11639411,3.33629004,0.12705896,,10.71,0.778878,
2014-10-09,11.20665612,2.29634658,5.34999461,15.09,1.14283346,4.3,13.82116166,2.98323846,,,6.5666635,5.32215653,,13.25,,5.066295,1.71388539,6.82566627,,7.808,24.586528,0.4421808,,3.8860001,5.99999411,3.35210184,0.12745112,,10.85,0.787532,
2014-10-12,11.78132155,2.11505606,5.09999487,14.51,1.05658586,3.92,13.38027648,2.98984568,,,6.06060314,4.96734609,,12.7,,4.818684,1.55916349,6.19739472,,7.76,25.236314,0.40339301,,3.8860001,5.64599434,3.08330122,0.11941189,,10.21,0.76157,
2014-10-13,11.24665542,2.13318511,4.71599512,14.8,1.00051428,3.97,13.37737534,2.98951531,,,6.06969435,4.85767741,,12.8,,4.839693,1.55833008,6.20515116,,7.68,23.898105,0.39563546,,3.8860001,5.63999446,3.09911302,0.11862758,,10.25,0.752915,
2014-10-14,10.7333226,2.03045382,4.46732897,14.55,0.91490878,3.69,13.20624239,2.9155125,,,5.66666424,4.56092687,,12.67,,4.760157,1.45833034,6.00736196,,7.76,24.586528,0.38012034,,3.8860001,5.52119434,2.96471271,0.11764718,,9.7,0.735607,
2014-10-15,11.001989,2.1301636,4.66666197,14.8,0.94208852,3.9,13.34256893,2.9155125,,,5.75757298,4.83832412,,12.76,,4.839693,1.41638603,6.08880457,,7.84,23.532819,0.39175668,,3.8860001,5.51999458,3.00424222,0.11941189,,9.8,0.735607,
2014-10-16,11.0666556,1.96398063,4.53332877,14.2,0.92453939,3.64,12.64933575,2.80797734,,,5.33939167,4.54802467,,12.26,,4.652108,1.31527502,5.79405989,,7.68,23.922692,0.36460522,,3.8860001,5.03999505,2.8461242,0.10980404,,9.1,0.709644,
2014-10-19,10.999989,1.97002365,4.5013286,14.0,0.90420809,3.61,12.71894828,2.81640161,,,4.97575518,4.58028016,,12.26,,4.652108,1.28055287,5.82508565,,7.76,23.919178,0.37236278,,3.8860001,5.34959499,2.86984191,0.1101962,,9.2,0.70099,
2014-10-20,11.09198891,1.96700214,4.59999537,14.36,0.83144341,3.61,12.79436367,2.81640161,,,5.15151267,4.62543786,,12.36,,4.802176,1.31444174,5.8755025,,7.76,24.909664,0.37236278,,3.8860001,5.29199456,2.86193601,0.11372561,,9.4,0.709644,
2014-10-21,11.09198891,2.03951834,4.64999532,14.26,0.9619918,3.8,12.88718125,2.89073477,,,5.33333076,4.72865544,,12.45,,4.802176,1.34444174,6.01124018,,7.704,24.909664,0.39175668,,3.8860001,5.3999947,2.95680681,0.1156864,,9.5,0.735607,
2014-10-22,11.09198891,2.09994852,4.55066222,14.5,1.05722792,3.86,13.33966895,2.77510539,,,5.45454282,4.77381313,,12.53,,4.802176,1.37221946,6.07329169,,7.528,23.957815,0.39563546,,3.8860001,5.41199445,3.07539532,0.12058836,,9.81,0.752915,
2014-10-23,11.09198891,2.05462589,4.63332867,14.52,1.17707562,3.8,13.45859185,2.80814236,,,5.27272473,4.70930214,,12.45,,4.689625,1.42138591,6.05002238,,7.48,24.245828,0.39563546,,3.8860001,5.3999947,3.02005402,0.11725503,,9.68,0.744261,
2014-10-26,10.666656,2.00628175,4.63332867,14.42,1.27338181,3.75,13.42958539,2.85208153,,,5.16666387,4.64479115,,12.77,,4.698629,1.36333059,6.06941347,,7.368,24.021037,0.42278691,,3.8860001,5.45999464,2.94099501,0.11882366,,9.5,0.735607,
2014-10-27,10.8666558,1.96095912,4.65666185,14.0,1.47455473,3.7,13.19754101,2.56945026,,,4.88181613,4.55447577,,12.82,,4.689625,1.3158306,5.8561114,,7.6,24.11236,0.41890813,,3.8860001,5.3999947,2.89355961,0.12156876,,9.270001,0.726953,
2014-10-28,10.8666558,1.96398063,4.63332867,14.04,1.6158038,3.73,13.31356393,2.88049331,,,5.42423981,4.56737797,,13.01,,4.691126,1.34305274,5.8561114,,7.624,24.179092,0.42666569,,3.8860001,5.3999947,2.92518321,0.1211766,,9.35,0.735607,
2014-10-29,10.7999892,2.0576474,4.6366622,14.1,1.55587995,3.87,13.57461332,2.87421628,,,5.35151257,4.66414445,,13.49,,4.692626,1.38888603,6.20515116,,7.6,24.165045,0.43830202,,3.8860001,5.51999458,3.05167762,0.12745112,,10.15,0.744261,
2014-10-30,10.84732315,2.05462589,4.66666197,14.1,1.4445928,3.95,13.69063624,2.87421628,,,5.36363408,4.71575324,,13.5,,4.794673,1.48944136,6.43784432,,7.288,23.971864,0.43830202,,3.8860001,5.75999434,3.08330122,0.12901975,,10.26,0.744261,
2014-11-02,10.84732315,2.0939055,4.65332885,14.5,1.56658064,3.99,14.14022251,2.89073477,,,5.45757313,4.78026423,,13.55,,4.802176,1.55721905,6.5929731,,7.52,23.884055,0.45381714,,3.8860001,6.0107941,3.27304284,0.1294119,,10.52,0.76157,
2014-11-03,10.84732315,2.08786248,4.63332867,14.2,1.73886171,4.05,14.21563645,2.60992055,,,5.54545157,4.74800873,,13.62,,4.803676,1.55555236,6.67053788,,7.56,24.6919,0.45769592,,3.8860001,6.32519367,3.39163134,0.12745112,,10.55,0.778878,
2014-11-04,11.333322,2.10297003,4.65999544,14.44,1.72495092,4.03,14.60431128,2.84117932,,,5.49393644,4.75445983,,13.98,,4.809679,1.52499692,6.6356339,,7.56,24.586528,0.48484737,,3.8860001,6.01439398,3.32838414,0.1294119,,10.46,0.770224,
2014-11-05,11.1339882,2.10901304,4.66599517,14.35,1.6329249,4.0,14.50279232,2.8575328,,,5.52120916,4.81251972,,14.31,,4.910225,1.52833019,6.64726779,,7.504,24.498719,0.48872615,,3.8860001,6.00719422,3.34419594,0.13078445,,10.41,0.76157,
2014-11-06,11.52798847,2.08786248,4.66666197,14.21,1.87048016,4.0,14.51729482,2.87421628,,,5.45454282,4.80606862,,14.75,,4.817182,1.4958302,6.65890283,,7.2,24.323101,0.50424127,,3.8860001,5.95199392,3.34419594,0.1294119,,10.25,0.744261,
2014-11-09,11.3999886,2.09692701,4.63399547,14.5,1.85121882,4.02,14.50279232,2.87421628,,,5.53030036,4.83832412,,14.85,,4.817182,1.49027477,6.57358239,,7.248,24.762146,0.50036249,,3.8860001,5.95199392,3.33629004,0.12882367,,10.25,0.726953,
2014-11-10,10.999989,2.13922813,4.66666197,14.83,1.80948625,4.02,14.56370375,2.87421628,,,5.48484584,4.9221884,,15.0,,4.886214,1.48694136,6.67053788,,7.32,24.586528,0.50036249,,3.8860001,5.94599404,3.36000774,0.13058837,,10.3,0.726953,
2014-11-11,11.37332262,2.21174434,4.64532866,15.01,1.84265827,3.95,14.62461519,2.73182696,,,5.15151267,5.01250379,,15.0,,4.914727,1.52805236,6.79464051,,7.32,25.292513,0.50424127,,3.8860001,5.94119393,3.47069035,0.12980406,,10.4,0.718299,
2014-11-12,11.3999886,2.13922813,4.58999525,15.0,1.85977937,3.84,14.24174147,2.73380918,,,5.09090633,5.03185708,,14.63,,4.950744,1.4730525,6.68992859,,7.16,25.296024,0.48872615,,3.8860001,5.93519405,3.38372544,0.12568641,,10.21,0.709644,
2014-11-13,10.999989,2.11505606,4.56666207,14.81,1.95287546,3.8,14.21273647,2.61157255,,,5.06666392,5.01250379,,14.5,,4.914727,1.45833034,6.67053788,,7.16,25.292513,0.48484737,,3.8860001,5.89319433,3.36000774,0.12352954,,10.16,0.709644,
2014-11-16,11.3999886,2.10297003,4.56666207,15.0,2.0127992,3.76,14.15762615,2.64807825,,,5.0303006,4.96089499,,14.15,,4.87721,1.44527478,6.75973654,,7.104,25.296024,0.48872615,,3.8860001,5.89319433,3.37581954,0.12352954,,10.24,0.709644,
2014-11-17,11.00798899,2.07879796,4.54466196,14.81,2.00851903,3.69,14.15472501,2.73876472,,,5.15454297,4.88993291,,14.05,,4.802176,1.4277749,6.65114639,,6.8160008,24.621651,0.47708981,,3.8860001,5.87999423,3.30466644,0.12156876,,10.18,0.709644,
2014-11-18,11.3999886,2.11505606,4.53399557,15.0,1.97962718,3.7,14.22433899,2.73876472,,,5.212119,4.97379719,,14.22,,4.81118,1.42555263,6.74034505,,6.896,24.586528,0.48096859,,3.8860001,5.81999429,3.32838414,0.1211766,,10.01,0.718299,
2014-11-19,11.47532186,2.0939055,4.5366623,15.1,1.84586858,3.7,14.3867694,2.82499121,,,5.26060383,4.96734609,,14.26,,4.803676,1.43277489,6.8334231,,7.04,24.769169,0.48484737,,3.8860001,5.87999423,3.32838414,0.12156876,,10.15,0.718299,
2014-11-20,11.47532186,2.15735718,4.59999537,15.0,1.90472226,3.72,14.30265407,2.89056977,,,5.31817895,4.9350906,,14.15,,4.802176,1.4530526,6.90710849,,7.04,24.242315,0.49648371,,3.8860001,6.1487942,3.37581954,0.12254915,,10.06,0.718299,
2014-11-23,11.3666553,2.13922813,4.54466196,14.35,1.97106663,3.73,14.12861998,2.87421628,,,5.32727016,4.90283511,,14.14,,4.772162,1.44499703,6.89547461,,6.88,24.059674,0.49648371,,3.8860001,6.11999399,3.40744314,0.12294131,,10.18,0.692336,
2014-11-24,11.3999886,2.10599153,4.5733286,15.0,1.8726203,3.6,14.09671355,2.64725215,,,5.06060392,4.76091093,,13.8,,4.653609,1.40833047,6.98467327,,6.8,23.887569,0.47708981,,3.8860001,6.23999387,3.32047824,0.12352954,,9.93,0.683682,
2014-11-25,11.42665457,2.10599153,4.5733286,15.0,1.8726203,3.6,13.89367562,2.89073477,,,5.10605814,4.72865544,,13.76,,4.854699,1.40305262,6.90323027,,6.72,24.235292,0.47708981,,3.8860001,6.24359375,3.31257234,0.12019621,,9.8,0.692336,
2014-11-26,11.4333219,2.13318511,4.63332867,16.0,1.92612374,3.68,14.00679711,2.89073477,,,5.09090633,4.79961752,,14.25,,4.854699,1.43360819,7.19409673,,6.808,24.059674,0.48872615,,3.8860001,6.18239393,3.36000774,0.12352954,,10.02,0.70099,
2014-11-27,11.44998855,2.14527115,4.61132856,15.6,1.89616171,3.72,14.21853759,2.89056977,,,5.15757327,4.80606862,,14.27,,4.853199,1.44721919,7.29105222,,6.736,23.891079,0.49260493,,3.8860001,6.36119351,3.36791364,0.12176484,,10.13,0.70099,
2014-11-30,11.48332185,2.13620662,4.64799539,16.0,1.86833992,3.72,14.22723897,2.89073477,,,5.16969417,4.83832412,,14.07,,4.652108,1.43638591,7.21348822,,6.88,24.235292,0.50036249,,3.8860001,6.61199327,3.36000774,0.12176484,,10.04,0.709644,
2014-12-01,11.6306557,2.1301636,4.60066217,16.0,1.8726203,3.64,14.09671355,2.89073477,,,5.18181568,4.83187302,,13.96,,4.764659,1.43194147,7.15143709,,6.928,24.235292,0.51975638,,3.8860001,6.53999358,3.36791364,0.12156876,,9.95,0.692336,
2014-12-02,11.5666551,2.12109908,4.59999537,16.01,1.87583062,3.47,14.16052642,2.92377174,,,5.10908875,4.74155763,,13.65,,4.725641,1.43749705,7.09714125,,6.96,23.532819,0.51199883,,3.8860001,6.47999364,3.32838414,0.11960797,,9.9,0.675028,
2014-12-03,11.5666551,2.13620662,4.59999537,16.0,1.86833992,3.48,14.29685295,2.67615951,,,5.03333121,4.74155763,,13.55,,4.650607,1.44166376,7.10489807,,7.0,23.884055,0.5158776,,3.8860001,6.3935936,3.34419594,0.11941189,,9.95,0.675028,
2014-12-04,11.5666551,2.14829266,4.60466203,16.0,1.90044209,3.52,14.54630127,2.97332719,,,5.27272473,4.65124225,,13.65,,4.503541,1.54444122,7.27941795,,7.12,24.235292,0.53915028,,3.8860001,6.59399365,3.43906675,0.12058836,,10.28,0.692336,
2014-12-07,11.6333217,2.19059378,4.59932857,16.1,1.87583062,3.53,14.67682524,2.97332719,,,5.24242141,4.70930214,,13.59,,4.518548,1.57499679,7.05835983,,6.808,23.887569,0.53915028,,3.8860001,6.7199934,3.46278445,0.12000013,,10.52,0.683682,
2014-12-08,11.5673211,2.18757227,4.5699956,16.200001,1.86405975,3.47,14.65362136,2.97349221,,,5.08181573,4.74155763,,13.51,,4.607088,1.54194122,7.22512249,,7.0,24.140459,0.53915028,,3.8860001,6.84599316,3.43906675,0.11862758,,10.6,0.683682,
2014-12-09,10.7999892,2.16944322,4.5399953,16.700001,1.78701491,3.28,14.56080377,2.97349221,,,5.15151267,4.67059555,,13.2,,4.652108,1.62805224,7.17858424,,7.048,24.140459,0.54302906,,3.8860001,7.07999305,3.39163134,0.11764718,,10.43,0.649065,
2014-12-10,10.80332253,2.16037869,4.56666207,17.0,1.78701491,3.22,14.36356551,3.05426761,,,5.17272478,4.63834005,,13.09,,4.652108,1.62555222,7.10877629,,7.2,23.778684,0.53139272,,3.8860001,7.20599281,3.35210184,0.11627463,,10.28,0.631757,
2014-12-11,10.999323,2.11807757,4.49999547,16.799999,1.7666835,3.08,14.12572001,3.05591962,,,5.09090633,4.41900269,,12.75,,4.670116,1.5861078,6.74810188,,7.472,24.586528,0.51975638,,3.8860001,7.31999281,3.24932513,0.11176483,,10.1,0.579831,
2014-12-14,10.7999892,1.97606666,4.29999567,16.41,1.76775356,2.82,13.49339797,3.05591962,,,4.86969462,4.05129006,,12.07,,4.505041,1.48610806,6.24393335,,6.968,23.894592,0.47708981,,3.8860001,7.07999305,2.97261861,0.10843149,,9.6,0.53656,
2014-12-15,10.7999892,1.98513119,4.2679955,16.35,1.78915483,2.74,13.49919938,3.13851204,,,5.12120965,3.90936589,,12.11,,4.650607,1.5199969,6.34864566,,6.976,24.235292,0.48096859,,3.8860001,7.13999299,2.96471271,0.10823541,,9.71,0.562523,
2014-12-16,10.7999892,1.97908817,4.15332909,16.0,1.66502697,2.62,13.34256893,3.13851204,,,4.84848251,3.77389281,,11.8,,4.650607,1.4722192,5.97245799,,7.0,24.586528,0.4615747,,3.8860001,7.07879329,2.7591593,0.10137266,,9.3,0.562523,
2014-12-17,10.03665663,1.85218481,4.03332927,14.75,1.56979085,2.42,12.76245724,3.13851204,,,4.42727059,3.45133787,,10.96,,4.204905,1.34721945,5.47216767,,6.72,23.884055,0.42666569,,3.8860001,6.4811934,2.60104129,0.09960795,,8.56,0.588486,
2014-12-18,10.666656,1.93980856,4.06666257,15.4,1.61687387,2.51,13.25555247,3.17154901,,,4.56363416,3.53520216,,11.39,,4.209407,1.41666376,5.92979757,,7.2,23.936742,0.4615747,,3.8860001,6.95999317,2.68800619,0.1009805,,9.01,0.614448,
2014-12-21,10.668656,1.99419571,4.05666245,15.8,1.71960047,2.63,13.58331586,3.20458598,,,4.94848246,3.67712633,,11.6,,4.419503,1.53888578,6.11983033,,7.208,23.884055,0.48484737,,3.8860001,7.13999299,2.87774781,0.10588247,,9.38,0.649065,
2014-12-22,10.36998963,2.0244108,4.04866259,16.0,1.69498889,2.73,13.63262478,3.22110447,,,4.84848251,3.65777303,,11.65,,4.50204,1.55555236,6.17024718,,7.2160008,24.126409,0.48484737,,3.8860001,7.12319313,3.01214812,0.10627462,,9.33,0.666373,
2014-12-23,10.66599,2.15433567,4.04866259,16.15,1.67465758,2.73,13.69063624,3.23217185,,,4.76666437,3.69002853,,11.72,,4.50204,1.58333008,6.01124018,,7.36,24.586528,0.48484737,,3.8860001,7.19879317,3.02795992,0.10588247,,9.35,0.675028,
2014-12-24,10.666656,2.23893792,4.01399589,16.6,1.69177868,2.74,13.8066577,3.30369689,,,4.84848251,3.70938182,,11.8,,4.646105,1.6019411,6.01124018,,7.28,24.590041,0.49260493,,3.8860001,7.19999293,3.06748942,0.10960796,,9.35,0.692336,
2014-12-25,10.666656,2.18455076,3.86666277,17.030001,1.66609703,2.75,13.83856414,3.33689888,,,4.96060397,3.69647963,,11.88,,4.646105,1.58749679,5.96470155,,7.208,25.289,0.50036249,,3.8860001,7.19999293,3.09120712,0.10627462,,9.15,0.709644,
2014-12-28,10.33665633,2.16642171,4.04532926,17.049999,1.65860655,2.74,13.8066577,3.41503163,,,4.85454311,3.69002853,,11.85,,4.607088,1.5758301,5.94143223,,7.4,24.597064,0.50036249,,3.8860001,7.20599281,3.13073663,0.10588247,,9.2,0.683682,
2014-12-29,10.66599,2.18152925,4.07399597,17.0,1.64041538,2.74,13.86466916,3.32021537,,,4.87878553,3.71583292,,11.9,,4.532054,1.57805234,6.01124018,,7.36,24.597064,0.51199883,,3.8860001,7.19999293,3.20979563,0.10705894,,9.44,0.657719,
2014-12-30,10.66599,2.17246473,4.05866265,17.0,1.93254404,2.85,14.22143785,3.38628931,,,4.99999759,3.75453952,,11.93,,4.652108,1.6111078,6.02287484,,7.432,24.972887,0.50424127,,3.8860001,7.24199265,3.25723103,0.10784325,,9.9,0.640411,
2014-12-31,10.36998963,2.17548623,3.99999597,16.76,1.95822569,2.84,14.15762615,3.4194913,,,4.76363407,3.72228402,,11.8,,4.652108,1.58194122,5.96082333,,7.48,25.032596,0.50036249,,3.8860001,7.19999293,3.20979563,0.10803933,,9.71,0.640411,
2015-01-04,10.666656,2.18152925,4.06666257,16.950001,1.94966514,2.86,14.08221105,3.42758553,,,4.92424005,3.77389281,,11.8,,4.652108,1.57777451,5.93755401,,7.44,24.590041,0.50036249,,3.8860001,7.19999293,3.20979563,0.10725502,,9.79,0.640411,
2015-01-05,10.37332362,2.18455076,3.93866284,16.5,2.00102866,2.89,14.30845548,3.63406659,,,4.96969457,3.90291479,,11.97,,4.652108,1.59166337,6.01124018,,7.6,24.586528,0.50036249,,3.04000008,7.25999287,3.20979563,0.10784325,,9.84,0.640411,
2015-01-06,10.7999892,2.14527115,3.96666267,15.7,1.89937202,2.77,13.92268062,3.79826032,,,4.49999783,3.74163732,,11.8,,4.50204,1.55555236,5.51094987,,7.76,24.783219,0.48484737,,3.00000008,7.5011924,3.02005402,0.10411776,,9.520001,0.614448,
2015-01-08,10.4006556,2.28426055,3.95332929,15.75,2.00102866,2.85,14.18373146,3.79925142,,,4.76060376,3.87065929,,11.93,,4.50204,1.57360793,5.84059852,,7.88,24.937764,0.48872615,,2.98000008,7.91879199,3.14654843,0.10392168,,9.85,0.623102,
2015-01-11,10.7999892,2.21778736,3.90066261,15.71,1.99781834,2.79,14.27074793,3.85640555,,,4.76060376,3.79969721,,11.85,,4.50204,1.56277451,5.86386784,,7.88,24.941277,0.48096859,,2.96000008,7.82999231,3.17817203,0.10392168,,9.67,0.631757,
2015-01-12,10.7999892,2.23591641,4.05199585,16.030001,1.99032786,2.8,14.34326189,3.79925142,,,4.84848251,3.78679501,,11.86,,4.682122,1.56277451,5.92979757,,7.88,24.9764,0.48484737,,3.03000008,8.03999211,3.19398383,0.10509815,,9.7,0.631757,
2015-01-13,10.7999892,2.20570132,3.96666267,16.0,2.05988233,2.84,14.58980878,3.79925142,,,4.99999759,3.8255016,,12.06,,5.442966,1.62221894,6.18576006,,8.0,25.640236,0.49648371,,3.01200008,8.15999199,3.24932513,0.10607854,,10.1,0.631757,
2015-01-14,10.7999892,2.22987339,3.96666267,15.75,2.00102866,2.85,14.86536212,3.88184384,,,4.99696729,3.90291479,,12.46,,5.702584,1.69832982,6.53092159,,8.24,26.342708,0.50036249,,3.01400008,8.46359157,3.29676054,0.10686286,,10.25,0.631757,
2015-01-15,10.53665613,2.32656167,3.90732947,15.7,1.96357615,2.79,14.94077606,3.79925142,,,4.91514884,3.8384038,,12.26,,5.702584,1.71416312,6.52316515,,8.32,26.353245,0.49260493,,2.86000008,8.30519173,3.31257234,0.10588247,,10.32,0.631757,
2015-01-18,10.53999012,2.32656167,3.84999612,15.9,1.95822569,2.78,14.99298641,3.65471468,,,4.99696729,3.8448549,,12.18,,5.968204,1.75721856,6.61624203,,7.848,25.640236,0.48872615,,2.80000008,8.19839195,3.34419594,0.10450992,,10.65,0.631757,
2015-01-19,10.5333228,2.35677675,3.79999617,15.76,1.96785631,2.77,14.87986463,3.63406659,,,4.88484643,3.8255016,,12.08,,5.777618,1.77777412,6.65114639,,7.936,25.678872,0.48872615,,2.78200007,8.41319186,3.35210184,0.10529423,,10.75,0.614448,
2015-01-20,10.666656,2.38397033,3.7433297,15.93,1.96999656,2.83,15.3961649,3.58451113,,,4.93939125,3.8448549,,12.05,,5.837646,1.85694057,6.82954488,,8.08,26.342708,0.50036249,,2.83000008,8.51999164,3.47859625,0.10509815,,11.15,0.605794,
2015-01-21,10.666656,2.39001335,3.73732964,16.0,1.97641686,2.83,15.50348528,3.30386191,,,4.84848251,3.86420819,,12.2,,5.687578,1.85416286,6.92262176,,8.008,25.643749,0.50424127,,2.88800008,8.69999146,3.53393755,0.10509815,,11.43,0.605794,
2015-01-22,10.5333228,2.39303486,3.75332949,15.71,1.97748704,2.88,15.7819386,3.38893227,,,4.91211854,3.87711039,,12.24,,5.552516,1.83555184,6.87996134,,8.168,26.381345,0.5158776,,2.83000008,8.28599222,3.51021985,0.10490207,,11.37,0.614448,
2015-01-26,10.5339888,2.40512089,3.74266283,15.24,2.00102866,3.04,15.66881682,3.55163918,,,4.93636156,3.8577571,,12.13,,5.514999,1.8494407,6.78688408,,8.2,26.342708,0.50812005,,2.84000008,8.23319204,3.47069035,0.114706,,11.36,0.614448,
2015-01-27,10.40332293,2.46555106,3.77866286,15.5,2.00209851,3.14,15.95307155,3.40313817,,,4.80605829,3.88356149,,12.18,,5.518,1.88860717,6.94201285,,8.048,26.697457,0.51199883,,2.94000008,8.16599091,3.48650215,0.11450993,,11.22,0.631757,
2015-01-28,10.68332265,2.42022844,3.74266283,15.96,1.98069725,3.11,15.96177293,3.47383728,,,4.84848251,3.88356149,,12.18,,5.463976,1.89610727,6.59685132,,8.4,28.098889,0.50036249,,2.94600008,8.41199064,3.47069035,0.11000012,,11.3,0.623102,
2015-01-29,10.4339889,2.42022844,3.72399632,16.17,1.9550156,3.14,15.92406654,3.46904676,,,4.76060376,3.851306,,12.1,,5.387442,1.88888501,6.69380681,,8.4,28.415002,0.50036249,,2.94000008,8.21999085,3.46278445,0.10882365,,11.35,0.614448,
2015-02-01,10.68332265,2.40209938,3.79999617,16.0,1.89562678,3.18,15.70362323,3.46904676,,,4.91211854,3.80614831,,12.13,,5.18635,1.86805172,6.6317553,,8.12,26.553449,0.49648371,,2.97000008,8.14199094,3.39953724,0.10843149,,11.4,0.623102,
2015-02-02,10.666656,2.39303486,3.86666277,16.25,1.90044209,3.16,15.92116511,3.55312617,,,4.98181608,3.8384038,,12.16,,5.223867,1.87666275,6.6317553,,8.2,27.04518,0.50424127,,2.97000008,8.09999099,3.41534905,0.10980404,,11.49,0.614448,
2015-02-03,10.666656,2.46252956,3.88266289,16.4,1.87797065,3.2,16.18511593,3.63406659,,,4.99696729,3.94162138,,12.22,,5.475982,1.89444047,6.68992859,,8.4,27.150552,0.51199883,,2.92400008,8.09999099,3.46278445,0.11117659,,11.75,0.59714,
2015-02-04,10.666656,2.50483068,3.93332937,16.77,1.89402168,3.24,16.33014386,3.50373573,,,4.87878553,4.01903457,,12.3,,5.566022,1.94444045,6.72871078,,8.56,28.098889,0.50424127,,2.92000008,8.11799097,3.45487855,0.11274522,,11.7,0.605794,
2015-02-05,10.666656,2.48670163,3.93332937,16.5,1.98872276,3.22,16.36205029,3.71665899,,,4.89393703,4.01903457,,12.15,,5.508996,1.94444045,6.67053788,,8.888,28.102402,0.50036249,,2.88200008,8.12999095,3.43906675,0.11117659,,11.6,0.59714,
2015-02-08,10.666656,2.50785219,3.93732944,17.1,1.94699008,3.2,16.21122096,3.7260747,,,4.89393703,4.05774116,,12.13,,5.551016,1.94971827,6.7093193,,8.968,26.869562,0.50036249,,2.89800008,8.09999099,3.44697265,0.11215698,,11.39,0.605794,
2015-02-09,10.666656,2.4776371,3.93332937,17.17,1.94699008,3.14,16.18511593,3.73317748,,,4.86363372,4.01903457,,12.1,,5.552516,1.92694057,6.67441532,,8.888,27.048693,0.49260493,,2.86400008,7.80599132,3.39953724,0.1101962,,11.28,0.59714,
2015-02-10,10.5999894,2.48972313,3.86732931,17.18,1.91167781,3.11,16.10970199,3.73317748,,,5.0303006,3.97387687,,12.11,,5.585531,1.87499615,6.65114639,,9.0,27.04518,0.48872615,,2.86800008,7.70999142,3.36000774,0.11098051,,11.35,0.59714,
2015-02-11,10.2666564,2.4776371,3.8746627,17.4,1.89402168,3.07,15.95307155,3.73317748,,,4.88181613,3.88356149,,11.86,,5.49399,1.85582946,6.51540833,,9.136,27.150552,0.47708981,,2.85000008,7.39199178,3.27304284,0.1074511,,10.81,0.59714,
2015-02-12,10.36332297,2.45648654,3.9099962,17.6,1.88118085,3.02,15.91246402,3.73317748,,,5.11817905,3.89646369,,11.84,,5.552516,1.8477739,6.46111364,,8.968,27.396417,0.47321104,,2.80000008,7.34999182,3.26513693,0.1064707,,10.9,0.59714,
2015-02-15,10.1333232,2.4776371,3.86666277,17.26,1.89081147,3.07,15.96177293,3.73317748,,,4.85151281,3.92871918,,11.87,,5.454971,1.87499615,6.49989583,,8.824,27.04518,0.48484737,,2.82600008,7.68599145,3.32838414,0.10627462,,11.0,0.605794,
2015-02-16,10.7999892,2.39001335,3.8433296,18.4,1.78808487,2.93,15.69202071,3.7990864,,,4.84848251,3.79269599,,11.76,,5.316909,1.7808297,6.16636896,,8.64,28.450125,0.4615747,,2.76000007,7.53599162,3.16236023,0.10196089,,10.82,0.59714,
2015-02-17,10.4666562,2.38699184,3.76666288,17.65,1.68535827,2.89,15.6630157,3.79925142,,,4.84545221,3.63130467,,11.58,,5.126323,1.75082971,6.12758677,,8.64,28.274507,0.43830202,,2.79800008,7.39199178,3.11492482,0.10000011,,10.35,0.588486,
2015-02-18,10.666656,2.41720693,3.79999617,18.049999,1.71264502,3.01,15.71812602,3.79925142,,,4.84848251,3.6716525,,11.68,,5.25238,1.77777412,6.20515116,,8.44,27.080303,0.46545348,,2.80000008,7.55999159,3.23351333,0.10392168,,10.87,0.59714,
2015-02-19,10.0666566,2.39001335,3.69332975,17.92,1.71264502,3.01,15.86605508,3.79925142,,,4.84848251,3.65820323,,11.7,,5.102312,1.75471856,6.09268279,,8.336,27.150552,0.45769592,,2.80000008,7.43999172,3.12283072,0.1064707,,10.73,0.588486,
2015-02-22,10.11599055,2.41720693,3.76666288,18.0,1.71425013,3.04,15.90956259,3.79941644,,,4.57878567,3.63802931,,11.7,,5.117318,1.75694083,6.12758677,,8.336,28.098889,0.46545348,,2.77000007,7.52999162,3.15445433,0.10882365,,10.82,0.59714,
2015-02-23,10.11599055,2.41720693,3.76666288,18.049999,1.71746033,2.98,15.98207655,3.79925142,,,4.84848251,3.51026119,,11.8,,5.027278,1.79166298,6.1741254,,8.24,28.098889,0.48484737,,2.80000008,7.55999159,3.19398383,0.1101962,,10.77,0.588486,
2015-02-24,10.1333232,2.40209938,3.73332958,18.1,1.71746033,2.96,16.18511593,3.79925142,,,4.84848251,3.54388438,,11.82,,5.057292,1.78582969,6.21290759,,8.144,28.098889,0.48096859,,2.79800008,7.43999172,3.20979563,0.1119609,,10.8,0.59714,
2015-02-25,10.666656,2.40209938,3.7399961,17.6,1.66930724,2.85,16.07199444,3.81494397,,,4.58181597,3.49681191,,11.84,,5.081303,1.76388526,6.15861252,,7.992,28.604669,0.47321104,,2.76400007,7.31999186,3.17026613,0.11313738,,10.65,0.579831,
2015-02-26,10.666656,2.38699184,3.73332958,17.049999,1.63238987,2.78,15.86605508,3.8157699,,,4.84545221,3.44973944,,11.58,,5.177346,1.76027413,6.0151184,,7.72,28.098889,0.46933226,,2.76400007,7.02599218,3.00424222,0.11490208,,10.44,0.588486,
2015-03-01,10.66932199,2.38699184,3.73332958,17.530001,1.62917966,2.79,15.71522575,3.80751066,,,4.84848251,3.44973944,,11.55,,5.102312,1.7499964,5.8948936,,7.76,28.102402,0.46545348,,2.76400007,6.98999222,3.05958352,0.1156864,,10.44,0.579831,
2015-03-02,10.66932199,2.43835749,3.66732951,17.700001,1.67893786,2.9,15.92406654,3.79925142,,,4.84848251,3.5304351,,11.7,,5.126323,1.79166298,6.22066442,,7.6,28.102402,0.47321104,,2.71000007,7.08599212,3.14654843,0.11745111,,10.8,0.571177,
2015-03-03,10.66932199,2.41720693,3.72332945,17.6,1.67091234,2.92,15.95307155,3.63770064,,,4.84848251,3.51026119,,11.81,,5.121821,1.8177741,6.38354886,,7.76,28.274507,0.47321104,,2.68000007,6.94799227,3.21770153,0.11666679,,10.98,0.571177,
2015-03-04,10.1999898,2.41720693,3.70332954,17.25,1.68535827,2.96,15.95017157,3.7990864,,,4.84848251,3.51698582,,11.8,,5.081303,1.81944071,6.38742708,,7.88,28.098889,0.47321104,,2.70000007,6.76799247,3.23351333,0.11980405,,11.02,0.562523,
2015-03-05,10.1333232,2.43835749,3.73332958,17.26,1.69338379,3.0,15.95307155,3.71665899,,,4.84848251,3.56405829,1.0,11.91,,5.106814,1.84749626,6.48050435,,7.768,28.625743,0.48096859,,2.64000007,6.9239923,3.27304284,0.12019621,,11.27,0.571177,
2015-03-08,10.15598984,2.44742201,3.7079962,17.18,1.70943482,2.97,16.10970199,3.79759941,,,4.71817954,3.58423221,1.0,11.9,,5.088806,1.87499615,6.5929731,,7.832,28.098889,0.48096859,,2.68200007,6.95999226,3.28094874,0.12058836,,11.38,0.571177,
2015-03-09,10.1999898,2.4444005,3.71999619,17.15,1.69498889,2.97,16.1300059,3.76621445,,,4.91817945,3.59095684,1.0,11.87,,5.105313,1.88888501,6.71319752,,7.76,28.098889,0.48096859,,2.69000007,6.95999226,3.28094874,0.12215699,,11.4,0.579831,
2015-03-10,10.21465645,2.44742201,3.68399616,17.299999,1.65646642,2.92,16.33014386,3.76621445,,,4.66666442,3.51698582,1.0,11.29,,5.057292,1.88110727,6.67829354,,7.72,28.274507,0.47708981,,2.65600007,7.19999199,3.20188973,0.12058836,,11.36,0.571177,
2015-03-11,10.55998877,2.43231447,3.68332963,17.1,1.64523069,2.86,16.30113885,3.43584477,,,4.92424005,3.44973944,1.0,11.15,,4.802176,1.87444068,6.5929731,,7.624,28.105912,0.46933226,105.0,2.56000007,7.15199204,3.18607793,0.11764718,,11.16,0.562523,
2015-03-12,10.33732299,2.44742201,3.72266292,17.0,1.6998042,2.81,16.46066928,3.78273293,,,4.69696743,3.46318872,1.0,11.19,,4.817182,1.86305173,6.66278105,,7.528,28.102402,0.46933226,105.0,2.56000007,7.07999212,3.17817203,0.11960797,,11.14,0.571177,
2015-03-15,10.33732299,2.41720693,3.73332958,17.120001,1.68696337,2.86,16.82323909,3.78471515,,,4.69696743,3.47663799,1.0,11.18,,4.802176,1.86416286,6.7093193,,7.672,28.102402,0.46933226,103.2,2.60000007,7.16999202,3.31257234,0.12078444,,11.28,0.562523,
2015-03-16,10.33732299,2.42325025,3.69332975,17.200001,1.60991843,2.8,16.46066928,3.66710354,,,4.98484638,3.3892177,1.0,11.04,,4.697128,1.84166297,6.58133806,,7.44,28.327193,0.45769592,111.1,2.54000007,7.10999209,3.25723103,0.11745111,,10.84,0.562523,
2015-03-17,10.33665633,2.50180917,3.69332975,17.09,1.60510312,2.79,16.3968567,3.7554776,,,4.84848251,3.3892177,1.0,11.0,,4.87721,1.83416287,6.55806913,,7.408,28.327193,0.45381714,110.0,2.40200006,7.19999199,3.25723103,0.11764718,,10.85,0.553869,
2015-03-18,10.61332272,2.4444005,3.66666298,17.35,1.52966327,2.73,16.67821116,3.51182996,,,4.89393703,3.32869595,1.0,11.0,,5.100812,1.79860742,6.44560115,,7.28,28.098889,0.44993836,116.9,2.28000006,7.1039921,3.22560743,0.11686287,,10.75,0.553869,
2015-03-19,10.61332272,2.45044352,3.62666315,17.5,1.44940811,2.7,16.71591871,3.74969596,,,4.89393703,3.29507276,1.0,10.95,,5.25238,1.79305195,6.55419091,,7.12,28.105912,0.4615747,125.0,2.35000006,7.08599212,3.28885464,0.1156864,,10.77,0.527906,
2015-03-22,10.61332272,2.46252956,3.58666299,17.209999,1.40286012,2.63,16.63760363,3.52339273,,,4.89393703,3.22782638,1.0,10.92,,5.216363,1.75777414,6.44947859,,7.04,28.134012,0.45381714,124.33,2.34000006,6.95999226,3.19398383,0.11176483,,10.41,0.510598,
2015-03-23,10.333323,2.44742201,3.51332986,17.219999,1.35791724,2.65,16.5766922,3.63406659,,,4.89393703,3.20765246,1.0,10.5,,5.117318,1.76610754,6.44560115,,7.2,28.450125,0.45381714,125.5,2.34000006,6.70199254,3.22560743,0.10058834,,10.5,0.501944,
2015-03-24,10.333323,2.44742201,3.44066327,17.309999,1.43335708,2.58,16.73622262,3.63241456,,,4.66666442,3.19420319,1.0,10.59,,5.20736,1.77055197,6.46499186,,7.256,28.186698,0.45381714,122.0,2.34000006,6.70199254,3.26513693,0.10784325,,10.73,0.493289,
2015-03-25,10.333323,2.40209938,3.39999658,17.299999,1.51040203,2.53,16.53318324,3.55147416,,,4.6363614,3.08660897,1.0,10.35,,5.030279,1.6863854,6.2167862,,7.12,28.625743,0.4421808,118.0,2.30200006,6.50399276,3.19398383,0.10117658,,10.3,0.501944,
2015-03-26,10.0999899,2.28426055,3.3419967,17.0,1.44940811,2.44,16.31854133,3.46904676,,,4.56060386,2.97901476,1.0,10.5,,5.027278,1.62527438,5.93367579,,6.808,28.450125,0.43054447,113.0,2.25000006,6.08999322,3.13864253,0.10980404,,10.0,0.501944,
2015-03-29,10.10665722,2.28728205,3.39999658,17.0,1.43817239,2.51,16.47517178,3.46904676,,,4.56060386,3.0731597,1.0,10.62,,4.92223,1.65860767,5.8561114,,7.192,28.450125,0.43830202,116.0,2.04800006,6.24599305,3.16236023,0.11078443,,10.08,0.501944,
2015-03-30,10.10665722,2.35677675,3.39999658,16.85,1.4429877,2.49,16.45486816,3.46888174,,,4.59696748,3.09333361,1.0,10.7,,5.51,1.69166325,5.94143223,,7.2,28.450125,0.43830202,115.02,2.12000006,6.27599302,3.16236023,0.11490208,,10.15,0.510598,
2015-03-31,10.666656,2.35677675,3.30066321,16.85,1.42051626,2.53,16.24312739,3.35325234,,,4.75757346,3.18075391,1.0,11.0,,5.35,1.79027402,6.08104813,,7.2,28.625743,0.43830202,113.31,2.35400006,6.3839929,3.11492482,0.11607856,,10.31,0.501944,
2015-04-01,10.666656,2.33260468,3.33532991,16.65,1.41249074,2.51,16.26053103,3.38645433,,,4.75757346,3.13368144,1.0,10.85,,5.32,1.78138514,5.88325894,,7.28,28.109425,0.43442325,113.12,2.49400007,6.32399296,3.08330122,0.11627463,,10.12,0.501944,
2015-04-02,10.666656,2.38699184,3.33733004,15.8,1.3916244,2.48,15.80804362,3.46673433,5.19999975,,4.75757346,3.05298578,1.0,10.78,,4.9,1.68194096,5.64280933,,7.2,28.625743,0.41115057,111.5,2.45400007,6.20999309,3.01214812,0.11098051,,9.770001,0.501944,
2015-04-05,10.666656,2.29332507,3.29999668,15.8,1.3418662,2.41,15.17282161,3.46673433,5.13,,4.75757346,2.97229012,1.0,10.66,,4.9,1.64582995,5.57300138,,7.288,28.105912,0.39175668,109.1,2.36200006,5.98799334,2.8382183,0.10784325,,9.48,0.501944,
2015-04-06,10.666656,2.21476585,3.26666338,15.51,1.26803146,2.35,15.06550037,3.46673433,5.19999975,,4.62120989,2.8983191,1.0,10.42,,4.61,1.59166337,5.39460329,,7.2,28.137525,0.38399912,109.0,2.34400006,5.76599358,2.7670652,0.10588247,,9.2,0.501944,
2015-04-07,10.666656,2.29030356,3.33266345,16.0,1.35791724,2.45,15.37295985,3.45071123,5.29,,4.62120989,3.06643506,1.0,10.7,,4.66,1.66388553,5.68546975,,7.2,28.137525,0.39951423,111.01,2.33200006,6.04199328,2.89355961,0.10980404,,9.67,0.510598,
2015-04-08,10.66532267,2.30541111,3.36666328,16.190001,1.30815904,2.35,15.40486629,3.43584477,5.6675,,4.62120989,2.99246404,1.0,10.6,,4.62,1.6111078,5.31316068,,7.312,28.102402,0.39175668,109.0,2.30200006,6.01199331,2.782877,0.11098051,,9.21,0.519252,
2015-04-09,10.6333227,2.29634658,3.39999658,16.5,1.34828662,2.4,15.73842964,3.43039367,5.7875,,4.62120989,3.05971042,1.0,10.85,,4.67,1.68332982,5.81732921,,7.36,28.450125,0.39951423,113.0,2.40000006,6.23999306,2.90146551,0.10784325,,9.93,0.562523,
2015-04-14,10.666656,2.31145412,3.3733298,16.610001,1.33223559,2.3,16.01108301,3.38628931,5.82499975,,4.62120989,2.99246404,1.0,11.0,,4.6,1.69694096,5.93367579,,6.976,28.102402,0.40727179,114.15,2.40000006,6.23999306,2.88565371,0.10784325,,9.87,0.553869,
2015-04-15,10.666656,2.29634658,3.33332998,16.35,1.29692332,2.24,16.11840338,3.43584477,6.19999975,,4.62120989,2.83107272,1.0,10.59,,4.5,1.68110766,5.68546975,,7.44,28.148061,0.39563546,114.2,2.40000006,6.06599325,2.7907829,0.10784325,,9.8,0.553869,
2015-04-16,10.23732309,2.29634658,3.33332998,16.620001,1.29371311,2.2,16.04008801,3.4488942,6.375,,4.66666442,2.85797127,1.0,10.72,,4.49,1.67527436,5.68159153,,7.432,28.148061,0.39951423,114.2,2.34000006,6.08999322,2.7670652,0.10725502,,9.82,0.562523,
2015-04-19,10.5999894,2.29634658,3.3066632,16.75,1.25198043,2.26,15.41646881,3.32021537,6.38250025,,4.66666442,2.90504374,1.0,10.7,,4.45,1.6530521,5.63505289,,7.04,28.172648,0.39951423,113.6,2.30000006,6.08399323,2.70381799,0.10901972,,9.69,0.562523,
2015-04-20,10.5333228,2.29634658,3.23333008,16.450001,1.19740692,2.25,15.23083191,3.38628931,6.2925,,4.66666442,2.88486982,1.0,10.4,,4.49,1.63888552,5.49931521,,7.056,28.274507,0.39563546,110.26,2.26000006,6.08999322,2.65418633,0.10784325,,9.66,0.53656,
2015-04-21,10.666656,2.27519602,3.16733001,16.700001,1.17172527,2.26,15.22793193,3.38612429,6.25,,4.66666442,2.86469591,1.0,10.2,,4.52,1.60833008,5.60402714,,7.0,28.274507,0.39175668,110.32,2.26000006,6.06599325,2.69183436,0.10784325,,9.76,0.53656,
2015-04-22,10.666656,2.29634658,3.25332999,16.799999,1.17172527,2.29,15.22793193,3.30369689,6.25750025,,4.28484642,2.87142055,1.0,9.98,,4.5,1.59999666,5.58463604,,7.0,28.274507,0.3878779,109.6,2.20000006,6.11999319,2.62595031,0.10784325,,9.8,0.545215,
2015-04-23,10.666656,2.31749714,3.23333008,16.799999,1.19740692,2.35,15.7529333,3.22110447,6.4125,,4.42424029,2.89159446,1.0,10.13,,4.53,1.65277438,5.68546975,,7.04,28.274507,0.39175668,109.5,2.38800006,6.23999306,2.68242236,0.10901972,,10.02,0.545215,
2015-04-26,10.666656,2.28728205,3.20333004,16.799999,1.2343243,2.3,15.63691067,3.25397641,6.25,,4.2515131,2.83779736,1.0,10.06,,4.43,1.63416336,5.60790536,,7.2,29.152597,0.38012034,107.1,2.30000006,6.35999292,2.58830227,0.11078443,,9.84,0.53656,
2015-04-27,10.1333232,2.22685188,3.10066341,16.809999,1.21345796,2.16,15.59050174,3.22110447,6.25,,4.27272521,2.74365242,1.0,9.76,,4.5,1.58055236,5.19681409,,6.96,28.105912,0.36072645,104.7,2.16200006,6.04799327,2.40947412,0.10588247,,9.67,0.53656,
2015-04-28,10.5999894,2.22685188,3.06666358,16.5,1.17654058,2.16,15.30044589,3.22110447,6.0175,,4.0636344,2.68985531,1.0,9.51,,4.51,1.57499679,5.14639724,,7.208,28.351779,0.35296889,103.62,2.14000006,5.96399336,2.26829399,0.10529423,,9.35,0.545215,
2015-04-29,10.5999894,2.25102395,3.06666358,16.6,1.17333038,2.19,15.43387129,3.22093944,5.975,,4.10605863,2.68985531,1.0,9.7,,4.56,1.60833008,5.14251902,,7.208,29.117474,0.35296889,106.05,2.25000006,6.02999329,2.31535403,0.10686286,,9.57,0.545215,
2015-04-30,10.666656,2.23591641,3.13333018,17.4,1.21987837,2.3,15.73552966,3.0724381,6.25,,4.18181617,2.77055097,1.0,9.75,,4.51,1.66666324,5.42950726,,7.208,29.149084,0.368484,109.49,2.39800006,6.18599312,2.47535817,0.11235306,,9.91,0.553869,
2015-05-03,10.666656,2.23591641,3.07133024,17.200001,1.19259162,2.26,15.68041934,3.22110447,6.03249975,,4.72424015,2.72347851,1.0,9.65,,4.8,1.6613855,5.42562904,,7.44,28.62223,0.36072645,111.0,2.45000007,6.29999299,2.48477018,0.11098051,,9.7,0.562523,
2015-05-04,10.666656,2.20570132,3.06733011,17.299999,1.182961,2.24,15.89506009,3.13851204,6.07000025,,4.72424015,2.844522,1.0,9.63,,4.85,1.66666324,5.50319343,,7.32,28.660866,0.35684767,111.65,2.40000006,6.15599315,2.53183022,0.11078443,,9.81,0.553869,
2015-05-05,10.666656,2.23893792,3.09999688,17.5,1.21345796,2.27,16.1300059,3.18790248,6.005,,4.72424015,2.87142055,1.0,9.770001,,5.3,1.73055197,5.6971044,,7.592,29.503833,0.368484,111.4,2.45000007,6.17999312,2.67301035,0.10980404,,10.15,0.562523,
2015-05-06,10.666656,2.25404546,3.06066359,17.6,1.21185285,2.26,16.01108301,3.13851204,6.30000025,,4.72424015,2.83107272,1.0,9.8,,5.12,1.72166313,5.70098262,,7.688,29.855069,0.368484,109.6,2.50000007,6.26999302,2.63536231,0.10882365,,10.1,0.562523,
2015-05-07,10.5333228,2.25102395,3.05999705,17.57,1.20061713,2.24,16.01108301,3.21928744,6.5,,4.66666442,2.76382634,1.0,9.53,,5.08,1.69471868,5.56912316,,7.8,28.555497,0.36460522,109.9,2.49800007,6.13199318,2.65418633,0.10882365,,9.91,0.562523,
2015-05-10,10.5333228,2.21174434,3.03333028,17.5,1.18938141,2.22,16.10970199,3.21928744,6.75,,4.54545235,2.71002923,1.0,9.3,,5.1,1.6963854,5.56912316,,7.688,28.625743,0.36072645,109.0,2.46000007,6.13799317,2.63536231,0.10588247,,9.88,0.562523,
2015-05-11,10.5333228,2.23591641,3.02666375,17.5,1.15085893,2.12,16.21412239,3.13851204,6.7525,,4.54545235,2.68985531,1.0,9.11,,5.1,1.65277438,5.58463604,,7.68,28.804874,0.36460522,108.12,2.40200006,5.95199338,2.54124223,0.10431384,,9.78,0.562523,
2015-05-12,10.5333228,2.23591641,3.01066364,17.5,1.13962321,2.03,16.17931482,3.22110447,7.0,,4.30302823,2.68985531,1.0,9.05,,5.1,1.65832995,5.61178358,,7.912,28.804874,0.36460522,107.55,2.50000007,5.82599352,2.46594617,0.09901971,,9.82,0.553869,
2015-05-13,10.666656,2.03045382,2.98666359,17.200001,1.0834446,1.98,16.12710447,3.22110447,7.0625,,4.30302823,2.57553646,1.0,8.22,,5.03,1.62499666,5.44889836,,7.8,28.453638,0.35296889,103.65,2.45200007,5.42399397,2.40006211,0.09705893,,9.41,0.545215,
2015-05-14,10.3999896,2.05462589,2.98333033,16.5,0.99997924,1.91,15.95017157,3.20871561,6.875,,4.30302823,2.42086978,1.0,7.67,,5.1,1.5416635,5.19681409,,7.672,29.152597,0.32969621,99.5,2.30000006,5.27999413,2.30594202,0.09039225,,8.8,0.527906,
2015-05-17,10.14998985,2.11505606,2.98666359,16.5,0.98232311,1.82,15.96757405,3.32021537,6.77750025,,4.09696772,2.38724659,1.0,7.86,,5.15,1.53083022,5.21232697,,7.488,28.485248,0.32193866,100.0,2.31000006,5.39999399,2.26829399,0.09607853,,8.5,0.53656,
2015-05-18,10.2666564,2.2328949,3.11333027,17.0,1.02405579,1.87,16.1300059,3.45236325,6.75,,4.39090697,2.42086978,1.0,8.06,,5.37,1.59777449,5.35194287,,7.52,28.485248,0.33745377,103.0,2.32000006,5.59799377,2.36241407,0.10117658,,8.9,0.553869,
2015-05-19,10.7333226,2.20570132,3.03999681,16.75,1.10912625,1.98,16.55058688,3.46888174,6.75,,4.39090697,2.60243502,1.0,8.26,,5.15,1.70555211,5.73976482,,7.8,28.801361,0.38012034,110.2,2.42600007,6.11999319,2.57889026,0.10529423,,9.81,0.53656,
2015-05-20,10.46998953,2.19361529,3.05733032,16.719999,1.09628543,1.89,16.6056972,3.55147416,6.75,,4.54545235,2.65623212,1.0,8.2,,5.12,1.69444096,5.70873906,,7.76,28.804874,0.37236278,109.0,2.40200006,6.08999322,2.56947826,0.10588247,,9.84,0.545215,
2015-05-21,10.5333228,2.20267981,3.06599705,16.940001,1.11554667,1.94,16.65500611,3.55147416,6.875,,4.54545235,2.82434808,1.0,8.58,,5.12,1.72082982,5.81732921,,7.88,28.804874,0.3878779,110.2,2.41000006,6.40199288,2.65418633,0.10764717,,10.0,0.553869,
2015-05-24,10.5333228,2.20570132,3.09999688,16.719999,1.14604362,1.98,16.7101176,3.5597334,6.77750025,,4.54545235,2.95211621,1.0,8.65,,5.15,1.73777423,5.97633621,,7.92,28.801361,0.40339301,109.9,2.40000006,6.58199268,2.77654244,0.10941188,,10.1,0.553869,
2015-05-25,10.666656,2.20570132,3.10133021,16.799999,1.16048955,2.0,16.5911947,3.55147416,6.75,,4.54545235,2.99246404,1.0,8.78,,5.12,1.70860754,6.0539006,,7.84,28.450125,0.39951423,108.5,2.37000006,6.38999289,2.89889855,0.11000012,,9.96,0.553869,
2015-05-26,10.666656,2.20570132,3.09999688,16.5,1.25198043,1.99,16.30693997,3.41932628,6.75,,4.54545235,2.99246404,1.0,8.5,,5.2,1.70832982,6.09268279,,7.808,28.625743,0.39951423,108.12,2.40000006,6.26999302,2.92713457,0.10490207,,9.98,0.553869,
2015-05-27,10.6006554,2.19361529,3.09666362,16.299999,1.34828662,1.99,16.26053103,3.55064824,6.75,,4.32121004,2.92521765,1.0,8.83,,5.2,1.72694084,6.05002238,,7.84,28.804874,0.39175668,107.3,2.40000006,6.52799274,2.88007453,0.10490207,,9.91,0.553869,
2015-05-28,10.666656,2.11505606,3.07333011,16.549999,1.31457945,2.03,16.2721324,3.55147416,6.80000025,,4.32121004,2.85797127,1.0,8.5,,4.76,1.71944097,5.84059852,,7.68,28.822434,0.3878779,105.45,2.31000006,6.52199274,2.8518385,0.10019619,,9.51,0.545215,
2015-06-02,11.333322,2.09994852,3.08666349,16.68,1.28408249,2.01,16.24312739,3.55081358,7.0,,4.32121004,2.82434808,1.0,8.0,,5.0,1.68610767,5.93755401,,7.76,28.836484,0.37624156,103.95,2.20200006,6.46199281,2.88007453,0.10215697,,9.43,0.53656,
2015-06-03,11.333322,2.08484097,3.08333023,16.299999,1.25840084,2.04,16.53318324,3.51843719,6.995,,4.32121004,2.8108988,1.0,8.58,,4.89,1.68249654,5.90652826,,7.76,28.485248,0.38012034,103.11,2.20200006,6.47999279,2.87066252,0.10215697,,9.71,0.53656,
2015-06-04,11.333322,2.06973343,3.07333011,16.49,1.27605698,2.03,16.32434274,3.54288453,7.0,,4.32121004,2.7571017,1.0,8.43,,4.81,1.67305212,5.82120743,,7.688,28.555497,0.37236278,103.0,2.20000006,6.49199278,2.8518385,0.10117658,,9.46,0.53656,
2015-06-07,10.7999892,2.08484097,3.06333032,16.48,1.24556002,2.02,16.38815532,3.53396456,6.75,,4.2545434,2.75037706,1.0,8.44,,5.0,1.67110768,5.76691235,,7.68,28.502811,0.368484,102.5,2.20000006,6.33599295,2.75771842,0.10117658,,9.32,0.53656,
2015-06-08,10.5333228,2.03951834,3.08666349,16.5,1.18777631,2.02,16.53318324,3.53462529,6.775,,4.2545434,2.62933357,1.0,8.2,,4.7,1.64582995,5.62341823,,7.24,28.625743,0.35296889,103.0,2.22000006,6.32999296,2.65418633,0.09843148,,9.08,0.53656,
2015-06-09,10.7999892,2.05462589,3.09999688,16.5,1.17975079,2.02,16.53318324,3.46888174,6.83,,4.09393742,2.62260893,1.0,8.18,,4.72,1.64471881,5.60402714,,7.28,28.450125,0.35296889,103.4,2.22000006,6.25799304,2.64477432,0.09745108,,9.01,0.53656,
2015-06-10,10.7999892,1.96398063,3.10733027,16.02,1.23271919,2.04,16.64920616,3.46888174,6.875,,4.15151315,2.60915966,1.0,8.18,,4.76,1.63888552,5.62341823,,7.312,28.450125,0.35296889,105.0,2.20200006,6.32999296,2.62595031,0.09470598,,8.75,0.53656,
2015-06-11,10.7999892,1.96398063,3.109997,15.75,1.22950899,2.05,16.82323909,3.46888174,6.7925,,4.09090712,2.62260893,1.0,8.13,,4.76,1.61388552,5.53034097,,7.2160008,28.098889,0.34909011,103.5,2.33800006,6.32999296,2.59771428,0.09509814,,8.8,0.53656,
2015-06-14,10.7999892,1.99419571,3.06733011,15.0,1.20382734,2.05,16.82323909,3.53330365,6.75,,4.4424221,2.60243502,1.0,8.15,,4.6,1.60138565,5.44114192,,7.288,28.098889,0.34133255,104.5,2.19800006,6.40199288,2.57889026,0.09431383,,8.65,0.527906,
2015-06-15,10.7999892,1.99419571,3.09999688,15.3,1.1861712,2.04,16.82613906,3.46871672,6.9625,,4.13636164,2.60243502,1.0,8.1,,4.67,1.59166337,5.42950726,,7.44,28.098889,0.33745377,103.8,2.20000006,6.35999292,2.57889026,0.09411775,,8.55,0.527906,
2015-06-16,10.7999892,2.00326024,3.13133025,15.01,1.19901203,2.05,16.85514552,3.46888174,7.0,,4.2424222,2.62260893,1.0,8.16,,4.66,1.60055224,5.48768055,,7.2160008,28.098889,0.34133255,104.0,2.20000006,6.53999272,2.62595031,0.09509814,,8.62,0.527906,
2015-06-17,10.7006553,2.00930326,3.13333018,15.27,1.19740692,2.08,16.70721617,3.46888174,7.0,,4.2424222,2.6696814,1.0,8.17,,4.6,1.61221894,5.53034097,,7.44,28.537934,0.34909011,104.0,2.25000006,6.38999289,2.63536231,0.09647069,,8.8,0.527906,
2015-06-18,10.82065584,2.02138929,3.15066336,15.15,1.19098651,2.09,16.67821116,3.55147416,7.125,,3.95151325,2.69657995,1.0,8.24,,4.65,1.6386078,5.52646275,,7.2,28.678429,0.34521133,103.0,2.25000006,6.53999272,2.6165383,0.09803932,,8.9,0.527906,
2015-06-21,10.82065584,1.97002365,3.13333018,15.0,1.17333038,2.08,16.69271366,3.55147416,7.255,,3.93939204,2.65623212,1.0,8.15,,4.8,1.60583006,5.49931521,,7.2,29.855069,0.34133255,102.55,2.20000006,6.27599302,2.59771428,0.09647069,,9.0,0.527906,
2015-06-22,10.7999892,1.94585158,3.09999688,14.51,1.12999259,2.04,16.72172012,3.55081358,7.275,,4.0606041,2.61588429,1.0,8.0,,4.46,1.59721894,5.38296863,,6.84,29.152597,0.33745377,101.8,2.20000006,6.29999299,2.51300621,0.09431383,,8.8,0.519252,
2015-06-23,10.7999892,1.93376554,3.07199704,14.8,1.11715177,2.05,16.82323909,3.51843719,7.2925,,4.01514958,2.59571038,1.0,7.98,,4.28,1.57277452,5.32867355,,6.888,28.625743,0.33357499,100.2,2.20000006,6.29999299,2.5035942,0.09470598,,8.7,0.527906,
2015-06-24,10.7999892,1.87333537,2.93666364,14.52,1.08504971,2.02,16.76522763,3.53495568,7.275,,4.14848285,2.56208719,1.0,7.98,,4.12,1.56944122,5.33642999,,6.92,29.15611,0.32581743,101.11,2.20200006,6.29999299,2.46594617,0.09313735,,8.88,0.53656,
2015-06-25,10.7999892,1.81290519,2.93333038,14.0,1.09468033,2.03,16.53898436,3.46888174,7.25,,3.93333144,2.56208719,1.0,7.97,,4.1,1.55694122,5.27437848,,6.848,28.801361,0.32193866,101.01,2.20000006,6.13799317,2.44712215,0.09470598,,8.75,0.527906,
2015-06-28,10.7999892,1.87333537,2.92199719,14.65,1.15246404,2.04,16.65210614,3.46904676,7.35,,3.93939204,2.60915966,1.0,8.15,,4.3,1.60305223,5.37521219,,6.88,29.855069,0.33745377,105.0,2.20000006,6.13199318,2.55065424,0.09607853,,9.07,0.527906,
2015-06-29,10.7999892,1.87333537,2.79999718,14.66,1.1348079,1.97,16.21412239,3.46888174,7.2475,,3.96060415,2.56881183,1.0,8.05,,4.16,1.5861078,5.29376958,,6.72,29.152597,0.33745377,102.25,2.10000006,6.15599315,2.5035942,0.09529422,,8.8,0.527906,
2015-07-02,10.89532177,1.93376554,2.81999709,14.7,1.11233646,1.94,16.25472992,3.46888174,7.25,,4.04545259,2.56881183,1.0,8.0,,4.15,1.56249679,5.27437848,,6.608,28.664379,0.33357499,102.25,2.10000006,6.00599332,2.49418219,0.0945099,,8.71,0.53656,
2015-07-05,10.89532177,1.76456106,2.86733031,14.7,1.11715177,1.86,15.95307155,3.46888174,7.25,,3.99393747,2.39397123,3.71,8.14,,4.0,1.50333022,5.03780709,,6.328,29.855069,0.32193866,102.0,1.90000005,5.93999339,2.3906501,0.09372559,,8.23,0.53656,
2015-07-06,10.1666565,1.78269011,2.81666383,14.2,1.05134254,1.81,15.24243443,3.54932675,7.17500025,,4.20908888,2.38724659,3.39,7.88,,3.87,1.43083034,4.66161981,,6.392,28.457149,0.31030232,98.0,2.09800006,5.46599392,2.34359006,0.09215696,,7.86,0.527906,
2015-07-07,10.89532177,1.80988369,2.67333051,14.21,1.02245068,1.78,15.15541797,3.46871672,7.17500025,,4.35757366,2.34689876,3.39,7.77,,3.73,1.38888603,4.51036925,,6.2,28.450125,0.31030232,97.5,1.90200005,5.54999383,2.30594202,0.09039225,,7.75,0.527906,
2015-07-08,9.99999,1.81290519,2.49999748,14.57,0.99516393,1.74,14.25044402,3.46888174,7.0,,3.93939204,2.28637702,3.26,7.64,,3.74,1.33888617,4.26604142,,6.32,29.855069,0.30254476,97.099998,1.86000005,5.57999379,2.26829399,0.08843147,,7.62,0.519252,
2015-07-09,10.66532267,1.81290519,2.55666396,14.5,1.01442517,1.76,14.64782024,3.38463729,7.125,,4.23030099,2.29310166,3.24,7.69,,3.6,1.36555275,4.36299691,,6.288,28.450125,0.30642354,98.5,2.00000005,5.64599372,2.29653002,0.08823539,,7.74,0.519252,
2015-07-12,10.666656,1.81290519,2.53333078,14.51,1.01924048,1.76,15.22793193,3.39223597,7.0,,4.23030099,2.33344949,3.28,7.8,,3.65,1.32277503,4.47546527,,6.4,29.503833,0.31030232,99.199997,1.98000005,5.78999356,2.29653002,0.08509813,,7.5,0.527906,
2015-07-13,10.666656,1.76456106,2.48999736,14.5,0.99676903,1.76,14.94077606,3.30369689,7.04,,4.23030099,2.29982629,3.31,7.7,,3.58,1.28471958,4.30870183,,6.64,29.503833,0.30642354,97.849998,2.00000005,5.69999366,2.21182194,0.08431382,,7.33,0.527906,
2015-07-14,10.666656,1.84312028,2.51333087,14.51,1.05134254,1.78,15.22793193,3.30369689,7.085,,4.23030099,2.32000021,3.38,7.78,,3.47,1.33471945,4.39014444,,6.48,29.503833,0.31030232,97.809998,2.00000005,5.96999336,2.24005797,0.08509813,,7.5,0.527906,
2015-07-15,10.666656,1.85822782,2.58333073,14.51,1.10270584,1.8,15.51798778,3.30369689,7.2475,,4.23030099,2.40069587,3.47,7.88,,3.47,1.34610832,4.49873459,,6.64,29.503833,0.3141811,98.0,2.05000006,6.26999302,2.28711801,0.08549029,,7.68,0.527906,
2015-07-16,10.666656,1.86427084,2.56666408,14.72,1.08665481,1.87,15.74133078,3.38628931,7.42500025,,4.34848275,2.43431906,3.5,8.0,,3.6,1.38860831,4.66161981,,6.8,28.502811,0.32581743,100.0,2.05000006,6.29999299,2.3906501,0.08431382,,7.96,0.545215,
2015-07-21,10.666656,1.83103425,2.5533307,14.72,1.05936806,1.87,15.89506009,3.38628931,7.5,,3.91514963,2.41414514,3.42,7.91,,3.56,1.38971934,4.63835049,,6.8,28.502811,0.32193866,100.0,1.96200005,6.23999306,2.40947412,0.08529421,,8.12,0.553869,
2015-07-22,10.7333226,1.85822782,2.57999747,15.0,1.0304762,1.86,16.08069583,3.38628931,7.5,,3.95454355,2.44776834,3.41,7.95,,3.56,1.38888603,4.64610693,,6.88,28.804874,0.32193866,100.01,2.05000006,6.29999299,2.40947412,0.08941186,,8.08,0.553869,
2015-07-26,10.7333226,1.92167951,2.57333061,15.06,1.04652723,1.9,15.83124867,3.38628931,7.5,,3.95454355,2.46121761,3.41,7.87,,3.62,1.35555274,4.47158705,,6.8,28.808385,0.32193866,99.0,2.04000005,6.23999306,2.26829399,0.08823539,,7.78,0.553869,
2015-07-27,10.667322,1.88844291,2.586664,15.0,0.9791129,1.87,15.82834753,3.51017795,7.5,,4.01514958,2.50156544,3.4,7.81,,3.51,1.29444173,4.36687513,,6.8,28.450125,0.31030232,99.5,2.04000005,6.13199318,2.20240993,0.0862746,,7.71,0.545215,
2015-07-28,10.7999892,1.90355045,2.53333078,15.0,0.98232311,1.88,15.92406654,3.38661968,7.5025,,4.03030109,2.50829008,3.41,7.84,,3.44,1.30555287,4.39014444,,6.64,28.804874,0.3141811,100.0,2.10000006,6.14999316,2.20240993,0.08823539,,7.85,0.53656,
2015-07-29,10.9333224,1.89750744,2.53333078,15.45,1.12967157,1.92,16.09809947,3.4028078,7.61250025,,4.09090712,2.57553646,3.51,7.97,,3.59,1.34721945,4.59569007,,6.728,28.88917,0.32581743,101.0,2.05000006,6.20999309,2.29653002,0.0890197,,8.0,0.53656,
2015-07-30,10.9333224,1.93376554,2.53333078,15.79,1.23488608,1.96,16.14160843,3.4028078,8.0024995,,4.2424222,2.58898574,3.46,7.93,,3.6,1.38833048,4.72444075,,6.6,28.836484,0.32969621,107.5,2.03600005,6.15599315,2.32476604,0.0900001,,8.13,0.53656,
2015-08-02,10.9333224,1.91261498,2.49999748,16.0,1.16289721,1.94,15.97337546,3.40363372,8.69999975,,4.2424222,2.62933357,3.38,7.96,,3.76,1.34360832,4.70666299,,6.752,29.503833,0.32969621,108.0,2.03600005,6.21599308,2.31535403,0.09019617,,8.22,0.53656,
2015-08-03,10.8666558,1.91261498,2.46666418,16.049999,1.14074678,1.93,15.95017157,3.50191871,8.2524995,,3.94848294,2.62260893,3.3,7.91,,3.76,1.32583061,4.63555193,,6.56,28.836484,0.32581743,108.56,2.03600005,6.20999309,2.28711801,0.08686284,,8.2,0.53656,
2015-08-04,10.667322,1.91563649,2.46733072,16.1,1.151822,1.95,16.06909447,3.5430499,8.75,,4.09090712,2.64278285,3.39,7.91,,3.73,1.34721945,4.72444075,,6.6160008,28.88917,0.33745377,108.6,2.00200005,6.28199301,2.34359006,0.09117657,,8.35,0.53656,
2015-08-05,10.667322,1.82801274,2.43466422,16.0,1.10752115,1.93,15.80804362,3.63406659,8.75,,4.23333129,2.58898574,3.24,7.88,,3.72,1.31971945,4.67110746,,6.8,28.88917,0.33357499,108.0,1.90000005,6.35999292,2.31535403,0.09019617,,8.37,0.53656,
2015-08-09,10.667322,1.78269011,2.43333088,14.81,1.03830108,1.9,15.69202071,3.63406659,8.5,,3.96969506,2.528464,3.0,7.82,,3.8,1.28138628,4.49777426,,6.64,28.625743,0.32193866,106.98,1.90000005,6.29999299,2.24005797,0.08764715,,8.020001,0.53656,
2015-08-10,10.6999893,1.81290519,2.44333101,16.0,1.04383868,1.9,15.66591568,3.63406659,8.5,,3.96969506,2.53518863,3.01,8.0,,3.6,1.28221959,4.50666314,,6.784,28.871607,0.32193866,107.31,1.90000005,6.35999292,2.24005797,0.0890197,,8.07,0.53656,
2015-08-11,10.667322,1.78269011,2.46066419,16.0,1.07429552,1.9,15.70942464,3.47714098,8.5,,3.96969506,2.55536255,3.04,8.03,,3.6,1.27221958,4.55555199,,6.856,29.855069,0.32193866,107.5,1.83200005,6.41999286,2.28711801,0.08705892,,8.23,0.53656,
2015-08-12,10.6999893,1.72830295,2.44999753,16.0,1.04660749,1.85,15.5295903,3.68362202,8.5,,3.96969506,2.48811617,2.86,7.9,,3.46,1.21721972,4.44888541,,6.84,29.855069,0.3141811,104.9,1.86000005,6.31199298,2.23064596,0.087255,,7.92,0.53656,
2015-08-13,10.667322,1.73736748,2.44399754,15.55,1.01061305,1.83,15.51798778,3.68329166,8.2250005,,3.98484656,2.48139153,2.85,7.83,,3.41,1.18055313,4.35999659,,6.712,29.855069,0.3141811,103.85,1.85000005,6.37199291,2.26829399,0.0862746,,7.8,0.53656,
2015-08-16,10.67998932,1.67995881,2.35999776,15.5,0.95246819,1.77,14.9436772,3.68329166,8.0625,,4.19696767,2.39397123,2.76,7.55,,3.28,1.13194212,4.08888569,,6.24,29.855069,0.30254476,102.0,1.90000005,6.29999299,2.09887784,0.08568637,,7.34,0.53656,
2015-08-17,10.67332332,1.69506636,2.39999758,15.5,0.94693058,1.76,14.84215708,3.41932628,8.25,,4.12121013,2.38052195,2.71,7.54,,3.29,1.12666438,4.08888569,,6.16,29.855069,0.30254476,102.0,1.90200005,6.02999329,2.09887784,0.0862746,,7.39,0.527906,
2015-08-18,10.667322,1.6044211,2.38333093,15.0,0.90539854,1.71,14.24174147,3.55147416,7.76249975,,4.12121013,2.30655093,2.58,7.41,,3.11,1.13055326,3.91110805,,6.4,29.855069,0.29090842,99.989998,1.84200005,5.69999366,2.00475776,0.08450989,,7.12,0.527906,
2015-08-19,10.667322,1.58024903,2.3533309,15.0,0.87494171,1.67,13.8066577,3.38628931,7.75,,3.96969506,2.27965238,2.47,7.27,,2.99,1.13333098,3.88444141,,6.4,29.855069,0.28702964,99.0,1.84200005,5.72999362,1.96710973,0.08960794,,7.0,0.527906,
2015-08-20,10.666656,1.51981885,2.35666416,14.65,0.8666353,1.65,13.63262478,3.31641613,7.505,,3.96969506,2.24602919,2.44,7.33,,2.96,1.15833098,3.8622192,,6.392,29.855069,0.27927209,98.0,1.86000005,5.54999383,1.94828571,0.08686284,,7.09,0.519252,
2015-08-23,10.1666565,1.44428114,2.23533102,14.5,0.79741523,1.51,12.90748516,3.31641613,7.125,,3.96969506,2.08463787,2.27,6.64,,2.73,1.06666453,3.62221939,,6.0,29.855069,0.25987819,92.0,1.83800005,5.24999416,1.78828157,0.08470597,,6.7,0.501944,
2015-08-24,10.2666564,1.42010907,2.17999787,13.39,0.72542635,1.4,12.93649017,3.30369689,7.4975,,3.74545274,1.93669583,2.07,6.4,,2.5,1.01944238,3.38666402,,6.0,29.855069,0.24436308,88.0,1.83800005,5.09399433,1.66592546,0.08568637,,6.5,0.493289,
2015-08-25,10.666656,1.50471131,2.20066432,13.9,0.70050713,1.42,13.34256893,3.20128228,7.625,,3.60908917,1.96359438,2.12,6.48,,2.55,1.05805338,3.47555284,,5.88,29.855069,0.25212063,89.099998,1.83800005,5.33999406,1.72239751,0.08588244,,6.7,0.493289,
2015-08-26,10.666656,1.51075433,2.19999779,13.5,0.70881354,1.5,13.63842589,3.22457352,7.8375,,3.60908917,1.99721757,2.09,6.5,,2.62,1.05555339,3.59999719,,6.048,29.855069,0.25212063,88.0,1.71000005,5.39999399,1.80710559,0.08882362,,6.8,0.501944,
2015-08-27,10.666656,1.51075433,2.23066435,13.7,0.75034558,1.59,14.00969709,3.30468799,7.975,,3.96969506,2.08463787,2.2,6.66,,2.65,1.0916644,3.67110824,,6.12,29.855069,0.26375697,90.0,1.83000005,5.41199458,1.89181366,0.09215696,,7.07,0.510598,
2015-08-30,10.666656,1.5349264,2.24999774,13.94,0.73373276,1.56,13.8066577,3.22275647,7.75,,3.81817998,2.02411612,2.4,6.76,,2.65,1.09777552,3.60888607,,6.48,29.855069,0.25987819,91.0,1.70000005,5.41199458,1.85416563,0.09607853,,7.01,0.510598,
2015-08-31,10.6999893,1.52586187,2.24066448,13.5,0.72542635,1.54,13.92268062,3.30369689,8.0,,4.10605863,2.01739149,2.46,6.83,,2.7,1.10333109,3.6444416,,6.488,29.328215,0.25599941,92.25,1.70600005,5.42999396,1.84475362,0.10137266,,7.06,0.519252,
2015-09-01,10.6999893,1.51075433,2.30999781,13.89,0.75311438,1.59,13.95748703,3.32021537,8.0,,4.10605863,2.10481178,2.5,6.82,,2.68,1.13971985,3.73333042,,6.488,29.328215,0.26375697,93.0,1.70000005,5.96999336,1.91063768,0.10039226,,7.21,0.527906,
2015-09-02,10.666656,1.52586187,2.33333098,13.89,0.73927037,1.59,13.92268062,3.38628931,7.7475,,3.79090726,2.15188425,2.43,6.82,,2.66,1.11110883,3.6666638,,6.6,29.855069,0.25987819,91.510002,1.70000005,5.71199424,1.89181366,0.10313737,,7.16,0.519252,
2015-09-03,10.666656,1.55909847,2.33333098,13.6,0.78357121,1.67,14.20983649,3.35490435,7.875,,3.93939204,2.1787828,2.54,6.93,,2.7,1.13694211,3.76888594,,6.72,29.855069,0.26763575,92.349998,1.76400005,5.87999346,1.92004969,0.10490207,,7.27,0.519252,
2015-09-06,10.666656,1.55909847,2.34666437,12.63,0.74757678,1.63,14.35776439,3.40412927,7.98750025,,3.93939204,2.15188425,2.5,6.97,,2.77,1.12221997,3.65333048,,6.72,29.855069,0.26375697,92.0,1.76400005,5.93999339,1.89181366,0.10764717,,7.4,0.519252,
2015-09-07,10.666656,1.53190489,2.32666446,12.41,0.73650156,1.55,14.08221105,3.4028078,7.9975,,3.93939204,2.06446395,2.35,6.82,,2.62,1.07249782,3.51555281,,6.56,29.855069,0.25987819,89.300003,1.70000005,5.75999359,1.78828157,0.10588247,,7.02,0.510598,
2015-09-08,10.666656,1.51981885,2.27333091,11.25,0.70881354,1.49,13.71964124,3.40412927,7.875,,3.8636345,1.94342046,2.22,6.63,,2.45,1.00305352,3.42221955,,6.552,29.855069,0.24436308,83.010002,1.68400005,5.72999362,1.7035735,0.10000011,,6.78,0.493289,
2015-09-09,10.666656,1.52888338,2.27333091,11.73,0.72542635,1.53,14.11411748,3.40958038,8.0,,3.87878601,2.01739149,2.34,6.76,,2.52,1.04166453,3.55555278,,6.56,29.855069,0.25212063,86.099998,1.68400005,5.7479936,1.76945755,0.10509815,,6.95,0.501944,
2015-09-10,10.7333226,1.52586187,2.28999756,11.55,0.71435114,1.52,14.23594152,3.40974556,8.005,,3.87878601,1.99049293,2.3,6.74,,2.47,1.01777566,3.51555281,,6.4,29.855069,0.24824185,85.0,1.72200005,5.83199351,1.76004555,0.10529423,,6.84,0.510598,
2015-09-13,10.666656,1.52284036,2.30666421,12.25,0.71158234,1.53,14.15472501,3.41750924,8.25,,3.87878601,2.04429004,2.32,6.76,,2.47,1.0347201,3.55555278,,6.872,29.855069,0.25212063,85.0,1.75800005,5.76599358,1.76945755,0.10627462,,6.85,0.510598,
2015-09-14,10.666656,1.52888338,2.30133102,11.75,0.71988875,1.54,14.47378731,3.4194913,8.3125,,3.94242234,2.04429004,2.38,6.77,,2.49,1.04972009,3.5688861,,6.888,28.555497,0.25212063,86.0,1.75800005,5.87999346,1.79769358,0.10705894,,6.89,0.510598,
2015-09-15,10.666656,1.52586187,2.26666439,12.0,0.72542635,1.6,14.67392526,3.41965665,8.3125,,3.94242234,2.05101468,2.37,6.71,,2.53,1.06333112,3.59555275,,6.88,28.811898,0.25599941,88.0,1.70600005,5.69999366,1.8259296,0.10490207,,6.92,0.510598,
2015-09-16,10.666656,1.54096942,2.28399757,12.1,0.73927037,1.6,14.83055571,3.46888174,8.13749975,,3.94242234,2.07118859,2.37,6.8,,2.63,1.07833112,3.65777492,,6.88,29.855069,0.25987819,89.0,1.69000005,5.70599365,1.84475362,0.10392168,,6.95,0.510598,
2015-09-17,10.666656,1.52586187,2.30666421,12.0,0.73650156,1.58,14.86536212,3.32863964,8.25,,4.19696767,2.05773932,2.38,6.99,,2.76,1.08388666,3.6666638,,6.56,29.855069,0.25987819,88.5,1.71000005,5.83199351,1.8259296,0.10411776,,6.85,0.475981,
2015-09-20,10.666656,1.52586187,2.36666428,12.0,0.73650156,1.57,14.79284816,3.32863964,8.125,,3.91514963,2.0375654,2.33,6.99,,2.9,1.08471997,3.63110827,,6.56,29.855069,0.25987819,87.980003,1.71000005,5.95799337,1.79769358,0.10196089,,6.83,0.484635,
2015-09-21,10.666656,1.53794791,2.43666415,11.65,0.80849044,1.58,15.01039005,3.21780076,8.0,,3.91514963,2.08463787,2.35,6.97,,2.9,1.11555326,3.65333048,,6.56,29.855069,0.26375697,88.0,1.71000005,5.99999332,1.8259296,0.10000011,,6.84,0.484635,
2015-09-22,10.666656,1.52284036,2.43333088,12.0,0.81125924,1.56,15.29174451,3.46888174,8.0,,3.99999807,2.09808715,2.36,6.98,,3.03,1.12249769,3.59999719,,6.56,29.855069,0.25987819,88.489998,1.71000005,5.99999332,1.8259296,0.10294129,,6.86,0.493289,
2015-09-28,10.666656,1.51981885,2.41733077,11.8,0.80572164,1.56,15.16992047,3.46888174,8.0,,4.0575738,2.08463787,2.37,7.0,,3.06,1.1277754,3.61777495,,6.44,29.855069,0.25987819,88.0,1.60400024,6.06599325,1.8259296,0.10352952,,6.89,0.493289,
2015-09-29,10.666656,1.51075433,2.3206644,12.0,0.78357121,1.56,15.43097131,3.41932628,8.08,,4.0575738,2.05773932,2.39,6.96,,3.08,1.10583109,3.58666386,,6.28,29.855069,0.26375697,87.0,1.65200004,6.08999322,1.83534161,0.09803932,,6.7,0.493289,
2015-09-30,10.666656,1.48658226,2.26666439,11.8,0.77803361,1.6,15.24243443,3.32021537,8.25,,4.0575738,2.07118859,2.37,6.92,,3.04,1.10555326,3.53777501,,6.288,29.855069,0.26763575,86.040001,1.60000004,6.06599325,1.84475362,0.09843148,,6.73,0.493289,
2015-10-01,10.666656,1.48960377,2.23199775,11.6,0.7752648,1.62,15.30624701,3.46888174,8.25,,3.78787696,2.06446395,2.37,6.93,,3.0,1.10555326,3.55555278,,6.4,29.855069,0.26763575,86.669998,1.60000004,6.00599332,1.88240165,0.09764716,,6.75,0.493289,
2015-10-04,10.666656,1.48053924,2.22333096,11.0,0.7752648,1.61,15.17572188,3.46888174,8.125,,3.93939204,2.06446395,2.28,6.87,,3.0,1.07305338,3.51110837,,6.488,28.976979,0.26375697,85.0,1.47200004,5.93999339,1.85416563,0.09686285,,6.67,0.475981,
2015-10-05,10.666656,1.45334566,2.25866446,10.2,0.76418959,1.62,15.14091547,3.46871672,8.0,,3.96969506,2.05101468,2.26,6.86,,2.96,1.07388668,3.54221945,,6.288,28.980492,0.25987819,84.099998,1.60000004,5.99399333,1.84475362,0.09627461,,6.64,0.467327,
2015-10-07,10.666656,1.46845321,2.29066443,11.5,0.772496,1.65,15.28884337,3.50191871,8.2250005,,4.12121013,2.07791323,2.3,6.92,,3.0,1.08749782,3.55555278,,6.384,29.844533,0.26375697,84.0,1.56000004,6.20999309,1.86357764,0.09960795,,6.71,0.475981,
2015-10-08,10.666656,1.50773282,2.2866643,11.1,0.80572164,1.69,15.58470062,3.43584477,8.25,,4.19696767,2.09808715,2.32,7.0,,3.08,1.09999768,3.6666638,,6.32,29.855069,0.27927209,84.75,1.56000004,6.05999326,1.92946169,0.10117658,,6.8,0.475981,
2015-10-11,10.333323,1.51981885,2.30999781,11.62,0.98292502,1.77,15.82544726,3.4028078,8.2875005,,4.2424222,2.11153642,2.38,7.0,,3.1,1.10555326,3.7422193,,6.48,29.855069,0.29090842,85.5,1.56000004,6.34199294,1.92946169,0.10137266,,6.8,0.475981,
2015-10-12,10.62665537,1.55909847,1.99933132,11.8,0.98292502,1.89,15.90086149,3.50142315,8.25,,4.30302823,2.15188425,2.51,7.05,,3.1,1.13194212,3.839997,,6.52,29.855069,0.29090842,86.050003,1.58800004,6.35999292,2.01416977,0.10196089,,6.96,0.475981,
2015-10-13,10.333323,1.55607696,1.9866646,11.9,0.98846263,1.89,15.95887266,3.33673386,8.25,,4.27272521,2.15188425,2.66,7.08,,3.1,1.13888655,3.80444147,,6.648,29.855069,0.29090842,87.0,1.43600004,6.35999292,1.99534575,0.10431384,,6.91,0.484635,
2015-10-15,10.333323,1.57722752,1.98066461,11.66,0.98292502,1.84,15.5295903,3.33689888,8.25,,4.27272521,2.25947846,2.62,6.96,,2.85,1.1586087,3.77777483,,6.488,29.855069,0.28702964,86.879997,1.45200004,6.35999292,1.98593374,0.10196089,,6.85,0.475981,
2015-10-18,10.2666564,1.56514148,1.989998,11.86,0.98292502,1.86,15.53249028,3.33689888,8.0,,4.19696767,2.25275383,2.6,6.98,,2.86,1.15694212,3.74666374,,6.64,29.855069,0.28702964,86.160004,1.42000004,6.35999292,2.00475776,0.10196089,,6.82,0.475981,
2015-10-19,10.37398962,1.58629205,1.99999799,12.2,1.00230664,1.91,15.51798778,3.45236325,8.25,,4.36363426,2.28637702,2.61,7.01,,2.9,1.1611087,3.78666415,,6.64,29.855069,0.29090842,86.300003,1.46000004,6.49799277,2.00475776,0.10313737,,6.85,0.475981,
2015-10-20,10.37398962,1.5711845,2.0246647,12.5,1.00507544,1.91,15.51798778,3.45236325,8.25,,4.30302823,2.28637702,2.8,7.04,,2.89,1.17638642,3.98666355,,6.68,29.855069,0.30254476,86.5,1.55000004,6.35999292,2.04240579,0.1037256,,6.96,0.475981,
2015-10-21,10.37398962,1.5711845,2.01333137,12.49,0.99953784,1.92,15.51798778,3.45054621,8.25,,4.34848275,2.28637702,2.8,7.05,,2.86,1.20138642,3.99999687,,6.72,28.980492,0.30642354,87.489998,1.59400004,6.32999296,2.0518178,0.10313737,,6.98,0.493289,
2015-10-22,9.4333239,1.5711845,2.01399791,12.79,0.99676903,1.86,15.34395485,3.45236325,8.125,,4.37575547,2.28637702,2.88,7.01,,2.78,1.19499754,4.04444128,,6.64,29.855069,0.29866598,88.080002,1.52200004,6.35999292,2.04240579,0.10215697,,6.93,0.501944,
2015-10-25,9.46799053,1.5711845,2.03333129,12.52,1.03553228,1.88,15.45707634,3.45236325,8.13,,4.39696758,2.25275383,2.95,7.04,,2.88,1.22221971,4.08888569,,6.704,29.855069,0.30642354,88.0,1.52200004,6.35999292,2.06122981,0.10156874,,6.98,0.501944,
2015-10-26,9.999324,1.55607696,2.01666464,12.61,1.0549139,1.84,15.22793193,3.45236325,8.47249975,,4.02121018,2.21913063,2.91,6.96,,2.85,1.21721972,3.99999687,,6.648,29.855069,0.3141811,86.0,1.52000004,6.23999306,2.03299379,0.10215697,,6.87,0.510598,
2015-10-27,9.666657,1.55607696,1.99999799,12.75,1.0549139,1.84,15.11190901,3.45071123,8.0,,4.03030109,2.19895672,2.87,6.91,,2.88,1.21277529,3.97333023,,6.4160008,29.050738,0.31030232,84.5,1.50200004,6.29999299,2.01416977,0.10058834,,6.82,0.501944,
2015-10-28,9.333324,1.51679735,1.99333133,12.6,1.0549139,1.83,15.08290401,3.36977083,8.2250005,,3.93939204,2.18550744,2.75,6.85,,2.95,1.18055313,3.9155525,,6.544,29.855069,0.31030232,84.800003,1.47400004,6.34199294,1.97652174,0.10156874,,6.69,0.501944,
2015-10-29,8.46932486,1.53190489,1.99533132,12.7,1.0549139,1.84,15.23953446,3.38612429,8.30000025,,3.93939204,2.20568136,2.84,6.84,,2.92,1.18333085,3.94221914,,6.048,29.855069,0.31805988,85.5,1.50000004,6.37199291,1.96710973,0.10450992,,6.71,0.493289,
2015-11-01,9.34132399,1.51981885,1.99933132,12.54,1.07706432,1.75,15.11190901,3.38628931,8.13,,3.64545279,2.10481178,2.72,6.59,,2.8,1.15749757,3.82221923,,6.24,29.855069,0.29866598,84.599998,1.41000004,6.30599298,1.91063768,0.10588247,,6.3,0.493289,
2015-11-02,9.34132399,1.51981885,1.99999799,12.75,1.07706432,1.78,15.17572188,3.37803007,8.25,,3.93939204,2.1249857,2.74,6.65,,2.82,1.16333097,3.79999703,,6.272,29.855069,0.30254476,85.010002,1.50000004,6.44999282,1.90122567,0.10588247,,6.46,0.493289,
2015-11-03,8.8006572,1.54096942,1.99999799,12.9,1.07983312,1.79,15.34395485,3.37803007,8.36250025,,3.95151325,2.09808715,2.69,6.6,,2.87,1.16138653,3.89777518,,6.4,29.855069,0.29866598,85.0,1.55400004,6.47999279,1.94828571,0.10470599,,6.34,0.493289,
2015-11-04,8.80132453,1.52586187,1.99999799,12.99,1.06875791,1.8,15.37295985,3.35341736,8.375,,3.69999822,2.13171034,2.7,6.61,,2.88,1.1611087,3.94666358,,6.24,29.858582,0.30254476,84.5,1.55800004,6.38999289,1.96710973,0.10568639,,6.33,0.493289,
2015-11-05,9.33199067,1.54701243,2.00066465,13.0,1.07983312,1.86,15.40196486,3.38612429,8.38,,3.76363455,2.15860889,2.77,6.66,,2.92,1.17221984,4.14221898,,6.4,29.858582,0.30254476,85.0,1.55800004,6.50999276,2.04240579,0.10509815,,6.5,0.510598,
2015-11-08,9.000657,1.43521661,1.9566647,12.0,1.07429552,1.81,14.95237859,3.35325234,8.25,,3.60605887,2.05101468,2.75,6.42,,2.89,1.14027541,3.87555253,,6.4,29.855069,0.29090842,81.010002,1.45600004,6.34199294,1.96710973,0.10215697,,6.37,0.493289,
2015-11-09,9.665991,1.48960377,1.94666477,12.05,1.08537073,1.77,13.92268062,3.33673386,8.25,,3.60605887,2.00394221,2.7,6.43,,2.88,1.08694224,3.73333042,,6.392,28.976979,0.28702964,78.0,1.40000004,6.17999312,1.91063768,0.09921579,,6.37,0.493289,
2015-11-10,9.333324,1.42313058,1.89999809,12.0,1.08260192,1.7,13.42958539,3.30369689,8.25,,3.60605887,1.93669583,2.49,6.2,,2.79,1.02777567,3.5911083,,6.08,29.855069,0.27151453,74.0,1.40000004,6.04199328,1.79769358,0.09627461,,6.2,0.467327,
2015-11-11,9.333324,1.42010907,1.89666482,12.3,1.04937629,1.72,13.31356393,3.27032955,8.3149995,,3.60605887,1.88289872,2.52,6.3,,2.73,1.04166453,3.65333048,,5.96,28.976979,0.27539331,74.0,1.45800004,5.99999332,1.8165176,0.09607853,,6.2,0.475981,
2015-11-12,9.3666573,1.4654317,1.92399813,12.0,1.00230664,1.74,13.49919938,3.23762295,8.745,,3.69999822,1.96359438,2.54,6.31,,2.73,1.06249782,3.6666638,,5.76,28.976979,0.28702964,71.5,1.45800004,5.99999332,1.91063768,0.09803932,,6.19,0.467327,
2015-11-15,9.3999906,1.37176493,1.82666483,11.51,1.0549139,1.65,12.99450162,3.13851204,8.755,,3.60605887,1.88962336,2.41,6.07,,2.59,0.99999795,3.44888619,,6.08,29.047225,0.27151453,66.989998,1.45800004,5.55599382,1.75063354,0.09411775,,5.8,0.458673,
2015-11-16,9.41665725,1.3627004,1.83333149,11.0,0.98015622,1.65,12.22295307,3.20458598,8.13,,3.49999831,1.87617408,2.44,6.14,,2.62,1.00333124,3.46666396,,5.608,29.047225,0.26763575,66.980003,1.45800004,5.7539936,1.73180952,0.09686285,,5.85,0.458673,
2015-11-17,9.5666571,1.38989398,1.79999819,11.15,0.99676903,1.67,11.83137826,2.92377174,8.25,,3.62121037,1.84927553,2.42,6.17,,2.62,1.01388681,3.43999731,,5.84,29.855069,0.25212063,63.799999,1.45800004,5.24999416,1.76004555,0.09803932,,5.86,0.450018,
2015-11-18,9.5666571,1.395937,1.79333153,11.0,0.96908101,1.67,11.8922897,3.05591962,8.125,,3.63030128,1.88289872,2.51,6.16,,2.72,1.02777567,3.4711084,,5.88,29.855069,0.25212063,65.5,1.45800004,5.39999399,1.77886956,0.09843148,,5.93,0.450018,
2015-11-19,9.41665725,1.41104454,1.8199981,11.01,0.99676903,1.73,12.47240139,3.22110447,8.2475005,,3.54545284,1.93669583,2.6,6.27,,2.77,1.06944225,3.51555281,,5.96,28.976979,0.25987819,66.699997,1.40000004,5.50799387,1.89181366,0.09882363,,6.15,0.458673,
2015-11-22,9.5999904,1.42010907,1.8213315,11.0,1.00784425,1.72,12.68994328,3.22110447,8.46,,3.56666495,2.06446395,2.63,6.23,,2.88,1.07694223,3.55110834,,5.856,28.976979,0.24824185,66.5,1.46400004,5.45399393,1.94828571,0.09803932,,6.15,0.458673,
2015-11-23,9.5999904,1.38082946,1.81933157,11.0,1.01615066,1.65,11.88938972,3.22110447,8.3774995,,3.56666495,2.01739149,2.55,6.23,,2.92,1.04166453,3.46666396,,6.224,29.029665,0.23272674,64.989998,1.48600004,5.33999406,1.95769772,0.09745108,,6.02,0.450018,
2015-11-24,9.6333237,1.37780795,1.82266483,11.19,0.94416178,1.62,11.78206819,2.97332719,8.0249995,,3.59090736,1.97031902,2.53,6.1,,2.89,1.02777567,3.39999734,,6.24,29.029665,0.21721162,62.0,1.48600004,5.07599435,1.9388737,0.09431383,,5.93,0.450018,
2015-11-25,9.6333237,1.35363588,1.8199981,11.2,0.99123143,1.63,12.10983158,2.90725325,8.0024995,,3.59696796,1.97031902,2.54,6.14,,2.93,1.05555339,3.44444175,,5.84,29.152597,0.2210904,64.0,1.33800004,5.03999439,1.99534575,0.09647069,,5.94,0.450018,
2015-11-26,9.4666572,1.35665739,1.81266491,11.0,1.02445706,1.61,12.31577094,2.94029022,8.0175,,3.59696796,1.98376829,2.59,6.14,,2.92,1.05610894,3.47999728,,6.24,28.625743,0.20557529,63.0,1.36200004,5.15999426,2.00475776,0.09705893,,5.95,0.450018,
2015-11-29,9.4666572,1.33550683,1.7866648,11.19,1.01615066,1.58,12.47240139,2.97332719,8.0,,3.63636188,1.93669583,2.56,6.15,,2.93,1.05555339,3.48888616,,6.248,28.625743,0.20169651,62.549999,1.40000004,5.21999419,2.00475776,0.09705893,,5.94,0.450018,
2015-11-30,9.41732325,1.28414118,1.66666499,10.09,1.00507544,1.54,12.25485951,2.95680871,8.2250005,,3.63636188,1.88962336,2.55,6.1,,2.88,1.03110896,3.40444178,,6.0,28.629256,0.20169651,59.0,1.40000004,4.94999449,1.95769772,0.09431383,,5.82,0.441364,
2015-12-01,9.8979901,1.29320571,1.70866488,11.17,0.97184981,1.56,12.37958352,2.94029022,7.63999975,,3.63636188,1.90979727,2.57,6.14,,2.9,1.02916452,3.42221955,,6.16,29.855069,0.20557529,60.0,1.40000004,4.97999446,1.95769772,0.09647069,,5.8,0.441364,
2015-12-02,9.8979901,1.34457135,1.73333159,11.0,0.99400023,1.63,12.8639762,2.97332719,7.94999975,,3.4848468,1.95686974,2.61,6.2,,2.96,1.06583112,3.48888616,,6.2,29.855069,0.21721162,60.5,1.40000004,5.09999433,2.03299379,0.09803932,,5.98,0.450018,
2015-12-03,9.5333238,1.36572191,1.74666498,10.7,1.00507544,1.67,13.22654601,3.02288265,8.045,,3.39393776,2.00394221,2.8,6.31,,3.03,1.1277754,3.59999719,,6.312,29.855069,0.21721162,62.099998,1.40000004,5.08199435,2.12711387,0.09941187,,6.36,0.458673,
2015-12-06,9.53465713,1.37478644,1.76799822,10.71,1.00230664,1.68,13.13952955,3.09242564,8.28250025,,3.49090741,1.99721757,2.81,6.31,,3.14,1.1277754,3.5911083,,6.32,28.632767,0.21721162,62.0,1.40200004,5.11199491,2.12711387,0.09941187,,6.32,0.458673,
2015-12-07,9.53465713,1.3596789,1.75999823,11.0,1.00507544,1.66,12.93649017,3.09242564,8.375,,3.40908927,2.00394221,2.76,6.24,,3.33,1.16805313,3.53333057,,6.08,28.629256,0.21721162,60.700001,1.33200004,5.06999436,2.08005383,0.10000011,,6.36,0.458673,
2015-12-08,9.53465713,1.3596789,1.71399821,11.0,1.00507544,1.61,12.54781533,3.06830849,8.25,,3.60605887,1.97031902,2.74,6.19,,3.25,1.1166644,3.50666393,,6.0,29.855069,0.20945406,57.009998,1.28400003,4.97999446,2.07064182,0.0982354,,6.23,0.450018,
2015-12-09,9.53465713,1.35665739,1.71666494,10.7,0.92754896,1.61,12.59712541,3.05591962,8.0249995,,3.39393776,1.9501451,2.75,6.2,,3.3,1.14444212,3.51999725,,5.992,29.855069,0.20945406,56.810001,1.38000004,5.04599439,2.08005383,0.10000011,,6.23,0.450018,
2015-12-10,9.4333239,1.3596789,1.69999829,10.5,0.94969939,1.57,12.69356853,3.0724381,8.13,,3.60605887,1.93669583,2.71,6.19,,3.34,1.1611087,3.4933306,,6.072,28.629256,0.20945406,56.700001,1.29000003,4.97999446,2.08946583,0.09788236,,6.11,0.450018,
2015-12-13,9.3999906,1.29924872,1.63333169,10.98,1.00507544,1.49,12.25485941,3.07574181,8.0,,3.60605887,1.82237698,2.58,6.07,,3.2,1.1277754,3.31110852,,6.0,28.629256,0.19393895,53.799999,1.28000003,4.79999466,2.01416977,0.09482354,,5.83,0.43271,
2015-12-14,9.3999906,1.29622721,1.63999835,10.04,1.00507544,1.46,12.32012234,3.07574181,8.0874995,,3.60605887,1.83582625,2.6,6.01,,3.31,1.13888655,3.34221961,,5.96,28.625743,0.19393895,53.25,1.36000004,4.69199478,2.06122981,0.09552942,,5.88,0.441364,
2015-12-15,9.5333238,1.28414118,1.63066496,10.0,0.94139298,1.47,12.16059198,2.97332719,8.25,,3.4848468,1.87617408,2.61,6.08,,3.35,1.13749769,3.37777514,,5.92,29.855069,0.19393895,53.59,1.36000004,4.79999466,2.08946583,0.09882354,,5.9,0.441364,
2015-12-16,9.4666572,1.32946381,1.63333169,10.3,0.90539854,1.5,12.20772497,2.94029022,8.03250025,,3.60605887,1.88962336,2.73,6.12,,3.56,1.18055313,3.55110834,,6.0,29.644328,0.20557529,54.0,1.32000004,4.79999466,2.21182194,0.09929413,,6.1,0.441364,
2015-12-17,8.999991,1.3627004,1.63466502,10.3,0.94139298,1.55,12.42164116,2.97332719,8.25,,3.4696953,1.92997119,2.75,6.19,,3.55,1.19777529,3.71110821,,6.0,28.629256,0.21333284,55.560001,1.35800004,4.67999479,2.24005797,0.09694119,,6.3,0.450018,
2015-12-20,9.3999906,1.395937,1.62399843,10.0,1.08813953,1.53,12.78058601,2.97332719,8.02750025,,3.4696953,1.92997119,2.72,6.14,,3.5,1.19444199,3.6666638,,6.2,29.152597,0.22496918,55.049999,1.30200004,4.64999483,2.21182194,0.0964706,,6.24,0.441364,
2015-12-21,9.3999906,1.38385097,1.63333169,9.82,1.09367714,1.53,13.04526197,2.80830737,8.0,,3.33636203,1.91652191,2.75,6.11,,3.51,1.1861087,3.67999712,,6.096,28.801361,0.22496918,55.0,1.27000003,4.67999479,2.277706,0.09694119,,6.28,0.441364,
2015-12-22,9.4006566,1.42010907,1.6273317,9.9,1.01061305,1.54,13.09602138,2.77510539,8.0,,3.4727256,1.9501451,2.75,6.17,,3.47,1.19721971,3.77777483,,5.928,28.748675,0.2404843,56.0,1.28000003,4.67999479,2.32476604,0.09717648,,6.34,0.450018,
2015-12-24,9.38665728,1.42010907,1.63333169,9.95,1.06875791,1.55,13.08876962,2.82879046,8.17500025,,3.4727256,1.97031902,2.76,6.26,,3.5,1.22499743,3.80444147,,6.08,28.801361,0.25212063,59.0,1.28000003,4.66799481,2.277706,0.09764707,,6.35,0.450018,
2015-12-27,9.38665728,1.43521661,1.63866502,9.9,1.0576827,1.55,12.87122846,2.90725325,7.6425,,3.4727256,1.97031902,2.75,6.2,,3.55,1.21888641,3.78666415,,6.104,28.811898,0.25987819,60.990002,1.28000003,4.59599489,2.26829399,0.09882354,,6.3,0.441364,
2015-12-28,9.3999906,1.39895851,1.63866502,9.9,1.03830108,1.59,12.87847986,2.80847273,8.32250025,,3.4727256,1.98376829,2.75,6.14,,3.5,1.21583083,3.75110818,,6.12,28.808385,0.25987819,61.650002,1.27800003,4.54799494,2.25888198,0.09858825,,6.23,0.441364,
2015-12-29,9.333324,1.3627004,1.63799835,9.8,1.05214509,1.58,12.8349722,2.84117932,8.125,,3.4818165,1.98376829,2.73,6.18,,3.49,1.20860857,3.75555262,,6.104,28.836484,0.25599941,62.799999,1.26000003,4.63199485,2.24946998,0.09717648,,6.18,0.441364,
2015-12-30,9.39332327,1.42010907,1.66666499,9.0,1.05214509,1.6,13.35344704,2.82482585,8.0,,3.4818165,2.05773932,2.78,6.26,,3.5,1.33333059,3.8622192,,6.24,28.991029,0.27151453,67.010002,1.26400003,4.61999486,2.34359006,0.09835295,,6.42,0.441364,
2015-12-31,9.3999906,1.48356075,1.654665,9.57,1.03830108,1.57,13.68701055,2.89073477,8.0,,3.53030133,2.0375654,2.7,6.35,,3.41,1.36388603,3.8622192,,6.296,28.804874,0.27151453,67.139999,1.29200003,4.64999483,2.29653002,0.09976472,,6.4,0.441364,
2016-01-03,9.41265725,1.51075433,1.66666499,9.89,1.03276347,1.58,13.777653,2.88247553,8.005,,3.60605887,2.05101468,2.74,6.38,,3.48,1.36083059,3.87555253,,6.384,28.839997,0.27151453,67.5,1.28400003,4.70999476,2.31535403,0.10070589,,6.4,0.441364,
2016-01-04,9.3666573,1.45334566,1.66666499,9.62,1.02445706,1.53,13.777653,2.86678297,8.0,,3.51514982,2.15860889,2.62,6.18,,3.35,1.33333059,3.73333042,,6.24,28.85756,0.25987819,65.0,1.26000003,4.79999466,2.25888198,0.09811766,,6.41,0.441364,
2016-01-05,9.3999906,1.54399092,1.71333168,9.62,1.02999467,1.53,13.79940755,2.88908276,8.125,,3.60605887,2.23930455,2.6,6.21,,3.33,1.34027502,3.72888597,,6.2,28.85756,0.26375697,65.010002,1.26000003,4.73999473,2.24005797,0.09905883,,6.42,0.441364,
2016-01-06,9.43999122,1.54096942,1.86066479,9.81,1.02722587,1.52,13.52748019,2.84117932,8.125,,3.78484666,2.36707268,2.54,6.54,,3.27,1.33333059,3.70666377,,6.12,28.931319,0.25987819,63.799999,1.25800003,4.68599479,2.18358592,0.10094119,,6.42,0.450018,
2016-01-10,9.333324,1.48053924,1.86666479,9.15,1.03553228,1.46,13.33531746,2.79162388,8.005,,3.78484666,2.23930455,2.43,6.31,,3.15,1.30555287,3.59999719,,6.12,28.625743,0.25599941,62.029999,1.21000003,4.57199491,2.15534989,0.09976472,,6.25,0.441364,
2016-01-11,9.4333239,1.40500153,1.76666489,9.05,1.01061305,1.44,12.9183629,2.56036509,8.0,,3.78484666,2.1249857,2.3,6.25,,3.12,1.27805287,3.41777511,,5.8,28.450125,0.24436308,61.830002,1.21800003,4.22999529,2.08005383,0.09764707,,5.87,0.441364,
2016-01-12,9.333324,1.38989398,1.76666489,9.1,1.02999467,1.4,12.34550186,2.73380918,7.6925,,3.52424072,2.08463787,2.21,6.21,,3.0,1.26944186,3.39110846,,5.92,28.980492,0.2404843,60.16,1.22200003,4.22999529,2.04240579,0.09670589,,5.8,0.441364,
2016-01-13,9.333324,1.29924872,1.66666499,9.0,0.98292502,1.28,11.89228959,2.64295751,7.5,,3.52424072,1.94342046,2.15,5.98,,2.81,1.16666427,3.08888647,,5.832,28.980492,0.22496918,56.23,1.22200003,3.84599572,1.88240165,0.09364707,,5.39,0.43271,
2016-01-14,9.333324,1.21464648,1.58333174,8.2,0.90262974,1.2,11.18890488,2.63601974,7.00750025,,3.40908927,1.82910161,2.02,5.52,,2.72,1.09721997,2.99999766,,5.6,28.098889,0.20945406,53.669998,1.22200003,3.69599589,1.79769358,0.08682354,,5.15,0.406747,
2016-01-17,9.1999908,1.21766799,1.46999845,7.7,0.83064086,1.16,10.47826768,2.47777267,6.75,,3.44545288,1.66098566,1.94,5.5,,2.6,1.03638679,2.88888663,,5.44,27.923271,0.19393895,51.0,1.10000003,3.38399623,1.69416149,0.08000001,,5.02,0.415402,
2016-01-18,8.999991,1.26903364,1.53333179,8.2,0.91370495,1.22,11.48621176,2.47992006,7.25,,3.44545288,1.88289872,2.08,5.71,,2.77,1.14583098,3.06666427,,5.624,27.923271,0.20557529,54.0,1.10000003,3.59999599,1.84475362,0.08964707,,5.33,0.415402,
2016-01-19,9.3999906,1.29320571,1.57333175,8.26,0.97184981,1.29,11.78714399,2.47876377,7.2525,,3.4848468,1.9501451,2.17,5.88,,2.82,1.20833085,3.14221977,,5.68,27.747653,0.2210904,55.169998,1.10200003,3.68999589,1.98593374,0.09411766,,5.61,0.424056,
2016-01-20,9.333324,1.21464648,1.50666515,8.14,0.92478016,1.23,10.84446319,2.47992006,7.05249975,,3.39393776,1.90979727,1.99,5.64,,2.6,1.15694212,2.90221995,,5.68,27.747653,0.20557529,51.529999,1.10200003,3.47999613,1.8165176,0.09058824,,5.13,0.415402,
2016-01-21,9.3999906,1.20860346,1.53333179,7.8,0.93031777,1.23,10.71393769,2.46125418,7.2475,,3.2878772,1.91652191,1.88,5.57,,2.5,1.11110883,2.84444222,,5.28,27.572035,0.19781773,51.549999,1.10200003,3.35999626,1.78828157,0.08541177,,5.0,0.415402,
2016-01-24,9.3999906,1.23881855,1.56666509,7.71,0.91924255,1.3,11.15264753,2.50651499,6.875,,3.4848468,2.05101468,2.01,5.8,,2.58,1.20749755,3.02221986,,5.6,27.726579,0.21333284,54.16,1.00000003,3.71999586,1.96710973,0.08588236,,5.14,0.415402,
2016-01-26,9.3999906,1.25392609,1.54866511,7.86,0.98292502,1.27,11.0221224,2.50238537,7.0,,3.40908927,2.06446395,1.94,5.75,,2.55,1.19999756,2.98666433,,5.656,28.450125,0.20945406,54.080002,1.03200003,3.77999579,1.94828571,0.08588236,,5.04,0.415402,
2016-01-27,9.1333242,1.25996911,1.55999843,8.0,1.01615066,1.29,11.23241289,2.51080964,7.07499975,,3.53636193,2.10481178,2.03,5.88,,2.61,1.19444199,3.12888644,,5.608,27.572035,0.21721162,56.0,1.07200003,4.01999553,2.01416977,0.08729413,,5.11,0.415402,
2016-01-28,9.1333242,1.25996911,1.5606651,7.8,1.03830108,1.31,11.36656372,2.49429115,7.125,,3.43939228,2.17205817,2.13,5.95,,2.62,1.18249757,3.16444197,,5.672,27.572035,0.2210904,57.0,1.08200003,3.95999559,2.03299379,0.08705883,,5.15,0.415402,
2016-01-31,9.28932404,1.26903364,1.57466515,7.22,0.98846263,1.27,11.16714996,2.47793769,7.17749975,,3.34848323,2.07791323,2.07,5.98,,2.55,1.16971985,3.09333092,,5.84,27.607158,0.21333284,57.57,1.08200003,3.97799557,1.92946169,0.0884706,,4.94,0.415402,
2016-02-01,8.9339904,1.25392609,1.55999843,7.14,1.00230664,1.27,11.23966429,2.43647646,6.875,,3.53636193,2.08463787,2.06,5.9,,2.53,1.15583099,3.07110871,,5.68,27.751166,0.20945406,56.610001,1.08000003,3.86999569,1.92946169,0.08941177,,4.9,0.415402,
2016-02-02,8.40665826,1.26299062,1.56133176,7.55,1.01061305,1.29,11.3411842,2.43003424,7.1225,,3.53030133,2.11826106,2.11,6.0,,2.58,1.18138643,3.10666424,,5.8,27.575548,0.2210904,57.02,1.08000003,3.92999563,2.01416977,0.0884706,,5.04,0.415402,
2016-02-03,8.40332493,1.27809816,1.53999845,7.64,1.04106988,1.28,11.48258607,2.47777267,7.245,,3.53333163,2.14515961,2.19,6.1,,2.57,1.15555313,3.15110865,,5.8,27.575548,0.2210904,56.900002,1.00000003,3.97199558,2.06122981,0.08941177,,5.0,0.406747,
2016-02-04,8.33665833,1.27507665,1.54799838,7.5,1.03553228,1.3,11.81977527,2.47777267,7.25,,3.42424077,2.13843498,2.27,6.2,,2.62,1.18055313,3.18666418,,5.72,27.572035,0.22884796,57.049999,1.09800003,3.97199558,2.14593788,0.08941177,,5.04,0.415402,
2016-02-07,8.999991,1.27809816,1.52999853,7.6,1.04106988,1.29,12.18234508,2.47777267,7.32749975,,3.45454379,2.10481178,2.23,6.15,,2.6,1.16166428,3.15555309,,5.6,27.396417,0.21721162,57.0,1.10000003,3.95999559,2.14593788,0.08776471,,4.98,0.415402,
2016-02-08,8.333325,1.24184006,1.51333188,7.5,1.00507544,1.28,12.16421696,2.47777267,6.88999975,,3.45454379,2.05101468,2.18,6.1,,2.51,1.12499769,3.04888651,,5.616,27.396417,0.20945406,54.25,1.05000003,3.8639957,2.13652588,0.08729413,,4.94,0.406747,
2016-02-09,8.333325,1.21464648,1.50866508,7.5,0.99676903,1.25,11.78351901,2.47777267,7.25,,3.45454379,1.99721757,2.13,6.08,,2.47,1.11305327,2.93333104,,5.6,27.501788,0.21333284,54.189999,1.00000003,3.65999593,2.09887784,0.08611766,,4.75,0.406747,
2016-02-10,8.3999916,1.22673252,1.50666515,7.5,1.02722587,1.26,11.92854766,2.4463877,7.32499975,,3.45454379,2.01739149,2.16,6.2,,2.45,1.12221997,2.97777545,,5.464,27.220798,0.21721162,54.310001,1.00400003,3.78599579,2.08946583,0.08541177,,4.78,0.406747,
2016-02-11,8.3999916,1.14817329,1.4199985,7.35,1.17951002,1.18,11.24328999,2.46125418,7.0,,3.16666514,1.88289872,2.01,6.22,,2.25,1.09721997,2.8311089,,5.6,27.220798,0.20557529,52.580002,0.99000003,3.47999613,1.96710973,0.08282354,,4.4,0.398093,
2016-02-14,8.40332493,1.17838838,1.44666528,7.25,1.37055742,1.18,11.20340731,2.47727711,7.0025,,3.16666514,1.97704366,2.06,6.19,,2.26,1.08333111,2.84888666,,5.4,27.220798,0.20557529,52.790001,0.99800003,3.53999606,2.00475776,0.08305883,,4.37,0.398093,
2016-02-15,8.40332493,1.19651743,1.4533318,7.22,1.50069116,1.18,11.35568663,2.35470996,7.0025,,3.17575604,2.05773932,2.08,6.23,,2.22,1.09749769,2.86221999,,5.36,27.814388,0.20945406,52.869999,1.00000003,3.50999609,2.06122981,0.08235295,,4.39,0.398093,
2016-02-16,8.4666582,1.16328083,1.47333185,7.25,1.65574412,1.2,11.48258607,2.47777267,7.23750025,,3.13636212,2.05101468,2.11,6.2,,2.22,1.11249769,2.91555328,,5.48,27.220798,0.21721162,52.799999,1.04000003,3.55199605,2.09887784,0.08282354,,4.42,0.398093,
2016-02-17,8.4666582,1.13004424,1.49333183,7.25,1.81910349,1.19,11.61673726,2.47777267,7.125,,3.17272574,2.00394221,2.1,6.21,,2.17,1.10444212,2.91555328,,5.496,27.04518,0.21721162,53.0,1.00200003,3.56399603,2.08005383,0.08070589,,4.45,0.398093,
2016-02-18,8.4666582,1.1179582,1.49333183,7.26,1.71665778,1.2,11.68199983,2.55937397,7.11250025,,3.17272574,2.01739149,2.16,6.24,,2.2,1.10833111,2.97777545,,5.36,27.04518,0.21721162,53.200001,1.00000003,3.59999599,2.1647619,0.08470589,,4.58,0.389439,
2016-02-21,8.4666582,1.08774312,1.4939985,7.49,2.07660216,1.21,11.78714399,2.56036509,6.55249975,,3.15151363,2.0375654,2.16,6.24,,2.2,1.11110883,2.99999766,,5.424,27.04518,0.21721162,53.5,0.99800003,3.59999599,2.1647619,0.09411766,,4.6,0.389439,
2016-02-22,8.4666582,1.10285066,1.49533183,7.1,2.35625125,1.23,12.00468696,2.72554994,7.0,,3.16363484,2.06446395,2.18,6.29,,2.2,1.1166644,3.04444206,,5.36,26.869562,0.2210904,54.0,0.99800003,3.65999593,2.19299793,0.09364707,,4.65,0.389439,
2016-02-23,8.4666582,1.13004424,1.46666519,7.08,2.59159949,1.23,11.96842889,2.72588031,6.75,,3.17878635,2.07118859,2.17,6.28,,2.19,1.12666438,3.03110874,,5.424,26.693944,0.22496918,53.310001,0.96600003,3.71999586,2.18358592,0.09058824,,4.68,0.389439,
2016-02-24,8.52865814,1.13910876,1.45866513,7.09,2.59159949,1.22,11.85240692,2.80814236,6.65,,3.17878635,2.18550744,2.16,6.24,,2.18,1.11110883,3.06666427,,5.312,26.693944,0.2210904,52.27,1.00000003,4.05599549,2.14593788,0.08988236,,4.67,0.380785,
2016-02-25,8.33465833,1.14817329,1.46666519,7.0,2.59159949,1.21,11.89228959,2.89073477,6.9375,,3.13636212,2.212406,2.17,6.28,,2.2,1.11833098,3.07999759,,5.264,26.518326,0.22496918,52.130001,0.96200003,4.3139952,2.11770186,0.08941177,,4.74,0.380785,
2016-02-28,8.37665829,1.18443139,1.48066511,6.8,2.59159949,1.22,11.97205532,2.97332719,6.7525,,3.18181665,2.2662031,2.2,6.35,,2.21,1.12221997,3.1022198,,4.92,26.52535,0.22496918,52.200001,0.95400003,4.35599515,2.14593788,0.09129413,,4.8,0.389439,
2016-02-29,8.37665829,1.16025932,1.49933182,6.72,2.84909816,1.21,11.96480392,2.97332719,6.9625,,3.18181665,2.36707268,2.2,6.6,,2.25,1.11388654,3.11110868,,5.048,26.518326,0.2210904,50.32,0.97000003,4.43399507,2.10828985,0.09082354,,4.79,0.398093,
2016-03-01,8.34332499,1.14817329,1.52066507,6.61,3.13151605,1.21,11.89228959,2.97332719,6.63749975,,3.18181665,2.29310166,2.21,6.6,,2.24,1.1141644,3.12888644,,5.0,25.499741,0.2210904,48.599998,0.99800003,4.33799517,2.11770186,0.09011766,,4.84,0.406747,
2016-03-02,8.37532496,1.10285066,1.61533171,6.75,3.43331556,1.18,11.80164714,2.97316217,6.8725,,3.18181665,2.31327557,2.15,6.43,,2.17,1.11110883,3.06666427,,4.976,25.464618,0.2210904,48.200001,0.97200003,4.16999536,2.08005383,0.09058824,,4.74,0.398093,
2016-03-03,8.35332498,1.09680764,1.6199983,6.77,3.78772233,1.18,11.82340205,2.97283165,6.9375,,3.03030157,2.32000021,2.15,6.49,,2.16,1.10971997,3.07555315,,5.0,25.464618,0.21721162,48.98,0.99200003,4.07999546,2.08946583,0.09105883,,4.76,0.398093,
2016-03-06,7.999992,1.12702273,1.6866649,6.92,4.16427952,1.2,12.23673128,2.80814236,7.3775,,3.18181665,2.36034804,2.18,6.72,,2.2,1.13110881,3.10666424,,5.04,25.292513,0.2210904,50.360001,0.96000003,4.19999533,2.11770186,0.09458824,,4.92,0.406747,
2016-03-07,8.2019918,1.12400122,1.63399836,6.64,4.57960023,1.2,12.32737374,2.94029022,7.25,,3.18181665,2.32672485,2.19,6.65,,2.23,1.13888655,3.07999759,,5.096,25.289,0.23272674,49.5,0.99200003,4.30199521,2.10828985,0.09294119,,4.96,0.398093,
2016-03-08,8.1999918,1.12702273,1.69933162,6.63,4.16704833,1.2,12.49053052,2.90725325,7.13749975,,3.18181665,2.38052195,2.22,6.63,,2.2,1.17221984,3.12888644,,5.096,25.496228,0.23660552,50.0,1.00000003,4.38599512,2.14593788,0.09317648,,5.1,0.398093,
2016-03-09,8.1999918,1.13004424,1.68133157,6.5,4.3331765,1.19,12.58117297,2.89073477,7.1875,,3.22727117,2.38724659,2.21,6.53,,2.21,1.19444199,3.10666424,,5.064,25.113382,0.23660552,50.299999,1.00000003,4.33799517,2.13652588,0.09200001,,5.1,0.398093,
2016-03-10,8.00332533,1.16630234,1.71666494,6.7,3.90678086,1.22,13.05251337,2.89073477,7.5,,3.33333173,2.41414514,2.27,6.99,,2.26,1.20083087,3.23999747,,5.016,25.148505,0.2404843,52.150002,1.01600003,4.34399517,2.18358592,0.09411766,,5.13,0.406747,
2016-03-13,8.15665851,1.16932385,1.69999829,6.81,3.51637965,1.2,13.36069699,2.90857474,7.5,,3.31818022,2.40069587,2.28,7.07,,2.35,1.18888642,3.24444191,,5.008,25.113382,0.2404843,51.709999,0.98400003,4.28399523,2.13652588,0.0924706,,5.11,0.415402,
2016-03-14,8.1333252,1.22673252,1.7506649,6.85,4.29164446,1.23,13.60361949,2.90857474,7.725,,3.37878625,2.42759442,2.36,7.19,,2.38,1.20860857,3.35555293,,5.184,24.586528,0.24824185,53.0,1.01000003,4.4039951,2.21182194,0.09317648,,5.18,0.424056,
2016-03-15,8.0666586,1.2206895,1.73599832,7.0,4.01476417,1.27,14.14022282,2.9914977,7.815,,3.36363474,2.56208719,2.5,7.65,,2.47,1.28360845,3.92444138,,5.52,24.586528,0.25599941,55.02,1.03200003,4.56599492,2.30594202,0.0962353,,5.65,0.406747,
2016-03-16,8.0666586,1.24184006,1.69999829,7.07,4.21688678,1.28,14.10759153,3.0557546,8.125,,3.40908927,2.62260893,2.57,7.72,,2.58,1.31666402,4.10221902,,5.68,24.639214,0.26375697,56.16,1.08000003,4.61999486,2.34359006,0.0962353,,6.04,0.424056,
2016-03-17,7.8666588,1.26299062,1.72733159,7.2,4.2362684,1.33,14.23449024,2.97332719,8.51000025,,3.41211957,2.62260893,2.61,7.7,,2.5,1.34166388,4.33332995,,5.792,24.604091,0.26763575,57.5,1.06000003,4.34999516,2.3906501,0.09411766,,6.24,0.398093,
2016-03-20,7.7999922,1.2206895,1.6879983,7.32,3.97046332,1.35,14.46653637,3.2341539,8.25,,3.42424077,2.56208719,2.61,7.46,,2.44,1.41666376,4.43110765,,5.616,24.674337,0.26763575,57.5,1.04400003,4.80599465,2.46594617,0.09435295,,6.09,0.406747,
2016-03-21,7.83399216,1.23881855,1.69999829,7.26,3.89293684,1.38,14.50279263,2.92377174,8.5,,3.59090736,2.59571038,2.64,7.47,,2.43,1.41888603,4.47110762,,5.608,24.583015,0.26763575,57.400002,1.08000003,4.85999459,2.46594617,0.09482354,,6.21,0.415402,
2016-03-22,7.90399209,1.22975402,1.67533158,7.4,3.91785607,1.4,14.52092076,3.13851204,8.4575005,,3.60605887,2.5822611,2.6,7.3,,2.41,1.41666376,4.36444103,,5.6,24.590041,0.27927209,57.299999,1.04400003,4.79999466,2.44712215,0.09529413,,6.12,0.415402,
2016-03-23,7.7333256,1.22975402,1.67533158,7.75,4.02307058,1.42,14.49916766,3.22110447,8.5,,3.60605887,2.60915966,2.6,7.4,,2.46,1.42221933,4.35555215,,5.6,25.289,0.29090842,57.630001,1.03600003,4.66799481,2.46594617,0.09600001,,6.19,0.415402,
2016-03-24,7.66932566,1.23277553,1.73999825,7.69,4.15320431,1.5,14.53904889,3.23844888,8.32499975,,3.51514982,2.75037706,2.65,7.57,,2.56,1.44444148,4.44444097,,5.64,25.289,0.29866598,60.5,1.06200003,4.7639947,2.53183022,0.09576472,,6.33,0.406747,
2016-03-27,7.67265899,1.23881855,1.69999829,7.47,4.22796199,1.47,13.96256288,3.24687329,8.38749975,,3.60908917,2.68985531,2.67,7.7,,2.5,1.40471934,4.46666318,,5.68,25.289,0.29090842,58.200001,1.06200003,4.67999479,2.56006625,0.09764707,,6.32,0.406747,
2016-03-28,7.48199252,1.23881855,1.70666495,7.52,4.36640213,1.47,14.03145223,3.30369689,8.73499975,,3.39393776,2.68985531,2.69,7.74,,2.49,1.39610819,4.47110762,,5.688,24.621651,0.2947872,58.299999,1.08600003,4.58999489,2.58830227,0.09882354,,6.38,0.406747,
2016-03-29,7.61665905,1.25090458,1.70866488,7.55,4.47438545,1.49,13.92268165,3.23762295,8.7250005,,3.39696806,2.68985531,2.7,7.73,,2.55,1.4027749,4.44444097,,5.68,25.296024,0.29866598,58.099998,1.10000003,4.40999509,2.62595031,0.09882354,,6.35,0.406747,
2016-03-30,7.333326,1.23579704,1.71333168,7.55,4.3304077,1.51,13.70513867,3.23762295,8.625,,3.44848319,2.71675387,2.65,7.75,,2.53,1.39333047,4.39999656,,5.792,24.937764,0.2947872,57.599998,1.10000003,4.31999519,2.64477432,0.09905883,,6.25,0.406747,
2016-03-31,7.7333256,1.24184006,1.71599827,7.6,4.29164446,1.53,13.74502172,3.22110447,8.5675,,3.44848319,2.73692778,2.68,8.1,,2.54,1.41499706,4.44888541,,5.768,25.113382,0.29866598,57.82,1.08000003,4.31999519,2.69183436,0.09882354,,6.26,0.406747,
2016-04-03,7.7333256,1.23881855,1.7213316,7.47,4.34148291,1.61,13.8537923,2.98984568,8.1274995,,3.39696806,2.78400025,2.69,8.03,,2.51,1.41666376,4.39555212,,5.856,24.621651,0.30254476,57.360001,1.08000003,4.24799527,2.72007039,0.09929413,,6.24,0.406747,
2016-04-04,7.7333256,1.24184006,1.7233316,7.5,4.34978932,1.66,13.92268165,3.22093944,8.01249975,,3.54545284,2.87814519,2.69,8.07,,2.48,1.42583046,4.3822188,,5.912,24.656774,0.29866598,57.849998,1.08000003,4.20599532,2.72007039,0.09882354,,6.19,0.406747,
2016-04-05,7.5999924,1.29924872,1.7173316,7.45,4.41347178,1.62,14.14022282,2.97332719,8.2250005,,3.56666495,2.82434808,2.68,8.43,,2.4,1.49999692,4.46221873,,5.92,24.604091,0.29866598,58.099998,1.09000003,4.16399537,2.63536231,0.09929413,,6.36,0.406747,
2016-04-06,7.5333258,1.24184006,1.6533316,7.06,4.56852474,1.53,13.99519416,2.93203098,8.25,,3.39999836,2.62933357,2.46,8.13,,2.24,1.43083034,4.20444116,,5.76,25.710482,0.28702964,54.25,1.06000003,3.99599555,2.47535817,0.09341177,,6.12,0.406747,
2016-04-07,7.666659,1.26903364,1.66799832,7.06,4.68481446,1.52,14.14022282,3.00818121,8.25,,3.4848468,2.62933357,2.51,8.17,,2.27,1.44749705,4.25777445,,5.784,24.639214,0.28702964,54.330002,1.08000003,4.07999546,2.48477018,0.09411766,,6.2,0.406747,
2016-04-10,7.5999924,1.23579704,1.67666498,7.12,5.21365581,1.5,14.03145223,3.13851204,8.2524995,,3.44848319,2.65623212,2.47,8.16,,2.3,1.41055263,4.24888557,,5.8,24.586528,0.28702964,53.549999,1.10000003,4.05599549,2.49418219,0.09411766,,6.16,0.415402,
2016-04-11,7.50132583,1.22975402,1.66866505,7.2,5.53760575,1.5,14.16922913,3.13851204,8.25,,3.44848319,2.63605821,2.44,8.11,,2.3,1.36805274,4.15999675,,5.4,24.586528,0.28702964,53.57,1.19800003,4.01999553,2.41888612,0.09341177,,6.0,0.415402,
2016-04-12,7.5999924,1.22371101,1.67066492,7.29,5.74526597,1.49,14.17647907,3.13834702,8.25,,3.15454393,2.63605821,2.44,8.12,,2.29,1.37499717,4.15999675,,5.368,25.640236,0.28315087,53.900002,1.28800003,4.04999549,2.42829813,0.09200001,,6.0,0.406747,
2016-04-13,7.50065916,1.22371101,1.71199828,7.44,5.74526597,1.53,14.28162468,3.13818167,8.0,,3.41514987,2.68985531,2.5,8.26,,2.33,1.39166375,4.26666333,,5.464,26.16709,0.29090842,54.299999,1.49200004,4.11599542,2.45653416,0.09411766,,6.08,0.406747,
2016-04-14,7.6999923,1.20860346,1.73333159,7.6,5.74526597,1.54,14.2489934,3.13851204,8.1625005,,3.22727117,2.68985531,2.5,8.26,,2.33,1.38888603,4.31110774,,5.6,24.941277,0.27539331,54.299999,1.55000004,4.19399533,2.47535817,0.09317648,,6.13,0.398093,
2016-04-17,7.77599222,1.22673252,1.78333154,8.0,5.74526597,1.55,14.2489934,3.13884241,8.25,,3.30605901,2.71002923,2.55,8.29,,2.35,1.41916375,4.44444097,,5.64,26.809853,0.27927209,54.799999,1.49200004,4.26599525,2.55065424,0.09458824,,6.25,0.398093,
2016-04-18,7.666659,1.22673252,1.83399815,8.45,5.74526597,1.56,14.36139077,3.12001134,7.65,,3.24848328,2.75037706,2.66,8.520001,,2.41,1.44166376,4.4799965,,5.664,26.096844,0.28315087,54.799999,1.40400004,4.38599512,2.60712629,0.09411766,,6.35,0.398093,
2016-04-19,7.4686592,1.24184006,1.84666487,8.4,5.74526597,1.61,14.90524549,3.13851204,7.92500025,,3.45454379,2.77727561,2.72,8.8,,2.52,1.47249692,4.62221861,,5.84,26.693944,0.28702964,56.599998,1.38000004,4.49999499,2.62595031,0.09576472,,6.5,0.398093,
2016-04-20,7.5333258,1.25090458,1.81333157,8.35,5.74526597,1.55,15.10103355,3.12001134,8.25,,3.27272569,2.77727561,2.65,8.57,,2.42,1.4263859,4.47555206,,5.76,26.342708,0.27927209,56.73,1.39000004,4.32599519,2.55065424,0.0964706,,6.64,0.398093,
2016-04-21,7.5333258,1.25392609,1.83333149,8.43,5.74526597,1.54,15.4055922,3.13851204,8.255,,3.34848323,2.7571017,2.66,8.54,,2.39,1.41666376,4.41332988,,5.744,26.342708,0.28702964,57.5,1.37800004,4.24199528,2.5035942,0.09694119,,6.56,0.398093,
2016-04-24,7.7333256,1.23277553,1.8259981,8.37,5.53760575,1.52,15.41284214,3.05674554,8.0024995,,3.37878625,2.74365242,2.66,8.55,,2.39,1.41388604,4.39999656,,5.72,26.342708,0.28702964,58.0,1.37000004,4.28999523,2.48477018,0.09788236,,6.59,0.398093,
2016-04-26,7.60065906,1.26299062,1.83466482,8.6,5.74526597,1.5,15.64488828,3.00322565,8.0,,3.36363474,2.77055097,2.71,7.88,,2.38,1.41666376,4.47555206,,5.68,25.815854,0.29090842,58.209999,1.36000004,4.00199555,2.52241821,0.10235295,,6.68,0.398093,
2016-04-27,7.5999924,1.22371101,1.8199981,8.4,5.74526597,1.45,16.00745809,2.80814236,8.0375005,,3.26969539,2.68985531,2.58,7.71,,2.32,1.40971933,4.44444097,,5.64,26.374318,0.28702964,55.75,1.31000004,3.86999569,2.44712215,0.1002353,,6.67,0.389439,
2016-04-28,7.5333258,1.24184006,1.8186649,8.35,5.26349427,1.44,16.01833446,2.94029022,8.1875,,3.35757414,2.67640604,2.6,7.61,,2.3,1.40333045,4.43110765,,5.696,26.374318,0.28315087,55.75,1.30800004,3.83399573,2.44712215,0.09976472,,6.63,0.389439,
2016-05-03,7.4999925,1.17838838,1.79399819,8.11,4.49653587,1.38,15.71740079,2.89073477,8.3725005,,3.35757414,2.58898574,2.45,7.39,,2.26,1.34721945,4.25333001,,5.6,26.374318,0.26763575,52.400002,1.24000003,3.71999586,2.28711801,0.09576472,,6.13,0.389439,
2016-05-04,7.4666592,1.17838838,1.76666489,8.08,4.2390372,1.37,15.59050208,2.89073477,8.375,,3.27272569,2.56208719,2.45,7.4,,2.28,1.33333059,4.23110825,,5.68,26.374318,0.26763575,51.57,1.21000003,3.71999586,2.277706,0.0964706,,6.08,0.389439,
2016-05-05,7.33665933,1.19651743,1.7899982,8.07,4.61567163,1.4,15.71015084,2.97332719,7.76499975,,3.15151363,2.62933357,2.51,7.7,,2.31,1.35583057,4.37332992,,5.688,26.374318,0.27927209,52.650002,1.25400003,3.76199581,2.35300207,0.09670589,,6.21,0.389439,
2016-05-08,7.333326,1.20860346,1.79999819,8.05,4.61567163,1.4,15.73553073,2.97332719,9.5,,3.18181665,2.62260893,2.51,7.7,,2.31,1.36083059,4.43555209,,5.72,26.869562,0.28315087,52.400002,1.25200003,3.68999589,2.35300207,0.09670589,,6.2,0.389439,
2016-05-09,7.25865941,1.19953894,1.79733146,8.15,4.61567163,1.41,15.98932815,2.97332719,9.7475005,,3.18484695,2.65623212,2.53,7.97,,2.36,1.36110831,4.49332982,,5.68,26.729067,0.28702964,53.200001,1.23600003,3.74999583,2.41888612,0.09741177,,6.34,0.389439,
2016-05-10,7.29265937,1.17234536,1.7566649,8.1,4.50645926,1.38,15.95307189,2.89915903,9.75,,3.21211966,2.61588429,2.44,7.82,,2.36,1.30555287,4.3822188,,5.648,27.396417,0.27927209,53.0,1.20000003,3.77999579,2.33417805,0.09576472,,6.21,0.389439,
2016-05-11,7.3999926,1.16025932,1.75999823,8.25,4.06098656,1.36,15.59050208,2.98984568,9.625,,3.15757423,2.60243502,2.42,7.87,,2.38,1.30555287,4.35110771,,5.64,28.098889,0.27927209,52.650002,1.16600003,3.75599582,2.31535403,0.09552942,,6.2,0.389439,
2016-05-12,7.3999926,1.16932385,1.77666488,8.3,3.59539575,1.35,15.69927266,2.98984568,9.375,,3.15757423,2.60243502,2.43,7.87,,2.37,1.31027503,4.42221877,,5.68,28.801361,0.27539331,53.02,1.16000003,3.70799587,2.29653002,0.09411766,,6.13,0.389439,
2016-05-15,7.3999926,1.13608726,1.77799821,8.2,3.70460841,1.3,15.51798775,2.98984568,9.05000025,,3.21211966,2.50156544,2.28,7.72,,2.31,1.28360845,4.31110774,,5.6,27.055717,0.27151453,53.139999,1.14000003,3.59999599,2.22123395,0.09317648,,5.82,0.380785,
2016-05-16,7.3999926,1.14213027,1.7879982,8.24,3.34535624,1.29,15.4817315,2.98984568,9.0625,,3.12121062,2.56881183,2.3,7.7,,2.3,1.29860844,4.35555215,,5.68,27.39993,0.27151453,53.259998,1.13000003,3.59999599,2.24946998,0.09294119,,5.85,0.380785,
2016-05-17,7.3999926,1.1511948,1.79999819,8.4,3.46606497,1.27,15.80804324,2.95680871,8.9975005,,3.18181665,2.5822611,2.34,7.78,,2.33,1.31805287,4.51110759,,5.64,27.062743,0.27927209,53.5,1.14600003,3.62999596,2.277706,0.09600001,,5.95,0.389439,
2016-05-18,7.03665963,1.16025932,1.84999814,8.33,3.59252173,1.3,16.06184248,2.86975631,8.75,,3.22727117,2.57553646,2.4,7.98,,2.35,1.33333059,4.67110746,,5.6,27.431539,0.28315087,53.119999,1.14000003,3.68999589,2.37182608,0.09741177,,6.09,0.372131,
2016-05-19,7.03665963,1.1511948,1.80333145,8.26,3.41720667,1.28,15.6630164,2.80814236,8.75,,3.10302881,2.55536255,2.36,7.82,,2.3,1.3124973,4.61777417,,5.68,28.105912,0.27927209,52.32,1.11000003,3.56999603,2.31535403,0.09529413,,5.98,0.372131,
2016-05-22,7.14065952,1.1179582,1.89999809,8.3,3.59252173,1.28,15.59050208,2.97316217,8.75749975,,3.19696816,2.58898574,2.36,7.88,,2.31,1.30610843,4.65777414,,5.68,29.942878,0.28315087,52.799999,1.11000003,3.65999593,2.34359006,0.0964706,,5.91,0.372131,
2016-05-23,6.87199313,1.12097971,1.93266472,8.35,3.59252173,1.27,15.15541794,2.97332719,8.70250025,,3.19999846,2.56881183,2.34,7.87,,2.31,1.2999973,4.65777414,,5.672,29.858582,0.27927209,52.200001,1.09200003,3.63599595,2.31535403,0.09788236,,5.88,0.363476,
2016-05-24,7.1999928,1.14817329,1.93333139,8.36,3.58964771,1.28,15.20617771,2.97332719,8.72249975,,3.18181665,2.5822611,2.37,8.03,,2.3,1.30555287,4.78666293,,5.68,29.862093,0.28315087,52.799999,1.10600003,3.62399597,2.33417805,0.09835295,,5.93,0.372131,
2016-05-25,7.4666592,1.16328083,1.99999799,8.36,3.59252173,1.3,15.37296091,2.97332719,9.1625005,,3.17575604,2.58898574,2.4,8.2,,2.34,1.3183306,4.80888513,,5.52,29.855069,0.28315087,52.900002,1.12200003,3.71999586,2.35300207,0.09811766,,6.0,0.363476,
2016-05-26,7.333326,1.14817329,2.02666463,8.36,3.59252173,1.29,15.34032927,2.97332719,8.705,,3.16363484,2.55536255,2.39,8.270001,,2.33,1.31388616,4.87999619,,5.52,29.890192,0.28315087,53.060001,1.10000003,3.71999586,2.33417805,0.09788236,,6.01,0.363476,
2016-05-29,7.34399265,1.1511948,1.989998,8.2,3.44882086,1.28,15.4055922,2.87421628,9.0,,3.11515001,2.50829008,2.36,8.28,,2.33,1.30138616,4.83999622,,5.6,29.872632,0.27927209,53.0,1.08000003,3.75599582,2.32476604,0.09811766,,5.96,0.354822,
2016-05-30,7.2999927,1.13306575,2.00466465,8.2,3.46319095,1.26,15.08290361,2.80814236,8.75,,3.0939379,2.50156544,2.34,8.4,,2.32,1.28360845,4.88888507,,5.6,29.890192,0.27539331,53.0,1.06400003,3.74999583,2.31535403,0.09670589,,5.88,0.346168,
2016-05-31,7.333326,1.10285066,2.0173313,8.1,3.27925384,1.24,15.14816654,2.97332719,8.7749995,,3.10908941,2.48811617,2.34,8.42,,2.34,1.28555289,4.9244406,,5.6,29.855069,0.27151453,53.860001,1.05000003,3.78599579,2.29653002,0.09435295,,5.66,0.311551,
2016-06-01,7.2666594,1.12702273,2.02266463,8.21,3.09819074,1.24,15.44547343,2.97332719,8.71,,3.0939379,2.50829008,2.34,8.9,,2.49,1.28333072,5.02666274,,5.6,29.890192,0.27151453,54.110001,1.05000003,3.82799574,2.30594202,0.09435295,,5.8,0.32886,
2016-06-02,7.32065934,1.13004424,2.02066457,8.17,3.17578921,1.26,15.51798775,3.02288265,8.795,,3.15757423,2.50829008,2.4,9.05,,2.54,1.33333059,5.18221817,,5.6,29.890192,0.27539331,55.57,1.09000003,3.79799577,2.31535403,0.09600001,,5.86,0.337514,
2016-06-05,7.32065934,1.13306575,2.06466452,8.17,3.17578921,1.24,15.44547343,3.02288265,8.8,,3.15757423,2.54863791,2.4,9.0,,2.48,1.33444173,5.15555153,,5.6,29.855069,0.27151453,55.619999,1.16000003,3.78599579,2.33417805,0.0964706,,5.79,0.32886,
2016-06-06,7.32065934,1.13608726,2.06733125,8.13,3.17578921,1.2,15.46360337,3.02288265,8.7,,3.10605911,2.56881183,2.39,8.96,,2.48,1.33888617,5.19110705,,5.56,29.855069,0.27151453,56.240002,1.11800003,3.76799581,2.35300207,0.09600001,,5.74,0.32886,
2016-06-07,7.33399266,1.13608726,2.09666462,8.13,3.17578921,1.21,15.81167003,3.02288265,8.25,,3.16666514,2.58898574,2.42,8.95,,2.53,1.36110831,5.35999581,,5.536,29.855069,0.27151453,57.310001,1.09200003,3.74999583,2.36241407,0.09505883,,5.84,0.320205,
2016-06-08,7.33465933,1.13910876,2.13266452,8.0,3.17578921,1.22,15.77541196,3.02288265,8.08,,3.0939379,2.61588429,2.45,9.13,,2.53,1.38888603,5.26666255,,5.6,29.855069,0.27151453,57.360001,1.10600003,3.75599582,2.47535817,0.09552942,,6.02,0.320205,
2016-06-09,7.33465933,1.16025932,2.14066458,8.12,3.17578921,1.23,15.86968084,2.97332719,8.425,,3.16666514,2.60243502,2.43,9.3,,2.51,1.3877749,5.24888479,,5.56,29.855069,0.26763575,57.509998,1.07400003,3.73799584,2.48477018,0.09835295,,5.95,0.320205,
2016-06-12,7.333326,1.14817329,2.16999775,8.01,3.16141912,1.22,15.51798775,2.97332719,8.5,,3.16666514,2.5822611,2.4,9.38,,2.48,1.36333059,5.2399959,,5.56,29.855069,0.24824185,57.700001,1.06200003,3.70799587,2.48477018,0.0964706,,5.9,0.320205,
2016-06-13,7.333326,1.13608726,2.13999771,7.45,3.16429314,1.22,15.63038512,2.9155125,8.08,,3.16666514,2.55536255,2.38,9.41,,2.5,1.35444161,5.28888476,,5.576,29.855069,0.24436308,56.02,1.07000003,3.57599602,2.43771014,0.09458824,,5.81,0.320205,
2016-06-14,7.2999927,1.1179582,2.13999771,7.6,3.16429314,1.19,15.44547343,2.97332719,7.625,,3.16666514,2.50156544,2.31,9.08,,2.36,1.33333059,5.13332932,,5.72,29.855069,0.23660552,54.5,1.04200003,3.55799604,2.3906501,0.09411766,,5.8,0.320205,
2016-06-15,7.30665936,1.10587217,2.09999789,7.4,3.16429314,1.17,15.04664735,2.90725325,7.875,,3.16666514,2.40742051,2.29,9.0,,2.37,1.31527502,5.04888494,,5.624,29.855069,0.23272674,54.5,1.03000003,3.50999609,2.37182608,0.09341177,,5.7,0.32886,
2016-06-16,7.331326,1.10587217,2.0533312,7.5,3.10393877,1.17,15.07927864,2.97332719,7.75,,3.16666514,2.42086978,2.28,8.53,,2.5,1.31388616,4.98666277,,5.6,29.855069,0.22884796,54.619999,1.02200003,3.49799611,2.3906501,0.09435295,,5.72,0.337514,
2016-06-19,7.3999926,1.08774312,2.02733129,7.25,3.10968681,1.16,15.04664735,2.97332719,8.0,,3.16666514,2.38724659,2.26,8.31,,2.38,1.27138628,4.84444066,,5.752,29.855069,0.22496918,54.0,1.02400003,3.31799631,2.34359006,0.09411766,,5.4,0.346168,
2016-06-20,7.40065926,1.07565708,1.98733127,7.01,2.84527721,1.12,14.61156321,2.97316217,7.25,,3.16666514,2.31327557,2.15,7.9,,2.38,1.22221971,4.71110743,,5.68,29.855069,0.21721162,53.0,0.94200003,3.33599629,2.25888198,0.09294119,,5.26,0.346168,
2016-06-21,7.40065926,1.05752803,1.98066461,6.9,2.6124818,1.06,14.7203338,2.94029022,7.7,,3.16666514,2.34017412,2.2,8.01,,2.41,1.22944186,4.82221845,,5.6,29.855069,0.2210904,54.299999,0.96200003,3.36599626,2.26829399,0.09200001,,5.4,0.354822,
2016-06-22,7.40065926,1.05752803,1.96666469,6.67,2.44578879,1.03,14.66957438,2.96870202,7.5,,3.00605916,2.34689876,2.2,8.06,,2.38,1.22249743,4.77777404,,5.6,29.855069,0.21721162,53.549999,0.90000002,3.36599626,2.25888198,0.08988236,,5.25,0.346168,
2016-06-23,7.3999926,1.06659256,2.00666465,6.7,2.20149732,1.05,14.86536245,2.96919758,7.525,,3.16666514,2.2995773,2.23,8.18,,2.43,1.23610857,4.88888507,,5.4,30.202792,0.2210904,55.0,0.92000002,3.4139962,2.27300254,0.08894119,,5.33,0.346168,
2016-06-26,7.27999272,0.9759473,1.87399818,6.08,2.10090671,0.94,14.25261982,2.97299683,7.5,,3.03030157,2.1467353,2.11,7.7,,2.13,1.13888655,4.44444097,,5.04,30.202792,0.20169651,50.799999,0.85200002,2.92199675,2.12476324,0.08258824,,4.88,0.320205,
2016-06-27,7.32065934,1.00011937,1.93999805,6.0,2.26185168,0.97,14.36139077,2.90741828,7.01,,3.06363489,2.16757739,2.16,8.05,,2.19,1.1611087,4.62666305,,5.44,30.202792,0.20945406,51.419998,0.82800002,3.02999663,2.1544111,0.08470589,,4.83,0.346168,
2016-06-28,7.26799273,1.00616238,1.96266476,6.0,2.26185168,0.97,14.41215018,2.97316217,7.375,,3.16666514,2.18841948,2.15,8.07,,2.21,1.19388644,4.66666302,,5.44,29.855069,0.20945406,52.0,0.89400002,3.11999653,2.16429372,0.08729413,,4.87,0.337514,
2016-06-29,7.333326,1.03033445,1.95999803,6.3,2.26185168,0.97,14.32150772,2.97332719,7.46,,3.03030157,2.2231563,2.14,8.15,,2.2,1.21388642,4.69332967,,5.368,28.976979,0.20557529,52.150002,0.90000002,3.08399657,2.17417634,0.08964707,,4.8,0.346168,
2016-07-03,7.24665942,1.03637747,1.99999799,6.55,2.26185168,0.99,14.26712153,2.97316217,7.26,,3.03030157,2.36210357,2.18,8.2,,2.23,1.24194186,4.77777404,,5.6,29.855069,0.20945406,53.0,0.92200002,3.11999653,2.2038242,0.08941177,,4.86,0.354822,
2016-07-04,7.333326,1.04242049,2.03333129,6.8,2.26185168,1.01,14.44478146,2.97332719,7.305,,3.11818031,2.36210357,2.2,8.33,,2.26,1.26388629,4.89332951,,5.6,29.855069,0.21333284,53.209999,0.90000002,3.16199648,2.30265039,0.09105883,,5.03,0.354822,
2016-07-10,7.90999209,1.07263557,2.1199978,6.99,2.26185168,1.03,15.04664735,2.97332719,7.495,,3.11818031,2.42462984,2.34,8.54,,2.36,1.36110831,5.18666261,,5.6,27.224312,0.2210904,54.060001,0.92000002,3.34199628,2.43112445,0.0924706,,5.4,0.354822,
2016-07-11,7.335326,1.05148501,2.09999789,6.65,2.26185168,1.03,15.28594343,2.97332719,7.355,,2.86969559,2.33431412,2.33,8.45,,2.28,1.30555287,5.16888485,,5.28,29.855069,0.21721162,53.990002,0.89400002,3.37199625,2.40147659,0.09129413,,5.32,0.363476,
2016-07-12,7.37665929,1.03939898,2.1866644,6.66,2.26185168,1.02,15.1626697,2.97349221,7.45,,3.0909076,2.30652466,2.32,8.44,,2.28,1.30555287,5.07110715,,5.52,28.098889,0.21721162,53.57,0.87400002,3.28799634,2.35206349,0.09129413,,5.26,0.363476,
2016-07-13,7.34665932,1.05148501,2.23333109,6.62,2.26185168,1.04,15.39108904,2.98720273,7.305,,3.12121062,2.34820884,2.37,8.98,,2.34,1.36721944,5.25332923,,5.528,29.855069,0.21721162,54.599998,0.88000002,3.38999623,2.43112445,0.09129413,,5.5,0.363476,
2016-07-14,7.35065931,1.05450652,2.26333112,6.58,2.26185168,1.03,15.37296091,2.9914977,7.2,,3.12121062,2.34820884,2.38,8.96,,2.32,1.37916389,5.23110702,,5.32,29.855069,0.21721162,54.310001,0.87400002,3.35999626,2.44100707,0.09176471,,5.5,0.363476,
2016-07-17,7.3999926,1.05752803,2.26666439,6.51,2.26185168,1.03,15.31857472,2.9914977,7.35,,3.12121062,2.29262994,2.38,9.12,,2.31,1.38888603,5.26666255,,5.536,29.855069,0.21721162,53.790001,0.86800002,3.39599622,2.44100707,0.09082354,,5.52,0.380785,
2016-07-18,7.5333258,1.07263557,2.28333103,6.45,2.26185168,1.04,15.51798775,2.99810492,7.01,,3.12121062,2.35515621,2.52,9.32,,2.32,1.37499717,5.24444035,,5.32,29.855069,0.21721162,53.299999,0.86200002,3.3299963,2.49042017,0.09058824,,5.53,0.415402,
2016-07-19,7.5999924,1.08774312,2.2806643,6.35,2.10378073,1.03,15.4817315,3.0129714,7.25,,3.33333173,2.34126148,2.51,9.35,,2.29,1.37499717,5.21332926,,5.232,29.855069,0.21721162,53.0,0.85400002,3.34199628,2.48053755,0.09011766,,5.52,0.406747,
2016-07-20,7.5999924,1.08774312,2.26799772,6.17,2.2158674,0.99,15.37296091,3.01049379,7.15,,3.33333173,2.30652466,2.4,9.07,,2.23,1.3583306,5.06666271,,5.28,29.855069,0.20945406,51.57,0.88200002,3.24599639,2.41135921,0.08941177,,5.37,0.398093,
2016-07-21,7.5999924,1.09982915,2.253331,6.15,2.21299339,0.99,15.28231846,3.01049379,7.08,,3.33333173,2.30652466,2.4,9.07,,2.24,1.36110831,5.06666271,,4.8,29.855069,0.20945406,51.5,0.88400002,3.22199642,2.42124183,0.0884706,,5.35,0.389439,
2016-07-24,7.4666592,1.07867859,2.26799772,6.3,2.21299339,0.99,15.31857472,3.01065881,7.175,,3.33333173,2.32041939,2.41,8.87,,2.24,1.38888603,5.12888488,,5.36,29.855069,0.20557529,50.900002,0.89600002,3.17399647,2.44100707,0.08752942,,5.29,0.398093,
2016-07-25,7.4666592,1.08774312,2.26866432,6.32,2.2158674,0.99,15.36933413,3.01065881,7.35,,3.32727112,2.33431412,2.42,8.9,,2.26,1.39499716,5.1422182,,4.968,29.855069,0.20557529,51.16,0.92400002,3.13199652,2.45088969,0.08752942,,5.29,0.389439,
2016-07-26,7.5999924,1.08774312,2.29999768,6.52,2.2158674,0.99,15.52523951,3.01065881,7.345,,3.33333173,2.36905093,2.42,8.71,,2.23,1.41749706,5.20444038,,4.896,29.855069,0.20945406,52.700001,0.93000003,3.07799658,2.43112445,0.08705883,,5.24,0.398093,
2016-07-27,7.43665923,1.10285066,2.33266445,6.73,2.2158674,1.01,15.95307189,3.01065881,7.17,,3.33333173,2.43157721,2.52,8.95,,2.25,1.46666362,5.46221795,,4.896,27.536912,0.21721162,54.0,0.94400003,3.12599652,2.52995065,0.0884706,,5.47,0.389439,
2016-07-28,7.46999253,1.12097971,2.2866643,6.9,2.2158674,1.01,16.4171609,3.0557546,7.135,,3.33333173,2.41073512,2.49,8.9,,2.23,1.4730525,5.68444,,4.8,29.855069,0.21721162,55.0,0.93400003,2.99999666,2.53983327,0.08800001,,5.52,0.389439,
2016-07-31,7.5273258,1.10285066,2.29466422,6.85,2.2158674,1.0,17.0770376,3.08350549,7.215,,3.33333173,2.38989302,2.49,9.14,,2.21,1.4722192,5.68888444,,4.824,29.855069,0.21333284,55.209999,0.92000002,2.99999666,2.51018541,0.08635295,,5.44,0.389439,
2016-08-01,7.4666592,1.10285066,2.4139975,6.9,2.2158674,0.99,16.95013889,3.02288265,7.125,,3.33333173,2.36905093,2.47,9.07,,2.2,1.46777476,5.59999562,,4.456,29.855069,0.21333284,54.700001,0.90600002,3.04799661,2.50030279,0.08658824,,5.3,0.389439,
2016-08-02,7.47332586,1.10587217,2.36666428,6.72,2.2158674,1.0,16.97551877,3.08895659,7.125,,3.33333173,2.38989302,2.5,9.1,,2.21,1.49999692,5.73332885,,4.496,29.855069,0.21333284,55.509998,0.92000002,3.0539966,2.56948113,0.08752942,,5.34,0.389439,
2016-08-03,7.47665919,1.09378613,2.37333081,6.9,2.2158674,1.01,17.04078134,3.08978251,6.9,,3.33333173,2.43157721,2.52,9.17,,2.23,1.52749692,5.74666218,,4.52,29.855069,0.21333284,57.299999,0.92000002,3.28199635,2.60901161,0.0882353,,5.48,0.398093,
2016-08-04,7.48399251,1.14817329,2.37133095,6.82,2.2158674,1.01,17.4432342,3.1684105,6.9,,3.33333173,2.41768248,2.51,9.19,,2.27,1.52777464,5.87555096,,4.4,29.855069,0.2210904,58.220001,0.90200002,3.35399627,2.61889423,0.08800001,,5.62,0.398093,
2016-08-07,7.5666591,1.16328083,2.37266428,6.77,2.2158674,1.01,17.66440179,3.17980825,6.525,,3.33333173,2.43852457,2.51,9.12,,2.29,1.51666349,5.91555093,,4.336,29.855069,0.2210904,59.25,0.90600002,3.61799597,2.60901161,0.08729413,,5.59,0.398093,
2016-08-08,7.5666591,1.20558195,2.43666415,6.75,2.20437133,1.01,17.72966472,3.32005035,6.4,,3.33636203,2.55662975,2.58,9.2,,2.35,1.5199969,5.97332866,,4.272,30.627788,0.21721162,60.0,0.92800003,3.76799581,2.63865946,0.08894119,,5.65,0.398093,
2016-08-09,7.5333258,1.19953894,2.49133076,6.61,2.47452897,1.04,17.57375933,3.33144778,5.875,,3.35151354,2.55662975,2.58,9.3,,2.37,1.50166361,5.81777323,,4.216,29.855069,0.22884796,59.900002,0.92400002,3.80399577,2.55959851,0.09011766,,5.6,0.389439,
2016-08-10,7.5333258,1.19651743,2.50666401,6.67,2.72169446,1.06,17.58463607,3.30369689,5.355,,3.35151354,2.55662975,2.63,9.36,,2.4,1.50388577,5.80443991,,4.128,29.855069,0.23660552,60.610001,0.92800003,3.77999579,2.56948113,0.08988236,,5.68,0.398093,
2016-08-11,7.5333258,1.19651743,2.50999761,6.72,2.9918521,1.05,18.03784833,3.30369689,5.06,,3.33333173,2.53578766,2.65,9.37,,2.4,1.53471907,5.75555106,,4.112,29.152597,0.22884796,63.0,0.98000003,3.85799571,2.55959851,0.09035295,,5.84,0.398093,
2016-08-14,7.5333258,1.20860346,2.51666413,6.74,2.9918521,1.06,17.58463607,3.30369689,5.175,,3.18181665,2.54273502,2.69,9.43,,2.5,1.52777464,5.73777329,,4.112,29.855069,0.22884796,63.049999,1.00000003,3.89999566,2.55959851,0.08941177,,5.96,0.398093,
2016-08-15,7.5333258,1.21766799,2.49599742,6.8,2.9918521,1.05,18.48380921,3.30369689,5.025,,3.35151354,2.51494557,2.67,9.46,,2.46,1.51944135,5.72443997,,4.16,29.858582,0.23272674,63.25,1.02000003,4.1339954,2.56948113,0.09105883,,5.96,0.398093,
2016-08-16,7.335326,1.21162497,2.49666422,7.07,2.9918521,1.04,18.52731686,3.30402726,4.75,,3.4757559,2.46631402,2.62,9.38,,2.41,1.52221907,5.68888444,,4.0,29.858582,0.22496918,62.0,1.00400003,4.15799537,2.51018541,0.09058824,,5.9,0.398093,
2016-08-17,7.33465933,1.21464648,2.46666418,6.88,2.9918521,1.03,18.27351944,3.30700059,4.85,,3.48787711,2.44547193,2.57,9.28,,2.41,1.52721908,5.5644401,,4.016,29.949902,0.22496918,62.02,1.00000003,4.19399533,2.51018541,0.09176471,,5.9,0.398093,
2016-08-18,7.34132599,1.20860346,2.44666427,6.63,2.9918521,1.02,18.04147331,3.36977083,5.08,,3.45454379,2.43157721,2.58,9.49,,2.4,1.58277453,5.53332901,,4.072,29.960441,0.22496918,61.860001,1.02200003,4.27799524,2.49042017,0.09270589,,6.07,0.398093,
2016-08-21,7.34132599,1.20860346,2.46666418,6.6,2.9918521,1.01,18.12849079,3.36977083,5.58,,3.4848468,2.43157721,2.61,9.6,,2.42,1.57221894,5.61777339,,4.064,29.869119,0.22496918,62.110001,1.08000003,4.27199525,2.50030279,0.09411766,,6.07,0.398093,
2016-08-22,7.3999926,1.25996911,2.4533308,6.41,2.81653704,1.01,17.7767977,3.46805581,5.2,,3.51514982,2.43157721,2.54,9.76,,2.43,1.53610793,5.49777348,,4.2,27.048693,0.2210904,59.77,1.05000003,4.19999533,2.43112445,0.09294119,,5.93,0.398093,
2016-08-23,7.4353259,1.25090458,2.45666406,6.5,2.82803311,1.01,17.66802712,3.46888174,5.41,,3.36363474,2.50105084,2.5,9.76,,2.43,1.53610793,5.46666239,,4.104,27.431539,0.2210904,60.0,1.04200003,4.20599532,2.44100707,0.09129413,,5.99,0.398093,
2016-08-24,7.4353259,1.22673252,2.46599765,6.7,2.88838747,1.01,17.76954595,3.46888174,5.255,,3.51514982,2.51494557,2.45,9.85,,2.41,1.52833019,5.45777351,,4.112,29.409001,0.2210904,61.509998,1.04000003,4.28999523,2.45088969,0.09129413,,6.02,0.389439,
2016-08-25,7.47399252,1.17838838,2.5213308,6.89,2.94011978,1.0,17.65715039,3.48127059,5.105,,3.51514982,2.47326139,2.37,9.7,,2.33,1.50833021,5.46666239,,4.016,28.274507,0.21721162,61.099998,1.02400003,4.0439955,2.41135921,0.09035295,,5.82,0.389439,
2016-08-28,7.66599233,1.15421631,2.54066418,6.8,2.96885996,1.0,17.60639062,3.55130914,5.08,,3.33333173,2.44547193,2.36,9.67,,2.33,1.49221918,5.37777357,,4.0,28.801361,0.21333284,61.299999,1.01400003,3.94199561,2.40147659,0.09058824,,5.72,0.389439,
2016-08-29,7.40065926,1.13910876,2.53333078,6.72,2.81653704,0.99,17.40335116,3.55114378,5.15,,3.33333173,2.43157721,2.38,9.72,,2.3,1.50027464,5.34221805,,3.896,28.801361,0.21333284,61.720001,0.98200003,3.94799561,2.37182873,0.08705883,,5.65,0.389439,
2016-08-30,7.5666591,1.14817329,2.53333078,6.73,2.80791527,0.99,17.39609976,3.47218542,5.215,,3.35757414,2.48020875,2.4,9.73,,2.3,1.49999692,5.39999578,,3.92,28.801361,0.21333284,62.009998,0.98600003,3.98999556,2.39159397,0.08705883,,5.7,0.389439,
2016-08-31,7.48732584,1.15421631,2.52666426,6.63,2.77342678,0.99,17.49399361,3.55130914,5.215,,3.36363474,2.49410348,2.42,9.97,,2.34,1.52777464,5.5111068,,3.92,28.801361,0.21721162,63.200001,0.99600003,4.10999543,2.41135921,0.09176471,,5.67,0.389439,
2016-09-01,7.2666594,1.15723782,2.53666405,6.65,2.73031651,0.99,17.50849677,3.55147416,5.19,,3.36363474,2.48020875,2.41,9.97,,2.31,1.5116635,5.54666233,,3.88,28.450125,0.21721162,63.889999,0.99600003,4.03199551,2.42124183,0.09129413,,5.66,0.380785,
2016-09-04,7.34865932,1.16328083,2.5539975,6.65,2.76767874,0.99,17.58463607,3.78273293,5.15,,3.33636203,2.50105084,2.4,9.87,,2.35,1.50694135,5.67555112,,3.84,28.450125,0.21721162,64.169998,0.99800003,4.07399547,2.45088969,0.09058824,,5.66,0.389439,
2016-09-05,7.45332588,1.15421631,2.56666408,6.68,2.79067088,0.98,17.85656343,3.71665899,5.16,,3.36363474,2.56357711,2.4,9.92,,2.31,1.54333019,5.70221777,,3.712,28.783798,0.21333284,66.0,0.99200003,4.43999506,2.43112445,0.08752942,,5.71,0.389439,
2016-09-06,7.4999925,1.12400122,2.57133074,6.5,2.79067088,0.97,17.76592097,3.63406659,5.0,,3.43939228,2.64694547,2.31,9.81,,2.23,1.51666349,5.5644401,,3.64,28.88917,0.21333284,68.989998,0.99000003,4.37999513,2.38171135,0.08776471,,5.66,0.389439,
2016-09-07,7.33999266,1.05752803,2.52199759,6.49,2.78779686,0.97,17.72966472,3.63406659,4.63,,3.42424077,2.55662975,2.31,9.8,,2.23,1.51110806,5.43999575,,3.584,28.976979,0.21333284,68.989998,0.97400003,4.42799507,2.38171135,0.08800001,,5.64,0.389439,
2016-09-08,7.5939924,1.1179582,2.49333096,6.49,2.79067088,0.98,17.8384353,3.70014051,4.875,,3.42424077,2.59136656,2.33,9.56,,2.28,1.49999692,5.45777351,,3.64,29.047225,0.21333284,69.150002,0.97400003,4.54799494,2.42124183,0.08941177,,5.6,0.380785,
2016-09-14,7.5939924,1.12097971,2.51333087,6.38,2.79067088,0.97,17.7767977,3.51034297,5.0,,3.42424077,2.53578766,2.34,9.57,,2.25,1.48083032,5.44444019,,3.608,29.869119,0.21333284,68.0,0.97800003,4.73999473,2.40147659,0.09152942,,5.55,0.389439,
2016-09-15,7.59932573,1.09076463,2.46999745,6.18,2.78779686,0.95,17.33083683,3.46888174,4.9,,3.18484695,2.4524193,2.24,9.520001,,2.21,1.46471921,5.36888469,,3.344,29.869119,0.20945406,69.400002,0.95000003,4.62599485,2.38171135,0.0964706,,5.31,0.380785,
2016-09-18,7.5999924,1.08774312,2.50066402,6.1,2.79067088,0.93,17.29458058,3.50191871,4.825,,3.42424077,2.44547193,2.27,9.09,,2.21,1.43055262,5.41777354,,3.248,28.27802,0.20557529,69.599998,0.92600002,4.55999493,2.32241563,0.09717648,,5.14,0.380785,
2016-09-19,7.5999924,1.08774312,2.51066414,6.09,2.79929293,0.94,17.37797127,3.51843719,4.655,,3.42424077,2.47326139,2.3,9.19,,2.22,1.40416375,5.43110687,,3.392,28.32368,0.20557529,70.0,0.91000002,4.6739948,2.36194611,0.09905883,,5.19,0.380785,
2016-09-20,7.65799234,1.10587217,2.50599748,6.1,2.79929293,0.94,17.58463607,3.45236325,4.805,,3.42424077,2.47326139,2.3,9.3,,2.22,1.43333033,5.49777348,,3.304,28.29558,0.21333284,71.190002,0.89000002,4.61999486,2.37182873,0.09905883,,5.35,0.372131,
2016-09-21,7.48332585,1.08774312,2.46666418,5.6,2.79641891,0.9,17.34171501,3.45318918,4.705,,3.21514996,2.33431412,2.25,9.07,,2.18,1.39221933,5.38221802,,3.184,28.274507,0.20557529,69.0,0.85200002,4.45799504,2.33229825,0.09905883,,5.26,0.372131,
2016-09-22,7.61799238,1.08774312,2.4546642,5.58,2.79929293,0.89,17.28007742,3.52620088,4.74,,3.23333177,2.38294566,2.26,9.1,,2.18,1.40833047,5.42221798,,3.2,27.754676,0.20557529,69.300003,0.87000002,4.47599502,2.32241563,0.1002353,,5.29,0.372131,
2016-09-25,7.61799238,1.08774312,2.47666431,5.52,2.79929293,0.89,17.38522303,3.2871784,4.755,,3.23333177,2.41768248,2.26,9.14,,2.21,1.39166375,5.39999578,,3.2,25.763168,0.20557529,69.519997,0.86600002,4.52999496,2.31253301,0.10164707,,5.35,0.372131,
2016-09-26,6.93399306,1.09378613,2.54066418,5.41,2.79929293,0.88,17.43235747,3.35407827,4.9,,3.33333173,2.43852457,2.26,9.13,,2.22,1.39860818,5.46221795,,3.272,27.761702,0.20557529,69.5,0.87000002,4.5839949,2.33229825,0.10164707,,5.38,0.372131,
2016-09-27,7.333326,1.0817001,2.56133062,5.27,2.79929293,0.87,17.64989863,3.2480296,4.835,,3.33333173,2.38989302,2.24,9.08,,2.22,1.40221934,5.46666239,,3.288,29.163134,0.20557529,70.410004,0.88000002,4.55999493,2.32241563,0.10235295,,5.39,0.372131,
2016-09-28,7.2666594,1.06659256,2.6199973,5.08,2.79929293,0.86,17.47949046,3.30369689,4.855,,3.33333173,2.42462984,2.21,8.84,,2.18,1.38888603,5.4888846,,3.256,29.163134,0.20557529,69.610001,0.88600002,4.55999493,2.33229825,0.10117648,,5.33,0.372131,
2016-09-29,7.1999928,1.05752803,2.62866402,5.01,2.79929293,0.82,17.3127087,3.30369689,4.755,,3.33333173,2.41073512,2.22,8.8,,2.17,1.40527489,5.4888846,,3.272,26.346221,0.20557529,70.150002,0.87800002,4.54799494,2.31253301,0.10282354,,5.34,0.363476,
2016-10-03,7.333326,1.06659256,2.65466399,5.04,2.79929293,0.84,17.40697613,3.42494256,4.785,,3.38484685,2.44547193,2.24,8.9,,2.18,1.41333046,5.54221789,,3.296,27.800339,0.20945406,70.769997,0.87200002,4.63799484,2.33229825,0.09764707,,5.4,0.372131,
2016-10-04,7.40065926,1.08774312,2.66666398,4.94,2.79929293,0.82,17.95083085,3.42494256,4.75,,3.30605901,2.41768248,2.29,8.95,,2.22,1.44444148,5.79110658,,3.472,27.396417,0.21333284,70.25,0.85600002,4.91399453,2.36194611,0.09670589,,5.59,0.372131,
2016-10-05,7.60065906,1.09076463,2.68333063,5.14,2.79929293,0.83,18.16837383,3.47119432,4.79,,3.31514992,2.41073512,2.31,8.83,,2.22,1.43444147,5.9555509,,3.544,27.487739,0.21333284,71.07,0.85600002,5.09399433,2.37182873,0.09905883,,5.61,0.372131,
2016-10-09,7.77399222,1.07263557,2.72999732,5.06,2.79929293,0.77,18.82825053,3.50191871,4.775,,3.33333173,2.36905093,2.29,8.69,,2.19,1.43610819,6.10221745,,3.544,28.098889,0.21333284,71.510002,0.85400002,5.35799404,2.38171135,0.09952942,,5.59,0.372131,
2016-10-10,7.666659,1.04242049,2.75733062,4.73,2.79929293,0.72,18.92614475,3.50191871,4.75,,3.42424077,2.31347203,2.13,8.56,,2.1,1.36805274,5.9555509,,3.52,28.134012,0.20557529,70.0,0.80400002,5.27999413,2.36194611,0.09882354,,5.4,0.354822,
2016-10-11,7.3999926,1.03637747,2.74666397,4.65,2.79929293,0.68,18.72673171,3.50191871,4.75,,3.33333173,2.28568257,2.14,8.5,,2.03,1.37499717,5.91110649,,3.296,28.116452,0.20169651,70.5,0.80200002,5.20199421,2.35206349,0.10258825,,5.29,0.354822,
2016-10-12,7.4666592,1.03335596,2.73999711,4.73,2.79929293,0.7,18.43667441,3.50191871,4.84,,3.37878625,2.29262994,2.17,8.45,,1.99,1.36110831,5.93777314,,3.36,28.116452,0.20557529,72.0,0.78000002,5.3039941,2.35206349,0.09811766,,5.3,0.346168,
2016-10-13,7.3939926,1.045442,2.73266405,4.83,2.79929293,0.73,18.59257979,3.50191871,4.74,,3.49393771,2.32041939,2.19,8.51,,2.02,1.37666387,6.02666196,,3.36,28.119962,0.20557529,72.760002,0.79800002,5.36999403,2.37182873,0.09929413,,5.37,0.346168,
2016-10-16,7.3999926,1.01522691,2.75533069,4.55,2.79929293,0.7,18.70860177,3.50191871,4.625,,3.4848468,2.27178785,2.17,8.75,,1.9,1.43194147,6.15999519,,3.36,28.190211,0.20945406,76.410004,0.78600002,5.33999406,2.35206349,0.09952942,,5.51,0.337514,
2016-10-17,7.33399266,0.99407635,2.40066412,4.29,3.07807262,0.66,18.44755259,3.48540022,4.25,,3.39696806,2.20231421,2.1,8.18,,1.79,1.43471933,5.99999531,,3.24,28.190211,0.21333284,76.019997,0.75400002,5.15999426,2.22358944,0.09694119,,5.24,0.337514,
2016-10-18,6.86732646,0.96688277,2.33533092,4.25,3.07807262,0.65,18.65421738,3.49778908,4.065,,3.34848323,2.1467353,2.05,8.04,,1.8,1.44027476,6.04443972,,3.232,28.204261,0.21333284,76.010002,0.73400002,5.01599442,2.2532373,0.09905883,,5.19,0.337514,
2016-10-19,6.66666,0.94875372,2.36733082,4.4,3.38559248,0.64,18.60345761,3.46888174,3.9,,3.0969682,2.02863013,1.96,8.0,,1.81,1.42360819,6.13332854,,3.2,26.360271,0.20945406,79.550003,0.72800002,4.95599449,2.17417634,0.09858825,,5.12,0.337514,
2016-10-20,6.68865998,0.96386126,2.4219977,4.53,3.72185251,0.65,18.78111609,3.46871672,4.005,,3.18181665,2.09810376,1.99,8.11,,1.84,1.44166376,6.25332845,,3.224,27.048693,0.20945406,80.370003,0.73800002,5.06399437,2.23347206,0.09929413,,5.22,0.337514,
2016-10-23,6.7999932,0.95177523,2.52399753,4.54,3.72185251,0.64,18.74485984,3.47202025,4.0100005,,3.39393776,2.09810376,1.97,8.22,,1.83,1.51944135,6.47110605,,3.168,27.04518,0.20557529,84.0,0.73600002,5.13599429,2.22358944,0.09952942,,5.25,0.337514,
2016-10-24,6.7333266,0.95781824,2.49399749,4.53,3.7189785,0.63,18.67234551,3.47202025,3.75,,3.40302866,2.11894585,1.93,8.16,,1.84,1.57527451,6.42666164,,2.88,27.083817,0.20557529,83.0,0.72200002,4.98599445,2.2038242,0.09976472,,5.3,0.337514,
2016-10-25,6.7333266,0.96688277,2.49399749,4.72,3.7189785,0.64,18.63608926,3.48556524,3.975,,3.39393776,2.16063003,1.93,8.24,,1.84,1.56944122,6.59110596,,3.0,27.04518,0.20557529,84.120003,0.73600002,4.91999453,2.21370682,0.09717648,,5.33,0.337514,
2016-10-26,6.6339935,0.96386126,2.50066402,4.82,3.72185251,0.65,18.56357493,3.30369689,4.125,,3.40302866,2.24399839,1.95,8.4,,1.86,1.56944122,6.73777251,,2.96,27.04518,0.20557529,84.010002,0.74200002,4.91999453,2.19394158,0.0964706,,5.48,0.354822,
2016-10-27,6.67065999,0.96990428,2.53266425,4.99,3.72185251,0.69,18.56357493,3.30369689,4.205,,3.42424077,2.24399839,1.99,8.48,,1.91,1.58333008,6.71555031,,2.984,27.04518,0.20945406,85.0,0.75600002,5.02199441,2.22358944,0.0964706,,5.55,0.354822,
2016-10-30,6.92865974,0.98199031,2.59999738,5.2,3.72185251,0.7,18.78111609,3.35672139,4.49,,3.63333158,2.25789312,2.09,8.55,,1.96,1.60083007,6.78666136,,3.04,27.431539,0.21333284,85.150002,0.76800002,5.02199441,2.24335468,0.09670589,,5.57,0.354822,
2016-10-31,6.92865974,0.98199031,2.60266411,5.25,3.72185251,0.69,18.55994851,3.35325234,4.5,,3.55454374,2.25789312,2.1,8.61,,1.94,1.6111078,6.84443909,,3.016,27.40344,0.21333284,86.330002,0.76000002,5.06999436,2.24335468,0.09576472,,5.56,0.354822,
2016-11-01,6.80065986,0.99709786,2.62399743,5.26,3.71610448,0.71,18.69410006,3.43584477,4.63,,3.33333173,2.24399839,2.15,8.45,,1.96,1.60083007,6.964439,,3.136,27.705503,0.21333284,89.699997,0.77000002,5.35799404,2.26311992,0.09411766,,5.67,0.354822,
2016-11-02,6.7333266,1.00011937,2.53666405,5.24,3.44882086,0.74,18.67959691,3.30320133,5.005,,3.34545293,2.24399839,2.13,8.35,,1.96,1.58333008,6.8888835,,3.24,27.413979,0.21721162,89.099998,0.78000002,5.35199405,2.29276777,0.09458824,,5.81,0.354822,
2016-11-03,6.85265981,1.01522691,2.46666418,5.33,3.59252173,0.72,18.91889299,3.30402726,5.16,,3.34242263,2.19536685,2.16,8.5,,2.01,1.57138566,6.9422168,,3.256,27.519348,0.21721162,86.400002,0.77200002,5.35799404,2.27300254,0.09600001,,5.93,0.346168,
2016-11-06,6.87132646,1.06054954,2.46799752,5.63,3.73047456,0.72,19.99935104,3.38628931,5.515,,3.34242263,2.20926158,2.2,8.94,,2.17,1.58333008,7.03555006,,3.4,27.572035,0.22496918,87.0,0.78800002,5.33999406,2.32241563,0.09835295,,6.11,0.363476,
2016-11-07,6.94265972,1.10889368,2.53399732,6.01,3.94889989,0.76,21.4496303,3.49613707,5.75,,3.33333173,2.2995773,2.34,9.32,,2.36,1.61416338,7.37777201,,3.68,28.098889,0.23660552,86.220001,0.80200002,5.69399366,2.46077231,0.0962353,,6.58,0.363476,
2016-11-08,6.3999936,1.14515178,2.53999731,6.3,3.94889989,0.77,23.13195388,3.5988822,6.045,,3.36969534,2.29262994,2.39,9.45,,2.64,1.65277438,7.35554936,,3.936,28.137525,0.24824185,83.5,0.80000002,5.68199368,2.50030279,0.09482354,,6.67,0.363476,
2016-11-09,6.66066027,1.20256045,2.56466415,6.22,3.72185251,0.77,23.0231833,3.94676131,6.01,,3.43030138,2.24399839,2.35,9.36,,2.59,1.62555222,7.3333276,,4.16,28.141038,0.24436308,85.459999,0.78400002,5.60999376,2.45088969,0.09458824,,6.6,0.363476,
2016-11-10,6.74465992,1.24788308,2.7159974,6.82,3.78795491,0.82,23.56703803,4.31132444,6.5,,3.53333163,2.35515621,2.52,9.82,,2.66,1.68582984,7.79999346,,4.288,28.186698,0.25987819,90.129997,0.83400002,5.79599355,2.64854208,0.09788236,,7.0,0.389439,
2016-11-13,7.32465934,1.33550683,2.98533026,7.29,3.90004159,0.85,24.37194338,4.70776806,6.63,,3.63939218,2.43157721,2.64,9.8,,2.65,1.74166312,7.83554899,,4.616,28.797848,0.27927209,91.0,0.89600002,5.75999359,2.79678138,0.10070589,,7.47,0.406747,
2016-11-14,7.69732563,1.34457135,3.43332988,7.66,3.94027783,0.87,23.97674083,4.62517564,6.675,,3.56060434,2.55662975,2.68,9.25,,2.63,1.74444083,7.79999346,,4.64,28.274507,0.28315087,90.25,0.96400003,5.71799364,2.79678138,0.10705883,,7.61,0.406747,
2016-11-15,7.333326,1.48658226,3.42066329,7.9,3.80807303,0.87,23.83533896,4.54258321,6.635,,3.60302857,2.54273502,2.7,9.3,,2.64,1.75277412,7.99110487,,4.96,28.745162,0.2947872,90.970001,1.08200003,5.71199424,2.806664,0.10635295,,7.7,0.406747,
2016-11-16,7.3606593,1.53794791,3.50466314,7.9,3.87704945,0.9,24.00574714,4.54258321,6.715,,3.64545279,2.61915602,2.8,9.43,,2.68,1.78832958,8.30221573,,4.928,28.804874,0.30254476,91.139999,1.06000003,5.86199408,2.92525544,0.11035295,,7.87,0.424056,
2016-11-17,7.63732569,1.48356075,3.46666318,7.15,3.81382107,0.94,24.48796572,4.54274858,6.65,,3.71514972,2.5844192,2.9,9.770001,,2.64,1.76388526,8.62221548,,4.576,28.551984,0.31805988,92.059998,1.04000003,5.81999352,2.91537282,0.11200001,,8.12,0.441364,
2016-11-20,7.41999258,1.48960377,3.46666318,6.82,3.7534667,0.92,24.65474747,4.62517564,6.58,,3.79393756,2.5844192,2.96,9.78,,2.69,1.77221855,8.75554916,,4.4,28.559007,0.32193866,92.0,1.02600003,5.90999342,2.99443377,0.11176472,,8.26,0.484635,
2016-11-21,7.1999928,1.52586187,3.46666318,7.38,3.83393919,0.97,25.11883647,4.62517564,6.725,,3.93636174,2.65389284,3.05,9.95,,2.76,1.85527399,9.02665917,,4.4,28.63628,0.34133255,92.510002,1.16000003,6.18599312,3.07349473,0.11294119,,8.58,0.493289,
2016-11-22,7.13999286,1.4654317,3.4733297,7.55,3.83393919,0.97,24.72726035,4.64202434,6.935,,4.00302837,2.72336647,3.05,9.93,,2.68,1.91666273,9.11110399,,4.568,28.63628,0.34133255,95.860001,1.16000003,6.26999302,3.15255569,0.11529413,,8.73,0.493289,
2016-11-23,7.1333262,1.4654317,3.53266324,7.7,3.83393919,0.96,24.83603238,4.70776806,6.665,,4.15454345,2.76505065,3.09,9.93,,2.68,2.05082917,9.1555484,,4.56,28.804874,0.34133255,99.599998,1.18200003,6.54599272,3.14267307,0.1164706,,8.770001,0.510598,
2016-11-24,6.86732646,1.48053924,3.54466297,7.66,3.83393919,0.94,24.28130093,4.75715817,6.95,,4.2484828,2.87620847,2.98,9.66,,2.6,2.19721765,8.88888194,,4.344,28.731115,0.32193866,98.0,1.15200003,6.47999279,3.07349473,0.11670589,,8.42,0.501944,
2016-11-27,6.8999931,1.4654317,3.53332978,7.66,3.72185251,0.94,24.00212072,4.64169412,6.55,,4.07575561,2.84841901,2.92,9.49,,2.58,2.22221766,8.66665989,,4.4,29.117474,0.31805988,97.0,1.17000003,6.49799277,3.03396425,0.11058825,,8.48,0.493289,
2016-11-28,6.7333266,1.4654317,3.55666295,7.78,3.56378156,0.94,24.1253959,4.65837795,6.765,,3.97575566,2.93873474,2.88,9.58,,2.62,2.24999538,8.67110433,,4.488,28.801361,0.32581743,98.660004,1.18000003,6.94199228,2.96478592,0.11341178,,8.520001,0.493289,
2016-11-29,6.83265983,1.45032416,3.59999638,7.98,3.56378156,0.93,23.89335158,4.66234224,6.76,,3.96060415,3.03599783,2.86,9.55,,2.59,2.30638412,8.66665989,,4.568,28.804874,0.32193866,98.0,1.15000003,7.38599178,2.97466854,0.11694119,,8.26,0.501944,
2016-11-30,6.85799314,1.49564679,3.68732969,7.8,3.57815164,0.94,24.06738328,4.75715817,6.955,,4.06666471,3.21662927,2.92,9.67,,2.66,2.33666213,8.78221536,,4.64,28.804874,0.32969621,100.35,1.18000003,8.09999099,3.04384687,0.11835295,,8.5,0.501944,
2016-12-01,6.80065986,1.49262528,3.97266267,7.95,3.61263985,0.97,24.94480441,4.65821261,6.84,,4.19090707,3.26526082,2.99,9.78,,2.78,2.25555096,8.88888194,,4.52,28.836484,0.35296889,101.01,1.21000003,8.21999085,3.08337735,0.12305884,,8.51,0.501944,
2016-12-04,6.7999932,1.49262528,4.3686622,8.22,3.59539575,1.0,25.02819402,4.69537921,6.98,,4.18181617,3.306945,3.02,9.97,,2.82,2.23110667,8.93332635,,4.608,28.801361,0.34521133,102.0,1.20000003,8.57999045,3.10314259,0.12117648,,8.53,0.501944,
2016-12-05,6.8606598,1.49564679,4.1399957,8.35,3.43445077,0.96,24.47346256,4.62517564,7.055,,4.12121013,3.33473445,2.98,9.87,,2.99,2.24555098,8.84443753,,4.72,28.818924,0.31805988,100.07,1.15200003,8.25599081,2.99443377,0.11858825,,8.26,0.501944,
2016-12-06,6.7999932,1.56514148,4.07999596,8.42,3.25338768,0.96,24.74538993,4.65011871,7.105,,4.09090712,3.48757645,2.94,9.91,,3.01,2.28110668,8.88888194,,4.744,28.850534,0.31805988,100.21,1.15000003,8.39999065,3.00431639,0.11835295,,8.34,0.501944,
2016-12-07,6.7999932,1.48053924,3.81666282,7.8,3.03783638,0.94,24.57135533,4.49302776,7.6,,3.98484656,3.52231327,2.86,9.94,,2.89,2.36888418,8.55554887,,5.008,28.801361,0.29866598,99.0,1.08600003,8.29199077,2.97466854,0.11694119,,8.31,0.493289,
2016-12-08,6.68332665,1.48053924,3.86666277,7.83,3.04645843,0.94,24.50971882,4.21221354,7.625,,4.00302837,3.54315536,2.89,10.06,,2.92,2.42221729,8.66665989,,5.088,28.801361,0.29090842,97.0,1.13200003,8.42999062,2.98455115,0.12188237,,8.34,0.493289,
2016-12-12,6.73999326,1.49564679,3.98132939,7.68,3.09244271,0.93,24.29217766,4.59841569,7.5,,4.01514958,3.459787,2.91,10.44,,2.94,2.56999478,8.59999328,,5.128,27.40344,0.2947872,99.849998,1.10000003,8.47199057,3.01419901,0.12235295,,8.43,0.493289,
2016-12-13,6.83665983,1.51377584,3.99999597,7.42,3.28787589,0.91,24.29217766,4.59841569,7.1,,3.99999807,3.50841854,2.96,10.8,,2.92,2.61666135,8.66665989,,5.352,27.463152,0.2947872,101.0,1.12200003,8.43599061,3.06361211,0.12258825,,8.66,0.493289,
2016-12-14,6.84665982,1.51075433,3.93399591,7.2,3.57815164,0.89,24.32843391,4.59841569,7.3,,3.96969506,3.383366,2.93,10.84,,2.95,2.53332818,8.59999328,,5.136,28.134012,0.28315087,100.5,1.12200003,8.54399049,3.03396425,0.12470589,,8.45,0.493289,
2016-12-15,6.8666598,1.52284036,3.93466271,7.3,3.51204924,0.89,24.10726633,4.37739838,7.275,,3.6666649,3.31389236,2.95,10.96,,2.95,2.53332818,8.69332609,,5.144,28.186698,0.28315087,100.0,1.14400003,8.98799,3.05372949,0.12470589,,8.55,0.493289,
2016-12-18,6.87532646,1.52284036,3.99399598,7.44,3.34823025,0.87,24.24866819,4.57562018,6.85,,3.8666648,3.33473445,2.9,11.12,,3.0,2.58221708,8.74221539,,4.984,28.973466,0.2947872,100.0,1.10200003,9.49198944,3.02408163,0.12470589,,8.62,0.501944,
2016-12-19,7.06599293,1.52284036,4.0066625,7.6,3.29649794,0.86,24.2015352,4.60865715,7.125,,3.88181631,3.34862918,2.92,11.5,,3.03,2.60110594,8.83110465,,4.992,28.450125,0.29866598,99.0,1.15000003,9.55798937,3.02408163,0.12376472,,8.62,0.501944,
2016-12-20,6.999993,1.54399092,4.1013292,7.84,3.33386017,0.86,25.01731729,4.60865715,7.2,,3.99090717,3.35557654,3.01,12.13,,3.2,2.72443902,9.51110368,,4.952,28.804874,0.3141811,97.160004,1.16000003,9.59998932,3.11302521,0.12917648,,8.89,0.510598,
2016-12-21,6.9333264,1.65276524,4.19599571,7.8,3.36547436,0.89,25.6626912,4.62352363,7.15,,4.03030109,3.34862918,3.09,12.88,,3.23,2.75554996,9.78221458,,4.928,28.804874,0.32969621,101.0,1.16600003,9.60598931,3.18220355,0.12564707,,9.08,0.510598,
2016-12-22,6.86732646,1.75247502,4.2359958,7.32,3.30511999,0.89,25.83309937,4.62517564,7.15,,4.03333139,3.18189246,3.03,12.3,,3.18,2.69999452,10.38221455,,4.88,28.804874,0.32969621,103.23,1.17200003,9.05998992,3.15255569,0.12917648,,9.32,0.501944,
2016-12-25,6.87065979,1.70715239,4.49666194,6.84,3.29937196,0.87,25.75333365,4.62517564,6.75,,3.92424053,3.12631355,2.97,11.76,,3.2,2.67999478,10.22221423,,4.8,28.854047,0.32581743,104.0,1.16200003,8.95199004,3.09325997,0.12070589,,9.44,0.501944,
2016-12-26,6.87065979,1.69506636,4.9626618,6.7,3.30511999,0.88,25.52491576,4.62517564,6.945,,3.95454355,3.11936619,2.94,11.77,,3.24,2.67888367,10.39999187,,4.8,28.938343,0.32581743,102.7,1.16800003,8.86199014,3.07349473,0.12352942,,9.37,0.501944,
2016-12-27,7.00065966,1.86124933,5.03332827,6.83,3.34248222,0.89,25.45239998,4.62517564,7.1,,4.06666471,3.13326091,2.91,11.55,,3.26,2.69110565,10.39999187,,4.92,28.938343,0.32581743,103.0,1.22800003,8.93999005,3.06361211,0.12423531,,9.14,0.501944,
2016-12-28,6.9333264,2.00930326,4.86666177,6.71,3.2907499,0.94,25.52128897,4.54258321,7.2,,4.0484829,2.96652419,2.9,11.6,,3.26,2.73888344,10.47554737,,4.936,28.994542,0.32581743,103.28,1.27400003,9.29998965,3.05372949,0.12470589,,9.12,0.510598,
2016-12-29,6.90065976,2.04858287,4.90066187,6.72,3.13267895,0.99,25.97812803,4.5587715,7.24,,4.11514953,2.81368219,2.84,11.5,,3.17,2.69999452,10.84443597,,4.92,29.015615,0.31805988,105.0,1.23000003,9.11998985,2.97466854,0.12400001,,9.04,0.493289,
2017-01-02,6.73665993,2.09994852,4.86666177,6.73,3.10393877,1.02,25.86935563,4.57578555,7.03,,4.16060405,2.76505065,2.84,11.72,,3.15,2.68110567,11.33332448,,4.816,28.836484,0.3141811,106.3,1.22200003,9.29398966,3.04384687,0.12023531,,8.9,0.501944,
2017-01-03,6.7666599,2.23893792,4.93332837,6.78,3.08956869,1.08,26.01801071,4.57644596,7.055,,4.09090712,2.77199801,2.86,11.88,,3.15,2.66666136,11.28888007,,4.88,28.836484,0.31805988,109.34,1.20000003,9.62998869,3.08337735,0.12211766,,8.97,0.501944,
2017-01-04,6.7666599,2.31145412,4.91999525,7.11,3.10681279,1.05,26.35882452,4.62501029,7.075,,4.16060405,2.81368219,2.91,12.28,,3.18,2.72443902,11.45776927,,4.904,28.836484,0.31805988,112.0,1.19000003,9.63598868,3.15255569,0.12494119,,9.1,0.510598,
2017-01-05,6.77199323,2.25706697,4.92666184,7.1,3.13842698,1.08,26.41321035,4.62501029,7.15,,4.16060405,2.98041892,2.96,12.73,,3.26,2.86666085,11.71110196,,4.792,28.801361,0.31805988,112.94,1.18200003,9.65398926,3.29091237,0.12470589,,9.19,0.527906,
2017-01-08,6.7666599,2.19059378,4.901995,7.01,3.1240569,1.09,26.70689408,4.62517564,7.05,,4.21211918,3.03599783,2.93,13.09,,3.3,2.89332769,12.29332372,,4.72,28.871607,0.32969621,110.0,1.19600003,9.38398956,3.38973856,0.12705884,,9.21,0.53656,
2017-01-09,6.79265987,2.20267981,4.90666159,6.92,3.10968681,1.14,26.46397013,4.29480596,7.05,,4.15151315,3.00126101,2.89,13.4,,3.38,2.91110543,12.07110168,,4.632,28.871607,0.32581743,108.0,1.21400003,9.4379895,3.35020808,0.12729413,,9.14,0.53656,
2017-01-10,6.76732656,2.29030356,4.89999507,7.05,3.12118288,1.12,26.75765349,4.62170693,7.05,,4.12121013,2.98041892,2.89,13.44,,3.37,3.01666066,12.13332341,,4.512,28.976979,0.32193866,108.5,1.21400003,9.69598921,3.37985594,0.12705884,,9.15,0.53656,
2017-01-11,6.76732656,2.34469072,4.9353283,7.58,3.02059227,1.11,27.52267617,4.81943319,7.225,,4.03030109,2.91789265,2.89,13.16,,3.32,3.10554949,11.99999062,,4.56,28.854047,0.31805988,109.45,1.20000003,9.65998925,3.35020808,0.12705884,,9.16,0.53656,
2017-01-12,6.7666599,2.44742201,5.14999482,8.24,3.02921432,1.15,27.41390413,4.9429916,7.25,,4.01514958,2.96652419,2.91,13.3,,3.33,3.15999382,12.22221267,,4.616,28.836484,0.32193866,111.0,1.20000003,9.79198911,3.39962118,0.13082354,,9.34,0.545215,
2017-01-15,6.7666599,2.58641141,5.23332807,9.01,3.02059227,1.19,27.42115408,5.0051011,7.25,,4.02424048,3.03599783,3.01,13.29,,3.35,3.19443809,12.24887887,,4.744,28.871607,0.32581743,111.4,1.22400003,10.10998875,3.4095038,0.1364706,,9.53,0.553869,
2017-01-16,6.7666599,2.61964801,5.06666157,9.33,2.97173398,1.21,27.19273618,4.95554564,7.25,,4.03333139,3.14715564,2.96,12.96,,3.32,3.12443834,12.19110158,,4.8,28.976979,0.32581743,110.5,1.23600003,10.19398866,3.32056023,0.1447059,,9.39,0.553869,
2017-01-17,6.7999932,2.74957288,5.16732827,9.0,2.9918521,1.23,28.07015441,5.11280129,7.06,,4.03333139,3.154103,2.98,13.12,,3.33,3.183327,12.35554545,,4.872,28.994542,0.32193866,110.51,1.28800003,10.31998912,3.34032546,0.14705884,,9.48,0.579831,
2017-01-18,6.5999934,2.55619632,5.00066177,8.63,3.04933244,1.19,27.91787581,5.1620267,7.24,,4.15757375,2.89705056,2.92,12.22,,3.11,3.11443836,11.63110202,,4.464,28.818924,0.30254476,111.1,1.28200003,9.71998979,3.20196879,0.14705884,,9.5,0.571177,
2017-01-19,6.5333268,2.42022844,4.86732857,8.26,2.92862371,1.14,27.23261923,5.25287837,7.245,,4.03030109,2.78589274,2.86,11.71,,2.94,2.99999403,11.37776889,,4.232,28.801361,0.28315087,105.15,1.26800003,9.29998965,3.01419901,0.13905884,,9.35,0.527906,
2017-01-22,6.4666602,2.36281977,4.93332837,8.5,2.96023791,1.08,26.83741668,5.28591536,7.25,,3.91211933,2.77894538,2.81,11.85,,2.97,3.06999378,11.28888007,,4.424,28.098889,0.27927209,109.48,1.20000003,9.59998932,2.96478592,0.13952943,,9.31,0.53656,
2017-01-23,6.5999934,2.48065861,5.28599475,9.05,3.00334817,1.13,27.33776483,5.41773319,7.25,,4.07878591,2.83452429,2.69,12.05,,2.99,3.17666035,11.51554656,,4.768,28.745162,0.28315087,111.5,1.26000003,9.67798863,3.00431639,0.14917649,,9.15,0.553869,
2017-01-24,6.5333268,2.41720693,5.47066103,9.4,3.04358441,1.12,27.73659091,5.51750418,7.25,,4.09090712,2.82062956,2.65,12.16,,2.96,3.14777152,11.51110211,,4.816,28.801361,0.27927209,112.0,1.24000003,9.62398989,3.01419901,0.15411766,,9.0,0.553869,
2017-01-26,6.60865986,2.52295973,5.55999454,9.68,3.0579545,1.15,27.91787581,5.52212936,7.25,,4.09090712,2.92484001,2.68,12.57,,3.02,3.27332671,11.66665755,,4.936,28.896194,0.28315087,112.09,1.26800003,10.03198824,3.07349473,0.15529413,,9.16,0.562523,
2017-01-29,6.40199353,2.46252956,5.57399446,9.25,3.06945057,1.22,27.93600539,6.02726497,7.425,,4.23333129,2.92484001,2.69,12.65,,3.02,3.36665986,11.42665729,,4.84,28.804874,0.29090842,109.1,1.25600003,10.18198807,3.04384687,0.15458825,,9.08,0.579831,
2017-01-30,6.4666602,2.28728205,5.43999439,8.56,2.90275756,1.16,27.67132834,6.02726497,7.5,,4.38181607,2.92484001,2.55,12.2,,3.03,3.24110466,11.11110243,,4.8,28.88917,0.28702964,104.0,1.20000003,9.91198897,2.8560771,0.15600002,,8.520001,0.553869,
2017-01-31,6.333327,2.13620662,5.36666126,8.25,2.83952918,1.16,27.44653397,6.06690935,7.35,,4.80908859,3.07073464,2.49,12.17,,3.1,3.18110467,10.59999172,,4.8,28.945369,0.28315087,102.52,1.16600003,9.83998905,2.76713352,0.14823531,,8.39,0.553869,
2017-02-01,6.35799384,2.16642171,5.47199463,8.4,2.79067088,1.16,27.37764751,6.44220932,7.25,,5.28787654,2.98736628,2.48,11.9,,3.1,3.15554928,10.40888075,,4.8,29.064788,0.27927209,103.0,1.16400003,10.19998865,2.73748566,0.14823531,,8.26,0.553869,
2017-02-02,6.5333268,2.21174434,5.59932756,8.520001,2.79067088,1.18,27.61694214,6.57105319,7.32,,5.66969393,3.04989255,2.5,12.08,,3.13,3.20110463,10.57776907,,4.84,28.976979,0.28702964,101.11,1.19600003,10.38598784,2.78689876,0.15129413,,8.37,0.562523,
2017-02-05,6.84599315,2.15433567,6.023994,9.03,2.87114337,1.18,27.91424939,6.90670913,7.39,,5.28787654,3.28610291,2.49,12.13,,3.12,3.1577715,10.7066583,,4.824,29.451147,0.28315087,102.0,1.20600003,11.11198764,2.78689876,0.15176472,,7.8,0.562523,
2017-02-06,7.07132626,2.11203455,6.79999316,9.07,2.87401738,1.16,27.86348962,6.93776389,7.55,,5.29696714,3.39031336,2.46,12.15,,3.05,3.11110492,10.53332555,,4.832,29.503833,0.27539331,100.25,1.25000003,11.15998758,2.74736828,0.1444706,,7.76,0.562523,
2017-02-07,6.93465973,2.1634002,6.949993,9.45,2.88838747,1.17,27.92512612,6.93776389,7.58,,4.99999759,3.56399745,2.49,12.65,,3.11,3.14443808,10.57776907,,5.232,31.203815,0.28315087,101.0,1.26600003,11.30998742,2.78689876,0.15200002,,7.83,0.562523,
2017-02-08,6.84665982,2.30541111,6.89999305,9.81,2.80504097,1.11,28.70102807,6.93776389,8.1949995,,4.97575518,3.383366,2.53,12.41,,3.1,3.13888264,10.76443559,,5.736,32.608759,0.28315087,99.0,1.24400003,11.1419876,2.9054902,0.16329413,,7.85,0.553869,
2017-02-09,6.7999932,2.31145412,6.93532635,9.64,2.78779686,1.1,28.6792717,6.87168995,8.5,,5.00302789,3.36947127,2.51,12.46,,3.16,3.13888264,10.76443559,,6.12,35.478359,0.27927209,97.0,1.22000003,10.93798783,2.91537282,0.16235296,,7.83,0.553869,
2017-02-12,6.4666602,2.32354016,6.56732686,9.4,2.70445036,1.1,28.10278715,7.05603625,8.545,,4.71211894,3.47368172,2.52,12.57,,3.13,3.13332721,10.34665902,,6.256,33.99263,0.27151453,97.0,1.24400003,10.26598918,2.88572496,0.1647059,,7.85,0.553869,
2017-02-13,6.72199328,2.23591641,6.49999346,9.13,2.5952377,1.05,27.93962928,6.88820843,8.545,,4.54545235,3.37641863,2.56,12.31,,3.1,3.03332719,10.01777039,,6.32,31.994096,0.26763575,96.0,1.29000003,10.22998802,2.81654662,0.1607059,,7.75,0.545215,
2017-02-14,7.31865935,2.16642171,6.07066042,9.1,2.50614316,1.03,27.16372987,6.87168995,8.0,,4.35454335,3.45283963,2.55,11.27,,3.0,2.89554968,9.92443669,,6.496,33.72218,0.25987819,92.0,1.20800003,9.55198937,2.78689876,0.15552943,,7.3,0.553869,
2017-02-15,7.50999249,2.20267981,6.13466029,9.21,2.46878093,1.03,27.19273618,6.87168995,8.545,,4.36363426,3.59873426,2.53,11.2,,3.01,2.91110543,9.91110292,,6.336,33.016194,0.25987819,85.0,1.21000003,9.71998979,2.7572509,0.15341178,,7.43,0.545215,
2017-02-16,7.5666591,2.25706697,6.23466019,9.4,2.52626128,1.05,27.47554028,6.39298391,8.0,,4.41817969,3.81410253,2.62,11.57,,3.08,2.98888294,10.19999247,,6.296,31.614763,0.26375697,90.75,1.23800003,10.26598918,2.79678138,0.15600002,,7.79,0.553869,
2017-02-19,7.333326,2.28426055,6.16799359,9.0,2.55212744,1.06,27.42840729,6.39298391,8.55,,4.85151281,4.11283916,2.63,11.92,,3.08,2.94443859,9.93777045,,5.904,32.510414,0.26375697,89.0,1.22000003,10.34998848,2.77701614,0.15600002,,7.96,0.553869,
2017-02-20,7.26799273,2.3718843,5.99999396,8.66,2.5291353,1.04,26.84466952,6.7065051,8.55,,4.90908884,4.29347061,2.68,12.07,,3.05,2.91110543,9.63110358,,5.928,30.908778,0.25987819,88.089996,1.20200003,10.25998858,2.7572509,0.15529413,,7.99,0.553869,
2017-02-21,7.33265933,2.31145412,6.1573272,8.95,2.55787547,1.06,27.00420097,6.80462491,8.575,,4.73333105,4.56441778,2.78,12.23,,3.1,2.98554973,9.96443666,,5.8,31.260014,0.26375697,90.139999,1.25200003,10.43998838,2.86595972,0.15764707,,8.36,0.562523,
2017-02-22,7.27665939,2.29030356,6.52265983,8.98,2.49752111,1.06,26.83016637,6.51191733,8.51,,4.69393713,4.69641769,2.67,11.87,,3.05,2.93888315,9.9688811,,5.72,31.260014,0.26763575,92.0,1.28200003,10.43998838,2.9549033,0.15882355,,8.15,0.571177,
2017-02-23,7.1999928,2.1271421,6.53332676,8.36,2.30783596,1.04,26.4313403,6.27702448,8.5,,4.69696743,4.3907337,2.57,11.45,,2.81,2.88888314,9.58221429,,5.36,31.260014,0.25599941,88.0,1.22800003,10.07998819,2.94502068,0.14917649,,8.2,0.553869,
2017-02-26,7.20332613,2.17548623,6.54399368,8.45,2.30208792,1.06,26.50747959,6.27702448,8.5249995,,4.77272497,4.3143127,2.65,11.57,,2.87,2.9455497,9.89777004,,5.672,31.263527,0.25987819,88.0,1.23600003,10.38598784,3.04384687,0.15058825,,8.34,0.553869,
2017-02-27,6.8333265,2.04556136,6.26799349,7.85,2.27334775,1.02,25.85485284,6.27735452,8.55,,4.81514919,4.08504971,2.58,11.46,,2.65,2.85777198,9.84443675,,5.44,31.260014,0.25599941,87.010002,1.18000003,10.09198877,2.9549033,0.15482354,,7.82,0.553869,
2017-02-28,6.8999931,2.03649684,6.14332728,7.74,2.25610365,0.99,25.78596639,6.37613539,8.505,,4.92120975,3.99473398,2.56,10.82,,2.61,2.81110541,9.77777014,,5.52,31.263527,0.25212063,84.010002,1.18400003,9.95998892,2.92525544,0.15058825,,7.75,0.553869,
2017-03-01,6.93399306,2.05160438,6.36732706,7.87,2.27909579,1.01,25.94187141,6.44220932,8.51,,5.10908875,4.09894443,2.61,10.8,,2.72,2.83221659,9.89777004,,5.616,31.260014,0.25599941,86.0,1.19200003,9.95998892,2.99443377,0.15482354,,7.58,0.553869,
2017-03-02,6.9333264,2.08484097,6.46932689,8.0,2.47452897,1.03,26.08689716,6.44220932,8.55,,5.49090675,4.34904952,2.67,11.04,,2.8,2.86554997,10.1688805,,5.752,30.912291,0.25987819,86.25,1.22000003,9.95998892,3.01419901,0.16423531,,7.75,0.553869,
2017-03-05,7.08465958,2.13318511,6.48399361,8.33,2.71019839,1.05,26.78303338,6.44220932,8.55,,5.93939108,4.41852315,2.72,11.3,,2.86,2.959994,10.61776903,,5.768,31.267037,0.26375697,90.300003,1.24000003,10.34998848,3.10314259,0.16705884,,7.95,0.562523,
2017-03-06,7.5333258,2.1634002,6.42666033,8.28,2.67571018,1.04,26.92080882,6.16139508,8.76,,5.93939108,4.37683897,2.72,11.4,,2.89,2.9333275,10.66665833,,5.96,31.61125,0.25987819,91.010002,1.24000003,10.25398859,3.19208617,0.17176472,,8.06,0.562523,
2017-03-07,7.47399252,2.21476585,6.46999369,8.23,2.70445036,1.07,26.50747959,6.44220932,8.75,,5.95454258,4.3907337,2.68,11.42,,2.89,3.13332721,10.93332479,,5.688,31.260014,0.26375697,90.5,1.22200003,10.09198877,3.17232093,0.17647061,,8.08,0.553869,
2017-03-08,7.5999924,2.31749714,6.53332676,8.62,2.79067088,1.08,26.83741668,6.50828326,8.755,,5.75757298,4.4463126,2.7,11.42,,2.91,3.16110493,11.0755469,,5.752,31.260014,0.26763575,92.0,1.23000003,10.79998798,3.23161665,0.17882355,,8.19,0.553869,
2017-03-09,7.96132537,2.32656167,6.92999302,8.82,2.77342678,1.09,27.13834999,6.60739419,8.8,,5.82423931,4.55052306,2.68,11.42,,2.92,3.14443808,11.16443616,,5.76,31.263527,0.26375697,91.040001,1.24000003,10.80598798,3.16243831,0.17882355,,8.1,0.553869,
2017-03-12,8.52799147,2.24498093,6.78799317,8.95,2.68145822,1.08,27.74021733,6.60739419,8.75,,5.81817932,4.48104942,2.62,11.75,,2.79,3.15554928,11.32888003,,5.504,32.183764,0.26375697,91.099998,1.23400003,10.58998822,3.17232093,0.18164708,,8.22,0.553869,
2017-03-13,8.665992,2.22383037,6.93332635,9.17,2.62685189,1.06,27.92875255,6.60739419,8.26,,5.82423931,4.41852315,2.58,11.55,,2.71,3.19777153,11.40443553,,5.536,31.61125,0.26375697,92.0,1.22400003,10.81198797,3.14267307,0.18964708,,8.22,0.553869,
2017-03-14,8.5999914,2.17850774,6.79999316,9.03,2.55787547,1.05,27.73659091,6.73954207,8.25,,6.31211817,4.34210215,2.51,11.1,,2.67,3.2066604,11.11110243,,5.52,31.61125,0.25987819,92.0,1.19600003,11.09998765,3.04384687,0.19764708,,8.26,0.562523,
2017-03-15,8.66199067,2.17548623,6.77799318,9.56,2.59236397,1.03,27.37039467,6.67346813,8.3199995,,7.43939005,4.39768106,2.52,11.3,,2.69,3.2333269,11.04443581,,5.664,30.908778,0.26375697,92.599998,1.18000003,11.33998738,3.03396425,0.20023531,,8.38,0.562523,
2017-03-16,8.73999192,2.20267981,6.86399309,9.6,2.63834796,1.0,27.68220471,6.60739419,8.3199995,,8.79696576,4.4463126,2.55,11.32,,2.69,3.27110471,11.14221351,,5.736,31.305673,0.26763575,93.029999,1.20200003,11.28598684,3.06361211,0.20517649,,8.48,0.571177,
2017-03-19,8.7999912,2.26008848,7.04665957,9.58,2.65846608,1.02,28.00851827,6.60739419,8.6499995,,9.61817718,4.48104942,2.6,11.33,,2.71,3.34999334,11.32443559,,5.84,31.305673,0.27539331,96.940002,1.21600003,11.21998812,3.09325997,0.20423531,,8.88,0.579831,
2017-03-20,8.72332527,2.29030356,7.07132622,9.17,2.84815123,1.01,27.91787581,6.60739419,8.375,,10.30302533,4.48799679,2.59,11.33,,2.74,3.3333267,11.47554659,,5.776,31.614763,0.28315087,97.0,1.20400003,10.73998805,3.15255569,0.2049412,,9.05,0.562523,
2017-03-21,8.60332473,2.36886279,7.13332615,9.270001,2.93149773,1.01,27.3812714,6.60739419,8.6499995,,10.11817664,4.57831251,2.57,11.36,,2.76,3.31110441,11.33332448,,5.776,31.614763,0.28315087,97.0,1.22000003,10.92598724,3.15255569,0.21388237,,8.92,0.571177,
2017-03-22,8.51199149,2.45648654,6.99932629,9.520001,2.89413551,1.01,27.48641701,6.44220932,8.755,,9.59090447,4.56441778,2.55,11.34,,2.77,3.31110441,11.17332416,,6.264,30.504855,0.28315087,94.050003,1.22600003,11.03398712,3.12290783,0.21411767,,8.82,0.571177,
2017-03-23,8.57132543,2.46252956,7.04799291,9.49,2.92000166,1.03,27.555306,6.60739419,8.6000005,,9.55667136,4.56441778,2.57,11.38,,2.78,3.28332669,11.34221336,,6.4,30.329237,0.28702964,98.190002,1.24200003,11.20798753,3.15255569,0.21341179,,8.94,0.571177,
2017-03-26,8.48332485,2.5833899,6.99999295,9.51,2.96023791,1.08,27.59156226,6.60739419,8.755,,10.12667131,4.5991546,2.6,11.44,,2.78,3.31666007,11.7377686,,6.368,30.209818,0.28702964,98.099998,1.26000003,11.36998795,3.18220355,0.21247061,,9.03,0.571177,
2017-03-27,8.3666583,2.62569102,6.79999316,9.32,3.06082851,1.1,27.50454659,6.60739419,8.41,,10.99000573,4.53662833,2.56,11.44,,2.74,3.25554897,11.62221314,,6.12,30.972,0.28315087,98.110001,1.27800003,10.90798786,3.19208617,0.21364708,,8.95,0.571177,
2017-03-28,8.3666583,2.62569102,6.74199321,9.39,3.07807262,1.1,27.51904974,6.62853785,8.755,,10.90000569,4.48104942,2.56,11.4,,2.66,3.22666036,11.65332378,,6.16,30.381923,0.28315087,98.5,1.28400003,10.83598734,3.18220355,0.21741179,,9.0,0.571177,
2017-03-29,8.37332496,2.69216421,6.8559931,9.42,3.0751986,1.1,27.44653397,6.76233758,8.95,,12.16667264,4.49494415,2.53,11.42,,2.64,3.19999352,11.55554652,,6.424,31.165181,0.28315087,99.0,1.27200003,10.92598724,3.18220355,0.2167059,,9.0,0.579831,
2017-03-30,8.45065821,2.71935779,6.9166597,9.43,3.11256083,1.09,27.19273618,7.01176704,8.135,,11.6666724,4.41157579,2.51,11.41,,2.58,3.22221581,11.47554659,,6.4,31.628813,0.28315087,99.0,1.27800003,11.03398712,3.17232093,0.23200002,,9.05,0.571177,
2017-04-02,8.58332475,2.76468042,6.94732634,9.5,3.07807262,1.09,26.97519502,7.03753555,8.45,,11.3333389,4.39768106,2.5,11.4,,2.56,3.16110493,11.33776892,,6.4160008,31.61125,0.27927209,98.610001,1.26000003,11.53798716,3.12290783,0.25435297,,8.98,0.571177,
2017-04-03,8.666658,2.89460529,6.96665965,9.93,3.02059227,1.1,27.12747362,7.03687481,8.5,,11.22000551,4.43936524,2.51,11.39,,2.59,3.1722158,11.40443553,,6.504,31.260014,0.27927209,99.0,1.25600003,11.69998698,3.12290783,0.27976473,,8.99,0.579831,
2017-04-04,9.22265744,3.08193883,6.8833264,10.47,3.06370253,1.13,27.70396107,7.10096653,8.6899995,,11.35000524,4.46020733,2.53,11.45,,2.61,3.22777124,11.48443547,,6.68,31.263527,0.28315087,99.0,1.27000003,11.63998705,3.15255569,0.30752944,,9.09,0.579831,
2017-04-05,9.87999012,3.21790672,6.86732642,10.35,3.0751986,1.12,28.29132236,6.77257904,8.2749995,,11.44333962,4.39768106,2.51,11.35,,2.52,3.18999354,11.34221336,,6.8,31.61125,0.28315087,99.0,1.36600004,11.46598784,3.14267307,0.30964709,,9.11,0.579831,
2017-04-06,10.14465652,3.18164862,6.93265969,10.42,3.06082851,1.1,27.96863523,6.61565343,8.5,,11.96333888,4.41157579,2.48,11.31,,2.46,3.15999382,11.14221351,,6.864,30.381923,0.28315087,98.510002,1.41000004,11.48998722,3.12290783,0.32611768,,9.04,0.571177,
2017-04-09,11.1666555,3.0698528,6.98665963,10.42,2.95736389,1.07,27.48279312,7.08543915,8.505,,11.90000618,4.26568115,2.4,11.15,,2.38,3.03332719,10.84443597,,6.656,30.206305,0.27539331,98.5,1.54200004,11.39998732,3.08337735,0.35058827,,8.81,0.571177,
2017-04-10,11.0666556,3.14539051,6.96665965,10.69,2.92000166,1.09,27.555306,7.08543915,8.5,,11.90333885,4.22399697,2.42,11.11,,2.41,3.10110494,10.75554759,,6.728,30.206305,0.27539331,98.919998,1.56200004,11.39998732,3.07349473,0.34352945,,8.91,0.571177,
2017-04-11,11.2666554,3.19977767,7.01732627,10.98,2.98897808,1.1,27.74384122,7.08543915,8.5,,11.68333874,4.27957588,2.46,11.18,,2.44,3.06666057,10.88443594,,6.68,31.140595,0.27927209,99.300003,1.64200004,11.48398662,3.10314259,0.33058827,,8.89,0.571177,
2017-04-12,11.0666556,3.11215392,7.00865961,11.24,3.02346629,1.09,27.80910378,7.10261871,8.55,,11.33667157,4.27957588,2.43,11.31,,2.41,3.05999402,10.97776964,,6.688,31.61125,0.27927209,100.0,1.64000004,11.72998635,3.11302521,0.32235297,,8.85,0.545215,
2017-04-13,10.7999892,3.13028297,6.9166597,11.12,2.98610406,1.09,27.78010037,7.1046006,8.55,,11.54000533,3.97389189,2.45,11.5,,2.41,3.06999378,10.93776967,,6.824,30.908778,0.27927209,100.0,1.63000004,11.75998692,3.10314259,0.32847062,,8.72,0.545215,
2017-04-18,10.67865532,2.98222905,6.86665975,11.14,2.92862371,1.09,27.57705946,7.27143763,8.5,,11.77000611,3.82104989,2.49,11.46,,2.43,3.03999406,10.95554699,,6.72,30.950927,0.27539331,101.15,1.63000004,11.75998692,3.08337735,0.31952944,,8.46,0.545215,
2017-04-19,10.7999892,2.94597094,6.69999308,10.75,2.86252131,1.07,27.555306,7.4349703,8.55,,11.58667169,3.82104989,2.48,11.46,,2.49,2.95443857,10.91110214,,6.856,30.557542,0.27151453,101.25,1.64600004,11.69998698,3.07349473,0.31952944,,8.2,0.545215,
2017-04-20,10.88065645,3.0003581,6.26666019,10.55,2.78779686,1.04,27.62056857,7.43331846,8.55,,11.17000482,3.85578671,2.44,11.46,,2.45,2.90554977,10.95554699,,6.88,30.571591,0.26763575,102.0,1.57200004,11.79598688,3.04384687,0.3214118,,8.06,0.553869,
2017-04-23,10.7666559,3.02453017,5.9333272,10.35,2.56649752,1.01,26.82653994,6.93941574,8.55,,11.03333809,3.61262899,2.38,11.38,,2.37,2.76110562,10.75554759,,6.688,30.915801,0.25987819,105.02,1.50200004,11.47798663,2.86595972,0.30588238,,7.85,0.545215,
2017-04-24,11.17198883,2.90366982,5.9333272,10.4,2.65846608,1.0,27.05496074,7.26681246,8.5,,10.63333856,3.75852362,2.4,10.33,,2.39,2.76554994,10.88443594,,6.8,31.260014,0.25987819,106.97,1.50800004,11.56798773,2.89560758,0.29694121,,7.92,0.545215,
2017-04-26,11.333322,2.98222905,5.9999938,10.54,2.61535582,1.0,27.08759057,7.2681336,8.5,,10.80333864,3.81410253,2.42,10.25,,2.4,2.80443886,10.87110217,,6.808,30.908778,0.26375697,107.07,1.53800004,11.70598698,2.92525544,0.29694121,,8.03,0.545215,
2017-04-27,11.46798853,3.02755168,6.05999374,10.3,2.6124818,0.97,26.44946697,7.2681336,8.505,,10.80000597,3.78631308,2.4,10.0,,2.4,2.81666106,10.75554759,,7.0,31.260014,0.25599941,108.0,1.53000004,10.85998792,2.86595972,0.29411768,,7.95,0.545215,
2017-04-30,11.4666552,3.05474525,5.9999938,10.0,2.50039512,0.95,26.28631164,6.64043116,9.0,,10.34333875,3.75157626,2.4,9.82,,2.37,2.78888334,10.57776907,,7.272,30.908778,0.25212063,106.51,1.50000004,10.94998782,2.8560771,0.27411767,,7.91,0.545215,
2017-05-02,11.87532146,3.02755168,6.01999378,9.8,2.58086761,0.97,26.69239093,7.2681336,9.0,,10.90667236,3.80715517,2.44,9.85,,2.4,2.82777226,10.57776907,,7.104,30.241428,0.25987819,107.05,1.51200004,10.97998718,2.91537282,0.26588238,,8.01,0.545215,
2017-05-03,11.9339874,3.05172374,5.9999938,9.94,2.58661565,0.96,26.83016637,7.2681336,9.2250005,,10.56667219,3.75852362,2.52,9.86,,2.42,2.83110548,10.64443657,,7.24,31.347823,0.25987819,108.0,1.50000004,11.0579877,2.93513806,0.2571765,,8.05,0.545215,
2017-05-04,11.87332212,3.09402487,6.0666604,10.01,2.60385975,0.96,26.87004941,7.28233917,9.4700005,,10.75667195,3.83494462,2.57,9.91,,2.48,2.89110536,10.71999207,,7.2,31.260014,0.25987819,109.08,1.50200004,11.33998738,2.97466854,0.26282356,,8.14,0.53656,
2017-05-07,11.8006542,3.18769163,6.0999937,10.11,2.73031651,0.95,27.08396415,7.2681336,9.5200005,,11.52667299,3.82799726,2.6,9.9,,2.43,2.9455497,10.85332485,,7.2,31.548027,0.26375697,109.0,1.50000004,11.33998738,2.97466854,0.27811767,,8.18,0.545215,
2017-05-08,11.87665412,3.43847685,6.14666032,10.0,2.75905669,0.96,27.17098272,7.41052296,9.5,,12.03333858,3.88357617,2.6,9.91,,2.46,2.93888315,10.91110214,,7.264,31.3127,0.27539331,109.94,1.54800004,11.29798743,2.98455115,0.27458826,,8.26,0.545215,
2017-05-09,11.7999882,3.43243384,6.22666023,10.02,2.75905669,0.97,27.53355254,7.53507233,9.5200005,,12.01667224,3.88357617,2.61,9.94,,2.48,2.94443859,10.93332479,,7.256,31.3127,0.28315087,110.0,1.53600004,11.321988,2.99443377,0.27600003,,8.3,0.545215,
2017-05-10,11.7999882,3.44149836,6.21332691,9.9,2.73319053,0.97,27.75109406,7.2681336,9.6450005,,11.51667199,3.89747089,2.58,9.87,,2.46,2.93443861,10.97776964,,7.12,31.3127,0.28315087,106.02,1.60000004,11.27998685,3.07349473,0.29976474,,8.46,0.553869,
2017-05-11,11.8333215,3.42941233,6.23332689,9.75,2.70157634,0.96,27.53717642,7.59850331,9.675,,11.58667169,3.82104989,2.55,9.85,,2.43,2.87332773,10.94221411,,7.136,31.260014,0.27927209,106.21,1.62000004,11.27998685,3.06361211,0.30423532,,8.5,0.562523,
2017-05-14,12.14998785,3.46264892,6.21999357,9.55,2.70157634,0.97,27.73659091,7.63087955,9.675,,11.42000494,3.77241835,2.52,9.91,,2.42,2.82999426,10.96888032,,7.12,31.263527,0.27927209,105.1,1.61600004,11.30998742,3.07349473,0.29882356,,8.55,0.553869,
2017-05-15,12.54932145,3.33574556,6.19332693,9.45,2.68145822,0.96,27.62056857,7.6487195,9.5,,11.52667299,3.8002078,2.53,9.97,,2.41,2.78999456,11.01776961,,6.96,31.305673,0.27539331,105.0,1.60800004,11.36998795,3.07349473,0.29882356,,8.4,0.553869,
2017-05-16,12.4673202,3.24812181,6.20666025,9.1,2.69295429,0.96,27.66407803,7.82249397,9.375,,11.41667227,3.84189198,2.5,10.15,,2.35,2.7966611,11.12888064,,6.984,31.61125,0.27539331,105.0,1.63600004,11.5019872,3.09325997,0.29176473,,7.58,0.553869,
2017-05-17,12.42665357,3.14539051,6.13999366,9.3,2.71019839,0.95,27.91787581,7.83042285,9.375,,11.3333389,3.88357617,2.52,10.02,,2.34,2.85110544,11.93776889,,7.0,30.908778,0.27927209,105.3,1.65800004,11.45998725,3.15255569,0.28235297,,7.75,0.553869,
2017-05-18,12.71132062,3.13028297,6.0999937,9.3,2.70157634,0.93,27.91424939,7.96257073,9.5,,11.04000509,3.92526035,2.54,9.95,,2.26,2.93110517,11.82221298,,6.88,31.576127,0.27539331,106.01,1.77200005,11.39998732,3.12290783,0.2731765,,7.6,0.545215,
2017-05-21,13.0999869,3.22394974,6.11332702,9.4,2.67283617,0.93,27.85261325,8.34183516,9.375,,11.23667185,3.93220771,2.55,10.0,,2.29,2.94443859,11.89332404,,6.888,31.3127,0.27539331,106.86,1.82400005,11.39998732,3.14267307,0.27835297,,7.62,0.553869,
2017-05-22,13.5333198,2.9671215,5.95999384,8.92,2.54350539,0.85,27.46828997,8.34183516,9.38,,11.60000536,3.75852362,2.39,9.56,,2.07,2.74999453,11.54665764,,6.32,30.557542,0.26763575,103.0,1.90000005,11.09998765,2.86595972,0.25411767,,7.4,0.553869,
2017-05-23,13.88531944,2.92482038,6.10666036,9.17,2.58374163,0.79,27.58068589,8.01212618,9.6000005,,11.9500052,3.85578671,2.46,9.72,,2.07,2.80777219,10.47554737,,6.48,30.912291,0.27151453,105.0,2.01200005,11.18998755,2.88572496,0.25411767,,7.44,0.553869,
2017-05-24,14.3606523,2.96107848,6.17999428,9.2,2.58661565,0.82,27.60243899,8.35835365,9.615,,11.50333832,3.92526035,2.51,9.98,,2.09,2.89332769,10.98221319,,6.52,31.56559,0.27927209,106.08,2.06000006,11.46598784,2.93513806,0.26188238,,7.6,0.553869,
2017-05-25,14.4333189,3.05776676,6.43999335,9.32,2.62397787,0.82,27.98313838,8.35835365,9.615,,11.67000507,3.91136562,2.52,10.1,,2.1,2.85554999,11.06665802,,6.6,31.614763,0.28702964,109.92,2.19000006,11.5079872,2.96478592,0.25788238,,7.59,0.553869,
2017-05-28,14.3999856,3.15143353,6.41332671,9.41,2.62685189,0.81,28.64301545,8.09438791,9.925,,11.6666724,3.91831298,2.54,10.41,,2.13,2.83443881,11.20887968,,6.8,31.61125,0.29866598,112.01,2.18000006,11.43598668,2.97466854,0.25647061,,7.58,0.553869,
2017-05-29,14.3999856,3.05172374,6.36666009,9.5,2.59811172,0.8,28.8641834,8.34183516,9.925,,11.6666724,3.89052353,2.69,10.28,,2.12,2.87777205,11.24443521,,7.0,30.912291,0.2947872,112.87,2.21200006,11.39998732,2.98455115,0.25482355,,7.74,0.545215,
2017-05-30,14.89865176,3.03359469,6.33332679,9.53,2.60098573,0.8,28.87868655,8.34183516,9.925,,11.3333389,3.88357617,2.72,10.29,,2.14,2.90110545,11.30665827,,7.04,30.979024,0.2947872,117.0,2.17200006,11.3279868,2.98455115,0.25411767,,7.72,0.545215,
2017-05-31,15.44798455,3.00640111,6.27332685,9.3,2.53488333,0.78,29.13973718,8.35835365,9.75,,11.34333857,3.75852362,2.72,10.31,,2.14,2.89999423,11.04443581,,6.88,30.979024,0.2947872,117.0,2.06000006,11.24998748,2.92525544,0.24776473,,7.45,0.545215,
2017-06-01,15.60731772,3.02755168,6.33332679,9.4,2.58661565,0.79,30.00265226,8.42442759,9.74,,11.41667227,3.79326044,2.71,10.35,,2.14,3.00221625,11.06665802,,6.84,29.503833,0.2947872,116.0,2.08000006,11.27998685,2.98455115,0.2531765,,7.66,0.545215,
2017-06-04,15.67331832,3.06078827,6.34666078,9.44,2.64409599,0.81,30.27820604,8.52353849,9.745,,11.58333902,3.80715517,2.7,10.33,,2.16,3.11777146,11.05776869,,6.752,29.524907,0.2947872,116.0,2.10600006,11.26798806,3.02408163,0.25741179,,7.8,0.545215,
2017-06-05,15.56798443,3.0698528,6.27999351,9.2,2.83090712,0.82,30.11142429,8.52353849,9.75,,11.73333943,3.77936571,2.69,10.27,,2.17,3.13110488,11.19999169,,6.6,29.503833,0.2947872,116.59,2.17600006,11.21998812,3.01419901,0.26282356,,7.72,0.545215,
2017-06-06,15.4666512,3.08193883,6.29332683,9.23,3.00047415,0.82,30.36522207,8.35868369,9.745,,11.6666724,3.8002078,2.7,10.31,,2.2,3.14443808,11.46665726,,6.736,29.52842,0.29866598,118.51,2.21000006,11.18998755,3.03396425,0.26376473,,7.75,0.545215,
2017-06-07,15.33665133,3.11517543,6.27999351,9.1,2.87401738,0.81,30.33259224,8.75413689,9.51,,11.68667274,3.80715517,2.71,10.34,,2.19,3.15999382,11.48887991,,6.72,28.804874,0.30254476,117.01,2.32400006,11.25598748,3.06361211,0.27600003,,7.83,0.545215,
2017-06-08,15.2006508,3.23603577,6.29999349,9.25,2.89126149,0.82,30.38697553,8.42442759,9.3500005,,11.6666724,3.82799726,2.75,10.47,,2.16,3.1577715,11.46665726,,6.544,28.808385,0.30254476,117.65,2.30000006,11.31598801,3.06361211,0.27952944,,7.84,0.545215,
2017-06-11,14.9333184,3.24812181,6.26666019,9.270001,2.92000166,0.84,30.32896581,8.69863411,9.375,,11.68667274,3.88357617,2.8,10.5,,2.16,3.13332721,11.29776895,,6.576,29.862093,0.30642354,115.0,2.26000006,11.24998748,3.06361211,0.27882356,,7.86,0.545215,
2017-06-12,14.999985,3.17258409,6.26666019,9.32,2.91425363,0.82,29.9120098,8.71680512,9.3950005,,11.83333915,3.90441826,2.71,10.41,,2.11,3.05888291,11.11999131,,6.48,31.502367,0.31030232,113.02,2.21800006,11.21998812,2.98455115,0.28894121,,7.71,0.545215,
2017-06-13,15.12198487,3.11215392,6.37332675,9.35,2.9429938,0.83,29.74522805,8.85886342,9.4750005,,11.56667268,3.89747089,2.75,10.41,,2.11,3.08888263,11.15554684,,6.52,31.635836,0.31030232,113.0,2.25600006,11.24998748,3.01419901,0.28705885,,7.6,0.545215,
2017-06-14,15.43465123,3.1061109,6.51999326,9.48,3.06082851,0.82,29.67996548,8.96226948,9.4300005,,11.50667232,3.89052353,2.86,10.11,,2.09,3.05554948,11.16887971,,6.408,31.632323,0.31030232,114.0,2.30800006,11.21998812,2.99443377,0.28705885,,7.48,0.545215,
2017-06-15,16.20731712,3.06380978,6.63332648,9.5,3.0751986,0.8,29.54943999,9.17734049,9.4750005,,11.49333898,3.89747089,2.8,10.0,,2.08,3.06110491,10.89776926,,6.4160008,31.61125,0.31030232,113.11,2.28800006,11.2379875,3.01419901,0.28258826,,7.47,0.545215,
2017-06-18,16.15331718,3.07891732,6.85332625,9.36,3.2074034,0.81,29.54943999,9.57345343,9.3999995,,11.58000635,3.91136562,2.8,10.07,,2.11,3.05554948,10.88888038,,6.48,31.632323,0.31030232,114.74,2.24000006,11.09998765,3.11302521,0.27600003,,7.45,0.545215,
2017-06-19,16.1673165,3.11215392,6.81332629,9.29,3.30511999,0.8,29.63283213,9.41586742,9.3999995,,12.33333939,3.95999716,2.74,10.11,,2.1,3.04443839,10.88888038,,6.424,33.915358,0.30642354,118.83,2.21800006,11.06998828,3.06361211,0.27364709,,7.44,0.553869,
2017-06-20,16.0666506,3.08798185,6.78665965,9.25,3.33386017,0.81,29.55306641,9.25035186,9.3999995,,12.20000533,3.93220771,2.7,10.05,,2.08,3.02443832,10.68443654,,6.472,35.236007,0.26375697,121.46,2.23200006,11.03998772,3.05372949,0.27058826,,7.36,0.553869,
2017-06-21,16.20131713,3.03359469,6.79999297,9.23,3.40858462,0.8,29.2956422,9.43535922,9.3999995,,12.04333958,3.91831298,2.68,10.0,,2.09,3.01777177,10.57776907,,6.28,38.737831,0.25987819,121.11,2.25600006,10.97998718,3.03396425,0.26376473,,7.3,0.553869,
2017-06-22,16.2666504,2.96409999,6.79999297,9.14,3.44019881,0.8,29.18687017,9.69668166,9.3999995,,12.02667324,3.89052353,2.66,10.04,,2.1,3.10332716,10.61776903,,6.208,40.743389,0.25599941,121.02,2.31800006,10.75198804,2.98455115,0.27082356,,7.35,0.553869,
2017-06-28,16.40331693,2.97316452,6.79999297,9.15,3.56378156,0.79,28.46535696,9.25035186,9.4300005,,12.09000594,3.82104989,2.69,10.02,,2.1,3.11221603,10.66665833,,6.232,42.197506,0.25599941,123.0,2.34000006,10.80598798,2.99443377,0.27458826,,7.43,0.553869,
2017-07-02,16.65998267,3.03963771,6.88665955,9.19,3.42008069,0.8,28.96932901,9.28338883,9.4300005,,12.16667264,3.82104989,2.71,10.06,,2.14,3.16666037,10.67554721,,6.24,44.361121,0.25987819,121.8,2.45000007,10.81798856,3.03396425,0.28541179,,7.82,0.553869,
2017-07-03,16.61131672,3.05776676,6.93332617,9.26,3.34823025,0.82,29.38628466,9.33294428,9.4300005,,12.30000671,3.86273408,2.73,10.02,,2.15,3.11999379,10.54221354,,6.24,47.891047,0.25987819,121.99,2.48000007,10.73998805,3.02408163,0.28258826,,7.7,0.553869,
2017-07-04,16.4006496,3.08193883,7.00665943,9.21,3.26200973,0.83,29.25938305,9.34946277,9.535,,13.29667286,3.93915507,2.71,10.05,,2.14,3.07777177,10.08888145,,6.384,49.910655,0.25987819,121.99,2.42200007,10.13998872,3.03396425,0.27482356,,7.6,0.545215,
2017-07-05,16.2666504,3.11819694,6.97999279,9.05,3.16141912,0.87,29.22675321,9.38249974,9.6499995,,14.62334018,4.12673389,2.72,10.13,,2.11,3.05554948,9.90665937,,6.52,49.173055,0.25599941,122.0,2.39000006,9.81598968,3.04384687,0.25411767,,7.62,0.527906,
2017-07-06,15.999984,3.0698528,6.96665947,9.09,3.10968681,0.91,29.36452865,9.58072157,9.8999995,,17.23334213,4.1058918,2.75,10.27,,2.12,3.03888284,9.98665842,,6.4,48.119347,0.25212063,122.0,2.38000006,9.89998899,3.04384687,0.26141179,,7.69,0.519252,
2017-07-09,15.80331753,3.02453017,6.86665957,8.9,3.05508048,0.89,29.01283557,9.26687034,9.75,,18.66334317,4.02252343,2.73,10.12,,2.07,2.9333275,10.08888145,,6.264,44.947685,0.25212063,121.0,2.36000006,10.02598825,2.98455115,0.25952944,,7.54,0.510598,
2017-07-10,15.69065097,3.14841202,7.04665939,8.81,3.17578921,0.9,29.73072489,9.58072157,9.75,,20.11334321,4.11978652,2.75,10.26,,2.08,2.93110517,10.20443602,,6.368,43.55679,0.25599941,122.5,2.35200006,10.13998872,3.00431639,0.26141179,,7.59,0.510598,
2017-07-11,15.53531779,3.09402487,6.99999277,8.71,3.18153724,0.97,30.13680417,9.3527668,9.705,,20.66667682,4.34904952,2.74,10.07,,2.08,2.95554968,10.31999149,,6.168,44.719381,0.26375697,123.51,2.30800006,10.13998872,3.02408163,0.26588238,,7.55,0.510598,
2017-07-12,15.67331832,3.06380978,6.95999281,8.65,3.17004117,0.99,30.81480792,9.44857368,9.2749995,,20.84334324,4.30736534,2.74,10.04,,2.07,2.95110513,10.37776967,,6.168,44.43488,0.27539331,120.11,2.33000006,10.04998882,3.06361211,0.27529414,,7.56,0.519252,
2017-07-13,15.7666509,3.08798185,7.01332609,8.67,3.18153724,0.97,31.01784883,9.74590642,9.745,,19.84334275,4.23094434,2.74,10.07,,2.11,2.96666088,10.27999152,,6.176,45.836312,0.27927209,120.05,2.36800006,10.07998819,3.13279045,0.28705885,,7.57,0.519252,
2017-07-16,15.55131778,3.08798185,7.07999268,8.65,3.18728528,0.98,31.53994755,9.74722823,8.825,,19.70000901,4.29347061,2.74,10.15,,2.11,2.97888285,10.27110353,,6.064,44.431368,0.27539331,120.96,2.33600006,10.07998819,3.21185141,0.28588238,,7.57,0.519252,
2017-07-17,15.1999848,3.12726146,6.95332615,8.55,3.22464751,0.99,31.54357397,9.74722823,9.25,,19.33334283,4.23094434,2.74,10.3,,2.13,2.95221635,10.35999146,,6.048,44.961731,0.27539331,123.0,2.30400006,10.21198864,3.22173403,0.28894121,,7.54,0.527906,
2017-07-18,14.9666517,3.04870224,6.79999297,8.26,3.16141912,0.98,30.81480792,9.90844864,9.5,,18.66667583,4.01557607,2.71,10.44,,2.09,2.84332768,10.29332529,,6.12,43.567327,0.26375697,118.52,2.12000006,10.25998858,3.16243831,0.30352944,,7.31,0.519252,
2017-07-19,15.0666516,3.05776676,6.87332623,8.25,3.20165537,0.98,31.03597551,9.91901982,9.3900005,,19.19334343,4.0294708,2.7,10.51,,2.07,2.86777196,10.26665864,,6.096,42.165895,0.26375697,119.0,2.14800006,10.40998842,3.20196879,0.30470591,,7.35,0.519252,
2017-07-20,15.3999846,3.05172374,6.89999287,8.16,3.1901593,0.98,31.34415949,10.01218441,9.3999995,,20.4866764,4.11978652,2.7,10.6,,2.04,2.86666085,10.08888145,,6.0,41.537182,0.26375697,119.11,2.22000006,10.79998798,3.17232093,0.30588238,,7.3,0.519252,
2017-07-24,15.34331732,3.0698528,6.89999287,8.14,3.19590733,0.99,31.38404253,10.04323916,9.3999995,,21.16667706,4.09894443,2.69,10.67,,1.96,2.88332771,10.13776941,,6.0,41.537182,0.26375697,119.0,2.22400006,10.86598851,3.13279045,0.30588238,,7.3,0.519252,
2017-07-25,15.5333178,3.04870224,6.88665955,8.18,3.21027742,1.01,31.38404253,10.08453537,9.3999995,,20.67000949,4.18926016,2.68,10.9,,1.98,2.89332769,10.17776982,,5.952,45.165451,0.26763575,119.1,2.24400006,10.80598798,3.13279045,0.30823532,,7.39,0.510598,
2017-07-26,16.38798427,3.06683129,6.91332619,8.2,3.25338768,1.04,31.23539035,10.1093131,9.3999995,,21.20334408,4.29347061,2.69,10.82,,2.0,2.89999423,10.21776979,,5.8,41.698751,0.26763575,120.01,2.32800006,10.92598724,3.15255569,0.31294121,,7.48,0.510598,
2017-07-27,17.13664886,2.96107848,6.86665957,8.1,3.29937196,1.04,30.78217808,10.2249425,9.0,,22.22334358,4.29347061,2.68,10.79,,2.06,2.89554968,10.0666588,,5.632,41.270243,0.26375697,119.0,2.30000006,11.18998755,3.10314259,0.3131765,,7.52,0.510598,
2017-07-30,16.86998313,2.90064831,6.79999297,7.91,3.3223641,1.03,30.4739941,10.07660682,8.5,,23.0000113,4.20315488,2.62,10.7,,2.05,2.84999433,9.84888119,,5.36,41.498546,0.26375697,118.7,2.23200006,10.93198724,3.08337735,0.30847062,,7.5,0.510598,
2017-07-31,16.1333172,2.88251926,6.79999297,7.8,3.42870274,1.02,29.94826606,10.07958016,8.75,,22.7366775,4.14757598,2.51,10.8,,2.03,2.8333277,9.88888116,,5.392,40.040916,0.25987819,119.0,2.20000006,10.79998798,3.09325997,0.30352944,,7.5,0.510598,
2017-08-01,16.20865045,2.88554077,6.85332625,7.85,3.70748243,1.03,30.05703845,9.91142198,8.75,,23.78001035,4.1058918,2.47,10.89,,2.01,2.81221652,9.84888119,,5.256,40.061991,0.25987819,115.5,2.22600006,10.79998798,3.08337735,0.30164709,,7.51,0.510598,
2017-08-02,16.07331792,2.87949775,6.77999299,7.98,3.89716757,1.04,30.27820604,10.04290845,8.75,,25.47667918,4.13368125,2.49,10.8,,1.99,2.82666115,9.73332573,,5.288,40.040916,0.25987819,116.04,2.16000006,10.89598788,3.03396425,0.30847062,,7.45,0.501944,
2017-08-03,16.10665122,2.90064831,6.81999295,8.1,3.82531714,1.09,29.94826606,10.02077435,8.75,,27.53334619,4.16841807,2.53,10.8,,1.99,2.87443884,9.68888087,,5.312,39.338444,0.25987819,117.05,2.20000006,10.8779873,3.03396425,0.30588238,,7.48,0.501944,
2017-08-06,15.666651,2.91273435,6.91999285,8.16,3.87992347,1.11,30.16943401,9.91109127,8.5,,28.67334642,4.23094434,2.55,10.89,,2.0,3.0088829,9.7911039,,5.36,39.654557,0.26375697,117.89,2.22400006,10.95598781,3.04384687,0.30352944,,7.55,0.510598,
2017-08-07,14.92,2.91877736,7.02665941,8.22,3.91153766,1.1,30.41598148,9.91109127,8.0,,27.67001426,4.15452334,2.53,11.03,,1.98,3.06221602,9.75554838,,5.384,40.852272,0.26763575,119.4,2.21400006,10.97998718,3.03396425,0.31482356,,7.74,0.510598,
2017-08-08,15.010001,2.9308634,7.01999275,8.23,4.0667346,1.09,30.82206076,9.67983248,8.0649995,,28.8333475,4.13368125,2.53,11.0,,1.96,3.06999378,9.65332534,,5.664,41.452886,0.26763575,119.11,2.20600006,11.09998765,3.02408163,0.3254118,,7.74,0.519252,
2017-08-09,15.45,2.97316452,7.02665941,8.24,4.2822859,1.12,30.47761799,9.61375854,8.25,,28.68668009,4.16841807,2.56,11.02,,1.97,3.07332722,9.64443735,,5.72,40.919007,0.26763575,118.0,2.21400006,11.13598701,3.03396425,0.32776474,,7.72,0.510598,
2017-08-10,15.0,3.16049806,6.99999277,8.18,4.17019922,1.12,29.98452268,9.58072157,8.245,,30.71001408,4.13626469,2.61,11.1,,2.0,3.02888286,9.524437,,5.68,40.950618,0.26375697,116.0,2.24200006,11.15998758,3.01419901,0.32400003,,7.65,0.510598,
2017-08-13,13.87,3.2118637,6.88665955,8.0,4.03224639,1.12,29.90838338,9.51464763,8.25,,31.00001523,4.04355531,2.58,11.22,,1.98,2.95554968,8.9111037,,5.6,39.693193,0.25987819,113.0,2.19000006,10.90198787,3.00431639,0.31552944,,7.51,0.510598,
2017-08-14,13.9,3.20279918,6.89999287,7.83,3.98051408,1.11,29.2956422,9.34946277,8.25,,31.88334966,3.95797742,2.57,11.19,,1.98,2.87777205,8.84443753,,5.648,38.639484,0.25599941,110.0,2.17200006,10.91998845,2.9549033,0.31788238,,7.47,0.510598,
2017-08-15,13.606,3.17862711,6.93332617,7.66,3.81094705,1.07,29.36815508,9.26687034,8.255,,30.00001473,3.90805698,2.51,11.41,,2.0,2.8333277,8.78221536,,5.752,36.194881,0.25212063,109.99,2.19600006,10.99198777,2.87584234,0.30282356,,7.48,0.510598,
2017-08-16,13.897,3.15747655,7.02665941,7.65,3.81669509,1.07,29.40441133,9.36168645,8.255,,29.00001424,3.85813655,2.52,11.46,,2.01,2.84555001,8.9111037,,5.696,36.879791,0.25599941,110.14,2.29000006,11.10598764,2.88572496,0.28541179,,7.53,0.510598,
2017-08-17,15.260001,3.10913241,6.97999279,7.48,3.81669509,1.06,29.31376888,9.41553671,8.25,,29.00001424,3.8153476,2.5,11.6,,2.01,2.83888313,8.90221571,,5.76,36.890329,0.25599941,113.0,2.24000006,11.0579877,2.81654662,0.27411767,,7.5,0.519252,
2017-08-20,14.65,3.02150866,6.99332611,7.07,3.58389968,1.06,29.02371484,9.25035186,7.75,,27.66668026,3.72263822,2.49,11.59,,2.02,2.81666106,8.7111043,,5.68,36.879791,0.25212063,111.05,2.23400006,11.02198834,2.79678138,0.26000003,,7.39,0.519252,
2017-08-21,14.506,3.0366162,6.99332611,7.15,3.42008069,1.07,29.07809814,9.28338883,8.0,,27.33334676,3.71550673,2.49,11.56,,2.04,2.82666115,8.75554916,,5.656,36.964088,0.25212063,112.02,2.24000006,11.1419876,2.82642924,0.25882356,,7.4,0.510598,
2017-08-22,14.55,3.06078827,7.05332605,7.3,3.29937196,1.11,29.44066795,9.41553671,8.0,,26.67667944,3.71550673,2.6,11.75,,2.05,2.81110541,8.79999268,,5.76,39.032869,0.25599941,114.93,2.24000006,11.15998758,2.78689876,0.26047061,,7.44,0.510598,
2017-08-23,14.4,3.02755168,6.93332617,7.12,3.27637982,1.1,29.3717815,9.57411384,8.0,,27.9566814,3.60140288,2.58,11.7,,2.08,2.68332799,8.71554919,,5.72,37.013261,0.25212063,113.01,2.24000006,11.04598771,2.7572509,0.24376473,,7.38,0.519252,
2017-08-24,15.1,3.02453017,6.85332625,6.84,3.31949008,1.09,29.4261677,9.56420309,7.2,,30.22001618,3.45877306,2.56,11.7,,2.07,2.63332821,8.66665989,,5.76,33.894285,0.24824185,109.99,2.23000006,10.93198724,2.72760304,0.24517649,,7.36,0.519252,
2017-08-27,15.214999,3.05474525,6.89999287,6.83,3.33386017,1.11,29.18687017,9.57907005,8.0,,33.1933503,3.49443051,2.6,11.76,,2.08,2.62888366,8.79554913,,5.68,33.058344,0.24436308,106.0,2.23800006,10.93198724,2.72760304,0.24964708,,7.31,0.519252,
2017-08-28,15.78,3.07287431,6.91332619,6.89,3.33386017,1.12,29.27751262,9.58072157,8.0,,32.06334975,3.54435095,2.66,11.84,,2.07,2.63443909,8.88888194,,5.6,31.61125,0.24824185,107.0,2.24600006,10.94998782,2.7572509,0.24705885,,7.34,0.510598,
2017-08-29,15.510001,3.08193883,6.93332617,6.94,3.35110427,1.17,29.61470255,9.57246233,7.995,,30.70334875,3.5800084,2.75,12.38,,2.09,2.65777249,8.91999303,,5.6,31.614763,0.25212063,107.3,2.24200006,10.97398839,2.77701614,0.24823532,,7.44,0.519252,
2017-08-30,15.414999,3.05776676,6.93332617,7.0,3.35397829,1.21,30.02440572,9.57642677,7.75,,31.61334753,3.62992884,2.84,12.64,,2.2,2.69999452,9.11554843,,5.624,31.688522,0.25599941,106.25,2.26000006,10.91998845,2.806664,0.25200002,,7.5,0.519252,
2017-09-05,15.407001,3.07589581,6.87999289,7.18,3.39134051,1.24,30.27820604,9.28371952,7.995,,32.70334973,3.67984928,2.85,12.6,,2.21,2.74999453,9.13332575,,5.68,32.313722,0.25599941,107.0,2.28400006,10.91998845,2.84619448,0.26188238,,7.67,0.519252,
2017-09-06,15.25,3.06380978,6.91999285,7.31,3.51492326,1.26,29.73072489,9.29197876,7.995,,31.7000149,3.69411226,2.8,12.42,,2.32,2.77777225,9.09332578,,5.72,31.260014,0.25599941,107.0,2.30600006,10.86598851,2.87584234,0.26423532,,7.7,0.510598,
2017-09-07,15.2,3.07891732,6.95332615,7.37,3.54941147,1.26,29.74885447,9.53777383,7.995,,31.53668249,3.7369012,2.81,12.43,,2.34,2.81666106,9.12443776,,5.8,31.087909,0.25599941,107.17,2.33800006,10.46998895,2.88572496,0.26823532,,7.72,0.510598,
2017-09-10,15.3,3.11215392,6.99332611,7.47,3.59539575,1.33,29.73072489,9.25035186,8.0,,31.52001481,3.78682164,2.84,12.35,,2.35,2.89888312,9.22665946,,5.84,29.152597,0.26375697,108.0,2.50200007,10.58998822,2.9549033,0.26352944,,7.87,0.510598,
2017-09-11,15.883,3.12121844,6.97332613,7.69,3.69598636,1.42,29.74522805,9.51398722,7.5,,32.02001506,3.80821611,2.86,12.39,,2.35,2.94110515,9.28443674,,6.168,30.36085,0.27151453,108.0,2.65000007,10.61998878,3.00431639,0.26164708,,8.03,0.510598,
2017-09-12,16.0,3.12726146,6.87999289,7.67,3.74197063,1.39,29.54943999,9.44824298,8.0,,33.05668224,3.79395313,2.91,12.35,,2.34,2.94332748,9.33332604,,6.072,30.557542,0.27151453,109.0,2.60200007,10.40998842,3.00431639,0.2611765,,8.05,0.510598,
2017-09-13,16.25,3.11215392,6.99332611,7.7,3.69886037,1.41,29.36090477,9.4148763,7.995,,35.64668417,3.84387356,2.95,12.42,,2.32,2.95554968,9.46665882,,6.0,31.997609,0.27151453,109.5,2.61600007,10.25998858,2.96478592,0.26305885,,8.07,0.510598,
2017-09-14,16.811,3.16351956,7.23999252,7.71,3.65000208,1.4,29.41528807,9.41553671,7.5,,37.00001817,3.893794,2.98,12.45,,2.33,2.97777174,9.48443703,,6.08,32.053808,0.27151453,110.96,2.62000007,10.421989,3.00431639,0.26258826,,8.17,0.510598,
2017-09-17,16.964,3.15143353,7.43332565,7.77,3.63850601,1.44,29.55306641,9.48557508,7.98,,36.9833515,3.85100506,3.04,12.35,,2.36,2.96666088,9.33332604,,6.2,31.61125,0.27539331,115.47,2.64800007,10.61398879,3.06361211,0.25905885,,8.45,0.510598,
2017-09-18,16.812,3.10913241,7.43332565,7.77,3.72472653,1.43,29.47692711,9.48557508,7.95,,38.03668535,3.82961058,3.05,12.41,,2.42,2.96666088,9.33332604,,6.216,31.716622,0.26763575,122.0,2.75000007,10.58998822,3.05372949,0.26000003,,8.5,0.527906,
2017-09-19,16.907001,3.12121844,7.49999225,7.78,3.70748243,1.39,29.54943999,8.56648623,7.8,,38.59001895,3.86526804,3.09,12.52,,2.52,2.99554948,9.33332604,,6.24,32.067858,0.27151453,123.0,2.80600008,10.68598751,3.11302521,0.26047061,,8.59,0.545215,
2017-09-20,16.998,3.22999276,7.57999217,8.0,3.72185251,1.34,29.61107613,9.47533362,7.5,,40.15335306,3.85813655,3.07,12.71,,2.63,3.06443835,9.33777048,,6.24,31.962486,0.27539331,120.6,3.00800008,10.67998752,3.09325997,0.2569412,,8.6,0.545215,
2017-09-24,17.158,3.50192853,7.71332536,7.96,3.87130142,1.35,29.54943999,8.59027284,7.76,,43.12335451,3.893794,3.03,12.45,,2.73,3.04999404,9.33332604,,6.256,31.713109,0.27539331,120.02,3.05200008,10.56598884,3.08337735,0.25741179,,8.6,0.562523,
2017-09-25,17.569,3.74667074,7.68665872,7.92,3.90866364,1.37,29.41166454,9.25068255,7.985,,44.30001843,3.98650338,3.05,12.41,,2.8,3.0455495,9.38665977,,6.256,30.947414,0.27539331,120.0,3.01400008,10.61998878,3.10314259,0.26423532,,8.6,0.579831,
2017-09-26,17.425999,4.03975708,7.79332528,7.97,3.94889989,1.32,29.47692711,9.37886601,7.99,,45.0000221,4.00789785,3.08,12.4,,2.8,2.9466608,9.33332604,,6.4,31.119519,0.27927209,121.1,3.06000008,10.787988,3.05372949,0.26588238,,8.6,0.579831,
2017-09-27,17.3,4.09414423,7.86665854,8.0,4.03512041,1.32,29.2956422,9.38249974,7.95,,41.70668715,4.02929233,3.12,12.42,,2.88,2.96888287,9.39554777,,6.4160008,30.627788,0.29090842,123.96,3.25400009,11.15998758,3.08337735,0.26352944,,8.63,0.571177,
2017-09-28,17.473,4.34492945,7.87999186,7.88,3.98051408,1.32,29.36815508,9.64415288,7.63,,40.70335333,4.05781829,3.19,12.66,,3.02,3.00110514,9.58221429,,6.6,30.645351,0.2947872,122.16,3.39600009,11.15998758,3.13279045,0.26588238,,8.86,0.579831,
2017-10-01,18.0,4.38420906,7.92665848,7.97,3.94027783,1.29,29.51318373,9.89126877,7.985,,41.67668714,4.10060723,3.29,12.91,,2.95,3.10666037,9.82221455,,6.56,30.610228,0.2947872,125.52,3.44600009,11.30998742,3.19208617,0.27035297,,8.94,0.579831,
2017-10-02,18.422,4.10925177,8.13332493,8.020001,3.83393919,1.28,29.54943999,10.08090163,7.5,,43.44668801,4.33594643,3.25,12.85,,3.05,3.09999383,9.42665885,,6.328,30.564565,0.28702964,126.12,3.46400009,11.15998758,3.09325997,0.2729412,,8.82,0.579831,
2017-10-03,18.921001,4.10925177,8.17332489,8.12,3.7362226,1.25,29.30289251,10.63063651,7.75,,44.87002204,4.64973203,3.25,12.91,,3.0,3.05777169,9.06665958,,6.248,30.438123,0.28702964,127.33,3.45999989,11.17798696,3.05372949,0.26847061,,8.8,0.623102,
2017-10-04,18.7,3.89774617,8.27332479,8.43,3.75059269,1.29,28.38921766,10.9018697,7.81,,46.67001959,4.73530992,3.29,13.52,,2.96,3.10332716,8.89332638,,6.376,30.662913,0.28702964,126.5,3.50200009,11.1479876,3.09325997,0.2729412,,8.7,0.649065,
2017-10-08,19.038,4.01860652,8.61332443,8.6,3.81669509,1.33,28.64664187,10.27449795,7.58,,50.66669155,5.05622701,3.33,13.55,,2.98,3.10110494,9.03554849,,6.64,30.669937,0.29090842,129.19,3.50999989,11.15398759,3.13279045,0.28141179,,8.91,0.666373,
2017-10-09,19.1,3.91587522,9.19999049,8.53,3.87992347,1.39,28.28044563,10.73371153,7.925,,49.00002407,5.34861813,3.36,13.16,,2.97,3.13888264,8.97777121,,6.712,30.645351,0.2947872,131.0,3.32000009,11.01598834,3.26126451,0.2731765,,8.9,0.683682,
2017-10-10,19.010001,3.80105789,9.1333239,8.62,3.83681321,1.38,27.80910378,10.57183069,7.75,,48.70002725,5.39140708,3.33,13.12,,2.98,3.17666035,8.98221476,,6.696,30.810432,0.2947872,128.5,3.20999989,10.81198797,3.26126451,0.2729412,,8.91,0.657719,
2017-10-11,18.875,3.86753108,9.04665732,8.61,3.83106517,1.36,27.8054799,10.57183069,7.75,,48.68002058,5.39140708,3.38,13.01,,3.08,3.20110463,9.00888185,,6.696,31.382946,0.29866598,128.05,3.35600029,10.76998862,3.26126451,0.27411767,,8.88,0.657719,
2017-10-12,19.0,3.95817634,9.0999906,8.5,3.84543526,1.33,27.9650088,10.40664585,7.7,,47.66669008,5.39140708,3.35,13.12,,3.05,3.22666036,9.31554783,,6.712,31.217864,0.2947872,128.14999,3.30200009,10.82398856,3.21185141,0.26705885,,8.91,0.666373,
2017-10-15,19.506,4.02767104,9.07999062,8.53,3.85693133,1.33,28.11366388,10.56357145,7.625,,48.55669052,5.53403689,3.34,13.15,,3.08,3.14110486,9.1777706,,6.648,31.618274,0.2947872,128.8,3.29600009,11.12998702,3.19208617,0.2651765,,9.0,0.666373,
2017-10-16,19.05,3.77688582,8.27332479,8.17,3.65000208,1.27,27.37402109,9.94478866,7.59,,46.83668634,5.56256286,3.26,12.8,,3.28,3.04443839,8.95554856,,6.16,31.217864,0.27927209,127.0,3.20000009,10.74598804,3.11302521,0.25764708,,8.9,0.666373,
2017-10-17,19.117999,3.78595035,8.03332503,8.14,3.60114378,1.27,27.16372987,10.24146098,7.72,,46.04335595,5.59822031,3.27,12.87,,3.28,3.04888293,8.98221476,,6.4,31.260014,0.27927209,127.05,3.12000008,10.75798803,3.11302521,0.25905885,,8.85,0.675028,
2017-10-18,18.888,3.89774617,8.23332483,8.29,3.6528761,1.3,27.1746066,9.91109127,7.425,,42.36668748,5.75511311,3.34,12.87,,3.35,3.09554951,9.01777117,,6.36,31.172205,0.28315087,127.05,3.49600009,10.57798763,3.33044285,0.25905885,,9.16,0.675028,
2017-10-19,18.37,3.87055259,8.16665823,8.34,3.72472653,1.31,27.19636261,9.94181533,7.425,,40.4433532,6.07603091,3.51,12.65,,3.33,3.12443834,9.10665955,,6.4,31.101959,0.28702964,127.1,3.5619999,10.49998832,3.50833,0.25905885,,9.37,0.649065,
2017-10-22,18.3,3.99141294,8.03332503,8.26,3.87992347,1.27,27.555306,10.04522138,7.6,,40.33335314,5.74798162,3.45,12.56,,3.21,3.05777169,9.15110396,,6.656,30.248455,0.29090842,127.0,3.6000001,10.43998838,3.46879952,0.25529414,,9.3,0.657719,
2017-10-23,18.305,4.00954199,8.10665829,8.270001,3.93165578,1.28,27.75472049,10.07759794,7.745,,43.60002141,5.63387777,3.56,12.7,,3.15,3.06666057,9.24888122,,6.984,30.43461,0.29090842,127.34,3.6000001,10.48798833,3.57750834,0.25670591,,9.51,0.657719,
2017-10-24,17.4,3.96421936,8.2866581,8.32,3.89429356,1.29,27.91787581,9.97716522,7.555,,40.56668659,5.69092969,3.7,12.81,,3.15,3.11666035,9.55999253,,7.12,30.206305,0.2947872,128.14,3.5599999,10.76998862,3.76527811,0.25600003,,9.270001,0.657719,
2017-10-25,17.311,3.95817634,8.39999132,8.38,3.90291561,1.31,27.88524598,10.07561572,7.55,,40.00001965,5.70519267,3.7,12.8,,3.15,3.14554919,9.77777014,,7.2,28.664379,0.2947872,131.48,3.6000001,10.79398799,3.78504335,0.25552944,,9.3,0.657719,
2017-10-26,17.656,3.95817634,8.4866579,8.4,3.94027783,1.35,27.46466354,10.07627613,7.555,,41.20002024,5.70519267,3.76,12.89,,3.15,3.18999354,9.8933256,,7.24,28.457149,0.30254476,132.0,3.6000001,10.81198797,3.87398693,0.2651765,,9.4,0.666373,
2017-10-29,17.817,3.91587522,8.66665771,8.49,3.93740382,1.35,27.48279312,10.34057189,7.44,,42.12668736,5.73371864,3.77,12.88,,3.2,3.21443805,10.21776979,,7.2,28.629256,0.30254476,132.67,3.7939999,10.73998805,3.87398693,0.26800003,,9.41,0.657719,
2017-10-30,17.985001,3.92796126,8.76665761,8.5,3.99775818,1.35,27.5009198,10.24146098,7.5,,42.53668756,5.77650758,3.88,12.91,,3.2,3.30332676,10.39999187,,7.2,28.660866,0.30642354,137.3,3.8040001,10.73998805,4.01234361,0.26611767,,9.47,0.666373,
2017-10-31,17.9,3.98536992,8.66665771,8.57,3.87992347,1.34,28.00489185,10.2424521,7.7,,41.85002056,5.96905784,3.83,12.9,,3.25,3.32221561,10.17776982,,7.048,28.098889,0.31805988,137.5,3.92200031,10.81798856,4.01234361,0.26870591,,9.46,0.675028,
2017-11-01,18.031,4.19385402,8.62665775,8.47,3.81669509,1.33,28.42547428,10.27449795,7.725,,41.40335367,6.18300256,3.79,12.73,,3.26,3.3333267,10.22221423,,7.24,28.28153,0.31805988,137.0,4.07799991,10.89598788,3.95304789,0.26611767,,9.33,0.675028,
2017-11-02,19.133,4.16968195,8.59999111,8.43,3.79370295,1.35,28.14267019,10.34486671,7.615,,41.66668713,6.34702685,3.75,12.7,,3.2,3.36665986,10.23110311,,7.2160008,28.204261,0.3141811,135.0,3.98200011,10.8779873,3.90363479,0.26588238,,9.44,0.675028,
2017-11-05,19.7,4.05788613,8.53999118,8.270001,3.72185251,1.32,27.74021733,10.34486671,7.275,,42.33335413,5.91200591,3.66,12.7,,3.13,3.3333267,10.08443701,,7.2,27.083817,0.31030232,134.75,3.8800001,10.73998805,3.79492597,0.25882356,,9.11,0.666373,
2017-11-06,19.2,3.97328389,8.33999138,8.23,3.70748243,1.3,27.80910378,10.34486671,7.29,,41.04002016,5.89774364,3.5,12.66,,3.0,3.27777126,10.08888145,,7.28,27.677406,0.30254476,130.05,3.7980001,10.54798826,3.85422169,0.25411767,,8.9,0.649065,
2017-11-07,19.0,3.91285371,8.4533246,8.15,3.67874225,1.3,27.80910378,10.24146098,7.65,,40.1000197,5.84782249,3.52,12.61,,2.95,3.23777123,10.0666588,,7.264,28.049716,0.30254476,130.0,3.6000001,10.45198837,3.85422169,0.25647061,,8.8,0.649065,
2017-11-08,19.3,3.95817634,8.44665794,8.2,3.70748243,1.33,27.52267617,10.58008994,7.75,,40.33668648,5.94053187,3.65,12.65,,3.01,3.23888245,10.13332497,,7.84,28.949988,0.30642354,130.96001,3.7000001,10.07998819,3.95304789,0.26000003,,9.03,0.649065,
2017-11-09,19.73,3.97328389,8.52665786,8.28,3.68161627,1.37,27.69670786,10.58273256,7.925,,38.00001866,5.99045231,3.66,13.12,,3.08,3.22221581,10.61776903,,7.52,30.287487,0.3141811,132.61,3.7820001,9.89998899,3.95304789,0.26000003,,9.3,0.657719,
2017-11-12,19.120001,4.04580009,8.37332468,8.32,3.60689182,1.44,27.84536294,10.58967099,8.0950005,,36.16668443,5.85495398,3.64,13.34,,3.13,3.18554922,10.5111029,,7.6,29.712489,0.31030232,133.0,3.7419999,9.90598898,3.95304789,0.2609412,,9.23,0.657719,
2017-11-13,19.200001,4.1545744,8.45999126,8.25,3.60689182,1.41,27.55167958,10.58008994,7.925,,36.66668468,5.81929653,3.55,13.3,,3.22,3.17332691,10.44443628,,7.544,27.16874,0.30642354,131.0,3.7200001,9.86998962,3.95304789,0.25623532,,9.2,0.657719,
2017-11-14,19.049999,4.18478949,8.39999132,8.26,3.48043505,1.4,27.3812714,10.58834918,8.05,,37.0500182,5.86921696,3.55,13.37,,3.16,3.15666039,10.39999187,,7.6,24.84374,0.28702964,131.0,3.7240003,9.81598968,3.92340003,0.25882356,,9.26,0.657719,
2017-11-15,18.809999,4.4325532,8.53999118,8.2,3.48043505,1.41,26.70326766,10.40664585,7.9,,36.40335121,5.78363907,3.45,13.06,,3.15,3.06332724,10.22221423,,7.52,25.006239,0.29090842,131.0,3.7119999,9.62398989,3.87398693,0.25858826,,9.2,0.657719,
2017-11-16,18.629999,4.35097247,8.71332433,8.15,3.44882086,1.41,26.39870756,10.07660682,7.5,,35.66668418,5.73371864,3.45,12.85,,3.11,3.02221632,10.22221423,,7.52,23.749991,0.28702964,132.0,3.8000001,9.22198974,3.95304789,0.25435297,,9.17,0.657719,
2017-11-19,18.110001,4.23615514,8.73332431,7.84,3.37122239,1.36,26.46759655,10.24311251,7.55,,33.70334989,5.45559049,3.35,12.82,,2.97,2.92888317,10.0666588,,7.528,23.187489,0.27927209,132.0,3.8000001,9.10798987,3.86410431,0.24705885,,8.91,0.666373,
2017-11-20,18.02,4.08810121,8.49999122,7.82,3.38271846,1.33,26.48935002,10.24146098,8.0550005,,33.50001645,5.35574962,3.37,11.8,,3.0,2.88888314,10.10221433,,7.52,23.437491,0.27927209,132.60001,3.8240003,9.22198974,3.84433907,0.24705885,,8.98,0.666373,
2017-11-21,18.219999,4.13040234,8.43332462,7.7,3.37697043,1.34,26.40596041,10.43935211,7.5,,34.15001677,5.27730322,3.4,12.1,,3.03,2.94332748,10.19110315,,7.52,22.656241,0.27927209,132.50999,3.8000001,9.49198944,3.93328265,0.24705885,,9.06,0.675028,
2017-11-22,18.200001,4.16968195,8.44665794,7.79,3.42008069,1.36,26.47847328,10.51005156,7.505,,34.42001691,5.34861813,3.43,12.31,,3.07,3.03777173,10.27999152,,7.528,22.824991,0.27927209,131.46001,3.8800001,9.56998935,3.95304789,0.25011767,,9.2,0.692336,
2017-11-23,19.33,4.31471436,8.50665788,7.92,3.47756103,1.39,26.55823901,11.05945672,7.675,,35.59335082,5.61961478,3.59,12.35,,3.1,3.02888286,10.38221455,,7.584,22.81874,0.28315087,130.60001,3.90000011,9.60598931,3.98269575,0.25270591,,9.37,0.718299,
2017-11-26,19.24,4.32075738,8.59999111,7.98,3.4890571,1.39,26.56186543,11.93427505,7.995,,36.00335102,5.74798162,3.59,12.85,,3.32,3.04332717,10.27999152,,7.72,23.006241,0.28315087,132.09,3.8200001,9.65998925,4.08152194,0.25788238,,9.46,0.718299,
2017-11-27,19.139999,4.27845626,8.61332443,8.0,3.44882086,1.4,26.10502674,12.3895245,7.65,,36.47335125,5.75511311,3.61,13.05,,3.57,3.05888291,10.26665864,,7.76,22.812491,0.27927209,134.96001,3.7000001,10.03198824,4.1111698,0.25882356,,9.520001,0.709644,
2017-11-28,19.809999,4.36910152,8.81999089,8.11,3.50342719,1.41,26.18116603,12.55404895,7.76,,38.70001901,5.9975838,3.67,13.13,,3.9,3.09443829,10.46221449,,7.76,23.187489,0.28315087,136.72,3.7140001,10.13398812,4.10128718,0.26000003,,9.66,0.718299,
2017-11-29,19.5,4.32075738,8.76665761,8.42,3.44019881,1.38,26.98607139,12.55404895,7.91,,41.3400203,5.96905784,3.67,13.24,,3.8,3.14332719,10.65776945,,7.856,23.193741,0.27927209,145.02,3.7099999,10.49998832,4.00246099,0.27058826,,9.8,0.718299,
2017-12-03,19.35,4.33284342,8.77999093,8.73,3.4229547,1.37,27.31600847,12.55404895,7.35,,41.54335374,6.07603091,3.75,13.4,,3.85,3.22332692,10.71110274,,7.92,23.90624,0.28315087,146.02,3.7200001,10.55998825,4.01234361,0.2731765,,9.9,0.718299,
2017-12-04,19.07,4.33284342,8.65332439,8.66,3.46606497,1.37,27.12022331,12.55404895,7.675,,40.18001973,6.01897827,3.66,13.21,,3.9,3.27777126,10.6799921,,7.688,24.099991,0.28315087,144.05,3.7099999,10.73998805,3.92340003,0.27058826,,9.9,0.718299,
2017-12-05,19.0,4.31773587,8.59999111,8.75,3.47756103,1.37,26.83016637,12.55404895,7.83,,38.83335241,6.08316169,3.67,12.95,,3.88,3.27110471,10.46221449,,7.68,24.424991,0.28315087,142.17,3.7220003,10.52998768,3.93328265,0.27129414,,9.88,0.709644,
2017-12-06,18.809999,4.31169286,8.63332441,8.1,3.47756103,1.34,26.28631164,12.55404895,7.95,,38.00001866,5.88347995,3.6,13.1,,3.9,3.23443812,10.23999244,,7.456,24.23124,0.27927209,141.52,3.7599999,10.34998848,3.93328265,0.27058826,,9.9,0.709644,
2017-12-07,18.9,4.32075738,8.5533245,7.91,3.44882086,1.31,26.28631164,12.55404895,7.99,,37.37001835,5.80503355,3.51,13.31,,3.92,3.25554897,10.25332532,,7.592,24.224989,0.27927209,141.3,3.8000001,10.19998865,3.90363479,0.27058826,,9.88,0.692336,
2017-12-10,18.969999,4.41442415,8.61999109,8.020001,3.47756103,1.33,26.35882452,12.73773451,7.99,,37.85001859,5.89061144,3.56,13.21,,4.0,3.27554904,10.27110353,,7.76,24.762489,0.27927209,142.0,3.8080003,10.19998865,3.94316527,0.27058826,,10.03,0.692336,
2017-12-11,18.9,4.51111243,8.57332448,8.03,3.56665557,1.34,26.15215972,12.7192338,7.95,,39.05668585,6.01897827,3.67,13.27,,4.0,3.3333267,10.3111035,3.7389491,7.952,26.456241,0.28315087,144.08,3.99600011,10.19998865,3.93328265,0.2729412,,10.08,0.70099,
2017-12-12,19.0,4.62895126,8.56665782,8.06,3.59252173,1.34,26.28993807,13.04035315,7.95,,39.78335287,6.10455616,3.65,13.42,,4.13,3.36777097,10.37776967,3.7389491,8.36,26.24999,0.28315087,144.02,4.20200011,10.46998895,3.97281313,0.2729412,,10.02,0.709644,
2017-12-13,19.139999,4.62592976,8.59999111,8.0,3.56378156,1.34,26.65250788,13.21842211,7.99,,39.5000194,6.07603091,3.68,13.56,,4.1,3.56110392,10.42221452,4.33847025,8.12,25.943738,0.28702964,142.39999,4.28800032,10.43998838,3.93328265,0.27129414,,9.96,0.735607,
2017-12-14,19.82,4.69844596,8.61999109,7.95,3.53504138,1.3,26.68513772,13.21908317,7.8,,39.67335282,6.06889871,3.64,13.56,,3.93,3.66554849,10.40443631,4.3835955,8.8,26.20624,0.27539331,142.0,4.40000012,10.31998912,3.94316527,0.26376473,,9.9,0.726953,
2017-12-17,21.25,4.68635993,8.64665773,8.0,3.49193112,1.3,26.50385281,13.22536053,7.92,,40.40668651,6.11881914,3.65,13.55,,3.97,3.66665937,10.44888072,4.43516721,8.8,25.70624,0.27927209,144.0,4.42000012,10.50598831,3.95304789,0.27058826,,9.770001,0.735607,
2017-12-18,22.35,4.68031691,8.69332435,7.98,3.51204924,1.31,26.42046356,13.40970617,7.8,,41.33335363,6.12595063,3.6,13.35,,4.0,3.61110393,10.44443628,4.57698941,8.84,25.062489,0.27927209,144.21001,4.35999992,10.49998832,3.95304789,0.26470591,,9.87,0.726953,
2017-12-19,22.0,4.69240295,9.01999068,7.84,3.60689182,1.29,26.10502674,13.5920709,7.65,,42.8166877,5.99045231,3.55,13.2,,4.06,3.64888163,10.35999146,4.65434698,8.68,25.39374,0.27539331,146.0,4.22000011,10.25998858,3.83445645,0.25976473,,9.66,0.735607,
2017-12-20,21.6,4.56247807,9.0999906,7.82,3.78508089,1.28,26.28268522,13.65550156,7.625,,41.70002048,5.9975838,3.44,13.31,,4.06,3.61332614,10.22665867,4.92509847,8.16,24.381239,0.27539331,145.99001,4.25999991,10.13998872,3.75539549,0.24188238,,9.68,0.726953,
2017-12-21,21.42,4.44161773,9.0666573,7.69,3.82531714,1.27,26.65613177,13.71067363,7.575,,40.80002004,5.81216504,3.45,13.02,,4.0,3.73332568,10.14665874,5.18295703,8.32,24.37499,0.27539331,142.03,4.15000011,10.19998865,3.76527811,0.24588238,,9.5,0.726953,
2017-12-24,21.32,4.50809092,9.07332396,7.63,3.85118329,1.28,26.83016637,14.04104335,7.625,,40.66668664,5.89774364,3.46,13.1,,3.94,3.79999255,10.21332535,5.02824189,8.392,24.08124,0.27927209,143.2,4.18000011,10.16998928,3.79492597,0.24823532,,9.55,0.726953,
2017-12-25,21.440001,4.55341355,9.11999058,7.72,3.7534667,1.29,26.92080882,14.06284774,7.625,,41.8833539,5.92626889,3.5,13.3,,3.95,3.77777026,10.25332532,5.15717117,8.256,23.124991,0.27927209,143.08,4.20800031,10.07998819,3.84433907,0.2529412,,9.55,0.726953,
2017-12-26,21.76,4.50809092,9.10665726,7.68,3.75634072,1.29,27.02595443,14.20622819,7.5,,41.36668698,5.82642802,3.51,13.68,,4.09,3.79443712,10.22665867,5.20229642,8.24,23.131239,0.27927209,143.25,4.38000012,10.06198881,3.84433907,0.24941179,,9.51,0.718299,
2017-12-27,21.610001,4.5020479,9.0999906,7.68,3.71035644,1.27,27.24712238,13.87552779,7.55,,42.47335419,5.88347995,3.53,13.36,,4.16,3.86443664,10.22221423,5.15717117,8.08,23.281241,0.27539331,142.99001,4.46600012,9.93598835,3.85422169,0.25058826,,9.54,0.726953,
2017-12-28,21.629999,4.54737053,9.09332394,7.65,3.71323046,1.27,27.62781887,13.57819504,7.99,,43.33668462,5.92877744,3.54,13.4,,4.24,3.84443657,10.35999146,5.09270653,8.2,23.749991,0.27539331,142.0,4.48000012,9.95998892,3.87398693,0.25200002,,9.6,0.735607,
2017-12-31,21.25,4.65312333,9.1666572,7.53,3.66437216,1.25,27.91787581,14.47019326,8.0,,43.04002114,5.93637844,3.54,13.38,,4.4,3.8466589,10.40888075,5.15717117,8.24,23.593741,0.27539331,139.5,4.57200032,9.89998899,3.80480859,0.25882356,,9.7,0.726953,
2018-01-02,21.42,4.68333842,9.0999906,7.63,3.66437216,1.27,27.80910378,14.2058975,8.3999995,,42.66668762,5.81476249,3.54,13.38,,4.49,3.80332577,10.29776973,5.18940349,8.08,23.76874,0.27539331,140.41,4.62000012,9.89998899,3.83445645,0.25929414,,9.75,0.735607,
2018-01-03,21.450001,4.61988674,8.94665742,7.7,3.67874225,1.29,27.19273618,14.5362672,8.255,,42.69668764,5.82236349,3.52,13.3,,4.69,3.73332568,10.3111035,5.26031459,8.424,23.76249,0.27539331,140.25,4.62200032,9.76798973,3.76527811,0.25882356,,9.88,0.752915,
2018-01-04,21.25,4.51111243,8.58,7.65,3.70748243,1.29,27.22899244,14.79924116,8.5,,45.09668548,5.75395452,3.41,13.11,,4.52,3.71110395,9.75554838,5.39569034,8.4,22.837491,0.27539331,141.0,4.60999992,9.85798903,3.67633454,0.25647061,,9.93,0.752915,
2018-01-08,21.4,4.5352845,8.6,7.65,3.77358483,1.27,27.4247805,14.89703125,8.885,,44.41668848,5.73875252,3.44,13.01,,4.57,3.71110395,9.38221533,5.44726205,8.6,22.837491,0.27539331,141.0,4.70200013,9.83998905,3.69609977,0.25905885,,10.0,0.752915,
2018-01-09,22.24,4.73470407,8.65,7.68,3.92303373,1.28,28.31307546,15.03182177,8.8500005,,43.67335478,5.81476249,3.58,13.15,,4.67,3.78221481,9.39554777,5.44726205,8.728,22.399991,0.27927209,141.86,4.52599992,9.95998892,3.90363479,0.25529414,,9.89,0.752915,
2018-01-10,23.1,4.78304821,8.67,7.7,4.00925425,1.3,28.90043965,15.03182177,8.3549995,,43.53335805,5.92117644,3.67,13.2,,4.75,3.88110339,9.46665882,5.42792266,9.0,22.393742,0.28315087,143.10001,4.58000012,10.35598848,3.90363479,0.25552944,,9.91,0.76157,
2018-01-11,24.139999,4.94016666,8.8,7.9,4.09547477,1.33,28.76991416,14.04071264,8.255,,44.00002115,6.04279239,3.7,13.25,,4.95,3.93332573,9.54665921,5.46015498,9.2,22.53124,0.28315087,144.49001,4.68600013,10.45798836,3.90363479,0.25435297,,9.97,0.752915,
2018-01-14,24.33,4.92808032,9.04,7.92,4.02649836,1.33,28.50161358,14.56930418,8.995,,43.680019,6.13400435,3.82,13.44,,5.0,3.99888116,9.52888189,5.54395901,9.328,22.668741,0.28315087,144.21001,4.82799993,10.31998912,3.88386955,0.25529414,,9.98,0.752915,
2018-01-15,24.66,4.8857795,8.88,7.88,3.96901801,1.32,28.12091419,14.86663691,8.3,,41.74668607,6.05799438,3.75,13.31,,5.07,3.99888116,9.46665882,5.46015498,9.592,22.031241,0.28315087,140.07001,4.88000013,10.31998912,3.81469121,0.25741179,,9.9,0.752915,
2018-01-16,24.92,4.88275799,8.9,7.83,3.97189202,1.31,28.04477453,15.03182177,8.385,,41.76668808,6.03519139,3.8,13.44,,5.06,3.98110341,9.18221505,5.46660144,9.6,22.09374,0.28315087,141.10001,4.88000013,10.22398922,3.82457383,0.25882356,,9.89,0.752915,
2018-01-17,25.129999,4.91297308,9.0,7.87,3.95752194,1.31,28.1716736,14.86663691,8.165,,42.33335369,6.08839837,3.85,13.31,,5.29,4.00221426,9.21332613,5.51817315,9.592,22.287491,0.28315087,141.21001,4.91800013,10.13998872,3.87398693,0.25952944,,9.93,0.770224,
2018-01-18,24.700001,5.09124209,9.17,8.07,3.99488416,1.33,28.2695689,14.86663691,8.01,,43.10669006,6.17961033,3.86,13.32,,5.28,4.07332523,9.32443716,5.61487011,9.52,22.143741,0.28702964,142.22,5.02400034,10.10998875,3.87398693,0.26070591,,10.04,0.804841,
2018-01-21,24.690001,5.0277901,9.1,8.05,3.87992347,1.31,28.50524,14.86663691,8.375,,42.00002019,6.27842329,3.79,13.2,,5.2,4.02554755,9.19999325,5.82115696,9.32,21.887491,0.28702964,144.5,5.14199994,9.83998905,3.84433907,0.2569412,,10.23,0.822149,
2018-01-22,24.639999,4.90995157,8.9,8.06,3.87992347,1.29,28.03752458,14.87820018,8.2749995,,42.01335353,6.22521631,3.76,13.32,,5.3,3.98332519,9.06665958,5.98231856,9.52,20.624992,0.28315087,144.0,5.32400034,9.71398979,3.85422169,0.25482355,,10.25,0.813495,
2018-01-23,24.559999,4.96433873,9.0,8.08,3.91441168,1.29,27.74384122,14.86630622,8.2749995,,42.28001899,6.2632213,3.79,13.2,,5.23,3.95665891,9.11110399,6.33687408,8.84,21.249992,0.28702964,143.11,5.32400034,9.6179899,3.86410431,0.25623532,,10.21,0.813495,
2018-01-24,24.6,4.98548929,9.04,7.97,3.89429356,1.29,28.10641103,14.70145206,8.37,,41.89335347,6.30882728,3.75,13.2,,5.16,3.93443662,9.06665958,6.54316092,8.816,21.224991,0.28702964,144.63,5.34000034,9.37798957,3.72574763,0.25835297,,10.11,0.822149,
2018-01-28,25.18,5.01570437,9.1,7.93,3.90866364,1.29,28.45085381,14.79032151,8.245,,42.26668832,6.27082229,3.78,13.2,,4.94,3.95554746,9.07110402,6.6720902,8.8,21.249992,0.29090842,146.0,5.61199995,9.57598935,3.74551287,0.26564709,,10.06,0.822149,
2018-01-29,26.309999,5.07613424,9.17,7.83,3.93165578,1.29,26.28993807,14.79032151,8.495,,43.55335561,6.28602505,3.8,13.1,,5.0,4.0677698,9.09332578,6.72366191,8.152,20.168742,0.2947872,146.64,5.60999995,9.53998939,3.73563025,0.26870591,,10.01,0.813495,
2018-01-30,28.16,4.98851079,9.26,7.8,3.90004159,1.29,28.76991416,14.86828844,8.425,,45.71335531,6.35443326,3.9,13.14,,5.0,4.01443657,9.02221473,6.55605385,8.344,20.918742,0.28315087,153.47,5.55200015,9.48598945,3.71586501,0.28541179,,9.6,0.822149,
2018-01-31,28.5,4.86462894,9.5,7.65,3.74197063,1.26,28.14267019,15.15670151,8.33,,45.36669048,6.19481233,3.69,13.19,,4.87,3.84777023,9.04443738,6.12414077,8.48,22.187491,0.27539331,151.60001,5.50000015,9.23998972,3.64668668,0.29341179,,9.41,0.839457,
2018-02-01,29.120001,4.85556441,9.41,7.66,3.72185251,1.25,28.28044563,15.2885187,8.33,,46.00002212,6.16440834,3.71,13.22,,4.94,3.88888115,8.96888188,6.52382153,8.488,22.19374,0.27539331,152.36,5.52799995,9.35998959,3.67633454,0.30141179,,9.5,0.839457,
2018-02-04,28.799999,4.81326329,9.13,7.55,3.67874225,1.22,27.78010037,15.43883758,8.4449995,,45.93335675,5.89077246,3.63,13.11,,4.9,3.79777022,8.88888194,6.349767,8.4,21.687492,0.27151453,153.10001,5.54000035,9.32998962,3.6071562,0.30611768,,9.22,0.848112,
2018-02-05,28.700001,4.78304821,9.2,7.6,3.67874225,1.24,27.85261325,15.75467069,8.45,,46.02002146,5.90597445,3.62,13.15,,4.88,3.88999204,8.93332635,6.5109286,8.56,21.318742,0.26763575,153.0,5.44000035,9.29998965,3.6071562,0.3011765,,9.3,0.839457,
2018-02-06,27.51,4.48089734,8.91,7.42,3.39421453,1.26,26.64888146,15.26308056,8.455,,43.33335417,5.41951066,3.52,12.83,,4.6,3.77777026,8.77777092,6.19505187,8.44,20.937492,0.25599941,149.0,5.20000014,8.99998999,3.39962118,0.2851765,,9.020001,0.813495,
2018-02-07,28.76,4.62592976,9.11,7.54,3.56090754,1.29,27.41753056,15.69256118,8.455,,44.66668814,5.7843585,3.66,12.82,,4.82,3.90776978,8.9111037,6.42712457,8.712,21.331242,0.26375697,148.99001,5.41199995,9.2579897,3.52809524,0.30023532,,9.33,0.830803,
2018-02-08,28.450001,4.46881131,9.11,7.51,3.49480514,1.27,27.48279312,15.72625856,8.455,,44.00002115,5.75395452,3.71,12.75,,5.05,3.89221437,9.44443706,6.65919727,8.52,21.293741,0.25987819,150.0,5.49800015,9.19198977,3.6071562,0.29482356,,9.520001,0.830803,
2018-02-11,27.799999,4.35399398,8.97,7.6,3.2562617,1.26,27.47191385,15.82437837,8.425,,42.70002253,5.5487276,3.7,12.5,,5.43,3.83332571,9.26665942,6.90416291,8.56,20.63124,0.25212063,150.0,5.90000016,9.17998979,3.5577431,0.28541179,,9.53,0.822149,
2018-02-12,28.0,4.45370376,9.06,7.65,3.35110427,1.25,27.09484342,15.80785988,8.01,,42.90001929,5.53352561,3.69,12.26,,5.63,3.83443659,9.40443709,7.03309218,8.712,20.637492,0.25599941,150.0,5.99600016,9.20998975,3.61703882,0.28800003,,9.55,0.822149,
2018-02-13,28.16,4.42046717,9.03,7.5,3.37409641,1.26,26.39508368,15.81942316,8.505,,42.07335423,5.47271764,3.63,12.14,,5.36,3.77888115,9.11110399,7.09111036,8.76,20.062491,0.24436308,148.5,5.95999996,9.03598995,3.59727358,0.28588238,,9.55,0.822149,
2018-02-14,28.299999,4.42953169,9.1,7.52,3.39708855,1.27,26.47122297,16.20496494,8.505,,42.20001962,5.50312162,3.7,11.92,,5.3,3.83443659,9.13332575,7.30384367,8.92,20.124993,0.24824185,147.0,6.07200036,9.02998995,3.6071562,0.28235297,,9.6,0.830803,
2018-02-15,28.41,4.38723057,9.15,7.66,3.53504138,1.25,26.92443524,16.0229309,8.45,,42.66668718,5.46511664,3.78,12.08,,5.43,3.88332572,9.48888147,7.38120124,8.96,20.331241,0.25212063,147.89999,6.20000017,9.23998972,3.73563025,0.28564709,,9.74,0.839457,
2018-02-18,28.82,4.44161773,9.11,7.76,3.56952959,1.27,26.83016637,15.69256118,8.715,,42.06668556,5.48031863,3.94,12.01,,5.51,3.94332571,9.5999925,7.71641736,8.824,21.249992,0.24824185,147.0,6.37200037,9.28798967,3.93328265,0.29082356,,10.12,0.848112,
2018-02-19,29.459999,4.48694036,9.13,7.9,3.56378156,1.3,26.90267924,15.69322159,8.715,,42.10002157,5.50312162,4.05,12.11,,5.48,4.09888062,9.59110361,7.77443554,8.752,20.831243,0.24824185,145.05,6.34199997,9.26398969,4.01234361,0.29411745,,10.23,0.856766,
2018-02-20,31.459999,4.5020479,9.13,7.86,3.56378156,1.33,27.53355254,15.88087225,8.715,,41.86668613,5.54112661,4.07,12.21,,5.38,4.13221389,9.64443735,7.22003964,9.056,20.437492,0.24824185,142.99001,6.25000017,9.05998992,3.97281313,0.29411745,,10.16,0.874074,
2018-02-21,31.209999,4.62592976,9.01,7.9,3.49480514,1.33,27.71121102,16.22082202,8.715,,41.33335321,5.39670767,4.09,12.2,,4.89,4.06888068,9.51110368,6.96218108,9.008,20.437492,0.24824185,144.0,6.20200017,9.05998992,3.95304789,0.28617628,,9.99,0.86542,
2018-02-22,31.950001,4.66823088,8.97,7.86,3.50630121,1.35,28.33845825,16.18811574,8.115,,40.40001809,5.35110169,4.1,12.15,,4.9,4.07221434,9.64443735,7.05243158,8.968,20.518743,0.24824185,144.50999,6.24000037,8.86199014,3.90363479,0.28529393,,9.97,0.86542,
2018-02-25,33.150002,5.04591976,9.05,7.99,3.54941147,1.38,28.28044563,16.38237314,8.615,,40.80002028,5.38910667,4.07,12.15,,5.03,4.08888064,9.66665911,7.12334268,9.136,21.031243,0.25212063,145.0,6.62200038,8.95199004,3.93328265,0.30117627,,9.98,0.839457,
2018-02-26,33.68,5.12749989,9.07,8.21,3.64425404,1.4,28.09916072,17.01404002,8.615,,41.14668712,5.43471265,4.11,12.19,,4.93,4.11110293,9.27110431,7.01375279,9.12,18.674992,0.25212063,144.81,6.60000018,8.93999005,3.98269575,0.30264686,,9.5,0.839457,
2018-02-27,34.400002,5.3057689,9.06,8.08,3.66437216,1.38,27.92150224,17.40519876,8.615,,41.34001854,5.48031863,4.22,12.09,,4.89,4.11110293,9.31110428,7.14268207,9.12,18.893742,0.25212063,145.5,6.68200018,9.32998962,4.04199146,0.31499979,,9.66,0.839457,
2018-02-28,35.049999,5.30274739,8.97,8.01,3.67299422,1.38,27.87436635,17.24529882,8.01,,40.8400183,5.43471265,4.15,12.05,,4.8,4.07221434,9.41777086,7.35541538,9.08,18.762492,0.24824185,147.00999,6.62399998,9.56998935,3.96293051,0.32411743,,9.8,0.830803,
2018-03-01,34.080002,5.14865106,8.9,7.91,3.6528761,1.38,27.8888695,18.07089239,8.075,,40.40001809,5.39670767,4.12,12.1,,4.74,4.02443655,9.78221458,6.73010838,9.08,18.749993,0.24824185,147.85001,6.59800058,9.53998939,3.94316527,0.31911744,,9.85,0.839457,
2018-03-04,34.0,5.18188735,8.9,7.92,3.62700994,1.38,27.91787581,18.13729704,7.3,,38.67335059,5.45751564,4.14,12.07,,4.75,4.0577697,9.75554838,5.89851453,9.008,18.849992,0.24824185,145.5,6.46200037,9.53998939,4.04199146,0.3167645,,9.8,0.856766,
2018-03-05,34.509998,5.23023118,9.11,7.8,3.65000208,1.39,27.99038869,18.17727243,7.93,,38.66668526,5.52592461,4.25,12.16,,4.7,4.10888071,9.9422149,5.99521149,8.824,18.874993,0.24824185,145.0,6.10000016,9.41998952,4.0617567,0.3167645,,10.1,0.848112,
2018-03-06,34.240002,5.25742506,9.15,7.9,3.65000208,1.4,28.42910071,18.47394377,8.1499995,,39.24001953,5.5487276,4.35,12.26,,4.74,4.28776925,9.97777042,6.22083773,8.488,18.499993,0.25212063,145.77,6.50999998,9.33598961,4.1111698,0.3167645,,10.26,0.848112,
2018-03-07,33.16,5.27253291,9.06,7.95,3.61263985,1.44,29.34277519,19.08116363,8.1499995,,39.23335086,5.50312162,4.49,12.48,,5.0,4.24443611,10.18221426,6.25951651,8.64,18.568742,0.25212063,147.75,6.65999998,9.44398949,4.01234361,0.3099998,,10.67,0.848112,
2018-03-08,32.599998,5.19397369,8.99,8.22,3.45169488,1.46,30.38697553,20.36762328,8.33,,39.54668568,5.41190966,4.41,12.35,,4.95,4.23332469,10.39110255,6.2079448,8.712,18.762492,0.25212063,151.0,6.60000018,9.56398936,4.00246099,0.31058803,,10.85,0.848112,
2018-03-11,32.0,5.14562955,9.0,8.75,3.51779728,1.51,30.10779786,19.04845735,8.33,,41.74002073,5.44231365,4.49,12.31,,4.89,4.22888059,10.48888069,6.18860541,9.008,19.049992,0.25599941,152.05,6.61999978,9.59998932,4.02222623,0.3067645,,10.92,0.856766,
2018-03-12,32.049999,5.13656472,9.04,8.8,3.63850601,1.54,30.45586453,19.04845735,8.33,,41.56668532,5.48791963,4.68,12.37,,4.95,4.24443611,10.68443654,6.23373065,9.304,19.156242,0.26375697,153.61,6.63200018,9.60598931,4.14081766,0.30941156,,11.47,0.874074,
2018-03-13,32.459999,5.3057689,9.25,9.37,3.80807303,1.63,31.20638404,19.16144313,8.5,,40.51335281,5.51832362,4.57,12.66,,5.1,4.18888067,10.7066583,6.2079448,9.328,19.293743,0.26763575,160.17999,6.40000017,9.47998945,4.2594091,0.30382333,,11.41,0.874074,
2018-03-14,32.5,5.29066166,9.23,9.3,3.68161627,1.64,31.28977619,19.49247424,8.8149995,,39.67335107,5.41951066,4.4,12.68,,4.88,4.01776978,10.73776939,5.83404989,9.6,18.918742,0.26375697,158.0,6.21199997,9.48598945,4.20011338,0.30117627,,11.14,0.882728,
2018-03-15,32.52,5.29368317,9.23,9.3,3.73047456,1.64,31.39854532,19.62396072,8.3999995,,39.76668712,5.41951066,4.43,12.59,,4.9,4.01110291,10.82221376,5.82115696,9.44,18.974993,0.26375697,157.71001,6.30600037,9.29998965,4.20011338,0.29705863,,11.17,0.900037,
2018-03-18,32.57,5.31785524,9.25,9.2,3.69598636,1.77,32.21432741,19.9873674,8.8199995,,39.50001899,5.46511664,4.5,12.65,,4.76,3.96665889,11.24887965,5.51172669,9.752,18.924993,0.26763575,160.61,6.23000017,9.26998969,4.23964386,0.30147039,,11.35,0.900037,
2018-03-19,32.98,5.17886554,9.28,8.9,3.62700994,1.86,32.27596391,20.15156015,8.8199995,,39.99335389,5.3282987,4.48,12.26,,4.8,4.05554749,11.33332448,5.51817315,9.6,18.937492,0.27539331,158.00999,6.30000017,9.14998982,4.20011338,0.30588215,,11.4,0.86542,
2018-03-20,32.82,5.20605942,9.37,8.83,3.59252173,1.89,31.90251736,20.15453448,8.8199995,,42.6333545,5.3206977,4.3,12.28,,4.8,4.06110292,11.33776892,5.77603171,9.248,18.981243,0.27151453,159.03,6.43600017,9.05998992,4.1605829,0.31058803,,11.33,0.874074,
2018-03-21,32.52,5.25742506,9.85,9.16,3.63275797,2.08,31.40579853,20.1558553,8.8199995,,42.18002028,5.28269272,4.38,12.2,,4.79,4.05110294,11.51110211,5.93074685,9.296,18.762492,0.27539331,159.14999,6.24000037,9.04798993,4.18034814,0.30470568,,11.4,0.874074,
2018-03-22,32.0,5.18793037,10.02,9.05,3.71323046,2.06,31.43480194,20.15255227,9.0,,41.00001971,5.17627877,4.33,12.1,,4.95,4.02999198,11.37776889,5.80826403,9.512,18.624992,0.28315087,158.0,6.25000017,8.93999005,4.1605829,0.30147039,,11.61,0.874074,
2018-03-25,31.309999,5.15469347,9.92,8.6,3.67874225,2.05,31.47468498,19.6569977,9.5,,40.00001923,5.1002688,4.25,12.14,,4.94,3.97776975,11.02221316,5.73735293,9.2,18.512493,0.28315087,154.99001,6.40000017,8.93399006,4.14081766,0.29705863,,11.34,0.882728,
2018-03-26,31.52,5.04894067,10.1,8.53,3.65862413,2.11,31.61971327,19.82218255,10.045,,39.66668574,5.16867777,4.4,12.29,,4.99,3.98999206,11.1511024,5.75669232,9.52,18.062493,0.28315087,153.0,6.32000017,8.90999009,4.14081766,0.29705863,,11.32,0.856766,
2018-03-27,31.66,4.98548929,9.9,8.67,3.68161627,2.26,31.72485888,19.75610861,10.045,,40.37335341,5.15347578,4.4,12.32,,5.15,3.99443661,11.29332451,5.89851453,8.928,17.981243,0.28702964,154.97,6.32000017,8.92799007,4.19023076,0.28970569,,11.36,0.86542,
2018-03-28,31.25,4.80419877,9.81,8.92,3.91728569,2.4,31.90251736,19.45877587,9.755,,40.20001866,5.10786979,4.56,12.1,,5.01,4.021103,11.0755469,5.93074685,8.952,17.968743,0.30642354,154.0,6.10000016,8.98199001,4.37800054,0.29264687,,11.25,0.856766,
2018-03-29,31.4,4.86462894,9.9,9.13,3.94889989,2.38,32.12731174,19.52584192,9.995,,40.54002016,5.16867777,4.74,12.17,,5.09,4.05665837,11.19999169,6.08546198,8.6,18.099992,0.32193866,155.60001,6.30000017,9.29398966,4.73377485,0.29411745,,11.18,0.856766,
2018-04-01,31.32,4.8857795,10.19,9.84,3.93740382,2.42,31.81550133,19.49181284,9.75,,40.11335129,5.41951066,4.81,12.23,,5.15,4.11443615,11.28888007,6.07256905,8.96,18.156242,0.33745377,158.81,6.50000018,9.42598951,5.03025344,0.29411745,,11.43,0.86542,
2018-04-02,31.82,4.83441385,10.67,9.97,3.96614399,2.39,31.54357397,18.73262391,9.505,,40.33335272,5.62473757,4.75,12.3,,5.1,4.14665842,11.33332448,6.16926601,9.04,18.149993,0.33357499,161.0,6.24199997,9.65398926,4.99072296,0.30058804,,11.52,0.86542,
2018-04-03,31.5,4.76491915,10.37,10.07,3.89429356,2.3,31.5472004,18.83107343,9.9750005,,40.34001806,6.20241332,4.45,12.54,,5.02,4.11110293,11.46221371,6.44646396,9.184,18.124993,0.32193866,158.2,6.30000017,9.64198927,4.79307056,0.29794098,,12.16,0.856766,
2018-04-04,30.5,4.68938144,10.0,9.44,3.76783679,2.12,31.38404253,19.19481081,9.55,,40.20668666,6.11120136,4.47,12.26,,5.11,3.93332573,10.97776964,6.60762556,9.2,18.193743,0.30254476,154.5,6.35600037,9.00598998,4.77330532,0.29176451,,12.97,0.874074,
2018-04-05,30.530001,4.59269316,10.0,9.5,3.87992347,2.2,31.71035573,18.50070372,9.5550005,,41.20001914,6.2556203,4.52,12.35,,5.39,3.97221432,11.11110243,6.58183971,9.2,18.281243,0.30642354,156.71001,6.60000018,9.23998972,4.83260104,0.29205863,,12.71,0.882728,
2018-04-10,30.860001,4.61082221,10.15,9.51,3.99775818,2.26,31.84813117,19.16111243,9.925,,42.46001975,6.30882728,4.68,12.4,,5.56,4.00110293,11.15554684,6.54960739,9.2,18.274993,0.3141811,158.42999,6.77200038,9.41398953,5.03025344,0.29352922,,12.65,0.917345,
2018-04-11,31.08,4.56549958,10.62,9.45,4.22480555,2.16,31.90614379,19.55722538,9.5649995,,42.02001954,5.95158043,4.65,12.62,,5.75,4.09776974,11.23110233,6.45935689,9.504,18.124993,0.29866598,159.69,6.74000038,9.86998962,5.22790583,0.29294098,,12.96,0.891383,
2018-04-12,30.799999,4.53226299,10.89,9.2,4.1989394,2.15,31.18100416,19.70688385,10.0,,42.01335353,5.81476249,4.56,12.7,,5.66,4.08665843,11.11110243,6.42067811,9.76,18.024993,0.29090842,157.25,6.78000058,9.90598898,5.23778845,0.29176451,,12.78,0.891383,
2018-04-15,30.5,4.5715426,10.85,8.95,4.19606538,2.19,31.21726041,19.81557482,10.0,,42.00002019,5.76915651,4.63,13.18,,5.51,4.05554749,11.16443616,6.29819594,9.84,17.506243,0.29866598,154.5,6.70599998,10.1519887,5.25755369,0.28764687,,13.01,0.891383,
2018-04-16,30.59,4.62290825,10.95,9.0,4.22767957,2.22,31.40942205,19.49214355,9.115,,42.13335426,5.77675751,4.64,13.49,,5.75,4.06665835,11.0755469,6.29174883,9.992,17.187493,0.2947872,156.16,6.64199998,10.29598854,5.33661465,0.28911746,,13.22,0.891383,
2018-04-17,30.969999,4.70751049,11.0,9.25,4.34264027,2.31,31.52182051,19.49181284,9.25,,42.53335312,5.83756548,4.66,13.84,,5.97,4.05665837,11.14221351,6.42067811,10.0,17.374992,0.29866598,158.10001,6.52399998,9.43198951,5.27731893,0.2914704,,13.35,0.908691,
2018-04-18,30.610001,4.80419877,10.72,9.1,4.17019922,2.33,31.61608685,19.66855998,9.26,,43.62668897,5.98958541,4.5,14.07,,6.26,4.00665881,10.88888038,6.39489225,10.16,17.406243,0.30254476,160.33,6.49000037,9.49198944,5.06978392,0.29117628,,13.0,0.925999,
2018-04-19,30.870001,4.81024178,10.7,9.0,4.2822859,2.36,31.63421643,19.56118981,9.13,,44.3066873,6.0123884,4.54,14.51,,6.3,4.06888068,10.93776967,6.63341142,10.264,16.874993,0.30254476,161.02,6.55000018,9.59998932,5.04013606,0.29411745,,12.85,0.934654,
2018-04-22,31.6,4.83441385,10.84,9.11,4.3972466,2.47,32.17807115,19.49181284,9.25,,46.14002152,6.13400435,4.56,14.84,,6.34,4.0844361,11.11110243,6.91705583,10.216,16.981243,0.30642354,160.53,6.54199998,9.51598941,5.08954915,0.29617628,,12.75,0.900037,
2018-04-23,32.610001,4.83743536,10.87,9.22,4.51220729,2.68,32.26508718,19.69036537,9.25,,46.23335423,6.21761532,4.57,14.9,,6.05,4.03443653,11.13776863,6.96862755,10.4,17.062493,0.32969621,162.0,6.49800058,9.41998952,5.13896225,0.29705863,,12.8,0.908691,
2018-04-24,32.0,4.96131722,10.9,8.81,4.45472695,2.63,32.64216015,19.65765909,9.5,,45.42668784,6.16440834,4.6,14.76,,5.95,3.94554748,11.51110211,6.91060937,10.616,17.131243,0.32193866,161.5,6.45999997,9.26998969,5.12907963,0.30441156,,13.05,0.934654,
2018-04-26,32.110001,5.19397369,11.02,8.94,4.51220729,2.63,33.35642305,19.16144313,9.62,,45.40668916,6.0123884,4.65,14.7,,6.01,3.95665891,11.66221311,6.85259119,10.896,17.193743,0.32581743,161.71001,6.46400017,9.27598968,5.21802321,0.30441156,,13.1,0.96927,
2018-04-29,31.76,5.32389856,11.05,8.75,4.54094747,2.73,33.74074633,19.81821811,9.96,,45.96668677,5.92117644,4.58,14.81,,6.01,3.91110344,11.69776863,6.85259119,10.76,17.187493,0.33357499,159.50999,6.49800058,9.18598978,5.19825797,0.30882333,,13.25,0.960616,
2018-04-30,31.379999,5.20908093,11.03,8.49,4.36850642,2.65,33.83501521,19.82418485,9.96,,46.13335351,5.90597445,4.53,15.56,,6.0,3.85665888,11.4444355,6.8332518,10.872,17.074993,0.32581743,158.75,6.63399978,9.00598998,5.08954915,0.30588215,,13.42,0.960616,
2018-05-02,30.9,5.19699519,11.0,8.31,4.25354573,2.63,33.79513217,20.12944777,10.0,,47.09335531,5.95918143,4.42,16.0,,6.06,3.70554796,11.15554684,6.85259119,10.88,16.749993,0.31805988,159.39,7.10599999,9.07198991,4.95119248,0.30352921,,13.0,0.96927,
2018-05-03,30.5,5.23929601,10.9,8.21,4.10984486,2.52,33.53770796,19.72309162,10.0,,49.00669156,5.85276747,4.28,15.4,,6.13,3.6344371,11.13332419,6.84614473,10.872,16.381243,0.3141811,162.10001,7.20000019,9.23998972,4.79307056,0.30588215,,12.84,0.995233,
2018-05-06,29.4,5.09124209,10.94,8.15,4.13858503,2.41,32.59502716,19.22753656,10.0,,48.75335477,5.70834854,4.03,15.5,,6.33,3.56221525,11.13332419,6.88482351,10.88,16.062494,0.31030232,161.00999,7.18200019,9.15598981,4.74365746,0.30588215,,12.5,0.986579,
2018-05-07,29.15,5.09124209,11.02,8.16,4.12996298,2.45,32.19620073,18.63287047,10.0,,47.74669162,5.70074754,4.1,15.56,,6.42,3.63888165,11.16443616,6.89771644,10.8,15.937494,0.30642354,161.0,7.04,9.16198981,4.79307056,0.2999998,,12.75,0.986579,
2018-05-08,29.67,5.04591976,11.33,8.18,4.20468743,2.52,32.45362494,18.8310925,10.0,,47.80002098,5.76155551,4.04,15.98,,6.43,3.66110394,11.30221339,6.8332518,10.632,16.068743,0.3141811,158.0,7.12,9.17998979,4.9610751,0.30147039,,13.12,0.977925,
2018-05-09,27.4,4.9552742,11.4,7.85,3.96614399,2.63,31.9133941,18.44654176,9.5,,46.06668748,5.50312162,3.88,16.200001,,5.92,3.51777078,11.13776863,6.70432252,10.64,15.818743,0.30254476,153.55,6.57,9.17998979,4.65471389,0.29117628,,12.8,0.960616,
2018-05-10,27.719999,4.9552742,11.43,7.62,3.96614399,2.66,31.36228906,17.638787,9.5,,45.90002073,5.47271764,3.9,15.69,,6.0,3.47221531,11.06665802,6.59473264,10.656,15.656243,0.31030232,154.5,6.51,8.93999005,4.67447913,0.28735278,,12.35,0.96927,
2018-05-13,27.75,4.89786523,11.92,7.65,4.10984486,2.8,31.57983023,17.04907649,10.675,,45.86669072,5.38150568,3.9,15.62,,6.19,3.53888185,11.15999172,6.64630435,10.6,15.512494,0.3141811,156.10001,6.27,8.58599045,4.70412699,0.28705863,,12.24,0.96927,
2018-05-14,27.129999,5.06404851,11.76,7.77,4.10984486,2.87,31.60521012,17.05700636,10.0,,44.84002289,5.38150568,3.84,14.8,,6.12,3.42665985,11.11110243,6.54960739,10.0,15.312494,0.31030232,156.99001,6.2,8.39999065,4.50647459,0.2882351,,11.71,0.960616,
2018-05-15,27.620001,5.08519907,11.85,8.0,4.24779769,2.93,31.38404253,17.24531629,10.0,,45.46668653,5.41951066,3.96,15.08,,5.91,3.47110421,10.95999143,6.44646396,10.0,15.156244,0.3141811,160.55,6.1,8.39999065,4.58553555,0.28558805,,11.75,0.96927,
2018-05-16,27.67,5.13656472,11.9,8.04,4.36850642,2.97,31.54357397,16.90338329,10.0,,46.07335615,5.37390468,4.05,14.79,,5.83,3.49999304,11.01332517,6.44646396,10.0,15.256244,0.31805988,161.0,6.15,8.49599055,4.58553555,0.28529393,,11.89,0.977925,
2018-05-17,27.9,5.15167196,12.15,8.0,4.25354573,2.98,31.50731772,16.65065021,10.24,,46.77335849,5.3206977,4.1,13.9,,5.75,3.50665958,10.93332479,6.49158921,9.6,15.374994,0.31805988,160.5,6.25,8.78999022,4.64483127,0.28676452,,12.17,0.995233,
2018-05-20,28.129999,5.13656472,12.4,8.01,4.30815206,2.92,30.45586453,16.88752552,10.24,,46.54668904,5.25228873,3.9,14.1,,5.68,3.44443759,10.95554699,6.63985788,10.0,15.256244,0.32193866,161.99001,6.32,8.54999049,4.54600507,0.28617628,,12.1,0.995233,
2018-05-21,28.41,5.16677981,12.47,8.05,4.45472695,2.97,30.45586453,16.747779,10.0,,46.8600232,5.31309671,3.93,14.25,,5.72,3.48221529,10.72443562,6.71721545,10.0,15.449993,0.32193866,162.0,6.56,8.57999045,4.55588769,0.28794099,,12.2,1.003887,
2018-05-22,28.9,5.19699519,12.33,7.87,4.35988437,3.0,30.4522381,16.58325571,10.0,,48.33335657,5.30549571,3.91,14.3,,5.6,3.41110444,10.46665804,6.58828617,10.0,15.518744,0.3141811,161.5,6.68,8.60999042,4.51635721,0.29411745,,12.16,1.003887,
2018-05-23,29.209999,5.13656472,12.41,8.0,4.35413634,2.95,30.45586453,16.05598414,10.0,,48.04668977,5.34350069,3.93,14.31,,5.61,3.45777101,10.43999184,6.63985788,10.008,15.568744,0.31030232,159.0,6.84,8.63999039,4.55588769,0.29411745,,12.22,1.012541,
2018-05-24,29.1,5.14562955,12.39,7.99,4.35413634,2.85,30.61901985,16.05598414,10.0,,48.22668719,5.35870269,3.98,14.25,,5.45,3.44443759,10.22665867,6.74944777,10.0,15.656243,0.3141811,159.00999,6.96,8.63999039,4.55588769,0.29411745,,12.4,1.012541,
2018-05-27,28.700001,5.18188735,12.0,7.95,4.28803394,2.85,30.49212078,16.19374844,10.0,,48.14002248,5.39670767,4.08,14.05,,5.55,3.45554868,10.15554762,6.63985788,9.072,15.562494,0.31030232,156.0,6.8,8.61599041,4.58553555,0.29411745,,12.4,1.012541,
2018-05-28,28.549999,5.08822058,12.03,7.91,4.21043547,2.88,30.4739941,16.84788212,10.0,,42.86668928,5.50312162,4.26,14.15,,5.68,3.47554875,10.22665867,6.6720902,9.688,15.462494,0.31030232,158.49001,6.8,8.62199041,4.64483127,0.29411745,,12.52,1.012541,
2018-05-29,28.6,5.18793037,12.1,7.94,4.21330949,2.94,30.98158967,16.87959665,10.0,,43.03335602,5.43471265,4.25,14.28,,5.72,3.56110392,10.46665804,6.65919727,9.736,15.562494,0.31030232,160.0,6.66,8.56799047,4.82271842,0.29411745,,12.78,1.021196,
2018-05-30,28.0,5.10634963,12.23,8.0,4.16732521,2.82,31.17737773,16.87166777,10.0,,42.19335429,5.29789471,4.21,14.2,,5.71,3.45554868,10.13332497,6.52382153,9.88,15.499993,0.30254476,153.0,6.36,8.57999045,4.82271842,0.29411745,,12.17,1.012541,
2018-05-31,27.030001,5.04591976,12.34,7.83,3.91728569,2.73,29.00558526,17.24531629,10.0,,40.66668622,5.19908176,3.97,14.13,,5.57,3.3333267,9.93777045,6.4400175,9.6,15.106244,0.29866598,152.00999,6.0,8.33999072,4.60530079,0.29588216,,11.75,1.003887,
2018-06-03,27.52,5.07915575,12.39,7.95,4.02362434,2.85,30.54288056,17.35929296,10.0,,41.68668604,5.25228873,4.09,14.71,,5.68,3.41999331,10.08888145,6.48514275,9.976,15.393743,0.30254476,154.67,6.08,8.32199074,4.75354008,0.29970568,,11.98,1.012541,
2018-06-04,28.01,4.85556441,12.07,7.8,3.93740382,2.82,30.81843434,16.74877111,10.0,,40.00668457,5.18387976,4.0,14.6,,5.61,3.27777126,9.7999919,6.44646396,9.8,15.043744,0.29090842,154.0,5.56,8.1779909,4.64483127,0.29941157,,10.98,1.012541,
2018-06-05,27.5,4.76794066,11.75,7.5,3.79370295,2.76,29.00558526,16.65065021,10.0,,38.73335062,4.94064787,3.87,14.06,,5.5,3.25554897,9.51110368,6.28530236,9.984,14.581244,0.28315087,151.2,5.4,7.80599132,4.55588769,0.29411745,,10.64,0.995233,
2018-06-06,27.110001,4.68333842,11.21,7.26,3.59539575,2.7,30.18393716,16.56541475,10.0,,37.67335011,4.65941099,3.91,14.33,,5.45,3.31110441,9.50665879,6.4400175,10.0,13.724994,0.27539331,154.0,5.64,7.12799207,4.36811792,0.30205862,,10.82,0.995233,
2018-06-07,27.120001,4.63197277,11.0,7.2,3.59252173,2.74,30.45949095,16.35331717,9.5,,37.33335128,4.636608,3.89,14.45,,5.4,3.28999357,9.55554809,6.47224982,10.0,13.756244,0.27539331,152.03,5.74,7.31999186,4.42741363,0.30588215,,10.9,0.995233,
2018-06-10,27.299999,4.77700519,11.36,7.37,3.62700994,2.79,30.81843434,16.35331717,10.0,,38.24668439,4.70501697,3.96,14.94,,5.64,3.3333267,9.71554841,6.530268,10.0,13.412494,0.27927209,152.75,5.9,7.42799174,4.49659197,0.31029391,,11.27,0.995233,
2018-06-11,27.5,4.80419877,11.54,7.37,3.59252173,2.77,30.45586453,15.36220704,9.7250005,,38.66668526,4.57580002,4.01,14.85,,5.5,3.23554923,9.77777014,6.61407203,9.6,13.381245,0.28315087,152.0,5.69,7.54199161,4.45706149,0.3117645,,11.65,0.986579,
2018-06-12,27.559999,4.88275799,11.69,7.4,3.64425404,2.78,30.31446266,15.36220704,9.75,,39.56668436,4.57580002,4.05,14.92,,5.5,3.23888245,9.90665937,6.74300131,9.6,13.593745,0.27927209,151.0,5.69,7.56599158,4.39776577,0.30647039,,11.76,0.986579,
2018-06-13,27.5,4.90995157,11.61,7.35,3.72760055,2.81,30.63714943,15.4563625,9.75,,38.4066858,4.629007,4.07,15.1,,5.25,3.30110443,10.16443694,7.00085986,9.6,14.374994,0.28315087,151.32001,5.81,7.71599142,4.43729625,0.30588215,,11.98,0.995233,
2018-06-14,28.059999,4.94318847,11.4,7.44,3.7362226,2.89,31.13749469,15.75865109,9.5,,37.54001871,4.65180999,4.14,15.02,,5.41,3.295549,10.35554702,7.155575,9.368,14.374994,0.28315087,150.57001,6.0,7.49999166,4.47682673,0.30882333,,11.97,0.96927,
2018-06-19,28.25,5.06404851,11.45,7.36,3.74771867,3.08,30.4522381,15.82009992,9.5,,36.66668429,4.66701199,4.08,14.56,,5.31,3.26666017,9.99999218,7.19425378,9.6,14.062494,0.28315087,148.0,5.95,7.54199161,4.38788315,0.29705863,,11.87,0.977925,
2018-06-20,28.5,5.11843597,11.53,7.44,3.80807303,3.26,30.45586453,15.56042906,8.88,,35.74668319,4.68981498,4.13,14.37,,5.36,3.31110441,10.22221423,6.93639523,9.6,14.287495,0.28315087,148.61,5.9,7.49999166,4.44717887,0.29852922,,11.91,0.977925,
2018-06-21,28.549999,5.36317787,11.58,7.52,3.85693133,3.32,30.57551329,15.77153552,9.4799995,,36.08001668,4.80382993,4.3,14.4,,5.43,3.40554878,10.3377697,7.0653245,9.6,14.549995,0.28702964,148.14999,6.0,7.43999172,4.57565293,0.30176451,,12.1,0.986579,
2018-06-24,28.43,5.31181222,11.46,7.5,3.85118329,3.37,30.72416546,16.00642862,9.25,,37.11334984,4.97865285,4.34,14.14,,5.39,3.44332648,10.51554734,7.16202146,9.592,14.581244,0.28702964,147.0,6.1,7.5539916,4.60530079,0.30588215,,12.07,0.986579,
2018-06-25,28.6,5.16980162,11.55,7.5,3.84830928,3.24,31.17737773,16.16104181,9.25,,36.20001674,4.90264288,4.3,13.85,,5.35,3.32999326,10.24888043,7.20070025,9.6,14.687494,0.28315087,147.0,6.27,7.49399166,4.47682673,0.30882333,,11.7,0.986579,
2018-06-26,28.52,5.17282312,11.67,7.2,3.75059269,3.17,30.87282054,16.84986236,9.25,,35.80001788,4.74302195,4.13,13.21,,5.3,3.27999347,10.04888148,7.32318306,9.6,14.406244,0.27539331,143.39999,6.1,7.48199168,4.41753101,0.30588215,,11.6,0.977925,
2018-06-27,28.82,5.25742506,11.46,7.27,3.75921474,3.23,30.6045196,17.1293564,8.8,,36.01335065,4.75822395,4.15,13.4,,5.36,3.21666038,10.04888148,7.51013052,9.6,14.25,0.27539331,141.0,6.38,7.49999166,4.36811792,0.30588215,,11.3,0.977925,
2018-06-28,28.51,5.36317787,11.6,7.4,3.77645884,3.28,30.64077586,17.37713394,9.0,,36.40001617,4.71261797,4.23,13.81,,5.5,3.24221577,10.17332494,7.41343356,8.88,15.0,0.27539331,143.0,6.56,7.19999199,4.36811792,0.30852921,,11.5,0.986579,
2018-07-02,28.5,5.4085005,11.71,7.41,3.73334858,3.33,30.81843434,16.87860555,9.25,,36.00001731,4.72781996,4.31,14.0,,5.58,3.14443808,10.22221423,7.2264861,8.8,15.615,0.27539331,144.00999,6.46,7.2839919,4.38788315,0.30588215,,11.59,0.986579,
2018-07-03,28.75,5.31785524,11.72,7.4,3.75921474,3.39,30.72779189,17.15611737,9.25,,36.23334942,4.78862793,4.3,13.91,,5.61,3.14443808,10.13332497,7.10400329,9.592,15.599999,0.27539331,143.0,6.5,7.25399193,4.39776577,0.30617627,,11.52,0.986579,
2018-07-04,28.9,5.32389856,11.6,7.4,3.69598636,3.5,30.90907679,17.04709425,9.25,,35.94668262,4.77342594,4.23,13.65,,5.62,3.02221632,10.10665877,7.12978914,9.512,15.224999,0.27927209,140.5,6.37,7.19999199,4.3088222,0.30882333,,11.5,0.995233,
2018-07-05,28.629999,5.21512394,11.6,7.4,3.68449029,3.47,30.63714943,16.84589891,9.25,,35.74668319,4.73542096,4.18,13.75,,5.46,2.9222163,10.04888148,7.10400329,8.8,15.12,0.27927209,141.0,6.3,7.15799204,4.19023076,0.30264686,,11.4,0.995233,
2018-07-08,28.5,5.03081192,11.5,7.15,3.65862413,3.43,30.27457962,16.35133495,9.0,,34.52001593,4.38577511,3.99,13.9,,5.45,2.73888344,9.77777014,6.97507401,8.92,13.972499,0.26763575,136.00999,6.08,6.69599255,3.90363479,0.29411745,,10.83,0.995233,
2018-07-09,28.209999,5.01570437,11.31,7.01,3.65000208,3.33,30.10054502,15.75865109,9.0,,33.99335101,4.34777012,3.96,13.7,,5.4,2.7333279,9.68888087,6.90416291,8.8,13.875,0.26375697,131.32001,5.95,6.59999266,3.89375217,0.29441157,,10.71,0.986579,
2018-07-10,28.51,5.21210244,11.61,7.19,3.76208876,3.55,30.38335165,15.8577621,9.1000005,,34.64668399,4.53019404,4.14,13.99,,5.44,2.84221657,9.90665937,7.41343356,9.12,14.25,0.27151453,141.19,6.14,6.69599255,4.05187408,0.30294098,,11.29,1.003887,
2018-07-11,28.549999,5.19699519,11.8,7.2,3.79657696,3.76,30.5501334,16.18482845,9.0,,34.76668471,4.68981498,4.15,14.27,,5.6,2.7588834,10.08888145,7.4778982,8.968,14.25,0.27151453,145.0,6.25,6.89399233,4.00246099,0.30294098,,11.31,1.012541,
2018-07-12,28.6,5.07613424,11.78,7.23,3.76783679,3.76,29.91563622,16.42170377,9.25,,34.69335068,4.81903192,4.14,14.07,,5.73,2.76666116,9.77777032,7.22003964,9.04,13.582501,0.27151453,145.0,6.25,6.95399226,4.07163932,0.30294098,,11.08,1.003887,
2018-07-15,28.75,5.16980162,11.71,7.1,3.70748243,3.76,30.09329471,16.5515392,9.3199995,,35.00001683,4.75062295,4.07,14.0,,5.85,2.74332799,10.08332565,7.18136086,9.208,13.717501,0.26763575,145.25,6.15,6.89999232,3.97281313,0.30294098,,10.84,1.003887,
2018-07-16,28.5,5.13656472,11.6,6.7,3.69311234,3.76,29.41166454,15.95687311,9.25,,34.10001773,4.65180999,4.06,13.8,,5.78,2.75554996,9.72777036,7.2264861,8.816,13.724999,0.25987819,146.0,5.98,6.89999232,3.92340003,0.30294098,,10.86,1.003887,
2018-07-17,28.299999,5.03383342,11.45,6.65,3.66724618,3.76,28.93307239,15.75865109,9.3050005,,33.00001587,4.55299703,4.12,13.78,,5.75,2.78555001,9.55554883,7.09111036,8.88,13.635,0.26375697,145.0,6.0,6.84599238,3.94316527,0.30294098,,10.87,1.003887,
2018-07-18,28.360001,5.10634963,11.54,6.76,3.60689182,3.76,29.04184152,15.8577621,9.3050005,,33.3466827,4.56059803,4.23,14.1,,5.81,2.86554997,9.63332599,7.11044975,8.88,13.664999,0.26375697,145.0,6.05,6.90599232,3.99257837,0.30294098,,10.95,1.003887,
2018-07-19,28.41,5.0942639,11.56,6.7,3.62413592,3.76,28.93307239,15.55943894,9.3050005,,33.06668123,4.47698707,4.4,13.55,,5.76,2.94443859,9.55554883,6.96218108,8.88,13.530001,0.25987819,145.06,5.97,6.95999226,3.96293051,0.30294098,,10.95,1.012541,
2018-07-22,28.23,5.0277901,11.53,6.76,3.63563199,3.39,29.00921169,15.56538462,9.3050005,,33.00001587,4.3933761,4.33,13.45,,5.75,2.9199943,9.51665886,6.8332518,8.808,13.6875,0.25987819,142.0,5.82,6.91199231,3.90363479,0.29411745,,10.8,1.003887,
2018-07-24,28.469999,5.05800549,11.55,6.75,3.53216737,3.27,29.00921169,15.63773565,9.3050005,,32.00668072,4.43898208,4.5,13.66,,5.8,3.0344383,9.27777126,6.80101948,8.568,13.544999,0.25987819,143.28,5.82,6.95999226,3.87398693,0.29441157,,10.7,0.995233,
2018-07-25,28.299999,5.0277901,11.1,6.7,3.39421453,3.11,29.02371484,15.65854995,9.3950005,,30.00001442,4.05893225,4.36,13.41,,5.7,3.02221632,8.99999369,6.61407203,8.408,13.169999,0.25599941,145.50999,5.63,6.95999226,3.72574763,0.29411745,,10.15,0.995233,
2018-07-26,28.219999,4.92505881,11.07,6.67,3.39134051,2.96,29.0454683,15.75865109,9.45,,29.33334744,3.96329286,4.4,13.39,,5.76,3.05554948,8.92221486,6.52382153,8.536,12.772501,0.25599941,141.61,5.56,6.95999226,3.71586501,0.29411745,,10.14,0.986579,
2018-07-29,28.0,4.98548929,11.2,6.6,3.44882086,3.1,29.37540539,15.90929982,9.45,,29.93334906,4.04100448,4.28,13.66,,5.7,3.15999382,9.12777082,6.91060937,8.792,13.005,0.25987819,143.25999,5.75,7.0139922,3.78504335,0.29411745,,10.53,0.986579,
2018-07-30,27.469999,4.91599459,10.8,6.5,3.34823025,3.05,29.54943999,16.45242818,9.45,,29.66668093,3.90889472,4.27,13.54,,5.47,3.14554919,9.27777126,6.96218108,8.8,12.787499,0.25987819,145.11,5.6,7.18199201,3.72574763,0.29411745,,10.43,0.986579,
2018-07-31,27.25,4.90995157,10.92,6.5,3.3884665,3.09,29.81049062,16.25420616,9.45,,31.98668204,3.87781007,4.26,13.58,,5.5,3.15554928,9.30554846,7.07177097,8.8,12.9525,0.25987819,145.11,5.6,7.19999199,3.75539549,0.29705863,,10.46,0.986579,
2018-08-01,27.48,4.94016666,10.87,6.54,3.36547436,3.16,30.27820604,16.1996951,8.625,,32.00001538,3.88558123,4.4,13.97,,5.5,3.17777146,9.61110323,7.22003964,8.856,13.2,0.26375697,145.55,5.7,7.19999199,3.82457383,0.29764686,,11.04,0.986579,
2018-08-02,27.57,4.92505881,10.8,6.63,3.36547436,3.24,30.45586453,16.3364683,8.5150005,,31.3333484,3.88558123,4.53,13.8,,5.55,3.16443815,9.79443642,7.16846793,9.064,13.875,0.25987819,146.5,5.78,7.19999199,3.52809524,0.29764686,,11.39,0.995233,
2018-08-05,27.559999,5.04591976,10.47,6.6,3.33386017,3.34,30.29633308,16.30574389,9.42,,30.00001442,3.88558123,4.46,13.82,,5.55,3.1344381,9.88888079,7.2458255,8.96,13.74,0.25987819,147.91,6.04,7.19999199,3.36997332,0.29617628,,11.35,0.995233,
2018-08-06,27.709999,4.98851079,10.44,6.56,3.30224597,3.38,30.49212078,16.30376167,9.42,,30.00001442,3.90889472,4.45,13.91,,5.58,3.13332721,9.72221481,7.02664572,9.192,13.5,0.25987819,145.00999,6.2,7.19999199,3.4095038,0.29705863,,11.14,1.003887,
2018-08-07,27.700001,5.01570437,10.5,6.59,3.3223641,3.44,30.49212078,16.1114863,9.42,,30.00001442,3.9555217,4.5,14.0,,5.64,3.15999382,9.83332639,7.05887804,9.36,13.6125,0.25987819,146.0,6.24,7.20599198,3.48856476,0.29705863,,11.3,1.003887,
2018-08-08,29.360001,5.13354321,10.59,6.7,3.37697043,3.52,30.49212078,15.65954008,9.42,,30.73334678,4.17311424,4.6,13.95,,5.73,3.13888264,10.01110348,7.02019926,9.52,13.724999,0.26375697,148.45,6.29,7.22399196,3.44903428,0.30470568,,11.31,1.012541,
2018-08-09,29.0,5.16677981,10.59,6.71,3.44019881,3.61,30.81843434,15.80027772,8.5550005,,30.40668195,4.20419889,4.63,14.02,,5.99,3.14443808,10.27776994,6.82680534,9.872,13.912499,0.27151453,149.0,6.4,7.22999196,3.23161665,0.30176451,,11.39,1.003887,
2018-08-12,28.799999,5.13656472,10.58,6.65,3.27925384,3.52,30.5283774,15.85974432,9.42,,29.62668024,4.21974122,4.6,14.08,,6.0,3.11110492,9.92777076,6.86548412,9.6,13.5075,0.26763575,143.10001,6.21,7.22399196,3.08337735,0.30205862,,11.2,0.995233,
2018-08-13,28.52,5.0247686,10.5,6.52,3.06945057,3.35,30.81843434,14.35722136,9.42,,28.40668099,4.06431797,4.3,13.7,,5.75,2.9333275,9.78888198,6.70432252,9.608,13.094999,0.25987819,144.00999,5.96,6.89999232,2.87584234,0.28676452,,10.5,0.986579,
2018-08-14,28.68,4.89786523,10.68,6.46,3.10393877,3.38,30.63714943,14.97071853,9.3900005,,27.76668135,4.04877565,4.35,14.0,,5.87,2.93666082,9.9333252,6.76878716,9.952,12.780001,0.25599941,144.0,6.0,6.95399226,2.94502068,0.29117628,,10.2,0.986579,
2018-08-15,28.68,4.98548929,10.61,6.3,2.94586782,3.4,30.64439974,15.43654029,9.3900005,,28.00001346,4.11871611,4.35,13.99,,5.92,2.9222163,9.54999327,6.71721545,9.88,12.75,0.25599941,145.11,6.05,6.95399226,2.97466854,0.27382335,,9.91,0.995233,
2018-08-16,29.549999,5.04289825,10.57,6.27,2.88838747,3.43,30.5283774,15.01830696,9.3900005,,28.00001346,4.18865657,4.31,13.99,,5.91,2.99999403,9.53888162,6.83969827,8.976,12.787499,0.25212063,145.0,6.2,6.68999256,2.92525544,0.29382334,,10.29,0.995233,
2018-08-19,29.799999,5.25742506,10.56,6.31,2.88263944,3.43,30.35071892,15.1640003,9.3900005,,28.00001346,4.28191052,4.33,13.96,,5.95,3.02777175,9.58332603,6.96218108,9.896,12.825,0.25599941,145.0,6.17,6.59999266,2.92525544,0.28676452,,10.47,0.995233,
2018-08-26,29.620001,5.14260774,10.57,6.08,2.81653704,3.46,29.69446864,14.87707362,9.3900005,,28.0133468,4.21197006,4.33,14.0,,6.0,3.01666066,9.66110319,6.89771644,9.088,12.825,0.25599941,147.63,6.15,6.64199261,2.94502068,0.27647041,,10.71,0.995233,
2018-08-27,29.450001,5.13656472,10.57,5.9,2.58661565,3.54,29.04909473,14.86666697,9.3900005,,28.00001346,4.10317378,4.3,13.91,,6.0,2.97777174,9.56110327,6.96862755,9.888,12.6825,0.25599941,145.0,6.14,6.62399263,2.93513806,0.27647041,,10.7,0.995233,
2018-08-28,29.5,5.13656472,10.99,5.94,2.85677328,3.48,29.63645602,14.9945203,9.3900005,,28.27334693,4.16534308,4.39,13.85,,6.07,3.06999378,9.80554808,6.89771644,9.216,12.6825,0.26375697,145.5,6.15,6.65999259,2.97466854,0.27941158,,11.12,1.003887,
2018-08-29,30.0,5.13958623,11.2,5.95,2.89413551,3.46,30.78217808,15.40484031,9.3900005,,29.13334801,4.48396074,4.4,13.81,,5.97,3.13110488,10.05554789,6.96218108,9.304,12.900001,0.26375697,145.8,6.18,6.61199264,3.11302521,0.28529393,,11.31,1.012541,
2018-08-30,32.360001,5.16677981,11.3,6.06,2.97748201,3.48,31.18825447,14.87261363,9.3900005,,29.00667928,4.44510493,4.37,13.8,,5.93,3.15221606,10.00554793,6.8332518,9.512,12.9375,0.26375697,147.13,6.22,6.73199251,3.14267307,0.27676452,,11.36,1.021196,
2018-09-02,32.400002,5.25440325,11.26,6.02,2.98897808,3.38,31.10849128,15.31266697,9.25,,28.53334638,4.52281656,4.45,13.69,,5.99,3.23888245,9.86110359,6.92994876,9.664,12.900001,0.25987819,145.0,6.17,6.67799257,3.07349473,0.28529393,,11.46,1.021196,
2018-09-03,32.650002,5.13958623,11.2,5.7,2.9918521,3.25,31.19188089,15.08966696,8.75,,27.99334813,4.56944353,4.47,13.66,,5.87,3.30554898,9.77777032,6.8332518,9.664,12.825,0.25987819,146.0,6.08,6.63599262,2.96478592,0.28235276,,11.4,1.012541,
2018-09-04,32.740002,5.03383342,11.29,5.82,3.02346629,3.24,31.22813714,15.14913363,9.2250005,,27.66667997,4.70932446,4.48,13.74,,5.75,3.38110438,9.97221517,6.89771644,9.64,12.75,0.26375697,144.5,6.16,6.68399256,3.03396425,0.28235276,,11.6,1.012541,
2018-09-05,32.639999,4.94318847,11.36,5.73,3.0579545,3.25,30.67340569,14.86666697,8.535,,27.66667997,4.59275702,4.39,13.72,,5.67,3.28999357,9.72777036,6.84614473,9.672,12.8025,0.26375697,143.16,6.03,6.6479926,3.05372949,0.27647041,,11.61,1.012541,
2018-09-06,32.610001,4.98548929,11.46,5.7,3.04645843,3.36,30.99971925,14.87707362,9.1949995,,27.80001403,4.64715516,4.34,13.6,,5.74,3.3333267,9.69443761,6.83969827,9.304,12.832501,0.26375697,143.61,6.05,6.23999306,3.07349473,0.27058806,,11.67,1.021196,
2018-09-09,32.849998,4.97038204,11.4,5.76,2.98610406,3.36,30.99609283,14.86666697,8.54,,27.52668057,4.69378213,4.27,13.39,,5.79,3.29110467,9.69443761,6.8332518,9.672,13.125,0.26375697,143.25,5.9,6.15599315,3.01419901,0.26235277,,11.46,1.021196,
2018-09-10,32.950001,4.92505881,11.0,5.67,2.94874184,3.35,30.99971925,14.77746726,9.205,,26.53334542,4.60052818,4.17,13.3,,5.85,3.19221587,9.45554835,6.44646396,9.224,13.275001,0.25987819,142.10001,5.9,6.0239933,2.99443377,0.25882336,,11.36,1.02985,
2018-09-13,32.82,4.83743536,10.79,5.4,2.87401738,3.26,30.49212078,13.82451332,9.0,,25.07334605,4.25859703,4.1,12.65,,5.5,3.09443829,9.36666008,6.14992662,9.2,12.900001,0.25987819,140.0,5.8,5.84999349,2.74736828,0.26941159,,10.92,1.055812,
2018-09-16,30.0,4.77398368,10.63,5.0,2.67571018,3.0,29.73435132,13.15700027,9.205,,23.70001073,4.017691,3.95,12.44,,5.25,2.83666113,8.52777128,5.89206806,9.384,12.2475,0.2404843,140.14999,5.45,5.40599399,2.53983327,0.24794101,,10.07,1.047158,
2018-09-17,30.700001,4.68333842,10.5,4.9,2.77630079,2.96,29.73072489,12.50286662,9.205,,24.00001154,3.97883518,3.93,12.34,,5.36,2.83666113,8.33888253,5.73735293,8.8,11.9175,0.23272674,135.05,5.45,5.52599385,2.50030279,0.23588223,,10.31,1.038504,
2018-09-18,31.0,4.39931661,11.0,4.95,2.75043464,3.0,29.38628466,12.81060662,9.0,,24.66667853,3.90889472,3.63,11.5,,5.25,2.64999473,8.77777109,5.51172669,8.4,11.625,0.23272674,128.06,5.06,5.57999379,2.44100707,0.22764691,,10.5,1.02985,
2018-09-19,29.01,4.23011212,10.61,4.63,2.5463794,2.84,28.7336579,12.52516691,9.205,,23.67334338,3.63690403,3.49,10.72,,5.15,2.50555046,8.6166601,5.15717117,8.104,10.965,0.21721162,128.10001,4.95,5.57999379,2.30265039,0.21764692,,10.06,0.995233,
2018-09-20,30.02,4.23011212,10.8,4.41,2.32795408,2.61,28.82430035,11.89333358,9.205,,21.68001042,3.40376916,3.22,10.23,,5.4,2.33332869,8.84999325,5.15717117,7.872,10.5,0.19898136,125.82,4.49,5.63999372,2.13464586,0.19999987,,10.28,0.934654,
2018-09-23,31.049999,4.30564984,10.95,4.55,2.38543443,2.68,29.07809814,12.73330054,9.205,,22.03334326,3.54365009,3.44,10.77,,5.45,2.48777272,9.24443684,5.47949437,8.392,10.875,0.20324802,127.45,4.6,5.69999366,2.27300254,0.20588222,,10.75,0.975328,
2018-09-24,31.35,4.40535962,10.95,4.6,2.46015888,2.74,28.82430035,12.63666692,9.205,,21.70667777,3.57473473,3.45,10.92,,5.25,2.42221729,9.61110323,5.75669232,7.8160008,10.875,0.22341767,127.45,4.62,5.74199361,2.27300254,0.20588222,,10.7,0.96927,
2018-09-25,31.35,4.36608001,11.02,4.75,2.48602504,2.83,29.00558526,12.71546011,8.285,,21.87334452,3.65244636,3.52,10.92,,5.34,2.4722173,9.44999279,5.80181757,7.84,10.6275,0.23738127,122.0,4.8,5.81999352,2.34218087,0.20588222,,10.82,0.961482,
2018-09-26,31.58,4.4657898,10.98,4.88,2.55787547,2.95,29.41891449,12.93400026,8.285,,22.68667691,3.84672542,3.57,11.07,,5.49,2.5233282,9.57777048,5.77603171,8.0,11.1,0.23815703,125.47,4.86,5.69999366,2.40147659,0.20588222,,10.83,0.971867,
2018-09-27,31.75,4.47183281,10.93,4.96,2.50039512,2.96,29.90838338,13.40973419,8.285,,23.00001106,3.80786961,3.55,11.4,,5.36,2.51332844,9.52777051,5.85983574,8.032,11.1,0.23272674,126.02,4.9,5.69999366,2.39159397,0.20588222,,10.8,0.977925,
2018-09-30,30.66,4.38118755,11.02,4.98,2.51476521,3.03,29.86125039,13.37256679,7.53,,23.1666778,3.83895426,3.44,11.6,,5.37,2.43555071,9.55554883,5.81471114,7.624,10.5225,0.2280722,125.05,4.83,5.69999366,2.35206349,0.20617633,,10.9,0.995233,
2018-10-01,30.610001,4.29054229,10.25,4.9,2.47452897,3.09,29.93013938,13.24620012,8.365,,22.5333435,3.80009845,3.35,11.5,,5.21,2.34221756,9.2555485,5.80181757,7.656,10.6725,0.22302979,125.1,4.84,5.53199385,2.33229825,0.20147046,,11.05,1.000426,
2018-10-02,30.52,4.26334872,10.3,4.92,2.4630329,3.11,29.67996548,12.93400012,7.74,,22.6000122,3.8311831,3.4,11.41,,5.26,2.36332863,9.11110416,5.68578122,7.424,10.7625,0.22302979,125.2,4.83,5.58599379,2.36194611,0.20647045,,11.11,1.003022,
2018-10-03,31.4,4.19385402,10.5,4.97,2.47165495,3.23,29.38628466,12.26500012,7.49,,22.66667756,3.82341193,3.4,11.26,,5.15,2.28110668,9.2277713,5.76958525,7.448,11.1825,0.22535706,117.0,4.7,5.44199395,2.42124183,0.2073528,,10.82,0.996964,
2018-10-04,31.0,4.06392915,10.62,4.8,2.46590692,3.23,29.33189882,12.15350011,7.61,,22.82001097,3.81564077,3.35,11.13,,5.08,2.21110671,8.98332648,5.47949437,7.44,10.845,0.22186616,120.0,4.5,5.26199475,2.36194611,0.20794104,,10.52,0.989175,
2018-10-08,30.49,3.69228358,10.25,4.52,2.22736347,3.05,28.82792678,11.55883343,6.85,,21.9000092,3.61359055,3.07,10.4,,4.8,2.21444004,8.30554922,5.20229642,6.88,10.2,0.20906619,110.0,4.17,4.86599459,2.17417634,0.19147046,,10.07,0.964078,
2018-10-09,30.25,3.62278888,10.1,4.45,2.08653662,3.1,28.83880351,11.52166678,6.85,,22.04667727,3.51256544,2.9,10.5,,4.85,2.26332894,8.33332698,4.77038333,6.88,10.215,0.20790255,111.11,4.0,4.90799454,2.1544111,0.18970576,,10.16,0.961482,
2018-10-10,30.65,3.45056289,9.85,4.52,2.08941064,3.09,29.00558526,11.67033343,6.91,,22.43334545,3.60581938,3.0,10.6,,4.53,2.28332868,8.49999352,4.99600957,6.888,10.245,0.20867831,112.0,3.92,5.06999436,2.02593704,0.18823517,,10.23,0.961482,
2018-10-11,30.4,3.36293914,9.5,4.4,1.91409558,2.84,28.50161358,11.38043344,6.5,,22.46667813,3.5203366,3.02,9.8,,4.3,2.21221782,7.84999401,4.89931261,6.8,9.5625,0.20324802,108.0,3.69,4.90799454,1.93699346,0.1870587,,9.9,0.951962,
2018-10-14,30.52,3.62581039,9.6,4.49,1.94858379,3.02,28.81705005,11.44733344,6.5,,23.80001211,3.66798868,3.19,10.24,,4.63,2.24555098,8.36110474,5.38924387,6.8,9.9375,0.20673892,108.5,3.85,4.95599449,2.01605442,0.18941164,,10.21,0.961482,
2018-10-15,30.01,3.72854168,9.520001,4.55,1.95433182,3.05,29.00558526,11.3061001,6.5,,24.36667771,3.6446752,3.21,10.49,,4.7,2.3111064,8.2277715,5.54395901,6.8,9.9675,0.20479953,108.0,4.03,5.15999426,2.04,0.18764694,,10.01,0.968405,
2018-10-16,30.5,3.75573526,9.63,4.7,2.00893815,3.1,29.37540539,10.85266676,6.5,,24.90667931,3.66798868,3.25,10.61,,4.9,2.36555096,8.33332698,5.71156707,6.8,10.0275,0.21333284,109.12,4.2,5.41199458,2.1,0.18852929,,10.2,0.974463,
2018-10-17,30.5,3.837316,9.71,4.81,2.05492243,3.16,29.74160163,11.41016677,6.5,,24.64667918,3.7690138,3.22,10.7,,4.8,2.3488841,8.42777135,6.1176943,7.2,10.2225,0.21953889,110.5,4.53,5.70599365,2.12,0.20264693,,10.23,0.965809,
2018-10-18,30.559999,3.80710091,9.65,4.99,2.03193029,3.15,29.36815508,11.5960001,7.0,,24.34667837,3.7690138,3.08,10.65,,4.81,2.28888434,8.19999375,6.12414077,7.248,10.2225,0.21527223,111.0,4.34,5.63999372,2.09,0.19441164,,9.97,0.983117,
2018-10-21,30.5,3.80710091,9.45,5.04,2.01181217,3.11,29.00558526,11.37300011,7.0,,24.4666791,3.69130217,3.06,10.55,,4.72,2.2599955,8.05554941,6.22728419,7.56,10.3575,0.21139345,111.01,4.3,5.53199385,2.06,0.19117634,,9.87,0.973598,
2018-10-22,29.549999,3.72854168,8.64,5.14,2.01181217,3.19,29.17961986,11.90076677,6.99,,25.0333447,3.78455612,3.09,10.62,,4.75,2.27666214,8.12221603,6.27240944,7.76,10.425,0.21178133,112.0,4.38,5.51999386,2.09,0.19117634,,10.04,0.970136,
2018-10-23,27.82,3.68624056,7.76,4.99,2.0175602,3.25,29.38628466,11.89333344,6.915,,24.14667894,3.74570031,3.0,10.67,,4.84,2.122218,8.22221595,6.15637309,7.92,9.975,0.21216921,112.0,4.65,5.34599405,2.13,0.19029399,,10.0,0.96927,
2018-10-24,26.5,3.67113302,7.16,4.92,1.93708772,3.22,28.8641834,11.67033343,6.915,,23.2200125,3.69130217,2.9,10.45,,5.0,2.03444029,7.87221622,6.17571248,7.944,9.6,0.20751468,111.0,4.46,5.36999403,2.18,0.185294,,9.11,0.961482,
2018-10-25,25.549999,3.5955953,6.86,4.8,1.8681113,3.18,28.89681323,11.67033343,6.915,,22.58667819,3.62136171,2.86,10.06,,4.9,1.98888493,7.77777185,6.11124784,7.52,9.285,0.20324802,110.0,4.3,5.33399407,2.16,0.17852929,,9.23,0.947635,
2018-10-28,25.66,3.67113302,6.93,4.89,1.88248139,3.22,28.26231605,11.29866677,6.51,,22.92667702,3.68353101,2.98,10.36,,4.95,2.01110711,7.83332736,6.04033673,7.832,9.48,0.20557529,110.0,4.37,5.25599415,2.2,0.18823517,,9.3,0.951962,
2018-10-29,25.98,3.45962741,6.82,4.94,1.89685147,3.36,28.18980318,11.44733344,6.915,,22.94001103,3.69130217,3.08,10.65,,5.1,1.98888493,7.83332736,6.09835491,7.8,9.48,0.2071268,110.5,4.42,5.34599405,2.29,0.19088223,,9.35,0.938115,
2018-10-30,26.15,3.71645565,6.81,5.03,1.92846566,3.44,28.57050257,11.38043344,6.6,,23.26001052,3.7690138,3.09,10.7,,5.25,2.00110713,7.84443846,6.20149833,7.224,9.72,0.20984194,112.1,4.71,5.45999393,2.33,0.20764692,,9.38,0.951962,
2018-10-31,26.540001,3.66206849,6.92,5.1,1.99744208,3.55,28.70102807,11.5960001,6.9,,23.56667666,3.90889472,3.08,10.01,,5.15,1.93999603,7.72221633,6.22083773,7.68,9.825,0.21022982,114.88,4.98,5.39999399,2.3,0.19088223,,9.1,0.951962,
2018-11-01,26.58,3.71645565,6.9,5.12,2.01181217,3.64,28.93307239,11.56626676,6.9,,23.84001013,3.81564077,3.12,10.51,,5.2,1.92555172,7.69443858,6.25307005,7.68,9.9675,0.19975712,115.3,5.14,5.40599399,2.31,0.19088223,,9.1,0.957155,
2018-11-04,27.299999,3.76177828,6.9,5.3,1.85661523,3.77,28.64301545,11.7075001,6.9,,24.20001097,3.80786961,3.22,10.5,,5.2,1.95555166,7.77777185,6.09190845,7.688,9.8775,0.200145,115.0,5.25,5.45999393,2.31,0.19088223,,9.17,0.951962,
2018-11-05,27.5,3.81314393,6.96,5.4,1.88248139,3.78,28.64301545,11.75953344,6.9,,23.76667943,3.86226775,3.19,10.67,,5.34,1.97999606,7.73332744,6.1176943,7.6,9.8625,0.20169651,115.5,5.32,5.63399373,2.3,0.20970574,,9.11,0.945904,
2018-11-06,28.030001,3.85846656,7.03,5.45,1.91984361,3.79,29.00558526,11.89333344,6.9,,21.67334242,3.96329286,3.24,10.71,,5.4,2.01110711,7.7833274,6.18860541,7.68,9.9675,0.20479953,115.84,5.29,5.73599362,2.39,0.22941161,,9.24,0.951962,
2018-11-07,27.709999,3.90681069,7.22,5.47,2.0003161,3.87,28.97657895,12.07916678,6.9,,22.33334407,4.11871611,3.32,10.79,,5.38,2.08555141,7.92777173,6.16281955,7.84,10.305,0.20984194,116.1,5.32,5.98199334,2.43,0.23382338,,9.53,0.949366,
2018-11-08,27.75,4.04277858,7.1,5.45,2.05492243,3.83,29.21225006,12.34676752,6.9,,22.33334407,4.0798603,3.32,10.8,,5.5,2.09999582,7.94443839,6.18860541,8.0,10.4625,0.20984194,117.0,5.41,5.96999336,2.41,0.23205867,,9.97,0.955424,
2018-11-11,27.559999,3.93098276,7.03,5.45,2.07791457,3.81,29.04184152,12.05686602,6.9,,22.78000962,4.08763146,3.2,10.8,,5.37,2.11777345,7.79999405,6.16281955,8.0,10.3125,0.21876313,115.1,5.3,5.9279934,2.42,0.23411749,,9.8,0.957155,
2018-11-12,27.6,3.93098276,7.09,5.48,2.12102483,3.79,29.02371484,12.13863345,6.9,,23.23334317,4.11871611,3.22,10.79,,5.4,2.122218,7.75554964,6.1176943,8.0,10.3875,0.22031465,115.0,5.28,5.99999332,2.44,0.23411749,,9.8,0.960616,
2018-11-13,27.1,3.90076768,6.9,5.33,2.05779645,3.81,28.96932901,12.4731342,6.9,,22.70667825,4.27413936,3.15,10.82,,5.4,2.07888464,7.66666082,6.12414077,8.136,10.2,0.21721162,110.02,5.65,6.25199304,2.35,0.23264691,,9.29,0.949366,
2018-11-14,27.129999,3.85242354,6.84,5.5,2.00319012,3.88,29.00558526,12.59950085,6.9,,22.80667696,4.23528354,3.15,10.8,,5.16,2.04888492,7.52777204,6.40778518,8.2,10.0125,0.21566011,110.0,5.79,6.34799294,2.33,0.23029397,,9.36,0.943308,
2018-11-15,27.299999,3.89774617,6.9,5.62,2.01468619,3.98,29.13611076,12.49543271,6.9,,23.00001106,4.32076633,3.19,10.94,,5.13,2.04444038,7.577772,6.44646396,7.68,10.0575,0.21876313,110.46,5.82,6.30599298,2.36,0.23235279,,9.6,0.951962,
2018-11-18,27.49,3.88263863,6.96,5.65,2.0175602,4.01,29.50593052,13.23133271,6.9,,23.00001106,4.32076633,3.24,11.43,,5.37,2.05555147,7.71110523,6.44646396,8.008,10.035,0.22574494,111.0,5.9,6.45599282,2.5,0.22735279,,9.81,0.951962,
2018-11-19,27.42,3.92493975,7.0,5.82,2.05204841,4.04,29.6763387,13.30566678,6.9,,23.20001049,4.37516447,3.3,11.4,,5.3,2.07777376,7.83888291,6.58828617,8.088,10.2075,0.22496918,111.0,6.2,6.59999266,2.57,0.22823514,,9.98,0.954558,
2018-11-22,27.02,3.91285371,6.88,5.66,2.03193029,3.82,28.64301545,13.20903345,7.0,,23.60001268,4.53058772,3.14,11.25,,5.25,1.97777373,7.83888291,6.58828617,8.472,10.065,0.22535706,110.31,5.93,6.26999302,2.54,0.22941161,,9.82,0.943308,
2018-11-25,26.5,3.54725116,6.5,5.4,2.0003161,3.61,26.28993807,12.65153345,7.0,,23.20001049,4.63938399,3.05,10.84,,5.1,1.93332949,7.59443865,6.57539324,8.8,9.915,0.2175995,110.12,5.75,6.17999312,2.44,0.22294103,,9.62,0.925999,
2018-11-26,25.5,3.32365952,6.49,5.47,2.0003161,3.7,26.19566919,12.56233344,7.0,,23.17334314,4.68601097,3.06,11.0,,5.05,1.92777394,7.5666609,6.57539324,8.4,9.945,0.21915101,110.43,5.85,6.21599308,2.43,0.22852926,,9.68,0.930327,
2018-11-27,25.77,3.3840897,6.54,5.51,2.00893815,3.77,26.28268522,12.71100012,7.0,,23.25334518,4.77149375,3.1,11.15,,5.08,1.9355517,7.66666082,6.61407203,8.8,10.05,0.22070252,110.43,5.97,6.14999316,2.48,0.22058809,,9.91,0.934654,
2018-11-28,25.950001,3.39919724,6.54,5.37,1.98882003,3.83,26.73952391,12.83736679,7.0,,23.00001106,4.98131514,3.08,11.63,,5.06,1.88555169,7.73332744,6.43357104,8.464,10.5675,0.21915101,110.5,5.96,6.06599325,2.5,0.22088221,,9.7,0.926865,
2018-11-29,26.799999,3.41430478,6.51,5.39,1.96870191,3.85,26.8410431,13.23133271,7.0,,22.84000965,4.94245933,3.09,12.0,,5.1,1.84777399,7.84443846,6.47869628,8.4,10.845,0.21992677,111.0,5.9,6.11999319,2.49,0.21617633,,9.5,0.933788,
2018-12-02,26.25,3.37804668,6.43,5.32,1.95720584,3.82,26.46759655,13.61043271,7.0,,22.84667765,5.02794212,3.07,11.81,,5.02,1.84999632,7.88888287,6.44646396,8.432,10.875,0.21798738,113.0,6.04,6.10199321,2.43,0.21764692,,9.520001,0.934654,
2018-12-03,25.85,3.26322935,6.26,5.38,1.8853554,3.63,25.3798871,13.30566678,7.0,,22.50001082,4.97354398,3.0,11.97,,4.78,1.85666286,7.69443858,6.38199932,8.792,10.6125,0.21372072,111.11,5.86,6.01199331,2.3,0.21617633,,9.2,0.934654,
2018-12-04,25.0,3.17258409,6.09,5.18,1.76464667,3.58,25.28561823,13.15700087,7.0,,21.66667708,4.8025784,2.97,11.7,,4.5,1.81444083,7.61110531,6.18860541,8.8,10.2525,0.2071268,110.5,5.8,5.99999332,2.27,0.21529398,,9.05,0.929461,
2018-12-05,24.02,3.142369,5.92,5.21,1.75602462,3.5,25.47415598,12.90426753,7.0,,21.60001172,4.66269748,2.91,11.7,,4.73,1.74444097,7.69443858,6.22083773,8.8,9.9975,0.2036359,110.5,5.86,5.99999332,2.19,0.21264692,,8.83,0.933788,
2018-12-06,24.77,3.02150866,5.89,5.22,1.76464667,3.38,24.53509871,12.67383271,7.0,,22.10001196,4.60052818,2.95,11.5,,4.6,1.68221888,7.56110535,6.19505187,8.8,9.75,0.20286014,109.0,5.81,6.11999319,2.17,0.21205868,,8.7,0.919076,
2018-12-09,24.110001,3.0366162,5.75,5.22,1.72441043,3.29,24.29217766,12.26500012,6.3,,22.00001058,4.41402028,2.94,11.4,,4.7,1.63333008,7.3611055,6.25307005,8.432,9.7725,0.19859348,109.0,5.5,5.93999339,2.12,0.22058809,,8.8,0.891383,
2018-12-10,24.99,3.13330448,5.84,5.28,1.70141829,3.4,24.6583739,12.45083344,6.99,,22.26667871,4.51504539,3.0,11.54,,4.7,1.66888557,7.51110538,6.25307005,8.416,9.8925,0.20169651,108.01,5.67,6.05999326,2.17,0.22735279,,8.99,0.908691,
2018-12-11,25.5,3.32063802,6.11,5.41,1.7531506,3.54,25.48865914,12.33933344,6.755,,22.66667756,4.79480724,3.05,11.63,,4.71,1.75332985,7.68888303,6.22083773,8.8,10.1325,0.20557529,109.0,5.91,6.06599325,2.24,0.23235279,,9.1,0.919942,
2018-12-12,25.549999,3.44754138,6.09,5.5,1.77039471,3.65,25.95637166,11.35070011,6.995,,22.54667751,5.1134249,3.07,11.51,,4.7,1.77777424,7.84443846,6.31753468,8.8,10.3875,0.20751468,109.04,6.0,6.08999322,2.28,0.23411749,,9.22,0.925999,
2018-12-13,25.35,3.39013271,6.2,5.48,1.81637899,3.64,26.46759655,11.82643344,6.995,,22.04667727,5.20667885,3.1,11.56,,4.75,1.8111074,8.12221603,6.39489225,8.72,10.6875,0.20984194,111.95,6.44,6.17999312,2.3,0.25029395,,9.34,0.925999,
2018-12-16,24.860001,3.4898425,6.13,5.5,1.80488292,3.6,25.94549529,12.05686602,6.995,,22.46667813,5.20667885,3.22,11.8,,4.85,1.91444064,8.11110493,6.2788559,8.8,10.5,0.21294497,117.49,6.63,6.23999306,2.27,0.24970572,,9.62,0.918211,
2018-12-17,24.92,3.46869194,6.27,5.07,1.81350497,3.61,26.27906134,12.33933344,6.995,,22.72001226,5.26107699,3.29,12.2,,4.9,2.01666265,8.28888257,6.31753468,8.8,10.5375,0.21953889,115.76,6.72,6.23999306,2.3,0.2476469,,9.67,0.930327,
2018-12-18,24.27,3.40221875,6.33,5.0,1.81063095,3.46,26.79391011,12.07916678,6.99,,22.6000122,5.13673839,3.25,12.56,,4.9,1.97888484,8.29999367,6.34332054,8.8,10.515,0.22302979,115.0,6.6,6.11999319,2.29,0.25147042,,9.9,0.918211,
2018-12-19,24.25,3.38106819,6.28,5.0,1.89110344,3.5,26.83016637,11.74466677,7.0,,22.75334494,5.16005188,3.22,12.64,,4.9,1.97777373,8.13888268,6.5109286,8.8,10.35,0.22070252,113.0,6.5,6.1079932,2.25,0.2505881,,9.8,0.911287,
2018-12-20,24.24,3.34783159,6.22,4.9,2.01181217,3.43,26.9389384,11.6406001,6.35,,22.70001025,5.0512556,3.2,12.56,,4.85,1.94444058,8.05554941,6.41423164,8.8,10.275,0.2175995,114.0,6.38,6.04199328,2.19,0.24470572,,9.83,0.917345,
2018-12-23,23.51,3.22092823,6.13,4.82,2.0836626,3.45,26.54373585,11.74466677,7.0,,22.42667678,4.7404091,3.11,12.15,,5.06,1.97777373,7.9777717,6.44646396,8.864,10.125,0.21643587,112.0,6.27,5.96999336,2.16,0.2505881,,9.83,0.925999,
2018-12-24,23.4,3.17862711,6.09,4.76,1.94283575,3.41,26.28631164,11.5960001,7.0,,22.049999,4.72486678,3.11,12.1,,5.0,1.95332945,7.95554949,6.44646396,8.8,10.0425,0.21255709,112.0,6.3,5.90399343,2.14,0.25029395,,9.66,0.924269,
2018-12-25,23.48,3.25114332,6.07,4.75,1.8681113,3.4,25.94912172,11.52166678,7.0,,21.719999,4.81812073,3.11,12.09,,4.86,1.93332949,8.06110496,6.349767,8.872,10.02,0.2106177,111.99,6.25,5.9279934,2.11,0.25588218,,9.6,0.921672,
2018-12-26,23.870001,3.24812181,6.12,4.85,1.87960737,3.43,26.13403305,11.60343343,7.0,,22.16,4.91137468,3.23,12.32,,4.96,1.98221828,8.1944382,6.349767,8.8,10.2,0.21333284,112.5,6.48,6.0179933,2.14,0.26470571,,9.6,0.924269,
2018-12-27,24.0,3.26625086,6.15,4.89,1.92271763,3.51,26.33707106,11.8190001,6.995,,22.219999,4.95800165,3.23,12.48,,5.04,1.99666258,8.33332698,6.31753468,8.872,10.26,0.21721162,112.01,6.78,6.1139932,2.16,0.25147042,,9.72,0.922538,
2018-12-30,22.99,3.29948745,6.14,4.95,1.983072,3.49,26.46759655,11.92306751,7.0,,22.17,4.96577282,3.23,12.51,,5.0,1.97777373,8.32777143,6.33042761,8.872,10.2825,0.2175995,112.55,6.94,6.17399313,2.15,0.25823512,,9.8,0.922538,
2018-12-31,22.51,3.33876707,6.17,4.96,1.9514578,3.52,26.61625163,11.89333344,7.0,,22.129999,5.02794212,3.24,12.56,,5.05,1.99332948,8.33332698,6.37555286,8.92,10.1625,0.22225404,115.67,6.97,6.23999306,2.15,0.26176453,,9.81,0.926865,
2019-01-02,22.9,3.42336931,6.24,4.95,1.9514578,3.55,26.85917268,12.08660011,7.0,,22.200001,5.20667885,3.27,12.5,,5.14,2.00444057,8.37221584,6.5109286,9.0,10.2075,0.22341767,118.0,7.0,6.26999302,2.17,0.26470571,,9.89,0.925999,
2019-01-03,23.0,3.42336931,6.38,4.98,1.97157593,3.63,27.51904974,12.04943269,7.0,,22.459999,5.19113653,3.28,12.5,,5.03,2.00555145,8.37221584,6.56250032,8.88,10.2225,0.22380555,115.0,7.22,6.47999279,2.18,0.2661763,,10.11,0.92773,
2019-01-06,23.049999,3.58048776,6.46,5.04,1.95433182,3.68,27.55167958,12.36906603,7.0,,22.959999,5.20667885,3.29,12.52,,5.04,2.02221831,8.43888245,6.5109286,8.992,10.305,0.22419343,115.81,7.18,6.47999279,2.23,0.2661763,,10.21,0.930327,
2019-01-08,23.15,3.56538022,6.49,5.11,1.96582789,3.72,27.12022331,12.35420086,7.0,,23.98,5.27661932,3.27,12.63,,5.05,2.03332918,8.49443797,6.57539324,8.128,10.425,0.22535706,116.0,7.17,6.57599268,2.22,0.26470571,,10.3,0.935519,
2019-01-09,23.5,3.38711121,6.45,5.05,1.96870191,3.71,26.81928964,12.04943269,7.0,,24.639999,5.30770397,3.17,12.94,,5.02,2.0477737,8.76665998,6.49803568,8.808,10.2525,0.22574494,116.73,7.18,6.52199274,2.19,0.26499983,,10.45,0.936384,
2019-01-10,23.52,3.39617573,6.45,5.05,1.97157593,3.7,26.55823901,12.07916678,7.0,,24.709999,5.2999328,3.16,13.45,,5.03,2.0611069,8.81665994,6.58183971,8.8,10.35,0.22419343,118.0,7.22,6.5639927,2.2,0.26470571,,10.61,0.93725,
2019-01-13,23.799999,3.3840897,6.43,5.05,1.96295387,3.73,26.8627962,12.30959937,7.0,,25.1,5.53306768,3.13,13.8,,5.02,2.10444037,8.97777093,6.57539324,8.976,10.44,0.22341767,118.04,7.26,6.61799264,2.2,0.26470571,,10.65,0.955424,
2019-01-14,23.25,3.27229388,6.28,4.94,1.89685147,3.68,26.9389384,12.11633269,7.0,,25.620001,5.51752535,3.06,13.7,,4.91,2.08777374,8.8333266,6.63341142,9.072,10.41,0.22147828,117.2,7.19,6.66599258,2.19,0.26470571,,10.3,0.96927,
2019-01-15,23.1,3.26927237,6.3,5.0,1.92559165,3.67,27.31600847,12.19066678,7.0,,25.620001,5.59523698,3.05,13.7,,4.98,2.08888462,8.80554884,6.63985788,8.944,10.425,0.22186616,116.0,7.23,6.68399256,2.2,0.26323512,,10.55,0.972732,
2019-01-16,22.76,3.19675616,6.24,5.08,1.91984361,3.72,27.7837239,12.19066678,7.0,,25.299999,5.55638116,3.08,13.68,,5.0,2.0588849,8.74999333,6.68498313,9.2,10.575,0.2210904,117.0,7.23,6.52799274,2.21,0.26470571,,10.66,0.973598,
2019-01-17,22.549999,3.142369,6.2,5.07,1.89110344,3.82,28.46535696,11.87103344,7.0,,25.0,5.43204256,3.1,13.65,,4.83,2.0233292,8.49999352,6.70432252,8.976,10.7025,0.21721162,116.99,7.22,6.47999279,2.19,0.26558806,,10.44,0.960616,
2019-01-20,22.4,3.10006788,6.14,5.05,1.89685147,3.81,28.64664187,11.8190001,7.0,,25.719999,5.41650024,3.11,13.58,,4.91,1.99999602,8.53888238,6.61407203,9.2,10.935,0.21876313,117.28,7.19,6.36599292,2.18,0.26558806,,10.4,0.980521,
2019-01-21,22.450001,3.08496034,6.14,5.05,1.95433182,3.78,28.64301545,11.81156677,7.0,,25.0,5.46312721,3.12,13.56,,4.95,1.98777371,8.55554903,6.57539324,9.2,10.4625,0.21876313,115.0,7.16,6.35999292,2.18,0.26470571,,10.44,0.977925,
2019-01-22,22.620001,3.23301426,6.07,5.0,1.8681113,3.66,28.83155066,11.49936678,7.005,,23.620001,5.43981373,3.06,13.4,,4.88,1.93999603,8.74999333,6.61407203,9.192,10.5,0.21488436,116.49,7.26,6.25199304,2.13,0.26499983,,10.5,1.051485,
2019-01-23,22.5,3.33272405,5.52,5.0,1.89685147,3.64,28.6792717,11.44733344,7.005,,23.629999,5.43981373,3.02,13.0,,4.81,1.88888513,8.67777116,6.58828617,9.2,10.5225,0.21449648,114.75,7.18,6.11999319,2.11,0.26470571,,10.43,1.045427,
2019-01-27,22.59,3.2813584,5.6,5.01,1.91984361,3.64,29.9120098,11.53653343,7.005,,23.950001,5.51752535,3.07,13.5,,4.77,1.89999622,8.77777109,6.6720902,9.2,10.4625,0.22031465,116.48,7.26,6.30599298,2.14,0.26470571,,10.58,1.021196,
2019-01-28,23.059999,3.25718633,5.55,4.94,2.07504055,3.58,30.16580758,11.89333344,7.005,,24.799999,5.59523698,3.18,13.7,,4.7,1.91110742,8.94443762,6.96218108,9.2,10.4625,0.22264191,113.1,7.5,6.4679928,2.17,0.26264689,,10.96,1.028984,
2019-01-29,23.23,3.32668103,5.57,4.98,2.18425321,3.6,30.09329471,11.96766678,7.005,,24.91,5.59523698,3.3,13.74,,4.74,1.91666285,9.01665979,7.18780732,9.2,10.47,0.22302979,108.5,7.58,6.50399276,2.21,0.26264689,,10.92,1.034177,
2019-01-30,23.5,3.4535844,5.64,5.0,2.18425321,3.64,29.77060794,12.08660011,7.125,,24.6,5.64186395,3.3,13.71,,4.74,1.97666285,9.23888129,7.09755682,9.2,10.5,0.22264191,105.7,7.61,6.48599278,2.22,0.26235277,,11.0,1.062736,
2019-01-31,22.950001,3.41732629,5.66,5.04,2.16126107,3.59,29.9120098,12.33933344,7.125,,24.0,5.6107793,3.4,13.76,,4.9,2.05555147,9.31665956,7.16846793,9.2,10.5975,0.22302979,105.51,7.48,6.47999279,2.24,0.26176453,,11.1,1.08091,
2019-02-03,22.799999,3.37502517,5.71,5.15,2.14401697,3.59,30.10417144,12.33933344,6.5,,23.799999,5.63409279,3.42,13.99,,4.9,2.0611069,9.41110449,7.09111036,9.2,10.5675,0.22574494,106.65,7.47,6.50999276,2.33,0.25588218,,11.07,1.084371,
2019-02-04,23.0,3.3840897,5.75,5.11,2.15838706,3.69,30.40510511,12.04200085,6.5,,23.700001,5.47866954,3.44,14.31,,5.0,2.15332894,9.2555485,7.09755682,9.2,10.5375,0.23738127,109.0,7.35,6.50999276,2.32,0.26029395,,10.86,1.088698,
2019-02-05,23.030001,3.42639082,5.83,5.12,2.17275714,3.75,31.21363399,12.21296678,6.5,,23.809999,5.54861,3.52,14.57,,5.08,2.24110665,9.33888121,7.16846793,9.592,10.635,0.24087217,109.07,7.3,6.52199274,2.38,0.25970571,,11.07,1.088698,
2019-02-06,23.26,3.51703608,5.96,5.15,2.21874142,3.77,32.0874287,12.33933344,6.5,,23.65,5.51752535,3.56,14.55,,5.32,2.29777321,9.33332566,7.22003964,9.592,10.6125,0.2474661,104.1,7.27,6.52799274,2.45,0.26029395,,11.51,1.086102,
2019-02-07,23.9,3.68019755,6.03,5.2,2.23885954,3.81,32.12731174,12.39136677,6.5,,23.65,5.59523698,3.55,14.61,,5.25,2.3111064,9.33332566,7.25871842,9.984,10.5825,0.24707822,105.0,7.34,6.53999272,2.52,0.262941,,11.5,1.09216,
2019-02-10,25.83,3.64696095,6.09,5.21,2.24173356,3.81,31.92427337,12.13863345,6.5,,24.15,5.56415233,3.57,14.55,,5.35,2.33555091,9.35554842,7.28450428,10.0,10.74,0.24630247,106.1,7.21,6.58799267,2.52,0.26499983,,11.5,1.099949,
2019-02-11,25.51,3.70134811,6.03,5.17,2.25610365,3.83,31.98590951,12.13120011,6.93,,24.059999,5.64186395,3.52,14.45,,5.16,2.36888418,9.34443732,7.25227196,9.96,10.62,0.24436308,107.98,7.2,6.84599238,2.49,0.2661763,,11.38,1.107738,
2019-02-12,25.940001,3.73760621,6.07,5.22,2.27909579,3.85,32.38836237,12.27243344,6.93,,23.99,5.64963511,3.55,14.56,,5.1,2.40666188,9.37221563,7.0653245,9.84,10.695,0.24552671,111.34,7.2,6.91199231,2.52,0.26647041,,11.4,1.107738,
2019-02-13,26.110001,3.77688582,6.15,5.59,2.32508006,3.88,32.75818213,12.11633269,7.0,,24.120001,5.57192349,3.53,14.65,,5.21,2.36110641,9.34999287,6.7623407,10.0,10.875,0.25056912,115.0,7.28,6.9179923,2.59,0.26676453,,11.2,1.107738,
2019-02-14,26.4,3.77688582,6.28,5.7,2.3308281,3.84,32.85788957,12.20553345,6.845,,24.34,5.57969465,3.52,14.35,,5.26,2.36332863,9.27777126,6.70432252,10.0,11.1825,0.25483578,114.0,7.3,6.86399236,2.55,0.26000001,,11.31,1.091295,
2019-02-17,26.5,3.79803638,6.3,5.71,2.35382024,3.87,33.48785417,11.8190001,7.425,,24.469999,5.64963511,3.56,14.48,,5.3,2.39110635,9.33888121,6.78812655,10.04,11.5725,0.2579388,113.0,7.35,6.9239923,2.6,0.26400001,,11.43,1.093026,
2019-02-18,26.299999,3.74667074,6.27,5.71,2.36819032,3.84,33.65101104,11.89333344,8.1000005,,24.85,5.59523698,3.61,14.56,,5.36,2.39221757,9.58332603,6.91060937,9.616,11.25,0.26375697,114.03,7.23,6.96599225,2.73,0.26250001,,11.45,1.112065,
2019-02-19,26.09,3.8040794,6.28,5.67,2.32795408,3.85,33.53770797,11.96766678,8.1000005,,24.9,5.57969465,3.58,14.9,,5.24,2.39443957,9.52777051,6.94284169,10.0,11.3475,0.2614297,114.0,7.19,6.97199224,2.73,0.26500001,,11.55,1.11293,
2019-02-20,26.01,3.8403375,6.23,5.71,2.33945015,3.97,33.69633136,12.01970011,8.1000005,,25.16,5.56415233,3.58,15.01,,5.27,2.38999525,9.58332603,7.01375279,10.2,11.13,0.26569636,112.41,7.22,7.13399206,2.79,0.26300001,,11.44,1.116392,
2019-02-21,25.799999,3.89170315,6.21,5.8,2.31070998,3.94,33.26578152,12.19810012,8.1000005,,24.76,5.53306768,3.55,14.56,,5.21,2.3599953,9.53888162,7.86468604,10.2,11.1525,0.27539331,112.6,7.0,7.12799207,2.78,0.26500001,,11.3,1.111199,
2019-02-24,25.35,3.78595035,6.18,5.7,2.30208792,3.9,32.7445865,12.41366753,8.1000005,,24.360001,5.47866954,3.51,14.46,,5.11,2.33332869,9.41666004,7.8002214,10.232,10.7475,0.27267816,112.7,6.72,7.12799207,2.73,0.26500001,,11.2,1.105141,
2019-02-25,25.5,3.79199337,6.15,5.7,2.32508006,3.91,32.17807116,12.52516678,8.25,,24.25,5.50975419,3.52,14.38,,5.1,2.33332869,9.44443724,7.89047189,10.232,10.8,0.27422967,113.0,6.79,7.0979921,2.73,0.26500001,,11.2,1.099083,
2019-02-26,25.27,3.82825147,6.17,5.63,2.37106434,3.85,31.49825276,12.48799937,8.5,,23.620001,5.4864407,3.56,14.43,,5.15,2.33332869,9.47777,8.15477691,10.24,10.875,0.28819328,114.0,6.98,7.10999209,2.81,0.26500001,,11.21,1.10168,
2019-02-27,25.07,3.86753108,6.17,5.66,2.36819032,3.82,31.49825276,12.50286678,8.5,,23.32,5.4864407,3.52,14.52,,5.14,2.30221753,9.53332606,8.12899106,10.4,10.9275,0.31185383,112.56,7.0,7.08599212,2.76,0.26250001,,11.22,1.099083,
2019-02-28,24.91,3.89774617,6.06,5.67,2.17850518,3.8,31.38494969,12.04200085,8.5,,22.879999,5.40652047,3.34,14.7,,5.05,2.26443983,9.39443728,8.12254459,10.64,11.115,0.28935691,111.77,7.05,6.97199224,2.72,0.26200001,,11.02,1.107738,
2019-03-03,24.57,3.90378919,5.88,5.61,2.26759972,3.86,31.8064371,12.40623419,8.8,,22.709999,5.45394609,3.43,14.53,,4.95,2.25110663,9.38888173,8.14833045,10.416,11.1225,0.2773327,110.0,7.06,7.18199201,2.72,0.26050001,,10.94,1.195145,
2019-03-04,24.85,3.93400427,5.81,5.55,2.27047373,3.98,31.38494969,12.92656604,8.8,,22.610001,5.45394609,3.53,14.43,,4.95,2.27666214,9.42777003,8.1934557,10.68,11.025,0.27422967,110.0,6.88,6.83999239,2.67,0.26000001,,11.05,1.211588,
2019-03-05,25.6,4.0820582,5.85,5.52,2.27622177,4.03,31.25805071,12.77046678,8.865,,22.709999,5.4776589,3.59,14.51,,4.92,2.29999554,9.49443721,8.18700923,10.696,10.9725,0.2808236,108.0,6.98,6.89999232,2.71,0.26050001,,11.31,1.224569,
2019-03-06,25.799999,4.11227328,5.84,5.51,2.27334775,4.12,30.89095013,12.63666678,8.875,,22.43,5.3749034,3.59,14.51,,4.9,2.24555098,9.40554838,8.02584764,11.0,10.875,0.27927209,108.0,6.98,6.92999229,2.75,0.26300001,,11.35,1.176971,
2019-03-07,26.25,4.09112272,5.87,5.51,2.29921391,4.12,31.16287659,12.71100012,8.875,,22.5,5.3749034,3.6,14.6,,4.94,2.27555103,9.47221444,8.09031227,11.04,11.0475,0.27965996,108.39,7.02,7.03799217,2.81,0.26300001,,11.44,1.185625,
2019-03-10,26.74,4.07903669,5.95,5.54,2.29921391,4.14,31.91974017,12.93400012,8.9700005,,22.75,5.46975463,3.59,14.75,,4.99,2.25555096,9.58332603,8.18700923,11.088,11.4,0.28392662,110.3,7.28,7.37999179,2.89,0.26600001,,11.5,1.198607,
2019-03-11,26.799999,4.10018725,5.98,5.55,2.29059186,4.2,32.08743007,12.96373419,9.0,,22.719999,5.45394609,3.61,14.66,,5.0,2.28221779,9.62777044,8.34172437,10.8,11.25,0.28004784,111.03,7.33,7.37999179,2.91,0.26650001,,11.39,1.198607,
2019-03-12,26.940001,4.0488216,5.97,5.58,2.30496223,4.21,32.11915493,13.35026605,9.785,,22.700001,5.46185036,3.63,14.66,,5.0,2.39888412,9.73332591,8.1934557,11.184,11.19,0.28198723,110.0,7.4,7.50599165,2.88,0.26700001,,11.45,1.213319,
2019-03-13,26.98,3.91285371,5.93,5.54,2.27622177,4.12,31.95146503,13.38000012,9.8599995,,22.459999,5.4776589,3.66,14.53,,5.2,2.39888412,9.59443713,8.12254459,10.8,11.04,0.27655694,108.5,7.37,7.49999166,2.83,0.26750001,,11.45,1.221973,
2019-03-14,27.950001,3.89170315,5.99,5.48,2.25610365,4.05,31.27164662,13.38000012,9.75,,22.33,5.40652047,3.64,14.47,,5.1,2.60221705,9.44443724,8.09031227,10.808,11.025,0.27229028,108.22,7.35,7.49999166,2.82,0.26700001,,11.3,1.238416,
2019-03-17,28.440001,3.92796126,6.19,5.43,2.2647257,4.07,31.47559079,13.41716605,9.91,,22.0,5.44604182,3.61,14.49,,5.09,2.68332799,9.49443721,8.28370619,11.104,11.0175,0.26802363,108.01,7.4,7.46999169,2.82,0.26800001,,11.28,1.264379,
2019-03-18,28.299999,3.91587522,6.17,5.35,2.22161544,4.08,30.81843435,13.38000012,9.91,,22.0,5.3749034,3.6,14.39,,5.05,2.72221681,9.46666,8.12899106,11.104,10.9575,0.25677517,108.0,7.35,7.34999182,2.79,0.26750001,,11.21,1.282553,
2019-03-19,27.02,3.78292884,6.06,5.26,2.18425321,4.0,30.43320483,13.38000012,9.5,,22.110001,5.22472227,3.49,14.2,,4.95,2.64443907,9.2833257,8.12254459,10.808,10.5075,0.25134488,107.0,7.3,7.13999206,2.65,0.26750001,,11.0,1.281687,
2019-03-20,27.129999,3.81616544,6.09,5.3,2.1325209,4.03,30.61902005,13.38000012,9.5,,22.18,5.25633935,3.5,14.05,,4.95,2.64555018,9.27777126,8.06452642,10.8,10.665,0.24630247,107.5,7.3,7.12199208,2.66,0.26800001,,11.0,1.280822,
2019-03-21,27.25,3.79199337,6.08,5.32,2.22736347,4.09,30.50118712,13.30566678,9.7,,22.030001,5.24053081,3.52,14.11,,4.99,2.62443933,9.38888173,8.21924155,11.104,10.725,0.24824185,107.11,7.33,7.16999202,2.7,0.26800001,,11.04,1.309381,
2019-03-24,27.200001,3.83429449,6.05,5.34,2.19000125,4.16,30.93173742,13.38000012,9.8999995,,22.110001,5.216818,3.56,14.26,,5.0,2.62332823,9.43332614,8.18700923,10.8,10.5,0.25134488,108.0,7.35,7.16999202,2.76,0.26850001,,11.27,1.29813,
2019-03-25,26.309999,3.62581039,5.9,5.3,2.18425321,4.04,30.68246931,13.37256679,9.125,,21.620001,4.97968991,3.43,14.16,,4.94,2.53332818,9.2666596,8.18700923,10.76,10.365,0.24552671,106.3,7.13,6.89999232,2.7,0.26700001,,11.15,1.311111,
2019-03-26,26.540001,3.59861681,5.85,5.33,2.12964688,3.98,30.63714854,13.15700087,9.2200005,,21.629999,4.86112587,3.4,14.15,,4.93,2.49999503,9.11665972,8.12254459,10.8,10.2825,0.24319944,107.05,7.31,6.93599228,2.68,0.26700001,,11.09,1.326689,
2019-03-27,25.790001,3.56538022,5.88,5.3,2.14114295,3.94,29.97999256,13.15700087,9.5,,20.24,4.82950879,3.41,14.35,,4.9,2.51110612,9.11665972,8.12254459,10.8,10.275,0.25250851,107.38,7.52,7.05599215,2.65,0.26750001,,10.91,1.350055,
2019-03-28,25.799999,3.61070285,5.88,5.25,2.1325209,3.94,30.09329563,13.38000012,9.745,,20.209999,4.80579598,3.43,14.31,,4.9,2.54888393,9.08332641,8.09675874,10.6,10.1325,0.25212063,107.25,7.5,6.95999226,2.65,0.26850001,,10.87,1.337939,
2019-03-31,26.299999,3.70739112,5.96,5.3,2.12677286,3.96,30.75498509,13.41716605,9.75,,19.799999,4.91645575,3.44,14.33,,4.9,2.67777245,9.2277713,8.12254459,10.776,10.29,0.24940549,107.01,7.28,6.92999229,2.68,0.26950001,,11.21,1.359575,
2019-04-01,26.200001,3.71645565,5.93,5.32,2.12102483,3.88,30.98159122,13.49893346,9.9799995,,19.4,4.91645575,3.41,14.51,,4.91,2.70555017,9.4833261,8.12254459,10.6,10.2,0.250957,107.25,7.24,6.95399226,2.68,0.27000001,,11.4,1.358709,
2019-04-02,26.4,3.74969224,5.98,5.31,2.10378073,3.86,32.13275084,13.52866753,10.0,,19.41,4.94016856,3.43,14.85,,4.93,2.70221685,9.4833261,8.18056277,10.44,10.2375,0.25289639,106.3,7.27,6.96599225,2.67,0.27000001,,11.48,1.366498,
2019-04-03,26.629999,3.76177828,5.99,5.31,2.07504055,3.88,33.1751368,13.38000012,10.0,,19.540001,4.89274294,3.43,14.84,,4.8,2.72777224,9.53332606,8.18700923,10.44,10.02,0.25755092,106.5,7.21,7.03799217,2.64,0.27050001,,11.55,1.36044,
2019-04-04,26.5,3.75875677,6.12,5.35,2.04055234,3.9,33.26578152,13.38000012,10.0,,19.200001,4.88483867,3.4,14.9,,4.7,2.83888313,9.46110445,8.18700923,10.48,9.945,0.25949031,105.3,7.27,7.16999202,2.66,0.26750001,,11.59,1.344863,
2019-04-07,26.030001,3.62581039,6.08,5.33,2.01181217,3.81,32.85788957,13.41716605,10.0,,18.4,4.86112587,3.45,14.82,,4.67,2.93888315,9.46666,8.22568802,10.568,9.6825,0.24242369,104.3,7.33,7.06199214,2.64,0.26500001,,11.47,1.358709,
2019-04-08,26.049999,3.60163832,6.05,5.25,1.9514578,3.83,33.0844957,13.41716605,9.5,,18.209999,4.7741789,3.44,14.54,,4.5,2.94999402,9.33332566,8.15477691,10.568,9.1725,0.22535706,102.98,7.26,7.07999212,2.56,0.27100001,,11.5,1.343997,
2019-04-09,26.0,3.58048776,6.02,5.15,1.8853554,3.85,32.92587232,13.45433346,9.5,,18.34,4.71094474,3.45,14.5,,4.5,2.8966609,9.26110405,8.06452642,10.44,9.3,0.21604799,102.0,7.25,7.15799204,2.47,0.26250001,,11.6,1.335343,
2019-04-10,26.190001,3.5955953,6.12,5.2,1.89972549,3.87,33.12981602,13.46176753,10.0,,18.59,4.75837036,3.44,14.52,,4.5,2.84443879,9.29443736,8.05807995,10.48,9.3,0.22341767,102.01,7.21,7.193992,2.49,0.26500001,,11.6,1.280822,
2019-04-11,26.969999,3.59861681,6.14,5.25,1.91409558,3.83,33.45612976,13.5435327,10.0,,18.5,4.74256182,3.4,14.7,,4.53,2.87443884,9.16665968,8.00650824,10.416,9.3,0.22535706,102.0,7.2,7.13999206,2.51,0.26500001,,11.65,1.228896,
2019-04-14,27.209999,3.50495004,6.13,5.26,1.89685147,3.83,33.37908459,13.46920086,10.0,,18.4,4.75046609,3.62,14.55,,4.5,2.89777201,9.16665968,7.93559714,10.56,9.435,0.22419343,102.0,7.09,7.16399203,2.51,0.26600001,,11.6,1.224569,
2019-04-15,27.219999,3.47473496,6.08,5.2,1.8853554,3.81,33.31110184,13.52866753,9.5,,18.360001,4.72675328,3.59,14.55,,4.45,2.97554975,9.16665968,7.92915068,10.4,9.3375,0.22341767,102.0,7.03,7.13999206,2.55,0.26600001,,11.6,1.212453,
2019-04-16,26.799999,3.44451987,6.01,5.03,1.87385933,3.63,33.35642216,13.52866753,9.5,,17.799999,4.54495508,3.45,14.2,,4.49,2.9222163,9.16665968,7.83890018,9.928,9.36,0.21527223,101.0,6.93,7.04999216,2.49,0.26600001,,11.73,1.191683,
2019-04-17,26.75,3.32365952,6.0,5.05,1.84224514,3.59,33.07996267,13.67733346,9.8450005,,17.4,4.54495508,3.46,14.1,,4.51,2.87221651,9.14443692,8.00650824,10.32,9.0975,0.21488436,100.0,6.88,7.11599208,2.44,0.26850001,,11.63,1.19428,
2019-04-18,26.76,3.36293914,5.68,5.08,1.8508672,3.58,32.85788957,13.61043271,9.99,,17.18,4.56866789,3.45,14.15,,4.53,2.89999423,9.19443688,8.05807995,10.312,9.045,0.21527223,100.18,6.9,7.04999216,2.49,0.26850001,,11.53,1.204665,
2019-04-21,26.25,3.32970254,5.66,4.8,1.85374121,3.61,33.04370841,13.57326679,10.0,,17.139999,4.54495508,3.45,14.16,,4.45,2.92332741,9.12221527,8.07741935,10.312,9.0075,0.21643587,100.0,6.85,7.09199211,2.49,0.26700001,,11.5,1.233224,
2019-04-22,26.52,3.33876707,5.66,4.96,1.88248139,3.64,33.0844957,13.52866753,9.005,,17.110001,4.57657216,3.46,13.95,,4.5,2.94443859,8.91665931,8.15477691,10.344,9.135,0.2175995,100.32,6.85,6.05999326,2.51,0.26500001,,11.4,1.228896,
2019-04-23,26.75,3.32365952,5.55,4.95,1.8681113,3.6,33.0844957,13.53609937,9.995,,17.139999,4.75046609,3.44,13.94,,4.42,2.84999433,8.72221557,8.05807995,10.32,8.8875,0.21604799,100.51,6.5,5.69999366,2.45,0.26850001,,11.1,1.190818,
2019-04-24,26.610001,3.36293914,5.56,4.95,1.83649711,3.57,33.10262465,13.55840013,9.995,,17.110001,4.78208317,3.45,13.91,,4.47,2.85666087,8.81110439,8.05807995,10.336,8.895,0.21721162,103.72,6.52,5.60999376,2.45,0.26850001,,11.21,1.197741,
2019-04-30,26.52,3.41430478,5.52,4.95,1.89110344,3.57,33.78697608,13.48406604,9.995,,17.049999,4.74256182,3.41,14.06,,4.51,2.85221655,8.80554884,7.95493653,9.616,8.97,0.21837526,103.5,6.6,5.61599375,2.4,0.26850001,,11.25,1.228896,
2019-05-02,26.059999,3.47775647,5.52,4.99,1.87385933,3.53,34.17220606,12.78533419,9.995,,16.700001,4.66351912,3.43,14.06,,4.5,2.74888342,8.8333266,7.81956079,9.888,9.0,0.21915101,103.0,6.66,5.59799377,2.36,0.26850001,,11.35,1.252263,
2019-05-05,25.299999,3.34178858,5.27,4.84,1.79913488,3.44,33.22046074,12.36906603,10.0,,16.15,4.58447643,3.3,13.5,,4.4,2.61443935,8.81110439,7.62616687,10.336,8.85,0.21682374,101.0,6.45,5.39999399,2.32,0.26250001,,11.3,1.238416,
2019-05-06,24.99,3.32668103,5.02,4.7,1.78189078,3.32,32.65847526,11.26893344,10.0,,15.02,4.30782699,3.1,12.9,,4.3,2.53332818,8.6388823,7.41343356,10.336,8.49,0.21527223,100.01,6.17,5.39999399,2.31,0.26650001,,10.92,1.220242,
2019-05-07,25.01,3.30855198,4.86,4.55,1.72441043,3.3,33.14341194,11.60343343,10.0,,15.65,4.19716721,3.12,12.88,,4.21,2.53555051,8.77777109,7.60682748,9.88,8.34,0.21100558,100.75,6.28,5.50799387,2.32,0.24000001,,10.51,1.228896,
2019-05-08,24.02,3.23905728,4.5,4.31,1.58070956,3.03,33.42440491,11.89333344,9.995,,14.36,3.88890069,2.95,12.6,,4.1,2.39999523,8.49999352,7.51013052,9.8,7.605,0.19432683,93.010002,6.09,5.43599395,2.27,0.24100001,,10.36,1.217646,
2019-05-09,24.0,3.142369,4.3,4.16,1.58070956,3.04,33.19779877,11.89333344,9.995,,14.63,3.7308153,2.97,12.6,,4.09,2.38888414,8.55554903,7.4778982,9.0,7.6125,0.19393895,95.650002,6.17,5.39999399,2.29,0.26650001,,10.5,1.220242,
2019-05-12,24.059999,3.26322935,4.53,4.34,1.61519777,3.21,33.0844957,11.89333344,10.0,,14.83,3.97584766,3.12,12.68,,4.18,2.46666187,8.64443785,7.62616687,9.976,7.89,0.200145,99.0,6.35,5.49599389,2.35,0.26650001,,10.83,1.219377,
2019-05-13,24.360001,3.26322935,4.39,4.3,1.60944974,3.25,31.76111678,11.89333344,9.75,,14.61,3.87309215,3.07,12.55,,4.15,2.43110616,8.4222158,7.73575676,9.976,7.9125,0.19587834,98.400002,6.2,5.51399387,2.33,0.24000001,,10.71,1.183029,
2019-05-14,24.5,3.30855198,4.43,4.36,1.61519777,3.35,32.26871226,12.05686602,10.0,,14.4,3.9126135,3.08,12.81,,4.16,2.4722173,8.66666006,7.74864968,9.976,7.875,0.20053287,99.150002,6.38,5.58599379,2.37,0.24000001,,10.6,1.193414,
2019-05-15,24.51,3.32365952,4.25,4.21,1.5375993,3.2,31.95146503,12.07916678,10.0,,13.54,3.80195373,3.03,12.72,,4.0,2.44999501,8.67777116,7.73575676,9.976,7.5,0.19742985,97.010002,6.22,5.45399393,2.36,0.26650001,,10.6,1.19428,
2019-05-16,24.07,3.37200366,4.06,4.19,1.51173314,3.28,31.72485889,11.88590011,9.99,,12.83,3.8335708,3.05,12.7,,4.01,2.40110645,8.53332683,7.56814869,9.008,7.2825,0.19742985,97.25,6.2,5.46599392,2.33,0.26650001,,10.52,1.189953,
2019-05-19,24.110001,3.43243384,3.85,4.06,1.45137878,3.3,31.49825276,11.6629001,10.005,,11.85,3.75452811,3.02,12.69,,3.83,2.27777325,8.6388823,7.60682748,9.008,7.2075,0.19665409,97.019997,6.0,5.49599389,2.34,0.26650001,,10.1,1.196876,
2019-05-20,24.0,3.45962741,3.81,3.91,1.48011895,3.25,31.2263263,11.64803343,10.005,,12.09,3.71500676,2.94,12.44,,3.85,2.12777354,8.60554899,7.44566588,8.112,6.8625,0.19665409,96.449997,5.84,5.55599382,2.32,0.24000001,,10.2,1.198607,
2019-05-21,24.09,3.47473496,3.87,3.94,1.48874101,3.29,31.49825276,11.7744001,10.0,,12.24,3.65967687,2.99,12.5,,3.87,2.15110694,8.50554907,7.48434466,8.28,6.75,0.19742985,97.0,5.88,5.60999376,2.34,0.24000001,,10.45,1.204665,
2019-05-22,24.139999,3.51401457,4.14,3.95,1.53472528,3.33,31.38948272,11.95280011,10.0,,13.04,3.82566653,3.06,12.82,,3.95,2.27221781,8.66110451,7.4778982,9.2,6.87,0.20092075,97.040001,6.04,5.54999383,2.39,0.24000001,,10.4,1.208126,
2019-05-23,24.120001,3.56538022,4.37,3.96,1.5548434,3.35,31.49825276,11.96766678,10.0,,14.1,3.84147507,3.15,13.02,,3.86,2.30332875,8.87221546,7.59393455,9.2,6.87,0.20130863,97.0,6.19,5.5739938,2.42,0.24000001,,10.4,1.241012,
2019-05-26,24.16,3.60465983,4.57,3.94,1.60657572,3.39,31.65234312,12.10146752,10.0,,14.31,3.89680496,3.16,13.15,,3.99,2.34443978,8.88888211,7.73575676,9.2,7.1325,0.20247226,96.0,6.24,5.68199368,2.42,0.24000001,,10.49,1.263513,
2019-05-27,24.0,3.60465983,4.5,3.93,1.61232375,3.46,32.06930112,12.04200085,10.0,,14.31,4.03908182,3.16,13.43,,4.02,2.39443957,8.97221538,7.76798908,8.408,7.4925,0.2175995,97.0,6.3,5.71799364,2.47,0.23000001,,10.5,1.255724,
2019-05-28,24.110001,3.56538022,4.59,3.9,1.66405607,3.49,31.974127,11.29123344,10.0,,14.17,4.30782699,3.17,13.5,,4.11,2.38888414,8.94999373,7.8002214,8.56,7.1475,0.22070252,96.199997,6.35,5.75999359,2.5,0.23050001,,10.58,1.272167,
2019-05-29,24.030001,3.45962741,4.68,3.9,1.66693008,3.34,31.99678535,11.78183344,10.0,,13.78,4.32363553,3.12,13.29,,4.25,2.30777319,8.88888211,7.58104162,8.72,7.2525,0.22535706,96.0,6.28,5.62799374,2.53,0.22800001,,10.5,1.236685,
2019-05-30,23.5,3.38711121,4.51,3.79,1.66693008,3.33,32.17807116,11.37300011,10.0,,13.31,4.21297575,3.07,13.1,,4.15,2.21110671,8.86110435,7.67129212,8.488,7.125,0.2175995,96.0,6.3,5.59799377,2.45,0.21600001,,10.31,1.237551,
2019-06-02,23.809999,3.38711121,4.47,3.7,1.65543401,3.32,32.18713405,11.52166678,10.0,,13.21,4.14974159,3.06,13.09,,4.2,2.18332899,8.80554884,7.51013052,8.448,7.0875,0.21604799,96.0,6.2,5.54999383,2.4,0.21750001,,10.15,1.214184,
2019-06-03,22.74,3.41430478,4.53,3.61,1.58933161,3.35,32.0647681,11.52166678,10.0,,13.35,4.27620991,3.08,13.21,,4.2,2.2222178,8.88888211,7.5488093,8.488,7.0875,0.21721162,95.010002,6.26,5.56199441,2.38,0.22400001,,10.1,1.228896,
2019-06-09,23.18,3.44451987,4.6,3.66,1.64681196,3.39,32.19166708,11.67776677,10.0,,13.49,4.34734833,3.13,13.5,,4.22,2.24444009,8.91665931,7.57459516,8.44,7.2,0.21953889,95.0,6.36,5.6579937,2.41,0.22400001,,10.22,1.230627,
2019-06-10,23.440001,3.49890703,4.7,3.78,1.65543401,3.5,32.24605391,11.89333344,10.0,,13.96,4.52124227,3.17,13.58,,4.25,2.32555093,8.94443762,7.54236284,8.48,7.3425,0.2245813,95.010002,6.4,5.92199341,2.45,0.22100001,,10.48,1.24707,
2019-06-11,23.299999,3.53516513,4.54,3.77,1.69567026,3.64,32.79897333,12.11633269,10.0,,15.04,4.48962519,3.15,13.8,,4.23,2.38777303,9.12221527,7.5488093,8.4,7.275,0.22302979,95.400002,6.45,6.13199318,2.48,0.21250001,,10.51,1.238416,
2019-06-12,23.610001,3.53516513,4.55,3.75,1.6870482,3.65,33.31110184,11.78926677,10.0,,15.3,4.47381665,3.14,13.66,,4.16,2.41110643,9.0555481,7.55525577,8.336,7.2,0.22535706,95.0,6.36,6.11999319,2.46,0.23050001,,10.41,1.238416,
2019-06-13,23.65,3.51703608,4.48,3.76,1.72441043,3.68,33.44706688,11.78183344,9.995,,14.92,4.45010384,3.09,13.4,,4.15,2.50332846,9.14999247,7.48434466,8.0,7.215,0.22380555,94.0,6.4,6.13799317,2.45,0.22000001,,10.5,1.23582,
2019-06-16,23.620001,3.47473496,4.52,3.72,1.72728445,3.67,33.27484395,11.87103344,10.0,,14.92,4.50543373,3.1,13.5,,4.11,2.51110612,9.16110413,7.54236284,8.256,7.14,0.22302979,94.0,6.45,6.23399306,2.44,0.21950001,,10.51,1.220242,
2019-06-17,23.639999,3.48379948,4.58,3.73,1.72441043,3.68,33.54677086,11.7298001,9.75,,15.3,4.71884901,3.15,13.51,,4.1,2.54555049,9.11110416,7.40698709,8.256,6.9075,0.22341767,93.010002,6.44,6.21599308,2.47,0.22550001,,10.67,1.210723,
2019-06-18,23.549999,3.4898425,4.5,3.71,1.6698041,3.66,33.76431411,11.65546677,9.5,,15.15,4.74256182,3.11,13.33,,4.12,2.53332818,9.08888251,7.35541538,8.032,6.87,0.22264191,92.75,6.4,6.16199314,2.44,0.22000001,,10.56,1.210723,
2019-06-19,23.299999,3.49286401,4.46,3.65,1.61232375,3.66,33.76431411,11.44733344,9.5,,14.61,4.71884901,3.02,13.25,,4.11,2.47777274,9.02777089,7.09111036,8.344,7.17,0.21915101,92.099998,6.33,6.17999312,2.39,0.22550001,,10.58,1.200338,
2019-06-20,23.299999,3.50495004,4.45,3.5,1.62381982,3.66,33.42893793,11.26893344,9.5,,14.5,4.62399777,3.04,13.2,,4.1,2.43888415,8.99999369,7.3167366,8.4,6.975,0.21798738,92.75,6.25,6.24599305,2.36,0.22000001,,10.6,1.186491,
2019-06-23,23.68,3.47473496,4.48,3.35,1.6209458,3.64,33.65101104,11.38043344,9.5,,14.32,4.67932766,3.01,13.23,,4.06,2.41443964,9.0555481,7.34252245,8.4,6.915,0.21837526,92.0,6.23,6.293993,2.37,0.23350001,,10.6,1.189953,
2019-06-24,24.0,3.46567043,4.42,3.21,1.58070956,3.52,33.12075359,11.39530011,10.0,,13.9,4.60818924,2.99,13.3,,4.0,2.33666213,9.02777089,7.28450428,8.4,6.75,0.21566011,92.0,6.15,6.2039931,2.3,0.24000001,,10.3,1.186491,
2019-06-25,23.42,3.40221875,4.3,3.11,1.55196939,3.44,33.31563487,11.29866677,10.0,,13.71,4.50543373,2.98,13.24,,4.1,2.32332871,8.86110435,7.41343356,8.2,6.375,0.21566011,91.0,6.16,6.1079932,2.29,0.24000001,,10.26,1.182164,
2019-06-26,23.6,3.44754138,4.35,3.16,1.5548434,3.5,33.33829367,11.34326677,9.95,,13.95,4.56866789,3.05,13.48,,4.1,2.35221754,9.0444381,7.4778982,8.2,6.375,0.21798738,91.5,6.35,6.15599315,2.32,0.22500001,,10.38,1.151009,
2019-06-27,23.879999,3.50797155,4.42,3.17,1.6209458,3.63,33.0844957,11.38786677,9.995,,14.4,4.64771058,3.12,13.65,,4.1,2.46888387,9.32777122,7.54236284,8.24,6.2625,0.23117523,91.0,6.64,6.16799314,2.36,0.22500001,,10.6,1.151009,
2019-07-02,24.0,3.45056289,4.47,3.17,1.68992222,3.83,33.07996267,11.33583344,10.0,,14.33,4.73465755,3.13,13.75,,4.04,2.58221708,9.49999276,7.54236284,8.056,6.15,0.24436308,90.360001,6.76,6.12599318,2.38,0.22500001,,10.65,1.150143,
2019-07-03,23.889999,3.45056289,4.48,3.11,1.66118205,3.85,33.08902873,11.39530011,10.0,,14.22,4.90064721,3.18,14.28,,4.15,2.54777271,9.72221481,7.54236284,7.4,6.15,0.25755092,90.010002,6.7,6.14999316,2.41,0.24000001,,10.73,1.127642,
2019-07-04,23.709999,3.43847685,4.36,3.01,1.64106393,3.89,32.99385461,11.35070011,9.75,,13.38,4.86903014,3.1,14.25,,4.04,2.47777274,9.68332595,7.54236284,8.152,6.1425,0.25716305,89.0,6.51,5.99999332,2.38,0.23450001,,10.5,1.094756,
2019-07-07,23.700001,3.42336931,4.38,2.95,1.62381982,3.92,32.7445865,11.33583344,9.9049995,,13.34,4.83741306,3.11,14.31,,4.04,2.47332841,9.57221492,7.54236284,8.04,6.09,0.25289639,89.0,6.49,6.0239933,2.34,0.23450001,,10.43,1.099083,
2019-07-08,23.700001,3.47473496,4.42,2.99,1.59507965,3.93,32.77177833,11.72236677,9.9049995,,13.38,4.8532216,3.18,14.32,,4.06,2.49666159,9.55554883,7.68418505,7.76,6.03,0.25367215,89.889999,6.53,6.07199324,2.34,0.23500001,,10.41,1.097353,
2019-07-09,23.75,3.47473496,4.41,2.95,1.58070956,3.82,33.29750592,11.67033343,9.9049995,,13.49,4.82160452,3.27,14.3,,4.06,2.50110614,9.63888154,7.48434466,7.992,6.15,0.25987819,90.110001,6.64,6.05999326,2.34,0.23500001,,10.55,1.106872,
2019-07-10,23.700001,3.44451987,4.32,2.81,1.52322921,3.79,33.32016472,11.46220011,9.9049995,,13.32,4.6951362,3.21,14.25,,4.16,2.47555074,9.58332603,7.38120124,8.0,5.85,0.2579388,90.0,6.52,6.08399323,2.29,0.24000001,,10.49,1.1337,
2019-07-11,23.0,3.39919724,4.08,2.72,1.55771742,3.73,32.81710228,11.2838001,9.5,,12.81,4.60028497,3.13,14.0,,4.21,2.43332849,9.39999283,7.09111036,7.8,5.8125,0.25716305,88.050003,6.36,5.99999332,2.3,0.24000001,,10.47,1.129373,
2019-07-14,21.110001,3.35991763,4.0,2.72,1.55771742,3.67,32.4545311,11.36556677,9.715,,12.4,4.42639103,3.07,13.82,,4.0,2.31443984,9.11110416,7.09755682,7.896,5.625,0.24862973,85.0,6.22,6.00599332,2.18,0.24100001,,10.18,1.119854,
2019-07-15,21.549999,3.28437991,4.0,2.8,1.5375993,3.68,32.01944778,11.37300011,9.66,,12.34,4.42639103,3.07,13.53,,4.0,2.29999554,9.10554806,6.52342656,7.68,5.8875,0.24630247,85.019997,6.31,6.01199331,2.19,0.24950001,,10.38,1.120719,
2019-07-16,22.110001,3.32063802,4.08,2.8,1.50885913,3.78,32.4046773,11.41016677,9.67,,12.7,4.50543373,3.1,13.65,,4.0,2.38888414,9.13888248,6.58931975,7.68,5.8575,0.25367215,85.019997,6.46,6.05399326,2.19,0.23050001,,10.36,1.103411,
2019-07-17,22.0,3.27229388,4.04,2.85,1.52322921,3.76,32.49531839,11.44733344,8.875,,12.5,4.50543373,3.09,13.91,,3.9,2.31221751,9.16665968,6.73574908,7.68,5.85,0.2544479,81.5,6.4,6.04199328,2.15,0.23000001,,10.35,1.107738,
2019-07-18,22.4,3.28437991,4.05,2.91,1.52897725,3.77,32.54064234,11.40273344,9.5,,12.64,4.52914654,3.13,14.05,,3.77,2.33332869,9.19443688,6.80896374,7.68,5.7375,0.25832668,84.050003,6.49,6.08399323,2.17,0.23050001,,10.32,1.103411,
2019-07-21,22.15,3.29344444,3.99,2.88,1.52322921,3.73,32.17807116,11.41016677,9.5,,12.49,4.44219957,3.1,13.9,,3.72,2.31555095,9.11665972,6.74307055,7.68,5.9175,0.25832668,83.0,6.37,6.00599332,2.14,0.23150001,,10.28,1.090429,
2019-07-22,22.92,3.26927237,4.0,3.0,1.52322921,3.75,32.40921033,11.41016677,9.49,,12.55,4.45010384,3.13,13.93,,3.62,2.3222176,9.16665968,6.80896374,7.688,6.015,0.25716305,80.800003,6.4,6.05999326,2.15,0.23500001,,10.25,1.09216,
2019-07-24,22.82,3.22394974,3.9,3.13,1.4542528,3.64,32.35935698,11.41016677,9.49,,12.55,4.34734833,3.16,13.9,,3.7,2.26888437,9.16665968,6.88949988,7.688,6.15,0.25018124,82.0,6.43,6.07199324,2.04,0.23250001,,10.1,1.080044,
2019-07-25,22.67,3.24812181,3.87,3.17,1.4542528,3.6,32.40014427,11.41760011,9.49,,12.2,4.22878429,3.15,13.9,,3.65,2.28888434,9.16665968,7.31414493,7.84,6.045,0.24940549,87.510002,6.5,5.99999332,2.04,0.25450001,,9.9,1.062736,
2019-07-28,22.73,3.23301426,3.82,3.11,1.46574887,3.61,31.83816196,11.44733344,9.5,,11.92,4.20507148,3.1,13.83,,3.61,2.32888414,9.19443688,7.68753971,7.84,6.0,0.2474661,88.019997,6.53,6.03599328,2.03,0.23250001,,9.99,1.063601,
2019-07-29,21.85,3.22092823,3.82,3.02,1.49161502,3.5,31.99678535,11.44733344,9.5,,12.0,4.18926294,3.08,13.55,,3.61,2.40110645,9.16665968,7.61432505,7.84,5.85,0.24319944,87.0,6.4,6.0179933,2.02,0.23250001,,9.9,1.051485,
2019-07-30,21.549999,3.18769163,3.6,2.9,1.45137878,3.2,32.05570521,11.46963344,9.495,,11.51,4.07860317,3.03,13.9,,3.4,2.41666186,9.16665968,7.24825173,7.84,5.8125,0.23078735,88.900002,6.35,5.99999332,1.98,0.23100001,,9.82,1.0411,
2019-07-31,21.049999,3.142369,3.55,2.9,1.44850476,3.0,31.95146503,11.43990011,9.495,,11.38,3.98375193,3.08,13.87,,3.57,2.42999528,8.97221538,7.43128839,7.84,5.67,0.22302979,88.0,6.2,6.00599332,1.94,0.23150001,,9.75,1.040235,
2019-08-01,21.02,3.17862711,3.65,3.05,1.47437092,2.71,32.78990682,11.55883343,9.5,,11.3,4.06279463,3.1,14.0,,3.36,2.52443931,9.06110365,7.50450305,7.28,5.625,0.23078735,88.5,6.32,6.11999319,1.97,0.25450001,,9.96,1.048024,
2019-08-04,20.02,3.4535844,3.67,3.15,1.48011895,2.48,33.0844957,11.5960001,9.5,,11.55,4.08650743,3.14,14.05,,3.51,2.53555051,9.18888244,7.32878786,7.84,5.475,0.23776915,92.940002,6.39,6.04199328,2.04,0.25450001,,10.32,1.064467,
2019-08-05,20.49,3.39919724,3.63,3.14,1.37952834,2.28,33.0844957,11.58856676,9.0,,11.53,4.00746474,3.11,14.0,,3.54,2.56332823,9.39443728,7.39468106,7.84,5.4225,0.24513883,92.0,6.7,6.32999296,2.04,0.23500001,,10.5,1.067063,
2019-08-06,20.610001,3.35991763,3.62,3.18,1.37952834,2.3,33.17966983,11.5291001,9.4849995,,11.55,4.02327328,3.1,14.1,,3.6,2.55555047,9.50554886,7.49718159,7.832,5.625,0.24281156,91.18,6.57,6.43799284,2.03,0.23250001,,10.51,1.073121,
2019-08-07,20.68,3.39919724,3.72,3.2,1.40826852,2.31,33.09355859,11.60343343,9.5,,11.61,4.08650743,3.16,14.2,,3.55,2.59888361,9.52777051,7.51182452,7.84,5.7,0.24513883,92.540001,6.63,6.49199278,2.05,0.23500001,,10.7,1.093026,
2019-08-08,20.700001,3.41732629,3.82,3.26,1.43700869,2.42,33.2023318,11.89333344,9.5,,11.95,4.20507148,3.22,14.29,1.46528173,3.67,2.62888366,9.63888154,7.36539519,7.84,5.7,0.25832668,95.949997,6.77,6.4679928,2.11,0.22400001,,10.93,1.141489,
2019-08-14,20.98,3.4898425,4.03,3.39,1.46287485,2.54,33.87761718,12.1832327,9.25,,12.48,4.3552526,3.3,14.38,1.9234658,3.78,2.6966613,9.96665962,7.40932399,7.84,5.85,0.26375697,98.730003,7.01,6.63599262,2.25,0.21600001,,11.06,1.168317,
2019-08-15,21.52,3.51703608,4.14,3.34,1.46574887,2.56,33.9229375,11.52166678,9.25,,13.1,4.54495508,3.33,13.8,1.95068466,3.8,2.73888344,10.17777002,7.34343079,7.84,6.015,0.25910244,95.550003,6.97,6.66599258,2.27,0.21850001,,11.29,1.159663,
2019-08-18,21.5,3.4898425,4.21,3.4,1.48299297,2.59,33.99092024,11.69263343,9.0,,13.23,4.64771058,3.25,14.0,1.96883056,3.8,2.76443883,10.38888152,7.28485906,8.0,6.03,0.25987819,95.0,7.0,6.72599252,2.3,0.22000001,,11.3,1.15447,
2019-08-19,21.549999,3.49286401,4.19,3.35,1.46000083,2.55,34.21752638,11.55883343,9.12,,13.58,4.66351912,3.26,12.99,1.96202585,3.83,2.847772,10.27221439,7.24825173,8.0,6.1425,0.26104183,94.0,7.0,6.59999266,2.32,0.22300001,,11.18,1.142354,
2019-08-20,21.639999,3.50797155,4.27,3.41,1.4542528,2.62,34.24471821,11.5737001,9.12,,13.71,4.6951362,3.3,13.3,1.97790351,3.93,2.91666086,10.19443667,7.22628733,7.44,6.195,0.26918726,94.940002,7.07,6.64199261,2.39,0.21850001,,11.26,1.142354,
2019-08-21,21.98,3.5593372,4.5,3.36,1.52322921,2.73,33.99092024,11.43246678,9.0,,13.4,4.71884901,3.11,13.3,1.98697647,4.21,2.9222163,10.23332553,7.34343079,7.92,6.09,0.27306604,94.110001,7.06,6.65999259,2.41,0.21950001,,11.01,1.125046,
2019-08-22,22.0,3.56538022,4.52,3.35,1.58070956,2.76,33.98638721,11.37300011,9.0,,13.55,4.71094474,3.11,13.4,1.99604942,4.21,2.96221633,10.27221439,7.43128839,8.0,6.09,0.27810845,93.5,7.04,6.73199251,2.42,0.22000001,,11.01,1.107738,
2019-08-25,22.0,3.5261006,4.38,3.26,1.5548434,2.69,34.11781923,11.35813344,8.8500005,,13.36,4.72675328,3.04,13.42,1.95522113,4.06,2.94443859,9.99999238,7.33610933,8.0,6.0,0.2773327,93.25,6.75,6.7379925,2.34,0.21450001,,10.91,1.107738,
2019-08-26,21.92,3.53818664,4.36,3.2,1.52322921,2.67,34.05890299,10.85266676,8.8500005,,13.33,4.74256182,3.05,13.33,1.94161171,4.07,2.96777176,9.77777032,7.33610933,7.856,5.9625,0.27345392,92.599998,6.71,6.79799244,2.28,0.22050001,,11.03,1.107738,
2019-08-27,21.75,3.76479979,4.3,3.18,1.55196939,2.69,33.94559992,11.00133343,8.8450005,,13.22,4.65561485,3.09,13.36,1.98243999,4.0,3.02777175,10.13888116,7.46057425,7.992,5.8725,0.27772057,92.010002,6.88,6.79799244,2.33,0.21450001,,11.18,1.120719,
2019-08-28,21.82,3.86753108,4.34,3.23,1.57496153,2.66,34.27191321,11.25406677,8.8450005,,13.35,4.66351912,3.11,13.38,2.04141418,4.0,3.05554948,10.29443715,7.33610933,7.992,5.8575,0.27849633,92.519997,6.96,6.77999246,2.35,0.21350001,,11.2,1.125046,
2019-08-29,21.700001,3.92796126,4.36,3.19,1.5548434,2.66,35.42760223,11.15743343,8.795,,13.35,4.67142339,3.15,13.31,2.14121665,4.04,3.14443808,10.69999184,7.46789572,7.92,5.9325,0.27616906,91.099998,7.14,6.83999239,2.36,0.21450001,,11.32,1.160528,
2019-09-01,21.700001,4.1183163,4.39,3.21,1.55196939,2.65,36.25698159,11.39530011,8.75,,13.45,4.71094474,3.13,13.33,2.20472731,4.26,3.14666041,11.09999154,7.37271666,7.84,5.9925,0.27500543,91.0,7.15,6.84599238,2.33,0.21450001,,11.57,1.196011,
2019-09-02,22.110001,4.07903669,4.4,3.18,1.54047332,2.59,36.27511054,11.1723001,8.76,,13.56,4.6951362,3.09,13.33,2.22287322,4.25,3.16666037,11.05554713,7.46789572,7.328,6.075,0.26957514,92.419998,7.1,6.83999239,2.31,0.21250001,,11.4,1.218511,
2019-09-03,22.32,4.08507971,4.49,3.41,1.51173314,2.64,36.71019386,11.24663344,8.5,,13.61,4.67142339,3.09,13.0,2.2342144,4.45,3.12332723,10.97776941,7.48253865,7.24,6.255,0.27035089,98.400002,7.12,6.83999239,2.3,0.21250001,,11.27,1.241878,
2019-09-04,22.35,4.06392915,4.54,3.45,1.52322921,2.66,36.25698159,11.2838001,8.5,,13.66,4.60028497,3.05,12.88,2.26823797,4.35,3.06221602,10.88888059,7.40200252,6.8,6.3,0.27073877,100.73,7.1,6.83999239,2.3,0.21450001,,10.85,1.241878,
2019-09-05,22.440001,4.07903669,4.55,3.58,1.54334734,2.7,36.40200952,11.42503344,8.5,,14.21,4.63980631,3.08,12.9,2.28865212,4.33,3.06777179,10.89443669,7.48253865,6.88,6.495,0.27190241,102.25,7.2,6.62999262,2.34,0.21750001,,10.99,1.246205,
2019-09-08,22.68,4.02767104,4.54,3.6,1.55196939,2.72,36.32949737,11.5291001,8.585,,14.7,4.64771058,3.1,12.76,2.26823797,4.17,3.06221602,10.92776945,7.68753971,6.92,6.5775,0.27694482,102.01,7.52,6.6539926,2.33,0.21750001,,10.45,1.246205,
2019-09-09,23.08,4.0488216,4.56,3.5,1.52897725,2.69,36.67393597,11.44733344,8.5,,14.31,4.71094474,3.09,12.77,2.26823797,4.13,2.9833274,10.86110227,7.61432505,7.0,6.5175,0.2738418,102.25,7.55,6.65999259,2.3,0.21550001,,10.99,1.246205,
2019-09-10,23.0,4.05184311,4.58,3.49,1.52322921,2.68,36.59689079,11.51423344,8.0,,14.38,4.6951362,3.09,12.83,2.23875088,4.15,2.99999403,10.83888062,7.63628945,7.04,6.57,0.27500543,104.98,7.55,6.71399253,2.32,0.21500001,,11.01,1.250532,
2019-09-11,22.83,4.22709061,4.48,3.48,1.53185127,2.63,36.61955277,11.58856676,8.0,,14.42,4.6951362,3.11,12.84,2.22287322,4.14,2.99332749,10.95554665,7.58503918,7.208,6.5325,0.27461755,106.25,7.6,6.59999266,2.35,0.21850001,,11.13,1.255724,
2019-09-12,22.52,4.32982191,4.46,3.5,1.52322921,2.67,36.83255982,11.85616677,8.05,,14.43,4.72675328,3.15,12.83,2.14121665,4.11,2.9944386,10.94443666,7.46789572,7.68,6.75,0.27655694,104.5,7.5,6.61199264,2.38,0.22100001,,11.06,1.259186,
2019-09-15,22.200001,4.09716574,4.43,3.48,1.51460716,2.65,36.94586288,12.22040085,8.675,,14.26,4.7741789,3.11,12.58,2.17297198,3.99,2.92888317,10.84999228,7.48986012,7.6,6.5475,0.27267816,105.67,7.69,6.35999292,2.36,0.21750001,,10.9,1.280822,
2019-09-16,22.299999,4.03975708,4.46,3.37,1.50311109,2.64,36.71472689,12.16093419,7.815,,13.79,4.70304047,3.11,12.46,2.12080251,3.95,2.88888314,10.72221349,7.40200252,7.608,6.465,0.26841151,104.61,7.5,6.29999299,2.3,0.21400001,,10.7,1.273033,
2019-09-17,21.9,3.85846656,4.16,3.15,1.45137878,2.41,36.25698159,12.48799937,7.81,,12.6,4.37106114,2.94,12.5,2.04141418,3.7,2.77999447,10.58888026,7.43860985,7.28,6.0675,0.24630247,102.9,7.3,5.81999352,2.11,0.21150001,,10.3,1.246205,
2019-09-18,22.0,3.86753108,4.15,3.12,1.45137878,2.42,36.71019386,12.63666678,7.085,,12.85,4.38686968,3.0,12.51,2.08677894,3.69,2.76777227,10.58332471,7.43128839,7.2,6.0075,0.2474661,104.0,7.5,6.02999329,2.09,0.20550001,,10.31,1.238416,
2019-09-19,21.5,3.88263863,3.8,3.18,1.4542528,2.44,36.3068354,12.82250012,8.245,,12.94,4.4342953,3.0,12.62,2.15255784,3.74,2.82443883,10.66665909,7.43128839,7.192,6.225,0.24824185,104.0,7.4,6.17999312,2.13,0.21000001,,10.65,1.228031,
2019-09-22,19.700001,3.57142323,3.78,2.91,1.34504014,2.24,34.85202446,12.19066678,8.38,,12.03,4.03908182,2.72,11.8,1.98924493,3.48,2.6322171,9.71665926,7.02860774,6.536,5.88,0.22613281,96.0,6.76,5.93999339,1.97,0.20000001,,9.92,1.151009,
2019-09-23,18.52,3.47473496,3.61,2.75,1.23582748,2.06,33.53770797,12.27986677,7.55,,11.16,3.69129395,2.76,11.3,1.92800228,3.27,2.51221734,9.71665926,6.95539307,6.552,5.4,0.20596316,95.0,6.2,5.66999369,1.81,0.18050001,,9.270001,1.091295,
2019-09-24,18.6,3.47473496,3.65,2.83,1.15248097,1.95,31.95146503,11.78183344,8.38,,10.65,3.47787867,2.75,11.2,1.87129633,3.19,2.4233284,9.49999276,6.80896374,6.4,5.415,0.19316319,96.5,5.94,5.81999352,1.72,0.18550001,,9.34,1.116392,
2019-09-25,19.299999,3.5955953,3.75,2.85,1.15535499,1.92,32.18260419,12.02713344,8.0,,10.99,3.62015552,2.8,11.27,1.91212461,3.23,2.50666157,9.73332591,7.00664334,6.528,5.43,0.20130863,98.620003,6.1,5.91599342,1.8,0.19000001,,9.5,1.131104,
2019-09-26,19.01,3.67113302,3.82,3.0,1.17834713,1.96,33.69179833,12.30216603,8.4750005,,11.01,3.69919822,2.85,11.49,1.98470823,3.41,2.55555047,10.02221514,7.0359292,6.72,5.7525,0.20441165,96.0,6.29,6.19199311,1.91,0.20000001,,9.67,1.160528,
2019-09-29,19.610001,3.78292884,3.91,3.03,1.21570935,2.05,34.81576657,12.41366753,8.4750005,,11.38,3.77033665,2.93,11.7,2.03914594,3.52,2.62332823,10.26110273,7.1677156,6.76,5.9325,0.21022982,99.610001,6.43,6.26399303,2.0,0.20000001,,10.05,1.190818,
2019-09-30,20.5,3.79803638,4.15,3.16,1.25881961,2.32,34.89281175,12.26500012,8.2250005,,11.9,4.04698609,3.0,11.9,2.07997422,3.67,2.75110564,10.72221349,7.24825173,6.76,6.12,0.2210904,102.0,6.63,6.17399313,2.11,0.20750001,,10.29,1.220242,
2019-10-01,20.75,3.82825147,4.17,3.3,1.27606372,2.45,35.15114275,12.37650011,8.495,,11.97,4.11022024,3.04,11.81,2.08224246,3.7,2.7333279,10.79443621,7.2116444,6.888,6.3825,0.22302979,104.51,6.63,6.07199324,2.12,0.20750001,,10.3,1.220242,
2019-10-02,20.32,3.87659561,4.11,3.33,1.26456765,2.46,36.07569578,12.11633269,7.8,,11.85,4.05489036,2.95,11.64,2.04368242,3.66,2.84888311,10.50554755,7.17503706,6.88,6.2175,0.21527223,103.0,6.51,6.09599322,2.06,0.20750001,,10.11,1.228896,
2019-10-03,20.049999,3.79199337,4.05,3.31,1.26456765,2.4,35.57263016,12.04200085,7.8,,11.61,3.95213485,2.94,11.6,2.05729184,3.5,2.87777205,10.13888116,7.17503706,6.88,6.1875,0.21139345,103.0,6.45,5.93999339,2.03,0.20750001,,9.8,1.211588,
2019-10-07,21.17,3.8403375,4.18,3.52,1.31342594,2.49,35.77204446,12.19066678,7.8,,12.86,4.13393305,3.1,11.73,2.06409656,3.36,2.91888308,10.24999274,7.26289466,6.592,6.27,0.21876313,102.0,6.67,6.07199324,2.07,0.20500001,,9.97,1.21505,
2019-10-08,22.59,3.70134811,4.23,3.36,1.25881961,2.44,35.80376932,12.12376603,7.8,,12.32,4.18926294,3.08,11.73,2.04595088,3.25,2.9466608,10.061104,7.30682346,6.6,6.2475,0.22690857,102.0,6.5,6.12599318,2.03,0.20600001,,9.75,1.228896,
2019-10-09,22.5,3.68926207,4.2,3.32,1.26456765,2.41,35.69499928,11.89333344,7.8,,12.0,4.18926294,3.05,11.63,2.04141418,3.25,2.87443884,10.00554793,7.32146639,6.792,6.15,0.22613281,101.0,6.39,6.05399326,2.0,0.20750001,,9.7,1.211588,
2019-10-10,22.51,3.70134811,4.26,3.35,1.26169363,2.37,35.80376932,11.9379327,7.85,,12.22,4.18135867,3.06,11.68,2.0187318,3.44,2.96443855,9.78888198,7.32146639,6.72,6.24,0.22613281,99.010002,6.5,6.15599315,1.99,0.20050001,,9.78,1.207261,
2019-10-13,22.4,3.73156319,4.25,3.44,1.26169363,2.4,35.80376932,11.90076677,7.135,,12.25,4.16555013,3.08,11.6,1.99604942,3.44,2.99999403,9.83332639,7.32146639,6.808,6.2175,0.22613281,100.51,6.46,6.1079932,1.99,0.20150001,,9.81,1.204665,
2019-10-14,22.200001,3.71645565,4.24,3.5,1.25881961,2.37,35.79923629,11.86360011,7.35,,12.0,4.08650743,3.0,11.33,1.99831766,3.36,2.96666088,9.94443686,7.19700146,6.528,6.0675,0.22264191,100.01,6.3,6.14999316,1.98,0.20250001,,9.59,1.207261,
2019-10-15,21.610001,3.65602548,4.3,3.5,1.23582748,2.34,35.57716319,11.74466677,7.5,,11.87,4.00746474,2.97,11.16,1.97336704,3.33,2.91110543,9.88888079,7.19700146,6.56,6.0975,0.21876313,99.0,6.23,6.17999312,1.97,0.20100001,,9.63,1.185625,
2019-10-16,22.0,3.68624056,4.35,3.49,1.23582748,2.37,35.75391552,11.67033343,7.5,,12.0,4.04698609,2.99,11.15,1.97336704,3.37,2.9566609,9.93888076,7.17503706,6.576,6.12,0.22031465,99.099998,6.31,6.15599315,1.98,0.20050001,,9.67,1.190818,
2019-10-17,22.110001,3.72249867,4.36,3.5,1.23295346,2.43,35.57716319,11.34326677,7.98,,12.17,4.10231597,3.01,11.03,2.00058589,3.45,3.0344383,9.94443686,7.1237868,6.4160008,6.1125,0.22652069,99.989998,6.63,6.15599315,2.03,0.20150001,,9.9,1.189953,
2019-10-20,22.0,3.71947716,4.34,3.47,1.23870149,2.44,35.63155002,11.40273344,8.0,,12.11,4.08650743,3.01,11.16,1.97790351,3.52,2.99999403,9.9333252,7.1018224,6.52,6.1275,0.22574494,100.96,6.79,6.15599315,2.06,0.20250001,,9.8,1.197741,
2019-10-21,21.74,3.77688582,4.36,3.5,1.25307158,2.42,35.758449,11.36556677,8.0,,12.15,4.0706989,2.98,11.12,1.97563528,3.47,3.02221632,9.77777032,7.10914387,6.52,6.0825,0.22574494,101.0,6.6,6.05999326,2.04,0.20800001,,9.84,1.176971,
2019-10-22,20.9,3.78595035,4.06,3.49,1.26169363,2.42,35.71312823,11.33583344,8.0,,12.06,4.05489036,2.97,11.06,1.98697647,3.47,3.02221632,9.83332639,7.2116444,6.632,6.0375,0.22923584,100.0,6.65,6.08999322,2.04,0.21250001,,9.85,1.185625,
2019-10-23,20.530001,3.79803638,4.02,3.5,1.25019756,2.35,35.80376932,11.35813344,8.0,,12.05,3.99956047,2.95,10.95,2.00739061,3.34,2.98443862,9.80554808,7.2116444,6.64,6.015,0.22496918,99.0,6.51,5.99999332,1.99,0.21050001,,9.75,1.176971,
2019-10-24,20.93,3.837316,4.03,3.5,1.2559456,2.37,35.80376932,11.56626676,7.75,,12.1,4.03117755,2.96,10.94,2.00739061,3.41,3.00666057,9.905548,7.28485906,6.64,6.015,0.22768433,99.849998,6.57,6.0239933,2.02,0.22000001,,9.81,1.181298,
2019-10-27,21.0,3.86753108,4.03,3.44,1.31055193,2.44,35.58169622,11.89333344,7.75,,12.2,4.06279463,2.99,10.97,1.99151294,3.4,3.02777175,10.01110348,7.32146639,6.56,6.0,0.23544188,99.050003,6.68,6.05999326,2.05,0.23200001,,9.83,1.183895,
2019-10-28,20.91,3.837316,4.05,3.4,1.29905586,2.45,35.88534753,11.76696677,7.75,,12.18,4.0944117,2.98,11.0,1.95522113,3.43,3.02666065,10.02776958,7.1018224,6.56,6.0675,0.23970854,100.0,6.8,6.07799324,2.09,0.22150001,,9.9,1.183895,
2019-10-29,21.200001,3.87659561,4.06,3.5,1.28468577,2.46,36.03037546,11.82643344,7.75,,12.25,4.16555013,3.0,11.1,1.9529529,3.5,3.02999397,10.05554789,7.1530734,6.68,6.12,0.2404843,100.51,6.87,6.08999322,2.09,0.23200001,,9.95,1.185625,
2019-10-30,21.4,3.837316,4.24,3.52,1.35366219,2.52,36.26604448,11.85616677,7.75,,12.39,4.2524971,3.03,11.17,1.92800228,3.6,2.98554973,10.1166584,7.1018224,6.672,6.075,0.23660552,104.08,6.9,6.14999316,2.08,0.23200001,,9.8,1.191683,
2019-10-31,21.700001,3.84335901,4.26,3.55,1.43126066,2.56,36.3068354,11.89333344,7.6,,13.25,4.24459283,3.04,11.26,1.94841642,3.62,2.9566609,10.28332549,7.1018224,6.704,6.1125,0.2369934,103.15,6.86,6.17999312,2.1,0.22750001,,9.86,1.189087,
2019-11-03,22.16,3.837316,4.48,3.55,1.43700869,2.55,36.4563959,11.95280011,7.75,,13.11,4.36315687,3.0,11.53,1.93934347,3.59,2.98443862,10.4833259,7.10914387,6.728,6.2625,0.24164793,103.0,6.9,6.22799307,2.1,0.24750001,,9.85,1.190818,
2019-11-04,22.33,3.91285371,4.48,3.79,1.39677245,2.53,36.68300203,11.8190001,7.75,,13.21,4.5923807,2.98,11.34,1.93934347,3.58,2.93554972,10.64999188,7.16039413,6.72,6.225,0.23970854,104.0,7.0,6.29999299,2.08,0.23750001,,9.7,1.185625,
2019-11-05,22.26,3.97328389,4.49,3.8,1.3392921,2.46,37.09995687,11.78183344,7.5,,13.66,4.54495508,2.95,11.35,1.94387994,3.68,2.9566609,10.66665909,7.17503706,6.76,6.1875,0.23660552,105.05,6.93,6.24599305,2.06,0.24750001,,9.62,1.189953,
2019-11-06,23.219999,3.92796126,4.59,3.83,1.37090629,2.45,37.85228742,11.6406001,7.5,,13.7,4.60028497,2.93,11.29,1.97336704,3.62,2.96221633,10.49999199,7.1018224,6.8,6.15,0.23582976,105.12,6.9,6.25199304,2.04,0.24750001,,9.25,1.210723,
2019-11-07,23.799999,3.98234841,4.76,3.92,1.36515826,2.44,37.85228742,11.67033343,7.575,,13.92,4.52124227,2.91,11.33,1.95522113,3.63,2.95888289,10.52221475,7.1018224,6.8,6.15,0.23660552,104.0,6.89,6.25199304,2.05,0.24450001,,9.42,1.221108,
2019-11-11,23.6,4.08810121,4.61,3.92,1.35653621,2.46,37.84322454,11.73723344,7.59,,13.83,4.45800811,2.92,11.5,1.95522113,3.65,2.92666084,10.49999199,7.1018224,6.8160008,6.1125,0.23660552,103.0,6.8,6.40199288,2.06,0.23100001,,9.41,1.241012,
2019-11-12,23.01,4.00349897,4.51,3.87,1.35078817,2.48,37.63021432,11.25406677,7.59,,13.12,4.42639103,2.89,11.34,1.95522113,3.65,2.91888308,10.49999199,7.05057214,6.888,6.0,0.23738127,103.03,6.82,6.38999289,2.08,0.23600001,,9.39,1.240147,
2019-11-13,23.02,3.98839143,4.45,3.9,1.33641808,2.5,37.43533259,11.1500001,7.5,,13.1,4.41058249,2.89,11.31,1.93480699,3.66,2.89332769,10.39443596,6.95539307,6.968,6.0,0.2369934,102.5,6.85,6.36599292,2.12,0.24600001,,9.35,1.234089,
2019-11-14,22.959999,3.9793269,4.1,3.95,1.3392921,2.5,37.14074416,11.1946001,7.5,,13.0,4.27620991,2.88,10.99,1.95068466,3.79,2.89110536,10.3555471,6.92610721,7.088,5.9325,0.23738127,103.0,6.85,6.30599298,2.13,0.24250001,,9.3,1.229762,
2019-11-17,22.6,4.01860652,4.13,3.87,1.30192988,2.46,37.20872645,11.14256677,7.745,,13.0,4.24459283,2.9,10.92,1.95068466,3.82,2.89999423,10.28888104,6.95539307,7.128,5.85,0.23389037,100.01,6.82,6.38999289,2.09,0.25250001,,9.31,1.234089,
2019-11-18,22.27,4.02162802,4.1,3.8,1.28468577,2.4,37.16340613,11.12026677,7.76,,12.6,4.22088002,2.85,10.7,1.95068466,3.7,2.89999423,10.1166584,7.02860774,7.04,5.775,0.2280722,102.06,6.66,6.32999296,2.04,0.25000001,,9.01,1.236685,
2019-11-19,22.059999,3.97328389,4.11,3.85,1.27893774,2.42,37.05463609,11.11283343,7.5,,12.41,4.1734544,2.8,10.5,1.9529529,3.66,2.85666087,10.02776958,7.09450093,7.048,5.6625,0.22768433,102.0,6.56,6.32999296,2.05,0.25600001,,9.05,1.229762,
2019-11-20,22.049999,3.95817634,4.15,3.9,1.28755979,2.39,36.57422882,11.11283343,7.59,,12.45,4.23668856,2.82,10.4,1.92800228,3.67,2.79554999,9.91665911,7.1018224,7.04,5.685,0.22652069,102.42,6.62,6.31199298,2.04,0.26000001,,9.07,1.230627,
2019-11-21,21.719999,3.92796126,4.16,3.91,1.27893774,2.38,35.74485309,11.1500001,7.5,,12.41,4.2524971,2.78,10.46,1.83727276,3.6,2.78332768,9.97221517,7.02860774,6.88,5.7,0.22264191,102.0,6.52,6.26399303,2.05,0.26000001,,9.12,1.220242,
2019-11-24,21.33,3.87055259,4.2,3.91,1.26456765,2.39,35.66780428,11.25406677,7.5,,12.1,4.2524971,2.75,10.45,1.92800228,3.6,2.76666116,10.01665958,6.98467894,6.84,5.595,0.22225404,101.25,6.47,6.23999306,2.05,0.25000001,,9.16,1.219377,
2019-11-25,21.469999,3.84638052,4.16,3.85,1.27031568,2.35,35.34149417,11.1946001,7.5,,12.06,4.23668856,2.75,10.4,1.9053199,3.61,2.7444391,9.88888079,6.95539307,6.96,5.61,0.22302979,101.25,6.41,6.18599312,2.02,0.25000001,,8.9,1.19428,
2019-11-26,21.309999,3.73156319,3.87,3.85,1.20421328,2.3,34.89734478,11.14256677,6.775,,11.8,4.18135867,2.77,10.3,1.89397871,3.58,2.66666136,9.61665878,6.95539307,6.72,5.49,0.22264191,100.5,6.43,6.19199311,2.01,0.23900001,,8.8,1.116392,
2019-11-27,21.049999,3.70134811,3.8,3.88,1.12948883,2.3,34.98798588,11.11283343,7.0,,12.02,4.12602878,2.75,10.3,1.89171047,3.61,2.61443935,9.47221444,6.99932187,6.608,5.4825,0.22186616,100.1,6.46,6.1979931,1.99,0.24050001,0.09534713,8.770001,1.160528,
2019-11-28,21.01,3.71645565,3.84,3.9,1.04614233,2.26,35.1330138,11.07566676,7.0,,12.19,4.24459283,2.77,10.38,1.88490576,3.6,2.65555027,9.44443724,6.97735747,6.624,5.49,0.22225404,100.46,6.54,6.2039931,1.99,0.24050001,0.09534713,8.75,1.165721,
2019-12-01,21.309999,3.7345847,3.82,3.9,0.99441001,2.13,35.35055705,11.05336676,7.365,,12.29,4.24459283,2.78,10.2,1.85088219,3.58,2.68888365,9.51665886,6.84557108,6.8,5.5875,0.21837526,99.0,6.39,6.14999316,1.92,0.24100001,0.09534713,8.67,1.16399,
2019-12-02,20.52,3.52005759,3.55,3.8,0.95704779,2.01,35.13754683,10.85266676,7.365,,12.52,4.06279463,2.67,10.12,1.78283505,3.5,2.59443928,9.17221523,6.72842761,6.24,5.385,0.21216921,96.5,6.1,6.00599332,1.83,0.24150001,0.09534713,8.22,1.167452,
2019-12-03,20.5,3.53516513,3.55,3.88,0.92830762,2.04,35.03783968,10.77833344,6.9,,12.5,3.9916562,2.68,10.1,1.76922562,3.5,2.61110592,9.16665968,6.73574908,6.456,5.4,0.20945406,97.0,6.1,5.64599372,1.83,0.25200001,0.09534713,8.17,1.164855,
2019-12-04,21.15,3.64091793,3.68,3.91,0.94842574,2.14,35.35509008,10.81550009,6.9,,12.89,4.12602878,2.7,10.22,1.81912708,3.67,2.6733279,9.33332566,6.80896374,6.528,5.52,0.2141086,98.0,6.15,6.08999322,1.91,0.24000001,0.09534713,8.31,1.169182,
2019-12-05,21.35,3.59861681,3.74,4.01,0.93118163,2.17,35.40041086,10.85266676,6.9,,13.23,4.2524971,2.7,10.39,1.9053199,3.7,2.64221708,9.24999295,6.62592709,6.56,5.4975,0.2175995,99.010002,6.17,6.02999329,1.91,0.24000001,0.09534713,8.4,1.176971,
2019-12-08,21.5,3.58350927,3.73,4.02,0.88232334,2.15,35.01064785,10.86010009,6.95,,13.19,4.19716721,2.69,10.3,1.87129633,3.7,2.61666135,9.11110416,6.81628521,6.784,5.475,0.21721162,99.010002,6.19,6.11999319,1.892,0.23500001,0.09534713,8.33,1.176971,
2019-12-09,21.200001,3.58048776,3.66,3.94,0.83633906,2.15,34.96532753,10.97160009,6.95,,13.12,4.20507148,2.68,10.3,1.84180924,3.67,2.57777276,8.92221486,6.81628521,6.608,5.385,0.21527223,99.0,6.2,6.08399323,1.881,0.24000001,1.77727051,8.2,1.163125,
2019-12-10,21.48,3.61674586,3.7,4.02,0.8593312,2.16,34.98798588,10.97903343,6.9,,13.23,4.23668856,2.69,10.35,1.84634571,3.68,2.59443928,8.94999373,6.72842761,6.64,5.43,0.21527223,99.0,6.26,6.08999322,1.89,0.24000001,1.77727051,8.25,1.15447,
2019-12-11,21.27,3.61070285,3.62,3.9,0.83059102,2.13,35.0786306,11.04593343,6.75,,13.11,4.03117755,2.66,10.31,1.84861395,3.67,2.57777276,8.81665994,6.72842761,6.424,5.4375,0.21527223,98.0,6.05,6.08999322,1.86,0.23750001,1.54462352,8.14,1.1337,
2019-12-12,20.559999,3.58350927,3.65,3.95,0.85645718,2.1,35.17380472,11.03106676,6.74,,12.9,4.03117755,2.65,10.23,1.84861395,3.72,2.5611059,8.86665991,6.64057002,6.4,5.355,0.21100558,98.07,6.03,6.09599322,1.85,0.22750001,1.57894848,8.08,1.125046,
2019-12-15,20.799999,3.60163832,3.68,3.97,0.86220522,2.13,35.12395092,11.0162001,6.725,,12.61,4.10231597,2.67,10.31,1.81685862,3.74,2.5611059,8.94999373,6.59664122,6.472,5.3775,0.21139345,99.019997,6.05,6.17999312,1.851,0.24500001,1.60564568,8.12,1.135431,
2019-12-16,20.65,3.61674586,3.67,3.99,0.90182067,2.15,35.00158496,11.00133343,6.74,,12.82,4.07860317,2.67,10.23,1.82593157,3.73,2.58777274,8.99999369,6.65521295,6.472,5.4,0.21294497,99.739998,6.1,6.1979931,1.816,0.24900001,1.63997065,8.03,1.142354,
2019-12-17,20.700001,3.63789642,3.7,3.43,0.96095645,2.17,35.01518088,11.0831001,6.75,,12.89,4.16555013,2.68,10.23,1.839541,3.8,2.62332823,9.03332645,6.93342867,6.36,5.445,0.21216921,100.0,6.28,6.287993,1.821,0.22550001,1.6781095,8.08,1.142354,
2019-12-18,21.0,3.72249867,3.76,3.51,0.92399659,2.27,35.67233731,11.1500001,6.75,,13.15,4.20507148,2.73,10.52,1.88263752,3.79,2.6844391,9.33888121,6.95539307,6.288,5.4675,0.21721162,100.73,6.31,6.40799287,1.869,0.23350001,1.68955115,8.3,1.142354,
2019-12-19,21.0,3.74667074,3.72,3.54,0.88703673,2.27,36.31136842,10.88983343,6.75,,13.5,4.18926294,2.76,10.51,1.88263752,3.71,2.67555023,9.33332566,6.9920004,6.48,5.385,0.21682374,101.5,6.29,6.34799294,1.85,0.23600001,1.65904007,8.21,1.115526,
2019-12-22,21.02,3.71645565,3.75,3.5,0.88703673,2.3,36.71019386,10.89726676,6.75,,13.98,4.20507148,2.76,10.5,1.87129633,3.77,2.68332799,9.2833257,6.88949988,6.544,5.445,0.21643587,101.5,6.37,6.36599292,1.851,0.23900001,1.63997065,8.26,1.115526,
2019-12-23,21.0,3.71645565,3.7,3.5,0.86486081,2.27,37.07276504,11.12026677,6.765,,14.06,4.14183732,2.77,10.46,1.83727276,3.6,2.67110591,9.44443724,6.46485482,6.576,5.415,0.21488436,101.64,6.36,6.23999306,1.85,0.23750001,1.64378453,8.16,1.116392,
2019-12-24,20.709999,3.71343414,3.66,3.5,0.84268489,2.23,37.07729489,11.17973343,6.93,,14.0,4.11022024,2.71,10.3,1.82819981,3.62,2.66110593,9.46110445,6.05485344,6.64,5.3475,0.2141086,100.0,6.27,6.17999312,1.813,0.23800001,1.63997065,8.1,1.109468,
2019-12-25,20.5,3.70739112,3.69,3.45,0.83529292,2.24,36.57876185,10.85266676,6.98,,14.09,4.0944117,2.72,10.32,1.83273628,3.68,2.64999473,9.49999276,6.28913963,6.64,5.3775,0.21333284,101.4,6.27,6.16199314,1.82,0.23850001,1.63997065,8.13,1.108603,
2019-12-26,20.51,3.68624056,3.69,3.42,0.813117,2.27,36.75551418,11.00133343,6.98,,14.45,4.11022024,2.74,10.16,1.83727276,3.7,2.66110593,9.44443724,6.69182028,6.728,5.3325,0.21294497,101.0,6.32,6.18599312,1.811,0.24900001,1.66285396,8.15,1.106007,
2019-12-29,20.51,3.66509,3.65,3.37,0.82420496,2.29,36.96852486,11.07566676,7.005,,14.42,4.14974159,2.73,10.12,1.70117848,3.65,2.64999473,9.27777126,6.66253442,6.8,5.37,0.2106177,100.21,6.57,6.17999312,1.793,0.23050001,1.68192338,8.15,1.107738,
2019-12-30,20.110001,3.6288319,3.65,3.38,0.82420496,2.39,37.07276504,10.88983343,7.005,,14.32,4.22878429,2.79,10.0,1.73973853,3.59,2.64999473,9.27777126,6.73574908,6.92,5.4075,0.21100558,100.0,6.64,6.19199311,1.737,0.24900001,1.69717892,8.14,1.118123,
2019-12-31,20.200001,3.65602548,3.6,3.24,0.80942101,2.38,37.48065336,11.2392001,7.285,,14.21,4.20507148,2.84,10.0,1.74654324,3.55,2.58888363,9.23888129,6.91146427,6.8,5.37,0.20984194,98.0,6.6,6.17999312,1.72,0.22500001,1.71624835,8.06,1.100814,
2020-01-02,20.91,3.68624056,3.6,3.25,0.81681298,2.44,37.39001227,11.18716677,7.255,,14.11,4.2524971,2.83,10.06,1.76922562,3.64,2.58555041,9.33332566,6.93342867,6.84,5.565,0.21178133,99.0,6.69,6.287993,1.741,0.21650001,1.7048067,8.1,1.103411,
2020-01-05,19.209999,3.34481008,3.22,2.97,0.73550128,2.23,36.48358773,10.6371001,7.255,,12.85,3.9916562,2.69,9.18,1.70117848,3.33,2.35443987,8.61110455,6.51610509,6.44,5.1675,0.19781773,93.0,6.06,5.93999339,1.578,0.20700001,1.60564568,7.35,1.042831,
2020-01-06,19.0,3.35387461,3.1,2.89,0.75398122,2.1,36.30230191,10.77833344,7.4,,11.82,3.79404946,2.63,8.8,1.70117848,3.08,2.25555096,8.33888253,6.66253442,6.4160008,5.25,0.19277532,90.139999,5.9,5.99999332,1.45,0.20750001,1.56369294,7.14,1.003022,
2020-01-08,19.0,3.43545534,3.16,2.95,0.76506918,2.1,36.31589783,10.96416676,7.25,,12.36,3.88099642,2.63,9.01,1.7261291,3.21,2.24444009,8.61110455,6.77235641,6.408,5.3025,0.19626622,91.980003,6.1,5.81399353,1.515,0.21000001,1.61708734,7.4,1.016869,
2020-01-09,19.969999,3.60163832,3.33,3.16,0.80572503,2.25,37.6166184,11.14256677,7.25,,12.89,4.16555013,2.8,9.42,1.74881148,3.34,2.43666182,8.86665991,6.77235641,6.8,5.49,0.20208438,94.050003,6.24,6.14399316,1.615,0.22000001,1.69717892,7.89,1.059274,
2020-01-12,20.209999,3.66509,3.44,3.23,0.80202904,2.3,37.84322454,11.07566676,7.4,,13.23,4.26040137,2.85,9.56,1.76922562,3.47,2.49999503,8.97221538,6.75039201,6.88,5.5425,0.20635104,93.75,6.25,6.23999306,1.647,0.22950001,1.71624835,8.05,1.084371,
2020-01-13,20.26,3.63185341,3.42,3.25,0.85007686,2.32,37.31749649,11.14256677,7.4,,13.27,4.21297575,2.79,9.41,1.75107972,3.53,2.51110612,8.86665991,6.58931975,6.96,5.5425,0.20751468,94.5,6.27,6.17999312,1.56,0.22950001,1.7543872,8.09,1.086102,
2020-01-14,20.209999,3.65300397,3.42,3.3,0.86855679,2.29,37.40360818,11.1946001,7.4,,13.76,4.2524971,2.75,9.4,1.75788443,3.52,2.50555046,8.88332656,6.56735535,7.04,5.715,0.2106177,94.449997,6.3,6.19199311,1.6,0.21000001,1.71624835,8.14,1.073121,
2020-01-15,20.200001,3.77386431,3.4,3.35,0.85746883,2.24,37.66193872,11.1277001,7.4,,14.1,4.26830564,2.8,9.41,1.72386086,3.55,2.48999505,8.89443766,6.55271242,7.04,5.67,0.2071268,95.5,6.33,6.23999306,1.593,0.21500001,1.72006224,8.1,1.080044,
2020-01-16,20.0,3.81918694,3.42,3.31,0.84638088,2.26,38.06983067,11.1500001,7.4,,14.35,4.30782699,2.84,9.43,1.72386086,3.54,2.4722173,8.92221486,6.55271242,7.04,5.7,0.20635104,96.089996,6.25,6.17999312,1.6,0.21300001,1.74294555,8.16,1.081775,
2020-01-19,19.959999,3.87659561,3.38,3.35,0.80202904,2.29,38.10155553,11.1054001,7.4,,14.1,4.33944407,2.86,9.35,1.6784961,3.5,2.41555075,8.77777109,6.51610509,7.2,5.8125,0.20557529,97.150002,6.12,6.20999309,1.58,0.21750001,1.79252606,8.0,1.083506,
2020-01-20,19.610001,3.87961712,3.31,3.48,0.813117,2.26,38.44146473,11.07566676,7.4,,14.11,4.20507148,2.75,9.3,1.68530082,3.42,2.36666185,8.76665998,6.45021189,7.04,5.64,0.20557529,96.0,5.89,6.05999326,1.53,0.21500001,1.8077816,7.86,1.085237,
2020-01-21,19.719999,3.82825147,3.22,3.5,0.83529292,2.18,38.28284089,10.96416676,7.295,,14.03,4.18926294,2.77,9.21,1.68756905,3.34,2.34443978,8.72221557,6.44289043,7.2,5.5725,0.20092075,96.099998,5.85,6.04799327,1.514,0.21050001,1.78489829,7.77,1.090429,
2020-01-22,20.0,3.86753108,3.29,3.5,0.84268489,2.21,38.49131808,10.90470009,7.25,,14.25,4.23668856,2.79,9.270001,1.71478791,3.35,2.3722175,8.6388823,6.45753336,7.248,5.625,0.20324802,95.510002,5.8,6.07799324,1.545,0.21500001,1.83066491,7.84,1.096487,
2020-01-23,19.799999,3.93098276,3.33,3.56,0.83159693,2.24,38.44146473,10.76346677,6.75,,14.27,4.36315687,2.8,9.37,1.70117848,3.39,2.34221756,8.72221557,6.48681922,7.368,5.64,0.20518741,97.0,5.85,6.07199324,1.561,0.21500001,1.84592045,7.95,1.099083,
2020-01-26,19.639999,3.93702578,3.35,3.6,0.82050897,2.25,38.36895258,10.80806676,7.0,,14.42,4.42639103,2.82,9.6,1.81459038,3.4,2.34110645,8.72221557,6.46485482,7.52,5.775,0.20518741,97.0,5.88,6.06599325,1.586,0.21500001,1.80015383,7.99,1.100814,
2020-01-27,19.85,3.95213332,3.29,3.6,0.813117,2.23,38.29643681,10.77833344,6.815,,14.25,4.29201845,2.8,9.51,1.78056681,3.38,2.27999546,8.66666006,6.44289043,7.4160008,5.565,0.20208438,95.0,5.7,6.06599325,1.561,0.21500001,1.79252606,7.97,1.096487,
2020-01-28,19.84,3.82522996,3.3,3.6,0.80202904,2.24,38.13781342,10.77833344,7.25,,14.15,4.29992272,2.76,9.61,1.81459038,3.35,2.23888443,8.66666006,6.2964611,7.528,5.5875,0.20169651,94.019997,5.56,6.03599328,1.549,0.20000001,1.77345663,7.8,1.093026,
2020-01-29,19.85,3.86753108,3.35,3.73,0.813117,2.26,38.29643681,10.84523342,7.25,,14.45,4.42639103,2.77,10.2,1.81459038,3.4,2.26777327,8.73888223,6.2744967,7.52,5.7075,0.20402377,95.120003,5.68,6.13799317,1.56,0.21900001,1.77345663,7.88,1.085237,
2020-01-30,20.209999,3.86148806,3.47,3.66,0.82420496,2.31,38.45052717,10.96416676,7.0,,15.17,4.55285935,2.8,11.22,1.84634571,3.42,2.3488841,8.89443766,6.22324643,7.576,5.94,0.20867831,96.0,5.9,6.14999316,1.589,0.23400001,1.78489829,7.97,1.087833,
2020-02-02,20.08,3.81012242,3.51,3.74,0.82050897,2.29,38.52304294,10.92700009,7.0,,14.75,4.52914654,2.85,12.34,1.81459038,3.34,2.25555096,8.8333266,6.2378901,7.288,5.8575,0.20635104,95.019997,5.65,6.17399313,1.6,0.25000001,1.80015383,7.98,1.081775,
2020-02-03,20.049999,3.77688582,3.5,3.75,0.80572503,2.31,38.53210583,10.94186676,7.0,,14.7,4.50543373,2.85,12.68,1.81459038,3.39,2.23777321,8.88888211,6.1646747,7.2,5.985,0.20635104,96.0,5.65,6.14999316,1.605,0.23750001,1.77727051,8.05,1.081775,
2020-02-04,20.059999,3.74969224,3.54,3.61,0.813117,2.32,38.65900798,10.93443343,6.925,,14.6,4.50543373,2.86,12.6,1.81685862,3.37,2.26221783,8.88888211,6.17199617,7.2,5.88,0.20479953,94.099998,5.67,6.13799317,1.605,0.24500001,1.79252606,7.9,1.081775,
2020-02-05,19.92,3.74667074,3.54,3.66,0.80942101,2.32,38.97625521,10.9939001,6.925,,14.61,4.3552526,2.87,13.11,1.84861395,3.37,2.24444009,8.93888207,6.07681711,7.12,5.7975,0.20557529,95.610001,5.6,6.17399313,1.607,0.22800001,1.80015383,8.03,1.081775,
2020-02-06,20.02,3.80710091,3.54,3.68,0.80942101,2.36,39.13941208,11.31353344,6.875,,14.87,4.34734833,2.91,13.81,1.91212461,3.4,2.26221783,9.0444381,6.1207459,7.208,5.8875,0.20635104,95.5,5.57,6.29999299,1.613,0.23400001,1.81922325,8.05,1.089564,
2020-02-09,19.9,3.89170315,3.53,3.62,0.813117,2.38,38.97625521,11.45476678,6.925,,14.56,4.28411418,2.92,13.64,1.88944223,3.36,2.32332871,9.24999295,6.22324643,7.2,5.9325,0.20635104,96.0,5.61,6.33599295,1.618,0.23400001,1.81159548,8.06,1.093891,
2020-02-10,19.85,3.87659561,3.45,3.68,0.813117,2.36,38.74964908,11.41016677,6.925,,13.55,4.26040137,2.97,13.19,1.85315043,3.34,2.29443988,9.13888248,6.3184255,7.2,5.94,0.20402377,94.339996,5.46,6.29999299,1.6,0.22000001,1.81159548,8.04,1.093026,
2020-02-11,19.85,3.89472466,3.41,3.68,0.80572503,2.37,38.84029017,11.38786677,6.875,,13.6,4.29992272,3.0,12.9,1.91212461,3.34,2.33221758,9.22221519,6.22324643,7.184,5.8875,0.20286014,94.959999,5.36,6.29999299,1.6,0.22750001,1.81159548,8.01,1.086102,
2020-02-12,19.540001,3.80710091,3.33,3.64,0.79094108,2.35,38.52304294,11.46220011,6.9,,12.37,4.26830564,2.92,12.81,1.87356457,3.36,2.29999554,9.27777126,6.17199617,6.736,5.925,0.19859348,94.959999,5.22,6.24599305,1.575,0.23500001,1.7810844,7.89,1.094756,
2020-02-13,19.200001,3.87055259,3.31,3.56,0.77615713,2.31,38.58649221,11.5291001,6.925,,12.9,4.18926294,2.95,12.81,1.93934347,3.34,2.3111064,9.11110416,6.1207459,7.12,5.925,0.200145,93.0,5.21,6.21599308,1.565,0.23750001,1.79252606,7.93,1.099083,
2020-02-16,18.76,3.88263863,3.19,3.52,0.75028523,2.24,38.59102569,11.33583344,6.88,,12.6,4.11022024,2.9,11.82,1.91666109,3.21,2.26666216,9.02777089,6.08413857,7.12,5.7075,0.19665409,94.5,5.1,6.17999312,1.544,0.22500001,1.78489829,7.8,1.09216,
2020-02-17,19.0,3.86753108,3.23,3.5,0.76137319,2.25,38.69073284,11.43246678,6.88,,12.65,4.14974159,2.9,12.1,1.92573404,3.25,2.25777329,9.11110416,6.11342444,7.0,5.79,0.19665409,94.989998,5.17,6.26399303,1.53,0.22050001,1.79252606,7.86,1.084371,
2020-02-18,18.76,3.85846656,3.16,3.5,0.7318053,2.18,38.52304294,11.43990011,6.9,,12.5,4.0944117,2.86,11.85,1.95068466,3.08,2.0588849,8.99999369,6.15003177,6.736,5.7,0.19393895,93.5,5.0,6.16799314,1.47,0.20650001,1.79252606,7.4,1.048024,
2020-02-19,18.879999,3.86148806,3.17,3.53,0.72071734,2.21,38.59555872,11.44733344,6.925,,12.61,4.14974159,2.88,11.95,2.01646356,3.08,2.08999573,8.92777097,6.30378256,6.96,5.7,0.19432683,92.010002,5.1,6.14999316,1.477,0.21550001,1.79633994,7.5,1.055812,
2020-02-20,18.75,3.837316,3.21,3.53,0.72810931,2.25,38.74964908,11.40273344,6.925,,12.9,4.14974159,2.85,12.09,2.05048713,3.09,2.09999582,8.97221538,6.30378256,6.656,5.685,0.19704197,92.019997,5.0,6.20999309,1.484,0.21750001,1.79252606,7.5,1.047158,
2020-02-23,18.809999,3.837316,3.15,3.3,0.74289326,2.21,38.66353784,11.29866677,6.925,,13.11,4.11812451,2.85,11.87,2.06636479,3.14,1.99999602,9.0555481,6.33306843,6.68,5.7375,0.19432683,92.5,5.05,6.26999302,1.47,0.23050001,1.81159548,7.66,1.047158,
2020-02-24,18.0,3.71645565,3.01,3.44,0.68745346,2.1,38.50038097,11.00133343,6.975,,12.27,4.01536901,2.81,11.55,2.0187318,3.06,1.88999624,8.88888211,6.15003177,6.688,5.31,0.18307837,87.5,4.62,6.17999312,1.37,0.22400001,1.79252606,7.47,1.051485,
2020-02-25,17.5,3.75271375,3.07,3.45,0.66897353,2.09,37.63474735,10.95673343,6.8,,12.2,3.93632631,2.81,11.43,2.0187318,2.9,1.80221853,8.6388823,6.15003177,6.688,5.2875,0.18230261,88.0,4.73,6.21599308,1.38,0.22000001,1.79252606,7.49,1.0411,
2020-02-26,16.860001,3.75271375,2.97,3.35,0.6763655,2.1,37.53504019,10.66683343,6.975,,12.21,3.9126135,2.76,11.76,1.95068466,2.69,1.87110739,8.33332698,6.15003177,6.248,5.355,0.18618139,86.5,4.7,6.23399306,1.4,0.22500001,1.78489829,7.45,1.003887,
2020-02-27,16.52,3.75573526,2.88,3.28,0.63940564,1.94,37.05010306,10.25800009,6.975,,11.81,3.80195373,2.59,12.11,1.97336704,2.4,1.78666488,7.78888295,6.06949564,6.248,5.3325,0.19587834,85.0,4.3,6.20999309,1.373,0.22900001,1.78489829,7.36,0.962347,
2020-03-01,15.11,3.6288319,2.65,3.08,0.57694347,1.84,35.1330138,9.73766676,6.5,,10.83,3.2881762,2.41,11.36,1.81459038,2.2,1.51666515,7.25555002,5.78395845,5.768,4.9125,0.18307837,82.5,3.68,5.81999352,1.269,0.20650001,1.71624835,6.83,0.889652,
2020-03-02,15.0,3.6288319,2.41,3.08,0.53591802,1.67,34.33082945,9.15043342,6.975,,10.11,3.1300908,2.41,11.68,1.83727276,2.1,1.43999856,7.22221672,5.87913751,6.392,4.875,0.17066628,82.07,3.46,5.70599365,1.2,0.20750001,1.65904007,6.75,0.940712,
2020-03-03,15.38,3.68321905,2.59,3.22,0.5699211,1.69,35.35055705,9.44776675,6.975,,10.7,3.24075058,2.51,11.95,1.86675985,2.28,1.47999852,7.3722166,5.93038778,6.16,4.8,0.18230261,83.110001,3.7,5.95199338,1.31,0.20600001,1.6781095,6.95,1.007349,
2020-03-04,15.5,3.68624056,2.54,3.22,0.59135782,1.7,33.98638721,10.0350001,6.75,,10.4,3.24865485,2.61,11.76,1.88263752,2.27,1.49333184,7.3722166,5.89378045,6.168,4.7625,0.18269049,82.0,3.98,5.99999332,1.32,0.20500001,1.6781095,6.85,0.996098,
2020-03-05,16.219999,3.70436961,2.57,3.25,0.60651136,1.74,34.46226146,10.04986675,6.965,,10.7,3.32769754,2.71,11.81,1.92800228,2.31,1.52666514,7.44443877,5.89378045,5.936,4.935,0.18540564,83.0,4.0,6.16199314,1.368,0.21050001,1.67048173,6.93,1.014272,
2020-03-08,15.9,3.50495004,2.4,3.26,0.55439795,1.6,32.97119264,10.07216675,6.965,,10.35,3.12218653,2.57,11.33,1.83727276,2.2,1.44999855,6.78332816,5.56431446,5.68,4.7475,0.17842383,82.0,3.68,6.11999319,1.315,0.20150001,1.59039014,6.75,0.995233,
2020-03-09,14.46,3.32365952,2.2,3.0,0.52298207,1.468,29.97999256,9.10583342,6.27,,9.75,2.94038833,2.45,10.35,1.75788443,2.1,1.34999865,6.19999527,5.227527,5.432,4.44,0.1667875,74.18,3.33,5.87999346,1.209,0.20150001,1.4454625,6.12,0.905229,
2020-03-10,14.83,3.42639082,2.12,3.09,0.51743809,1.322,30.85015921,9.24706676,6.495,,9.8,2.93248406,2.54,10.4,1.82593157,2.15,1.37666529,5.97221767,5.12502647,5.36,4.275,0.16911476,72.019997,3.12,5.90999342,1.243,0.20150001,1.48741524,6.01,0.919942,
2020-03-11,14.87,3.43243384,2.1,3.13,0.52483006,1.26,31.45293244,9.25450009,6.47,,10.02,3.03523956,2.62,10.47,1.81459038,2.21,1.36999863,5.8999955,5.27877727,5.2,4.2,0.16833901,75.209999,3.27,5.84999349,1.244,0.20150001,1.48741524,6.2,0.917345,
2020-03-15,13.55,3.17258409,1.85,3.1,0.48269582,1.199,28.58863089,8.54090008,6.495,,9.0,2.79811147,2.4,9.66,1.6784961,2.06,1.27333206,5.49999581,4.93466835,4.896,3.9825,0.15553904,68.25,3.01,5.36999403,1.144,0.20100001,1.38444034,5.7,0.8559,
2020-03-16,12.3,2.96409999,1.71,2.79,0.43612639,1.08,25.76511664,7.71580008,5.85,,8.22,2.53727057,2.21,9.020001,1.61044896,1.89,1.14999885,4.95555178,4.90538248,4.6,3.645,0.1404118,62.259998,2.72,4.84799461,1.047,0.22200001,1.33485983,5.31,0.787532,
2020-03-17,11.61,2.77978797,1.6,2.52,0.39325295,0.972,26.05970552,7.73810008,5.85,,7.41,2.30014248,2.24,8.32,1.53106063,1.75,1.04333229,4.46110771,4.90538248,4.496,3.2925,0.12838758,57.02,2.46,4.39799511,0.955,0.23650001,1.48360135,4.85,0.79359,
2020-03-18,11.68,2.55015331,1.5,2.31,0.35518429,0.887,24.94933501,7.4333334,5.85,,6.8,2.0867272,2.13,7.71,1.54240182,1.59,0.95999904,4.0166636,4.53930916,4.104,3.0,0.117527,52.09,2.23,4.21799531,0.871,0.23750001,1.48360135,4.42,0.745992,
2020-03-19,10.85,2.31749714,1.41,2.09,0.32155081,0.805,23.20446867,7.42590007,5.85,,6.29,1.92073754,2.14,7.4,1.51971944,1.44,0.86999913,3.63333056,4.38555837,4.4,2.7075,0.10821793,50.049999,2.01,4.05,0.792,0.24750001,1.33867371,4.04,0.71051,
2020-03-22,12.36,2.42022844,1.62,2.15,0.34631392,0.9,27.65954438,7.72323341,5.265,,7.05,2.07882293,2.35,8.57,1.58776658,1.53,0.999999,4.24999676,5.10306208,4.736,2.715,0.11713913,55.630001,2.27,4.806,0.873,0.25950001,1.48741524,4.87,0.822149,
2020-03-23,13.55,2.77978797,1.744,2.36,0.36331546,0.98,28.66567607,8.06516674,5.025,,7.7,2.24481259,2.49,9.39,1.59910777,1.61,1.04666562,4.44444106,5.21288407,4.88,2.955,0.11907851,61.18,2.3,5.013,0.933,0.24500001,1.50648466,5.31,0.834265,
2020-03-24,14.2,2.90064831,1.882,2.59,0.36959864,1.03,27.64594846,8.32533341,4.85,,7.8,2.3475681,2.45,9.7,1.68983729,1.502,1.07666559,4.44444106,5.447171,4.8,3.0075,0.11791488,61.049999,2.28,5.04,0.987,0.24800001,1.52555409,5.15,0.798783,
2020-03-25,14.47,2.94597094,1.96,2.8,0.38068659,1.068,28.05384041,8.82336674,4.85,,7.91,2.43451507,2.6,10.16,1.76242091,1.43,1.11333222,4.49999657,5.63752912,4.76,3.1125,0.12063003,64.879997,2.33,5.04,1.019,0.24900001,1.52555409,5.25,0.810899,
2020-03-26,15.12,2.97014301,2.085,2.92,0.39436174,1.099,27.96319751,9.06866675,4.85,,8.3,2.59260046,2.64,10.2,1.75334795,1.54,1.12999887,4.55555208,5.75467258,4.76,3.2325,0.12256942,68.010002,2.42,5.058,1.03,0.24950001,1.50648466,5.31,0.813495,
2020-03-29,15.89,3.0003581,2.06,3.1,0.39620974,1.081,27.56890328,8.95716675,4.72,,8.05,2.6874517,2.61,10.25,1.81685862,1.604,1.11999888,4.53332988,5.34467047,4.704,3.2175,0.12256942,67.029999,2.36,4.986,1.026,0.25000001,1.51792632,5.15,0.810899,
2020-03-30,15.35,2.94294943,2.05,3.15,0.39916653,1.05,26.64888102,8.92000008,4.31,,8.65,2.6874517,2.57,10.12,1.92800228,1.552,1.08666558,4.4277744,5.52770713,4.68,3.495,0.12373305,63.509998,2.3,4.797,1.02,0.24000001,1.5484374,4.93,0.796186,
2020-03-31,15.31,2.86741172,2.07,3.19,0.4324304,1.063,26.39961472,9.11326675,4.31,,8.78,2.78230293,2.56,10.25,1.96429409,1.545,1.0999989,4.45555271,5.71806525,4.72,3.6,0.12644819,64.0,2.29,4.743,1.038,0.24250001,1.59420402,4.91,0.79359,
2020-04-01,15.14,2.87043323,2.08,3.15,0.46273749,1.056,26.00078747,8.91256675,3.88,,8.83,2.9482926,2.53,10.3,1.99604942,1.48,1.09666557,4.55555208,5.41788513,4.32,3.75,0.12644819,62.5,2.26,4.626,1.04,0.24500001,1.59420402,4.79,0.803975,
2020-04-02,15.38,2.87043323,2.11,3.34,0.45460632,1.06,25.83309938,9.06866675,3.915,,8.83,2.91667552,2.55,10.5,1.97563528,1.481,1.10666556,4.66666311,5.54967153,4.328,4.0875,0.12606032,63.169998,2.3,4.662,1.046,0.24500001,1.58276237,4.8,0.801379,
2020-04-05,15.04,2.87345473,2.03,3.35,0.43649599,1.05,25.26658405,8.95716675,4.305,,8.64,2.74278159,2.48,9.57,1.97336704,1.41,1.07666559,4.76666303,5.57895739,4.312,4.2,0.12063003,62.509998,2.27,4.59,1.025,0.24500001,1.58276237,4.55,0.791859,
2020-04-06,14.99,2.87949775,2.06,3.17,0.44314876,1.071,25.4070803,9.04636675,4.565,,8.69,2.73487732,2.5,9.3,1.97790351,1.426,1.08666558,4.80555189,5.63752912,4.408,4.17,0.12295729,63.09,2.3,4.644,1.036,0.24500001,1.61708734,4.65,0.796186,
2020-04-07,15.02,2.91575586,2.17,3.32,0.47419505,1.101,25.83309938,9.12813342,4.665,,8.85,2.83763282,2.59,9.520001,2.01192708,1.47,1.15999884,5.11666277,5.67413645,4.504,4.2075,0.12450881,63.990002,2.39,4.68,1.057,0.24500001,1.60183179,4.84,0.811764,
2020-04-08,15.0,2.97618603,2.31,3.36,0.49230538,1.157,27.18820498,9.26936676,4.925,,9.020001,3.0273353,2.68,9.8,2.0187318,1.515,1.25999874,5.57777352,5.56431446,4.8,4.2075,0.1299391,65.260002,2.54,4.77,1.115,0.25000001,1.62090122,5.06,0.815226,
2020-04-09,15.02,2.99129357,2.29,3.11,0.48158702,1.182,28.27591307,9.29910008,4.75,,8.95,2.93248406,2.66,9.770001,2.0187318,1.485,1.27666539,5.99999543,5.4691354,4.808,4.185,0.13265424,64.5,2.54,4.842,1.141,0.26150001,1.67048173,5.09,0.822149,
2020-04-12,14.9,2.94899245,2.25,3.23,0.46569428,1.16,29.12342137,9.29166676,4.93,,8.94,2.92457979,2.59,9.75,2.0187318,1.48,1.25666541,5.99443987,5.39592073,4.928,4.245,0.13498151,62.900002,2.53,4.779,1.101,0.26350001,1.60183179,5.04,0.825611,
2020-04-13,14.97,2.97618603,2.27,3.23,0.47493425,1.184,29.23219141,9.26193342,4.95,,8.95,2.96410114,2.62,9.84,2.04141418,1.5,1.32999867,6.05555094,5.3812778,5.416,4.29,0.1369209,63.380001,2.61,4.626,1.122,0.25300001,1.60183179,5.13,0.826476,
2020-04-14,15.39,3.0003581,2.31,3.24,0.49193578,1.252,29.32736553,9.23220009,4.975,,9.2,3.04314383,2.65,10.12,2.11626603,1.59,1.42999857,6.19443972,5.41788513,5.6,4.2225,0.13808453,64.160004,2.7,4.617,1.15,0.25000001,1.60183179,5.21,0.8334,
2020-04-15,15.8,2.99431508,2.33,3.21,0.50117575,1.232,28.93760253,9.21733342,5.01,,9.0,3.04314383,2.69,9.75,2.09131541,1.607,1.44333189,6.0833287,5.63020766,5.32,4.2,0.13730878,65.32,2.84,4.644,1.143,0.25000001,1.60183179,5.22,0.82388,
2020-04-16,15.8,2.99431508,2.33,3.25,0.49156619,1.233,27.82723428,9.10583342,5.05,,9.0,3.0510481,2.64,9.5,2.04141418,1.62,1.4333319,6.09999535,5.49109979,5.2,4.335,0.13653302,66.0,2.93,4.662,1.142,0.25000001,1.52936798,5.13,0.824745,
2020-04-21,15.4,2.98222905,2.17,3.21,0.49156619,1.244,26.73952392,8.92000008,5.0,,8.8,2.92457979,2.6,9.56,2.1502896,1.6,1.40333193,5.98332877,5.51306419,5.2,4.275,0.13730878,64.599998,2.87,4.689,1.125,0.25000001,1.56369294,5.11,0.752915,
2020-04-22,15.18,2.92179887,2.18,3.17,0.50376294,1.284,26.50838657,8.77133341,4.95,,8.71,2.97200541,2.54,9.6,2.20019084,1.602,1.49333184,5.8999955,5.54967153,5.248,4.2675,0.14312694,64.989998,2.89,4.635,1.11,0.25000001,1.59039014,5.09,0.76157,
2020-04-23,15.31,2.9308634,2.25,3.21,0.53702682,1.325,26.6352851,8.84566674,4.95,,8.99,3.03523956,2.59,9.78,2.29999331,1.631,1.54999845,6.03888428,5.59360032,5.328,4.3125,0.14506633,65.0,2.94,4.689,1.135,0.25000001,1.56369294,5.16,0.771955,
2020-04-26,15.76,2.9671215,2.34,3.33,0.59061862,1.394,27.65501271,8.89770008,5.0,,9.39,3.10637799,2.66,9.93,2.31587097,1.74,1.54999845,6.27221744,5.75467258,5.52,4.425,0.14816936,67.800003,3.1,4.815,1.175,0.24500001,1.5751346,5.28,0.757243,
2020-04-27,15.8,3.01244413,2.33,3.26,0.6493848,1.385,27.76378275,8.95716675,5.0,,9.3,3.11428226,2.6,9.98,2.30226154,1.86,1.50666516,6.27777299,5.85717311,5.704,4.425,0.15204814,68.5,3.25,4.77,1.201,0.24750001,1.56369294,5.4,0.818687,
2020-04-28,15.95,3.03359469,2.34,3.28,0.69891102,1.4,27.75925153,8.92743341,5.0,,9.39,3.16170788,2.65,10.07,2.28411564,1.87,1.5333318,6.36110626,5.88645898,5.784,4.5225,0.15592691,69.139999,3.4,4.815,1.248,0.25500001,1.57894848,5.62,0.840323,
2020-04-29,15.5,3.06380978,2.4,3.21,0.68745346,1.422,27.93600386,8.99433342,5.0,,9.65,3.25655912,2.63,10.61,2.27957916,1.823,1.55999844,6.16666196,6.0987815,5.6,4.65,0.1578663,71.050003,3.48,4.905,1.267,0.26250001,1.56750683,5.54,0.861093,
2020-04-30,15.35,3.11215392,2.49,3.3,0.70667259,1.435,28.77897914,8.92000008,5.0,,9.58,3.311889,2.63,10.65,2.26823797,1.83,1.56999843,6.19999527,6.10610297,5.68,4.7025,0.1578663,70.0,3.47,4.86,1.281,0.25000001,1.59801791,5.6,0.857631,
2020-05-03,14.04,2.9308634,2.41,3.2,0.70962938,1.322,27.78191169,8.84566674,5.0,,8.74,3.01152676,2.38,10.3,2.32721216,1.656,1.42999857,5.78332892,5.85717311,5.36,4.5225,0.14312694,67.0,3.21,4.545,1.164,0.25150001,1.54462352,5.16,0.845515,
2020-05-04,14.68,2.94597094,2.35,3.0,0.72441333,1.3,27.64594846,8.80850008,5.0,,8.72,2.96410114,2.31,10.21,2.42928287,1.635,1.41333192,5.66666235,5.93038778,5.6,4.35,0.13653302,67.0,3.19,4.608,1.139,0.25700001,1.56369294,5.13,0.8334,
2020-05-05,14.4,2.95201426,2.41,3.05,0.72071734,1.33,27.86802338,8.92743341,5.005,,8.87,3.00362249,2.37,10.39,2.43835582,1.68,1.43666523,5.61110683,5.94503071,5.656,4.5,0.14196331,68.25,3.33,4.662,1.167,0.25000001,1.56369294,5.2,0.845515,
2020-05-06,14.05,2.93388491,2.48,3.07,0.72441333,1.34,28.12182089,9.03150008,5.005,,8.94,3.03523956,2.37,10.7,2.38391811,1.747,1.44333189,5.66666235,5.87181678,5.736,4.5375,0.13653302,69.080002,3.35,4.68,1.184,0.25000001,1.56369294,5.25,0.866285,
2020-05-07,13.4,2.66497064,2.32,3.0,0.66527754,1.26,28.34842703,8.80850008,5.0,,8.14,2.79811147,2.26,10.16,2.31360273,1.67,1.333332,5.51110691,6.06217417,5.608,4.44,0.13808453,67.0,3.27,4.545,1.1,0.25000001,1.54462352,5.16,0.866285,
2020-05-10,12.5,2.66497064,2.27,3.0,0.62905688,1.251,28.63848288,8.90513341,5.0,,7.69,2.72697305,2.23,10.44,2.32494392,1.61,1.35666531,5.59999573,6.0987815,5.624,4.44,0.13420575,65.75,3.34,4.536,1.072,0.25000001,1.56369294,5.16,0.856766,
2020-05-11,11.61,2.60454046,2.19,2.95,0.5972714,1.19,28.54330876,8.92000008,5.005,,7.6,2.64793035,2.19,10.6,2.38164987,1.555,1.37333196,5.64444014,6.24521083,5.656,4.035,0.12606032,65.5,3.29,4.455,1.051,0.25000001,1.5484374,5.15,0.856766,
2020-05-12,11.9,2.65892762,2.27,3.04,0.61981691,1.221,28.90587812,9.29166676,4.95,,7.73,2.73487732,2.25,10.75,2.39752754,1.614,1.44999855,6.07777314,6.36967576,5.76,4.38,0.13265424,67.5,3.37,4.599,1.088,0.25000001,1.54462352,5.24,0.866285,
2020-05-13,11.25,2.71935779,2.21,3.0,0.63201367,1.25,28.90587812,9.22476676,4.85,,7.7,2.76649439,2.3,10.61,2.38164987,1.59,1.50999849,6.11110645,6.36967576,5.8,4.0575,0.13420575,66.18,3.41,4.671,1.111,0.25000001,1.52555409,5.23,0.861958,
2020-05-14,11.6,2.63475555,2.21,3.0,0.63053527,1.221,28.93760253,9.29166676,4.75,,7.64,2.77439866,2.28,10.5,2.37030868,1.58,1.49666517,6.05555094,6.52342656,5.656,3.855,0.13381787,66.0,3.43,4.59,1.085,0.25000001,1.50648466,5.01,0.840323,
2020-05-17,11.8,2.6498634,2.22,3.0,0.62646969,1.234,28.97839208,9.35113341,4.75,,7.72,2.80601574,2.28,10.55,2.38164987,1.601,1.47666519,6.11110645,6.40628309,5.688,3.9075,0.13536939,65.099998,3.46,4.5,1.088,0.26100001,1.48741524,5.03,0.841188,
2020-05-18,11.6,2.66194913,2.2,3.01,0.62166491,1.225,29.0101183,9.23220009,4.625,,7.63,2.76649439,2.25,10.7,2.37030868,1.652,1.4666652,6.11110645,6.41360456,5.72,3.9,0.13343,66.0,3.41,4.527,1.072,0.25000001,1.45309027,4.92,0.847246,
2020-05-19,11.75,2.69518572,2.21,3.0,0.63607925,1.234,29.16874214,9.29166676,4.6350005,,7.75,2.7902072,2.27,10.77,2.38164987,1.652,1.52999847,6.16110641,6.40628309,5.688,3.6975,0.13575726,66.0,3.38,4.563,1.081,0.25250001,1.38825422,5.0,0.848112,
2020-05-20,11.65,2.64684158,2.21,3.0,0.63570965,1.22,29.01918119,9.06866675,4.6350005,,7.7,2.76649439,2.24,10.9,2.4428923,1.63,1.48333185,6.1055509,6.09146004,5.68,3.6,0.13420575,65.5,3.3,4.545,1.065,0.25000001,1.36537091,4.96,0.848112,
2020-05-21,11.7,2.63173404,2.19,2.95,0.63238327,1.22,28.18980364,9.08353342,4.6350005,,7.7,2.74278159,2.25,10.71,2.56537715,1.62,1.48333185,5.88332885,6.22324643,5.76,3.525,0.13381787,65.0,3.27,4.59,1.059,0.25250001,1.35392925,4.98,0.8559,
2020-05-31,11.96,2.67101365,2.23,2.98,0.63681845,1.221,28.31217095,8.91256675,4.5,,7.77,2.78230293,2.27,10.8,2.58579129,1.625,1.52666514,5.91666216,6.3403899,5.92,3.5475,0.13536939,65.300003,3.31,4.626,1.068,0.25250001,1.35774314,5.05,0.856766,
2020-06-01,12.0,2.68309969,2.26,3.0,0.63940564,1.237,28.23512396,8.95716675,4.5,,7.86,2.80601574,2.27,11.0,2.64249724,1.61,1.5333318,6.01110653,6.44289043,5.92,3.75,0.13575726,63.0,3.31,4.698,1.072,0.25150001,1.3691848,5.1,0.870613,
2020-06-02,12.45,2.71633628,2.33,3.03,0.66047276,1.25,28.39374962,9.04636675,4.535,,8.24,2.90877125,2.29,11.83,2.7060079,1.626,1.54999845,6.13332866,6.3184255,5.896,3.75,0.13924817,64.150002,3.32,4.716,1.08,0.25400001,1.3691848,5.08,0.88619,
2020-06-03,12.81,2.71935779,2.4,3.03,0.69854142,1.328,28.552373,9.18016675,4.65,,8.31,2.97200541,2.32,11.95,2.69693495,1.674,1.54333179,6.06666204,6.33306843,5.88,3.75,0.14079968,64.550003,3.37,4.725,1.095,0.25050001,1.3691848,5.1,0.91648,
2020-06-04,13.09,2.71935779,2.41,3.09,0.7037158,1.374,28.98745633,9.23963342,4.675,,8.4,3.01943103,2.35,11.94,2.69239848,1.676,1.55333178,6.14999531,6.37699723,5.64,3.7575,0.14545421,64.599998,3.41,4.725,1.106,0.25050001,1.36155703,5.12,0.934654,
2020-06-07,13.56,2.72842232,2.45,3.2,0.7303269,1.412,29.90294693,9.28423342,4.81,,8.520001,3.09056945,2.4,12.15,2.62888781,1.701,1.5999984,6.33888406,6.41360456,5.608,3.8325,0.14816936,66.0,3.65,4.869,1.14,0.25150001,1.3691848,5.17,0.947635,
2020-06-08,13.7,2.84021814,2.53,3.18,0.71997814,1.473,31.05410337,9.66333342,4.8,,8.6,3.06685664,2.44,12.0,2.58579129,1.78,1.68333165,6.82221702,6.33306843,5.576,4.0125,0.14933299,68.989998,3.75,4.878,1.178,0.25150001,1.3691848,5.45,0.971867,
2020-06-09,13.37,2.87043323,2.49,3.1,0.69743263,1.451,31.04504049,9.66333342,4.8,,8.75,3.00362249,2.38,12.01,2.58579129,1.746,1.69333164,6.77777261,6.22324643,5.52,4.2,0.14467846,68.050003,3.63,4.806,1.145,0.25200001,1.37299868,5.5,0.97879,
2020-06-10,13.45,2.84928266,2.45,3.22,0.68080069,1.444,30.63714854,9.52953342,4.745,,8.76,2.96410114,2.35,12.1,2.58579129,1.76,1.6999983,6.86666143,6.22324643,5.52,4.41,0.1439027,69.400002,3.65,4.797,1.14,0.25200001,1.37681257,5.5,0.96927,
2020-06-11,13.46,2.79489551,2.3,3.22,0.68227908,1.422,30.50118712,9.66333342,4.735,,8.7,2.97200541,2.33,12.27,2.59940072,1.7,1.68333165,6.66666158,6.22324643,5.64,4.7325,0.14351482,68.300003,3.69,4.743,1.147,0.25000001,1.37299868,5.4,0.941577,
2020-06-14,13.27,2.77374495,2.3,3.1,0.66527754,1.386,30.13861595,9.29166676,4.65,,8.4,2.97990968,2.29,12.1,2.52454887,1.71,1.65333168,6.68332824,6.22324643,5.608,4.6125,0.14273907,68.010002,3.72,4.725,1.115,0.23750001,1.35392925,4.93,0.917345,
2020-06-15,13.82,2.77676646,2.3,3.1,0.69114945,1.387,29.82589858,9.21733342,4.655,,8.3,3.01943103,2.26,12.29,2.55176772,1.702,1.666665,6.61666162,6.22324643,5.44,4.365,0.14079968,68.0,3.76,4.698,1.109,0.25150001,1.3424876,5.3,0.906095,
2020-06-16,14.12,2.80698154,2.34,3.18,0.70815099,1.422,30.08876215,9.32883341,4.675,,8.46,3.07476091,2.3,12.52,2.60847367,1.765,1.74999825,6.76110596,6.07681711,5.608,4.4625,0.14584209,68.269997,3.92,4.797,1.131,0.25200001,1.34630148,5.47,0.913884,
2020-06-17,14.1,2.81000305,2.33,3.18,0.69854142,1.45,30.81390132,9.45520008,4.675,,8.55,3.05895237,2.3,12.3,2.72188557,1.84,1.77666489,6.94443915,6.15003177,5.632,4.575,0.14545421,68.959999,3.9,4.842,1.17,0.25100001,1.35392925,5.4,0.934654,
2020-06-18,14.13,2.73748684,2.33,3.21,0.70223741,1.42,30.65981097,9.52953342,4.675,,8.51,3.0510481,2.3,12.1,2.83529747,1.785,1.73999826,6.81110592,6.22324643,5.616,4.6875,0.14506633,69.0,3.84,4.815,1.154,0.25250001,1.35011537,5.37,0.934654,
2020-06-21,14.0,2.71935779,2.29,3.3,0.70223741,1.381,30.04797485,9.64103342,4.535,,8.31,3.01152676,2.26,12.0,2.63115605,1.8,1.70333163,6.66666158,6.30378256,5.752,4.8,0.14157543,69.0,3.77,4.77,1.124,0.25250001,1.36155703,5.31,0.939846,
2020-06-22,14.2,2.74655137,2.27,3.39,0.74548045,1.36,29.96639665,9.36600008,4.575,,8.56,3.08266518,2.26,12.16,2.97592822,1.8,1.72333161,6.81110592,6.2964611,5.76,4.8075,0.14312694,69.0,3.6,4.797,1.11,0.25100001,1.3691848,5.33,0.9485,
2020-06-23,14.0,2.71935779,2.27,3.4,0.7576772,1.371,29.86668949,9.38830008,4.605,,8.6,3.04314383,2.26,12.23,3.12790017,1.81,1.72999827,7.00555021,6.30378256,5.728,4.7625,0.1439027,68.0,3.64,4.77,1.112,0.25200001,1.40732365,5.31,0.951097,
2020-06-24,14.33,2.74957288,2.3,3.46,0.76728677,1.394,30.2065987,9.40316675,4.45,,8.8,3.15380361,2.29,12.47,3.31616392,1.859,1.85333148,7.32221664,6.2378901,5.76,4.875,0.14661785,68.019997,3.78,4.851,1.136,0.25250001,1.62090122,5.5,0.957155,
2020-06-25,14.32,2.71935779,2.28,3.35,0.76174279,1.37,30.13861595,9.29910008,4.45,,8.61,3.07476091,2.27,12.8,3.28894506,2.0,1.86999813,7.68888303,6.30378256,5.76,4.4775,0.14506633,67.199997,3.68,4.878,1.136,0.25200001,1.64759842,5.75,0.951962,
2020-06-28,14.3,2.71935779,2.27,3.35,0.73919727,1.36,29.68540368,9.36600008,4.575,,8.6,3.08266518,2.27,12.81,3.34111454,2.02,1.86999813,7.69443858,6.37699723,5.832,4.725,0.14467846,66.0,3.67,4.896,1.14,0.25250001,1.62471511,5.72,0.951962,
2020-06-29,14.2,2.72540111,2.25,3.38,0.75398122,1.361,29.27751173,9.28423342,4.72,,8.79,3.05895237,2.26,12.82,3.3569922,2.0,1.88666478,7.66666082,6.61128415,5.856,4.7025,0.14506633,65.519997,3.63,4.851,1.136,0.25600001,1.56369294,5.67,0.960616,
2020-06-30,14.3,2.71935779,2.25,3.4,0.77615713,1.375,29.02824725,9.30653341,4.855,,9.55,3.04314383,2.25,13.04,3.42503934,2.02,1.90999809,7.68332748,6.60396342,5.936,4.74,0.1473936,65.099998,3.69,4.86,1.132,0.25000001,1.59039014,5.76,0.951962,
2020-07-05,14.44,2.74655137,2.27,3.49,0.84638088,1.386,29.25032035,9.32883341,4.93,,10.28,3.08266518,2.31,13.33,3.71764181,2.07,1.9333314,7.75554964,6.58931975,6.0,4.905,0.1508845,66.209999,3.79,4.941,1.159,0.25150001,1.59420402,5.84,0.955424,
2020-07-06,14.53,2.79489551,2.37,3.54,0.87225278,1.421,29.81683569,9.35856674,4.96,,11.3,3.18542069,2.36,13.52,3.83332218,2.12,1.98333135,7.83332736,6.48681922,6.16,5.1825,0.15902994,67.300003,3.86,5.139,1.217,0.25150001,1.59420402,6.11,0.949366,
2020-07-07,15.12,2.8251106,2.34,3.46,0.87594877,1.406,29.91200981,9.14300009,4.94,,10.88,3.20122923,2.38,13.67,4.03973161,2.09,2.01999798,7.94443839,6.44289043,6.408,5.115,0.16058145,68.0,4.03,5.247,1.22,0.25750001,1.59801791,6.09,0.951962,
2020-07-08,14.9,2.91273435,2.34,3.41,0.87964475,1.391,30.09782866,9.03150008,4.85,,11.01,3.2091335,2.38,13.77,4.19624025,2.05,1.97333136,7.77777185,6.40628309,6.48,5.115,0.15709055,68.510002,4.1,5.139,1.24,0.25350001,1.57894848,6.14,0.940712,
2020-07-09,14.7,2.90064831,2.26,3.23,0.8389889,1.36,29.91200981,9.06866675,4.55,,11.06,3.0510481,2.32,13.6,3.86734552,1.99,1.95999804,7.67221637,6.22324643,6.4,4.875,0.15243601,66.010002,3.97,5.004,1.242,0.25350001,1.52555409,6.0,0.93725,
2020-07-12,14.91,2.93388491,2.29,3.3,0.85746883,1.377,29.91200981,9.15043342,4.55,,11.73,3.15380361,2.37,13.41,3.98075742,2.04,2.00999799,7.7722163,6.35503283,6.408,5.01,0.15709055,66.5,4.11,5.094,1.288,0.25000001,1.55987906,6.12,0.939846,
2020-07-13,15.7,3.04265922,2.36,3.37,0.88334074,1.406,29.68540368,8.92000008,4.55,,12.2,3.24865485,2.35,13.03,3.96941646,2.07,2.0333313,7.72221633,6.22324643,6.448,5.145,0.15709055,68.0,4.09,5.319,1.392,0.25050001,1.52936798,6.12,0.91648,
2020-07-14,14.9,2.93992792,2.35,3.35,0.85746883,1.422,29.4406686,8.73416674,4.55,,11.8,3.14589934,2.32,13.05,3.9762214,2.08,2.01333132,7.67777192,6.17931764,6.4,5.0775,0.15243601,68.0,4.09,5.418,1.36,0.25750001,1.52555409,6.08,0.887056,
2020-07-15,14.0,2.71633628,2.17,3.06,0.79463707,1.296,28.09916073,8.69700007,4.5,,10.9,2.8692499,2.19,12.22,3.71991028,2.03,1.83999816,7.02777242,6.11342444,5.84,4.6575,0.14002392,64.0,3.73,5.13,1.245,0.25000001,1.38825422,5.53,0.874074,
2020-07-16,14.4,2.81604607,2.17,2.91,0.74289326,1.304,28.12182089,8.70443341,4.55,,10.21,2.89296271,2.2,12.4,3.85600456,2.04,1.87666479,7.11110569,6.09146004,5.88,4.605,0.1404118,65.0,3.83,5.193,1.23,0.24000001,1.39206811,5.65,0.883594,
2020-07-19,14.5,2.80698154,2.1,2.93,0.72810931,1.301,27.33323245,8.73416674,4.55,,10.27,2.85344136,2.14,12.43,4.00117156,1.99,1.85333148,7.13332789,5.86449458,6.008,4.5225,0.13924817,65.0,3.71,5.175,1.236,0.26800001,1.33867371,5.5,0.882728,
2020-07-20,14.79,2.81000305,2.16,2.96,0.75028523,1.32,27.83176549,8.77133341,4.56,,10.54,2.92457979,2.15,12.43,4.08282835,2.04,1.8666648,7.28888333,6.09146004,6.08,4.6575,0.13963604,65.489998,3.82,5.22,1.263,0.25750001,1.37681257,5.55,0.887056,
2020-07-21,14.66,2.83115361,2.2,3.02,0.77615713,1.331,28.33483111,8.73416674,4.55,,10.71,2.96410114,2.17,12.5,4.06014597,2.06,1.95999804,7.44443877,5.82056578,6.088,4.8075,0.14196331,66.0,3.9,5.265,1.283,0.25350001,1.41495142,5.55,0.882728,
2020-07-22,14.6,2.87345473,2.24,3.07,0.79094108,1.34,28.09462952,8.77876674,4.555,,10.8,2.97990968,2.18,12.55,4.02158593,2.1,1.98333135,7.59443865,5.52770713,6.248,5.025,0.14351482,66.589996,3.87,5.31,1.321,0.25100001,1.45309027,5.51,0.86542,
2020-07-26,14.7,2.91877736,2.26,3.13,0.84638088,1.347,28.09916073,8.84566674,4.56,,11.24,3.00362249,2.19,12.59,3.81290781,2.14,1.9666647,7.84443846,5.60824326,6.12,5.19,0.14467846,67.0,3.86,5.418,1.327,0.25150001,1.53699575,5.58,0.874074,
2020-07-27,14.87,2.93388491,2.29,3.24,0.88703673,1.357,28.36202476,8.66726674,4.58,,11.12,3.03523956,2.22,12.85,3.62918076,2.1,1.9333314,8.05554941,5.49842126,6.08,5.5275,0.14778148,68.25,3.86,5.49,1.328,0.25150001,1.54462352,5.67,0.887921,
2020-07-28,14.85,3.02150866,2.29,3.3,0.93878053,1.377,28.37108719,8.72673341,4.555,,11.2,2.99571822,2.23,12.84,3.76527504,2.13,1.93666473,7.52777204,5.60824326,6.168,5.985,0.15709055,68.349998,3.86,5.5,1.36,0.25500001,1.5217402,5.73,0.891383,
2020-07-29,14.82,3.02150866,2.36,3.5,0.95356448,1.386,28.38015189,8.74160007,4.65,,11.3,3.01152676,2.24,12.89,3.81744451,2.2,1.94999805,7.55554979,5.79127992,6.248,6.0975,0.15902994,68.5,3.87,5.5,1.381,0.25650001,1.51411243,5.75,0.89571,
2020-08-04,14.88,3.02453017,2.41,3.47,0.98313237,1.398,28.09916073,8.6152334,4.65,,11.46,3.13799507,2.26,12.92,4.03519558,2.23,1.97999802,7.63888306,5.90842338,6.28,6.2625,0.15321177,68.699997,4.1,5.59,1.391,0.25650001,1.53318186,5.84,0.905229,
2020-08-05,14.83,3.05172374,2.36,3.43,1.00530829,1.442,28.25778412,8.6375334,4.775,,11.49,3.24865485,2.36,12.9,4.32099311,2.22,1.98333135,7.71666078,5.93038778,6.28,6.2325,0.17997534,69.489998,4.24,5.58,1.401,0.25100001,1.54462352,5.93,0.901768,
2020-08-06,14.95,3.07287431,2.39,3.42,1.0016123,1.493,28.41640978,8.74903341,4.735,,11.45,3.21703777,2.42,12.92,4.40038167,2.37,2.05666461,7.70554968,5.80592285,6.08,6.075,0.18113898,66.599998,4.45,5.62,1.403,0.25650001,1.52936798,5.98,0.900037,
2020-08-09,15.15,3.09100336,2.39,3.41,1.00900428,1.559,28.93760253,8.79363341,4.65,,11.45,3.25655912,2.42,13.0,4.51833005,2.48,2.07999792,7.72221633,5.82056578,6.08,6.09,0.18191473,62.02,4.51,5.72,1.411,0.25650001,1.48741524,6.0,0.900037,
2020-08-10,15.91,3.20279918,2.44,3.42,0.98313237,1.6,28.91494237,8.81593341,4.65,,11.3,3.24075058,2.47,12.97,4.54781691,2.47,2.11333122,7.72221633,5.78395845,5.912,6.21,0.17958747,66.190002,4.5,5.67,1.444,0.27950001,1.50267078,6.14,0.908691,
2020-08-11,16.799999,3.24812181,2.51,3.44,1.00900428,1.617,28.60675802,9.01663342,4.63,,11.56,3.34350608,2.49,13.0,4.57049952,2.42,2.0666646,7.66666082,5.82788725,5.8,6.2475,0.18191473,66.0,4.6,5.7,1.43,0.30000001,1.5217402,6.1,0.918211,
2020-08-12,17.41,3.32365952,2.48,3.44,1.04226815,1.588,28.62941818,9.03893342,4.625,,11.91,3.38302743,2.42,13.07,4.62720547,2.29,2.07999792,7.68888303,5.87913751,5.728,6.375,0.19199956,65.5,4.52,5.67,1.5,0.30000001,1.52555409,6.2,0.919076,
2020-08-13,17.5,3.35387461,2.46,3.5,1.03857217,1.593,28.92854009,8.92000008,4.65,,12.13,3.40674024,2.42,13.05,4.63627865,2.45,2.08666458,7.61110531,5.78395845,5.568,6.5025,0.19277532,65.510002,4.51,5.71,1.5,0.30000001,1.51411243,6.26,0.917345,
2020-08-16,17.9,3.40826177,2.5,3.51,1.03857217,1.609,29.22765838,9.01663342,4.59,,12.38,3.43045305,2.45,13.1,4.58637696,2.49,2.10333123,7.76110519,5.60092179,5.6,6.6375,0.19665409,65.300003,4.53,5.73,1.51,0.30500001,1.51792632,6.39,0.922538,
2020-08-17,18.17,3.39617573,2.46,3.41,0.98313237,1.617,29.46786043,8.84566674,4.575,,11.9,3.37512316,2.39,13.08,4.67257023,2.43,2.09333124,7.73332744,5.49109979,5.648,6.3825,0.19199956,65.0,4.41,5.51,1.471,0.30500001,1.44927639,6.53,0.947635,
2020-08-18,17.9,3.3840897,2.45,3.38,0.99052434,1.663,29.68540368,8.89026675,4.605,,11.92,3.37512316,2.39,13.05,4.99012354,2.45,2.0999979,7.72777189,5.65217205,5.576,6.345,0.19083593,65.559998,4.4,5.39,1.467,0.30700001,1.46453193,6.5,0.951962,
2020-08-19,17.76,3.05172374,2.49,3.41,1.02378822,1.702,29.68993671,8.95716675,4.625,,12.0,3.40674024,2.39,13.06,5.35304162,2.58,2.10999789,7.83332736,5.63752912,5.592,6.63,0.1947147,65.540001,4.42,5.3,1.481,0.30350001,1.51411243,6.58,0.965809,
2020-08-23,17.92,3.39315422,2.53,3.54,1.04966013,1.733,30.07969971,9.15786675,4.63,,12.25,3.44626159,2.41,13.13,5.40294286,2.7,2.14666452,7.89443843,5.66681499,5.608,6.7725,0.20092075,65.0,4.59,5.35,1.501,0.29250001,1.52936798,6.65,0.977925,
2020-08-24,18.25,3.42941233,2.7,3.72,1.04966013,1.695,30.61449019,9.07610008,4.73,,12.21,3.48578294,2.43,13.42,5.64791256,2.75,2.16999783,8.09443827,5.68145792,5.76,6.615,0.2071268,66.629997,4.51,5.36,1.52,0.29750001,1.5484374,6.75,0.977925,
2020-08-25,17.75,3.47473496,2.73,3.67,1.0570521,1.676,30.80030541,9.35856674,4.755,,12.16,3.47787867,2.43,13.4,5.65018079,2.72,2.15333118,7.94443839,5.64485059,5.856,6.5625,0.20829043,67.599998,4.5,5.34,1.499,0.31000001,1.54462352,6.75,0.975328,
2020-08-26,17.65,3.51703608,2.71,3.7,1.12727584,1.681,30.84109633,9.26193342,4.795,,12.1,3.43835732,2.46,13.43,5.42108876,2.76,2.14666452,7.84443846,5.68145792,5.848,6.6225,0.21682374,68.730003,4.57,5.33,1.499,0.29350001,1.53318186,6.65,0.973598,
2020-08-27,17.65,3.56840173,2.71,3.73,1.15684373,1.681,30.81843435,9.29166676,5.12,,12.02,3.40674024,2.46,13.47,5.39840615,2.78,2.14999785,7.79999405,5.59360032,5.744,6.57,0.21837526,72.93,4.55,5.29,1.485,0.30000001,1.5484374,6.6,0.970136,
2020-08-30,17.5,3.62581039,2.78,3.8,1.19010761,1.718,30.86375467,9.26193342,5.5,,12.19,3.46207013,2.53,13.31,5.50047709,2.8,2.1666645,7.83332736,5.54235006,5.704,6.6075,0.22264191,75.5,4.53,5.3,1.506,0.30500001,1.56750683,6.67,0.977925,
2020-08-31,17.6,3.62581039,2.78,3.9,1.1383638,1.69,30.37428497,9.29166676,5.3,,12.44,3.43045305,2.48,13.38,5.57986542,2.74,2.12666454,7.74443854,5.50574273,5.576,6.3975,0.21527223,74.0,4.43,5.25,1.485,0.30500001,1.54462352,6.7,0.970136,
2020-09-01,17.5,3.60768134,2.72,3.78,1.12357985,1.61,30.04797485,8.95716675,5.175,,12.16,3.25655912,2.45,13.38,5.58213388,2.6,2.07666459,7.66666082,5.4691354,5.488,6.4275,0.21449648,73.0,4.4,5.27,1.461,0.32100001,1.48741524,6.76,0.960616,
2020-09-02,17.6,3.62581039,2.75,3.76,1.11618788,1.616,30.04797485,9.05380008,5.08,,12.06,3.22494204,2.45,13.88,5.65018079,2.63,2.01666465,7.63888306,5.47645686,5.52,6.375,0.21488436,73.0,4.44,5.3,1.441,0.32100001,1.50267078,6.76,0.960616,
2020-09-03,17.82,3.53516513,2.77,3.87,1.11988387,1.605,29.97092605,9.10583342,5.01,,12.15,3.24865485,2.43,13.66,6.09021896,2.61,2.01666465,7.61666086,5.49109979,5.44,6.39,0.21372072,73.169998,4.5,5.28,1.45,0.33450001,1.51411243,6.7,0.957155,
2020-09-06,17.66,3.49286401,2.63,3.79,1.082924,1.581,29.84402707,8.97946675,4.9,,11.95,3.17751642,2.38,13.79,6.05619562,2.56,1.99333134,7.51110538,5.37395633,5.416,6.1125,0.21022982,70.150002,4.37,5.21,1.43,0.33550001,1.50648466,6.57,0.951962,
2020-09-07,17.799999,3.4898425,2.6,3.7,1.07922802,1.55,30.04797485,8.97946675,4.875,,11.8,3.20122923,2.37,14.26,6.14919338,2.56,1.98999801,7.49999428,5.35199193,5.376,6.225,0.2141086,71.0,4.45,5.25,1.408,0.34000001,1.51411243,6.5,0.947635,
2020-09-08,17.049999,3.36898215,2.46,3.42,1.02748421,1.466,30.00265091,8.93486675,4.755,,11.0,3.06685664,2.2,13.3,6.05619562,2.4,1.91333142,7.46110542,5.30806313,5.128,5.8725,0.20208438,70.519997,4.07,5.16,1.361,0.35000002,1.46834581,6.16,0.917345,
2020-09-09,17.35,3.41128327,2.48,3.32,1.00530829,1.423,30.0706332,8.88283341,4.65,,10.85,3.04314383,2.25,12.8,5.8951505,2.43,1.91999808,7.44443877,5.2714558,5.112,5.7,0.20402377,70.209999,4.15,5.11,1.336,0.36400002,1.44927639,5.81,0.891383,
2020-09-10,18.09,3.43243384,2.58,3.54,1.03487618,1.466,30.36068905,8.84566674,4.8,,11.02,3.13799507,2.3,12.82,5.96092962,2.56,1.96333137,7.43332767,5.33002753,5.368,5.88,0.20906619,70.5,4.2,5.15,1.357,0.38000002,1.48360135,6.15,0.908691,
2020-09-13,18.5,3.37502517,2.61,3.7,1.06444407,1.501,30.37428497,8.85310008,4.95,,11.11,3.20122923,2.31,12.0,6.27394624,2.63,1.98999801,7.44443877,5.34467047,5.48,6.0,0.21333284,71.419998,4.24,5.19,1.379,0.41050002,1.52936798,6.31,0.917345,
2020-09-14,18.0,3.36293914,2.53,3.66,1.10879591,1.47,30.36522208,8.84566674,4.9,,11.16,3.15380361,2.34,12.24,6.14692491,2.56,1.98666468,7.47221652,5.30806313,5.36,5.8875,0.2141086,73.550003,4.1,5.15,1.37,0.43000002,1.51029855,6.18,0.918211,
2020-09-15,18.370001,3.34178858,2.54,3.6,1.10140393,1.46,30.38335103,8.80106674,4.96,,11.05,3.12218653,2.35,12.26,6.16960752,2.54,1.94999805,7.44443877,5.3812778,5.36,5.85,0.21216921,72.5,4.11,5.19,1.359,0.42500002,1.50648466,6.06,0.921672,
2020-09-16,18.780001,3.33272405,2.55,3.6,1.09031598,1.47,30.61902005,8.78620008,4.95,,11.11,3.14589934,2.37,12.25,6.12651077,2.57,1.9666647,7.39999436,5.38859926,5.368,6.0675,0.21216921,72.580002,4.13,5.28,1.37,0.42800002,1.51029855,6.1,0.925999,
2020-09-17,18.75,3.26322935,2.55,3.55,1.09401196,1.483,30.36975511,8.74903341,4.95,,11.15,3.14589934,2.36,11.82,6.12424253,2.64,1.95333138,7.32777219,5.41788513,5.296,6.0075,0.21255709,72.0,4.13,5.37,1.385,0.43000002,1.51411243,6.16,0.923403,
2020-09-20,18.75,3.26322935,2.56,3.64,1.09770795,1.48,29.91200981,8.74160007,4.8,,11.53,3.16961215,2.34,11.8,6.11970606,2.66,1.9333314,7.28332778,5.45449246,5.408,6.2025,0.21255709,72.0,4.09,5.23,1.394,0.42550002,1.51411243,6.13,0.925999,
2020-09-21,18.4,3.23603577,2.46,3.5,1.02378822,1.441,30.07969971,8.65240007,4.91,,10.98,3.16961215,2.3,11.4,6.13331571,2.46,1.86999813,7.02777242,5.23484847,5.2,5.8125,0.20324802,71.0,4.01,5.22,1.34,0.40050002,1.4721597,6.01,0.913018,
2020-09-22,18.559999,3.29344444,2.46,3.49,1.00900428,1.43,30.02984591,8.6375334,4.895,,10.95,3.31979327,2.32,11.45,6.07887755,2.43,1.89666477,7.05555018,5.19824114,5.144,5.8275,0.20169651,70.0,3.95,5.27,1.353,0.40050002,1.45690416,6.1,0.913884,
2020-09-23,19.5,3.25114332,2.71,3.53,1.03857217,1.513,30.27458099,8.66726674,4.8,,11.65,3.40674024,2.36,11.52,6.08568249,2.54,1.88333145,7.17221675,5.19824114,5.072,6.135,0.20635104,70.07,3.9,5.36,1.37,0.40000002,1.43020696,6.14,0.933788,
2020-09-24,19.75,3.20884219,2.66,3.42,1.00900428,1.501,30.13861595,8.68956674,4.73,,12.02,3.39883597,2.33,11.43,6.01083063,2.5,1.85999814,7.13332789,5.08841914,4.992,6.225,0.2036359,69.699997,3.86,5.34,1.36,0.39600002,1.39588199,6.06,0.934654,
2020-09-27,19.700001,3.21790672,2.67,3.48,1.01639625,1.527,30.16127792,8.47400008,4.55,,12.15,3.43045305,2.36,11.54,6.01083063,2.5,1.88999811,7.11110569,5.04449034,4.968,6.225,0.20518741,70.019997,3.83,5.38,1.371,0.38050002,1.37681257,6.1,0.93725,
2020-09-28,19.0,3.22092823,2.65,3.4,1.02378822,1.6,30.22925704,8.6152334,4.575,,12.01,3.38302743,2.39,11.6,5.90649191,2.46,1.95333138,7.24443892,5.03716888,5.032,6.195,0.20945406,71.010002,3.87,5.45,1.393,0.37600002,1.35392925,6.13,0.934654,
2020-09-29,19.1,3.33574556,2.62,3.4,0.99422033,1.551,30.11595398,8.95716675,4.59,,11.81,3.32769754,2.4,11.54,5.85205375,2.44,1.94999805,7.3833277,5.05181181,5.08,6.135,0.21643587,71.0,3.86,5.75,1.41,0.37250002,1.33485983,6.15,0.92773,
2020-09-30,19.200001,3.32365952,2.59,3.37,0.97943638,1.548,30.10235806,8.87540008,4.6,,11.86,3.31979327,2.41,11.53,5.78400684,2.39,1.92999807,7.53888314,5.12502647,5.04,6.0375,0.21449648,71.0,3.85,5.79,1.399,0.34650001,1.36155703,6.16,0.919076,
2020-10-01,19.33,3.32365952,2.62,3.5,0.98682836,1.573,30.13861595,8.92000008,4.64,,12.02,3.39883597,2.46,11.65,5.82937182,2.41,1.94333139,7.59443865,5.14288254,4.952,6.12,0.2141086,70.160004,3.87,5.91,1.415,0.35000002,1.39588199,6.25,0.918211,
2020-10-04,18.93,3.33876707,2.65,3.51,1.02009223,1.56,30.09329563,8.92743341,4.735,,12.29,3.40674024,2.44,11.83,5.98134377,2.43,1.9666647,7.42777211,5.15145401,5.048,5.9775,0.21449648,71.0,3.87,6.12,1.43,0.37150002,1.39206811,6.3,0.921672,
2020-10-05,18.700001,3.36898215,2.64,3.42,1.0016123,1.53,29.91200981,8.92000008,4.75,,12.75,3.37512316,2.41,11.8,6.04258574,2.41,1.95333138,7.44443877,5.05716783,5.016,5.85,0.21139345,69.010002,3.82,6.07,1.4,0.37750002,1.38062645,6.25,0.913018,
2020-10-06,18.799999,3.3840897,2.64,3.44,0.99791632,1.551,30.10235806,8.93486675,4.77,,12.98,3.39883597,2.44,11.95,6.38282143,2.44,2.00666466,7.48888318,5.0657393,5.008,5.835,0.21255709,69.339996,3.86,6.08,1.42,0.37500002,1.39206811,6.36,0.910422,
2020-10-07,18.700001,3.39315422,2.66,3.45,1.0016123,1.559,30.38335103,9.07610008,4.75,,12.8,3.42254878,2.51,12.2,6.30570134,2.48,2.08333125,7.54999424,5.15145401,5.048,5.88,0.2141086,70.529999,4.0,5.91,1.453,0.35100002,1.40350976,6.54,0.908691,
2020-10-11,18.610001,3.55329418,2.68,3.46,1.03118019,1.568,30.61449019,8.92000008,4.655,,12.2,3.49368721,2.52,12.3,6.31023805,2.6,2.20999779,7.64443862,5.14288254,5.12,6.0075,0.21643587,69.089996,4.04,6.0,1.48,0.38750002,1.41495142,6.65,0.910422,
2020-10-12,18.0,3.5230791,2.7,3.37,1.09031598,1.57,30.59182822,9.04636675,4.625,,11.95,3.6517726,2.57,12.45,6.31023805,2.76,2.30333103,7.61110531,5.14288254,5.104,6.0,0.21527223,70.029999,3.97,5.83,1.472,0.37500002,1.40350976,6.65,0.912153,
2020-10-13,17.790001,3.50495004,2.66,3.33,1.06444407,1.544,30.45586318,9.12070009,4.625,,11.81,3.63596406,2.54,12.47,6.30570134,2.7,2.25333108,7.48888318,5.05716783,5.072,5.82,0.21255709,70.0,3.87,5.8,1.449,0.39900002,1.34630148,6.67,0.913018,
2020-10-14,17.84,3.52912211,2.67,3.36,1.09031598,1.55,30.5782323,9.11326675,4.555,,11.86,3.6517726,2.54,12.52,6.28301942,2.76,2.25333108,7.44443877,5.11716813,5.144,6.0,0.21333284,70.480003,3.91,5.77,1.457,0.36750002,1.36537091,6.67,0.912153,
2020-10-15,17.950001,3.53516513,2.64,3.34,1.10140393,1.562,30.46039621,8.97946675,4.56,,11.8,3.50159148,2.51,12.3,6.37374871,2.91,2.20999779,7.50554983,5.03145342,5.152,6.0375,0.21333284,70.5,3.95,6.1,1.436,0.38800002,1.34630148,6.62,0.908691,
2020-10-18,17.799999,3.48077797,2.6,3.32,1.07183604,1.549,30.16580778,8.99433342,4.57,,11.58,3.36721889,2.49,12.13,6.43499136,2.85,2.16999783,7.27777223,5.03145342,5.272,5.925,0.21216921,71.0,3.9,6.05,1.419,0.41250002,1.34630148,6.57,0.908691,
2020-10-19,17.85,3.47473496,2.56,3.3,1.06444407,1.531,30.09782866,8.92000008,4.58,,11.51,3.33560181,2.46,12.2,6.33292043,2.97,2.15333118,7.19999451,5.02288195,5.272,5.925,0.21333284,72.0,3.85,6.0,1.4,0.39000002,1.34630148,6.61,0.90696,
2020-10-20,16.85,3.49890703,2.53,3.25,1.04966013,1.512,30.08422912,8.87540008,4.555,,11.5,3.2881762,2.45,12.17,6.21950853,2.95,2.12999787,7.25555002,5.01431048,5.224,5.895,0.21178133,74.080002,3.79,5.96,1.385,0.40050002,1.3424876,6.55,0.908691,
2020-10-21,17.09,3.47473496,2.4,3.0,0.96095645,1.45,30.12502003,8.46656675,4.455,,11.05,3.2091335,2.39,12.11,6.25580033,2.77,2.0999979,7.30554999,4.92859577,5.128,5.925,0.20324802,71.0,3.66,5.51,1.358,0.38000002,1.27765155,6.35,0.908691,
2020-10-22,16.530001,3.29948745,2.33,2.89,0.9203006,1.354,30.18393627,8.79363341,4.4,,10.35,2.98781395,2.33,11.94,6.09475566,2.65,2.10666456,7.11666124,4.94573871,5.16,5.6625,0.19199956,69.510002,3.54,5.64,1.302,0.36500002,1.25858212,6.15,0.900037,
2020-10-25,16.25,3.26927237,2.3,2.75,0.86855679,1.33,27.165543,8.77133341,4.3,,10.47,3.00362249,2.28,11.8,6.03351301,2.66,2.0666646,7.09999459,5.00573901,5.136,5.6325,0.18889654,69.019997,3.44,5.76,1.28,0.39750002,1.25858212,6.13,0.892248,
2020-10-26,16.5,3.26927237,2.35,2.93,0.90551666,1.367,27.19273619,8.86053341,4.45,,10.53,3.10637799,2.29,11.8,6.12424253,2.73,2.10666456,6.87777253,5.19431137,5.304,5.7375,0.19393895,69.209999,3.5,5.87,1.31,0.39500002,1.27765155,6.2,0.89571,
2020-10-27,16.700001,3.29344444,2.39,3.03,0.92399659,1.37,27.39214914,8.89026675,4.45,,10.71,3.16170788,2.33,11.93,6.37374871,2.67,2.14999785,6.97221691,5.22859725,5.28,5.895,0.19704197,70.0,3.58,6.13,1.325,0.39500002,1.32341817,6.24,0.898306,
2020-10-28,17.0,3.33876707,2.36,2.95,0.90921264,1.363,27.37402201,8.77876674,4.46,,10.81,3.12218653,2.28,11.7,6.85007891,2.63,2.08666458,6.77777261,5.11716813,5.216,5.8575,0.19510258,69.019997,3.5,6.06,1.306,0.39500002,1.33867371,6.0,0.891383,
2020-11-01,16.66,3.30250896,2.31,2.97,0.87964475,1.336,27.42387355,8.80850008,4.38,,10.8,3.0510481,2.22,11.55,7.04514692,2.56,1.98666468,6.7222171,5.0657393,5.12,5.6625,0.1877329,68.0,3.46,6.01,1.272,0.37000002,1.33485983,5.95,0.894844,
2020-11-02,16.809999,3.29344444,2.32,2.8,0.813117,1.275,27.64594846,8.78620008,4.5,,10.46,3.00362249,2.16,12.0,7.06329283,2.46,1.9666647,6.61110607,4.98002459,5.2,5.5875,0.17260566,68.0,3.25,5.98,1.222,0.36500002,1.31197652,5.8,0.894844,
2020-11-03,17.889999,3.32365952,2.31,2.82,0.8389889,1.29,27.85442566,8.76390008,4.525,,10.51,3.04314383,2.19,12.0,7.19031461,2.53,1.96333137,6.64443938,5.01431048,5.248,5.625,0.18152686,67.5,3.32,5.9,1.234,0.36000002,1.3157904,5.85,0.89571,
2020-11-04,18.280001,3.27229388,2.37,2.88,0.87225278,1.31,28.18980364,8.74160007,4.525,,10.6,3.11428226,2.21,12.15,7.31506747,2.59,1.98999801,6.74999485,5.04859636,5.28,5.7525,0.18307837,68.82,3.39,5.8,1.251,0.36000002,1.32723206,5.95,0.891383,
2020-11-05,18.299999,3.32365952,2.36,2.94,0.86116482,1.3,28.10369195,8.77133341,4.5,,10.53,3.08266518,2.23,12.3,7.50786724,2.63,1.99333134,6.72777265,5.05716783,5.392,5.8425,0.18230261,68.25,3.37,6.07,1.247,0.37000002,1.34630148,5.99,0.891383,
2020-11-08,18.15,3.26927237,2.36,3.0,0.86116482,1.31,28.552373,8.85310008,4.525,,10.51,3.09847372,2.22,12.25,7.54189127,2.63,1.98666468,6.74999485,5.0657393,5.36,5.9625,0.18230261,68.0,3.36,6.21,1.25,0.36250002,1.37299868,6.0,0.896575,
2020-11-09,18.459999,3.2813584,2.38,3.0,0.88334074,1.323,28.68833623,9.01663342,4.495,,10.9,3.1300908,2.24,12.31,7.6439622,2.66,1.999998,6.79443926,5.24574019,5.448,6.1125,0.18540564,68.32,3.41,6.39,1.26,0.37050002,1.38062645,6.05,0.896575,
2020-11-10,18.559999,3.43847685,2.44,3.05,0.92769258,1.361,28.86508902,9.25450009,4.525,,11.32,3.19332496,2.28,12.47,7.16082729,2.8,2.06333127,7.04443907,5.35716931,5.52,6.27,0.18967229,69.010002,3.57,6.51,1.278,0.37050002,1.41113753,6.27,0.902633,
2020-11-11,18.709999,3.47473496,2.48,3.08,0.96095645,1.415,29.33643159,7.55970007,4.525,,11.34,3.24865485,2.3,12.3,7.03153772,2.83,2.07333126,7.39999436,5.35716931,5.52,6.42,0.19316319,66.0,4.13,7.01,1.31,0.38500002,1.41113753,6.44,0.917345,
2020-11-12,18.799999,3.59861681,2.53,3.11,0.96834843,1.39,29.0327771,8.06516674,4.59,,11.39,3.25655912,2.31,12.2,7.22660641,2.89,2.08333125,7.38888326,5.3914552,5.52,6.345,0.19510258,70.099998,4.0,7.12,1.316,0.40100007,1.41113753,6.35,0.920807,
2020-11-15,19.0,3.4898425,2.53,3.2,0.97943638,1.392,28.82429946,8.09490007,4.565,,11.45,3.24865485,2.31,12.1,7.25836152,3.1,2.09333124,7.42221656,5.42574108,5.56,6.315,0.19316319,72.25,4.16,7.06,1.327,0.41500002,1.39588199,6.3,0.921672,
2020-11-16,19.23,3.52005759,2.54,3.14,0.98682836,1.396,28.77897914,8.05030007,4.58,,11.3,3.26446339,2.33,12.15,7.25609328,3.15,2.11999788,7.39443881,5.14288254,5.56,6.33,0.19238744,73.019997,4.16,7.11,1.338,0.40150002,1.38444034,6.31,0.925999,
2020-11-17,19.440001,3.56538022,2.56,3.14,1.0016123,1.411,28.73365882,8.07260007,4.57,,11.4,3.2881762,2.36,12.44,7.1721687,3.25,2.1666645,7.5888831,5.22859725,5.6,6.405,0.19393895,74.400002,4.31,7.24,1.349,0.39500002,1.39206811,6.58,0.917345,
2020-11-18,19.57,3.56538022,2.52,3.07,0.97943638,1.422,28.552373,8.06516674,4.665,,11.5,3.21703777,2.38,12.6,7.15629058,3.14,2.17333116,7.47777208,5.05716783,5.6,6.42,0.19704197,76.0,4.45,7.25,1.343,0.39250002,1.39969588,6.62,0.904364,
2020-11-19,19.5,3.50495004,2.49,3.07,0.95726047,1.405,28.30310671,8.02056674,4.755,,11.51,3.13799507,2.36,12.45,6.91812582,3.12,2.16999783,7.33888329,4.860024,5.6,6.39,0.1947147,76.0,4.42,7.25,1.331,0.39950002,1.40350976,6.52,0.898306,
2020-11-22,19.209999,3.48077797,2.48,3.07,0.92769258,1.407,28.10822498,7.8570334,4.745,,11.56,3.16170788,2.41,12.46,6.95214939,3.12,2.23666443,7.38888326,4.92859577,5.6,6.33,0.19587834,75.110001,4.35,7.43,1.33,0.38500002,1.41113753,6.6,0.901768,
2020-11-23,19.35,3.47473496,2.49,3.1,0.94247652,1.393,28.01305086,7.89420006,4.705,,11.62,3.16961215,2.4,12.56,6.94761269,3.18,2.28333105,7.3722166,4.93716724,5.6,6.3,0.19665409,79.0,4.44,7.4,1.336,0.38550002,1.41113753,6.6,0.900037,
2020-11-24,19.5,3.47473496,2.51,3.14,0.96465244,1.407,28.04024269,7.8793334,4.75,,11.6,3.26446339,2.45,12.75,6.93173502,3.19,2.333331,7.38888326,4.89430988,5.656,6.39,0.20673892,80.0,4.6,7.44,1.347,0.38550002,1.49885689,6.88,0.893979,
2020-11-25,19.610001,3.44451987,2.56,3.15,0.96465244,1.436,28.33936278,7.91650007,4.8,,11.4,3.20122923,2.45,12.76,6.81605489,3.22,2.25333108,7.54443869,4.62859429,5.76,6.3825,0.2106177,81.0,4.72,7.48,1.368,0.38750002,1.52555409,7.0,0.885325,
2020-11-26,20.0,3.42336931,2.55,3.15,0.94247652,1.42,28.32576687,7.97596673,4.78,,11.25,3.29608046,2.45,12.51,6.72532559,3.16,2.22333111,7.49999428,4.62859429,5.68,6.36,0.20867831,82.0,4.67,7.46,1.355,0.38600002,1.50648466,6.92,0.882728,
2020-11-29,20.0,3.46264892,2.67,3.25,0.95726047,1.441,28.32576687,8.08746674,4.775,,11.5,3.50159148,2.49,12.49,6.57562189,3.2,2.24999775,7.55554979,4.71430899,5.536,6.42,0.21255709,82.150002,4.73,7.49,1.387,0.38650002,1.49885689,7.06,0.887056,
2020-11-30,20.01,3.4566059,2.66,3.23,0.96834843,1.486,28.09916073,7.73066674,4.71,,11.52,3.46207013,2.49,12.57,6.79790898,3.2,2.25999774,7.56110535,4.73145194,5.52,6.4875,0.21333284,82.5,4.73,7.2,1.392,0.38500002,1.4721597,7.0,0.891383,
2020-12-01,20.0,3.47171345,2.66,3.33,0.9757404,1.474,28.19886789,8.0131334,4.75,,11.53,3.51740002,2.49,12.59,6.85007891,3.35,2.2333311,7.66666082,4.71430899,5.44,6.9075,0.21333284,83.010002,4.6,7.34,1.393,0.39950002,1.4721597,7.05,0.813495,
2020-12-02,19.85,3.47473496,2.62,3.37,0.98313237,1.454,28.19433486,8.21383341,4.5,,11.55,3.43045305,2.64,12.65,7.02473278,3.24,2.18999781,7.62221641,4.62859429,5.104,7.3725001,0.21178133,82.300003,4.54,7.3,1.42,0.36250002,1.48741524,7.0,0.868882,
2020-12-03,19.700001,3.53214362,2.64,3.38,0.98313237,1.456,28.2124638,8.6152334,4.575,,11.59,3.50949575,2.63,12.68,7.1540228,3.27,2.17999782,7.61110531,4.60287987,5.12,7.3050001,0.21255709,82.599998,4.58,7.42,1.41,0.35750002,1.50267078,7.05,0.874074,
2020-12-06,20.049999,3.71947716,2.7,3.32,0.99791632,1.475,28.16714348,8.65983341,4.555,,11.62,3.55692137,2.65,12.7,7.34909149,3.29,2.1999978,7.59443865,4.48287928,5.096,7.2450001,0.21643587,82.0,4.68,7.68,1.42,0.36250002,1.46834581,7.02,0.879267,
2020-12-07,21.0,3.68624056,2.74,3.3,1.02378822,1.467,28.21699502,8.66726674,4.6,,12.02,3.5490171,2.57,12.6,7.25836152,3.22,2.16999783,7.61110531,4.41430751,4.632,7.2675001,0.22613281,81.0,4.76,7.7,1.424,0.36450002,1.42639307,6.93,0.839457,
2020-12-08,21.25,3.73760621,2.75,3.31,1.01270026,1.473,28.28044655,8.84566674,4.605,,12.36,3.55692137,2.53,12.55,7.19031461,3.2,2.15999784,7.59443865,4.41430751,4.736,7.4400001,0.22535706,82.519997,4.84,7.69,1.435,0.36500002,1.43020696,6.85,0.866285,
2020-12-09,21.0,3.71947716,2.92,3.22,0.97943638,1.491,28.18980364,8.92743341,4.625,,11.96,3.52530429,2.49,12.36,7.3037265,3.14,2.10333123,7.49999428,4.4485934,4.688,7.2450001,0.21798738,83.0,4.92,7.57,1.418,0.38500002,1.39969588,6.7,0.880998,
2020-12-10,20.5,3.56538022,2.92,3.16,0.96095645,1.466,28.23512396,9.18016675,4.63,,11.79,3.35931462,2.44,12.28,7.31506747,3.04,1.999998,7.39443881,4.38002163,4.592,7.05000009,0.21449648,82.120003,4.81,7.52,1.394,0.35050002,1.36155703,6.7,0.882728,
2020-12-13,20.25,3.5955953,3.11,3.17,0.94986849,1.442,28.32576687,9.52210008,4.6350005,,11.81,3.39883597,2.4,12.2,7.23567914,3.09,2.02666464,7.44443877,4.36287869,4.584,7.1250001,0.21527223,82.699997,4.97,7.5,1.392,0.32500001,1.36155703,6.67,0.88619,
2020-12-14,20.75,3.62581039,3.13,3.2,0.95726047,1.459,28.25778412,9.46263341,4.625,,11.95,3.46207013,2.45,12.23,7.32640843,3.14,2.04999795,7.49999428,4.39716457,4.648,7.3200001,0.21643587,84.910004,5.0,7.35,1.402,0.33550001,1.35774314,6.74,0.891383,
2020-12-15,20.75,3.60163832,3.14,3.21,0.94247652,1.484,28.29404201,9.49980008,4.565,,12.0,3.39883597,2.45,12.2,7.32187196,3.08,2.02999797,7.51666094,4.63716576,4.704,7.2225001,0.21488436,85.0,4.72,7.21,1.404,0.34250001,1.37299868,6.51,0.885325,
2020-12-16,20.5,3.53516513,3.1,3.16,0.88703673,1.452,28.10822498,9.51466675,4.55,,11.66,3.31979327,2.41,12.07,7.34909149,3.02,2.00333133,7.64999417,4.5943084,4.576,7.05750009,0.20557529,84.0,4.81,7.09,1.363,0.32550001,1.36537091,6.41,0.874074,
2020-12-17,20.01,3.55027267,3.09,3.1,0.88703673,1.42,27.41934233,9.50723342,4.47,,11.73,3.29608046,2.4,11.95,7.38538307,2.97,2.00333133,7.52777204,4.56002252,4.472,7.05000009,0.20324802,82.400002,4.83,7.04,1.352,0.33350001,1.35774314,6.36,0.86542,
2020-12-20,20.620001,3.61674586,3.14,3.28,0.90551666,1.459,27.24712121,9.32140008,4.43,,11.75,3.34350608,2.42,12.02,7.48972179,3.07,2.01999798,7.57221645,4.57716546,4.512,7.11000009,0.20751468,82.5,4.86,6.9,1.366,0.31300001,1.37299868,6.45,0.866285,
2020-12-21,19.709999,3.40221875,2.87,3.01,0.8389889,1.369,26.78484425,9.31396674,4.115,,10.92,3.05895237,2.25,11.21,7.25836152,2.94,1.8666648,7.51110538,4.16573486,4.32,6.54000009,0.18850866,78.0,4.5,6.5,1.28,0.30100001,1.31960429,6.0,0.848977,
2020-12-22,20.299999,3.40221875,2.78,2.99,0.82050897,1.311,26.9434699,9.32883341,4.25,,10.46,2.84553709,2.25,11.3,7.25836152,3.04,1.82999817,7.61110531,4.35430722,4.4,6.37500009,0.18695715,79.739998,4.41,6.5,1.271,0.33350001,1.30434875,6.23,0.863689,
2020-12-23,20.6,3.47473496,2.88,3.07,0.85377285,1.384,26.98879022,9.36600008,4.3,,10.97,3.04314383,2.33,11.47,7.48972179,3.2,1.91999808,7.83332736,4.39716457,4.648,6.60000009,0.19316319,80.0,4.43,6.7,1.311,0.33350001,1.36155703,6.32,0.861958,
2020-12-24,20.620001,3.50797155,2.86,3.09,0.87594877,1.4,26.88002018,9.35856674,4.3,,11.15,3.10637799,2.33,11.52,7.57591529,3.18,1.8999981,7.72221633,4.42287898,4.728,6.60750009,0.19626622,78.339996,4.46,6.7,1.322,0.33350001,1.37681257,6.34,0.867151,
2020-12-27,20.299999,3.4566059,2.79,3.06,0.85746883,1.372,26.73952392,9.26193342,4.215,,10.86,3.05895237,2.29,11.4,7.42847937,3.04,1.86999813,7.66666082,4.39716457,4.616,6.60000009,0.20441165,78.25,4.3,6.6,1.29,0.30800001,1.3157904,6.27,0.867151,
2020-12-28,20.040001,3.47473496,2.85,3.12,0.88334074,1.387,26.73952392,9.30653341,4.25,,11.0,3.08266518,2.28,11.4,7.40579744,3.12,1.86999813,7.72777189,4.41430751,4.656,6.61500009,0.21022982,79.010002,4.42,6.7,1.301,0.33350001,1.37681257,6.28,0.874074,
2020-12-29,20.16,3.47775647,2.95,3.08,0.88703673,1.398,26.5265137,9.38830008,4.075,,11.0,3.19332496,2.3,11.43,7.40579744,3.15,1.91666475,7.83332736,4.41430751,4.68,6.67500009,0.20984194,80.0,4.48,6.73,1.301,0.31350001,1.41113753,6.32,0.879267,
2020-12-30,20.360001,3.55329418,3.1,3.1,0.89812468,1.428,26.73952392,9.67076675,4.35,,11.18,3.21703777,2.33,11.49,7.46250339,3.3,1.94333139,7.87777177,4.4485934,4.736,6.82500009,0.21216921,81.400002,4.58,6.79,1.313,0.33000001,1.42257919,6.45,0.880998,
2020-12-31,20.219999,3.53818664,3.09,3.15,0.92769258,1.425,26.73952392,9.58900008,4.375,,11.26,3.18542069,2.35,11.81,7.50786724,3.3,2.00333133,7.9999939,4.28573545,4.68,6.84000009,0.21372072,82.099998,4.8,6.79,1.335,0.33350001,1.42257919,6.5,0.866285,
2021-01-03,20.65,3.54422966,3.11,3.18,0.92399659,1.43,26.53557795,9.69306675,4.45,,11.2,3.20122923,2.34,11.8,7.60313369,3.32,1.999998,8.00554945,4.33716428,4.672,6.75000009,0.21333284,82.25,4.83,6.75,1.364,0.36650002,1.43783473,6.45,0.874074,
2021-01-04,20.299999,3.50495004,3.06,3.13,0.90921264,1.4,26.54917568,9.59643342,4.4,,11.15,3.17751642,2.33,11.73,7.92068655,3.49,1.999998,7.94999394,4.33716428,4.736,6.78750009,0.20945406,82.300003,4.69,6.66,1.362,0.40300002,1.39969588,6.46,0.870613,
2021-01-05,20.209999,3.51401457,3.08,3.13,0.89812468,1.415,26.51291779,9.62616675,4.3,,11.28,3.18542069,2.31,11.62,8.55806188,3.53,2.00666466,7.9999939,4.30287839,4.736,6.79500009,0.20790255,81.0,4.68,6.63,1.37,0.44300002,1.39206811,6.46,0.822149,
2021-01-06,20.469999,3.55027267,3.17,3.2,0.90921264,1.483,26.5265137,9.59643342,4.34,,11.58,3.22494204,2.34,11.71,8.39248051,3.54,2.03666463,8.04443831,4.31144986,4.8,6.77250009,0.21100558,82.5,4.7,6.85,1.392,0.48400002,1.39206811,6.59,0.842054,
2021-01-10,19.809999,3.59257379,3.28,3.23,0.91660462,1.522,26.83469805,9.66333342,4.355,,11.9,3.29608046,2.37,11.79,8.50816019,3.55,2.04999795,8.25554926,4.28573545,4.928,6.86250009,0.21255709,84.699997,4.73,6.96,1.407,0.48300002,1.38444034,6.7,0.86542,
2021-01-11,19.91,3.66509,3.3,3.27,0.92399659,1.55,27.73659137,9.53696675,4.325,,12.64,3.30398473,2.44,11.91,8.64198623,3.58,2.0333313,8.52777128,4.20002074,5.016,7.03500009,0.21255709,84.0,4.78,7.0,1.399,0.45750002,1.39206811,6.74,0.874074,
2021-01-12,19.950001,3.68624056,3.26,3.32,0.92399659,1.545,28.06743588,9.72280009,4.4,,12.59,3.31979327,2.45,11.95,8.52857433,3.56,2.02999797,8.49999352,4.20002074,5.112,7.32750085,0.21139345,84.980003,4.77,7.02,1.397,0.45000002,1.35011537,6.73,0.876671,
2021-01-13,20.0,3.61070285,3.25,3.54,0.96465244,1.596,28.18980364,9.67820009,4.4,,12.52,3.32769754,2.46,11.83,8.27906861,3.58,2.0333313,8.52777128,4.22573515,5.264,7.3125001,0.2141086,85.0,4.8,7.18,1.43,0.47500002,1.33485983,6.8,0.874074,
2021-01-14,20.450001,3.60768134,3.25,3.55,0.97943638,1.581,28.4617301,9.88633343,4.5,,12.82,3.31979327,2.5,11.8,8.32443359,3.55,2.01999798,8.55554903,4.2428781,5.472,7.3650001,0.2141086,85.25,4.81,7.2,1.452,0.48950002,1.30816263,6.79,0.878401,
2021-01-17,20.6,3.60163832,3.27,3.57,0.97943638,1.555,28.43453872,10.10933342,4.605,,13.6,3.30398473,2.5,11.8,8.27906861,3.56,2.01999798,8.57221569,4.31144986,5.52,7.4250001,0.21294497,87.209999,4.81,7.15,1.45,0.50350002,1.33104594,6.87,0.882728,
2021-01-18,20.700001,3.61674586,3.21,3.51,0.95356448,1.521,28.44813418,10.40666676,4.55,,13.32,3.2091335,2.48,11.7,8.27906861,3.48,1.97999802,8.61110455,4.44002193,5.336,7.4250001,0.20906619,91.5,4.72,7.16,1.437,0.54600002,1.36155703,7.0,0.912153,
2021-01-19,20.9,3.60465983,3.22,3.5,0.94617251,1.53,28.54784179,10.40666676,4.55,,13.5,3.23284631,2.5,11.71,8.31536041,3.5,1.98333135,8.57221569,4.4485934,5.36,7.4475001,0.20906619,92.300003,4.72,7.17,1.452,0.60050003,1.35774314,7.04,0.917345,
2021-01-20,21.059999,3.63789642,3.26,3.6,0.96834843,1.554,28.68833623,10.5702001,4.55,,13.85,3.27236766,2.52,11.7,8.7327162,3.57,2.01666465,8.74999333,4.51716516,5.408,8.03250011,0.21100558,90.099998,4.83,7.22,1.491,0.65150003,1.36155703,7.15,0.907826,
2021-01-21,21.5,3.65602548,3.24,3.5,1.03487618,1.541,28.60222681,10.80063342,4.555,,13.6,3.28027193,2.59,11.41,8.91871172,3.65,2.03666463,8.75554888,4.45716487,5.28,8.13750011,0.2175995,93.660004,5.1,7.2,1.508,0.71650003,1.35392925,7.22,0.901768,
2021-01-24,21.700001,3.62581039,3.23,3.46,1.03487618,1.54,28.552373,10.85266676,4.515,,13.7,3.24075058,2.58,11.55,8.98675863,3.61,2.0333313,8.66666006,4.42287898,5.24,8.10000011,0.21721162,93.0,5.0,7.21,1.494,0.75100003,1.35392925,7.36,0.904364,
2021-01-25,21.5,3.6288319,3.2,3.5,1.05335611,1.554,28.33029809,10.42896676,4.5,,13.66,3.24865485,2.58,11.59,9.01851373,3.6,2.03666463,8.72221557,4.36287869,5.256,7.95000011,0.21915101,93.029999,5.28,7.25,1.507,0.76500003,1.35392925,7.42,0.904364,
2021-01-26,21.41,3.61070285,3.2,3.47,1.05335611,1.566,28.33483111,10.5033001,4.45,,13.7,3.28027193,2.6,11.57,9.28843473,3.6,2.03666463,8.66666006,4.37145016,5.312,8.10000011,0.22070252,93.419998,5.2,7.2,1.546,0.77500003,1.34630148,7.4,0.906095,
2021-01-27,21.450001,3.62581039,3.22,3.47,1.082924,1.563,28.46626313,10.75603344,4.45,,13.87,3.29608046,2.6,11.57,9.27709377,3.57,2.01333132,8.72777112,4.38002163,5.52,8.17500011,0.22264191,93.459999,5.2,7.09,1.55,0.82850004,1.33867371,7.4,0.902633,
2021-01-31,22.58,3.56538022,3.18,3.42,1.06444407,1.533,28.54330876,10.85266676,4.435,,13.59,3.2091335,2.56,11.5,9.40865112,3.53,1.98999801,8.67777116,4.3885931,5.472,7.96500011,0.21837526,94.0,5.1,7.02,1.537,0.86899999,1.32341817,7.26,0.903499,
2021-02-01,23.02,3.56840173,3.23,3.46,1.06074808,1.544,27.70033348,10.97160009,4.455,,13.71,3.27236766,2.58,11.66,10.0165389,3.5,1.99333134,8.70554892,4.40573604,5.44,8.14500011,0.21721162,95.0,5.13,7.04,1.553,0.94650004,1.34630148,7.28,0.902633,
2021-02-02,23.200001,3.58048776,3.32,3.53,1.06074808,1.564,28.09916073,10.92700009,4.5,,13.75,3.30398473,2.66,11.74,9.93261432,3.57,2.00666466,8.76110443,4.42287898,5.44,8.10750011,0.21798738,98.309998,5.15,7.0,1.632,1.12000005,1.34630148,7.39,0.925999,
2021-02-03,22.65,3.57142323,3.26,3.5,1.06814006,1.597,28.552373,10.97160009,4.52,,13.5,3.37512316,2.66,11.62,9.98024709,3.62,1.97999802,8.6388823,4.40573604,5.384,8.18250011,0.2175995,97.5,5.2,6.96,1.71,1.2305001,1.35011537,7.3,0.928596,
2021-02-04,22.639999,3.63487492,3.24,3.45,1.04966013,1.594,28.43906994,10.92700009,4.54,,13.05,3.32769754,2.62,11.5,10.03922082,3.63,1.95666471,8.3999936,4.37145016,5.36,8.07000011,0.21604799,95.0,5.01,6.97,1.685,1.35350006,1.35011537,7.27,0.930327,
2021-02-07,22.42,3.64696095,3.26,3.42,1.10140393,1.585,28.39374962,10.77833344,4.535,,13.11,3.311889,2.63,11.5,10.3499701,3.67,1.93999806,8.47777131,4.3885931,4.464,8.06250011,0.21798738,95.730003,5.0,6.85,1.696,1.48850006,1.3424876,7.25,0.930327,
2021-02-08,21.5,3.64091793,3.24,3.28,1.09031598,1.556,27.65047968,10.5925001,4.5,,12.9,3.24865485,2.58,11.35,10.63576764,3.66,1.89333144,8.51110462,4.26859251,4.64,7.8000001,0.23427825,95.0,4.83,6.76,1.68,1.47350001,1.31960429,7.05,0.917345,
2021-02-09,21.65,3.65602548,3.25,3.32,1.09401196,1.554,27.46919613,10.6148001,4.5,,13.0,3.26446339,2.57,11.4,10.66071848,3.71,1.90333143,8.62221565,4.25144957,4.64,7.6950001,0.24436308,92.0,4.9,6.79,1.66,1.32000006,1.31197652,7.1,0.918211,
2021-02-10,21.690001,3.67415453,3.26,3.35,1.10879591,1.557,27.51904948,10.77833344,4.475,,13.01,3.25655912,2.57,11.5,10.80134901,3.78,1.91999808,8.72221557,4.29430692,4.704,7.8000001,0.2474661,95.0,4.93,6.78,1.68,1.43900011,1.3157904,7.1,0.925999,
2021-02-11,21.809999,3.64696095,3.27,3.39,1.08661999,1.564,27.50998524,11.00876676,4.47,,13.08,3.31979327,2.53,11.5,11.11436608,3.85,1.92333141,8.72221557,4.32002133,4.752,7.89750011,0.250957,94.099998,4.9,6.82,1.709,1.48500011,1.29672098,7.09,0.964943,
2021-02-14,21.200001,3.60163832,3.23,3.25,1.0570521,1.53,27.42387355,10.62966677,4.45,,13.15,3.2881762,2.48,11.49,11.20509605,3.82,1.83666483,8.74999333,4.32002133,4.696,7.6875001,0.250957,93.5,4.85,6.81,1.727,1.40300001,1.27765155,6.9,0.961482,
2021-02-15,21.1,3.64393944,3.18,3.26,1.03487618,1.522,27.43293824,10.6371001,4.465,,13.01,3.22494204,2.48,11.46,11.34345766,3.8,1.84999815,8.73888223,4.32002133,4.648,7.5000001,0.250957,93.199997,4.85,6.72,1.72,1.29050001,1.29290709,6.92,0.963213,
2021-02-16,21.120001,3.65904698,3.22,3.23,1.06444407,1.53,27.47372735,10.64453343,4.465,,13.05,3.21703777,2.5,11.48,10.88754228,3.82,1.85333148,8.72221557,4.39716457,4.648,7.5450001,0.250957,93.5,4.84,6.82,1.75,1.35500006,1.30434875,6.99,0.982252,
2021-02-17,21.120001,3.5955953,3.17,3.16,1.01639625,1.485,27.23805651,10.33233342,4.43,,12.82,3.17751642,2.48,11.42,11.06900109,3.77,1.89333144,8.63332675,4.41430751,4.6,7.3350001,0.169,93.550003,4.74,6.8,1.742,1.27000005,1.28909321,6.93,0.970136,
2021-02-18,21.209999,3.54422966,3.15,3.14,0.99791632,1.47,27.12928693,10.04986675,4.495,,12.81,3.16170788,2.45,11.4,11.11436608,3.7,1.87666479,8.6166601,4.43145046,4.496,7.2225001,0.256,93.5,4.77,6.8,1.685,1.26750005,1.27765155,6.9,0.973598,
2021-02-21,21.5,3.58048776,3.19,3.19,1.0016123,1.485,27.19726741,10.39923343,4.5,,12.76,3.18542069,2.46,11.43,11.15973106,3.72,1.89666477,8.55554903,4.4485934,4.552,7.3425001,0.254,93.110001,4.8,6.94,1.68,1.30550011,1.29290709,6.91,0.977925,
2021-02-22,21.629999,3.56538022,3.14,3.19,1.00530829,1.492,27.39214914,10.47356676,4.5100005,,13.8,3.17751642,2.46,11.4,11.27314296,3.73,1.89333144,8.50554907,4.57716546,4.592,7.4925001,0.251,93.510002,4.83,6.97,1.679,1.33000006,1.28527932,6.91,0.977925,
2021-02-23,21.5,3.32365952,3.09,3.16,0.95356448,1.461,27.16101134,10.51816676,4.46,,13.6,3.12218653,2.43,11.22,10.88754228,3.64,1.84333149,8.55554903,4.45716487,4.56,7.4400001,0.235,93.0,4.87,6.89,1.655,1.31350006,1.27383766,6.85,0.97879,
2021-02-24,21.299999,3.56538022,3.08,3.15,0.94617251,1.442,27.23805651,10.44383343,4.375,,13.41,3.13799507,2.43,11.35,10.01200219,3.67,1.81666485,8.49999352,4.47430781,4.512,7.4250001,0.232,93.0,5.1,6.84,1.634,1.30150011,1.24714047,6.8,0.985713,
2021-02-25,21.790001,3.58653078,3.11,3.2,0.96465244,1.467,27.80457185,10.81550009,4.46,,13.55,3.14589934,2.45,11.57,10.6902058,3.73,1.84666482,8.54443793,4.52573663,4.544,7.4550001,0.239,93.25,5.23,6.94,1.64,1.36500001,1.25476824,6.8,0.98831,
2021-02-28,21.700001,3.60768134,2.97,3.13,0.8944287,1.44,27.65501271,10.51073343,4.435,,13.25,3.08266518,2.43,11.56,10.55411107,3.76,1.81999818,8.47221576,4.62859429,4.56,7.2375001,0.247,93.0,5.4,7.09,1.673,1.2640001,1.23569881,6.72,0.990041,
2021-03-01,21.65,3.63487492,2.98,3.12,0.93508455,1.45,27.83176549,10.66683343,4.415,,13.48,3.09056945,2.44,11.46,10.34316471,3.74,1.76333157,8.42777135,4.63716576,4.52,7.2375001,0.26,92.0,5.41,7.3,1.629,1.20000005,1.22044327,6.73,0.973598,
2021-03-02,22.1,3.58048776,2.95,3.11,0.91290863,1.441,27.73659137,10.85266676,4.3850005,,13.56,3.00362249,2.39,11.26,10.20933867,3.86,1.69333164,8.45554911,4.41430751,4.512,7.1325001,0.256,93.0,5.51,7.19,1.682,1.12500005,1.20900162,6.6,0.952827,
2021-03-03,21.25,3.52005759,2.82,2.97,0.86855679,1.372,27.75925153,10.78576676,4.375,,12.83,2.89296271,2.36,11.07,10.20707089,3.76,1.65999834,8.2277715,4.33716428,4.48,6.75000009,0.243,91.0,5.5,6.97,1.64,1.07600005,1.18230442,6.55,0.962347,
2021-03-04,21.65,3.52005759,2.85,3.0,0.87225278,1.374,27.30603926,10.40666676,4.4,,13.1,2.93248406,2.36,11.13,10.32048278,3.84,1.69333164,8.27777147,4.37145016,4.488,6.75000009,0.259,92.879997,5.6,7.12,1.673,1.10000005,1.17849053,6.62,0.968405,
2021-03-07,21.790001,3.56538022,2.9,3.09,0.8944287,1.386,27.61422361,10.40666676,4.255,,13.23,2.99571822,2.4,11.22,10.43616247,3.9,1.71999828,8.28332702,4.42287898,4.52,6.89250009,0.266,92.879997,5.72,7.14,1.71,1.1765001,1.18230442,6.69,0.97879,
2021-03-08,21.01,3.54120815,3.12,3.1,0.89073271,1.393,28.01305086,10.40666676,4.3,,13.05,3.14589934,2.39,11.15,10.54730658,3.86,1.69666497,8.13888268,4.34573575,4.464,6.75000009,0.276,93.970001,5.55,7.1,1.683,1.207,1.18230442,6.41,0.963213,
2021-03-09,21.0,3.53818664,3.1,3.11,0.87594877,1.371,27.64141725,10.29516676,4.31,,13.0,3.08266518,2.4,11.03,10.29780086,3.82,1.71666495,7.94443839,4.32002133,4.456,6.77250009,0.279,90.099998,5.55,7.11,1.69,1.244,1.16323499,6.37,0.959751,
2021-03-10,19.34,3.53214362,3.06,3.09,0.85007686,1.355,27.32869942,10.18366675,4.305,,12.95,3.08266518,2.39,10.97,10.20707089,3.7,1.69666497,7.9999939,4.26859251,4.384,6.75000009,0.274,91.0,5.54,7.1,1.66,1.253,1.15179334,6.33,0.964943,
2021-03-11,21.030001,3.47473496,3.09,3.1,0.89073271,1.361,27.55983859,10.33976676,4.315,,13.0,3.11428226,2.4,11.0,9.72971871,3.8,1.67999832,8.06666052,4.28573545,4.4,6.78000009,0.299,92.980003,5.62,7.16,1.672,1.27500005,1.12128226,6.35,0.970136,
2021-03-14,21.200001,3.4898425,3.0,3.19,0.87964475,1.36,27.24712121,9.75996676,4.1350005,,13.07,3.08266518,2.42,10.92,10.47166885,3.9,1.6999983,7.9999939,4.26859251,4.36,7.2000001,0.297,92.980003,5.62,7.2,1.673,1.18000005,1.12891003,6.46,0.977925,
2021-03-15,20.700001,3.44451987,2.93,3.06,0.80942101,1.32,27.50998524,9.73766676,4.155,,12.6,2.91667552,2.36,10.69,10.50658382,3.94,1.61666505,7.92777173,3.90001926,4.16,6.97500009,0.294,92.900002,5.56,7.02,1.641,1.10100005,1.10221283,6.43,0.994368,
2021-03-16,20.51,3.43847685,2.9,3.04,0.80942101,1.312,27.55983859,10.02756676,4.2,,12.62,2.94038833,2.38,10.65,10.62005812,4.07,1.61999838,7.88888287,4.00287691,4.184,6.97500009,0.291,92.5,5.8,6.97,1.605,1.05100005,1.12891003,6.47,0.995233,
2021-03-17,20.639999,3.45962741,2.95,3.1,0.82050897,1.32,27.12475345,9.73766676,4.04,,12.62,2.9482926,2.39,10.71,10.19816511,4.03,1.6333317,7.86110512,3.93430514,4.16,6.83250009,0.301,92.5,5.81,7.06,1.632,1.13850005,1.11746837,6.43,1.000426,
2021-03-18,20.639999,3.42336931,2.92,3.05,0.813117,1.318,27.19273619,9.03150008,4.015,,12.5,2.94038833,2.36,10.67,10.06723259,3.99,1.63666503,7.88888287,3.81430455,4.2,6.91500009,0.301,91.0,5.7,7.02,1.64,1.2520001,1.12128226,6.35,0.996098,
2021-03-21,20.01,3.35689612,2.75,2.94,0.7576772,1.292,26.97066128,9.04636675,4.05,,11.6,2.71906878,2.32,10.21,9.60169638,3.75,1.54999845,7.83888291,3.60001778,4.16,6.68250009,0.306,90.010002,5.32,6.92,1.64,1.23700005,1.09839894,6.27,0.997829,
2021-03-22,19.99,3.26625086,2.59,2.7,0.72441333,1.183,26.55823811,8.30303341,4.0,,11.0,2.56888765,2.27,10.12,9.06341946,3.51,1.47999852,7.56110535,3.58287484,4.04,6.23250008,0.285,89.5,5.03,6.8,1.601,1.15900005,1.02974901,6.15,0.983117,
2021-03-23,19.65,3.08798185,2.42,2.56,0.66527754,1.12,26.34069667,8.17666674,4.025,,10.56,2.37918518,2.26,10.17,8.87429514,3.5,1.42999857,7.61666086,3.48001719,4.016,5.97000008,0.271,87.0,5.1,6.77,1.551,1.05,0.97635462,5.91,0.971001,
2021-03-24,20.120001,3.17258409,2.57,2.76,0.68745346,1.162,26.65341405,8.34763341,4.145,,11.01,2.46613215,2.29,10.33,9.59587717,3.79,1.49333184,7.66666082,3.66858954,4.208,6.15750008,0.285,89.93,5.3,6.89,1.6,1.05,0.99542404,6.23,0.96927,
2021-03-25,21.0,3.18467013,2.5,2.56,0.66527754,1.165,27.13381815,8.54833342,4.005,,11.45,2.49774923,2.28,10.7,9.74717663,3.76,1.49333184,7.61110531,3.78859014,4.28,6.26250008,0.283,90.0,5.35,7.1,1.614,1.035,0.99542404,6.26,0.971001,
2021-03-28,21.02,3.19675616,2.58,2.7,0.70962938,1.214,27.19273619,8.55576674,4.185,,11.55,2.56888765,2.28,10.8,10.09632952,3.78,1.55333178,7.74999409,3.89144779,4.376,6.66750009,0.284,88.099998,5.21,7.18,1.655,1.06,1.04119067,6.3,0.97879,
2021-03-29,21.0,3.20279918,2.58,2.79,0.72071734,1.224,26.53557795,8.5929334,4.15,,11.6,2.608409,2.29,11.0,10.09632952,3.79,1.5333318,7.83888291,3.8571619,4.464,6.81750009,0.287,89.489998,5.37,7.34,1.632,1.13,1.02593513,6.3,0.990906,
2021-03-30,21.049999,3.2118637,2.59,2.82,0.74326286,1.239,26.58090054,8.44426675,4.24,,11.72,2.64002608,2.3,11.07,9.74717663,3.86,1.54999845,8.07221607,3.84859043,4.488,6.86250009,0.29,88.510002,5.38,7.28,1.634,1.14,1.02593513,6.33,0.987444,
2021-03-31,20.799999,3.20582069,2.55,2.8,0.73919727,1.222,26.08689871,8.47400008,4.06,,11.5,2.608409,2.27,11.06,9.4853116,3.8,1.54666512,7.9999939,3.74573278,4.424,6.75000009,0.288,88.0,5.25,7.15,1.586,1.235,1.01067958,6.17,0.989175,
2021-04-01,20.809999,3.26625086,2.58,2.82,0.75065483,1.235,25.76511664,8.47400008,4.15,,11.61,2.64793035,2.28,11.12,9.50858902,3.82,1.59666507,8.07221607,3.7714472,4.48,6.76500084,0.285,88.019997,5.15,7.28,1.606,1.275,1.02212124,6.16,0.995233,
2021-04-04,19.83,3.25416482,2.53,2.8,0.70962938,1.215,24.94480379,8.48143342,4.08,,11.86,2.58469619,2.26,11.07,9.45621613,3.75,1.65333168,7.89999398,3.60858925,4.48,6.75000009,0.276,87.0,5.2,7.38,1.571,1.37,1.01067958,6.0,0.998695,
2021-04-05,19.9,3.09100336,2.35,2.7,0.66527754,1.141,24.47346257,8.39966675,4.0,,10.9,2.39499372,2.21,10.76,9.07214828,3.55,1.5666651,7.7833274,3.47144571,4.4,6.25500008,0.259,85.199997,5.12,7.16,1.551,1.365,0.93821577,5.89,0.991771,
2021-04-06,20.01,3.02150866,2.33,2.72,0.64679761,1.102,24.58676564,8.63010007,4.025,,10.55,2.38708945,2.2,10.9,9.53186528,3.56,1.55999844,7.89443843,3.49716013,4.432,6.30000008,0.253,87.5,5.15,7.22,1.584,1.4,0.92296022,5.9,0.982252,
2021-04-07,20.1,3.07287431,2.4,2.8,0.66527754,1.103,24.58676564,8.56320007,4.03,,10.65,2.41080226,2.24,10.9,9.46494466,3.46,1.55333178,7.86110512,3.4457313,4.336,6.38250009,0.258,87.0,5.2,7.28,1.581,1.485,0.94202965,5.81,0.947635,
2021-04-08,20.110001,3.12726146,2.46,3.05,0.68006149,1.127,24.74538903,8.83080008,4.015,,10.94,2.50565349,2.25,11.14,9.66279779,3.43,1.5666651,7.93332728,3.48001719,4.328,7.01250009,0.262,88.0,5.2,7.36,1.59,1.48,0.97635462,5.87,0.957155,
2021-04-11,19.450001,3.1393475,2.5,3.32,0.70223741,1.146,24.88135452,8.67470007,4.08,,11.1,2.56098338,2.3,11.31,9.83446449,3.48,1.57333176,7.88888287,3.47144571,4.32,7.3500001,0.268,88.0,5.11,7.44,1.604,1.535,0.99161016,5.92,0.953693,
2021-04-12,20.16,3.14841202,2.55,3.46,0.72478292,1.178,24.79071162,8.48886675,4.06,,11.27,2.60050473,2.28,11.2,10.50949284,3.77,1.58999841,7.9999939,3.52287454,4.456,7.08000009,0.276,86.949997,5.27,7.41,1.63,1.515,0.99161016,5.97,0.957155,
2021-04-13,19.91,3.09100336,2.72,3.45,0.7576772,1.187,24.36015951,8.49630008,4.005,,11.17,2.5293663,2.26,11.07,10.54731799,3.58,1.4999985,7.88888287,3.32573071,4.44,6.97500009,0.266,86.0,5.22,7.37,1.65,1.39,0.9801685,5.85,0.951962,
2021-04-14,19.0,3.06380978,2.82,3.21,0.70999898,1.111,23.88428708,8.36250008,3.775,,11.22,2.44241934,2.17,10.97,10.89065138,3.4,1.4333319,7.62777196,3.10287247,4.352,6.46500009,0.25,85.0,5.1,7.12,1.58,1.275,0.95347131,5.59,0.891383,
2021-04-15,19.0,3.05776676,2.72,3.34,0.6763655,1.09,24.07916835,8.36993341,3.96,,11.57,2.45032361,2.12,11.0,10.91683782,3.4,1.44999855,7.61110531,3.1800157,4.328,6.09000008,0.254,84.019997,5.18,7.1,1.58,1.285,0.94584354,5.41,0.911981,
2021-04-18,19.48,3.13330448,2.8,3.39,0.70112861,1.126,24.63208596,8.42940008,4.0,,11.6,2.45032361,2.15,11.06,11.25445871,3.54,1.47999852,7.72221633,3.22287306,4.368,6.39750009,0.26,84.0,5.2,7.29,1.598,1.265,0.96491296,5.54,0.923404,
2021-04-19,19.799999,3.13028297,2.87,3.36,0.71184697,1.131,25.026382,8.73416674,3.875,,11.7,2.50565349,2.16,11.32,11.34107311,3.74,1.48999851,7.67221637,3.25715894,4.384,6.47250009,0.262,84.010002,5.2,7.38,1.622,1.295,1.01830735,5.59,0.949107,
2021-04-20,19.950001,3.08193883,2.83,3.33,0.74326286,1.17,25.85575954,8.57806674,3.84,,11.72,2.55307911,2.18,11.44,10.29087301,3.76,1.52333181,7.76666074,3.29144483,4.408,6.63750009,0.266,84.559998,5.22,7.45,1.659,1.38,1.02593513,5.57,0.961483,
2021-04-21,19.709999,3.1061109,3.0,3.45,0.76322118,1.185,26.51291779,8.54833342,3.845,,11.8,2.54517484,2.21,11.6,11.09746957,3.55,1.55999844,7.91666063,3.3000163,4.536,6.75000009,0.266,84.029999,5.32,7.34,1.6,1.4,1.0068657,5.61,0.961483,
2021-04-22,19.82,3.05776676,3.02,3.52,0.75139403,1.187,26.3044406,8.58550007,3.765,,11.9,2.56888765,2.21,11.64,11.10829637,3.55,1.55999844,7.94999394,3.29144483,4.4,6.75000009,0.267,84.110001,5.45,7.38,1.595,1.405,1.01067958,5.62,0.951963,
2021-04-25,19.75,3.05172374,2.96,3.43,0.76876516,1.191,26.29084287,8.56320007,3.85,,11.99,2.60050473,2.23,11.7,11.04333558,3.55,1.55666511,7.94443839,3.3000163,4.44,6.84000009,0.27,84.330002,5.57,7.38,1.598,1.43,1.01449347,5.63,0.961483,
2021-04-26,19.76,3.06683129,2.94,3.53,0.79463707,1.229,26.28631165,8.5706334,3.75,,12.3,2.60050473,2.22,11.01,10.66439813,3.48,1.54333179,7.87221622,3.27430188,4.4,6.90000009,0.267,84.910004,5.73,6.12,1.6,1.415,1.00305181,5.65,0.942443,
2021-04-27,19.77,3.09100336,2.95,3.6,0.80942101,1.242,26.43133958,8.63010007,3.6,,12.89,2.74278159,2.23,10.82,10.66439813,3.36,1.54666512,7.83332736,3.26573041,4.376,6.97500009,0.268,84.510002,5.74,6.12,1.603,1.495,0.98398239,5.66,0.949107,
2021-04-28,19.6,3.09402487,2.97,3.52,0.79463707,1.252,25.83309938,8.62266674,3.6,,13.06,2.71906878,2.22,10.78,10.66981045,3.3,1.52333181,7.77777185,3.240016,4.36,6.83250009,0.269,84.599998,5.3,5.95,1.59,1.45,0.97254073,5.62,0.951011,
2021-05-04,19.629999,3.11517543,2.96,3.45,0.79833305,1.26,25.8376306,8.66726674,3.47,,13.26,2.70326024,2.22,10.71,10.66439813,3.35,1.50333183,7.8055496,3.23144453,4.176,6.90750009,0.271,85.0,5.79,5.78,1.573,1.495,0.99542404,5.65,0.948155,
2021-05-05,19.6,3.1061109,2.99,3.3,0.82790094,1.263,26.05970552,8.81593341,3.465,,13.26,2.65583462,2.22,10.7,10.71853105,3.27,1.4999985,7.81110516,3.25715894,4.032,6.97500009,0.272,84.110001,5.88,5.95,1.572,1.49,1.01449347,5.65,0.937684,
2021-05-06,19.610001,3.12121844,3.01,3.33,0.8389889,1.265,26.73499271,8.84566674,3.515,,13.25,2.67164316,2.23,10.72,10.77266559,3.25,1.52666514,7.8055496,3.28287335,4.0,6.78000009,0.27,84.220001,5.91,6.06,1.576,1.47,1.02593513,5.64,0.942443,
2021-05-09,19.67,3.16049806,3.09,3.47,0.82050897,1.257,26.73952392,8.84566674,3.55,,13.32,2.62421754,2.26,10.72,10.79973313,3.16,1.51999848,7.8055496,3.29144483,4.0,6.89250009,0.266,85.169998,5.8,6.21,1.571,1.455,1.04500455,5.68,0.937684,
2021-05-10,19.709999,3.142369,3.08,3.5,0.82420496,1.254,27.05677297,8.91256675,3.55,,13.98,2.62421754,2.27,10.72,10.84304033,3.14,1.51666515,7.81110516,3.40287395,3.84,6.93750009,0.266,83.699997,5.88,6.45,1.576,1.415,1.09839894,5.63,0.942443,
2021-05-11,19.65,3.17862711,3.07,3.54,0.80942101,1.256,26.96613006,8.86796675,3.55,,14.9,2.70326024,2.26,10.79,11.30859162,3.24,1.52666514,7.7944385,3.42858836,3.84,7.06500009,0.266,83.900002,5.9,6.75,1.603,1.4,1.09458506,5.69,0.943395,
2021-05-17,19.93,3.25416482,3.07,3.97,0.813117,1.257,25.87841971,8.86053341,3.755,,15.81,2.74278159,2.28,11.0,11.87158574,3.28,1.52999847,7.74443854,3.38573101,3.608,7.3650001,0.269,83.309998,5.78,6.8,1.62,1.45,1.06788786,5.76,0.951011,
2021-05-18,20.299999,3.32970254,3.09,4.25,0.8389889,1.265,25.83309938,8.92000008,3.8,,16.25,2.7902072,2.31,11.05,12.12601553,3.4,1.57666509,7.77777185,3.42001689,3.648,7.4625001,0.27,83.0,5.83,7.03,1.638,1.475,1.07932952,5.83,0.951963,
2021-05-19,20.25,3.34783159,3.1,4.4,0.84268489,1.301,25.46599699,8.99433342,3.88,,16.540001,2.78230293,2.29,11.45,12.34255099,3.47,1.58666508,7.88888287,3.37715953,3.68,7.5075001,0.271,83.300003,5.75,7.12,1.66,1.57,1.07551563,5.92,0.983378,
2021-05-20,20.129999,3.26625086,3.08,4.32,0.82790094,1.305,25.61102447,9.00176675,4.0,,16.35,2.76649439,2.3,11.45,12.09894854,3.45,1.58333175,8.011105,3.34287365,3.72,7.5000001,0.27,82.489998,5.77,7.16,1.64,1.65,1.06407398,5.91,0.982426,
2021-05-23,19.860001,3.30553047,3.11,4.41,0.82790094,1.315,25.82403514,8.92000008,3.825,,16.219999,2.76649439,2.35,11.47,12.18014953,3.55,1.60333173,8.06666052,3.36001659,3.832,7.5300001,0.271,81.019997,5.75,7.05,1.65,1.665,1.07551563,5.99,0.980522,
2021-05-24,19.799999,3.26322935,2.96,4.4,0.77246115,1.25,25.83309938,8.99433342,3.76,,15.45,2.65583462,2.3,11.4,12.04481454,3.47,1.61999838,7.88888287,3.25715894,3.72,7.1325001,0.262,81.110001,5.76,6.95,1.64,1.705,1.06788786,5.96,0.961483,
2021-05-25,19.6,3.26322935,2.83,4.2,0.78354911,1.22,25.82403514,8.85310008,3.73,,15.05,2.57679192,2.26,11.15,11.28693857,3.4,1.58333175,7.81110516,3.21430159,3.632,7.2300001,0.256,81.0,5.73,6.82,1.601,1.625,1.04500455,5.87,0.940539,
2021-05-26,19.200001,3.24207879,2.91,4.41,0.85377285,1.246,24.81337178,8.84566674,3.75,,15.63,2.64002608,2.26,11.15,11.42227356,3.5,1.5999984,7.77777185,3.25715894,3.656,7.3725001,0.264,80.150002,5.65,6.86,1.613,1.6,1.05263232,5.9,0.93102,
2021-05-27,19.0,3.26322935,2.88,4.37,0.99422033,1.257,23.97492998,8.89770008,3.73,,15.5,2.64002608,2.2,11.1,11.42227356,3.5,1.5999984,7.74443854,3.18858717,3.6,7.4850001,0.263,79.260002,5.6,6.86,1.631,1.59,1.04500455,5.7,0.92626,
2021-05-30,19.0,3.28740142,2.89,4.38,1.11618788,1.261,24.03837925,8.76390008,3.8,,15.63,2.6874517,2.2,11.13,11.55219516,3.45,1.61999838,7.64999417,3.1800157,3.576,7.5000001,0.273,79.0,5.67,6.96,1.66,1.52,1.01830735,5.81,0.931972,
2021-05-31,18.700001,3.51099306,2.89,4.4,1.29729121,1.307,24.18793839,8.69700007,3.755,,15.57,2.69535597,2.18,11.2,11.66587601,3.45,1.60666506,7.61110531,3.06001511,3.496,7.5225001,0.272,80.0,5.4,7.2,1.68,1.45,0.99161016,5.77,0.937684,
2021-06-01,18.5,3.41430478,2.87,4.27,1.30837917,1.3,24.01571909,8.68213341,3.62,,15.52,2.73487732,2.15,11.22,11.72542395,3.37,1.58999841,7.577772,2.88001422,3.176,7.5000001,0.268,79.610001,5.6,7.16,1.659,1.44,0.98779627,5.69,0.932924,
2021-06-02,18.700001,3.3840897,2.8,4.1,1.33055509,1.26,23.44467072,8.71930007,3.8,,15.95,2.76649439,2.17,11.2,11.53054102,3.33,1.5666651,7.52777204,2.84572834,3.216,7.14000085,0.263,78.5,5.45,7.2,1.633,1.53,0.96109908,5.44,0.942443,
2021-06-03,18.5,3.30250896,2.8,4.09,1.27511529,1.241,23.56250682,8.60780007,3.715,,15.64,2.73487732,2.17,11.0,11.25987103,3.3,1.55999844,7.38888326,3.04287217,3.384,7.1775001,0.261,78.099998,5.45,7.17,1.63,1.51,0.95347131,5.55,0.944347,
2021-06-06,18.200001,3.32365952,2.83,4.24,1.18641162,1.26,23.56703804,8.68956674,3.76,,15.65,2.75068586,2.21,11.0,10.96213458,3.38,1.5666651,7.51666094,3.10287247,3.552,7.2900001,0.266,79.0,5.63,7.11,1.62,1.55,0.96872685,5.63,0.951011,
2021-06-07,18.469999,3.32365952,2.87,4.53,1.36381897,1.279,23.00958694,8.71930007,3.885,,15.75,2.72697305,2.21,11.3,10.63733059,3.31,1.5666651,7.66666082,3.06001511,3.728,7.4325001,0.26,78.519997,5.68,7.47,1.637,1.575,0.99161016,5.77,0.958627,
2021-06-08,18.4,3.35387461,2.83,4.3,1.4081708,1.272,22.61529317,8.67470007,3.945,,15.25,2.71116451,2.21,11.92,10.20967255,3.33,1.57999842,7.48332763,3.00001481,3.912,7.3575001,0.264,79.5,5.6,7.87,1.65,1.5,1.00305181,6.04,0.961483,
2021-06-09,18.5,3.44754138,2.89,4.35,1.51165842,1.28,22.70593382,8.72673341,4.0,,15.35,2.92457979,2.25,12.75,10.12305815,3.34,1.61333172,7.49999428,3.06001511,4.104,7.2675001,0.265,79.5,5.58,7.75,1.681,1.505,1.04119067,6.05,0.957675,
2021-06-10,18.6,3.44451987,2.94,4.51,1.52644237,1.315,22.4113472,8.62266674,4.225,,15.52,3.09847372,2.23,12.55,10.28545961,3.32,1.59666507,7.49999428,3.14572982,4.304,7.4625001,0.265,79.120003,5.6,7.75,1.66,1.49,1.04500455,6.0,0.96529,
2021-06-13,18.299999,3.47473496,2.85,4.42,1.4636106,1.302,22.32070429,8.66726674,4.225,,15.7,3.09056945,2.2,12.5,9.89028142,3.27,1.56333177,7.40554991,3.09430099,4.512,7.14000085,0.257,78.300003,5.66,7.6,1.654,1.46,1.01067958,6.0,0.954819,
2021-06-14,18.26,3.43545534,2.85,4.35,1.39708284,1.262,22.34336445,8.83080008,4.105,,15.56,3.04314383,2.2,12.31,9.81449328,3.26,1.55999844,7.36666105,3.08572952,4.504,7.2225001,0.257,78.0,5.65,7.7,1.653,1.45,0.99161016,5.9,0.952915,
2021-06-15,18.200001,3.32668103,2.78,4.3,1.26033135,1.191,22.47932768,8.85310008,4.065,,15.6,3.01943103,2.16,12.5,10.26921886,3.17,1.52999847,7.38888326,2.94001452,4.432,7.1250001,0.248,77.050003,5.6,7.58,1.65,1.405,0.99923793,5.83,0.956723,
2021-06-16,18.32,3.39013271,2.8,4.3,1.15684373,1.2,22.21646547,8.92000008,4.05,,15.82,3.03523956,2.16,12.5,9.68998563,3.2,1.52999847,7.3611055,2.95715746,4.28,7.1325001,0.247,75.519997,5.6,7.6,1.64,1.415,0.98779627,5.7,0.934828,
2021-06-17,18.52,3.39013271,2.89,4.31,1.00530829,1.2,22.071438,8.39966675,4.05,,16.75,3.06685664,2.14,12.57,10.19343181,3.17,1.49333184,7.22221672,2.98287187,4.32,7.2000001,0.248,74.400002,5.55,7.53,1.638,1.465,0.97254073,5.68,0.941491,
2021-06-20,18.120001,3.39919724,2.93,4.41,0.96095645,1.207,22.11675832,8.54833342,3.975,,16.799999,3.04314383,2.12,12.58,10.00937622,3.18,1.47333186,7.19443896,2.96572893,4.456,7.5000001,0.237,74.050003,5.43,7.61,1.631,1.46,0.98398239,5.69,0.960531,
2021-06-21,18.379999,3.41430478,3.01,4.47,0.93508455,1.239,22.21193244,8.62266674,3.95,,16.51,3.04314383,2.16,12.71,10.10681741,3.25,1.49666517,7.27777223,2.99144334,4.496,7.5000001,0.238,74.050003,5.49,7.72,1.654,1.475,0.97635462,5.77,0.962435,
2021-06-22,18.51,3.44451987,3.06,4.5,0.89812468,1.272,22.99145845,8.80850008,4.0,,16.6,3.0273353,2.21,12.9,10.20425861,3.4,1.52999847,7.44999432,3.05144364,4.56,7.5075001,0.231,72.0,5.55,7.8,1.7,1.445,0.99161016,6.0,0.961483,
2021-06-23,18.690001,3.47171345,3.23,4.61,0.88334074,1.28,23.11382577,8.77876674,4.03,,16.809999,3.07476091,2.27,13.0,10.17719107,3.38,1.57666509,7.48888318,3.06858658,4.576,7.5900001,0.224,72.0,5.62,7.8,1.781,1.43,1.01449347,6.45,0.961483,
2021-06-24,19.1,3.49588552,3.32,4.66,0.88334074,1.277,23.20446867,8.83823341,4.05,,17.25,3.00362249,2.3,13.1,10.12305815,3.45,1.57666509,7.44443877,3.09430099,4.632,7.6575001,0.223,72.0,5.56,7.9,1.782,1.445,1.01449347,6.42,0.960531,
2021-06-27,19.120001,3.48379948,3.25,4.66,0.85746883,1.24,23.47639513,8.82336674,4.025,,17.43,2.90877125,2.31,13.27,10.22049827,3.46,1.57999842,7.44443877,3.17144423,4.64,7.5375001,0.221,72.330002,5.5,8.5,1.77,1.495,1.0335629,6.45,0.949107,
2021-06-28,19.33,3.53516513,3.18,4.6,0.82050897,1.2,23.12289001,8.77876674,4.055,,17.02,2.78230293,2.31,13.4,10.17719107,3.48,1.56999843,7.34443884,3.19715865,4.664,7.3875001,0.203,72.0,5.46,8.4,1.771,1.5,1.01830735,6.53,0.950059,
2021-06-29,19.309999,3.55631569,3.09,4.52,0.79094108,1.176,22.7104673,8.65983341,3.925,,16.91,2.70326024,2.3,13.2,9.85238816,3.41,1.51999848,7.22221672,3.14572982,4.712,7.3125001,0.198,72.099998,5.47,8.25,1.701,1.47,0.99542404,6.3,0.945299,
2021-06-30,18.92,3.53516513,3.11,4.86,0.79094108,1.17,22.88721963,8.64496674,4.03,,17.1,2.76649439,2.32,13.26,10.15012461,3.42,1.53999846,7.28332778,3.10287247,4.568,7.5600001,0.206,72.5,5.45,8.3,1.749,1.48,1.01830735,6.44,0.942443,
2021-07-04,19.209999,3.47473496,3.16,5.27,0.813117,1.21,23.64408321,8.77876674,4.035,,17.190001,2.86134563,2.35,13.45,10.19884521,3.42,1.55666511,7.36666105,3.1800157,4.576,8.21250011,0.204,73.010002,5.45,8.34,1.771,1.485,1.02974901,6.63,0.939587,
2021-07-05,19.299999,3.49890703,3.2,5.13,0.76506918,1.181,23.70300126,8.58550007,4.075,,17.26,2.77439866,2.35,13.3,10.09057667,3.44,1.53666513,7.42221656,3.17144423,4.496,9.03000012,0.206,73.989998,5.35,8.49,1.785,1.4,1.01067958,6.82,0.93102,
2021-07-06,18.9,3.43243384,3.14,4.8,0.72810931,1.145,23.56703804,8.39966675,4.0,,16.799999,2.69535597,2.25,12.92,9.75494643,3.41,1.49333184,7.22221672,3.11144394,4.4,8.67750012,0.199,73.010002,5.25,8.2,1.8,1.31,0.99923793,6.58,0.923404,
2021-07-07,18.940001,3.45056289,3.16,5.12,0.74658924,1.15,23.89335132,8.55576674,4.035,,16.82,2.70326024,2.3,13.09,9.48427644,3.42,1.4999985,7.27777223,3.11144394,4.264,9.18000012,0.2,73.199997,5.25,8.25,1.824,1.38,0.99923793,6.73,0.934828,
2021-07-08,18.73,3.4203478,3.15,4.92,0.76137319,1.15,24.42814225,8.47400008,4.005,,16.190001,2.70326024,2.31,13.03,9.11616525,3.38,1.4999985,7.17221675,3.07715805,4.248,8.70000012,0.194,73.050003,5.25,8.0,1.851,1.375,0.97635462,6.7,0.923404,
2021-07-11,18.700001,3.40826177,3.14,4.92,0.73919727,1.135,24.34656359,8.43683341,3.925,,15.95,2.70326024,2.28,12.95,9.21360645,3.33,1.47666519,7.08888348,3.05144364,4.256,8.25750011,0.192,73.0,5.2,7.71,1.862,1.365,0.98779627,6.71,0.918644,
2021-07-12,18.85,3.39919724,3.15,4.98,0.74658924,1.13,24.47346257,8.6152334,3.955,,16.049999,2.70326024,2.3,13.1,9.25691364,3.37,1.48999851,7.1777723,3.06001511,4.416,8.40750011,0.193,73.050003,5.28,7.85,1.84,1.255,0.99542404,6.85,0.919596,
2021-07-13,19.01,3.41430478,3.16,4.8,0.76506918,1.147,24.5686367,8.47400008,3.9,,16.200001,2.70326024,2.29,13.4,9.3164605,3.4,1.50333183,7.38888326,3.08572952,4.44,8.55000011,0.198,73.07,5.32,7.97,1.842,1.345,1.02593513,6.94,0.928164,
2021-07-14,19.07,3.39919724,3.22,4.81,0.77985312,1.152,25.23032616,8.53346675,3.9,,16.35,2.71906878,2.32,13.5,10.06351021,3.41,1.54333179,7.39443881,3.10287247,4.336,8.63250012,0.198,72.150002,5.37,7.6,1.86,1.36,1.04500455,7.03,0.91674,
2021-07-15,19.299999,3.39013271,3.27,4.84,0.76876516,1.155,25.26658405,8.64496674,3.855,,16.370001,2.69535597,2.3,13.72,10.17719107,3.5,1.53666513,7.39999436,3.08572952,4.344,9.40500013,0.2,72.870003,5.4,7.71,1.86,1.385,1.06407398,7.0,0.924356,
2021-07-18,19.360001,3.40826177,3.36,5.1,0.76137319,1.16,25.60649325,8.69700007,3.825,,17.35,2.64793035,2.36,13.8,10.01478962,3.44,1.56333177,7.44443877,3.06858658,4.408,10.24500014,0.2,73.440002,5.31,7.85,1.86,1.385,1.05644621,7.0,0.92626,
2021-07-25,19.73,3.42639082,3.62,5.19,0.77246115,1.17,25.89201743,8.66726674,3.85,,18.91,2.71906878,2.42,13.7,10.10140401,3.47,1.56999843,7.47777208,3.18858717,4.336,11.26500015,0.201,74.660004,5.28,8.0,1.871,1.455,1.02974901,7.09,0.928164,
2021-07-26,20.01,3.42336931,3.57,5.2,0.77246115,1.187,25.69713616,8.65240007,3.84,,19.83,2.72697305,2.33,13.65,10.15012461,3.66,1.54666512,7.53332997,3.17144423,4.4,11.86500016,0.205,75.639999,5.44,8.01,1.85,1.46,1.02974901,7.04,0.932924,
2021-07-27,20.049999,3.44451987,3.57,5.15,0.78354911,1.191,25.65181357,8.62266674,3.845,,20.120001,2.80601574,2.34,13.71,10.20967255,3.71,1.54999845,7.63332993,3.1800157,4.424,11.90250016,0.205,75.75,5.4,8.15,1.863,1.46,1.0335629,7.05,0.934828,
2021-07-28,19.9,3.55027267,3.45,5.17,0.79094108,1.204,25.52491504,8.75646674,3.84,,20.5,2.85344136,2.34,13.9,10.5019956,3.83,1.56999843,7.67999658,3.21430159,4.424,12.89250092,0.205,75.0,5.4,8.25,1.87,1.455,1.03737678,7.1,0.932924,
2021-07-29,19.65,3.70739112,3.49,5.15,0.78724509,1.215,25.62008916,8.69700007,3.84,,21.0,2.87715417,2.34,13.94,10.2962864,3.75,1.61333172,7.63332993,3.26573041,4.424,14.16749944,0.207,75.5,5.35,8.15,1.853,1.45,1.07551563,7.15,0.934828,
2021-08-01,19.610001,3.74364923,3.57,5.28,0.78724509,1.222,25.87841971,8.5929334,3.825,,21.690001,3.00362249,2.35,13.95,10.15012461,3.76,1.60666506,7.64666326,3.25715894,4.384,14.10749944,0.207,77.0,5.35,8.15,1.853,1.465,1.08695729,7.02,0.938636,
2021-08-02,19.6,3.95515483,3.64,5.03,0.7576772,1.234,26.05970552,8.65983341,3.765,,22.280001,3.10637799,2.36,13.8,10.12847047,3.8,1.60333173,7.58666328,3.33430218,4.4,13.67250018,0.205,76.5,5.45,8.22,1.831,1.47,1.1098406,7.01,0.927212,
2021-08-03,19.200001,4.23313363,3.71,4.8,0.75398122,1.209,25.96906261,8.60036674,3.815,,21.07,3.22494204,2.35,13.8,9.74411963,3.79,1.5666651,7.56666329,3.29144483,4.424,13.29750018,0.203,71.510002,5.03,8.15,1.79,1.425,1.1098406,6.75,0.925308,
2021-08-04,19.25,4.26637023,3.71,4.9,0.75398122,1.21,26.05970552,8.60780007,3.95,,20.77,3.45416586,2.35,13.89,9.74411963,3.89,1.56999843,7.56666329,3.32573071,4.424,12.95250017,0.202,71.5,4.83,8.1,1.784,1.4,1.10602672,6.9,0.929116,
2021-08-05,19.51,4.32075738,3.76,5.0,0.78354911,1.229,26.12768827,8.36993341,3.975,,21.33,3.52530429,2.36,14.25,9.67915829,3.87,1.57333176,7.58666328,3.34287365,4.48,13.08750092,0.205,71.699997,5.03,8.1,1.79,1.44,1.10221283,6.9,0.932924,
2021-08-08,19.620001,4.59571467,3.81,5.47,0.79094108,1.257,26.10502584,8.39966675,3.95,,21.0,3.39883597,2.37,14.2,9.66291863,3.86,1.57999842,7.55332997,3.41144542,4.472,12.75000017,0.213,71.559998,5.03,8.16,1.764,1.445,1.11365449,6.96,0.928164,
2021-08-09,19.709999,4.96131722,3.69,5.52,0.84638088,1.282,26.22286239,8.42196675,3.95,,20.26,3.36721889,2.4,14.45,9.64667843,3.84,1.5999984,7.49999666,3.42001689,4.64,12.75000017,0.214,72.050003,5.05,8.21,1.742,1.415,1.12509614,6.99,0.932924,
2021-08-10,19.309999,5.17886554,3.63,5.75,0.82050897,1.26,26.61715661,8.40710008,3.95,,20.639999,3.34350608,2.38,14.77,9.44638318,3.87,1.58333175,7.49332999,3.47144571,4.56,13.34999943,0.212,72.0,5.02,8.29,1.76,1.415,1.11365449,7.01,0.93578,
2021-08-11,19.4,5.19699519,3.69,5.8,0.82050897,1.25,27.05677297,8.45913342,3.955,,21.299999,3.39883597,2.39,14.92,9.56006403,3.9,1.666665,7.47999666,3.42001689,4.584,14.25750019,0.214,70.0,5.03,8.28,1.735,1.3,1.10602672,7.12,0.956723,
2021-08-15,19.16,5.21512394,3.7,5.81,0.82420496,1.247,27.25165424,8.47400008,3.955,,21.959999,3.56482563,2.38,14.84,9.74411963,3.91,1.64999835,7.49999666,3.38573101,4.6,13.76250018,0.23,70.550003,5.04,8.19,1.73,1.265,1.08695729,6.99,0.971002,
2021-08-16,19.200001,5.21210244,3.62,5.61,0.82050897,1.247,27.18669482,8.47400008,3.965,,21.26,3.51740002,2.39,14.84,9.76577377,3.85,1.64666502,7.66666325,3.36001659,4.544,13.43250018,0.23,70.010002,5.1,8.2,1.728,1.35,1.08695729,7.01,0.990042,
2021-08-17,19.1,5.39641477,3.6,5.75,0.82050897,1.247,27.32567931,8.48143342,3.955,,21.040001,3.49368721,2.39,14.8,9.67915829,3.81,1.64999835,7.68666324,3.38573101,4.576,13.52250093,0.234,70.050003,5.15,8.21,1.73,1.35,1.09458506,7.06,0.98433,
2021-08-18,19.049999,5.06404851,3.61,5.26,0.813117,1.244,27.19273644,8.36250008,3.95,,20.73,3.49368721,2.36,14.75,9.41931564,3.79,1.64999835,7.63999659,3.4457313,4.568,13.99500019,0.24,70.160004,5.15,8.25,1.74,1.36,1.12128226,6.9,0.990042,
2021-08-19,18.9,4.83743536,3.51,5.4,0.79094108,1.22,26.92080847,8.39966675,3.885,,19.559999,3.50159148,2.33,14.7,8.87797566,3.88,1.61666505,7.59999661,3.42858836,4.56,13.65000093,0.239,70.089996,5.1,8.23,1.75,1.36,1.11365449,6.91,1.000513,
2021-08-22,18.73,4.76189765,3.41,5.3,0.78354911,1.216,26.89059493,8.35506675,3.85,,19.549999,3.50159148,2.32,14.5,8.53151807,3.9,1.60666506,7.60666328,3.33430218,4.472,13.66499943,0.24,71.940002,5.07,8.24,1.75,1.35,1.09839894,6.8,1.021456,
2021-08-23,18.82,4.89786523,3.38,5.36,0.80572503,1.222,27.12626471,8.42196675,3.85,,21.0,3.49368721,2.35,14.22,8.58565207,3.9,1.60666506,7.61332994,3.33430218,4.432,14.07750019,0.234,72.019997,4.89,8.23,1.766,1.365,1.06407398,6.8,1.036688,
2021-08-24,18.860001,4.90693006,3.3,5.03,0.82420496,1.23,27.81514736,8.38480008,3.83,,20.5,3.47787867,2.39,14.3,8.76429481,3.91,1.61666505,7.6933299,3.39430248,4.288,14.8800002,0.234,71.599998,4.9,8.31,1.764,1.35,1.07551563,6.85,1.070006,
2021-08-25,18.879999,4.87369316,3.38,5.27,0.85007686,1.23,28.25023175,8.39966675,3.8,,20.610001,3.51740002,2.43,14.4,8.82925452,3.94,1.65333168,7.72666322,3.56573189,4.264,14.9250002,0.237,72.279999,4.88,8.36,1.798,1.35,1.09458506,6.8,1.073814,
2021-08-26,18.9,4.83139234,3.62,5.1,0.81681298,1.231,28.40130251,8.46656675,3.8,,20.059999,3.54111283,2.45,14.48,8.57482527,4.04,1.6999983,7.85332983,3.55716042,4.344,14.00250019,0.242,73.099998,4.95,8.39,1.84,1.325,1.09458506,6.9,1.073814,
2021-08-29,18.860001,4.79815575,3.63,5.1,0.80942101,1.234,28.15958809,8.54090008,3.815,,20.139999,3.6517726,2.47,14.46,8.53693147,3.95,1.77333156,7.99999643,3.55716042,4.392,13.98750019,0.241,74.0,5.05,8.43,1.83,1.355,1.0831434,6.95,1.082382,
2021-08-30,18.77,4.56247807,3.65,5.08,0.79094108,1.262,28.2200182,8.54833342,3.8,,21.940001,3.71500676,2.47,14.6,8.22836768,3.97,1.85999814,8.07332973,3.53144601,4.36,13.50000018,0.239,74.5,5.06,8.49,1.907,1.365,1.09458506,7.1,1.080478,
2021-08-31,18.75,4.5352845,3.63,4.85,0.79463707,1.256,27.79097785,8.65983341,3.725,,23.530001,3.7308153,2.45,14.66,8.36370268,3.96,1.88666478,8.13332971,3.51430307,4.352,13.12500018,0.236,73.050003,5.07,8.49,1.92,1.36,1.08695729,7.06,1.072862,
2021-09-01,18.879999,4.66218786,3.65,4.9,0.80202904,1.264,28.12333292,8.65983341,3.77,,25.030001,3.68338968,2.43,14.63,8.8184288,4.01,1.89333144,8.31332963,3.52287454,4.384,13.50000018,0.238,74.010002,5.07,8.5,1.95,1.355,1.09839894,7.23,1.066199,
2021-09-02,18.99,4.80722027,3.69,4.95,0.80942101,1.26,28.41338817,8.54833342,3.78,,26.92,3.79404946,2.46,14.9,8.71016027,4.08,1.90666476,8.40666292,3.60001778,4.312,14.21999944,0.236,77.269997,5.05,8.51,1.991,1.355,1.11365449,7.4,1.066199,
2021-09-05,18.809999,4.52924148,3.56,4.52,0.79833305,1.231,28.10520261,8.55576674,3.785,,25.57,3.64386833,2.47,14.5,8.60730567,4.06,1.8333315,8.23332966,3.51430307,4.32,12.75000017,0.229,76.169998,4.76,8.46,1.94,1.325,1.08695729,7.21,1.061439,
2021-09-06,18.33,4.27543475,3.45,4.12,0.75028523,1.18,28.2018879,8.54833342,3.725,,24.1,3.47787867,2.42,14.4,8.64519947,3.95,1.7666649,7.9333298,3.36858806,4.272,12.30000016,0.215,74.900002,4.65,8.32,1.87,1.15,1.06026009,7.16,1.066199,
2021-09-07,18.610001,4.29960682,3.48,4.2,0.75028523,1.16,27.86349121,8.54833342,3.7,,25.01,3.46207013,2.37,14.4,8.87797566,3.97,1.7999982,8.23332966,3.36858806,4.24,12.37500017,0.22,74.900002,4.64,8.65,1.92,1.25,1.06026009,7.3,1.070958,
2021-09-08,18.67,4.29054229,3.56,4.41,0.76506918,1.191,28.09916099,8.60780007,3.75,,26.5,3.55692137,2.4,14.4,8.82925452,4.02,1.88666478,8.226663,3.34287365,4.312,12.75000017,0.221,74.989998,4.7,8.85,1.94,1.25,1.07170175,7.33,1.085238,
2021-09-09,18.6,4.12738083,3.54,4.4,0.7576772,1.185,27.78493382,8.57806674,3.71,,26.42,3.46207013,2.44,14.3,8.95917611,3.81,1.8666648,8.09999639,3.34287365,4.24,12.61500017,0.221,75.5,4.75,9.01,1.9,1.15,1.0831434,7.35,1.094757,
2021-09-12,18.5,4.16363893,3.53,4.37,0.7576772,1.189,27.5613497,8.93486675,3.7,,27.200001,3.43835732,2.44,14.3,8.93210966,3.85,1.85666481,8.06666307,3.3000163,4.192,13.76250018,0.223,75.919998,4.76,9.01,1.9,1.17,1.11365449,7.37,1.099517,
2021-09-13,18.639999,4.34795096,3.54,4.38,0.7576772,1.195,27.48883634,8.97946675,3.685,,28.0,3.4699744,2.44,14.34,8.93210966,3.93,1.8666648,8.08666306,3.38573101,4.16,13.87500019,0.224,75.0,4.9,9.1,1.95,1.17,1.10602672,7.4,1.104277,
2021-09-14,18.700001,4.38420906,3.55,4.5,0.76876516,1.209,27.6640766,9.07610008,3.7,,27.6,3.4699744,2.46,14.41,9.14864565,3.95,1.88999811,8.21332967,3.35144512,4.12,13.98750019,0.233,75.059998,4.97,9.19,2.015,1.205,1.10221283,7.5,1.093805,
2021-09-15,18.6,4.42651018,3.63,4.41,0.76506918,1.212,27.24108029,9.22476676,3.7,,26.549999,3.43835732,2.59,14.5,8.93210966,4.01,1.8666648,8.27332964,3.25715894,4.128,13.87500019,0.261,75.25,4.86,8.99,2.032,1.18,1.10602672,7.63,1.093805,
2021-09-16,18.4,4.32075738,3.5,4.46,0.76506918,1.203,26.76973772,9.25450009,3.71,,26.549999,3.40674024,2.6,14.5,8.93752306,4.06,1.8666648,8.35332961,3.13715835,4.328,13.72499943,0.262,70.610001,4.85,9.04,2.022,1.185,1.10602672,7.45,1.104277,
2021-09-19,18.4,4.19989703,3.5,4.21,0.74658924,1.186,26.40716911,8.99433342,3.705,,25.6,3.26446339,2.5,14.5,8.12551309,4.05,1.83666483,8.23332966,3.09430099,4.408,12.86250017,0.248,70.610001,4.77,8.91,1.96,1.17,1.07551563,7.45,1.101421,15.85908687
2021-09-20,19.299999,4.01860652,3.41,4.5,0.71332537,1.163,26.44946831,8.92743341,3.625,,24.5,3.09056945,2.47,14.14,7.8602565,3.95,1.7333316,7.99999643,2.92287158,4.288,12.00000016,0.248,70.5,4.66,8.63,1.93,1.16,1.06407398,7.3,1.072862,15.6325292
2021-09-21,18.9,3.81012242,3.16,4.3,0.66897353,1.11,25.97812876,8.69700007,3.56,,23.02,3.00362249,2.42,13.8,7.7411617,3.95,1.6333317,7.80666319,2.80287098,4.224,11.35500015,0.246,69.010002,4.5,8.4,1.8,1.055,1.04881844,7.0,1.056679,15.7684638
2021-09-22,19.360001,3.92796126,3.2,4.25,0.68006149,1.126,25.92374328,8.92000008,3.565,,23.719999,3.12218653,2.41,14.0,7.9035637,4.05,1.666665,7.99999643,2.87144275,4.2,11.82000016,0.248,71.129997,4.62,8.61,1.91,1.075,1.05263232,7.08,1.066199,15.87721225
2021-09-23,19.559999,3.94004729,3.28,4.3,0.69854142,1.14,25.99625604,8.92743341,3.61,,24.68,3.10637799,2.43,14.01,7.9306307,4.14,1.68666498,8.10666305,2.90572863,4.36,12.18750016,0.248,71.129997,4.75,8.7,1.98,1.15,1.00234786,7.15,1.066199,16.0856455
2021-09-26,19.540001,4.68635993,3.46,4.46,0.71073818,1.148,25.98417038,9.08353342,3.625,,25.450001,3.11428226,2.41,14.2,8.01183169,4.11,1.69666497,8.12666304,2.86287128,4.4,12.45000017,0.256,71.260002,4.88,8.8,1.98,1.15,1.02715845,7.22,1.070958,16.11283261
2021-09-27,19.4,4.62290825,3.4,4.31,0.68745346,1.123,25.68202886,9.06866675,3.6,,23.610001,3.08266518,2.37,14.0,7.53003911,4.1,1.66333167,7.99999643,2.83715687,4.32,12.00000016,0.26,70.510002,4.82,8.7,1.92,1.165,1.02219634,7.23,1.085238,16.22158106
2021-09-28,19.15,4.53226299,3.36,4.02,0.6771047,1.111,25.77267253,9.06866675,3.45,,23.32,2.97990968,2.38,13.91,7.26478252,4.12,1.6333317,7.93999646,2.74287069,4.296,11.81250016,0.255,71.0,4.7,8.55,1.89,1.135,1.00234786,7.2,1.085238,16.13095704
2021-09-29,19.9,4.44161773,3.36,4.09,0.67266952,1.11,25.37988735,8.95716675,3.5,,23.6,2.92457979,2.38,14.01,7.30808972,4.27,1.61999838,7.94666312,2.66572745,4.296,11.64750016,0.256,70.599998,4.52,8.55,1.9,1.15,1.00234786,7.2,1.085238,15.85908687
2021-09-30,19.6,4.44463924,3.58,4.06,0.67451751,1.12,24.78164594,8.86053341,3.5,,24.0,2.97990968,2.35,13.81,7.51921231,4.24,1.62333171,7.99332977,2.75144216,4.344,11.89500016,0.256,71.099998,4.75,8.57,1.9,1.15,1.01723422,7.25,1.085238,15.86814956
2021-10-03,19.879999,4.42953169,3.73,3.91,0.67377831,1.141,25.13817293,8.86796675,3.45,,24.049999,2.99571822,2.4,13.6,7.47590511,4.18,1.61666505,7.83332984,2.74287069,4.304,12.15000091,0.249,73.5,4.85,8.6,1.9,1.225,1.0122721,7.22,1.094757,16.04939666
2021-10-04,19.9,4.3962951,3.7,3.9,0.67451751,1.136,25.19860304,8.88283341,3.45,,24.0,2.88505844,2.4,13.7,7.44342471,4.08,1.61666505,7.79332986,2.72572775,4.32,12.00000016,0.248,72.0,4.68,8.53,1.89,1.225,0.98746151,7.21,1.094757,16.13095704
2021-10-05,19.9,4.38420906,3.8,3.93,0.66564714,1.13,25.14421757,8.89026675,3.43,,23.559999,2.92457979,2.38,13.55,7.47049171,4.01,1.61999838,7.73332989,2.73429922,4.416,11.44500015,0.245,72.07,4.7,8.57,1.9,1.265,0.98746151,7.28,1.099517,15.9134611
2021-10-06,19.85,4.38420906,3.86,3.73,0.66527754,1.12,25.37988735,8.84566674,3.435,,23.52,2.97200541,2.36,13.1,8.00641829,4.02,1.5999984,7.79332986,2.74287069,4.376,11.43750015,0.245,72.0,4.63,8.55,1.917,1.35,0.97753727,7.2,1.109037,16.17626953
2021-10-10,19.799999,4.41140264,3.89,3.54,0.66564714,1.143,25.98417038,8.99433342,3.435,,23.540001,2.98781395,2.33,13.11,8.01183169,3.95,1.61666505,7.79999652,2.75144216,4.344,11.58000015,0.244,72.900002,4.77,8.5,1.9,1.325,0.9576888,7.21,1.115701,16.31220413
2021-10-11,19.77,4.45068225,4.0,3.47,0.66786473,1.16,26.47364024,8.99433342,3.435,,23.77,2.97990968,2.34,13.0,8.17423369,4.0,1.62333171,7.82666318,2.74287069,4.4,11.46000015,0.245,72.0,4.7,8.53,1.9,1.305,0.95868122,7.17,1.170914,17.0371906
2021-10-12,19.75,4.65312333,3.89,3.43,0.66897353,1.16,26.6851387,8.99433342,3.455,,25.360001,2.90086698,2.33,13.16,8.25543468,4.01,1.61666505,7.89332981,2.75144216,4.44,11.64750016,0.263,72.900002,4.72,8.55,1.9,1.285,0.96265092,7.16,1.175674,16.95563022
2021-10-13,19.790001,4.65312333,3.9,3.33,0.64716721,1.161,26.73952417,8.96460008,3.48,,25.83,2.79811147,2.31,13.3,8.30956868,4.0,1.59666507,7.99332977,2.76001363,4.48,11.40000015,0.262,71.010002,4.63,8.55,1.9,1.255,0.94776456,7.1,1.195666,16.94656753
2021-10-14,20.200001,4.70146747,4.07,3.2,0.64051444,1.165,26.75765206,8.96460008,3.5,,27.34,2.81392001,2.3,13.49,8.66143967,3.98,1.59333174,8.05332974,2.72572775,4.424,11.21250015,0.26,70.0,4.55,8.45,1.89,1.235,0.92295397,7.05,1.215657,17.23656212
2021-10-17,20.65,4.80117726,4.06,3.23,0.63940564,1.18,27.79701948,8.92000008,3.55,,27.02,2.86134563,2.31,13.36,8.66685307,4.0,1.59333174,8.0799964,2.71715628,4.424,11.30250015,0.256,70.010002,4.69,8.3,1.905,1.26,0.93287821,7.09,1.251831,17.98873665
2021-10-18,19.889999,4.84045687,3.96,3.45,0.64531922,1.247,28.40130251,8.84566674,3.515,,27.5,2.94038833,2.31,13.44,8.98624366,4.1,1.60333173,8.21332967,2.81144246,4.48,11.37000015,0.259,71.0,4.79,8.36,1.91,1.3,0.93337442,7.11,1.256591,18.16998279
2021-10-19,19.66,3.98839143,3.98,3.35,0.64531922,1.221,28.4617296,8.88283341,3.5,4.97066194,28.799999,2.89296271,2.36,13.55,8.80218806,4.2,1.59333174,8.20666301,2.8285854,4.504,9.52500013,0.248,72.0,4.9,8.36,1.967,1.205,0.92295397,7.3,1.256591,18.29685566
2021-10-20,19.4,4.38118755,3.9,3.25,0.55846354,1.13,28.49194617,8.85310008,3.45,7.456,26.620001,2.79811147,2.29,13.4,8.63978607,4.16,1.5333318,8.09999639,2.5628698,4.6,8.25750011,0.241,71.300003,4.7,8.26,1.928,1.06,0.81874949,7.25,1.290862,18.80434619
2021-10-24,19.700001,4.5020479,4.05,3.46,0.61057695,1.218,28.39526089,8.77133341,3.465,11.2,27.07,2.88505844,2.31,13.74,8.07137909,4.18,1.5333318,8.16666303,2.7085848,4.64,9.66000013,0.252,72.129997,5.0,8.4,1.94,1.185,0.89070021,7.15,1.299429,18.94028175
2021-10-25,21.620001,4.45974678,3.91,3.35,0.58950982,1.152,28.40130251,8.62266674,3.45,11.2,26.5,2.92457979,2.32,13.6,7.51379891,4.2,1.48333185,8.13332971,2.58858421,4.728,9.07500012,0.238,72.150002,5.23,8.31,1.92,1.12,0.89318126,7.23,1.300381,18.59591294
2021-10-26,21.99,4.41140264,3.99,3.47,0.54700598,1.19,29.24729996,8.62266674,3.475,11.09333333,26.5,2.92457979,2.26,13.71,7.58958651,4.26,1.45333188,8.21332967,2.64001304,4.76,8.77500012,0.238,73.0,5.3,8.25,1.94,1.14,0.8693631,7.26,1.288958,19.03090482
2021-10-27,21.41,4.07903669,4.08,3.47,0.54700598,1.2,29.30772706,8.52603342,3.475,11.2,24.52,2.88505844,2.27,13.55,7.95769769,4.1,1.45333188,8.1533297,2.57144127,4.88,8.24250011,0.228,72.099998,5.2,8.1,1.9,1.145,0.80386314,7.22,1.28515,18.85872042
2021-10-28,21.01,4.35097247,4.09,3.53,0.55957233,1.211,30.2141516,8.39966675,3.495,11.37066667,25.209999,2.90877125,2.29,13.52,8.09303269,4.13,1.4666652,8.23332966,2.57144127,4.768,9.00750012,0.23,72.959999,5.25,8.07,1.9,1.155,0.81874949,7.22,1.304189,19.03090482
2021-10-31,19.6,4.34492945,4.05,3.56,0.57287789,1.208,30.23227949,8.47400008,3.495,11.30666667,24.57,2.71116451,2.28,13.26,7.8007091,4.15,1.46333187,8.20666301,2.74287069,4.68,9.00750012,0.232,72.800003,5.32,8.1,1.901,1.205,0.86043128,7.36,1.303237,18.35122989
2021-11-01,19.65,4.35399398,4.15,3.52,0.58655303,1.227,30.81843464,8.54090008,3.495,11.36533333,24.93,2.61631327,2.39,13.4,7.8494297,4.12,1.46333187,8.25332965,2.74287069,4.76,9.48750013,0.233,72.099998,5.33,8.18,1.89,1.33,0.87829491,7.5,1.304189,18.75903466
2021-11-02,19.549999,4.23313363,4.25,3.63,0.59394501,1.3,31.42271767,8.54833342,3.53,11.46666667,25.290001,2.608409,2.46,13.67,7.7249215,4.14,1.4666652,8.53332953,2.69144186,5.056,9.48750013,0.246,72.150002,5.37,8.23,1.901,1.4,0.89615854,7.55,1.304189,19.03090482
2021-11-03,19.1,4.15759591,4.25,3.62,0.57768267,1.264,32.0270007,8.58550007,3.6,11.328,25.0,2.57679192,2.48,13.76,7.47049171,4.47,1.3666653,8.50666287,2.68287039,5.088,9.75000013,0.242,71.0,5.28,8.29,1.913,1.325,0.90856383,7.55,1.304189,17.76217802
2021-11-04,19.01,4.03371406,4.12,3.7,0.56178993,1.25,31.73090081,8.55576674,3.54,11.25333333,24.639999,2.53727057,2.45,13.6,7.66537411,4.3,1.35333198,8.57332951,2.66572745,5.0,9.46500013,0.241,70.5,5.27,8.18,1.89,1.325,0.92543503,7.51,1.29467,18.16998279
2021-11-07,19.0,3.96724087,4.23,3.64,0.56178993,1.255,31.5496165,8.58550007,3.6,11.28,23.6,2.0867272,2.48,13.67,7.7249215,4.18,1.38333195,8.56666285,2.69144186,4.96,9.60000013,0.239,70.559998,5.4,8.2,1.88,1.38,0.94181002,7.51,1.291814,18.12467126
2021-11-08,19.4,4.07903669,3.96,3.7,0.5691819,1.25,31.31999076,8.63010007,3.61,11.30666667,23.1,2.52146203,2.58,13.7,7.68702771,4.08,1.38666528,8.55999618,2.80287098,4.92,9.71250013,0.24,70.830002,5.35,8.29,1.872,1.365,0.98746151,7.54,1.29467,18.21529433
2021-11-09,19.25,4.18478949,3.91,3.7,0.57029069,1.256,31.44084555,8.63010007,3.61,11.28533333,23.299999,2.66373889,2.53,13.7,7.68702771,3.96,1.35666531,8.54666286,2.85429981,5.048,10.05000013,0.239,70.0,5.39,8.31,1.85,1.375,1.01723422,7.5,1.304189,18.56872583
2021-11-10,19.02,4.04277858,3.65,3.55,0.55994193,1.22,31.72485918,8.69700007,3.6,10.41066667,23.1,2.37918518,2.49,13.67,7.47049171,3.89,1.32333201,8.36666294,2.76001363,5.08,9.37500013,0.228,68.190002,5.31,8.17,1.813,1.265,1.01723422,7.35,1.323229,18.66841159
2021-11-11,19.110001,4.13946686,3.8,3.61,0.56215952,1.224,31.87592994,8.73416674,3.605,10.45333333,23.75,2.608409,2.52,13.83,7.57875971,3.87,1.3666653,8.4466629,2.78572804,5.12,9.75000013,0.23,69.290001,5.33,8.25,1.825,1.335,1.02715845,7.54,1.324181,18.66841159
2021-11-14,19.370001,4.17270346,3.84,3.8,0.57324748,1.23,31.54357488,8.69700007,3.66,9.76,23.07,2.608409,2.45,14.25,7.52462571,3.8,1.42666524,8.47999622,2.86287128,5.096,9.93750013,0.244,70.029999,5.45,8.25,1.816,1.315,1.05196904,7.6,1.334652,18.84059599
2021-11-15,19.92,4.19083251,3.76,3.92,0.5691819,1.201,31.72485918,8.69700007,3.65,9.17333333,23.01,2.5293663,2.49,14.14,7.17816812,3.8,1.3999986,8.57999617,2.88001422,5.08,10.05750013,0.239,70.199997,5.36,8.4,1.75,1.28,1.08174175,7.4,1.357499,18.75903466
2021-11-16,19.799999,4.13946686,3.64,3.8,0.54885397,1.171,31.81550285,8.74903341,3.66,8.66666667,21.23,2.50565349,2.47,14.0,6.71802914,3.75,1.34999865,8.49999621,2.84572834,4.96,9.58500013,0.223,69.32,5.36,8.5,1.702,1.21,1.11151446,7.26,1.361307,18.62310005
2021-11-17,19.559999,4.09716574,3.67,3.88,0.54330999,1.141,31.84571639,8.72673341,3.65,9.04,21.0,2.49774923,2.49,14.1,6.76674974,3.66,1.34999865,8.36666294,2.87144275,4.848,9.37500013,0.222,69.25,5.42,8.5,1.699,1.21,1.02219634,7.33,1.366067,19.0127804
2021-11-18,19.6,4.10320876,3.65,3.91,0.53370043,1.143,31.11453453,8.77133341,3.65,9.56266667,21.01,2.51355776,2.49,14.3,6.76674974,3.7,1.3666653,8.40666292,2.89715716,5.088,9.62250013,0.224,69.300003,5.43,8.520001,1.7,1.2,1.02715845,7.31,1.370827,19.03996751
2021-11-21,19.049999,4.0488216,3.51,3.8,0.49156619,1.11,31.14474808,8.83823341,3.65,9.62666667,20.110001,2.51355776,2.41,14.3,6.76674974,3.6,1.35999864,8.42666291,2.87144275,5.04,9.09750012,0.202,68.75,5.4,8.5,1.69,1.18,1.0122721,7.35,1.370827,19.13965327
2021-11-22,19.200001,4.07903669,3.52,3.81,0.47123826,1.112,31.12057615,8.86053341,3.66,9.76533333,20.200001,2.4266108,2.41,14.3,6.68554874,3.57,1.333332,8.05999641,2.84572834,5.04,9.00000012,0.2,68.5,5.4,8.45,1.65,1.21,1.0122721,7.2,1.352739,19.03090482
2021-11-23,19.0,4.11227328,3.65,3.8,0.49711016,1.132,31.42271767,8.81593341,3.75,10.03733333,21.5,2.50565349,2.5,14.3,6.51231995,3.65,1.35999864,8.53332953,2.90572863,5.12,9.27000012,0.21,68.519997,5.48,8.4,1.7,1.21,1.08174175,7.49,1.347028,18.71372312
2021-11-24,19.01,4.13946686,3.68,3.8,0.49674057,1.137,31.12057615,8.82336674,3.8,9.92,21.5,2.46613215,2.48,14.3,6.53397355,3.69,1.38333195,8.6666628,2.88001422,5.312,9.30000012,0.21,69.099998,5.48,8.43,1.756,1.23,1.04204481,7.55,1.293718,18.75903466
2021-11-25,19.08,4.32982191,3.68,3.8,0.49858856,1.149,30.86677849,8.86053341,3.78,9.92,21.6,2.5293663,2.5,14.5,6.52856015,3.81,1.3999986,9.16666258,2.94858599,5.4,9.33000012,0.213,69.099998,5.63,8.46,1.777,1.25,1.04700693,7.6,1.315613,18.89497021
2021-11-28,18.5,4.11227328,3.33,3.65,0.48121742,1.115,30.72779097,8.73416674,3.65,9.33333333,20.0,2.45032361,2.5,14.0,6.25247676,3.7,1.44999855,8.99999599,2.93144305,5.248,9.15000012,0.212,68.0,5.4,8.25,1.735,1.205,1.04204481,7.7,1.277534,18.89497021
2021-11-29,18.700001,4.30564984,3.36,3.7,0.49932776,1.13,30.58276486,7.80500008,3.675,9.65333333,20.51,2.48984496,2.55,14.32,6.45277255,3.88,1.5333318,9.06666262,2.90572863,5.392,9.49500013,0.219,68.510002,5.46,8.31,1.751,1.215,1.11647658,7.91,1.28991,18.89497021
2021-11-30,18.5,4.29054229,3.4,3.82,0.50413254,1.135,30.33500881,7.95366673,3.75,9.664,20.75,2.51355776,2.58,14.3,6.55021375,3.85,1.51999848,9.1266626,2.93144305,5.28,9.97500013,0.218,68.599998,5.51,8.37,1.749,1.205,1.11647658,7.98,1.300381,18.47810276
2021-12-01,18.65,4.47183281,3.45,3.9,0.53111324,1.16,30.65527822,8.17666674,3.78,9.6,21.0,2.54517484,2.59,14.15,6.81005694,3.85,1.6333317,9.43999579,3.02572923,5.28,9.97500013,0.22,68.599998,5.57,8.47,1.772,1.205,1.09166599,8.05,1.304189,18.57778852
2021-12-02,18.75,4.41442415,3.45,3.81,0.55070197,1.172,30.57672021,8.28816674,3.9,9.52,21.0,2.61631327,2.56,14.55,6.59893435,3.98,1.68666498,9.35332916,3.08572952,5.312,9.75750013,0.221,69.779999,5.55,8.5,1.782,1.225,1.14624929,8.020001,1.28991,18.57778852
2021-12-05,18.67,4.3630585,3.43,3.91,0.55439795,1.177,30.69757743,8.25100008,3.975,9.49866667,20.799999,2.65583462,2.58,14.75,6.62058795,3.95,1.666665,9.39999581,3.08572952,5.52,9.76500013,0.226,70.5,5.55,8.5,1.789,1.225,1.19587047,8.01,1.293718,18.44185296
2021-12-06,18.690001,4.47485432,3.43,3.93,0.56400752,1.17,30.81843464,8.24356674,4.05,9.49333333,20.620001,2.70326024,2.65,14.88,6.32285096,3.99,1.8666648,9.53332908,3.10287247,5.36,9.84750013,0.232,70.879997,5.6,8.44,1.82,1.22,1.24052953,8.25,1.291814,18.12467126
2021-12-07,17.9,4.5352845,3.45,3.8,0.54811478,1.175,30.87886173,8.34020008,4.05,9.33866667,20.0,2.6874517,2.67,15.0,6.29037056,4.32,2.07333126,9.5666624,3.09430099,5.44,9.53250013,0.238,71.5,5.75,8.36,1.841,1.175,1.14128717,8.43,1.287054,18.54153872
2021-12-08,18.15,4.72261803,3.5,3.67,0.53370043,1.167,30.96950539,7.95366673,4.085,8.85333333,19.620001,2.6874517,2.66,15.04,5.49460079,4.53,1.94333139,9.53999575,3.06858658,5.36,9.39000013,0.236,71.849998,5.5,8.39,1.82,1.125,1.16609776,8.4,1.277534,18.57778852
2021-12-09,18.43,4.65614484,3.59,3.7,0.52852605,1.175,31.0722323,8.02800007,4.05,9.01333333,20.0,2.70326024,2.6,15.56,5.74361718,4.6,1.94666472,9.54666241,3.04287217,5.464,9.42000013,0.231,72.0,5.47,8.44,1.811,1.13,1.19090835,8.44,1.28039,18.89497021
2021-12-12,19.809999,4.71355351,3.69,3.7,0.53850521,1.18,31.0722323,8.02056674,4.0100005,9.06666667,19.309999,2.80601574,2.7,15.84,5.88436557,4.77,2.0999979,9.53999575,3.10287247,5.36,9.49500013,0.235,72.019997,5.7,8.46,1.79,1.145,1.21075682,8.53,1.279438,19.00371771
2021-12-13,20.5,4.69240295,3.62,3.81,0.53961401,1.211,31.84571639,8.0131334,4.0,9.12,19.6,2.76649439,2.72,15.91,6.19292936,4.74,2.0999979,9.79999563,3.17144423,5.52,9.53250013,0.235,74.790001,5.76,8.43,1.815,1.14,1.21571894,8.79,1.283246,18.59591294
2021-12-14,19.799999,4.62290825,3.59,3.97,0.53222204,1.204,31.48918941,7.9685334,4.0,9.25866667,19.0,2.73487732,2.8,15.83,6.00887377,4.77,2.0999979,9.80666229,3.15430129,5.44,9.60000013,0.232,75.050003,5.73,8.4,1.81,1.155,1.21571894,8.62,1.279438,18.79528446
2021-12-15,19.700001,4.62290825,3.56,4.02,0.53074364,1.192,31.36229057,8.00570007,4.0,9.23733333,19.0,2.71116451,2.86,15.81,6.02511397,4.71,2.16333117,9.76666231,3.15430129,5.504,9.57000013,0.235,75.699997,5.8,8.270001,1.815,1.155,1.25541589,8.62,1.282294,18.80434619
2021-12-16,20.110001,4.68031691,3.57,4.05,0.53296123,1.2,30.93929185,7.9908334,4.0,9.33333333,19.91,2.82182428,2.94,15.9,6.14420876,4.75,2.17666449,9.81332896,3.26573041,5.528,9.63750013,0.241,76.150002,5.85,8.2,1.85,1.17,1.28022648,8.770001,1.282294,18.80434619
2021-12-19,19.75,4.61686523,3.61,4.13,0.53517882,1.22,30.51629312,7.9908334,4.1,9.44,19.799999,2.85344136,2.91,15.9,6.32285096,4.73,2.24666442,9.86666227,3.24858747,5.552,9.55500013,0.236,76.0,5.36,8.28,1.912,1.185,1.30999919,8.5,1.281342,18.57778852
2021-12-20,19.59,4.50809092,3.4,4.15,0.52963484,1.2,30.48607957,7.95366673,4.0,9.36533333,20.59,2.80601574,2.9,15.85,6.26330356,4.74,2.12999787,9.81332896,3.240016,5.56,9.32250012,0.229,74.25,5.42,8.15,1.871,1.175,1.28022648,8.5,1.264207,18.57778852
2021-12-21,19.700001,4.51111243,3.41,4.21,0.53628762,1.209,30.51629312,7.96110007,4.02,9.49866667,20.799999,2.80601574,2.9,15.9,6.38781175,4.76,2.25999774,9.83332895,3.30858777,5.6,9.47250013,0.233,74.019997,5.5,8.22,1.889,1.16,1.29511283,8.72,1.256591,18.76809734
2021-12-22,20.190001,4.52924148,3.41,4.15,0.53924441,1.213,30.51629312,7.91650007,4.045,9.76,20.799999,2.88505844,2.94,16.0,6.48525295,4.7,2.25333108,9.74666232,3.33430218,5.64,9.82500013,0.233,75.0,5.65,8.3,1.9,1.175,1.31992342,8.84,1.251831,17.68061669
2021-12-23,20.0,4.56852109,3.48,4.2,0.5418316,1.236,30.72779097,7.91650007,4.05,10.29333333,21.5,2.94038833,2.97,16.459999,6.73426934,4.76,2.37999762,9.79999563,3.38573101,5.68,9.82500013,0.233,75.0,5.55,8.46,1.923,1.18,1.31496131,8.86,1.272775,17.78936513
2021-12-26,20.0,4.76189765,3.51,4.2,0.54774518,1.235,31.18100325,7.93136673,4.05,10.29333333,21.1,2.9482926,2.98,16.52,6.89667134,4.93,2.38333095,9.87332893,3.38573101,5.704,9.90000013,0.235,75.0,5.75,8.4,1.951,1.17,1.29015072,8.8,1.256591,17.80748956
2021-12-27,20.1,4.72866105,3.53,4.2,0.55920274,1.21,31.57378843,7.73066674,4.155,10.36266667,21.139999,2.95619687,2.96,16.450001,6.92915173,4.88,2.35999764,9.81332896,3.38573101,5.848,9.63750013,0.235,75.080002,5.9,8.42,1.945,1.17,1.24052953,8.81,1.256591,17.76217802
2021-12-28,20.35,4.70146747,3.55,4.23,0.55550675,1.19,31.72485918,7.68606674,4.145,10.45333333,21.139999,2.97200541,2.94,16.51,6.95621873,4.88,2.24666442,9.77999564,3.38573101,5.92,9.63750013,0.234,75.650002,5.76,8.55,1.937,1.15,1.19090835,8.8,1.247072,18.0249855
2021-12-29,21.219999,4.79211273,3.63,4.25,0.56474672,1.195,31.90614349,7.8347334,4.115,10.42133333,20.82,3.08266518,2.97,16.610001,7.06448673,4.95,2.18666448,9.77332898,3.40287395,6.0,9.69000013,0.234,75.599998,5.76,8.6,1.965,1.175,1.18594623,8.9,1.242312,17.7078038
2021-12-30,20.92,4.70751049,3.62,4.3,0.57176909,1.199,31.66443209,7.8347334,4.11,10.56,21.01,3.0510481,2.94,16.629999,6.92915173,4.93,2.1666645,9.74666232,3.38573101,6.08,9.70500013,0.233,75.150002,5.76,8.6,1.95,1.17,1.19090835,8.86,1.242312,17.80748956
2022-01-02,20.700001,4.74376859,3.63,4.4,0.57324748,1.204,32.02095908,7.8793334,4.125,10.56,21.27,3.06685664,2.94,16.01,6.77757654,4.95,2.22999777,9.79999563,3.40287395,5.96,9.68250013,0.233,75.599998,5.8,8.58,1.95,1.19,1.18098412,8.95,1.247072,17.68967938
2022-01-03,20.709999,4.74376859,3.7,4.35,0.57324748,1.206,31.85175802,7.9016334,4.155,10.528,22.5,3.08266518,2.95,16.610001,6.73968274,4.9,2.19666447,9.86666227,3.39430248,5.816,9.97500013,0.234,75.0,5.7,8.55,1.928,1.175,1.21075682,8.91,1.256591,17.71686649
2022-01-04,21.23,4.73470407,3.75,4.53,0.57472588,1.212,31.75507273,7.84216673,4.11,10.4,22.76,3.06685664,2.98,16.620001,6.78298994,4.95,2.20666446,9.83332895,3.42858836,5.688,10.86750014,0.237,75.800003,5.66,8.59,1.927,1.195,1.23556742,9.0,1.270871,17.84373841
2022-01-05,21.129999,4.7467901,3.88,4.5,0.57731307,1.257,31.76111677,7.8793334,4.165,10.45866667,22.9,3.07476091,3.01,16.83,6.90208474,4.98,2.25666441,9.85332894,3.42858836,5.696,10.92000015,0.238,77.040001,5.66,8.6,1.94,1.265,1.28022648,9.18,1.327988,18.60497467
2022-01-09,20.9,4.74376859,3.83,4.51,0.59357541,1.253,31.71881756,7.95366673,4.2,10.432,23.5,3.06685664,3.02,16.85,6.93997853,4.95,2.2333311,9.79999563,3.38573101,5.624,10.92000015,0.235,76.110001,5.71,8.61,1.925,1.3,1.24052953,9.11,1.335604,18.30591835
2022-01-10,20.9,4.74376859,3.84,4.41,0.59874979,1.255,31.82154447,8.0354334,4.175,10.45333333,23.549999,3.05895237,3.01,16.85,6.96163213,4.93,2.20333113,9.86666227,3.33430218,5.6,10.74750014,0.234,77.010002,5.71,8.6,1.93,1.355,1.2306053,9.06,1.337508,18.39654142
2022-01-11,21.030001,4.66823088,3.83,4.36,0.59874979,1.236,31.82154447,7.95366673,4.15,10.42666667,23.299999,3.01152676,2.95,17.0,7.02117953,4.74,2.15999784,9.99999554,3.25715894,5.72,10.56000014,0.232,77.010002,5.6,8.55,1.89,1.41,1.22068106,9.0,1.337508,18.39654142
2022-01-12,21.309999,4.63197277,3.87,4.36,0.58766183,1.23,31.93635704,7.95366673,4.125,10.128,23.01,3.0273353,3.0,16.91,6.86419094,4.7,2.11333122,9.99332888,3.17144423,5.72,10.31250014,0.226,77.25,5.7,8.6,1.871,1.375,1.2306053,8.95,1.335604,18.57778852
2022-01-13,21.5,4.56549958,3.99,4.32,0.58211785,1.221,32.26871512,7.91650007,4.1,9.872,23.58,3.09056945,2.95,17.15,6.78298994,4.7,2.07333126,9.84666228,3.16287276,5.616,10.05000013,0.226,77.5,5.6,8.56,1.853,1.335,1.21571894,8.93,1.323229,18.84965773
2022-01-16,20.950001,4.50506941,3.97,4.24,0.55809394,1.19,32.0270007,7.8793334,4.1,9.86666667,22.41,3.05895237,2.92,16.709999,6.50690655,4.65,2.02333131,9.74666232,3.10287247,5.6,9.78750013,0.216,75.510002,5.55,8.56,1.811,1.28,1.15121141,8.75,1.32894,18.89497021
2022-01-17,20.9,4.52017695,4.08,4.13,0.56105073,1.185,32.0270007,7.88676673,4.015,9.92,22.75,3.0510481,2.92,16.700001,6.40405195,4.6,2.05333128,9.66666236,3.17144423,5.552,9.75000013,0.216,75.0,5.51,8.58,1.818,1.29,1.16609776,8.67,1.323229,18.94028175
2022-01-18,21.200001,4.54132751,4.08,4.13,0.56585551,1.203,31.79133092,7.95366673,4.1,9.94666667,23.0,3.08266518,2.94,16.85,6.42570555,4.61,2.08999791,9.60666238,3.19715865,5.6,9.78750013,0.217,75.080002,5.43,8.6,1.826,1.345,1.20579471,8.770001,1.326084,18.76809734
2022-01-19,21.0,4.6078007,3.99,4.15,0.56437712,1.2,31.42271767,7.97596673,4.05,9.64266667,22.6,3.0510481,2.9,16.629999,6.30119736,4.7,2.13999786,9.53332908,3.17144423,5.384,10.10250013,0.22,76.0,5.5,8.55,1.78,1.315,1.176022,8.73,1.327988,18.75903466
2022-01-20,21.1,4.55341355,3.88,4.2,0.55439795,1.2,30.87886173,7.95366673,4.05,9.6,22.799999,3.04314383,2.9,16.59,5.84647178,4.73,2.11666455,9.51999576,3.15430129,5.6,10.21500014,0.221,75.309998,5.51,8.5,1.782,1.285,1.16609776,8.85,1.324181,18.57778852
2022-01-23,21.209999,4.42651018,3.74,4.15,0.54737558,1.184,31.18704789,7.84960006,4.1,9.49333333,22.780001,3.0273353,2.85,16.299999,5.96015317,4.71,2.02333131,9.55332907,3.15430129,5.648,10.20000014,0.215,76.620003,5.43,8.45,1.746,1.235,1.13632505,8.81,1.322277,18.30591835
2022-01-24,21.24,4.37514454,3.67,4.07,0.5410924,1.156,31.24747498,7.86446673,4.0100005,9.49333333,22.700001,2.94038833,2.82,16.209999,5.86271198,4.65,1.99333134,9.53999575,3.17144423,5.624,9.97500013,0.213,72.309998,5.4,8.44,1.73,1.19,1.1214387,8.81,1.300381,18.31498009
2022-01-25,21.17,4.35097247,3.61,4.18,0.5429404,1.165,31.12057615,7.84960006,4.0,9.38666667,22.030001,2.95619687,2.76,16.25,5.73820378,4.67,2.04999795,9.67999568,3.1800157,5.632,9.99000013,0.214,72.599998,5.43,8.39,1.72,1.2,1.11647658,8.6,1.305141,18.16998279
2022-01-26,21.299999,4.42651018,3.63,4.18,0.54552759,1.156,31.12661777,7.73066674,3.97,9.06133333,23.0,2.92457979,2.76,16.200001,5.51084099,4.71,2.0666646,9.71999567,3.16287276,5.6,9.93000013,0.214,72.0,5.16,8.35,1.723,1.19,1.12640082,8.63,1.314661,18.39654142
2022-01-30,21.040001,3.58653078,3.65,4.15,0.54367959,1.14,31.18100325,7.73066674,3.965,9.06666667,23.0,2.89296271,2.8,16.200001,5.37009259,4.66,2.05333128,9.64666237,3.19715865,5.448,9.81000013,0.223,71.010002,5.2,8.36,1.692,1.215,1.10159023,8.520001,1.327988,18.49622718
2022-01-31,20.9,3.62581039,3.65,4.2,0.53591802,1.141,31.02389087,7.70093341,3.975,9.06666667,22.809999,2.86134563,2.8,16.299999,5.0885958,4.6,2.0333313,9.59999572,3.1800157,5.6,9.81000013,0.223,71.199997,5.25,8.36,1.694,1.215,1.11151446,8.520001,1.315613,18.57778852
2022-02-01,21.1,3.77990733,3.78,4.24,0.54996277,1.205,31.02389087,7.72323341,4.0,9.312,24.120001,2.95619687,2.85,16.75,5.3430256,4.81,2.09333124,9.77332898,3.21430159,5.6,10.06500013,0.225,71.75,5.31,8.4,1.739,1.235,1.13136293,9.0,1.321325,18.57778852
2022-02-02,20.940001,3.89774617,3.84,4.25,0.55994193,1.267,31.24143336,7.8793334,4.0,9.504,24.209999,2.99571822,2.85,16.799999,5.321372,4.96,2.13666453,9.93999557,3.23144453,5.32,10.06500013,0.229,72.860001,5.58,8.47,1.8,1.22,1.15121141,9.01,1.321325,18.66841159
2022-02-03,20.870001,3.98839143,3.77,4.32,0.56031153,1.305,31.03597713,7.86446673,3.975,9.344,23.530001,2.97990968,2.92,16.85,5.60828218,5.3,2.14999785,10.06666218,3.26573041,5.52,9.99750013,0.23,73.25,5.5,8.63,1.781,1.205,1.15121141,8.88,1.318469,18.75903466
2022-02-06,20.83,3.98839143,3.8,4.32,0.55476755,1.343,31.15683374,7.8570334,3.95,9.22666667,23.549999,3.00362249,2.93,16.799999,5.49460079,5.4,2.14333119,10.0999955,3.28287335,5.52,10.05750013,0.228,73.25,5.53,8.56,1.78,1.195,1.16609776,8.94,1.321325,18.58685025
2022-02-07,20.530001,4.02162802,3.82,4.5,0.55809394,1.42,30.51629312,7.8124334,3.97,9.28533333,23.43,2.99571822,2.97,16.82,5.2293442,5.35,2.1333312,10.21332878,3.1800157,5.4,10.21500014,0.228,73.25,5.4,8.57,1.772,1.185,1.16609776,8.91,1.313709,18.57778852
2022-02-08,20.6,4.06997216,3.77,4.5,0.55624595,1.428,30.61297841,7.82730006,3.925,9.632,23.690001,2.97990968,2.95,16.99,5.1156628,5.38,2.11999788,10.26666209,3.1800157,5.368,10.29750014,0.229,73.5,5.42,8.520001,1.786,1.175,1.17105988,8.94,1.313709,18.58685025
2022-02-09,20.5,4.07299367,3.78,4.4,0.56178993,1.43,30.6915358,7.77526674,3.985,9.664,23.799999,2.97200541,2.95,17.030001,4.89371341,5.55,2.12666454,10.49332865,3.1800157,5.36,10.29000014,0.235,73.0,5.46,8.53,1.82,1.18,1.19090835,9.0,1.315613,18.61403736
2022-02-10,20.51,4.06392915,3.64,4.4,0.56178993,1.383,30.61902003,7.76783341,3.985,9.49333333,23.6,2.93248406,2.97,17.5,4.76379182,5.57,2.06999793,11.46666222,3.17144423,5.352,10.22250014,0.232,72.5,5.51,8.4,1.755,1.15,1.1214387,9.45,1.319421,18.79528446
2022-02-13,20.25,4.10925177,3.61,4.35,0.52113408,1.362,30.39543591,7.79013341,3.875,9.28533333,22.5,2.80601574,2.9,17.17,4.65011042,5.59,1.99333134,11.79999541,3.04287217,5.12,9.00000012,0.219,71.5,5.4,8.2,1.695,1.075,1.07181752,9.36,1.32894,18.57778852
2022-02-14,20.450001,4.0820582,3.57,4.35,0.48491341,1.385,29.91805171,7.73066674,3.9,9.44,22.0,2.74278159,2.8,17.02,4.58514962,5.57,1.94999805,11.7333281,2.95715746,5.12,8.85750012,0.216,71.900002,5.15,8.1,1.66,1.075,1.07181752,9.45,1.313709,18.84965773
2022-02-15,20.5,4.13946686,3.67,4.4,0.50080615,1.437,30.36522236,7.80500008,3.9,9.47733333,22.24,2.78230293,2.85,17.1,4.82333921,5.64,1.94999805,11.99999465,3.06858658,4.872,9.27000012,0.22,72.010002,5.1,8.2,1.669,1.1,1.09166599,9.5,1.318469,19.03090482
2022-02-16,20.85,4.14853139,3.7,4.44,0.50561093,1.506,30.81843464,7.80500008,3.91,9.48266667,22.870001,2.77439866,2.86,17.4,4.93702061,5.66,1.97666469,12.07999528,3.04287217,5.056,9.38250013,0.221,72.010002,5.15,8.24,1.678,1.1,1.07181752,9.6,1.324181,19.00371771
2022-02-17,21.0,4.1545744,3.66,4.44,0.50524133,1.496,30.64319195,7.76783341,3.93,9.392,22.959999,2.76649439,2.85,17.74,4.90454021,5.69,1.96999803,11.97999399,3.00858629,5.104,9.73500013,0.22,72.010002,5.08,8.35,1.695,1.105,1.07181752,9.57,1.323229,19.00371771
2022-02-20,20.6,4.07903669,3.63,4.35,0.49193578,1.444,30.51629312,7.73066674,3.9,9.45066667,22.51,2.71116451,2.71,17.6,4.87205981,5.5,1.85999814,11.8799947,3.04287217,5.088,9.67500013,0.214,72.010002,5.06,8.25,1.602,1.055,1.06189328,9.32,1.315613,19.00371771
2022-02-21,20.700001,4.12435932,3.62,4.38,0.49341418,1.408,30.36522236,7.73810008,3.9,9.41333333,22.07,2.6874517,2.7,17.5,4.84499281,5.4,1.82666484,11.83999472,3.02572923,4.88,9.90000013,0.213,72.0,4.93,8.2,1.616,1.06,1.03212057,9.34,1.315613,18.58685025
2022-02-22,20.4,4.0820582,3.52,4.42,0.47678224,1.382,30.2141516,7.73810008,3.855,9.33333333,22.01,2.65583462,2.6,17.57,4.94784741,5.28,1.78999821,11.75332743,2.89715716,5.0,9.82500013,0.209,71.0,4.8,8.0,1.6,1.035,1.03212057,9.020001,1.315613,18.54153872
2022-02-23,20.6,4.07903669,3.55,4.4,0.48417421,1.428,29.97243718,7.76040008,3.85,9.296,24.629999,2.64793035,2.7,17.549999,4.99115461,5.35,1.81333152,11.86666071,2.89715716,4.864,10.05000013,0.212,70.0,5.01,8.06,1.611,1.06,1.03708269,9.31,1.326084,18.6955987
2022-02-24,19.5,3.89774617,3.4,4.03,0.41025449,1.305,28.00851733,7.62660007,3.725,8.86933333,22.5,2.52146203,2.5,16.5,4.63928362,4.7,1.58666508,11.33332828,2.71715628,4.752,9.03000012,0.19,68.0,4.4,7.77,1.431,0.895,0.94776456,8.5,1.28991,18.12467126
2022-02-27,20.59,3.94609031,3.5,4.3,0.42208164,1.335,28.40130251,7.73066674,3.625,9.17333333,24.34,2.57679192,2.6,17.32,4.84499281,5.37,1.64999835,11.69999412,2.76001363,4.752,9.48000013,0.194,69.209999,4.5,8.13,1.495,0.95,1.03708269,9.2,1.313709,18.99465502
2022-02-28,20.65,4.01860652,3.53,4.17,0.4339088,1.39,28.72157191,7.80500008,3.675,9.33333333,24.879999,2.61631327,2.6,17.35,4.92619381,5.65,1.65333168,11.53332752,2.8285854,4.768,9.37500013,0.199,69.25,4.33,8.15,1.491,0.975,1.05693116,9.2,1.332748,18.84965773
2022-03-01,20.799999,4.03371406,3.55,4.2,0.43723519,1.39,28.82430123,8.06516674,3.7,9.65333333,25.110001,2.62421754,2.63,17.6,5.2239308,5.76,1.65333168,11.56666151,2.83715687,4.824,9.51000013,0.2,69.980003,4.35,8.18,1.507,1.0,1.05693116,9.32,1.334652,18.90403195
2022-03-02,20.67,4.0488216,3.6,4.24,0.44943194,1.408,28.40130251,8.36993341,3.74,9.78666667,25.200001,2.63212181,2.61,18.42,5.1968638,5.73,1.72666494,11.63999414,2.82001393,4.808,9.65250013,0.2,69.199997,4.23,8.15,1.516,1.026,1.08174175,9.28,1.345124,18.94028175
2022-03-03,21.200001,4.05184311,3.7,4.3,0.45312793,1.459,28.31065884,8.5706334,3.735,9.81333333,25.15,2.67164316,2.63,18.85,5.1427298,5.77,1.72333161,11.59999483,2.8285854,4.608,9.67500013,0.204,69.0,4.27,8.15,1.52,1.0205,1.08670387,9.25,1.351787,19.03090482
2022-03-06,21.5,4.05486462,3.86,4.3,0.45091034,1.476,27.70637581,8.6152334,3.7,9.86133333,25.57,2.82182428,2.58,18.530001,5.01280821,5.75,1.6999983,11.5133282,2.73429922,4.624,9.54000013,0.203,68.260002,4.27,8.04,1.52,1.0,1.0668554,8.71,1.362259,18.67747332
2022-03-07,21.299999,4.0488216,3.82,4.01,0.44056157,1.446,25.86331317,8.32533341,3.675,9.86666667,25.85,2.78230293,2.53,18.030001,4.85581961,5.43,1.61666505,11.27332831,2.67429892,4.48,9.00000012,0.199,67.110001,4.11,7.82,1.46,0.975,0.96265092,8.58,1.363211,18.48716449
2022-03-08,21.450001,4.01860652,3.7,4.06,0.42503843,1.4,24.23174838,8.1023334,3.475,9.552,25.030001,2.73487732,2.52,17.4,4.80709902,5.3,1.52999847,11.19332901,2.65715598,4.48,9.01500012,0.196,66.0,4.01,7.75,1.44,0.95,0.94280245,8.55,1.363211,17.94342416
2022-03-09,21.5,4.07903669,3.74,4.13,0.43132161,1.395,24.30426415,8.1023334,3.375,9.33333333,25.9,2.73487732,2.53,17.02,4.81792582,5.26,1.51333182,11.37999493,2.68287039,4.44,9.18750012,0.199,66.010002,4.03,7.76,1.454,0.96,0.95272668,8.4,1.355595,18.47810276
2022-03-10,21.299999,4.0820582,3.78,4.17,0.4331696,1.374,23.80270803,8.13950007,3.35,9.25333333,25.0,2.76649439,2.54,17.1,4.83957941,5.22,1.52666514,11.49999487,2.70001333,4.52,9.34500012,0.197,66.230003,4.03,7.8,1.475,0.96,0.98746151,8.4,1.337508,18.39654142
2022-03-13,21.74,4.10925177,3.77,4.25,0.42614723,1.313,24.76956269,7.8793334,3.375,9.33333333,25.290001,2.80601574,2.53,16.9,4.85581961,5.3,1.52333181,11.53332752,2.72572775,4.392,9.37500013,0.193,66.0,4.08,7.96,1.452,0.9515,0.98249939,8.13,1.319421,18.75903466
2022-03-14,22.5,4.10925177,3.73,3.92,0.42245124,1.29,24.72726046,7.9239334,3.375,9.28,25.42,2.84553709,2.54,16.700001,4.83416601,5.3,1.51333182,11.44666156,2.60572715,4.368,9.36750012,0.192,65.739998,3.94,7.9,1.451,0.9565,0.93784033,7.9,1.323229,18.84965773
2022-03-15,21.969999,4.10925177,3.56,4.0,0.4065585,1.256,24.83603141,7.9239334,3.35,9.25333333,25.049999,2.75068586,2.49,16.559999,4.74213822,5.1,1.47999852,10.9999951,2.51144097,4.392,9.00000012,0.189,64.110001,3.82,7.92,1.433,0.96,0.89318126,7.75,1.308949,18.94028175
2022-03-16,23.799999,4.10925177,3.63,3.9,0.41949445,1.265,24.96897489,7.9685334,3.325,9.28533333,25.1,2.81392001,2.55,16.629999,5.04528861,5.07,1.51999848,11.33332828,2.47715509,4.368,9.15000012,0.191,64.0,3.84,8.0,1.444,0.9745,0.90806762,7.61,1.292766,19.03090482
2022-03-17,24.35,4.1183163,3.72,4.11,0.43058241,1.31,25.71224241,8.17666674,3.275,9.28,24.120001,2.95619687,2.64,16.700001,5.0885958,4.7,1.63999836,11.39999492,2.48572656,4.712,9.69000013,0.199,64.720001,3.71,8.17,1.495,1.004,0.93287821,8.14,1.256591,19.05809193
2022-03-20,24.4,4.10925177,3.73,4.25,0.44499676,1.317,26.10502759,8.25100008,3.3,9.28,24.209999,3.04314383,2.7,16.82,5.1210762,5.0,1.65999834,11.53999419,2.49429803,4.944,9.80250013,0.199,65.0,3.77,8.2,1.525,1.01,0.95570395,8.24,1.303237,19.30277498
2022-03-21,25.0,4.1183163,3.76,4.25,0.45164953,1.323,27.13230935,8.27330008,3.28,9.52,24.549999,3.28027193,2.79,17.059999,5.06152881,5.16,1.69333164,11.72666144,2.55429833,5.184,9.86250013,0.221,66.0,4.1,8.26,1.557,1.025,0.99291984,8.32,1.268967,19.41152248
2022-03-22,25.299999,4.2573057,4.15,4.25,0.46828147,1.365,29.00558554,8.44426675,3.3,9.54666667,25.6,3.311889,2.96,17.0,5.15355714,5.17,1.85666481,11.99999465,2.57144127,5.168,10.09500013,0.224,71.510002,4.07,8.8,1.65,1.065,1.01773043,8.85,1.278486,19.95526281
2022-03-23,25.190001,4.32075738,4.08,4.25,0.46939027,1.356,29.30772706,8.50373342,3.34,9.49333333,25.309999,3.311889,2.9,16.82,5.2780648,5.06,1.8333315,11.99999465,2.5628698,5.4,10.12500014,0.226,72.080002,4.04,8.72,1.612,1.08,0.99490469,8.770001,1.267063,20.48087871
2022-03-24,26.0,4.32982191,4.23,4.3,0.46606388,1.35,29.64008212,8.54833342,3.41,9.68533333,25.709999,3.32769754,2.86,17.09,5.35926579,5.26,1.98666468,12.10666127,2.57144127,5.44,10.20000014,0.232,71.5,4.15,8.89,1.665,1.15,0.96860546,8.67,1.248975,20.29963162
2022-03-27,25.629999,4.23615514,4.19,4.22,0.45201913,1.3,28.41338817,8.67470007,3.75,9.6,24.620001,3.3909317,2.7,17.02,5.2347576,4.24,1.93999806,12.05999462,2.5628698,5.392,9.90000013,0.228,68.25,4.14,8.85,1.621,1.13,0.96761304,8.5,1.239456,20.84337195
2022-03-28,24.780001,4.19989703,4.07,4.01,0.4339088,1.235,28.47381587,8.73416674,3.665,9.54666667,23.299999,3.08266518,2.73,16.950001,5.06152881,4.15,1.88333145,11.73999543,2.42572626,5.464,9.71250013,0.224,69.309998,3.97,8.71,1.592,1.09,0.94776456,8.2,1.24612,19.93713838
2022-03-29,24.75,4.17874647,3.96,4.01,0.4324304,1.231,27.64594872,8.73416674,3.65,9.54666667,20.549999,3.07476091,2.66,16.82,5.0885958,4.0,1.88333145,11.63332881,2.41715479,5.72,9.65250013,0.223,69.25,3.93,8.7,1.57,1.06,0.94280245,8.2,1.242312,19.52933361
2022-03-30,25.0,4.23011212,4.07,4.1,0.43612639,1.268,27.91787669,8.77133341,3.75,9.52,22.01,3.01943103,2.73,17.290001,5.3051318,3.8,1.91999808,11.5133282,2.43429774,5.52,9.38250013,0.226,75.0,4.13,8.71,1.562,1.08,0.92791609,8.2,1.261351,20.07307299
2022-03-31,23.799999,4.16968195,3.88,4.06,0.43501759,1.286,27.43445086,8.77133341,3.575,9.44,21.700001,2.90877125,2.76,17.200001,5.3051318,3.85,1.89666477,11.66666146,2.43429774,5.648,9.25500012,0.217,75.25,4.11,8.8,1.55,1.125,0.93287821,8.25,1.251831,19.39339806
2022-04-03,24.4,4.19083251,3.89,4.2,0.43797438,1.341,27.79701948,8.77876674,3.75,9.34933333,22.17,2.93248406,2.78,17.26,5.3051318,3.99,1.93999806,11.79332874,2.49429803,5.728,9.77250013,0.22,78.050003,4.2,8.76,1.56,1.17,0.94329866,8.32,1.249927,19.6471438
2022-04-04,25.17,4.23011212,3.82,4.15,0.45608472,1.343,28.55841489,8.75646674,3.7,9.39733333,22.4,2.9482926,2.87,17.0,5.1806236,4.16,1.97999802,12.53332708,2.49429803,5.664,9.98250013,0.22,77.599998,4.2,8.86,1.605,1.175,0.98845393,8.65,1.243264,19.93713838
2022-04-05,24.75,4.26939173,3.78,4.1,0.45608472,1.34,28.10520261,8.73416674,3.65,9.41333333,22.059999,2.86134563,2.87,17.15,5.1,4.25,2.04333129,12.52666175,2.45144068,5.664,9.87750013,0.22,76.510002,4.3,8.8,1.621,1.19,0.99242363,8.65,1.19281,19.57464515
2022-04-06,24.639999,4.19989703,3.79,4.1,0.45719351,1.333,27.80910514,8.77133341,3.7,9.41333333,21.719999,2.88505844,2.84,17.0,5.33,4.22,2.01333132,12.9999942,2.45144068,5.44,9.84750013,0.219,75.0,4.31,8.88,1.621,1.175,1.00730998,8.7,1.145211,18.81340888
2022-04-07,24.200001,4.17874647,3.73,4.1,0.44610555,1.395,27.19273644,8.77133341,3.6,9.42933333,21.059999,2.96410114,2.79,16.75,5.0,4.06,1.9666647,12.56666106,2.3571545,5.76,9.75750013,0.214,75.0,4.3,8.85,1.592,1.17,1.0375789,8.66,1.208993,18.85872042
2022-04-10,24.129999,4.07903669,3.67,3.75,0.42910402,1.34,26.58845341,8.77133341,3.635,9.41333333,19.4,3.05895237,2.75,16.799999,4.4,3.86,1.88666478,12.37332715,2.18572508,5.72,9.67500013,0.205,74.059998,4.22,8.8,1.55,1.18,1.06189328,8.56,1.22232,19.03090482
2022-04-11,23.4,3.92796126,3.58,3.93,0.42171204,1.293,25.98417038,8.62266674,3.6,9.37066667,19.6,2.93248406,2.68,16.6,4.55,3.87,1.7999982,12.14666058,2.14286772,5.816,9.86250013,0.198,72.5,4.02,8.520001,1.5,1.175,1.0122721,8.25,1.221369,19.03090482
2022-04-12,23.9,3.86753108,3.58,3.9,0.41395047,1.301,25.98417038,8.39966675,3.625,9.36,19.790001,2.92457979,2.67,16.610001,4.6,3.9,1.81666485,12.28666119,2.11715331,5.76,9.83250013,0.2,73.080002,4.0,8.4,1.48,1.15,1.00234786,8.5,1.223272,19.03090482
2022-04-13,24.4,3.87055259,3.57,3.7,0.41136328,1.294,26.2863119,8.17666674,3.7,9.35466667,20.0,2.97990968,2.71,16.5,4.71,3.95,1.75333158,12.54666107,2.18572508,5.624,9.82500013,0.201,73.75,4.06,8.5,1.49,1.115,1.00730998,8.61,1.240408,19.47495939
2022-04-14,24.5,3.66206849,3.28,3.62,0.39657934,1.25,25.74245596,8.19153341,3.625,9.22666667,19.299999,2.82182428,2.61,15.0,4.6,3.66,1.63666503,10.30666207,2.16001067,5.72,9.04500012,0.199,72.5,3.95,8.1,1.462,1.055,0.99242363,8.5,1.248023,19.4658967
2022-04-17,23.52,3.74667074,3.21,3.52,0.36220666,1.197,26.19566823,8.19153341,3.65,9.06666667,17.66,2.62421754,2.61,15.14,4.74,3.75,1.58333175,9.67999568,2.0314386,5.76,8.98500012,0.192,71.099998,3.92,8.19,1.425,1.015,1.01723422,8.01,1.247072,19.48402113
2022-04-18,23.799999,3.70134811,3.29,3.8,0.34964031,1.166,26.2863119,8.21383341,3.63,9.06666667,16.26,2.62421754,2.61,15.4,4.73,3.88,1.58333175,9.85332894,2.05715302,5.912,8.77500012,0.187,71.519997,3.81,8.22,1.42,1.005,1.01723422,8.6,1.254687,20.39025469
2022-04-19,23.75,3.66206849,3.56,3.75,0.36405466,1.22,26.08689729,8.25100008,3.7,9.12533333,18.52,2.71906878,2.68,15.77,4.82,3.88,1.64666502,9.9333289,2.14286772,5.76,9.17250012,0.194,72.0,4.0,7.2,1.448,1.045,1.01723422,8.63,1.187098,19.3299621
2022-04-20,23.700001,3.69530509,3.47,3.8,0.37366422,1.26,25.15025919,8.19153341,3.775,9.168,17.84,2.70326024,2.65,15.02,4.83,3.81,1.68333165,10.19999545,2.16858214,5.92,9.43500013,0.194,70.150002,3.98,7.3,1.45,1.075,1.02715845,8.55,1.185194,19.48402113
2022-04-21,24.0,3.70134811,3.49,3.93,0.380317,1.25,25.29528833,8.17666674,3.815,9.12533333,19.559999,2.83763282,2.66,15.01,4.83,3.84,1.71666495,10.45332867,2.17715361,5.952,9.48750013,0.195,71.32,4.02,7.4,1.466,1.075,1.00730998,8.44,1.186146,19.93713838
2022-04-26,24.65,3.71947716,3.53,3.72,0.40286251,1.29,25.24694448,8.18410007,3.85,9.2,19.120001,2.84553709,2.67,15.5,4.5,3.8,1.74999825,10.95999578,2.19429655,5.816,9.48750013,0.199,73.0,4.06,7.5,1.5,1.065,1.05196904,8.35,1.179482,19.49308381
2022-04-27,25.9,3.74667074,3.64,3.72,0.39657934,1.281,25.98417038,8.19153341,3.855,9.17333333,19.299999,2.86134563,2.67,15.8,4.45,3.84,1.74999825,11.219995,2.20286802,6.008,9.49500013,0.199,75.900002,4.07,7.5,1.5,1.08,1.05693116,8.12,1.194714,20.53525293
2022-04-28,26.299999,3.74969224,3.68,3.75,0.39879693,1.291,25.99625604,8.00570007,4.0,9.17333333,20.0,2.90877125,2.73,15.98,4.56,3.85,1.75333158,11.17999502,2.19429655,5.824,9.82500013,0.203,75.5,4.09,7.6,1.555,1.08,1.09166599,8.31,1.213753,20.84337195
2022-05-08,27.799999,3.81616544,3.81,3.9,0.4065585,1.291,26.58845341,8.00570007,3.625,9.264,21.0,3.0273353,2.72,15.9,4.55,4.09,1.85666481,10.86666115,2.17715361,5.832,9.78750013,0.206,76.209999,4.06,7.72,1.601,1.045,1.09662811,8.4,1.228032,19.95526281
2022-05-09,28.0,3.837316,3.78,3.81,0.41468967,1.338,26.05668374,8.18410007,3.85,8.976,20.1,3.14589934,2.71,15.93,4.78,3.93,1.8666648,10.73332855,2.17715361,6.16,9.75000013,0.208,78.5,4.29,7.77,1.595,1.065,1.10655234,8.4,1.237552,20.39025469
2022-05-10,26.629999,3.85242354,3.75,3.81,0.4076673,1.324,25.990212,7.95366673,3.755,9.29066667,19.66,3.05895237,2.71,15.75,4.68,3.87,1.86333147,10.51332865,2.13429625,6.184,9.69000013,0.206,78.400002,4.36,7.75,1.564,1.04,1.10655234,8.32,1.240408,20.84337195
2022-05-11,26.99,3.837316,3.77,3.81,0.41025449,1.327,25.83914124,8.02056674,3.75,9.072,19.66,3.09056945,2.7,15.61,4.71,3.94,1.88333145,10.5399953,2.0914389,6.2,9.60000013,0.206,78.599998,4.33,7.75,1.56,1.035,1.11647658,8.11,1.244216,21.1243048
2022-05-12,26.870001,3.78292884,3.76,3.93,0.39916653,1.305,25.37988735,7.86446673,3.725,9.06666667,19.73,3.17751642,2.63,15.81,4.74,3.98,1.81999818,10.23332877,2.04858154,6.464,9.52500013,0.199,77.010002,4.22,7.71,1.479,1.025,1.11151446,7.8,1.226128,20.84337195
2022-05-15,27.16,3.8403375,3.83,3.93,0.39916653,1.285,25.07774583,7.9016334,3.8,9.06666667,19.700001,3.17751642,2.62,16.01,4.67,3.82,1.78666488,9.73332899,1.95429537,6.408,9.57750013,0.2,77.709999,4.28,7.4,1.448,1.025,1.10655234,7.93,1.225176,20.84337195
2022-05-16,26.99,3.77688582,3.79,3.82,0.39510094,1.26,24.23779302,7.9908334,3.8,9.024,19.5,3.09847372,2.62,16.0,4.62,3.67,1.75999824,9.66666236,1.8857236,6.36,9.27000012,0.199,75.5,4.0,7.12,1.449,1.02,1.0668554,7.72,1.228032,20.54431467
2022-05-17,27.0,3.80710091,3.83,3.82,0.40101452,1.286,24.29217849,8.1023334,3.89,9.02933333,19.6,3.20122923,2.65,16.1,4.52,3.76,1.78999821,10.07999551,1.86000919,6.28,9.60000013,0.199,75.559998,4.11,7.3,1.473,1.025,1.09166599,7.72,1.270871,21.15149096
2022-05-18,27.08,3.81012242,3.84,3.8,0.40286251,1.28,24.35260559,8.0354334,3.825,9.01866667,19.360001,3.18542069,2.63,16.139999,4.44,3.73,1.77333156,9.91999558,1.86858066,6.688,9.60000013,0.2,75.0,4.11,7.26,1.472,1.015,1.08174175,7.88,1.27563,21.25117672
2022-05-19,26.709999,3.81314393,3.78,3.75,0.39362255,1.268,24.4130357,8.04286674,3.8,8.90666667,18.75,3.08266518,2.61,15.82,4.3,3.67,1.72333161,9.8599956,1.8857236,6.704,9.61500013,0.197,73.5,4.0,7.1,1.45,1.005,1.07181752,7.75,1.266111,20.70743734
2022-05-22,26.299999,3.81616544,3.72,3.77,0.40175372,1.275,25.19860304,8.02800007,3.85,8.93333333,18.75,3.09847372,2.66,16.110001,4.33,3.6,1.74999825,9.89332892,1.94572389,6.72,9.67500013,0.2,74.019997,4.02,7.14,1.453,1.01,1.0668554,7.86,1.27563,21.6136709
2022-05-23,26.34,3.77688582,3.64,3.8,0.40286251,1.27,25.05357391,8.05030007,3.85,8.93333333,18.4,3.11428226,2.65,16.16,4.18,3.5,1.75333158,9.9533289,1.95429537,6.896,9.67500013,0.201,73.0,4.1,7.05,1.441,0.995,1.0668554,7.83,1.273726,21.39617401
2022-05-24,26.030001,3.72552018,3.57,3.44,0.39584014,1.257,25.07774583,8.02056674,3.8,9.01333333,18.4,3.01943103,2.65,16.0,4.1,3.31,1.666665,10.03332886,1.81715183,6.96,9.61500013,0.197,69.260002,4.1,7.12,1.36,0.99,1.07181752,7.67,1.267063,21.01555635
2022-05-25,25.42,3.58048776,3.51,3.2,0.38142579,1.221,25.01731874,7.95366673,3.8,8.93333333,17.59,2.91667552,2.63,15.91,4.0,2.97,1.62999837,10.05332885,1.69715124,7.024,9.39000013,0.192,67.5,4.01,7.1,1.28,0.95,1.02715845,7.6,1.260399,20.39025469
2022-05-26,25.02,3.56538022,3.42,3.11,0.36959864,1.19,24.77560432,7.97596673,3.8,7.2,17.0,2.72697305,2.62,15.4,3.91,2.73,1.5666651,10.07332884,1.67143683,6.464,9.30000012,0.191,67.059998,3.95,7.0,1.16,0.92,1.02219634,7.5,1.256591,20.50806582
2022-05-29,25.02,3.57444474,3.48,3.1,0.36553305,1.174,24.60640567,7.95366673,3.75,8.32,17.02,2.6874517,2.61,15.28,3.94,2.62,1.51666515,9.94666223,1.67143683,6.28,9.26250012,0.19,66.0,3.84,6.6,1.16,0.91,0.97753727,7.35,1.256591,20.84337195
2022-05-30,24.85,3.58955229,3.51,3.2,0.36959864,1.183,24.4130357,7.96110007,3.755,8.45866667,17.51,2.76649439,2.6,15.07,4.0,2.92,1.51333182,9.80666229,1.67143683,6.4,9.21000012,0.19,66.639999,3.88,6.65,1.17,0.93,1.00730998,7.5,1.270871,20.56243909
2022-05-31,25.1,3.59861681,3.62,3.22,0.37255542,1.185,24.6547471,7.8793334,3.845,8.37333333,17.200001,2.85344136,2.64,14.95,3.98,2.98,1.48333185,9.47999577,1.620008,6.44,9.18750012,0.192,67.110001,3.94,6.69,1.072,0.935,1.02219634,7.75,1.266111,20.83430926
2022-06-01,25.700001,3.41430478,3.55,3.3,0.36590265,1.163,24.48554846,7.8793334,3.8,8.592,17.26,2.76649439,2.53,15.0,4.05,2.85,1.43999856,9.17999591,1.54,6.4160008,9.05250012,0.192,67.110001,3.9,6.6,1.072,0.91,1.01723422,7.73,1.268015,20.90680791
2022-06-02,25.5,3.62581039,3.5,3.3,0.36405466,1.169,24.16527966,7.8793334,3.8,8.41066667,17.110001,2.72697305,2.48,14.9,4.02,2.84,1.41333192,8.99999599,1.55,6.424,8.88750012,0.191,65.300003,3.95,6.5,1.126,0.905,1.03212057,7.7,1.267063,21.20586518
2022-06-05,25.52,3.56538022,3.54,3.3,0.38475218,1.18,23.92960686,7.89420006,3.8,8.272,17.25,2.82182428,2.5,14.95,4.05,2.86,1.46333187,8.67332947,1.64,6.456,8.96250012,0.19,65.989998,3.93,6.52,1.17,0.9,1.03708269,7.71,1.27563,21.15149096
2022-06-06,25.43,3.62581039,3.57,3.27,0.41764646,1.182,23.60933806,7.99826673,3.8,8.336,17.0,2.85344136,2.48,15.0,4.05,2.9,1.47666519,8.80666274,1.57,6.176,9.00000012,0.193,65.220001,3.93,6.57,1.173,0.9175,1.03212057,7.75,1.27563,21.28742652
2022-06-07,25.6,3.62581039,3.57,3.21,0.41432007,1.199,23.82687995,7.8793334,3.8,8.37333333,17.0,2.8692499,2.47,15.01,4.06,2.95,1.49333184,8.79332941,1.62,6.408,9.12750012,0.193,65.309998,3.92,6.6,1.208,0.9165,1.04204481,7.75,1.268015,20.84337195
2022-06-08,25.77,3.62581039,3.65,3.25,0.41432007,1.23,24.14110774,7.91650007,3.8,8.37866667,17.35,2.95619687,2.5,15.14,4.09,3.2,1.49666517,8.97332933,1.629,6.216,9.22500012,0.194,66.690002,3.95,6.74,1.249,0.9395,1.04204481,7.8,1.257543,21.23305229
2022-06-09,25.450001,3.70134811,3.72,3.42,0.42171204,1.253,24.30426415,7.99826673,3.8,8.26666667,17.66,2.97200541,2.55,15.35,4.21,3.21,1.56333177,9.19332923,1.642,6.368,9.42750013,0.203,67.019997,4.07,6.81,1.272,0.9755,1.04204481,7.98,1.255639,21.20586518
2022-06-12,24.42,3.71343414,3.68,3.37,0.41579847,1.25,23.89335169,8.17666674,3.8,8.29333333,17.16,2.90086698,2.51,15.2,4.15,3.23,1.53999846,9.08666262,1.636,6.072,9.34500012,0.209,66.110001,4.06,6.75,1.251,0.96,1.05196904,8.03,1.257543,20.87962175
2022-06-13,24.139999,3.69228358,3.63,3.29,0.42060325,1.249,23.78458075,8.02800007,3.8,8.112,16.959999,2.86134563,2.47,15.11,4.2,3.04,1.60999839,8.9066627,1.578,5.696,9.30000012,0.205,65.510002,4.03,6.65,1.261,0.951,1.05693116,8.020001,1.265159,20.39025469
2022-06-14,24.200001,3.69530509,3.62,3.3,0.46384629,1.246,23.56703825,8.02800007,3.8,7.90933333,17.049999,2.84553709,2.45,15.1,4.13,3.02,1.59666507,8.89332937,1.58,5.872,9.22500012,0.204,64.599998,4.0,6.57,1.24,0.95,1.0668554,7.81,1.253735,20.39025469
2022-06-15,24.35,3.70436961,3.57,3.31,0.47197746,1.25,23.74832256,8.02056674,3.81,7.952,17.01,2.88505844,2.47,15.03,4.14,3.06,1.62999837,8.69999612,1.582,5.68,9.51750013,0.204,64.900002,4.01,6.4,1.24,0.9535,1.06189328,7.75,1.257543,20.48994045
2022-06-16,24.66,3.67415453,3.57,3.27,0.48084782,1.281,23.56703825,7.9685334,3.805,7.888,17.02,2.85344136,2.45,15.12,4.15,3.06,1.67999832,8.59999617,1.585,4.848,9.37500013,0.203,64.519997,4.03,6.43,1.227,0.95,1.07181752,7.71,1.247072,20.07307299
2022-06-19,24.0,3.68751822,3.51,3.3,0.49674057,1.22,23.21051126,7.8793334,3.755,7.46666667,16.57,2.7902072,2.41,15.0,4.14,2.98,1.61666505,8.33332962,1.561,5.44,9.18750012,0.198,63.150002,4.0,6.45,1.229,0.94,1.09166599,7.5,1.247072,20.15463432
2022-06-20,23.73,3.72064956,3.48,3.26,0.50967652,1.207,23.18029771,7.84216673,3.75,6.944,16.370001,2.72697305,2.41,14.9,4.01,2.93,1.5666651,8.21999634,1.542,5.464,9.16500012,0.194,62.549999,3.92,6.44,1.224,0.9405,1.07181752,7.5,1.248975,19.98244992
2022-06-21,23.41,3.66101315,3.5,3.3,0.52298207,1.218,23.15008356,7.76040008,3.705,7.472,16.030001,2.77439866,2.4,14.3,4.0,2.95,1.61999838,8.2999963,1.55,5.64,9.12000012,0.196,63.029999,3.94,6.42,1.224,0.9515,1.09166599,7.52,1.247072,19.61995668
2022-06-22,23.450001,3.5881242,3.46,3.3,0.53148284,1.204,23.20446964,7.69350007,3.68,7.46666667,15.9,2.80601574,2.42,14.3,3.98,2.94,1.64999835,8.17332969,1.55,5.712,9.27000012,0.199,61.650002,3.89,6.36,1.222,0.94,1.07677964,7.5,1.242312,19.27558787
2022-06-23,23.129999,3.64444748,3.43,3.29,0.53222204,1.175,22.51558457,7.61916674,3.56,7.36,15.3,2.76649439,2.35,14.01,3.92,2.9,1.62666504,8.15999636,1.523,5.704,9.18750012,0.195,60.900002,3.76,6.35,1.22,0.935,1.07677964,7.32,1.240408,19.03996751
2022-06-26,23.299999,3.80347791,3.48,3.27,0.53370043,1.176,22.51558457,7.61916674,3.65,7.04,15.04,2.8692499,2.27,13.8,3.81,2.7,1.63666503,8.05332974,1.504,5.6,9.33750012,0.197,60.009998,3.74,6.35,1.222,0.935,1.07677964,7.3,1.237552,19.03090482
2022-06-27,21.9,3.81010418,3.45,3.2,0.54330999,1.162,22.35847219,7.55226674,3.55,7.06666667,15.06,2.78230293,2.19,13.81,3.47,2.37,1.60666506,7.95332979,1.502,5.6,9.28500012,0.193,56.0,3.49,6.4,1.212,0.905,1.08174175,6.96,1.23184,18.57778852
2022-06-28,21.200001,3.71071016,3.34,3.19,0.53591802,1.126,21.75418915,7.47050007,3.54,6.93333333,15.62,2.73487732,2.2,13.33,3.41,2.26,1.56999843,7.77999653,1.41,5.6,8.85750012,0.184,53.23,3.4,6.36,1.17,0.89,1.04204481,6.57,1.206137,17.21843769
2022-06-29,22.200001,3.58149793,3.44,3.15,0.53591802,1.14,22.38264411,7.50766674,3.555,6.93333333,15.94,2.80601574,2.28,13.81,3.5,2.51,1.61999838,7.87999649,1.45,5.52,8.88750012,0.187,52.619999,3.55,6.4,1.18,0.875,1.04700693,6.76,1.203281,18.57778852
2022-07-03,21.629999,3.65107374,3.5,3.12,0.50265414,1.085,21.24659141,7.50766674,3.54,6.82666667,15.2,2.76649439,2.3,12.77,3.35,2.45,1.61333172,7.67332991,1.397,5.52,8.51250011,0.182,50.099998,3.5,6.46,1.152,0.87,1.07181752,6.78,1.196617,18.12467126
2022-07-04,21.299999,3.56161912,3.44,3.1,0.55070197,0.98,20.61813645,7.4556334,3.505,6.51733333,14.24,2.5293663,2.28,13.26,3.17,2.33,1.53999846,7.46666334,1.18,5.6,8.31750011,0.17,50.0,3.35,6.37,1.105,0.8355,1.02715845,6.5,1.151875,18.35122989
2022-07-05,21.0,3.49866958,3.46,3.07,0.55070197,0.984,20.44289618,7.39616673,3.505,6.18666667,14.11,2.57679192,2.31,13.11,2.95,2.4,1.57666509,7.53332997,1.101,5.56,8.40750011,0.169,50.43,3.43,6.3,1.127,0.801,1.04204481,6.68,1.152827,18.22435702
2022-07-06,21.1,3.48541704,3.49,3.2,0.55439795,0.976,20.6664803,7.40360007,3.46,6.07466667,13.6,2.57679192,2.32,13.01,2.77,2.41,1.58999841,7.66666325,1.101,5.528,8.52000011,0.17,52.799999,3.38,6.35,1.132,0.8255,1.05693116,6.61,1.161395,18.16998279
2022-07-07,21.26,3.57155853,3.54,3.29,0.56178993,1.005,21.02904891,7.35900006,3.535,6.11733333,13.95,2.63212181,2.31,13.2,2.86,2.58,1.60999839,7.9333298,1.129,5.608,8.66250012,0.172,53.189999,3.45,6.4,1.144,0.837,1.09166599,6.71,1.176626,18.16998279
2022-07-17,20.9,3.54505345,3.52,3.14,0.55513715,0.991,21.51247473,7.24750006,3.56,6.0,13.76,2.608409,2.31,13.2,2.82,2.56,1.58666508,7.99332977,1.136,5.6,8.70000012,0.171,54.0,3.41,6.32,1.181,0.8505,1.07181752,6.68,1.177578,18.12467126
2022-07-18,21.030001,3.47879077,3.54,3.26,0.56733391,1.01,21.65146225,7.24750006,3.56,6.0,13.85,2.608409,2.33,13.22,2.84,2.57,1.63666503,8.19999634,1.152,5.6,8.75250012,0.174,53.990002,3.43,6.3,1.192,0.86,1.08174175,6.71,1.180434,18.26966855
2022-07-19,21.299999,3.49535644,3.57,3.27,0.56474672,1.02,21.71793157,7.28466673,3.7,6.04266667,14.06,2.66373889,2.33,13.22,2.85,2.7,1.666665,8.376,1.15,5.8,8.77500012,0.172,54.259998,3.5,6.38,1.184,0.86,1.08670387,6.87,1.189954,18.48716449
2022-07-20,21.530001,3.51192211,3.64,3.29,0.56585551,1.043,22.29804509,7.40360007,3.645,6.352,14.62,2.71116451,2.41,13.24,2.88,2.81,1.74999825,8.464,1.16,5.824,8.91750012,0.178,54.619999,3.6,6.43,1.233,0.8775,1.04700693,7.0,1.189954,18.66841159
2022-07-21,22.030001,3.54836659,3.71,3.29,0.5695515,1.087,22.35847219,7.3887334,3.675,6.74666667,14.62,2.72697305,2.41,13.23,3.06,2.83,1.78999821,8.52,1.24,5.76,9.03750012,0.182,55.93,3.65,6.47,1.248,0.9175,1.11151446,7.03,1.189954,19.30277498
2022-07-24,22.35,3.60468987,3.85,3.29,0.57287789,1.18,22.35847219,7.29210006,3.7,6.92266667,15.23,2.7902072,2.36,13.48,3.1,2.95,1.79666487,9.04,1.375,5.88,9.24750012,0.185,56.02,3.77,6.61,1.251,0.9215,1.14128717,7.05,1.189954,19.05809193
2022-07-25,22.469999,3.67426568,3.8,3.29,0.58766183,1.172,22.29804509,7.39616673,3.89,6.8,16.0,2.77439866,2.34,13.45,3.21,2.9,1.7666649,9.032,1.44,5.92,9.20250012,0.184,56.25,3.72,6.58,1.237,0.91,1.11647658,7.05,1.199473,19.12152789
2022-07-26,22.5,3.78028597,3.8,3.29,0.57139949,1.152,22.14092969,7.35900006,3.75,6.86933333,16.0,2.77439866,2.34,13.45,3.2,2.93,1.7666649,9.008,1.52,5.92,9.15750012,0.186,56.509998,3.74,6.65,1.237,0.909,1.1214387,7.08,1.182338,19.13059058
2022-07-27,22.309999,3.94262954,3.82,3.41,0.58396584,1.18,22.60018661,7.3218334,3.9,7.2,15.6,2.80601574,2.36,13.43,3.09,2.9,1.7666649,9.152,1.479,5.88,9.15000012,0.186,57.369999,3.77,6.57,1.227,0.906,1.14624929,7.11,1.182338,19.21215191
2022-07-28,22.440001,3.97576088,3.81,3.7,0.57066029,1.189,22.42494392,7.15086672,3.9,7.20533333,15.7,2.79811147,2.35,13.29,3.1,2.83,1.7666649,9.072,1.495,5.768,9.24750012,0.186,57.549999,3.75,6.55,1.215,0.9025,1.19090835,7.1,1.199473,19.09434078
2022-07-31,22.860001,4.04864983,3.83,3.87,0.59135782,1.2,22.90232812,7.23263339,3.875,7.25866667,15.94,2.82972855,2.37,13.35,3.13,2.83,1.79333154,9.128,1.504,5.92,9.35250012,0.187,58.02,3.75,6.55,1.23,0.9125,1.20083259,7.13,1.201377,19.5021465
2022-08-01,23.040001,4.04202356,3.86,3.8,0.5965322,1.191,22.67269936,7.21776673,3.965,7.44,15.62,2.80601574,2.36,13.5,3.1,2.8,1.77666489,9.2,1.53,5.96,9.30000012,0.182,58.0,3.71,6.5,1.221,0.9125,1.19090835,7.12,1.204233,19.40246074
2022-08-02,23.07,4.00889222,3.87,3.81,0.60614176,1.187,22.48537102,7.2772334,4.0,7.6,15.7,2.7902072,2.36,13.4,3.07,2.87,1.77666489,9.24,1.565,5.952,9.30750012,0.18,58.650002,3.67,6.45,1.225,0.905,1.18594623,7.1,1.204233,19.58370688
2022-08-03,23.16,3.98238715,3.87,3.66,0.62831768,1.264,22.48537102,7.08396672,4.07,7.632,15.8,2.81392001,2.37,13.4,3.15,2.88,1.78666488,9.248,1.636,6.192,9.48750013,0.18,59.25,3.7,6.45,1.231,0.91,1.19090835,7.17,1.208993,19.49308381
2022-08-04,23.559999,3.99563969,3.87,3.85,0.64679761,1.27,22.70895755,7.14343339,4.4,7.97866667,15.95,2.84553709,2.38,13.55,3.27,2.93,1.78999821,9.44,1.674,6.088,9.48750013,0.18,59.549999,3.89,6.49,1.232,0.917,1.2306053,7.16,1.208993,19.84651531
2022-08-07,24.0,4.00889222,3.95,3.85,0.68153988,1.26,22.96275522,7.28466673,4.355,8.96,16.58,2.88505844,2.46,13.83,3.89,3.1,1.8999981,9.848,1.769,4.96,9.62250013,0.188,61.509998,4.06,6.68,1.317,0.932,1.26534012,7.97,1.220417,21.7586682
2022-08-08,23.75,3.99895282,3.95,3.92,0.70593339,1.24,23.41596749,7.35900006,4.355,8.64,16.940001,2.92457979,2.48,14.0,3.82,3.1,1.95999804,9.648,1.761,5.6,10.27500014,0.19,60.009998,4.0,6.73,1.336,0.9545,1.28022648,7.9,1.230888,20.93399502
2022-08-09,23.790001,4.14804385,3.9,3.8,0.76469958,1.191,23.14403952,7.4333334,4.42,8.42666667,16.6,2.89296271,2.46,14.06,3.83,3.1,1.90333143,9.928,1.72,5.6,9.99750013,0.187,60.639999,4.02,6.81,1.347,0.96,1.27030224,7.87,1.249927,21.34180074
2022-08-10,23.860001,4.20768027,3.9,3.77,0.82420496,1.188,23.198425,7.4333334,4.495,8.04266667,16.700001,2.90877125,2.47,14.1,3.8,3.06,1.90666476,9.72,1.71,5.64,10.16250014,0.184,61.900002,3.9,6.85,1.33,0.955,1.27030224,7.8,1.248975,21.56835842
2022-08-11,23.91,4.25737728,3.9,3.85,0.68375748,1.195,23.25281107,7.44820007,4.495,8.192,17.040001,2.87715417,2.47,14.11,3.78,3.11,1.88999811,9.744,1.741,5.64,10.17000014,0.183,61.650002,3.95,6.91,1.336,0.9555,1.2851886,7.79,1.252783,21.35086248
2022-08-14,24.0,4.27394295,3.95,3.93,0.74289326,1.196,23.02922696,7.60430007,4.315,8.32,17.120001,2.89296271,2.48,14.4,3.9,3.16,1.8999981,9.744,1.671,5.664,10.20000014,0.184,61.099998,4.01,6.96,1.33,1.055,1.15121141,7.72,1.254687,21.06993058
2022-08-15,23.6,4.22424594,4.03,4.0,0.69484543,1.167,22.50954294,7.63403341,4.075,8.26666667,17.33,2.90086698,2.49,15.0,3.84,3.16,1.87333146,9.584,1.662,5.6,10.12500014,0.187,60.0,4.03,6.88,1.302,1.265,1.29015072,7.65,1.262303,20.66212485
2022-08-16,23.75,4.33026623,3.96,4.08,0.71332537,1.171,22.42494392,7.65633341,4.19,8.32533333,17.25,2.91667552,2.54,14.81,3.68,3.17,1.83999816,9.616,1.705,5.6,10.17000014,0.185,60.5,3.99,6.9,1.282,1.325,1.30007495,7.67,1.258495,21.06993058
2022-08-17,23.610001,4.37333697,3.94,4.25,0.75028523,1.186,22.50954294,7.69350007,4.305,8.336,17.200001,2.90877125,2.55,14.9,3.68,3.19,1.85999814,9.68,1.722,4.64,10.86750014,0.185,60.150002,4.0,6.88,1.289,1.3,1.3397719,7.5,1.225176,21.25117672
2022-08-18,23.92,4.48929666,3.97,4.3,0.73550128,1.219,23.27093836,7.76040008,4.525,8.544,17.299999,2.94038833,2.6,15.03,3.8,3.31,1.94333139,10.248,1.8,5.608,11.12250015,0.197,57.389999,4.21,6.9,1.305,1.26,1.3397719,7.8,1.237552,21.48679803
2022-08-21,24.75,4.71790291,3.99,4.16,0.77615713,1.22,23.44618104,7.78270008,4.74,8.50666667,17.4,2.95619687,2.7,15.1,3.8,3.33,1.93999806,10.336,1.857,5.608,10.87500015,0.2,58.060001,4.28,7.0,1.313,1.275,1.35962037,7.81,1.237552,21.38711227
2022-08-22,24.65,4.75434739,4.08,4.25,0.75398122,1.307,24.11089419,7.80500008,4.75,8.37333333,17.4,3.01943103,2.66,15.04,3.81,3.36,1.94999805,10.328,1.921,5.76,10.90500015,0.194,59.0,4.5,7.2,1.334,1.3,1.3397719,7.85,1.237552,19.93713838
2022-08-23,24.5,4.67151904,4.01,4.26,0.72071734,1.284,23.96586505,7.79013341,4.7,8.21866667,17.459999,3.04314383,2.6,14.9,3.69,3.22,2.01333132,10.36,1.9,5.776,10.83000014,0.194,58.0,4.5,7.12,1.342,1.265,1.3397719,7.6,1.22232,20.26338277
2022-08-24,24.1,4.72452918,3.97,4.26,0.70962938,1.269,24.0142089,7.76783341,4.65,7.99466667,17.200001,3.0273353,2.5,14.85,3.57,3.2,1.95999804,10.36,1.895,5.656,10.86000014,0.191,58.0,4.71,7.13,1.325,1.18,1.3397719,7.55,1.223272,21.02461904
2022-08-25,24.25,4.68808471,3.99,4.15,0.72071734,1.272,24.11693581,7.78270008,4.65,8.05333333,17.200001,3.03523956,2.52,15.0,3.63,3.28,1.97666469,10.36,1.9,5.8,10.80000014,0.192,58.0,4.8,7.14,1.33,1.19,1.37946884,7.55,1.225176,21.06086789
2022-08-28,24.6,4.65495337,4.0,4.3,0.86486081,1.288,23.99003698,7.76783341,4.69,7.78666667,17.25,3.0510481,2.63,15.14,3.72,3.53,2.04666462,10.312,1.905,5.824,10.65750014,0.194,58.639999,5.0,7.1,1.351,1.19,1.40427943,7.71,1.232792,21.0518052
2022-08-29,24.450001,4.60856949,4.0,4.8,0.98313237,1.295,23.95982343,7.58200007,4.33,7.792,17.219999,2.97200541,2.67,15.14,3.65,3.51,2.02333131,10.128,1.94,5.744,10.32750014,0.192,62.009998,5.0,7.08,1.4,1.225,1.38939308,7.72,1.225176,20.87962175
2022-08-30,24.27,4.48929666,4.01,4.8,0.96465244,1.341,23.63350999,7.63403341,4.5,7.488,17.23,2.96410114,2.66,15.33,3.66,3.53,1.999998,10.088,1.945,5.76,10.38000014,0.193,62.5,5.0,6.92,1.407,1.225,1.40924155,7.71,1.228032,20.97930655
2022-08-31,24.799999,4.47273099,4.05,4.9,0.98682836,1.349,23.05339888,7.24750006,4.555,7.49333333,17.309999,2.97990968,2.65,15.46,3.66,3.65,1.97333136,10.152,1.952,5.776,10.20000014,0.201,62.5,4.91,6.9,1.483,1.25,1.37946884,7.6,1.247072,21.74960551
2022-09-01,24.65,4.45616532,4.02,5.0,1.13466781,1.303,22.84189801,7.24750006,4.56,7.49333333,16.6,2.93248406,2.55,15.38,3.58,3.6,1.9666647,10.104,1.89,5.744,10.28250014,0.205,62.220001,4.8,6.82,1.459,1.215,1.37450672,7.47,1.232792,21.30555094
2022-09-04,23.799999,4.41640771,3.99,4.83,1.19749958,1.286,22.90232812,7.4333334,4.565,7.62666667,16.799999,2.90086698,2.55,15.2,3.55,3.58,1.9666647,10.016,1.901,5.76,10.42500014,0.209,62.0,4.87,6.83,1.443,1.21,1.34473401,7.31,1.228984,21.6136709
2022-09-05,24.700001,4.45616532,4.04,4.97,1.27511529,1.31,22.96275522,7.58200007,4.58,7.68533333,17.26,2.96410114,2.64,15.27,3.66,3.71,1.999998,10.08,1.954,5.76,10.42500014,0.206,61.41,5.0,6.85,1.467,1.235,1.36954461,7.59,1.230888,21.43242381
2022-09-06,24.76,4.49923607,4.1,4.85,1.26772332,1.383,23.14403952,7.50766674,4.65,7.936,17.530001,3.0510481,2.66,17.0,3.81,3.74,2.06333127,10.376,2.0,5.76,10.54500014,0.208,62.599998,5.19,6.92,1.515,1.25,1.35962037,7.7,1.228032,21.33273805
2022-09-07,24.879999,4.57543815,4.16,4.9,1.29729121,1.378,23.23468319,7.50766674,4.65,7.94666667,19.02,3.00362249,2.71,16.780001,3.98,3.85,2.08333125,10.416,2.004,5.84,10.59000014,0.206,63.099998,5.11,7.0,1.473,1.215,1.3397719,7.66,1.226128,21.35992516
2022-09-08,24.85,4.57212501,4.17,5.0,1.39338686,1.395,23.23468319,7.44076673,4.725,7.95733333,20.1,3.01152676,2.7,16.610001,3.97,3.83,2.08666458,10.264,2.01,5.88,10.61250014,0.205,64.010002,5.11,6.98,1.46,1.225,1.33480978,7.64,1.22708,21.30555094
2022-09-11,25.08,4.58206442,4.18,5.0,1.40447482,1.388,23.34345413,7.50766674,4.75,7.99466667,20.209999,3.07476091,2.7,16.5,4.03,3.84,2.12666454,10.32,1.96,5.872,10.73250014,0.202,64.709999,5.15,6.96,1.463,1.22,1.35465825,7.63,1.228032,21.30555094
2022-09-12,24.799999,4.62182203,4.22,5.04,1.35273101,1.387,23.69998112,7.61916674,4.775,8.20266667,20.360001,3.14589934,2.74,16.82,4.04,3.83,2.15666451,10.416,1.97,5.936,10.58250014,0.202,66.139999,5.42,6.93,1.465,1.185,1.31496131,7.6,1.223272,21.02461904
2022-09-13,24.84,4.74440799,4.2,4.9,1.33055509,1.353,23.78458075,7.73066674,4.73,8.16,20.15,3.10637799,2.74,17.219999,4.18,3.76,2.14333119,10.432,1.97,6.0,10.47000014,0.203,66.349998,5.35,6.88,1.458,1.165,1.27526436,7.59,1.212801,21.20586518
2022-09-14,23.200001,4.55887248,4.13,4.9,1.30468318,1.314,23.33136847,7.74553341,4.7,7.73333333,19.299999,2.97990968,2.57,16.92,4.01,3.65,2.04666462,10.04,1.91,5.92,10.32000014,0.203,65.0,5.15,6.86,1.425,1.19,1.30503707,7.39,1.194714,20.20900855
2022-09-15,23.280001,4.55887248,4.08,4.95,1.30468318,1.285,23.07152616,7.48536673,4.75,7.792,19.5,2.92457979,2.47,16.700001,3.94,3.65,1.97666469,10.0,1.93,5.6,10.49250014,0.202,65.129997,5.05,6.65,1.361,1.3,1.34473401,7.35,1.169011,19.71057975
2022-09-18,22.799999,4.40646831,3.96,4.6,1.04596414,1.171,22.50954294,7.4333334,4.605,7.46666667,19.18,2.71116451,2.35,16.5,3.49,3.26,1.84999815,9.56,1.77,5.624,10.35000014,0.19,62.990002,4.81,6.65,1.27,1.1,1.31496131,6.88,1.162347,19.34808652
2022-09-19,23.110001,4.34020563,3.93,4.6,1.04226815,1.16,22.32825864,7.42590007,4.8,7.424,18.629999,2.71116451,2.38,15.81,3.51,3.24,1.8333315,9.44,1.71,5.648,9.98250013,0.186,62.900002,4.82,6.57,1.286,1.07,1.31992342,7.07,1.164251,18.39654142
2022-09-20,23.35,4.54893308,4.01,4.71,1.13466781,1.192,23.07152616,7.39616673,4.755,7.57866667,19.360001,2.76649439,2.45,16.200001,3.65,3.37,1.87999812,9.784,1.83,5.8,10.36500014,0.191,64.0,4.96,6.6,1.325,1.11,1.35962037,7.15,1.123316,18.80434619
2022-09-21,23.530001,4.60856949,4.04,4.75,1.13466781,1.202,23.57912391,7.28466673,4.85,7.69066667,19.5,2.79811147,2.37,16.299999,3.69,3.5,1.87333146,9.8,1.831,5.88,10.67250014,0.191,64.110001,5.0,6.6,1.334,1.15,1.36458249,7.3,1.147115,19.30277498
2022-09-22,23.17,4.60525636,4.0,4.8,1.10140393,1.19,23.272704,7.28466673,4.91,7.728,18.91,2.73487732,2.35,16.15,3.66,3.37,1.87999812,9.512,1.762,5.84,10.80000014,0.19,63.150002,4.85,6.6,1.32,1.135,1.3397719,7.1,1.098565,19.58370688
2022-09-25,23.5,4.40646831,4.09,4.9,1.10509992,1.195,22.7999772,7.4333334,4.65,7.52533333,18.459999,2.76649439,2.38,16.0,3.6,3.26,1.86333147,9.464,1.79,5.76,10.88250015,0.189,66.0,4.85,6.63,1.32,1.37,1.3397719,7.3,1.098565,19.48402113
2022-09-26,24.049999,4.47273099,4.1,4.8,1.11618788,1.206,22.83634171,7.37386673,4.75,7.49866667,18.65,2.80601574,2.39,16.4,3.63,3.28,1.86999813,9.568,1.813,5.8,10.91250015,0.19,64.129997,4.9,6.6,1.319,1.39,1.3397719,7.35,1.136644,20.20900855
2022-09-27,24.200001,4.55555934,4.12,4.76,1.3268591,1.216,22.47270389,7.37386673,4.75,7.36533333,19.200001,3.0273353,2.41,16.5,3.64,3.3,1.8999981,9.536,1.831,5.84,10.87500015,0.19,66.199997,5.03,6.65,1.321,1.445,1.3397719,7.33,1.137596,20.84337195
2022-09-28,24.1,4.47935726,4.05,4.74,1.34903502,1.232,22.31815859,7.39616673,4.75,7.232,18.799999,2.9482926,2.39,16.59,3.56,3.39,1.90999809,9.32,1.802,5.856,10.76250014,0.189,64.610001,5.0,6.55,1.324,1.365,1.32488554,7.19,1.099517,20.75274888
2022-09-29,24.26,4.50586233,4.06,4.75,1.42665073,1.238,22.363614,7.44820007,4.8,7.05066667,18.860001,2.9482926,2.4,16.6,3.57,3.43,1.90333143,9.152,1.861,4.968,10.83750014,0.19,66.199997,5.01,6.58,1.328,1.365,1.32488554,7.24,1.099517,20.84337195
2022-10-02,24.450001,4.51580174,4.05,4.75,1.36012298,1.302,22.4999775,7.50766674,4.8,7.28,18.67,2.88505844,2.39,16.860001,3.44,3.33,1.85999814,8.92,1.821,5.44,10.68750014,0.188,64.029999,5.0,6.53,1.284,1.295,1.29015072,7.15,1.098565,20.31775604
2022-10-03,24.540001,4.40646831,4.05,4.75,1.28250727,1.29,22.31815859,7.51510007,4.85,7.2,18.51,2.89296271,2.38,16.9,3.42,3.3,1.84333149,8.96,1.782,5.6,10.59750014,0.184,62.400002,4.85,6.5,1.28,1.31,1.29511283,7.15,1.104277,20.75274888
2022-10-04,24.99,4.43959965,4.06,4.4,1.36751495,1.304,22.38179671,7.61916674,4.775,7.30666667,18.549999,2.92457979,2.45,16.959999,3.5,3.33,1.87999812,9.12,1.813,5.744,10.65750014,0.184,63.669998,5.01,6.51,1.294,1.36,1.31496131,7.24,1.114749,20.84337195
2022-10-05,25.59,4.43959965,4.13,4.61,1.33055509,1.336,23.13634141,7.62660007,4.775,7.53066667,18.57,2.99571822,2.49,17.0,3.63,3.42,1.93999806,9.28,1.783,5.824,10.79250014,0.189,63.5,5.09,6.65,1.331,1.385,1.32488554,7.28,1.118557,21.02461904
2022-10-09,25.24,4.47273099,4.18,4.61,1.31207516,1.367,23.4090675,7.65633341,4.8,7.46666667,18.459999,2.96410114,2.46,17.08,3.53,3.37,1.88999811,9.24,1.77,5.72,10.50750014,0.191,63.509998,5.12,6.67,1.34,1.32,1.30503707,7.16,1.132836,20.84337195
2022-10-10,25.6,4.40646831,4.23,4.45,1.3268591,1.367,23.36361391,7.80500008,4.775,7.392,18.26,2.96410114,2.47,17.02,3.52,3.36,1.86999813,9.2,1.756,5.728,10.50000014,0.194,62.299999,5.22,6.52,1.34,1.32,1.32488554,7.15,1.142356,20.84337195
2022-10-11,25.51,4.24081161,4.19,4.54,1.31946713,1.325,23.29088671,7.79756674,4.775,7.392,17.6,3.0273353,2.47,16.65,3.41,3.34,1.81666485,9.0,1.731,5.728,10.50000014,0.191,62.5,5.3,6.5,1.328,1.415,1.31496131,7.15,1.129028,20.84337195
2022-10-12,25.1,4.24081161,4.14,4.45,1.26033135,1.304,23.00906699,7.79756674,4.5,7.17333333,16.9,3.01943103,2.49,16.83,3.25,3.25,1.79333154,8.96,1.716,5.44,10.56000014,0.189,63.0,5.1,6.45,1.322,1.41,1.30999919,7.08,1.132836,19.94620107
2022-10-13,25.450001,4.14473072,4.16,4.45,1.25663536,1.312,23.15452139,7.76040008,4.5,7.152,17.0,3.01152676,2.48,16.9,3.21,3.14,1.7999982,9.104,1.723,5.52,10.57500014,0.19,62.110001,5.1,6.42,1.324,1.45,1.29015072,7.07,1.131884,20.39025469
2022-10-16,25.51,4.17786206,4.22,4.4,1.30468318,1.33,23.545431,7.76783341,4.7,7.25333333,17.6,3.03523956,2.5,16.91,3.29,3.19,1.82333151,9.2,1.751,5.68,10.60500014,0.193,62.799999,5.09,6.55,1.337,1.45,1.30999919,7.17,1.123316,20.79806041
2022-10-17,26.0,4.20436713,4.24,4.5,1.27881128,1.334,24.03634051,7.80500008,4.7,7.46666667,18.25,3.13799507,2.55,16.9,3.4,3.27,1.88333145,9.592,1.78,5.696,10.71750014,0.201,63.0,5.6,6.7,1.362,1.4,1.29511283,7.2,1.123316,20.84337195
2022-10-18,23.709999,4.21761967,3.78,4.5,1.24924339,1.339,24.090885,7.80500008,4.725,7.87733333,20.09,3.16961215,2.56,17.799999,3.41,3.42,1.89666477,9.792,1.77,5.728,10.97250015,0.205,63.5,5.7,6.72,1.361,1.37,1.30007495,7.38,1.123316,20.66212485
2022-10-19,24.34,4.31038742,3.75,4.55,1.16793169,1.317,24.181794,7.95366673,4.7,7.84,24.1,3.25655912,2.55,17.809999,3.39,3.35,1.84333149,9.68,1.741,5.68,11.03250015,0.208,63.240002,5.42,6.76,1.37,1.34,1.29511283,7.36,1.124268,20.7708733
2022-10-20,24.0,4.27394295,3.79,4.54,1.17532366,1.32,24.4817937,8.0131334,4.8,7.86666667,24.0,3.37512316,2.55,18.299999,3.4,3.35,1.8666648,9.68,1.762,5.696,11.00250015,0.21,63.18,5.41,6.76,1.364,1.355,1.31496131,7.33,1.129028,20.88868348
2022-10-23,24.299999,4.31701369,3.8,4.5,1.26402733,1.329,24.6908844,8.06516674,4.7,8.064,24.0,3.2881762,2.58,18.07,3.6,3.43,1.89666477,9.784,1.777,5.712,10.68750014,0.216,63.68,5.71,6.93,1.398,1.395,1.30999919,7.29,1.127124,19.93713838
2022-10-24,24.42,4.36008443,3.78,4.55,1.19749958,1.32,24.72724891,8.1023334,4.7,8.0,23.4,3.311889,2.5,17.629999,3.6,3.39,1.88666478,9.712,1.731,5.72,10.54500014,0.207,63.32,5.62,6.81,1.411,1.35,1.25541589,7.3,1.123316,20.14557164
2022-10-25,24.469999,4.34020563,3.73,4.5,1.17901965,1.311,25.3181565,8.33276674,4.81,7.83466667,23.139999,3.311889,2.47,17.559999,3.54,3.38,1.8666648,9.68,1.73,5.704,10.50000014,0.204,62.709999,5.69,6.82,1.382,1.315,1.26534012,7.35,1.123316,20.68025023
2022-10-26,24.6,4.34020563,3.77,4.61,1.1642357,1.32,26.454519,8.35506675,4.8,7.84,24.01,3.31979327,2.52,17.67,3.6,3.43,1.88333145,9.856,1.758,5.72,10.61250014,0.208,64.0,5.99,7.01,1.447,1.325,1.27526436,7.47,1.12522,20.97024482
2022-10-27,24.690001,4.36008443,3.79,4.62,1.10140393,1.336,26.63633609,8.32533341,4.81,8.0,24.049999,3.33560181,2.58,18.0,3.67,3.56,1.9666647,10.016,1.778,5.712,10.98750015,0.211,65.5,6.12,7.0,1.468,1.32,1.27526436,7.51,1.100469,21.11524211
2022-10-30,25.4,4.38990264,3.92,4.98,1.0570521,1.292,28.81815391,8.37736675,5.025,8.10133333,24.9,3.39883597,2.59,18.0,3.81,3.8,1.90999809,10.216,1.792,5.92,11.27250015,0.211,67.110001,5.81,7.12,1.461,1.265,1.32488554,7.83,1.099517,22.65583907
2022-10-31,25.799999,4.29050862,3.91,5.0,1.09031598,1.273,28.272699,8.39966675,4.835,8.01066667,25.0,3.3909317,2.55,17.870001,3.79,3.82,1.89666477,10.16,1.771,6.12,11.21250015,0.213,67.519997,5.88,7.1,1.455,1.25,1.31496131,7.9,1.100469,23.29020247
2022-11-01,26.82,3.9094982,4.02,5.0,1.12357985,1.296,29.19088081,8.55576674,4.975,8.32,25.370001,3.5490171,2.55,18.200001,3.93,4.09,1.94666472,10.6,1.792,5.848,11.53500015,0.216,68.0,5.86,7.55,1.45,1.31,1.30007495,8.25,1.099517,23.67988282
2022-11-02,27.15,4.12816505,3.96,5.0,1.08661999,1.28,28.6545168,8.47400008,4.805,8.26666667,25.4,3.49368721,2.53,18.299999,3.8,4.03,1.89666477,10.36,1.8,5.88,11.52000015,0.214,67.5,5.6,7.43,1.421,1.35,1.30503707,8.21,1.096661,23.56207264
2022-11-03,27.1,4.14141759,3.92,5.0,1.06814006,1.267,28.5636078,8.48143342,4.95,8.16,26.9,3.51740002,2.51,18.51,3.74,3.96,1.87666479,10.32,1.775,5.608,11.22000015,0.212,66.260002,5.7,7.4,1.425,1.315,1.30503707,8.03,1.098565,23.1995794
2022-11-06,26.60000038,4.16129653,3.9000001,5.01000023,1.04226813,1.27499998,28.81815369,8.5111666,4.51000023,8.17066667,27.79999924,3.59644286,2.45000005,18.89999962,3.66000009,4.0,1.88999814,10.4,1.75100005,5.6,11.25000015,0.212,66.33000183,5.9000001,7.3499999,1.40999997,1.28499997,1.29511278,8.02999973,1.098565,22.83708617
2022-11-07,26.700001,4.13479132,3.91,5.1,1.0570521,1.275,28.9272438,8.51860008,5.075,8.18666667,28.35,3.53320856,2.46,19.030001,3.69,4.21,1.89333144,10.392,1.746,5.592,11.36250015,0.212,66.360001,5.9,7.43,1.4,1.29,1.31992342,8.05,1.109037,23.45332419
2022-11-08,26.799999,4.01883163,3.97,5.35,1.07922802,1.264,29.40905968,8.58550007,5.255,7.94666667,27.9,3.46207013,2.46,19.4,3.62,4.3,1.83999816,10.512,1.71,5.6,11.25000015,0.208,65.800003,6.01,7.41,1.39,1.225,1.31496131,8.15,1.126172,23.33551401
2022-11-09,26.42,4.01551849,3.91,5.2,1.24185142,1.264,29.11815179,8.5706334,5.25,7.89333333,27.9,3.36721889,2.44,19.530001,3.58,4.05,1.82999817,10.4,1.68,5.6,11.30250015,0.209,66.599998,5.97,7.4,1.378,1.205,1.29015072,7.96,1.102373,23.29020247
2022-11-10,27.059999,4.05858923,3.94,5.2,1.20858754,1.266,31.03633169,9.29166676,5.5,8.0,28.200001,3.39883597,2.45,20.6,3.61,4.16,1.84999815,10.656,1.69,5.592,11.32500015,0.208,67.199997,5.94,7.6,1.38,1.215,1.29511283,8.1,1.103325,23.56207264
2022-11-13,28.139999,4.16460952,4.01,5.39,1.22337148,1.274,31.3817868,9.51466675,6.0,8.17066667,28.85,3.54111283,2.47,21.110001,3.77,4.43,1.90999809,10.808,1.73,5.624,11.70000016,0.212,67.989998,6.1,7.79,1.403,1.25,1.33480978,8.37,1.104277,24.03331432
2022-11-14,28.709999,4.24081161,4.03,5.24,1.2196755,1.301,31.72724282,9.52210008,6.0,8.53333333,29.35,3.53320856,2.53,21.200001,3.96,4.27,1.92333141,10.6,1.707,5.68,11.77500016,0.212,67.800003,6.12,7.52,1.46,1.25,1.33480978,8.56,1.128076,25.32922823
2022-11-15,28.17,4.31701369,4.01,5.27,1.27511529,1.311,31.99996891,9.67076675,5.5,8.72533333,29.42,3.55692137,2.58,21.33,4.07,4.28,1.9333314,10.536,1.73,5.68,11.70000016,0.21,68.5,6.25,7.51,1.489,1.265,1.37946884,8.4,1.135692,25.34735265
2022-11-16,28.4,4.32363996,4.01,5.27,1.27141931,1.315,32.1908769,9.77483342,6.2,8.74666667,29.559999,3.5727299,2.58,21.5,4.11,4.31,1.9333314,10.6,1.784,5.68,11.70000016,0.21,70.080002,6.25,7.54,1.508,1.27,1.4241279,8.45,1.152827,25.78234453
2022-11-17,28.700001,4.522428,4.14,5.32,1.32316312,1.351,32.68178641,10.10190008,6.31,8.96,30.51,3.58063417,2.66,21.9,4.37,4.29,1.95333138,10.72,1.801,5.68,12.10499941,0.213,73.550003,6.34,7.5,1.547,1.31,1.51344603,8.43,1.150923,25.78234453
2022-11-20,29.309999,4.46279159,4.16,5.6,1.34903502,1.352,33.9454206,10.5702001,6.35,8.72,30.610001,3.59644271,2.68,21.5,4.34,4.28,1.94333139,10.696,1.817,5.72,12.49500017,0.213,75.519997,6.21,7.49,1.612,1.285,1.43901426,8.43,1.151875,25.69172146
2022-11-21,29.809999,4.42303398,4.15,5.71,1.31207516,1.333,33.63633,9.66333342,6.25,8.64,30.02,3.52530429,2.65,21.299999,4.24,4.22,1.92333141,10.64,1.788,5.672,12.54750017,0.213,75.550003,6.03,7.5,1.61,1.28,1.4489385,8.34,1.149971,25.98171605
2022-11-22,30.4,4.25737728,4.2,5.7,1.14575577,1.327,34.090875,9.97553343,6.255,8.688,26.799999,3.5490171,2.66,22.0,4.24,4.12,1.93666473,10.624,1.791,5.56,12.37500017,0.212,77.5,6.1,7.44,1.62,1.28,1.42909002,8.3,1.150923,26.28077332
2022-11-23,30.469999,4.29713489,4.15,5.75,1.11988387,1.346,33.73633081,10.07216675,5.05,8.864,26.41,3.72291103,2.67,22.360001,4.45,4.34,2.00666466,10.888,1.782,5.584,12.37500017,0.213,76.650002,6.1,7.64,1.683,1.32,1.40924155,8.5,1.142356,26.38952177
2022-11-24,30.540001,4.49923607,4.22,5.75,1.12357985,1.364,33.73633081,10.07216675,6.21,8.8,25.610001,4.04698609,2.68,22.68,4.72,4.48,2.01333132,10.896,1.782,5.536,12.33750091,0.212,76.82,6.15,7.67,1.65,1.315,1.40924155,8.5,1.138548,26.28077332
2022-11-27,30.780001,4.54230681,4.3,5.75,1.10879591,1.373,34.18178218,10.11676675,6.305,9.06133333,25.870001,4.38686968,2.69,23.0,4.82,4.74,2.05333128,11.208,1.83,5.448,12.52500092,0.213,77.010002,6.05,7.8,1.7,1.325,1.39931731,8.520001,1.136644,26.37139639
2022-11-28,31.799999,4.71127665,4.64,5.9,1.17532366,1.423,34.58178451,10.0350001,6.205,9.07733333,28.15,4.75046609,2.69,22.709999,4.7,4.63,1.999998,11.144,1.92,5.432,13.11750017,0.217,76.32,6.19,8.01,1.72,1.3,1.37946884,8.44,1.136644,26.55264349
2022-11-29,32.5,4.86036768,4.61,5.86,1.14945176,1.445,34.7726925,10.15393342,6.23,9.072,28.5,4.75046609,2.7,22.77,4.72,4.55,1.999998,11.24,1.93,5.344,13.12500018,0.217,76.260002,6.15,8.22,1.73,1.3,1.36954461,8.48,1.147115,26.61607945
2022-11-30,33.400002,5.16848915,4.61,5.95,1.10509992,1.421,35.80905419,9.59643342,5.405,9.12533333,28.5,4.40267822,2.73,22.700001,4.68,4.63,2.02999797,11.416,1.923,5.2,13.13250018,0.218,78.699997,6.4,8.25,1.69,1.32,1.37450672,8.59,1.161395,26.82451365
2022-12-01,33.66,5.17180228,4.64,5.76,1.10509992,1.444,36.35451092,9.59643342,6.205,9.392,28.58,4.31573126,2.73,22.99,4.79,4.64,2.07999792,12.024,1.932,5.28,13.28249943,0.234,81.099998,6.57,8.3,1.7,1.32,1.40427943,8.62,1.180434,27.41356552
2022-12-04,34.950001,5.19168109,5.09,6.0,1.08661999,1.505,37.63632782,9.85660009,6.265,9.57866667,29.07,4.56076362,2.74,24.309999,4.86,4.72,2.17333116,12.36,1.932,5.32,13.46250093,0.236,81.5,6.77,8.51,1.703,1.32,1.45390061,8.66,1.18805,30.42226079
2022-12-05,36.099998,5.14198407,5.42,6.0,1.05335611,1.492,38.49995968,9.93836676,6.38,9.792,29.299999,4.62399777,2.84,24.719999,5.14,4.81,2.31999768,12.68,2.02,5.576,13.97249944,0.237,81.599998,6.9,8.76,1.73,1.305,1.43901426,8.71,1.182338,31.12912284
2022-12-06,36.400002,5.16848915,5.47,5.85,0.93508455,1.475,39.99996,9.81943342,6.25,9.872,28.85,4.62399777,2.95,24.309999,5.05,4.89,2.33999766,12.72,1.981,5.624,13.89000019,0.234,81.599998,6.85,8.8,1.72,1.3,1.4241279,8.7,1.185194,31.35568147
2022-12-07,36.52,5.26788317,5.58,5.83,1.01270026,1.534,40.8272319,9.81943342,6.38,9.89333333,28.959999,4.74256182,3.18,24.360001,5.22,5.0,2.4666642,13.4479992,2.15,5.72,14.55000019,0.241,83.0,6.91,9.0,1.8,1.31,1.38443096,9.15,1.17853,30.1322662
2022-12-08,36.810001,5.25463063,5.68,6.0,1.00900428,1.603,40.49995859,10.07216675,6.25,9.81333333,29.1,4.72675328,3.2,24.4,5.1,4.93,2.45999754,13.8399992,2.134,5.704,14.6325002,0.247,82.120003,6.9,8.0,1.832,1.35,1.38443096,9.45,1.180434,31.2650584
2022-12-11,38.299999,5.30764078,6.12,5.95,0.95356448,1.621,40.54541218,9.90120009,6.2,9.872,29.25,4.91645575,3.16,22.799999,5.07,4.96,2.36333097,14.1600008,2.17,5.68,15.21000095,0.24,84.010002,6.92,8.9,1.78,1.35,1.39931731,9.26,1.18329,30.83006556
2022-12-12,36.52,5.35402465,5.87,5.85,0.90551666,1.662,39.09087,9.90120009,6.2,9.70666667,28.0,4.79789171,3.07,22.35,4.83,4.81,2.30333103,13.7039992,2.09,5.536,16.12500022,0.239,84.0,6.81,8.8,1.694,1.335,1.36954461,9.020001,1.153779,30.81194114
2022-12-13,37.849998,5.82117656,6.22,6.0,0.94247652,1.84,40.72723109,10.05730008,6.2,10.10666667,28.690001,4.9559771,3.23,20.200001,5.14,4.96,2.41333092,14.4,2.18,5.584,17.09999948,0.243,86.019997,7.11,9.06,1.8,1.42,1.38939308,9.35,1.153779,31.45536722
2022-12-14,38.450001,5.88930342,6.25,6.0,0.96095645,2.107,40.95450359,10.4810001,6.21,10.66666667,29.530001,5.00340272,3.35,23.030001,5.35,5.12,2.5999974,14.48,2.28,5.752,17.07000023,0.253,91.699997,7.2,10.6,1.89,1.47,1.41420367,9.95,1.156635,32.18035369
2022-12-15,36.650002,6.45174496,6.03,6.0,0.96095645,2.01,41.363595,10.56276676,6.255,10.66666667,29.51,4.74256182,3.24,23.129999,5.36,5.37,2.61666405,14.536,2.27,5.872,17.03999948,0.255,91.5,7.25,10.76,2.01,1.58,1.41916579,10.1,1.149971,30.81194114
2022-12-18,36.700001,5.9909057,5.86,5.81,1.0016123,2.02,40.18177891,10.7040001,6.275,10.26666667,29.059999,4.63980631,3.22,23.209999,5.18,5.3,2.59666407,14.2399992,2.2,6.408,15.37500021,0.271,88.080002,7.02,10.32,1.95,1.58,1.41420367,10.05,1.160443,29.93289469
2022-12-19,36.400002,6.02719259,5.95,6.18,1.01270026,2.04,38.636325,10.93443343,6.3,10.13333333,28.01,4.5923807,3.15,24.200001,5.1,5.3,2.64666402,14.016,2.14,6.328,15.90000096,0.267,86.199997,7.0,10.73,1.89,1.52,1.37946884,9.72,1.166155,28.45573368
2022-12-20,36.5,6.31385579,6.05,6.0,1.06074808,2.25,37.09087109,10.93443343,6.275,10.18666667,28.5,4.62399777,3.16,25.059999,5.18,5.49,2.68999731,13.944,2.15,6.4160008,16.50000022,0.268,91.25,6.92,10.91,1.94,1.5,1.40924155,9.89,1.151875,27.18700689
2022-12-21,36.759998,6.38642885,5.94,6.0,1.03487618,2.21,35.909055,10.98646676,6.3,10.01066667,28.26,4.58447643,3.11,25.540001,5.09,5.39,2.666664,13.728,2.03,6.52,16.42500022,0.264,90.32,6.9,10.65,2.06,1.625,1.38939308,9.770001,1.14426,27.20513131
2022-12-22,37.0,6.259426,5.93,6.15,1.01639625,2.15,36.32723549,10.76346677,6.31,9.86666667,28.379999,4.65561485,3.05,26.0,5.05,5.27,2.5999974,13.8880008,1.98,7.08,16.50000022,0.262,89.0,7.02,10.31,2.07,1.625,1.38939308,9.53,1.147115,27.64012319
2022-12-25,36.75,6.25579735,5.7,6.38,0.96465244,1.95,36.8363268,10.40666676,6.705,9.54666667,27.879999,4.50543373,2.92,24.9,4.91,5.01,2.51333082,13.464,1.88,6.8160008,15.75750021,0.255,87.300003,6.9,9.79,1.93,1.555,1.34969613,9.2,1.162347,27.68543568
2022-12-26,38.310001,6.35014232,5.85,6.8,0.97943638,1.95,38.18178,10.40666676,6.75,9.86666667,28.219999,4.53705081,2.94,24.9,4.95,5.09,2.53999746,13.8399992,1.89,7.272,15.97499946,0.257,88.0,6.8,9.85,1.95,1.57,1.36458249,9.44,1.161395,27.73074721
2022-12-27,38.599998,6.38642885,6.04,6.8,0.99052434,2.09,37.47269071,10.45126676,6.675,9.968,28.75,4.63190204,3.01,24.950001,5.11,5.37,2.61666405,14.1600008,2.0,7.36,16.38750022,0.26,90.0,6.82,9.51,1.98,1.585,1.37450672,9.62,1.162347,28.18386352
2022-12-28,38.549999,6.35014232,6.14,6.73,1.02378822,2.08,37.40905532,10.19110009,6.75,10.08,28.73,4.63980631,3.03,24.950001,5.12,5.36,2.64666402,14.1759992,2.06,7.28,16.20000022,0.261,92.050003,6.83,9.81,1.96,1.585,1.37946884,9.71,1.163299,28.28354928
2022-12-29,38.419998,6.35014232,6.3,6.75,1.04966013,2.07,37.3363263,10.40666676,6.75,10.08533333,28.41,4.63980631,3.05,25.1,5.22,5.34,2.63999736,14.1520008,2.13,7.448,16.50000022,0.269,95.0,6.9,10.0,1.95,1.57,1.38939308,9.92,1.161395,28.31979908
2023-01-02,38.75,6.49528843,6.3,6.86,1.05335611,2.08,37.4999625,10.48843343,6.835,10.13333333,28.58,4.66351912,3.09,24.639999,5.22,5.36,2.64333069,14.1679992,2.16,7.64,16.50750022,0.272,95.0,7.02,10.4,1.96,1.585,1.4489385,9.95,1.162347,28.56448213
2023-01-03,40.5,6.41908709,6.44,7.35,1.06814006,2.2,38.81814391,10.40666676,6.865,10.26666667,29.0,4.79789171,3.18,24.73,5.36,5.58,2.8999971,14.4479992,2.17,7.52,16.90500098,0.278,94.0,7.18,10.42,2.014,1.605,1.45390061,10.1,1.159491,29.18072111
2023-01-04,38.5,6.25579735,6.06,7.01,0.99791632,2.05,37.6454169,10.19853342,6.505,10.08,27.75,4.66351912,3.1,24.110001,5.16,5.15,2.8333305,14.08,2.03,6.88,16.31250022,0.267,91.0,7.06,9.61,1.971,1.3,1.40427943,9.54,1.158539,28.81822692
2023-01-05,45.0,6.33199942,6.91,7.4,1.00900428,2.19,40.46359408,10.56276676,6.565,10.85866667,29.5,5.05873261,3.25,25.6,5.47,5.75,2.95999704,14.856,2.1,7.04,16.34999947,0.278,95.150002,7.13,10.79,2.12,1.515,1.40924155,10.3,1.156635,31.17443437
2023-01-09,44.810001,6.22313947,7.2,7.12,0.98682836,2.21,41.45450218,11.8190001,6.7,10.928,31.24,5.216818,3.13,25.530001,5.88,5.72,2.93666373,14.88,2.09,6.8160008,16.56000022,0.28,95.400002,7.13,10.79,2.07,1.51,1.40427943,10.0,1.163299,30.82100383
2023-01-10,43.5,6.20499621,6.97,6.71,0.96465244,2.25,39.72723391,11.23176677,6.63,10.73066667,32.130001,5.3749034,3.05,24.040001,5.67,5.48,2.89333044,14.1600008,1.96,6.424,16.27500097,0.27,93.379997,6.7,10.02,1.98,1.425,1.36458249,9.84,1.169963,30.40413637
2023-01-11,43.5,6.47714517,6.91,6.05,0.92399659,2.25,37.99996109,11.24663344,6.5,10.18666667,32.25,5.41442474,3.04,24.02,5.64,5.35,3.02666364,13.6880008,1.92,6.344,14.40000094,0.268,94.0,6.66,9.94,1.91,1.33,1.34473401,9.81,1.161395,30.85725267
2023-01-12,43.209999,6.49528843,7.3,6.25,0.90921264,2.23,37.90905391,11.0831001,6.565,10.94933333,32.259998,5.40652047,2.97,23.6,5.57,5.29,3.0666636,13.48,1.86,6.216,14.48249944,0.26,99.029999,6.69,9.85,1.86,1.245,1.34969613,9.91,1.155683,32.12597947
2023-01-15,44.619999,6.85815371,7.6,6.41,0.92769258,2.23,37.55450881,11.41760011,6.655,11.2,32.959999,5.70688272,3.0,24.200001,5.76,5.33,3.4333299,14.0,1.911,6.24,15.48750021,0.259,100.35,6.76,9.9,1.92,1.25,1.37946884,10.22,1.152827,32.41597501
2023-01-16,44.950001,7.11578842,7.7,6.16,0.97943638,2.24,37.9545075,11.52166678,6.625,11.33333333,35.349998,6.07047913,3.01,24.4,5.79,5.37,3.46332987,14.0479992,1.92,6.6160008,16.50000022,0.262,100.0,6.8,9.94,1.954,1.28,1.36954461,10.22,1.151875,32.30722656
2023-01-17,44.0,7.43873815,7.83,6.41,0.97943638,2.28,38.18178,12.26500012,6.275,11.25866667,35.459999,5.9993407,3.11,25.200001,6.25,5.5,3.48332985,14.48,1.944,6.712,16.51500022,0.264,99.120003,6.85,10.0,1.994,1.39,1.37946884,10.32,1.155683,32.17129196
2023-01-18,42.060001,6.94887003,7.25,6.35,0.98313237,2.26,39.18177718,12.52516678,6.575,10.93333333,35.799999,5.74640407,3.13,24.379999,6.21,5.47,3.50999649,14.32,1.98,6.88,16.88250023,0.26,98.800003,6.8,10.08,1.98,1.365,1.36458249,10.31,1.143308,31.32849435
2023-01-19,42.220001,6.95612733,7.24,6.35,0.9757404,2.28,40.4363232,12.48799937,6.5,10.56,35.5,5.74640407,3.14,24.01,6.35,5.45,3.53999646,14.216,1.98,6.8160008,17.44500023,0.258,98.580002,6.7,10.16,1.982,1.36,1.3397719,10.3,1.14426,31.7181747
2023-01-22,43.099998,6.87629733,7.41,6.2,0.98313237,2.33,40.86359641,12.52516678,6.6,10.45333333,35.619999,5.78592542,3.16,24.07,6.37,5.47,3.7333296,14.2479992,1.986,7.072,17.40000098,0.26,98.5,6.74,10.32,2.17,1.36,1.32984766,10.55,1.1395,31.45536722
2023-01-23,42.330002,6.89444023,7.4,6.3,0.98313237,2.36,41.14541158,12.42109937,6.6,10.224,34.0,5.82544677,3.19,24.200001,6.55,5.3,3.7333296,14.4399992,1.952,7.232,17.25000023,0.258,98.0,6.85,10.31,2.23,1.365,1.31992342,10.45,1.137596,30.7303798
2023-01-24,42.220001,6.97064158,7.44,6.19,0.9757404,2.31,42.2090487,12.00483344,6.615,10.13333333,34.119999,5.8175425,3.16,24.18,6.48,5.32,3.72999627,14.5600008,1.932,7.2160008,17.03999948,0.257,98.599998,7.4,10.3,2.19,1.36,1.32488554,10.41,1.150923,30.82100383
2023-01-25,42.75,7.15207422,7.52,6.21,0.99052434,2.33,44.27268391,12.04200085,6.685,10.352,34.639999,5.83335104,3.19,24.219999,6.55,5.4,3.64999635,15.328,1.938,7.272,17.09999948,0.258,102.49,7.49,10.65,2.23,1.365,1.33480978,10.55,1.151875,30.92975132
2023-01-29,43.060001,7.7544313,7.58,6.26,0.98682836,2.33,46.27268282,12.04200085,7.15,10.40533333,35.0,5.84915958,3.3,24.41,6.65,5.49,3.6999963,15.3679992,1.932,7.768,16.87500023,0.261,103.0,8.7,11.3,2.26,1.37,1.36458249,10.68,1.161395,31.2650584
2023-01-30,42.709999,7.51493949,7.28,6.37,0.94617251,2.24,46.5908625,12.63666678,7.285,10.32,34.220001,5.54879733,3.26,25.639999,6.43,5.23,3.43999656,15.4479992,1.899,7.936,16.74000022,0.258,101.6,8.54,11.45,2.19,1.32,1.34473401,10.6,1.154731,31.44630454
2023-01-31,41.799999,7.6927442,7.28,6.4,0.93138856,2.12,45.00904408,12.94143346,7.4,9.38666667,33.0,5.39071194,3.12,25.9,6.26,5.11,3.35999664,14.8880008,1.78,8.008,15.77250096,0.255,99.0,7.9,10.8,2.11,1.26,1.31992342,10.15,1.152827,31.53692761
2023-02-01,41.720001,7.25730551,7.26,6.18,0.91290863,2.07,45.00904408,13.23133271,7.35,8.912,32.099998,5.31166924,3.07,26.43,6.22,4.87,3.28666338,14.72,1.725,8.04,14.6250002,0.249,99.0,7.65,10.62,2.04,1.265,1.30999919,9.59,1.157587,31.09287399
2023-02-02,41.139999,7.58388426,7.33,6.28,1.0016123,1.98,45.44541092,13.23133271,7.375,8.96,32.25,5.30376497,3.0,26.01,6.1,4.5,3.08666358,14.2479992,1.721,8.168,15.37500021,0.234,99.5,8.24,10.67,2.0,1.25,1.31992342,9.42,1.159491,30.42226079
2023-02-05,39.25,7.29359204,7.12,6.22,0.99052434,1.823,44.18177218,12.64410011,8.08,8.97066667,30.0,4.8532216,2.82,24.620001,5.75,4.39,2.75333058,14.016,1.64,8.0,15.0000002,0.219,92.779999,8.6,10.05,1.97,1.165,1.24052953,9.07,1.161395,30.36788657
2023-02-06,39.810001,7.65645731,7.42,6.5,1.00530829,1.894,46.64540881,13.00833346,7.615,9.06666667,31.6,4.94807283,2.96,25.66,6.07,4.86,3.06999693,14.32,1.68,8.168,15.0000002,0.221,96.0,9.22,10.3,2.22,1.21,1.29015072,9.56,1.163299,30.49475944
2023-02-07,39.900002,7.78708845,7.67,6.6,1.00530829,1.921,48.07268011,13.01576678,8.0,9.39733333,31.85,5.05873261,3.02,27.0,6.21,4.99,3.12999687,14.48,1.698,8.568,15.0075002,0.225,97.089996,9.04,10.43,2.19,1.225,1.29511283,9.7,1.169963,30.4494479
2023-02-08,39.52,7.63105711,7.52,6.66,0.99052434,1.96,48.36358891,13.23133271,8.25,9.06666667,32.919998,5.02711553,3.02,26.610001,6.14,4.96,3.0666636,14.32,1.691,8.24,15.86250021,0.228,98.0,8.95,10.8,2.14,1.24,1.29511283,9.49,1.166155,30.45850964
2023-02-09,41.060001,7.81974632,7.6,6.7,1.03857217,1.956,50.49994859,13.15700087,8.325,9.33333333,33.299999,5.16148811,3.04,27.059999,6.17,5.06,3.07666359,14.328,1.68,8.264,15.75000021,0.235,97.0,9.0,11.02,2.15,1.235,1.29511283,9.45,1.170914,30.82100383
2023-02-12,41.32,7.6927442,7.89,6.7,1.04596414,1.97,49.90904282,13.38000012,8.505,9.33333333,33.5,5.35909486,3.08,26.75,6.22,5.19,3.25333008,15.144,1.657,8.4,16.13250022,0.238,96.599998,9.0,10.94,2.12,1.29,1.29511283,9.69,1.172818,30.92068958
2023-02-13,40.880001,7.74717363,7.73,6.7,1.19380359,1.98,49.99995,13.26106678,8.5,9.50933333,32.810001,5.35909486,3.04,26.01,6.17,5.19,3.21666345,15.128,1.665,8.272,16.29750022,0.239,95.260002,8.88,10.99,2.08,1.31,1.30007495,9.63,1.169963,31.17443437
2023-02-14,41.27,7.80160342,7.73,6.7,1.27141931,2.0,50.6817675,13.38000012,8.7299995,9.6,32.77,5.43813755,3.05,26.549999,6.19,5.22,3.24666342,15.8479992,1.678,8.312,16.14750097,0.245,95.050003,8.92,10.95,2.1,1.32,1.30999919,9.72,1.169963,31.17443437
2023-02-15,41.369999,7.89231974,7.85,6.7,1.27881128,2.08,50.454495,13.23133271,8.76,9.616,33.139999,5.49346744,3.16,26.610001,6.35,5.45,3.44999655,15.928,1.77,8.936,17.02500098,0.245,96.900002,9.6,11.25,2.16,1.355,1.30503707,10.05,1.169963,31.28318282
2023-02-16,41.630001,7.7653169,8.05,6.7,1.22337148,2.09,50.05449631,13.38000012,8.75,9.76,33.970001,5.61993576,3.12,26.209999,6.45,5.45,3.4999965,16.5119992,1.751,9.136,16.87500023,0.24,97.32,9.66,11.45,2.15,1.35,1.27030224,9.87,1.166155,31.45536722
2023-02-19,41.720001,7.67460058,8.39,6.7,1.19380359,2.15,50.00903908,13.38000012,8.3999995,9.76,34.209999,5.54089306,3.07,25.799999,6.28,5.4,3.3666633,16.1600008,1.727,8.808,16.50000022,0.24,99.150002,9.4,11.15,2.1,1.33,1.26534012,9.770001,1.159491,31.2650584
2023-02-20,40.0,7.45688105,8.11,6.7,1.21228352,2.07,47.86359032,13.35026605,7.9,9.6,33.009998,5.26424362,3.01,24.25,5.95,5.16,3.20333013,15.4399992,1.695,8.72,16.72499947,0.239,96.620003,9.0,10.9,2.03,1.285,1.20579471,9.51,1.159491,30.35882483
2023-02-21,39.860001,7.32987893,8.21,6.72,1.23815543,2.05,47.727225,13.20903345,8.0,9.44533333,33.0,5.16939238,3.01,24.299999,5.9,5.13,3.20333013,15.3600008,1.674,8.64,16.35749947,0.235,95.199997,8.98,10.62,2.0,1.28,1.19090835,9.58,1.150923,30.35882483
2023-02-22,40.200001,7.18473209,8.15,6.7,1.17901965,2.06,47.90904391,12.63666678,8.2,9.52,32.700001,5.26424362,3.0,24.700001,5.8,5.01,3.18999681,15.2880008,1.675,8.4,15.90749946,0.235,95.32,8.7,11.0,1.97,1.29,1.20083259,9.55,1.149971,28.93603805
2023-02-23,39.900002,7.13030266,8.17,6.71,1.1642357,2.0,48.0999519,13.11983345,8.05,9.38666667,32.759998,5.17729665,3.03,24.709999,5.72,5.01,3.14999685,15.4399992,1.669,8.344,15.75000021,0.235,95.080002,8.91,11.02,1.96,1.3,1.20083259,9.51,1.169963,30.34976214
2023-02-26,40.529999,7.22827629,8.270001,6.91,1.16793169,2.05,49.36358609,13.23133271,8.0649995,9.41333333,33.110001,5.34328632,3.07,25.0,5.84,5.11,3.22666344,15.5679992,1.68,8.488,16.05750021,0.237,94.949997,9.05,11.06,2.04,1.315,1.19587047,9.62,1.19281,31.85410931
2023-02-27,41.299999,7.18473209,8.3,7.8,1.17532366,2.13,49.43631511,13.14213345,8.1049995,9.6,34.32,5.38280767,3.14,26.0,5.83,5.24,3.26999673,15.872,1.66,8.72,16.77750097,0.236,95.400002,9.1,10.9,2.04,1.33,1.19090835,9.6,1.208993,32.89627843
2023-02-28,41.349998,7.19924707,8.42,7.35,1.20858754,2.14,48.28177081,13.23133271,8.0249995,9.6,34.139999,5.31957351,3.13,25.129999,5.62,5.38,3.23666343,15.8399992,1.673,8.488,16.65000097,0.235,94.949997,9.04,10.57,2.01,1.315,1.18594623,9.51,1.189002,31.87223468
2023-03-01,40.91,7.21738997,8.41,7.9,1.24924339,2.22,48.22722359,13.38743345,8.005,9.71733333,34.189999,5.35119059,3.14,26.0,5.64,5.42,3.17333049,16.0,1.685,8.4,16.95750098,0.236,94.300003,9.05,10.58,2.03,1.32,1.16609776,9.53,1.180434,32.17129196
2023-03-02,40.759998,7.08313018,8.51,7.75,1.2196755,2.24,47.99086201,13.38000012,7.76,9.74933333,34.18,5.3749034,3.14,25.799999,5.42,5.44,3.11999688,15.8880008,1.682,8.376,17.25750023,0.238,93.75,9.08,10.76,2.07,1.36,1.16609776,9.4,1.18329,32.31628925
2023-03-05,40.650002,6.90169754,8.57,7.75,1.18271563,2.19,47.2908618,13.23133271,7.11,9.65866667,31.6,5.2958607,3.13,25.799999,5.36,5.36,3.01666365,15.616,1.672,8.08,17.25000023,0.235,92.730003,8.95,10.77,2.05,1.34,1.176022,9.35,1.184242,32.47034828
2023-03-06,40.700001,7.11578842,8.5,7.7,1.18271563,2.18,47.8726794,13.04549937,7.75,9.664,34.48,5.27214789,3.12,26.75,5.45,5.34,3.0666636,15.6,1.67,8.2,17.25000023,0.235,92.199997,9.01,10.93,2.05,1.35,1.16609776,9.2,1.159491,31.74536181
2023-03-07,40.150002,7.02144308,8.45,7.26,1.14575577,2.09,47.19995098,12.07916678,7.5,9.06133333,34.709999,5.09825396,3.02,25.4,5.36,5.06,2.97999702,15.416,1.622,8.16,16.57500022,0.226,90.010002,9.2,10.99,1.99,1.305,1.15121141,8.83,1.140452,31.55505298
2023-03-08,39.709999,6.80735257,8.2,7.33,1.12727584,2.02,47.27268,11.1500001,7.255,9.01333333,36.299999,4.90064721,2.97,25.26,5.24,5.03,2.91666375,15.128,1.545,8.12,16.77000097,0.227,88.660004,9.04,10.75,1.95,1.29,1.11647658,8.65,1.132836,31.21974591
2023-03-09,39.900002,6.83638179,8.22,7.4,1.14205978,2.07,47.73631408,11.2615001,7.0,9.09333333,36.169998,4.99549845,2.99,26.08,5.22,5.07,2.93999706,15.3600008,1.531,7.8,16.65000097,0.227,89.410004,8.94,10.93,1.97,1.31,1.11647658,8.8,1.132836,31.2650584
2023-03-12,39.919998,6.53157496,8.22,7.4,1.10879591,1.97,47.19995098,10.40666676,6.555,8.53333333,34.380001,4.97968991,2.95,25.0,5.01,4.81,2.81666385,14.8880008,1.515,7.4,16.77750097,0.224,86.599998,8.22,10.9,1.94,1.255,1.11151446,8.25,1.141404,31.49161607
2023-03-13,37.93,6.41545807,7.52,7.3,0.99791632,1.75,45.4545,10.29516676,6.9,8.08,31.5,4.50543373,2.81,24.6,4.69,4.45,2.57333076,13.2,1.333,7.168,15.75000021,0.201,83.459999,7.56,10.65,1.72,1.13,1.00234786,8.31,1.162347,31.80879777
2023-03-14,38.0,6.2412831,7.67,6.5,0.96095645,1.77,44.54541,10.31003342,6.955,8.16,31.65,4.22878429,2.82,24.200001,4.77,4.49,2.57999742,13.68,1.297,7.128,15.82500021,0.2,86.860001,7.71,10.5,1.73,1.145,1.04700693,8.41,1.151875,31.67286317
2023-03-15,36.07,5.98727705,6.41,6.9,0.85007686,1.51,43.62723092,10.31003342,6.75,7.552,28.5,3.809858,2.65,23.0,4.3,3.97,2.17333116,12.408,1.162,5.84,13.31250018,0.168,85.0,7.0,9.85,1.61,0.95,0.97257515,8.31,1.14426,31.03849977
2023-03-16,37.0,5.80584441,6.75,6.52,0.85377285,1.53,43.63632,9.88633343,6.525,7.552,28.5,3.84147507,2.65,22.51,4.33,4.0,2.18666448,12.4,1.16,6.392,13.14000018,0.16,85.019997,6.71,9.75,1.53,0.97,0.94776456,8.2,1.113797,30.99318823
2023-03-19,37.5,5.9219613,6.93,6.6,0.88703673,1.51,43.0181388,9.51466675,6.9,7.632,30.0,3.97584766,2.61,20.23,4.4,4.15,2.37666429,12.288,1.17,6.48,14.10749944,0.171,83.459999,6.9,9.89,1.57,1.005,0.94776456,8.38,1.113797,31.50067876
2023-03-20,38.900002,6.42271574,7.0,6.61,0.90921264,1.57,43.45450109,9.81200009,7.12,7.82933333,31.01,4.20507148,2.68,21.25,4.53,4.3,2.48666418,12.56,1.23,7.08,14.27250094,0.181,84.510002,7.01,9.95,1.59,1.03,0.9700941,8.4,1.126172,31.5822401
2023-03-21,39.360001,6.53520361,7.23,7.0,0.94986849,1.676,44.090865,9.92350009,7.25,8.304,32.400002,4.48172092,2.73,21.9,4.82,4.46,2.56999743,13.12,1.301,7.248,15.0150002,0.188,87.129997,7.54,10.5,1.666,1.12,1.01723422,8.48,1.131884,31.53692761
2023-03-22,39.610001,6.35014232,7.2,6.78,1.00530829,1.724,44.43632011,10.0350001,7.01,8.53333333,33.540001,4.60028497,2.7,21.950001,4.91,4.5,2.55999744,13.3759992,1.32,6.8,14.72999945,0.19,87.199997,7.81,10.56,1.676,1.12,1.02517361,8.36,1.123316,31.64567605
2023-03-23,39.610001,6.31385579,7.22,7.11,0.99052434,1.701,44.65449989,10.04986675,7.225,8.496,33.099998,4.57657216,2.69,21.85,4.86,4.59,2.53666413,13.144,1.263,7.2,15.0075002,0.186,87.449997,7.87,10.57,1.66,1.08,1.02715845,8.35,1.128076,32.49753539
2023-03-26,39.939999,6.35014232,7.38,7.3,1.02009223,1.775,45.96359131,10.53303343,7.255,8.85866667,34.130001,4.70304047,2.89,22.4,5.03,4.79,2.6333307,13.2,1.341,7.456,15.87750021,0.191,91.699997,7.9,11.03,1.76,1.125,1.02715845,8.61,1.141404,35.38842049
2023-03-27,40.599998,6.31022678,8.07,7.61,1.01270026,1.76,45.95449859,10.91956676,7.25,8.96533333,36.52,4.8769344,2.78,22.690001,5.24,4.7,2.85666381,13.2,1.38,7.6,16.08750096,0.187,91.900002,7.93,11.38,1.75,1.12,1.01723422,8.62,1.1395,34.67249575
2023-03-28,40.48,6.28845522,8.16,7.6,0.96465244,1.751,44.54541,11.60343343,7.35,8.8,35.939999,4.86903014,2.79,22.5,5.15,4.61,2.81999718,12.656,1.362,7.984,15.0075002,0.184,93.050003,7.8,11.5,1.78,1.095,0.99242363,8.65,1.132836,34.61812248
2023-03-29,40.75,6.31385579,8.74,7.63,0.98682836,1.827,44.54541,11.78183344,7.25,9.01333333,36.349998,5.17729665,2.84,22.780001,5.29,4.69,2.90666376,12.9759992,1.389,8.368,15.75000021,0.19,95.5,7.91,12.26,1.85,1.12,0.99738575,8.63,1.137596,36.24934252
2023-03-30,42.439999,6.62591993,8.91,7.66,1.06444407,1.851,45.36359282,11.90820011,7.255,9.104,36.009998,5.16939238,2.82,23.530001,5.28,4.7,2.9333304,13.328,1.364,8.616,15.3225002,0.19,95.5,7.81,13.01,1.801,1.11,0.96761304,8.49,1.142356,39.05866627
2023-04-02,43.700001,6.67672107,9.05,7.56,1.082924,1.852,46.27268282,12.64410011,7.265,9.072,36.0,5.24843508,2.82,24.33,5.3,4.71,2.93999706,13.384,1.362,8.688,15.0000002,0.193,95.580002,7.61,13.7,1.81,1.105,0.98249939,8.51,1.14426,38.87742013
2023-04-03,44.5,6.77832335,9.34,7.61,1.10879591,1.894,46.818135,12.85966603,7.425,9.44,37.740002,5.34328632,2.88,24.84,5.66,4.8,3.10999689,13.52,1.39,8.776,15.37500021,0.197,96.019997,7.79,14.15,1.87,1.15,0.99192742,8.64,1.147115,38.9680432
2023-04-04,45.880001,6.95975598,9.33,7.6,1.1383638,2.054,47.37268081,12.26500012,7.27,9.36,38.939999,5.53298879,2.94,24.75,5.64,5.15,3.15999684,14.0399992,1.483,8.72,15.0000002,0.201,99.0,7.99,14.06,1.922,1.175,1.03658648,8.81,1.151875,39.01335474
2023-04-05,46.0,7.00692811,9.13,7.66,1.17162767,2.021,47.55449881,12.26500012,7.28,9.36,38.110001,5.43813755,3.01,24.15,5.67,5.29,3.10999689,13.936,1.502,8.808,14.7450002,0.213,98.029999,8.3,13.74,1.951,1.18,1.08670387,8.94,1.149971,38.9680432
2023-04-06,44.799999,6.82186682,9.1,7.7,1.15684373,1.962,46.90904218,12.27986677,7.23,9.072,38.490002,5.2958607,2.95,23.92,5.57,5.33,2.999997,13.608,1.486,9.352,14.8875002,0.214,97.5,8.16,13.6,1.922,1.175,1.11250689,8.88,1.151875,37.527132
2023-04-09,43.66,6.7130076,8.92,7.7,1.16793169,1.962,46.55449799,12.19066678,7.25,9.06666667,38.810001,5.23262654,2.91,23.620001,5.47,5.16,2.98333035,13.3759992,1.454,9.608,14.77500095,0.218,97.5,8.03,13.56,1.902,1.16,1.10655234,8.8,1.161395,37.527132
2023-04-10,43.639999,6.76743739,9.07,7.7,1.23076346,2.07,46.5908625,12.19810012,7.26,9.136,38.75,5.23262654,2.92,23.75,5.46,5.2,2.999997,13.384,1.482,9.64,14.42250019,0.228,97.0,8.1,13.7,1.928,1.175,1.08174175,8.83,1.162347,39.4302222
2023-04-11,44.09,6.79283759,9.16,7.7,1.23445944,2.153,46.36359,12.24269936,7.24,9.22666667,38.700001,5.28795643,2.94,24.540001,5.57,5.29,3.07333026,13.456,1.483,9.704,14.47499944,0.225,97.25,8.26,14.12,2.02,1.18,1.08670387,8.89,1.160443,39.96489984
2023-04-12,44.700001,6.82186682,9.3,7.75,1.23445944,2.12,45.31813468,12.45083344,7.25,9.22666667,38.5,5.51718025,2.98,24.700001,5.51,5.33,3.15333018,13.536,1.456,10.0,14.09999944,0.225,97.0,8.41,14.23,1.99,1.18,1.07677964,8.8,1.056679,35.11655032
2023-04-13,44.799999,6.80372392,9.32,8.03,1.20489155,2.123,46.45449718,12.49543271,7.285,9.232,38.5,5.54089306,2.95,24.799999,5.51,5.31,3.17999682,13.4399992,1.45,10.08,14.25000019,0.225,96.120003,8.3,14.4,1.98,1.175,1.04700693,8.8,1.066199,36.51214999
2023-04-18,45.880001,7.03958634,9.58,8.0,1.20119557,2.13,48.68176859,12.59950085,7.4,9.39733333,39.099998,5.65155284,2.95,24.549999,5.58,5.33,3.27333006,13.4399992,1.421,10.0,14.38500019,0.225,96.139999,8.3,15.59,2.01,1.175,1.06189328,8.84,1.08143,37.16463877
2023-04-19,48.23,7.53671177,9.9,7.76,1.21228352,2.19,48.46358881,12.48799937,7.56,9.73333333,40.900002,5.94401081,2.99,24.75,5.6,5.35,3.2999967,13.9119992,1.428,10.2,14.7600002,0.228,100.0,8.34,16.07,2.02,1.185,1.06189328,8.91,1.091902,39.42116046
2023-04-26,48.389999,7.25730551,9.94,7.84,1.20119557,2.18,47.40904532,12.56233344,7.775,9.89333333,40.509998,6.00724497,2.94,24.25,5.61,5.5,3.26999673,13.864,1.43,10.56,14.8200002,0.228,101.6,8.5,15.9,2.0,1.205,1.07677964,9.1,1.083334,38.87742013
2023-04-27,49.5,7.47502468,10.18,7.9,1.22337148,2.22,47.63631782,12.69613345,8.0,9.94666667,40.82,6.11000048,2.95,24.4,5.84,5.79,3.3666633,13.864,1.493,10.496,15.75000021,0.228,101.76,8.9,16.6,2.01,1.225,1.07677964,9.17,1.085238,39.05866627
2023-04-30,49.200001,7.58751291,10.48,8.21,1.21597951,2.21,48.31813532,12.56233344,7.775,9.81866667,42.209999,6.29970295,3.05,24.219999,5.77,5.98,3.2999967,14.528,1.629,10.544,15.82500021,0.231,103.0,8.99,16.77,2.03,1.205,1.11647658,9.54,1.085238,38.6508615
2023-05-01,47.02,7.36616473,9.39,8.26,1.16793169,2.1,47.81813218,12.45083344,7.75,9.70666667,42.0,6.17323464,3.0,23.1,5.7,5.84,3.17666349,14.128,1.6,10.568,15.2400002,0.23,101.17,8.9,16.6,1.98,1.185,1.09662811,9.35,1.083334,37.01964147
2023-05-02,46.5,7.54759737,9.35,8.15,1.16793169,2.08,47.78177131,12.63666678,7.5,9.65866667,41.060001,6.03886205,2.95,23.0,5.7,5.8,3.14666352,14.1679992,1.611,10.56,15.09000095,0.227,100.25,8.62,16.0,1.94,1.185,1.08174175,9.3,1.084286,37.06495301
2023-05-03,47.799999,7.58751291,9.08,8.0,1.16793169,2.07,47.81813218,12.67383271,7.74,9.49333333,41.529999,5.8965852,2.95,23.26,5.75,5.75,3.0999969,14.2240008,1.726,10.56,15.22499945,0.222,99.010002,9.0,15.31,1.92,1.19,1.08174175,9.08,1.060487,37.79900217
2023-05-07,47.299999,7.65645731,9.0,7.85,1.16053972,2.08,47.96358658,12.40623419,7.505,9.25333333,42.5,5.87287239,2.92,22.9,5.7,5.68,3.08333025,14.2,1.814,10.728,14.9250002,0.219,98.75,8.92,15.51,1.901,1.18,1.08174175,9.03,1.063343,37.15557608
2023-05-08,47.630001,7.6927442,9.09,7.92,1.17532366,2.13,47.99995109,12.44340011,7.76,9.33333333,43.330002,5.97562789,2.95,22.969999,5.74,5.77,3.12999687,14.336,1.872,10.856,14.96250095,0.224,99.160004,9.51,16.0,1.931,1.19,1.09662811,9.21,1.065247,38.33367981
2023-05-09,49.900002,7.89231974,9.41,8.01,1.18271563,2.16,46.818135,12.53260086,7.75,9.33333333,45.009998,6.09419194,2.98,23.0,5.8,5.85,3.20666346,14.816,1.851,10.72,15.0750002,0.235,101.0,10.2,16.5,1.97,1.19,1.10159023,9.25,1.03764,38.9680432
2023-05-10,49.919998,7.7108871,9.270001,7.92,1.1642357,2.12,47.27268,12.41366753,7.7,9.30666667,44.610001,5.98353216,3.05,22.9,5.72,5.7,3.14999685,14.72,1.921,10.568,15.0525002,0.232,100.11,10.07,16.0,1.931,1.175,1.08670387,9.05,1.03764,38.15243271
2023-05-11,51.669998,7.57299866,9.32,7.92,1.18271563,2.17,46.54540891,12.11633269,7.695,9.14666667,45.419998,6.11000048,2.99,23.0,5.74,5.8,3.1333302,15.136,2.038,10.408,15.2400002,0.238,100.54,10.46,16.82,1.965,1.195,1.10159023,9.12,1.009081,38.42430288
2023-05-14,51.799999,7.62017079,9.01,7.92,1.14945176,2.18,46.09086391,12.26500012,7.7,9.07733333,45.549999,6.03095778,2.95,23.110001,5.72,5.82,3.09666357,14.9759992,1.98,10.008,15.0750002,0.246,100.5,10.78,16.73,1.95,1.175,1.12640082,9.05,0.943395,36.88370591
2023-05-15,50.75,8.43661766,8.89,7.95,1.13466781,2.21,47.09995381,11.89333344,7.505,9.14666667,46.040001,6.12580902,2.92,23.08,5.53,5.72,3.02333031,14.92,1.9,9.96,14.90999945,0.235,99.980003,10.78,16.200001,1.926,1.16,1.13136293,8.93,0.943395,37.15557608
2023-05-16,49.0,8.12818217,8.520001,6.61,1.1383638,2.16,46.818135,11.74466677,7.55,8.96533333,45.23,4.94016856,2.86,22.549999,5.44,5.48,2.90333043,14.736,1.87,9.68,14.55000019,0.231,98.199997,10.36,15.25,1.9,1.15,1.11647658,8.73,0.951963,36.70245977
2023-05-17,48.700001,8.12818217,8.25,7.6,1.16053972,2.14,47.0454075,11.33583344,7.525,8.99733333,44.0,6.11790475,2.8,22.68,5.45,5.31,2.8666638,14.656,2.03,9.688,14.13750019,0.229,99.300003,10.06,14.4,1.86,1.125,1.12640082,8.5,0.959579,35.79622526
2023-05-18,47.700001,8.1027816,8.05,7.25,1.16053972,2.1,46.45449718,11.44733344,7.53,9.06666667,43.029999,6.05467059,2.74,22.719999,5.33,5.25,2.7666639,14.5759992,2.03,9.48,13.87500019,0.225,99.5,10.04,14.3,1.804,1.125,1.11151446,8.44,0.96529,35.79622526
2023-05-21,48.009998,8.16809735,8.24,7.44,1.17162767,2.15,46.45449718,12.04200085,7.55,9.088,43.700001,6.1574261,2.78,22.76,5.48,5.34,2.85999714,14.72,2.15,9.56,13.60499943,0.226,101.14,10.36,14.43,1.841,1.125,1.14624929,8.54,0.978618,36.07715811
2023-05-22,47.849998,8.17898367,8.15,7.42,1.28250727,2.12,46.99995391,12.22783419,7.775,9.09333333,43.400002,6.06257486,2.78,22.799999,5.38,5.35,2.81666385,14.5600008,2.18,9.824,13.86750018,0.229,100.63,10.27,14.54,1.84,1.135,1.15617353,8.520001,0.968146,35.95934793
2023-05-23,46.650002,7.94674953,8.0,7.12,1.43034672,2.09,47.05449658,12.41366753,7.825,8.96,42.0,5.94401081,2.7,22.73,5.4,5.34,2.7333306,14.4,2.15,10.0,13.63500018,0.229,99.0,9.86,14.5,1.823,1.14,1.14128717,8.39,0.968146,35.29779742
2023-05-24,47.43,7.98303606,8.2,7.3,1.33794706,2.13,47.28176908,12.34676752,7.8,9.14666667,42.52,6.06257486,2.76,23.0,5.55,5.42,2.80999719,14.6399992,2.14,10.016,13.96500094,0.234,100.09,10.1,15.3,1.846,1.16,1.15617353,8.51,0.971954,35.79622526
2023-05-25,47.720001,7.99392238,8.31,7.55,1.32316312,2.16,47.54540609,12.64410011,7.99,9.41333333,42.700001,6.05467059,2.77,23.23,5.62,5.43,2.85666381,14.8320008,2.05,9.936,14.05500019,0.235,104.0,10.0,15.36,1.867,1.18,1.13632505,8.6,0.971002,36.06809542
2023-05-28,47.119999,8.06649507,8.2,7.77,1.64840991,2.17,47.2908618,12.85966603,8.3,9.41333333,42.790001,6.05467059,2.78,23.4,5.66,5.45,2.85333048,14.8,2.08,9.768,14.21250094,0.234,104.05,10.07,15.3,1.87,1.185,1.14624929,8.65,0.971954,35.88684928
2023-05-29,46.900002,8.45476056,8.13,7.8,1.79994536,2.17,46.84540679,13.05293271,9.0,9.33866667,42.860001,6.04676632,2.78,23.73,5.72,5.59,2.87333046,14.8,2.16,9.76,14.6250002,0.235,107.11,10.15,14.9,1.89,1.22,1.1214387,8.65,0.975762,34.98061572
2023-05-30,47.349998,8.46564688,8.24,7.91,2.0327925,2.23,47.01813571,13.61043271,9.3050005,9.392,43.060001,6.09419194,2.86,23.99,5.77,5.61,3.21999678,15.0,2.15,9.76,14.55000019,0.237,115.11,10.57,15.1,1.97,1.24,1.12640082,9.16,0.97957,35.52435605
2023-05-31,46.459999,8.78134003,8.33,7.82,2.15845603,2.24,47.5181343,14.12333346,9.2,9.44,43.619999,6.14161756,2.95,24.1,5.64,5.56,3.32333001,15.128,2.1,9.848,14.77500095,0.237,117.0,11.0,15.22,1.99,1.24,1.12640082,9.42,0.978618,35.32498453
2023-06-01,46.299999,8.78859661,8.35,7.88,2.0327925,2.26,47.37268081,13.62530013,9.01,9.41333333,43.459999,6.09419194,2.96,24.0,5.69,5.56,3.33333,15.128,2.11,10.008,14.76750095,0.237,117.06,11.2,15.32,1.995,1.24,1.13632505,9.28,0.973858,35.20717435
2023-06-04,44.650002,8.74505314,8.25,7.73,2.04358478,2.4,47.46358799,13.56583346,9.175,9.23733333,43.049999,6.11790475,3.04,24.1,5.71,5.5,3.47332986,15.408,2.21,10.008,14.7000002,0.241,119.93,10.92,15.62,2.07,1.275,1.15617353,9.44,0.97481,34.98061572
2023-06-05,42.959999,9.02083111,8.1,7.71,2.45230173,2.6,47.27268,13.49150012,8.75,9.32266667,42.200001,6.11000048,3.04,24.5,5.81,5.41,3.45999654,15.4399992,2.41,9.608,14.7975002,0.245,119.11,10.75,15.7,2.08,1.305,1.16113564,9.4,0.975762,34.39156385
2023-06-06,43.02,8.89019925,8.14,7.6,2.91432959,2.62,47.31813359,13.49150012,8.7799995,9.40266667,42.41,6.12580902,3.05,24.950001,5.81,5.38,3.48666318,15.8,2.42,9.616,14.60249944,0.254,116.11,10.7,15.44,2.1,1.28,1.20083259,9.4,0.976714,33.07752552
2023-06-07,43.0,8.52733397,8.15,7.5,3.52740503,2.71,47.28176908,13.56583346,8.7749995,9.49333333,41.41,6.5210225,2.97,25.440001,5.77,5.31,3.61666305,15.6479992,2.52,9.72,14.17500019,0.248,116.23,10.63,14.95,2.1,1.27,1.20579471,9.36,0.978618,31.91754622
2023-06-08,42.419998,8.171726,8.15,7.44,3.82061502,2.73,47.27268,13.64760087,8.6000005,9.408,41.07,6.59216093,2.96,25.83,5.75,5.3,3.61999638,15.6240008,2.54,9.616,13.95000019,0.247,116.51,10.51,14.83,2.08,1.26,1.2306053,9.1,0.978618,31.55505298
2023-06-11,43.049999,8.01932259,8.3,7.55,4.00720319,2.75,48.09086282,13.90776605,8.5249995,9.6,42.0,6.68701217,2.95,26.68,5.79,5.36,3.71999628,15.7600008,2.56,9.616,13.80000018,0.246,115.3,10.68,15.07,2.1,1.26,1.24052953,9.25,0.97957,32.37972521
2023-06-12,43.540001,7.98303606,8.46,7.51,3.66068229,2.77,47.38176989,13.93750012,8.5600005,9.59466667,43.419998,6.77395913,3.05,26.299999,6.07,5.61,3.666663,15.8399992,2.51,9.64,13.61250018,0.246,118.61,10.79,15.5,2.19,1.25,1.24052953,9.35,0.978618,32.64253269
2023-06-13,44.599998,7.87417684,8.51,7.49,3.26085049,2.74,47.27268,13.93750012,8.5600005,9.50933333,43.099998,6.90042745,3.07,26.35,6.05,5.72,3.60666306,15.744,2.53,9.8,13.61250018,0.243,119.05,10.61,15.26,2.18,1.225,1.23556742,9.11,0.969098,31.99004487
2023-06-14,45.509998,7.90683472,8.4,7.2,3.26085049,2.91,47.37268081,13.93750012,8.6949995,9.44,43.110001,6.81348048,3.07,26.9,5.95,5.86,3.6333297,15.808,2.57,9.808,13.91249944,0.24,122.0,10.67,15.06,2.17,1.21,1.21075682,9.16,0.971002,32.30722656
2023-06-15,44.900002,7.91046264,8.3,7.2,3.09203262,2.85,47.47268071,14.3091668,8.75,9.39733333,42.200001,6.70282071,3.12,26.299999,5.87,5.88,3.61666305,15.864,2.52,9.6,14.25000019,0.241,121.84,10.63,14.86,2.14,1.21,1.20083259,9.2,0.971002,32.62440826
2023-06-18,44.900002,7.89594839,8.29,7.23,3.13645837,2.87,47.8726794,14.8666668,8.8050005,9.44,43.0,6.66329936,3.13,26.35,5.93,5.97,3.74999625,15.9039992,2.55,9.704,14.25750019,0.241,118.5,10.65,14.88,2.14,1.24,1.22564318,9.13,0.97005,33.03221303
2023-06-19,45.09,7.83788995,8.28,7.3,3.48297927,2.76,47.30904451,15.49850014,8.875,9.38666667,43.009998,6.76605486,3.01,26.1,5.83,5.98,3.7333296,15.384,2.49,9.76,14.00250019,0.256,117.1,10.62,15.31,2.1,1.235,1.2306053,8.3,0.97005,32.44316117
2023-06-20,44.939999,8.06286606,8.29,7.49,3.53629018,2.79,46.818135,15.54310014,9.0550005,9.38666667,43.5,6.77395913,3.02,25.959999,5.82,6.07,3.75999624,15.4479992,2.49,9.72,14.02500094,0.254,118.99,10.7,15.11,2.1,1.225,1.21571894,9.05,0.971002,32.26191503
2023-06-21,43.700001,8.09189528,8.15,7.61,3.85615562,2.76,46.59995158,15.5356668,9.1049995,9.296,42.73,6.6000652,2.97,25.450001,5.66,6.35,3.6999963,15.28,2.41,9.736,13.89000019,0.246,116.0,10.8,14.9,2.06,1.205,1.20083259,8.88,0.971002,31.55505298
2023-06-22,43.709999,8.06649507,8.05,7.7,3.50963472,2.76,46.46359081,15.23833348,9.1000005,9.12,42.799999,6.58425666,2.93,24.9,5.57,6.3,3.67666299,15.2,2.39,9.744,13.83000093,0.245,116.0,10.85,14.82,2.05,1.19,1.16609776,8.9,0.97005,31.62755163
2023-06-25,43.950001,7.99029337,8.06,7.56,3.52740503,2.85,44.4817737,14.94100014,9.0600005,9.06666667,42.099998,6.70282071,2.95,25.16,5.44,6.37,3.7333296,14.728,2.5,9.76,13.74750018,0.245,118.28,10.81,14.37,2.02,1.15,1.15121141,8.88,0.97005,31.52786587
2023-06-26,43.91,8.05560948,8.06,7.7,3.53629018,2.85,44.54541,15.12683347,9.0200005,9.072,42.5,6.91623599,2.9,25.4,5.46,6.37,3.6999963,14.728,2.47,9.6,13.81500018,0.245,120.01,10.8,14.51,2.02,1.155,1.14624929,8.87,0.969098,31.53692761
2023-07-04,44.549999,8.34590134,8.05,8.15,3.61625654,2.85,45.09995581,14.57676754,9.1450005,9.09866667,42.009998,7.13755554,2.95,25.219999,5.49,6.33,3.70332963,14.8399992,2.56,9.72,14.02500094,0.246,122.18,10.8,14.81,2.1,1.175,1.16609776,8.92,0.964339,32.17129196
2023-07-05,44.990002,8.34590134,8.05,7.86,3.61625654,2.84,44.8363188,14.64366755,9.175,8.95466667,42.029999,7.15336408,2.94,24.469999,5.52,6.2,3.68999631,14.8479992,2.49,9.632,14.25000019,0.24,122.0,10.45,14.47,2.09,1.155,1.16113564,8.85,0.963387,32.30722656
2023-07-06,44.509998,8.49104745,8.0,7.8,3.68733775,2.87,43.6545018,14.13076679,9.2,8.85333333,41.5,6.91623599,2.9,24.15,5.51,6.27,3.60666306,14.872,2.38,9.52,14.09999944,0.235,124.01,10.07,14.0,2.07,1.14,1.13136293,8.73,0.964339,32.28003945
2023-07-09,43.400002,8.06649507,7.6,7.51,2.97652565,2.44,43.27268218,13.7516668,9.0200005,8.864,38.0,6.57635239,2.8,23.5,5.3,5.96,3.24999675,14.4399992,2.07,9.528,13.42500018,0.221,116.2,9.5,13.73,2.0,1.05,1.06189328,8.31,0.963387,29.90570758
2023-07-10,43.110001,8.01932259,7.6,7.56,2.85213354,2.42,42.96359158,13.57326679,8.75,8.69866667,37.77,6.42617127,2.8,24.030001,5.29,5.9,3.2666634,14.4399992,2.06,9.672,13.42500018,0.222,116.6,9.6,13.8,1.99,1.05,1.06189328,8.42,0.962435,30.74850518
2023-07-11,44.450001,8.21889849,7.83,7.71,3.53629018,2.58,43.5545019,13.38743345,9.005,8.93333333,40.049999,6.74234205,2.84,24.860001,5.38,6.12,3.30666336,14.9759992,2.19,9.72,13.69500018,0.229,116.23,10.11,13.9,2.03,1.11,1.07677964,8.47,0.962435,31.81786046
2023-07-12,45.82,8.1644687,8.06,7.76,3.58960108,2.48,43.93632152,13.49150012,9.2200005,8.96,40.75,6.79767194,2.83,24.309999,5.44,6.1,3.3999966,15.2399992,2.13,9.744,13.83750093,0.227,116.3,10.13,14.2,2.07,1.1,1.08174175,8.66,0.962435,32.63347095
2023-07-13,46.599998,8.25518502,8.06,7.85,3.59848624,2.43,44.63631718,13.55840013,9.075,8.976,41.009998,6.79767194,2.85,24.43,5.45,6.12,3.41332992,15.4,2.14,9.76,13.76250018,0.228,116.7,10.23,14.47,2.06,1.1,1.08670387,9.01,0.961483,32.71503133
2023-07-16,47.52,8.1644687,8.45,7.95,3.46520897,2.42,44.999955,13.84086754,9.1549995,8.96,42.099998,6.96366161,2.87,24.809999,5.57,6.19,3.42332991,15.4880008,2.17,9.792,13.72499943,0.23,117.6,10.2,14.51,2.03,1.1,1.10159023,9.01,0.962435,33.53064183
2023-07-17,47.709999,8.14995372,8.4,7.82,3.38524261,2.43,44.81813609,13.91519938,9.175,9.06666667,41.52,6.88461891,2.87,24.73,5.57,6.21,3.55332978,15.4960008,2.22,9.8,13.62000018,0.232,117.01,10.2,14.3,2.05,1.11,1.10159023,9.1,0.967194,34.13781811
2023-07-18,48.16,8.16809735,8.46,7.63,3.58960108,2.44,45.19995571,14.19023346,9.175,9.392,41.919998,6.89252318,2.88,25.01,5.63,6.43,3.55332978,15.6479992,2.23,10.176,13.65000093,0.23,117.71,10.2,14.95,2.07,1.11,1.10655234,9.2,0.96529,34.08344389
2023-07-19,47.779999,8.1826116,8.43,7.63,3.61625654,2.5,45.36359282,13.90776605,9.1899995,9.38666667,42.509998,7.01108722,2.89,25.35,5.68,6.46,3.65999634,15.672,2.29,10.28,13.71000093,0.231,120.5,10.56,14.9,2.09,1.12,1.11647658,9.28,0.966242,33.89313506
2023-07-24,47.049999,8.1644687,8.34,7.55,3.46520897,2.47,45.77267968,13.64016679,9.21,9.34933333,42.66,6.95575734,2.87,25.1,5.65,6.48,3.58332975,15.8479992,2.23,10.288,13.99500019,0.239,120.0,10.57,14.72,2.05,1.11,1.11647658,9.12,0.959579,32.62440826
2023-07-25,47.119999,8.11003891,8.39,7.35,3.17199898,2.35,46.09086391,13.49150012,9.2749995,9.40266667,41.5,6.91623599,2.86,24.91,5.52,6.42,3.48332985,15.728,2.15,10.32,13.90500094,0.238,120.0,10.38,14.6,2.0,1.09,1.10159023,9.020001,0.947203,32.73315671
2023-07-26,47.009998,8.12455316,8.37,7.14,2.63000476,2.32,46.20904652,13.18673345,9.375,9.33333333,42.0,6.8609061,2.85,24.6,5.48,6.36,3.45332988,15.664,2.15,10.4,13.80000018,0.235,119.04,10.3,14.53,1.99,1.085,1.08670387,8.91,0.948155,32.6697198
2023-07-27,46.5,8.27695657,8.42,7.08,2.11466599,2.33,46.01813489,12.85966603,9.1499995,9.2,43.009998,6.82138475,2.85,24.700001,5.49,6.33,3.47999652,15.816,2.15,10.416,13.76250018,0.236,118.0,10.24,14.4,1.99,1.085,1.07677964,8.92,0.937684,32.6697198
2023-07-30,46.41,8.42573133,8.54,7.18,2.6211196,2.28,46.10904571,12.89683345,9.2,9.25333333,43.0,6.83719329,2.85,24.709999,5.52,6.36,3.4666632,15.88,2.11,10.416,13.66499943,0.235,118.16,10.25,14.4,1.99,1.085,1.07181752,8.95,0.933876,32.48847366
2023-07-31,47.0,8.74505314,8.73,7.09,2.65666021,2.24,45.8908632,13.7516668,9.2749995,9.33866667,43.040001,6.8609061,2.85,25.4,5.59,6.48,3.53999646,16.4,2.09,10.856,13.71750093,0.233,118.61,10.7,14.55,2.01,1.1,1.07677964,9.22,0.937684,32.51565982
2023-08-01,47.209999,8.5382203,8.33,7.1,2.77216717,2.28,45.909045,12.94886679,9.3199995,9.46666667,43.009998,6.68701217,2.88,25.799999,5.5,6.68,3.55332978,16.34,2.15,11.24,13.65000093,0.234,119.01,10.41,14.5,2.0,1.105,1.07677964,9.0,0.936732,32.6697198
2023-08-02,46.549999,8.5745061,8.03,6.99,3.04760686,2.26,45.909045,13.04549937,9.375,9.22666667,43.0,6.42617127,2.85,25.57,5.42,6.3,3.5666631,15.9,2.08,11.064,13.28249943,0.24,118.23,10.4,14.59,1.94,1.085,1.05196904,9.05,0.924356,32.57909673
2023-08-03,46.150002,8.54184895,8.020001,6.96,3.07426232,2.27,45.99995218,13.19416678,9.5,9.28,43.0,6.44988408,2.84,25.73,5.39,6.33,3.5666631,15.68,2.06,11.088,13.20000018,0.241,117.0,10.4,14.5,1.93,1.085,1.04204481,9.020001,0.923404,32.45222386
2023-08-06,46.599998,8.58176377,8.07,7.0,3.17199898,2.28,46.00904581,13.19416678,9.75,9.25333333,43.599998,6.51311823,2.87,25.799999,5.41,6.37,3.60332973,15.8,2.1,11.192,13.20000018,0.244,118.05,10.46,14.9,1.95,1.09,1.05693116,9.07,0.922452,32.53378519
2023-08-07,47.450001,8.67973739,8.17,7.15,3.3141614,2.34,45.99995218,13.42459938,9.75,9.33333333,44.099998,6.60796947,2.95,26.15,5.54,6.52,3.88999611,16.0,2.19,11.208,13.27500093,0.243,118.5,10.9,15.25,1.99,1.115,1.0668554,9.21,0.919596,32.62440826
2023-08-08,47.299999,8.91922847,8.17,7.08,3.39412776,2.29,45.99995218,13.23133271,9.5,9.232,43.900002,6.6000652,2.97,26.719999,5.65,6.57,3.90332943,16.059999,2.17,11.088,13.36500018,0.242,118.03,10.9,15.25,1.985,1.145,1.06189328,9.3,0.911981,32.72409402
2023-08-09,47.5,8.92648578,8.1,7.1,3.24308019,2.26,46.04541032,13.23133271,9.5550005,9.152,43.25,6.54473531,2.92,26.700001,5.59,6.68,3.9333294,16.139999,2.17,11.12,13.36500018,0.242,117.94,10.85,15.6,1.985,1.145,1.05693116,9.41,0.911981,32.64253269
2023-08-10,48.599998,8.83576946,8.08,7.03,3.18976928,2.22,45.96359131,13.34283419,9.6499995,9.12,43.360001,6.47359688,2.92,26.52,5.5,6.67,4.01666265,16.0,2.14,11.176,13.40999943,0.241,117.5,10.67,15.6,1.975,1.14,1.04204481,9.4,0.917692,32.6697198
2023-08-13,48.610001,8.83576946,8.1,7.0,3.21642473,2.21,45.99995218,13.19416678,9.675,9.152,43.540001,6.48150115,2.91,26.5,5.58,6.72,4.01999598,16.0,2.15,11.176,13.33500093,0.241,117.51,10.65,15.62,1.951,1.135,1.05196904,9.42,0.913884,32.58815846
2023-08-14,49.810001,9.00268712,8.2,7.1,3.28750594,2.24,46.27268282,13.23133271,9.6499995,9.17333333,43.93,6.57635239,2.92,26.42,5.58,6.51,4.0999959,16.040001,2.16,11.2,13.35749943,0.241,117.51,10.65,15.82,1.982,1.14,1.05693116,9.46,0.911981,32.63347095
2023-08-15,49.27,8.89745656,8.16,7.02,3.22530989,2.25,46.90904218,12.93400012,9.7,9.09866667,44.0,6.5210225,2.92,25.950001,5.61,6.47,3.999996,15.95,2.16,11.28,13.42500018,0.24,117.6,10.63,15.72,1.97,1.175,1.05693116,9.42,0.904365,32.66065806
2023-08-16,49.200001,8.93374345,8.12,7.01,3.02983656,2.2,47.0454075,13.01576678,9.8,9.14666667,44.139999,6.48940542,2.92,26.209999,5.58,6.45,3.99332934,15.92,2.15,11.36,13.38750018,0.237,117.22,10.82,15.71,1.96,1.175,1.05196904,9.61,0.899605,32.75128113
2023-08-17,49.0,9.03897401,8.07,7.0,2.99429595,2.16,47.99995109,12.94143346,9.7749995,9.15733333,44.75,6.42617127,2.9,25.860001,5.53,6.35,4.02999597,15.82,2.15,12.36,13.44750018,0.236,116.5,10.73,15.2,1.951,1.2,1.02219634,9.25,0.904365,33.08658726
2023-08-20,49.299999,9.02808769,8.12,7.0,3.05649201,2.17,47.727225,13.00833346,9.7799995,9.13066667,45.099998,6.418267,2.9,25.91,5.56,6.41,4.11666255,15.8,2.16,12.16,13.46250093,0.237,116.5,10.71,15.3,1.941,1.185,1.02715845,9.31,0.900557,33.13189879
2023-08-21,49.0,8.89019925,8.08,7.1,2.9854108,2.2,47.27268,13.38000012,9.96,9.07733333,45.0,6.42617127,2.9,25.969999,5.63,6.45,4.0999959,15.63,2.1,12.16,13.50000018,0.237,116.11,10.68,15.12,1.915,1.185,1.03212057,9.5,0.898653,32.62440826
2023-08-22,49.299999,8.87568428,8.1,7.1,2.95875535,2.21,47.27268,13.56583346,10.1499995,9.01333333,44.860001,6.63168228,2.92,26.01,5.67,6.43,4.27999572,15.63,2.12,12.0,13.81500018,0.237,116.63,10.68,15.71,1.927,1.23,1.02219634,9.61,0.900557,32.71503133
2023-08-23,49.529999,8.70876661,8.14,7.07,2.90544444,2.18,47.6635887,14.50986679,10.25,9.06666667,45.5,6.56844812,2.95,26.18,5.61,6.28,4.11666255,15.7,2.07,12.04,14.07000019,0.237,117.51,10.55,15.23,1.946,1.25,1.00730998,10.06,0.901509,32.80565536
2023-08-24,49.540001,8.70876661,8.15,7.08,2.77216717,2.12,47.6454069,14.39093421,10.25,9.14133333,45.150002,6.49730969,2.95,26.09,5.59,6.25,4.08332925,15.58,1.99,12.112,14.00250019,0.236,117.6,10.43,14.99,1.94,1.205,0.99738575,10.21,0.901509,33.07752552
2023-08-27,50.5,8.77771138,8.17,7.28,2.82547808,2.14,47.727225,14.39093421,10.45,9.33333333,45.299999,6.63958655,2.97,26.200001,5.66,6.31,4.04999595,15.7,2.02,12.088,14.04750019,0.237,118.26,10.51,15.08,1.931,1.225,0.99242363,10.3,0.898653,33.53064183
2023-08-28,50.400002,9.00994479,8.270001,7.35,2.86101869,2.17,49.09086,14.57676754,10.5249995,9.38666667,45.400002,6.62377801,3.0,26.309999,5.68,6.11,3.94999605,15.8,2.03,12.016,14.12250019,0.238,122.01,10.46,15.1,1.937,1.19,0.98746151,10.5,0.899605,33.44908049
2023-08-29,50.779999,9.00268712,8.25,7.28,2.9498702,2.19,49.04540641,14.71056755,10.3549995,9.392,46.029999,6.6000652,3.1,26.43,5.7,6.2,3.9666627,15.92,2.04,11.976,14.15999944,0.238,122.83,10.28,15.1,1.993,1.195,1.00234786,10.56,0.900557,33.08658726
2023-08-30,51.110001,8.99905847,8.21,7.33,2.89655929,2.27,49.09086,14.88896754,10.38,9.33866667,46.459999,6.6000652,3.08,26.4,5.69,6.28,3.97332936,15.95,2.09,11.92,14.31750019,0.239,118.0,10.13,15.38,1.983,1.2,1.04204481,10.68,0.902461,33.12283706
2023-08-31,51.5,8.99905847,8.22,7.3,2.81659293,2.26,50.36358782,14.95586754,10.45,9.344,46.0,6.56054385,3.05,26.299999,5.63,6.2,4.00999599,15.94,2.07,11.88,14.27250094,0.24,115.0,10.2,15.67,1.962,1.205,1.03708269,10.7,0.903413,33.07752552
2023-09-03,51.869999,8.70876661,8.26,7.15,2.76328202,2.27,51.1363125,15.08966605,10.5,9.33333333,45.5,6.44197981,3.03,25.950001,5.55,6.18,3.90666276,15.75,2.01,11.76,14.21250094,0.243,115.0,10.17,15.6,1.952,1.225,1.04700693,10.74,0.904365,33.07752552
2023-09-04,51.799999,8.70876661,8.3,7.13,2.78993748,2.26,50.58176669,15.98166682,10.455,9.33333333,45.599998,6.42617127,3.03,26.01,5.53,6.0,3.90666276,15.75,2.02,11.608,14.28749944,0.241,111.0,10.03,15.6,1.941,1.195,1.04204481,10.7,0.899605,33.07752552
2023-09-05,52.150002,8.61805029,8.270001,7.16,2.81659293,2.29,51.09085891,16.13033423,10.425,9.33333333,47.080002,6.45778834,3.14,26.52,5.51,6.04,3.9666627,15.81,2.02,11.52,14.45250019,0.241,114.0,9.76,16.51,1.948,1.185,1.05693116,11.3,0.900557,32.62440826
2023-09-06,52.110001,8.45476056,8.270001,7.37,2.77216717,2.36,51.86358359,16.72500016,10.5,9.344,46.560001,6.2601816,3.2,26.52,5.46,6.06,3.93999606,15.84,2.02,11.592,14.46750094,0.241,114.6,9.84,16.200001,1.952,1.195,1.08670387,11.05,0.890085,33.07752552
2023-09-07,52.5,8.46201822,8.38,7.57,2.77216717,2.42,52.99994609,16.96286682,10.5550005,9.57333333,46.799999,6.27599014,3.2,27.07,5.47,6.05,3.92666274,15.86,2.02,11.608,14.61000019,0.238,115.72,10.0,16.200001,1.95,1.19,1.08670387,11.15,0.875806,33.07752552
2023-09-10,53.700001,8.59990739,8.54,7.86,2.83436323,2.45,53.28176581,17.4014335,10.5,9.744,47.200001,6.32341576,3.15,28.0,5.66,6.1,3.96999603,14.0,2.02,11.56,14.55750019,0.239,116.35,10.07,16.370001,1.958,1.185,1.0668554,11.25,0.874854,33.9384466
2023-09-11,56.509998,8.52733397,8.68,7.7,2.76328202,2.4,52.272675,17.52036682,10.3050005,9.47733333,46.110001,6.37084138,3.25,28.610001,5.57,6.14,4.08332925,15.66,2.06,11.28,14.32500019,0.237,117.5,10.18,16.190001,2.01,1.165,1.06189328,11.4,0.874854,34.17406791
2023-09-12,56.060001,8.47290418,8.67,7.71,2.70997112,2.39,51.63631109,17.5501009,10.375,9.27466667,46.150002,6.29179868,3.22,28.02,5.52,6.09,4.02666264,15.58,2.07,11.4,14.31750019,0.235,117.0,10.26,16.18,1.985,1.15,1.05693116,11.28,0.875806,34.07438216
2023-09-13,56.25,8.59990739,8.85,7.7,2.72774142,2.39,51.90903718,17.98866757,10.3500005,9.28,46.060001,6.31551149,3.22,28.0,5.51,6.1,3.98666268,15.55,2.07,11.2,14.38500019,0.233,116.65,10.23,16.190001,1.991,1.155,1.0668554,11.37,0.875806,33.98375813
2023-09-14,56.259998,8.70876661,8.76,7.9,2.72774142,2.43,52.63631282,18.0927335,10.3500005,9.23733333,46.509998,6.43407554,3.22,28.5,5.55,6.2,4.05666261,15.66,2.08,11.312,14.47499944,0.235,118.0,10.3,16.290001,2.003,1.185,1.07181752,11.8,0.880566,33.73001334
2023-09-17,58.0,8.71239526,8.78,7.76,2.72774142,2.4,52.72722,18.17450091,10.33,9.184,46.540001,6.46569261,3.23,28.6,5.55,6.22,4.03999596,15.68,2.09,11.512,14.49000019,0.236,120.0,10.6,16.379999,2.04,1.185,1.11151446,13.21,0.880566,33.76626219
2023-09-18,58.939999,8.75593873,8.83,7.76,2.84324838,2.35,52.272675,18.21910016,10.25,9.296,46.830002,6.5210225,3.23,28.530001,5.55,6.25,4.00999599,15.63,2.1,11.44,13.91999944,0.235,120.51,10.58,16.35,2.07,1.185,1.11151446,13.25,0.885326,34.76311978
2023-09-19,59.200001,8.63982185,8.8,7.67,2.77216717,2.32,52.90903891,18.24883275,10.255,9.456,46.810001,6.54473531,3.21,28.610001,5.53,6.09,4.02332931,15.49,2.09,11.28,13.92750019,0.236,121.99,10.5,15.5,2.06,1.19,1.11647658,13.0,0.881518,33.98375813
2023-09-20,61.509998,8.58176377,8.88,7.54,2.68331566,2.19,53.46358381,18.00353274,9.95,9.52,46.060001,6.47359688,3.16,28.629999,5.3,5.75,3.9666627,14.92,2.03,10.896,13.57500018,0.232,121.3,10.25,15.5,1.97,1.155,1.10159023,12.62,0.86819,34.06531947
2023-09-21,61.369999,8.59990739,9.15,7.54,2.68331566,2.16,53.50903831,18.1373335,9.95,9.92,45.810001,6.44197981,3.15,28.799999,5.28,5.76,3.95999604,15.15,2.02,10.952,13.50000018,0.23,121.41,10.28,15.48,1.98,1.155,1.09547222,12.8,0.866286,34.43687539
2023-09-24,62.349998,8.66159449,9.46,7.55,2.67443051,2.15,53.63631,18.21166684,9.95,10.032,45.799999,6.62377801,3.08,30.17,5.37,5.58,3.91666275,14.93,2.02,10.864,13.50750018,0.234,125.7,10.45,15.63,2.01,1.145,1.09169473,13.31,0.870094,36.62089844
2023-09-25,67.0,8.81036925,9.46,7.54,2.72774142,2.16,54.090855,18.17450091,9.9750005,9.94666667,45.799999,7.13755554,3.09,30.15,5.34,5.61,3.91332942,14.98,2.01,10.808,13.42500018,0.233,128.02,10.47,15.6,2.0,1.135,1.07356277,13.9,0.885326,36.91995571
2023-09-26,68.480003,9.39821064,9.22,7.53,2.72774142,2.19,54.090855,18.0258335,9.99,9.89866667,45.799999,7.16126835,3.14,30.16,5.34,5.64,3.80666286,15.01,2.01,10.808,13.50750018,0.233,131.98,10.62,15.53,2.06,1.135,1.07658476,13.55,0.885326,36.24934252
2023-09-27,66.489998,9.44901214,9.3,7.3,2.68331566,2.1,54.3181275,17.87716609,10.0,9.88266667,44.779999,7.60390745,3.13,29.120001,5.12,5.46,3.74999625,14.72,1.98,10.384,13.47749943,0.226,134.03,10.4,15.13,2.06,1.115,1.05769731,13.23,0.884374,36.02278389
2023-10-01,67.0,9.45626872,9.55,7.65,2.59446415,2.11,54.19994489,17.89946683,10.0150005,9.38666667,44.720001,7.92798251,3.17,29.129999,4.8,5.44,3.61999638,14.32,1.96,10.16,13.46250093,0.225,141.00999,10.51,15.01,2.12,1.11,1.05845281,13.3,0.86343,36.15871944
2023-10-02,64.0,9.45264006,8.92,7.5,2.50561264,2.03,54.5454,17.84743349,9.8999995,9.38666667,44.419998,7.59600318,3.1,27.219999,4.58,5.38,3.60999639,14.3,1.791,9.92,11.43750015,0.224,149.0,10.41,15.08,2.09,1.075,1.05694181,12.62,0.861527,36.15871944
2023-10-03,64.800003,9.6159298,8.56,7.5,2.46118688,2.03,55.04539859,17.89203349,10.0,9.46133333,43.619999,7.62762026,3.12,27.73,4.63,5.55,3.67999632,14.63,1.824,9.888,13.20000018,0.224,144.0,9.88,15.25,2.05,1.085,1.04258735,12.7,0.862478,35.50623067
2023-10-04,66.0,9.47078369,8.56,7.5,2.47007203,2.06,55.4726718,17.51293275,9.8999995,9.44533333,43.900002,7.62762026,3.1,27.6,4.57,5.53,3.60332973,14.72,1.92,9.76,13.08750092,0.224,145.78999,9.62,15.05,2.07,1.07,1.03503237,12.6,0.86343,35.79622526
2023-10-08,61.549999,8.89745656,8.1,7.2,2.31902446,1.86,51.72722282,16.79933348,9.755,8.85866667,39.0,6.96366161,3.0,26.0,4.15,4.6,3.4666632,13.9,1.78,9.2,12.75000017,0.21,139.0,8.31,14.5,1.92,1.025,0.98970248,11.55,0.843439,36.06809542
2023-10-09,65.059998,9.33289452,8.57,7.2,2.39899082,1.93,54.090855,17.20816682,9.7749995,9.06666667,41.0,7.35097082,3.01,27.4,4.38,5.23,3.6333297,14.46,1.89,9.28,13.01250017,0.213,145.10001,9.19,14.65,1.97,1.035,1.00632344,12.1,0.854863,36.53027537
2023-10-10,65.610001,9.44538348,8.67,7.33,2.45230173,1.99,53.72721718,17.20816682,10.0,9.06666667,41.0,7.42210925,3.05,27.780001,4.41,5.33,3.64999635,14.46,1.89,9.92,13.38750018,0.216,148.00999,9.2,14.83,1.98,1.05,1.01010093,12.41,0.856767,36.56652421
2023-10-11,67.610001,9.68850322,8.6,7.32,2.46118688,2.0,54.19085581,17.81769942,10.0550005,8.93333333,41.32,7.53276902,3.04,27.6,4.49,5.42,3.666663,14.75,1.89,10.0,13.80750018,0.217,149.0,9.020001,14.7,1.99,1.055,1.01538942,13.0,0.857719,36.61183575
2023-10-12,66.0,9.61955845,8.46,7.24,2.45230173,1.97,54.090855,17.7954009,10.3199995,8.95466667,41.689999,7.54857756,3.05,27.6,4.39,5.36,3.60332973,14.77,1.87,9.944,13.60499943,0.218,151.99001,8.97,14.73,2.0,1.055,1.07280727,13.05,0.858671,37.61775507
2023-10-15,69.809998,10.25094403,8.6,7.25,2.47007203,2.0,54.090855,18.07043275,10.99,9.072,43.52,7.74618431,3.05,27.93,4.44,5.3,3.55666311,14.39,1.872,9.84,13.50000018,0.218,164.50999,9.11,14.99,2.0,1.07,1.08791724,13.06,0.856767,39.76552832
2023-10-16,74.010002,10.34166035,9.06,7.2,2.5678087,2.07,53.64539908,18.14476684,11.5,9.27466667,44.119999,8.06235509,3.04,28.530001,4.42,5.31,3.52999647,14.39,1.885,9.88,14.02500094,0.219,186.57001,9.01,15.75,1.99,1.075,1.08791724,13.06,0.857719,41.23362759
2023-10-17,83.510002,10.79524195,9.14,7.8,2.61223445,2.17,52.9726743,18.06299941,11.75,9.38133333,45.07,8.82116499,3.13,29.209999,4.55,5.37,3.55999644,14.62,1.894,10.4,14.41499944,0.221,180.10001,9.020001,16.15,2.0,1.08,1.11813716,13.5,0.861527,44.40544458
2023-10-18,87.0,10.99481748,9.85,7.81,2.61223445,2.14,53.72721718,19.77266684,11.83,9.73333333,44.849998,9.3902724,3.14,30.76,4.95,5.56,3.53666313,15.58,1.951,10.64,14.6250002,0.22,177.5,9.25,17.5,2.06,1.1,1.13475812,15.23,0.862478,43.49921102
2023-10-19,84.150002,11.27422411,10.26,7.7,2.66554536,2.19,53.63631,19.18543277,11.8500005,9.86666667,43.200001,10.40201893,3.18,30.83,4.95,5.54,3.51332982,15.6,1.959,10.768,14.55000019,0.219,175.12,9.08,16.889999,2.07,1.085,1.13778011,15.3,0.879614,42.59297746
2023-10-22,83.5,10.88595826,10.51,7.8,2.66554536,2.2,53.6181282,19.32666684,11.8549995,9.73333333,43.259998,10.6707641,3.16,30.049999,5.0,5.49,3.4666632,15.6,2.08,10.656,14.40749944,0.218,176.0,9.08,16.889999,2.1,1.09,1.16346704,15.73,0.883422,42.32110729
2023-10-23,85.510002,11.79312145,10.61,7.7,2.72774142,2.19,52.31812859,19.71320017,11.9799995,9.49333333,46.029999,10.90789219,3.2,30.65,5.14,5.63,3.56332977,15.43,2.1,10.72,14.61000019,0.225,183.03,9.51,17.27,2.13,1.105,1.17479951,16.700001,0.886278,43.53546082
2023-10-24,85.860001,11.5391154,11.49,7.7,2.63000476,2.16,51.56358571,17.61700091,12.5,9.49866667,53.990002,10.9553178,3.18,30.809999,4.94,5.72,3.51666315,15.47,2.11,10.8,14.66999945,0.224,179.0,9.51,17.309999,2.08,1.105,1.16346704,16.950001,0.888181,43.31796393
2023-10-25,88.019997,12.33741937,11.93,7.8,2.64777506,2.17,52.45449391,18.06299941,12.705,9.58933333,63.25,11.20825443,3.23,31.07,5.06,5.82,3.54332979,15.66,2.12,10.808,15.22499945,0.226,175.07001,9.68,17.549999,2.11,1.115,1.16044505,19.25,0.883422,43.54452255
2023-10-26,90.0,12.06527041,11.51,8.770001,2.68331566,2.27,51.92721989,17.89203349,13.0,9.6,64.5,10.79723241,3.48,31.799999,5.26,5.89,3.7333296,16.42,2.23,11.136,15.84,0.23,177.10001,10.18,19.0,2.31,1.15,1.18613199,23.1,0.885326,46.67102896
2023-10-29,85.169998,12.30113357,11.14,9.25,2.70108596,2.35,53.99994782,18.45696683,13.255,9.65333333,67.099998,10.38621039,3.55,32.25,5.39,5.93,3.95999604,16.91,2.24,11.16,16.309999,0.232,175.25,10.24,19.0,2.44,1.165,1.19897545,23.52,0.88723,46.73446492
2023-10-30,81.25,12.42813569,11.3,9.1,3.12757322,2.39,54.32721658,18.62793276,13.3900005,9.68533333,69.150002,10.27555061,3.49,32.299999,5.35,6.19,4.04332929,16.889999,2.32,11.112,16.5,0.235,170.2,10.0,18.5,2.43,1.17,1.18688748,23.809999,0.889133,45.31167814
2023-10-31,76.620003,11.94552414,11.17,8.92,3.08314747,2.25,54.63630718,19.54966609,13.3999995,9.33866667,67.0,9.730156,3.41,32.400002,5.16,5.91,3.91666275,16.51,2.28,10.96,16.0,0.246,166.50999,9.85,17.85,2.4,1.135,1.16346704,22.25,0.88247,42.42079305
2023-11-01,71.029999,11.55725902,11.15,9.020001,3.04760686,2.21,54.86357968,18.62049943,13.0,9.2,64.269997,9.33494252,3.4,32.599998,5.11,5.8,3.74999625,16.309999,2.31,10.8,15.85,0.241,165.14999,9.46,18.02,2.41,1.14,1.13551361,22.01,0.866286,42.68360053
2023-11-02,74.050003,11.96729679,11.28,9.07,3.12757322,2.25,55.54539718,18.76916684,13.0249995,9.664,65.82,9.64320903,3.44,32.950001,5.14,5.9,3.86999613,16.469999,2.44,10.856,15.83,0.245,167.10001,9.43,18.870001,2.6,1.195,1.14835708,22.17,0.86343,42.75609917
2023-11-05,74.900002,12.03986984,10.85,9.06,3.14534352,2.42,56.08176119,19.32666684,13.25,9.68,67.459999,9.81710297,3.45,33.450001,5.28,6.04,3.88666278,17.0,2.51,11.464,15.9,0.254,167.75,9.43,18.559999,2.59,1.175,1.15137907,22.450001,0.852007,43.17296663
2023-11-06,76.800003,12.45716563,10.2,9.23,3.3319317,2.46,56.818125,18.95500018,13.6000005,9.76533333,68.5,9.84081578,3.54,33.610001,5.35,6.08,3.88332945,17.620001,2.44,11.208,16.370001,0.271,168.44,9.5,18.129999,2.64,1.2,1.15213457,22.450001,0.852007,43.31796393
2023-11-07,76.010002,12.40999278,9.93,9.48,3.34081685,2.43,57.5181243,19.40100018,13.75,9.328,69.050003,9.76177308,3.54,33.700001,5.53,6.23,3.88999611,17.809999,2.41,11.216,16.559999,0.27,175.5,9.55,17.6,2.65,1.21,1.15213457,21.559999,0.846295,43.04609376
2023-11-08,78.0,12.59868273,10.05,9.69,3.2963911,2.48,59.63630218,19.66859943,13.75,9.33333333,72.599998,10.25974207,3.61,33.700001,5.42,6.13,3.89666277,18.110001,2.45,11.2,17.0,0.268,171.03,9.76,17.809999,2.6,1.2,1.17479951,22.0,0.828208,42.54766592
2023-11-09,80.0,13.24458256,9.93,9.62,3.24308019,2.39,62.50903022,19.77266684,14.45,8.992,75.5,10.49687016,3.6,33.700001,4.99,6.1,3.81666285,17.709999,2.3,11.2,17.1,0.267,171.02,9.6,17.799999,2.55,1.18,1.15742306,22.6,0.81964,42.75609917
2023-11-12,80.75,12.93251806,9.65,9.55,3.24308019,2.35,64.55448272,19.80239943,12.795,8.96,74.010002,10.5126787,3.7,34.0,4.85,6.11,3.08333025,17.65,2.32,11.0,17.379999,0.293,168.02,9.38,17.879999,2.59,1.175,1.13249162,22.610001,0.821544,43.04609376
2023-11-13,78.779999,12.60956832,9.67,9.57,3.23419504,2.36,63.54539282,19.87673351,14.5,8.704,74.529999,10.27555061,3.71,34.0,4.85,6.13,3.58332975,17.549999,2.29,11.088,17.42,0.311,166.5,9.44,17.67,2.56,1.24,1.13324712,22.610001,0.823448,42.36641883
2023-11-14,78.199997,12.48982206,9.72,9.55,3.26973564,2.35,63.181755,20.88766686,14.3599995,8.26666667,74.690002,10.28345488,3.68,36.5,4.76,6.1,3.51999648,17.66,2.4,11.04,17.120001,0.317,164.50999,9.47,17.709999,2.51,1.215,1.13324712,22.959999,0.820592,42.3845442
2023-11-15,81.25,12.49345144,9.81,9.54,3.2963911,2.35,63.09084782,20.38220019,14.5,8.48,74.800003,10.22022072,3.72,35.310001,4.82,6.18,3.4999965,17.48,2.37,11.048,17.299999,0.329,165.08,9.65,17.620001,2.65,1.215,1.13702461,24.120001,0.796793,42.23048422
2023-11-16,81.900002,12.58416775,9.85,9.61,3.32304655,2.4,64.57266179,20.45653351,14.6499995,8.90133333,74.800003,10.27555061,3.73,35.529999,4.92,6.42,3.54666312,17.49,2.39,11.12,17.799999,0.348,165.55,9.71,18.0,2.8,1.235,1.13853561,24.42,0.76157,42.26673307
2023-11-19,83.550003,12.84543148,9.88,9.85,3.3674723,2.52,65.45448,20.70183352,14.7250005,9.072,75.230003,10.37830612,3.75,36.060001,5.05,6.53,3.61999638,17.68,2.43,11.128,17.5,0.369,171.7,10.16,18.16,2.87,1.29,1.1408021,24.42,0.770138,43.04609376
2023-11-20,83.0,12.92526075,10.06,9.8,3.2963911,2.48,67.96357022,20.73900018,14.625,9.024,75.800003,10.31507196,3.66,35.57,4.99,6.37,3.56999643,17.77,2.49,11.176,17.459999,0.35,171.00999,10.01,17.610001,2.81,1.265,1.14835708,24.030001,0.776802,40.82582187
2023-11-21,82.900002,12.55513781,9.96,9.62,3.23419504,2.47,66.84538679,20.56060018,14.0,9.09333333,70.25,10.31507196,3.65,35.68,4.92,6.35,3.54999645,17.67,2.49,11.488,17.43,0.355,169.0,10.03,17.75,2.79,1.28,1.15591206,23.4,0.778706,42.19423442
2023-11-22,84.199997,13.0087194,9.99,9.66,3.23419504,2.52,67.71811228,20.30786685,14.505,9.33333333,70.599998,10.45734881,3.7,37.0,4.96,6.55,3.5666631,17.860001,2.6,11.64,17.530001,0.424,175.0,10.13,17.809999,2.86,1.29,1.18990948,23.799999,0.760618,42.32110729
2023-11-23,84.0,13.24458256,10.06,9.87,3.30527625,2.56,68.59083777,20.03283425,14.6000005,9.44,68.5,10.42573173,3.76,36.650002,5.21,6.62,3.68999631,18.219999,2.62,12.08,18.059999,0.432,183.0,10.34,17.84,2.96,1.3,1.20275294,24.469999,0.765378,42.43891747
2023-11-26,83.610001,13.71630705,10.04,9.770001,3.2963911,2.64,70.454475,19.77266684,14.75,9.28533333,67.669998,10.29926342,3.79,36.57,5.15,6.69,3.60332973,18.82,2.61,12.632,18.110001,0.444,184.14999,10.48,18.200001,2.93,1.335,1.21635191,24.27,0.767282,42.23954596
2023-11-27,82.0,14.13360284,9.9,9.81,3.24308019,2.7,70.66356843,19.63143352,14.5,9.20533333,67.910004,10.07794387,3.87,36.389999,5.16,6.79,3.62332971,18.92,2.62,12.584,18.200001,0.476,185.7,10.53,18.67,2.97,1.34,1.20728593,24.25,0.760618,42.24860864
2023-11-28,79.0,14.02111388,9.87,9.61,3.12757322,2.75,72.7272,19.0070335,14.5950005,9.34933333,67.5,9.88824139,3.99,36.0,5.19,7.2,3.60332973,18.959999,2.67,12.624,18.629999,0.46,192.0,11.9,18.35,3.01,1.345,1.23901685,23.6,0.744435,40.97081916
2023-11-29,77.5,13.35344178,9.91,9.55,2.95875535,2.7,69.545385,18.84350017,14.2700005,9.28,65.0,9.88824139,3.97,35.529999,5.19,7.17,3.4999965,18.6,2.74,12.208,19.549999,0.461,185.56,11.53,17.9,2.86,1.35,1.23297287,22.700001,0.7273,39.79271543
2023-11-30,79.0,13.60744783,10.25,9.48,2.9320999,2.7,68.21811451,18.21166684,14.505,9.22666667,65.0,9.88033712,3.98,35.630001,5.25,7.63,3.50999649,18.299999,2.68,12.24,19.299999,0.441,186.0,11.83,18.0,2.83,1.405,1.23297287,22.25,0.7273,40.32739402
2023-12-03,76.010002,13.71630705,10.63,9.59,2.9854108,2.79,68.54538782,18.76916684,14.1499995,9.38666667,66.0,9.94357128,4.03,35.799999,5.28,7.95,3.50332983,18.27,2.69,12.4,19.110001,0.427,181.07001,12.64,17.950001,2.86,1.41,1.2601708,22.25,0.729204,38.69617304
2023-12-04,77.209999,13.78888047,10.74,9.7,3.01206626,2.91,68.37265799,19.10366759,14.285,9.45066667,66.760002,9.95937982,4.14,36.0,5.3,8.33,3.52666314,18.5,3.09,12.56,20.9,0.426,182.00999,12.72,18.01,2.94,1.41,1.34478658,23.4,0.747291,39.58428218
2023-12-05,77.220001,13.86145389,10.56,9.75,3.17199898,3.07,68.28175081,19.63886685,14.375,10.34666667,64.900002,9.95937982,4.4,37.400002,5.6,8.42,3.67332966,18.48,3.12,12.68,20.75,0.447,185.0,12.8,18.299999,3.06,1.425,1.42789137,23.51,0.739675,38.98616763
2023-12-06,73.199997,13.57116203,10.2,9.75,3.07426232,3.01,69.56356407,19.62400018,14.325,10.13333333,64.0,9.72225173,4.28,36.599998,5.53,8.55,3.67999632,17.9,3.35,12.64,20.6,0.428,183.3,12.5,18.0,3.06,1.35,1.40522643,23.200001,0.728252,37.70837814
2023-12-07,71.800003,13.42601519,9.91,9.25,2.99429595,2.88,68.45447973,19.2523335,14.3149995,9.44,61.509998,9.40608094,4.06,35.68,5.45,8.2,3.57666309,17.4,3.16,12.0,19.85,0.407,176.0,11.85,17.6,2.93,1.325,1.32967662,22.09,0.728252,37.43650893
2023-12-10,70.059998,13.60744783,9.9,9.58,2.9854108,2.84,68.19992907,19.73549943,14.5,10.18666667,62.5,9.24799555,4.2,35.830002,5.79,8.42,3.62666304,17.5,3.15,12.32,19.93,0.401,173.3,11.87,17.700001,2.9,1.345,1.36820702,22.5,0.740627,38.24305673
2023-12-11,69.5,13.00509147,9.57,9.61,2.86101869,2.78,67.54538973,19.71320017,14.5249995,9.6,59.450001,8.90811195,4.15,34.52,5.77,8.4,3.61666305,17.41,3.07,11.6,19.120001,0.393,169.38,11.45,17.049999,2.86,1.325,1.32212164,21.799999,0.737771,37.01964147
2023-12-12,71.5,12.79100096,9.5,9.18,2.87878899,2.69,68.22720723,19.80983351,14.75,9.76,59.400002,8.71840948,4.13,35.549999,5.94,8.51,3.70999629,17.209999,3.07,11.8,19.01,0.387,172.5,11.26,16.92,2.86,1.32,1.29341271,21.91,0.742531,37.24619915
2023-12-13,71.900002,13.02686412,9.53,9.3,2.86990384,2.74,68.23629358,20.07000018,15.0,9.85066667,59.919998,8.93182476,4.09,36.0,5.9,8.58,3.72666294,17.1,3.09,11.76,19.01,0.387,174.0,11.51,16.959999,2.9,1.33,1.30474518,22.030001,0.746339,38.70523573
2023-12-14,75.809998,13.15386624,9.82,9.35,2.90544444,2.79,68.45447973,20.80590019,15.55,9.86666667,61.810001,9.50093218,4.14,36.619999,5.91,8.78,3.76999623,17.4,3.2,12.656,19.4,0.395,177.07001,11.85,17.49,2.99,1.375,1.38331698,22.700001,0.754907,37.33682317
2023-12-17,76.300003,13.462301,9.86,9.41,2.99429595,2.78,68.27265718,20.51600018,16.5249995,9.66933333,62.970001,9.52464499,4.14,36.700001,5.89,8.91,3.76999623,17.4,3.23,12.792,19.58,0.404,179.5,11.9,17.51,2.94,1.39,1.37274001,22.75,0.76157,37.33682317
2023-12-18,76.709999,14.67427138,9.99,9.63,2.97652565,2.74,68.4090225,20.53829944,17.0149995,9.68,66.0,9.57997488,4.17,36.759998,5.91,9.24,3.7999962,17.450001,3.23,13.5520008,21.690001,0.406,178.0,12.38,17.6,2.99,1.395,1.36745152,22.950001,0.770138,38.01649811
2023-12-19,77.870003,14.55089682,9.96,9.61,2.90544444,2.73,68.4090225,20.59033427,16.5550005,9.86666667,64.0,9.88033712,4.14,37.509998,5.9,9.17,3.81999618,17.51,3.19,13.52,21.809999,0.417,180.0,12.31,17.58,3.02,1.39,1.13626911,23.4,0.768234,37.97118657
2023-12-20,76.650002,14.69967158,9.95,9.62,2.89655929,2.7,67.27266,20.00310018,16.5,9.86666667,63.5,10.03842252,4.0,37.59,5.82,9.03,3.74332959,17.360001,3.17,13.4399992,21.530001,0.406,176.0,12.2,17.6,2.95,1.37,1.25488231,25.0,0.76157,37.60869334
2023-12-21,76.660004,14.22794709,9.770001,9.62,2.86990384,2.62,65.27266473,19.54966609,15.5,9.65333333,62.919998,9.98309263,3.86,36.810001,5.67,8.7,3.60666306,17.1,3.04,13.216,21.83,0.397,174.0,11.89,17.07,2.79,1.34,1.22617338,24.120001,0.76157,35.61497912
2023-12-24,76.0,13.78888047,9.3,9.43,2.76328202,2.6,63.48175652,19.32666684,16.0,9.12533333,61.799999,10.0700396,3.77,36.619999,5.5,8.22,3.33666333,16.82,2.99,12.928,22.799999,0.376,171.10001,11.27,16.6,2.73,1.34,1.22541789,23.5,0.763474,35.46091913
2023-12-25,75.199997,13.78888047,8.92,9.46,2.72774142,2.57,63.6363,19.32666684,15.55,9.06133333,60.599998,9.87243286,3.74,36.049999,5.52,8.05,3.37666329,16.66,2.9,12.8,22.860001,0.378,171.0,10.86,16.1,2.63,1.325,1.20879693,23.629999,0.767282,35.05311436
2023-12-26,77.010002,13.78888047,9.16,9.45,2.79882263,2.63,64.17265946,19.0293335,15.8050005,9.12,61.5,9.96728409,3.81,35.099998,5.38,7.85,3.3666633,16.33,2.99,12.432,21.9,0.387,175.0,10.72,15.97,2.64,1.305,1.21257442,24.27,0.76157,34.53656115
2023-12-27,79.610001,13.58204726,9.38,9.45,2.91432959,2.65,64.54539,19.05906609,15.9300005,9.12,61.779999,10.0700396,3.77,35.25,5.41,7.88,3.38332995,16.43,3.06,12.44,21.9,0.384,177.39999,10.9,16.0,2.65,1.31,1.2208849,24.01,0.765378,34.39156385
2023-12-28,82.629997,13.64373363,9.78,9.51,2.94098505,2.68,65.36357282,19.48276609,13.1499995,9.21066667,62.650002,10.47315735,3.69,35.610001,5.44,8.05,3.4333299,16.4,3.13,12.48,21.92,0.385,181.0,11.12,16.51,2.68,1.325,1.27679176,23.6,0.750147,34.52749846
2023-12-31,83.349998,13.92676964,9.8,9.62,2.9498702,2.69,65.47265907,20.81333352,15.0649995,9.27466667,64.400002,10.5126787,3.7,36.669998,5.5,7.9,3.44332989,16.290001,3.13,12.448,21.66,0.385,180.0,10.98,16.799999,2.66,1.345,1.24657183,23.85,0.737771,35.43373202
2024-01-02,83.0,14.09731523,9.86,10.0,2.9676405,2.71,65.86356777,21.11066686,15.59,9.33333333,64.860001,10.64705129,3.74,37.650002,5.51,7.9,3.4666632,16.32,3.13,12.536,21.700001,0.387,180.14999,11.05,16.91,2.66,1.395,1.24657183,24.15,0.748243,36.50308826
2024-01-03,83.25,13.78888047,10.02,10.81,3.14534352,2.83,66.92720853,22.89466613,15.75,9.44,65.0,10.63124275,3.92,38.049999,5.67,8.39,3.54332979,16.84,3.24,12.92,22.129999,0.41,181.86,11.32,17.15,2.79,1.41,1.29114622,24.15,0.748243,36.2584052
2024-01-04,81.75,13.87959679,10.02,10.88,3.12757322,2.9,67.09084473,22.48583354,15.79,9.376,63.900002,10.47315735,3.87,37.860001,5.59,8.79,3.5999964,16.799999,3.26,13.008,22.25,0.405,181.21001,11.45,16.950001,2.89,1.45,1.30550068,23.77,0.747291,36.43058961
2024-01-08,80.800003,13.92676964,9.94,10.7,3.08314747,2.89,67.27266,22.3000002,15.8,9.38666667,62.900002,10.45734881,3.86,37.900002,5.54,8.9,3.62666304,16.9,3.31,12.8880008,21.9,0.418,180.64999,11.26,17.1,2.93,1.465,1.3002122,23.6,0.743483,36.47590114
2024-01-09,82.099998,14.14086015,9.97,10.52,3.10091777,2.94,67.42720348,22.37433354,16.004999,9.424,63.0,10.44154027,3.91,37.959999,5.55,8.95,3.64666302,17.18,3.33,12.656,21.629999,0.437,180.8,11.46,17.1,3.08,1.7,1.30701168,23.65,0.752051,36.47590114
2024-01-10,84.949997,14.51461102,10.13,10.55,3.17199898,2.9,66.68174968,22.3000002,16.0300005,9.57333333,63.009998,10.53639151,4.0,37.91,5.64,8.94,3.69666297,17.1,3.31,13.0,21.66,0.435,181.11,11.5,17.120001,3.05,1.74,1.34100909,23.75,0.774898,36.65714729
2024-01-11,84.75,14.84481842,10.0,10.47,3.10091777,2.87,66.68174968,22.04726686,16.0550005,9.54666667,63.150002,10.5126787,3.94,37.900002,5.64,8.9,3.64999635,16.700001,3.24,13.4320008,22.08,0.426,181.44,11.58,17.139999,3.09,1.705,1.38256149,23.6,0.799649,37.16463877
2024-01-14,87.589996,14.97544992,10.07,10.37,3.10091777,2.88,66.91811581,22.3000002,16.3449995,9.56266667,65.0,10.60752994,3.98,38.130001,5.68,9.0,3.666663,16.809999,3.27,13.608,22.4,0.426,184.35001,11.74,17.66,3.2,1.735,1.39464946,23.6,0.805361,37.73556525
2024-01-15,88.510002,15.05890893,10.09,10.56,3.14534352,2.89,67.41811804,22.73856686,16.3999995,9.664,66.75,10.74980679,4.09,38.200001,5.73,9.09,3.69332964,17.08,3.27,13.2399992,22.049999,0.429,186.0,11.85,17.950001,3.29,1.955,1.40069344,25.01,0.813928,37.74462794
2024-01-16,86.800003,15.33105789,10.05,10.41,3.14534352,2.9,68.37265799,24.15833356,16.5,9.6,70.169998,10.64705129,4.07,38.599998,5.73,9.1,3.68332965,17.110001,3.27,13.68,22.25,0.439,185.78,12.15,17.969999,3.31,2.0,1.4165589,25.110001,0.801553,37.8080639
2024-01-17,88.550003,15.79189679,10.36,10.3,3.25196534,2.89,68.26356446,25.12466615,16.200001,9.76533333,79.110001,10.5917214,4.06,39.5,5.57,9.3,3.69666297,17.280001,3.35,13.728,22.07,0.435,186.5,12.2,18.6,3.24,1.99,1.40598193,27.799999,0.797745,39.23991337
2024-01-18,87.849998,15.8753558,10.31,10.31,3.25196534,2.87,68.26356446,24.9834343,16.254999,9.87733333,80.32,10.45734881,4.02,38.799999,5.58,9.25,3.67332966,17.120001,3.38,13.7520008,22.0,0.433,190.50999,12.2,18.25,3.25,2.0,1.40900392,27.75,0.797745,39.34866086
2024-01-21,89.599998,16.3652232,10.37,10.39,3.26973564,2.9,67.81811218,24.9016669,16.0,9.86666667,92.599998,10.52058297,4.07,38.5,5.6,9.3,3.69666297,17.24,3.37,13.792,22.0,0.433,190.50999,12.29,18.809999,3.46,2.005,1.4180699,28.1,0.799649,40.50864017
2024-01-22,93.0,16.76800402,10.72,10.41,3.26973564,2.98,68.09084282,26.76000024,16.004999,9.59466667,98.5,12.34646927,4.03,38.93,5.7,9.38,3.7666629,17.870001,3.36,14.1119992,22.5,0.431,192.09,13.1,19.610001,3.44,1.99,1.43393536,30.799999,0.801553,42.1398602
2024-01-23,90.949997,15.96607212,10.55,10.15,3.49186442,2.92,69.08174728,25.65243208,15.95,9.42933333,97.0,12.30694792,3.88,37.75,5.51,9.01,3.666663,17.6,3.27,13.72,22.24,0.432,191.60001,12.41,19.700001,3.37,1.95,1.40975942,31.0,0.777754,40.8711334
2024-01-24,91.0,16.33256532,10.55,10.15,3.50074957,2.87,68.69083858,25.08750022,15.875,9.57333333,99.160004,12.16467107,3.82,37.25,5.39,8.8,3.60666306,17.92,3.21,13.792,22.25,0.427,192.14999,12.34,20.0,3.29,2.075,1.4150479,32.009998,0.776802,40.82582187
2024-01-28,92.0,16.09307424,10.72,10.2,3.47409412,2.92,68.71810946,25.54093431,15.0950005,9.52533333,100.94,12.4176077,3.84,38.060001,5.43,8.57,3.5999964,18.0,3.17,13.8479992,22.25,0.428,193.81,12.59,20.49,3.2,2.3,1.39767145,33.810001,0.778706,41.77736696
2024-01-29,98.760002,16.6482592,11.01,10.25,3.40301291,2.91,70.36356782,26.02409874,15.6800005,9.58933333,112.01,12.91557669,3.81,38.450001,5.39,8.58,3.56332977,18.1,3.16,13.88,22.059999,0.43,203.10001,12.33,23.700001,3.27,2.375,1.41278141,33.799999,0.779658,44.41450727
2024-01-30,102.0,17.18167007,10.77,10.28,3.3674723,2.92,75.09083218,26.0166669,15.45,9.632,114.95,12.26742657,3.81,38.299999,5.43,8.68,3.5666631,18.15,3.17,13.984,22.09,0.433,210.5,12.42,24.5,3.34,2.465,1.51099616,33.990002,0.768234,45.31167814
2024-01-31,95.0,16.09307424,9.5,9.81,2.94098505,2.65,78.18174,24.71583356,12.51,9.33333333,95.0,10.67866836,3.65,36.0,4.7,7.05,3.33999666,17.809999,2.83,12.64,18.049999,0.381,190.00999,12.21,23.809999,3.0,2.1,1.39389396,33.0,0.751099,43.72576965
2024-02-01,87.0,14.7359592,8.0,8.4,2.85213354,2.57,74.999925,21.6310002,13.5,9.2,92.0,10.28345488,3.69,34.02,4.85,7.3,3.25333008,16.450001,2.51,12.44,18.75,0.37,181.0,11.55,20.120001,2.91,2.06,1.39011647,32.0,0.748243,38.5149269
2024-02-04,89.300003,15.9805871,9.65,9.4,2.9676405,2.67,72.7272,23.04333354,15.335,9.264,108.01,10.82884949,4.09,36.380001,5.08,7.8,3.3666633,17.1,2.95,13.664,19.6,0.385,190.5,12.01,21.85,3.05,2.205,1.50344118,32.200001,0.752051,38.97710589
2024-02-05,90.010002,16.11121896,9.770001,9.59,3.02983656,2.72,70.09083718,23.78666688,15.505,9.392,123.53,10.90789219,4.9,36.889999,5.17,8.0,3.5333298,18.059999,3.3,14.208,19.969999,0.399,193.14999,12.51,21.799999,3.44,2.22,1.70742566,34.0,0.753003,38.45148999
2024-02-06,84.510002,16.33982299,9.38,9.82,3.03872171,2.71,66.85447951,22.47840021,16.1049995,9.6,118.01,10.63124275,5.06,37.0,5.33,8.3,3.58332975,18.209999,3.33,14.8,20.4,0.399,192.00999,12.82,20.790001,3.36,2.2,1.66965076,36.400002,0.747291,44.26044729
2024-02-07,84.75,16.70268827,9.47,9.8,3.00318111,2.64,67.29083907,23.04333354,16.3999995,9.47733333,118.05,10.56800859,5.9,37.669998,5.4,7.6,3.62332971,18.5,3.24,14.2960008,20.5,0.399,193.5,13.0,20.790001,3.53,2.17,1.63943083,43.029999,0.742531,45.03980798
2024-02-08,86.25,16.83694951,9.770001,9.92,3.02095141,2.65,70.54538218,23.19200095,16.3999995,9.49333333,114.0,10.64705129,5.85,39.709999,5.39,7.73,3.68332965,18.77,3.23,14.28,20.620001,0.397,196.28,13.3,22.5,3.47,2.14,1.66209578,42.009998,0.742531,45.32980257
2024-02-11,89.0,17.05466795,9.61,10.14,2.9676405,2.71,70.92719907,23.78666688,16.5,9.28,115.8,10.5126787,5.85,40.310001,5.36,7.66,3.72666294,18.75,3.33,14.4,20.4,0.39,195.03,13.32,22.030001,3.54,2.15,1.76031053,42.810001,0.742531,44.26044729
2024-02-12,88.0,16.90952111,9.39,10.07,2.94098505,2.77,71.5908375,23.41500022,15.0,9.25333333,120.14,10.37830612,5.9,38.130001,5.21,7.47,3.69666297,18.4,3.33,14.28,19.85,0.388,192.50999,13.12,22.1,3.51,2.145,1.7300906,42.0,0.741579,44.24232286
2024-02-13,89.629997,17.09458349,9.6,10.21,2.9854108,2.78,72.74537907,23.41500022,15.8900005,9.44,117.8,10.39411466,6.5,39.5,5.28,7.65,3.71332962,18.65,3.4,14.464,20.059999,0.39,193.25,12.98,24.09,3.6,2.205,1.73764558,44.82,0.737771,44.85856089
2024-02-14,90.0,17.14538427,9.71,10.22,3.00318111,2.94,73.20901679,23.66030021,16.754999,9.67466667,118.42,10.55220005,6.42,39.700001,5.59,8.18,3.73666293,18.950001,3.8,16.32,20.459999,0.394,196.02,13.02,23.620001,3.62,2.345,1.87363524,44.310001,0.737771,44.91293511
2024-02-15,90.510002,17.64976664,10.04,10.2,3.10980292,3.28,73.45447473,23.78666688,17.25,9.63733333,120.5,10.74980679,6.55,39.790001,5.66,8.19,3.81666285,19.43,3.73,16.7600008,21.370001,0.441,196.3,13.22,23.799999,3.65,2.38,1.98695995,44.419998,0.738723,45.18480527
2024-02-18,89.519997,17.83845694,9.89,10.23,3.14534352,3.39,73.56356098,23.57109947,17.5300005,9.76533333,119.02,10.92370073,6.76,39.799999,5.8,8.04,3.97666269,19.780001,3.86,17.5039992,21.6,0.459,194.0,13.55,24.0,3.7,2.355,1.96429501,45.0,0.749195,46.21791171
2024-02-19,88.5,17.41753322,9.9,10.2,3.22530989,3.38,73.90901973,23.69746614,17.7250005,9.824,118.6,10.8525623,6.77,39.970001,5.67,8.5,3.95666271,19.92,3.76,17.52,22.0,0.459,193.50999,13.56,24.5,3.68,2.365,1.93407508,45.040001,0.755859,46.6800907
2024-02-20,89.059998,17.56268006,10.0,10.2,3.12757322,3.44,73.4090175,23.82383281,17.5,9.66933333,117.55,10.74980679,6.96,40.610001,5.8,8.63,4.15332918,19.950001,3.81,17.4399992,22.0,0.471,200.0,14.4,24.209999,3.85,2.275,1.96429501,47.799999,0.753955,46.77071377
2024-02-21,88.029999,17.60259379,9.9,10.15,3.10980292,3.44,72.7908363,23.43730096,17.75,9.39733333,117.8,10.74980679,6.79,41.009998,5.67,8.48,4.08666258,19.9,3.9,17.32,22.049999,0.461,200.62,14.5,24.1,4.11,2.275,2.22116436,48.0,0.752051,45.8735429
2024-02-22,88.0,17.09458349,9.88,10.17,3.09203262,3.38,72.99992973,24.45566837,17.7700005,9.30666667,117.62,10.74980679,6.6,41.0,5.69,8.5,4.09666257,19.9,3.83,16.72,22.540001,0.486,198.02,14.18,24.6,4.16,2.275,2.2438293,47.099998,0.746339,40.78051033
2024-02-25,72.660004,16.3652232,9.0,10.7,2.89655929,3.04,64.54539,23.16226688,17.0,9.12,104.0,10.07794387,6.84,37.610001,5.42,7.91,3.8999961,18.299999,3.73,15.68,24.0,0.451,198.06,13.7,20.280001,4.3,2.08,2.03984482,46.799999,0.747291,39.79271543
2024-02-26,70.019997,16.69905998,9.0,12.01,2.95875535,3.17,66.00902581,24.15833356,17.3050005,9.46666667,102.0,9.80129443,7.75,38.099998,5.6,8.7,3.94332939,18.049999,3.77,17.3600008,24.0,0.458,237.67,14.81,19.799999,4.76,2.075,2.31182412,54.200001,0.837727,39.87427677
2024-02-27,69.510002,16.87323531,9.15,13.05,2.9854108,3.25,66.54538527,25.29563282,19.6000005,10.87466667,99.5,9.70644319,7.7,40.009998,6.67,10.21,3.94999605,18.6,3.61,16.6399992,24.73,0.454,255.50999,15.05,19.4,5.06,2.175,2.15316953,62.099998,0.861527,39.87427677
2024-02-28,66.0,16.14750476,9.14,15.41,2.9498702,3.09,67.00902299,24.90909874,18.74,10.93333333,101.5,9.48512364,6.92,40.5,7.07,9.94,3.96999603,18.950001,3.57,16.0,25.51,0.442,293.25,14.8,18.200001,4.65,2.325,2.19094443,62.799999,0.858671,40.61738861
2024-02-29,66.040001,16.00598767,9.06,15.75,2.87878899,3.04,66.1362975,23.63799947,17.8999995,11.46666667,104.1,9.09781442,6.7,38.599998,7.18,9.520001,3.98332935,18.52,3.43,15.9759992,24.209999,0.435,281.04999,14.24,18.309999,4.64,2.285,2.09272968,63.52,0.866286,39.47553373
2024-03-03,62.880001,15.42177421,8.88,15.53,2.90544444,3.12,63.6363,25.75650172,18.254999,11.30666667,105.52,9.11362296,6.85,38.599998,7.35,9.8,3.999996,18.52,3.65,15.816,24.209999,0.422,282.0,13.96,18.4,4.71,2.355,2.15316953,66.900002,0.869142,39.51178353
2024-03-04,63.5,15.45080416,8.92,15.0,2.94098505,3.13,64.78175522,25.65243208,18.2800005,12.32533333,104.7,9.1294315,7.22,39.080002,7.53,9.84,4.06999593,19.01,3.63,15.5679992,23.4,0.424,307.0,14.19,18.41,4.84,2.41,2.15316953,72.800003,0.853911,39.90146388
2024-03-05,68.0,16.44505429,9.15,15.5,3.02983656,3.3,66.73630054,25.49633281,18.035,12.37866667,105.2,9.49302791,7.01,38.389999,7.11,10.99,4.3999956,20.0,3.68,15.6399992,23.719999,0.43,302.0,14.44,19.129999,4.79,2.485,2.15316953,76.699997,0.837727,40.4180171
2024-03-06,69.529999,16.50311273,9.25,13.5,2.9320999,3.09,68.36356527,24.7753017,16.6000005,11.2,101.98,9.48512364,6.36,37.700001,6.8,10.03,4.09666257,20.15,3.4,15.12,22.6,0.421,300.0,13.76,19.49,4.3,2.405,2.06250976,71.510002,0.837727,40.08271002
2024-03-07,67.5,18.50250112,9.17,12.61,2.91432959,3.01,68.90902473,25.34766541,16.8549995,10.96,101.01,9.36655959,6.33,37.75,6.45,11.1,3.98332935,19.6,3.2,14.536,21.5,0.432,291.01001,13.22,19.610001,3.96,2.28,1.96429501,67.0,0.837727,39.6024066
2024-03-10,69.0,20.29142548,9.23,12.97,2.97652565,3.11,75.45447,25.57066838,17.25,12.20266667,104.0,9.41398521,6.54,37.82,7.0,11.1,4.02999597,21.299999,3.22,14.8,22.02,0.448,315.91,13.54,20.24,4.2,2.45,2.0473998,75.699997,0.847247,40.32739402
2024-03-11,69.57,19.91767461,9.09,13.43,3.14534352,3.11,80.59083032,25.19900171,17.450001,13.97333333,101.5,9.2875169,6.38,39.200001,8.33,11.12,3.96999603,22.799999,3.13,15.3600008,22.129999,0.463,300.0,14.82,20.559999,3.98,2.4,2.05495478,73.559998,0.875806,38.99523032
2024-03-12,64.639999,19.16291556,8.9,13.0,3.05649201,2.98,82.28173772,23.63799947,15.75,15.46666667,96.010002,9.08991016,5.88,38.77,8.16,11.1,3.67666299,21.42,2.99,15.92,21.370001,0.444,295.0,14.39,18.85,3.81,2.225,1.97940497,70.510002,0.873902,36.7205842
2024-03-13,59.02,17.7803985,8.16,12.63,3.03872171,2.83,78.19991907,21.92833354,16.8999995,13.33333333,88.0,8.07816363,5.43,38.25,7.76,11.0,3.47999652,20.4,2.82,16.4,20.25,0.433,281.10001,13.81,17.66,3.53,2.105,1.90385516,74.010002,0.864382,36.42152692
2024-03-14,59.5,17.41753322,8.0,12.8,3.03872171,2.83,77.30901451,20.51600018,15.005,13.33333333,86.010002,7.92798251,5.48,38.130001,7.62,11.3,3.41332992,20.0,2.77,16.0479992,20.030001,0.434,281.0,13.06,18.049999,3.58,2.195,1.97940497,74.0,0.856767,34.70874555
2024-03-17,60.990002,17.12724137,7.84,12.8,3.14534352,2.82,81.8181,20.81333352,17.504999,13.49333333,88.110001,8.06235509,5.65,39.459999,8.06,12.65,3.51332982,19.809999,2.91,16.68,20.41,0.444,280.5,13.76,18.51,3.57,2.25,2.13805957,75.650002,0.850103,34.70874555
2024-03-18,59.0,16.69180267,7.04,11.5,3.02095141,2.56,80.29992152,19.12596683,16.0,10.96533333,77.0,7.29564093,5.07,38.130001,7.92,11.9,3.20333013,18.209999,2.64,15.856,18.6,0.38,252.14999,12.05,18.059999,3.22,2.05,1.96429501,68.300003,0.842487,35.07123879
2024-03-19,60.029999,16.51037004,6.95,10.38,2.9854108,2.45,77.27265,19.39356684,16.0,10.98666667,72.550003,7.121747,4.94,35.009998,7.54,11.5,3.17666349,17.059999,2.52,15.456,17.709999,0.38,243.12,12.05,17.700001,3.13,1.935,1.96429501,61.299999,0.81964,35.25248588
2024-03-20,63.0,16.69180267,7.15,11.15,2.99429595,2.52,76.99992027,19.56453351,16.254999,11.79733333,78.160004,7.43791779,5.2,37.549999,7.6,11.81,3.24999675,17.6,2.52,15.8,18.1,0.388,252.5,12.06,18.4,3.17,2.0,1.98695995,64.110001,0.822496,36.31277847
2024-03-21,62.009998,16.6954306,7.12,11.39,2.99429595,2.5,77.0453775,19.32666684,15.5,11.89333333,83.989998,7.23240678,5.21,37.52,7.17,12.1,3.25666374,17.74,2.54,15.12,18.299999,0.39,260.01001,12.1,18.41,3.19,2.065,2.13050459,60.32,0.823448,36.24934252
2024-03-24,66.18,16.15476207,7.4,12.0,3.10980292,2.77,77.02719843,19.85443277,15.0249995,12.8,89.0,7.62762026,5.33,37.919998,8.17,12.85,3.34666332,18.24,2.63,15.52,18.870001,0.413,266.0,12.1,19.059999,3.26,2.15,2.1229496,57.0,0.81964,35.63310354
2024-03-25,66.040001,16.15113269,7.64,12.06,3.13645837,2.78,76.38173907,19.84700093,15.785,13.86666667,90.110001,7.55648183,5.46,38.09,8.45,12.56,3.32333001,18.129999,2.66,15.92,18.83,0.435,266.10001,12.1,19.5,3.26,2.25,2.1229496,58.029999,0.828208,36.06809542
2024-03-26,67.0,16.50674211,7.58,12.41,3.14534352,2.77,76.27265282,20.07000018,16.24,13.86666667,92.0,7.51696048,5.71,38.25,8.26,12.35,3.34332999,18.76,2.77,15.7759992,19.0,0.435,264.0,12.2,20.01,3.48,2.26,2.11539462,59.0,0.83392,36.24934252
2024-03-27,64.150002,15.64675032,7.35,11.07,3.13645837,2.68,73.59083277,19.98079944,16.299999,12.05866667,93.550003,7.28773666,5.5,38.259998,7.95,12.2,3.2666634,17.799999,2.67,14.736,18.02,0.425,260.20001,11.5,19.219999,3.28,2.35,2.05495478,58.049999,0.828208,35.07123879
2024-03-28,62.310001,15.05890893,7.38,11.02,3.06537716,2.65,72.7272,19.86930017,15.8500005,11.78666667,92.099998,7.11384273,5.35,37.610001,7.53,11.83,3.21333012,17.65,2.56,13.8399992,17.4,0.415,259.0,11.0,18.799999,3.24,2.31,2.00206991,55.59,0.828208,34.8899917
2024-03-31,60.400002,13.82516627,7.25,10.5,2.87878899,2.51,68.18175,18.85093425,15.3,10.72,90.010002,6.79767194,4.7,35.25,6.93,11.0,2.96999703,17.0,2.36,12.9759992,16.16,0.39,263.01999,10.05,17.83,3.17,2.09,1.89630018,55.900002,0.837727,32.76034287
2024-04-01,61.5,14.26060496,7.33,10.74,2.89655929,2.61,69.98175093,18.85093425,15.41,11.01866667,91.029999,6.93204532,4.89,35.040001,7.06,11.41,3.02999697,17.0,2.39,12.8479992,16.940001,0.39,267.0,10.58,18.0,3.29,2.095,1.9265201,59.630001,0.845343,32.97783976
2024-04-02,64.099998,14.34043569,7.51,11.13,3.09203262,2.69,72.7272,19.54966609,15.7799995,11.73333333,92.019997,7.12965206,5.22,35.560001,7.23,11.2,3.34666332,17.309999,2.44,13.1600008,17.35,0.408,273.0,10.87,18.5,3.52,2.205,1.96429501,64.0,0.850103,34.17406791
2024-04-03,64.0,13.91588259,7.66,10.89,3.09203262,2.74,72.05447522,19.04420092,15.705,11.58933333,90.599998,7.03480003,5.27,35.610001,7.29,10.83,3.34999665,17.030001,2.4,12.648,17.16,0.403,270.0,10.82,18.32,3.46,2.2,1.94163007,63.099998,0.852007,33.22252282
2024-04-04,64.709999,13.9811987,7.84,11.15,3.11868807,2.75,72.89992892,19.10366759,15.9049995,11.872,92.300003,7.0427043,5.38,36.0,7.46,11.06,3.45332988,17.15,2.46,12.752,17.549999,0.409,280.0,11.11,18.74,3.56,2.28,1.96429501,64.400002,0.854863,33.20439744
2024-04-07,65.400002,14.22431916,7.95,12.01,3.06537716,2.74,72.6635637,19.52736685,15.5,12.00533333,93.0,7.54067329,5.4,36.040001,7.35,11.6,3.44332989,17.15,2.51,12.216,18.059999,0.415,284.01001,11.11,19.0,3.49,2.225,1.93407508,63.0,0.855815,33.25877166
2024-04-08,68.5,14.51461102,8.15,11.7,3.03872171,2.7,72.7272,19.32666684,15.6800005,12.0,106.0,8.14139779,5.31,36.5,7.42,11.51,3.47666319,17.0,2.51,12.208,18.219999,0.417,284.06,11.01,18.99,3.5,2.25,1.91141014,63.060001,0.853911,33.6212649
2024-04-15,71.5,14.80853226,8.28,12.11,3.03872171,2.75,72.78174358,19.40100018,16.0,12.05333333,108.0,8.3469088,5.41,37.02,7.45,11.6,3.50999649,17.129999,2.59,12.48,18.41,0.421,288.03,11.14,19.799999,3.6,2.235,1.93407508,65.050003,0.851055,34.98061572
2024-04-16,72.5,15.31291499,8.33,13.04,3.09203262,3.14,74.54538,19.40843425,16.045,13.09333333,110.1,8.32319599,5.67,37.900002,7.69,11.7,3.61999638,17.52,2.75,12.76,19.0,0.434,284.54999,11.7,20.870001,3.78,2.25,1.96429501,66.529999,0.852007,35.88684928
2024-04-17,71.809998,15.14962525,8.3,12.8,3.11868807,3.28,74.29992843,19.45303351,15.95,13.17333333,110.59,8.32,5.62,38.400002,7.71,11.68,3.64332969,17.610001,2.82,13.0399992,19.01,0.447,284.04999,11.72,21.799999,3.85,2.26,1.96429501,66.800003,0.828208,36.83839438
2024-04-18,66.910004,14.69604366,7.72,11.6,2.95875535,3.18,72.7272,18.9624335,15.0,12.00533333,98.0,8.33,5.36,36.0,6.8,10.6,3.38332995,16.5,2.6,12.04,17.1,0.41,260.0,11.33,19.85,3.78,2.125,1.83586033,61.099998,0.821544,35.79622526
2024-04-21,68.51,14.72144423,7.8,12.41,2.9676405,3.31,72.7272,19.31923351,15.56,12.00533333,104.04,8.25,5.46,36.75,7.1,10.81,3.47999652,17.1,2.66,12.216,18.0,0.418,270.0,11.9,20.27,3.86,2.12,1.86608026,64.16,0.821544,35.79622526
2024-04-22,67.11,14.19166092,7.87,12.15,2.9498702,3.44,73.7726535,19.17056684,15.42,12.016,101.0,8.02,5.36,34.82,6.97,10.62,3.3999966,17.12,2.74,11.92,17.66,0.422,266.25,11.82,20.58,3.78,2.095,1.8509703,62.2,0.834872,35.98653504
2024-04-23,62.560001,12.91800308,7.14,11.75,2.87878899,3.32,70.36356782,18.66510091,13.5,11.52,98.769997,7.38,5.01,33.07,6.45,10.0,3.14333019,16.5,2.75,11.064,17.02,0.411,248.0,10.6,20.110001,3.64,1.98,1.7300906,58.5,0.837727,35.07123879
2024-04-24,59.880001,12.70028464,6.97,10.9,2.6033493,3.09,67.18175282,17.9143335,14.0,10.95466667,92.010002,7.02,4.81,31.08,5.93,9.61,3.02999697,15.65,2.57,10.44,16.110001,0.381,226.5,10.19,19.040001,3.34,1.715,1.54121608,53.5,0.823448,34.39156385
2024-04-28,61.0,12.21404517,6.96,11.6,2.47895718,2.91,64.090845,17.4683335,13.1049995,11.232,89.900002,7.0,4.4,30.75,5.93,9.1,2.8999971,15.62,2.4,10.008,15.62,0.335,225.0,9.85,17.790001,3.19,1.76,1.47322126,51.0,0.767282,29.90570758
2024-04-29,62.110001,12.34104729,7.0,11.72,2.39899082,2.87,64.24538848,17.11896756,13.38,11.46666667,88.830002,6.82,4.42,30.83,5.86,9.11,2.92333074,15.6,2.43,10.232,15.74,0.335,225.03999,9.89,17.6,3.19,1.745,1.57143601,51.0,0.762522,29.57040145
2024-04-30,61.5,11.29962432,6.88,11.01,2.40787598,2.7,64.999935,16.35333348,13.6499995,11.53066667,83.0,6.8,4.23,30.02,5.51,9.5,2.86999713,14.41,2.28,11.04,15.21,0.33,233.06,9.8,16.809999,3.02,1.655,1.46566628,51.0,0.767282,28.95416248
2024-05-01,60.200001,11.37582639,6.8,10.53,2.41676113,2.71,65.09084218,15.61000014,13.01,11.632,83.0,6.66,4.2,29.01,5.4,9.85,2.87666379,14.35,2.26,10.92,14.4,0.331,234.10001,9.6,16.620001,3.0,1.635,1.47322126,51.02,0.76633,28.31979908
2024-05-02,62.040001,12.06164248,6.97,11.13,2.54115324,2.87,66.30902642,16.91083348,13.59,12.37866667,87.199997,6.91,4.52,32.5,5.83,10.25,3.0999969,15.03,2.37,11.784,15.17,0.34,253.0,10.0,17.280001,3.12,1.67,1.51855114,54.200001,0.772042,29.49790281
2024-05-07,65.0,12.55513781,7.04,11.15,2.51449779,2.95,66.18175473,17.84000016,14.0550005,12.96533333,86.07,6.91,4.5,33.0,5.8,10.37,3.20666346,15.0,2.4,11.488,15.18,0.34,241.11,10.08,17.809999,3.18,1.73,1.5336611,56.599998,0.77585,29.09009708
2024-05-08,64.160004,13.13935126,7.14,10.9,2.49672749,2.72,66.1362975,17.47576682,14.0,12.864,86.0,7.08,4.75,33.549999,5.95,10.15,3.25333008,14.72,2.41,11.992,14.51,0.334,261.0,10.1,18.799999,3.22,1.73,1.54121608,58.02,0.779658,27.34106687
2024-05-09,64.0,13.24458256,7.07,10.98,2.49672749,2.51,66.34539093,17.29736683,13.8999995,12.72,86.059998,7.07,4.67,32.299999,6.01,9.8,3.2333301,14.72,2.37,11.856,14.8,0.332,253.0,9.83,18.9,3.14,1.675,1.48833122,60.209999,0.777754,27.54950012
2024-05-12,62.509998,13.44415809,6.85,10.25,2.33679477,2.14,66.09084027,17.09666682,13.5299995,11.728,84.099998,7.07,4.33,32.200001,5.71,9.91,3.0999969,14.0,2.21,11.68,14.06,0.317,237.0,9.3,19.190001,3.02,1.635,1.48833122,56.0,0.774898,28.11136487
2024-05-13,60.110001,13.2844981,6.58,9.55,2.26571356,1.97,66.18175473,16.37563422,13.075,11.472,80.0,6.83,4.27,31.030001,5.55,9.6,3.02666364,13.87,2.14,11.68,13.72,0.306,230.03,8.72,17.6,2.93,1.56,1.39767145,55.799999,0.763474,27.50418859
2024-05-14,61.529999,13.60744783,6.61,9.71,2.31013931,2.06,67.48175343,16.47226682,13.5,11.792,80.150002,6.77,4.64,31.5,5.77,9.6,3.07333026,14.07,2.17,12.04,13.91,0.308,246.0,9.32,18.299999,2.94,1.47,1.48833122,57.700001,0.752051,27.07825844
2024-05-15,61.02,13.60744783,6.55,9.8,2.36345022,2.12,66.72720782,16.39793274,13.625,11.86666667,79.0,6.55,5.25,31.57,5.97,9.81,3.05666361,14.01,2.2,12.256,13.9,0.311,240.0,9.31,18.52,2.95,1.505,1.48077624,58.529999,0.699693,27.27762996
2024-05-16,62.0,13.78888047,6.58,9.8,2.43453143,2.3,67.727205,16.65810016,13.135,12.16,79.0,6.64,5.45,32.0,6.0,10.11,3.10666356,14.35,2.24,12.56,13.97,0.324,242.5,9.71,18.809999,3.0,1.515,1.48833122,58.849998,0.715876,27.36825398
2024-05-19,64.949997,14.15174574,6.84,10.1,2.51449779,2.45,67.99993473,17.32709941,13.925,13.328,83.160004,7.11,5.81,31.4,6.2,10.3,3.21999678,14.81,2.37,12.568,14.44,0.331,250.0,10.22,19.1,3.15,1.625,1.54877106,59.650002,0.720636,27.18700689
2024-05-20,67.660004,14.59081236,7.96,10.38,2.54115324,2.52,69.06356821,16.7473009,14.005,13.17333333,89.260002,7.8,5.9,31.450001,6.17,11.6,3.2666634,15.12,2.41,12.72,15.04,0.34,263.0,10.42,19.66,3.26,1.64,1.60165593,60.900002,0.742531,27.64012319
2024-05-21,67.019997,14.36946418,8.25,10.61,2.51449779,2.38,69.27265527,16.91083348,13.5299995,13.024,93.0,7.7,5.79,31.700001,6.07,11.4,3.26333007,15.05,2.45,12.48,14.91,0.336,272.29999,10.32,19.709999,3.32,1.82,1.60165593,61.009998,0.733012,27.52231301
2024-05-22,65.370003,14.15174574,8.41,10.66,2.47895718,2.35,68.22720723,17.02233348,14.25,13.57333333,92.510002,7.85,5.8,31.620001,5.97,10.91,3.24666342,15.21,2.45,12.368,14.66,0.333,270.01001,10.67,19.620001,3.47,1.77,1.57899099,60.5,0.737771,28.01167911
2024-05-23,65.0,14.29689258,8.38,10.96,2.50561264,2.32,69.09084,17.61700091,14.825,13.57333333,93.709999,7.92,6.17,31.85,6.07,11.2,3.40332993,15.6,2.54,12.4,14.85,0.337,267.0,11.1,19.540001,3.5,1.775,1.60165593,59.400002,0.739675,28.6551052
2024-05-26,64.650002,14.11545994,8.42,10.91,2.53226809,2.32,69.09084,18.43466609,14.6000005,13.33866667,94.5,7.97,6.22,31.879999,6.15,11.11,3.41332992,16.120001,2.61,12.408,15.61,0.347,262.0,11.13,19.67,3.51,1.78,1.62432087,59.5,0.742531,28.99947401
2024-05-27,65.25,14.33317838,8.64,10.7,2.63000476,2.25,69.40901968,18.99216609,14.51,13.45066667,92.5,8.07,5.97,32.029999,6.02,11.11,3.37666329,16.200001,2.63,12.632,15.74,0.349,273.01001,11.0,19.6,3.6,1.755,1.71498064,57.700001,0.744435,29.01759844
2024-05-28,63.630001,14.22431916,8.5,10.01,2.55892355,1.98,68.27265718,18.06299941,14.6499995,13.12,90.0,7.7,5.82,31.65,5.96,10.85,3.35666331,15.81,2.49,12.9600008,15.11,0.342,265.01001,10.58,19.6,3.53,1.73,1.64698581,56.0,0.737771,28.10230314
2024-05-29,63.209999,14.09731523,8.85,10.11,2.6033493,2.02,69.37265608,18.62793276,14.75,12.85866667,91.949997,7.87,5.9,32.060001,6.02,11.22,3.44999655,15.96,2.6,13.0399992,15.44,0.359,268.04999,11.0,19.700001,3.73,1.83,1.66209578,56.02,0.737771,28.73666654
2024-05-30,62.0,13.42601519,8.94,9.87,2.6033493,1.97,66.37266272,18.63536683,14.45,12.49066667,91.949997,7.7,5.85,30.84,5.77,11.13,3.49666317,15.25,2.55,12.72,15.21,0.355,260.0,10.92,19.6,3.65,1.755,1.66209578,53.189999,0.730156,27.79418317
2024-06-02,61.5,13.84693891,9.1,9.85,2.6033493,1.77,70.19993071,19.28206758,14.0,12.928,92.260002,7.65,5.98,30.5,5.77,10.56,3.51666315,15.4,2.56,12.784,15.32,0.356,266.75,10.55,19.3,3.6,1.725,1.71498064,51.529999,0.725396,27.64012319
2024-06-03,60.57,13.42601519,9.28,9.9,2.54115324,1.72,69.09084,19.10366759,14.25,13.17866667,90.900002,7.7,5.95,30.12,5.76,10.86,3.63999636,16.25,2.6,13.008,15.24,0.344,265.37,10.8,20.0,3.64,1.73,1.66209578,52.970001,0.725396,27.7035601
2024-06-04,61.099998,13.80702337,9.24,9.91,2.55003839,1.87,69.13629723,19.32666684,14.33,13.01333333,91.239998,7.74,5.95,30.89,5.8,11.16,3.71666295,16.91,2.71,13.0399992,15.24,0.351,265.0,11.24,20.92,3.7,1.765,1.66965076,53.25,0.7273,27.79418317
2024-06-05,56.119999,13.42964312,8.7,9.88,2.47895718,1.8,68.66356679,19.32666684,14.125,12.85866667,85.099998,7.11,5.67,30.31,5.6,10.86,3.72666294,16.860001,2.57,12.88,14.86,0.343,262.0,10.7,20.5,3.76,1.73,1.62432087,50.0,0.729204,27.05107228
2024-06-06,57.119999,13.51673151,8.82,9.71,2.45230173,1.77,67.75447679,19.5,14.355,12.11733333,87.510002,7.26,5.67,30.9,5.74,10.9,3.76332957,16.799999,2.57,12.8,14.9,0.34,260.5,10.87,20.5,3.77,1.715,1.62432087,51.639999,0.733012,27.32294149
2024-06-09,55.52,12.59142542,8.65,9.270001,2.36345022,1.73,66.38174907,19.01,13.565,11.78666667,84.010002,7.1,5.48,28.76,5.51,10.09,3.64999635,16.700001,2.45,12.8,14.54,0.324,248.02,10.1,19.71,3.73,1.625,1.5336611,49.330002,0.745387,26.57076791
2024-06-10,54.119999,12.55513781,8.7,9.13,2.34567992,1.71,66.36357,19.1,13.8,11.74933333,82.110001,7.06,5.37,28.91,5.52,10.4,3.60666306,16.799999,2.41,12.816,14.51,0.321,251.2,9.63,19.1,3.93,1.61,1.51099616,47.400002,0.737771,26.32608486
2024-06-11,52.799999,12.91800308,9.03,9.45,2.34567992,1.724,66.64538608,18.700001,14.0,12.19733333,88.0,7.08,5.44,29.15,5.57,10.86,3.2333301,17.120001,2.52,13.544,14.61,0.326,257.5,10.06,20.5,3.95,1.7,1.57899099,50.029999,0.742531,26.55264349
2024-06-12,52.610001,13.29901307,9.07,9.56,2.45230173,1.79,66.82720772,17.91,14.5,12.58666667,87.199997,7.09,5.38,29.25,5.57,11.1,3.21333012,17.1,2.51,13.12,14.57,0.333,260.94,10.23,20.79,4.0,1.755,1.58654597,51.799999,0.743483,26.58889234
2024-06-13,52.91,13.59656224,9.03,9.57,2.51449779,1.808,67.27266,17.049999,14.46,12.53333333,88.0,7.06,5.42,29.57,5.59,11.25,3.1999968,17.1,2.54,13.8,14.7,0.34,268.0,10.35,21.95,3.97,1.88,1.60165593,53.0,0.740627,26.40764619
2024-06-23,56.02,14.0936873,9.19,9.7,2.52338294,1.825,67.27266,17.049999,14.55,13.01333333,91.349998,7.17,5.68,30.22,5.65,11.85,3.2333301,17.4,2.61,14.1520008,14.86,0.35,271.0,10.5,22.3,4.01,1.905,1.64698581,54.110001,0.73206,26.40764619
2024-06-24,56.5,14.04288652,9.25,9.81,2.5678087,1.85,67.57266152,17.610001,14.75,12.42666667,92.57,7.23,6.08,30.42,5.84,12.5,3.28666338,18.24,2.72,14.408,15.19,0.407,275.01999,10.8,23.0,4.04,1.955,1.71498064,55.299999,0.720636,27.09638382
2024-06-25,54.330002,14.36946418,9.0,9.73,2.55003839,1.837,67.63629782,17.65,14.615,12.81066667,95.110001,7.18,6.02,30.32,5.81,12.72,3.26999673,17.799999,2.77,14.408,15.15,0.392,269.81,10.63,22.65,3.98,2.015,1.7300906,54.349998,0.697789,26.65232925
2024-06-26,56.119999,14.8774763,9.17,9.73,2.585579,1.84,67.90902027,17.690001,15.0,13.28,97.050003,7.2,6.4,30.51,5.99,14.1,3.2999967,18.459999,2.8,14.5600008,15.8,0.392,273.01001,11.45,24.0,4.11,2.025,1.74520056,57.049999,0.700645,26.752015
2024-06-27,57.799999,15.05890893,9.520001,9.770001,2.63000476,1.833,68.87266022,17.76,14.785,13.57866667,97.0,7.28,6.44,30.87,6.14,14.12,3.30999669,18.83,2.8,14.4399992,15.83,0.392,272.0,11.53,23.21,4.19,2.0,1.73764558,56.610001,0.702549,26.97857363
2024-07-01,58.599998,15.16776815,9.49,9.79,2.63000476,1.836,69.99993,17.9,14.895,13.76,97.0,7.38,6.48,30.85,6.48,14.39,3.2999967,19.27,2.86,14.9679992,15.96,0.395,272.20001,11.59,23.0,4.21,2.08,1.78297547,56.450001,0.704453,27.01482248
2024-07-02,58.110001,15.44354649,9.18,9.76,2.61223445,1.859,70.01810907,17.52,14.88,14.05333333,95.010002,7.42,6.5,30.6,6.47,15.0,3.2666634,19.200001,2.93,15.2,16.07,0.392,274.0,11.62,23.33,4.33,1.92,1.77542049,57.119999,0.697789,26.33514755
2024-07-03,58.18,15.49797555,9.09,9.75,2.6033493,1.913,70.11810897,17.52,14.55,14.24,95.400002,7.37,6.81,30.5,6.48,14.82,3.22999677,19.4,3.0,16.0,16.360001,0.394,273.25,11.8,23.66,4.35,1.97,1.76031053,59.0,0.698741,26.46202042
2024-07-04,59.25,15.53063343,9.13,9.7,2.59446415,1.891,70.2272025,17.799999,14.6,14.13333333,94.510002,7.47,6.77,30.48,6.45,14.0,3.23666343,19.969999,2.93,16.0,16.01,0.396,273.31,12.45,23.5,4.27,1.97,1.74520056,59.91,0.693981,25.737033
2024-07-07,58.0,15.96607212,9.020001,9.73,2.64777506,1.9,72.272655,18.4,14.6,14.29333333,94.0,7.51,6.8,30.37,6.45,14.14,3.24333009,20.09,3.0,16.1679992,16.0,0.401,271.25,12.5,23.6,4.3,1.97,1.76786551,60.200001,0.682557,26.07234007
2024-07-08,56.279999,15.67940819,9.020001,9.85,2.63888991,1.87,72.272655,18.0,14.6,14.416,102.5,7.46,6.7,29.8,6.56,13.91,3.19333014,21.5,2.98,16.072,16.02,0.402,262.0,12.47,22.85,4.46,1.985,1.73764558,60.32,0.677798,26.09952623
2024-07-09,54.700001,15.63949265,8.81,10.0,2.6033493,1.835,71.363565,17.91,14.5,15.19466667,102.5,7.38,6.64,29.8,6.6,13.61,3.18333015,21.540001,2.93,16.064,16.940001,0.398,260.03,12.51,22.66,4.54,2.007,1.71498064,60.5,0.679702,25.19329267
2024-07-10,53.82,15.64675032,8.68,9.9,2.61223445,1.818,71.363565,18.08,14.5,15.2,102.7,7.36,6.52,30.46,6.65,14.01,3.15999684,21.99,2.92,16.1119992,16.75,0.398,261.12,12.59,23.0,4.56,2.009,1.73764558,60.700001,0.679702,26.28077332
2024-07-14,53.299999,15.7628745,8.520001,9.83,2.70997112,1.836,71.12719978,18.459999,14.4,15.04,104.0,7.21,6.55,30.65,6.44,13.45,3.17999682,21.4,2.89,15.5520008,16.83,0.402,259.01001,12.52,22.88,4.53,1.97,1.7300906,58.279999,0.685413,26.55264349
2024-07-15,53.43,15.3056645,8.54,9.76,2.70997112,1.88,70.81811282,18.52,14.4,14.66666667,102.8,7.18,6.55,30.81,6.46,13.26,3.20666346,20.950001,2.89,15.8240008,17.0,0.406,254.02,12.2,22.86,4.53,1.97,1.7300906,58.32,0.688269,26.09952623
2024-07-16,53.830002,15.34049871,8.59,9.770001,2.64777506,1.86,70.52720402,18.52,14.5,15.33333333,100.12,7.12,6.46,31.7,6.5,13.26,3.18999681,20.84,2.97,15.8240008,17.24,0.403,257.0,12.3,22.9,4.54,1.98,1.73764558,57.73,0.693029,25.92734182
2024-07-17,53.830002,15.24034785,8.6,9.95,2.65666021,1.866,70.49993223,18.700001,14.665,15.66666667,99.099998,7.15,6.61,32.01,6.61,13.39,3.21333012,21.42,2.95,15.6,18.1,0.407,260.0,12.6,23.0,4.68,2.0,1.71498064,57.900002,0.703501,26.04515296
2024-07-18,56.099998,15.41016843,8.75,9.93,2.65666021,1.892,70.63629027,19.860001,14.66,16.49333333,103.5,7.39,7.08,32.81,6.77,14.37,3.27333006,21.139999,3.0,15.12,18.059999,0.414,263.0,13.13,23.42,4.72,2.1,1.7300906,58.580002,0.723492,26.84263808
2024-07-21,56.709999,15.54515524,8.71,10.0,2.69220081,1.93,70.57265397,20.719999,14.65,16.33333333,103.6,7.6,6.93,32.11,6.82,14.38,3.28333005,20.99,3.01,15.064,18.200001,0.415,268.0,13.28,23.9,4.66,2.07,1.6923157,58.66,0.747291,26.73389058
2024-07-22,58.59,15.52773727,8.84,10.16,2.70108596,2.131,71.363565,20.959999,14.65,16.2,103.76,7.8,6.81,32.2,6.73,13.92,3.32333001,20.9,2.98,15.08,18.51,0.426,268.10001,12.86,24.0,4.7,2.08,1.70742566,57.75,0.752051,27.18700689
2024-07-23,58.119999,15.46242062,9.08,10.26,2.70108596,2.133,72.81810718,21.08,14.62,16.41333333,102.03,8.09,6.8,32.43,6.65,13.86,3.33666333,21.15,2.99,14.9600008,18.59,0.424,265.0,12.86,23.9,4.69,2.04,1.70742566,58.0,0.741579,28.13855198
2024-07-24,57.860001,16.21137573,8.92,10.32,2.77216717,2.192,73.81810527,21.6,14.675,16.26666667,102.1,8.07,6.94,32.73,6.72,13.47,3.41999658,21.120001,2.95,14.9679992,18.5,0.428,260.0,12.92,24.45,4.57,2.06,1.70742566,57.599998,0.742531,29.48884012
2024-07-28,58.099998,15.9370486,8.87,10.2,2.76328202,2.23,73.63629,22.040001,14.67,15.86666667,102.3,8.1,6.83,32.52,6.68,13.72,3.38332995,20.9,2.95,15.1600008,18.719999,0.424,259.0,12.76,23.7,4.58,2.06,1.71498064,56.599998,0.741579,29.62477472
2024-07-29,59.639999,15.76722801,8.87,9.96,2.78105233,2.23,74.18174218,21.860001,14.65,15.4,103.5,8.32,6.78,33.3,6.69,13.6,3.35666331,21.0,2.95,14.9600008,19.5,0.423,257.62,12.6,23.6,4.58,2.12,1.69987068,55.110001,0.73206,29.37102994
2024-07-30,60.060001,15.80641748,8.88,10.0,2.75439687,2.21,74.21810669,21.190001,14.65,15.48666667,104.0,8.3,6.8,33.75,6.66,13.58,3.34332999,20.9,2.92,15.0240008,20.02,0.417,258.10999,12.28,23.92,4.65,2.25,1.69987068,55.110001,0.733963,29.36196725
2024-07-31,59.610001,16.59456205,9.020001,10.08,2.77216717,2.22,74.63628718,21.6,14.6,15.46666667,106.9,8.56,6.93,33.9,6.74,13.7,3.34332999,21.0,2.94,16.4,20.209999,0.43,261.0,12.66,23.84,4.63,2.24,1.69987068,56.029999,0.723492,29.45259032
2024-08-01,60.509998,16.93855891,9.14,10.0,2.74551172,2.16,75.71810701,22.15,14.65,16.04,110.1,8.55,6.9,34.03,6.71,13.81,3.28666338,20.51,2.93,16.7679992,20.280001,0.433,264.13,12.55,24.2,4.39,2.26,1.70742566,55.509998,0.721588,29.99633065
2024-08-04,57.209999,15.80641748,8.72,9.25,2.5678087,2.01,73.93629152,21.07,14.4,15.17333333,105.25,8.23,6.42,32.6,6.54,13.3,3.11666355,19.059999,2.69,15.6399992,18.9,0.409,260.0,11.91,22.7,4.21,2.17,1.6545408,53.049999,0.709212,27.28669265
2024-08-05,54.040001,15.90656833,7.5,8.7,2.38122052,1.85,72.8908362,20.610001,14.25,14.23333333,98.0,7.46,5.76,31.2,5.95,11.6,2.89666377,17.91,2.52,15.52,16.35,0.38,240.0,10.61,20.15,3.86,1.97,1.62432087,51.200001,0.685413,26.32608486
2024-08-06,56.029999,16.54666338,8.29,8.88,2.43453143,1.92,74.090835,20.700001,14.38,15.32666667,101.02,7.73,6.19,33.4,6.2,13.2,3.04333029,18.450001,2.63,15.936,17.24,0.389,253.0,11.3,23.1,4.03,2.06,1.66209578,52.5,0.694933,27.59481166
2024-08-07,55.669998,16.78615413,8.770001,9.09,2.50561264,2.04,74.45447282,21.110001,14.425,15.34,103.11,8.0,6.24,33.4,6.2,13.2,3.0666636,18.700001,2.67,17.0,17.629999,0.397,255.12,11.7,23.22,4.07,2.15,1.67720574,54.0,0.699693,27.82137029
2024-08-08,55.119999,16.85147077,8.8,9.3,2.52338294,2.07,74.54538,21.33,14.51,15.33333333,106.1,8.07,6.4,33.45,6.25,13.1,3.02999697,18.959999,2.74,17.08,19.280001,0.398,257.0,11.78,23.06,4.1,2.17,1.78297547,55.349998,0.704453,27.82137029
2024-08-11,55.599998,17.4175404,8.81,9.46,2.52338294,2.12,74.54538,22.049999,14.55,15.46,110.02,8.25,6.4,33.85,6.35,13.89,3.03666363,19.299999,2.8,17.1520008,19.4,0.398,258.16,12.01,23.3,4.13,2.25,1.85852528,56.380001,0.704453,28.09324045
2024-08-12,55.599998,17.19982115,9.0,9.3,2.57669385,2.23,75.50901358,23.049999,14.625,16.01333333,110.5,8.31,6.4,33.4,6.49,13.85,3.0666636,19.139999,2.81,16.8,19.42,0.403,261.10001,12.55,23.19,4.36,2.25,1.79808543,58.259998,0.702549,27.64012319
2024-08-13,55.0,16.78615413,8.89,9.26,2.54115324,2.28,75.19083299,22.6,14.665,16.07333333,110.52,8.2,6.38,33.55,6.4,13.62,3.04333029,18.9,2.8,16.656,19.440001,0.398,264.0,12.4,23.02,4.33,2.2,1.77542049,58.810001,0.698741,27.45887705
2024-08-14,55.040001,16.9603304,8.92,9.13,2.54115324,2.26,75.45447,22.129999,13.95,16.26666667,110.55,8.270001,6.3,33.52,6.43,13.46,3.04999695,19.4,2.8,16.8399992,19.66,0.398,265.0,12.35,23.61,4.32,2.2,1.74520056,57.810001,0.696837,27.47700147
2024-08-15,57.599998,17.13015098,9.2,9.14,2.5678087,2.23,76.36356,21.9,13.6,15.60666667,111.73,8.520001,6.44,33.0,6.49,13.37,3.0666636,19.4,2.83,19.616,19.790001,0.397,255.05,12.4,24.5,4.42,2.26,1.76031053,57.330002,0.693981,27.14169535
2024-08-18,57.400002,17.5351088,9.23,9.42,2.61223445,2.23,76.39992451,22.049999,13.775,15.33333333,113.0,8.44,6.61,32.42,6.71,13.51,3.09666357,19.200001,2.91,19.7600008,21.26,0.398,254.10001,12.4,24.27,4.67,2.19,1.76031053,56.360001,0.693029,27.06013402
2024-08-19,56.669998,17.36528821,9.28,9.6,2.69220081,2.21,76.38173907,21.83,13.7,15.07333333,113.73,8.35,6.65,31.92,6.68,13.53,3.09333024,19.01,2.9,20.4880008,21.299999,0.399,250.0,12.41,23.76,4.72,2.2,1.75275555,55.619999,0.688269,27.05107228
2024-08-20,57.200001,17.37835093,9.34,10.07,2.70108596,2.23,76.28174554,21.93,13.805,15.36,113.14,8.36,6.85,31.85,6.78,13.72,3.10999689,19.200001,2.91,19.7039992,21.299999,0.406,249.75,12.5,24.5,5.01,2.21,1.76786551,55.599998,0.687317,27.07825844
2024-08-21,57.369999,17.85297891,9.45,10.16,2.72774142,2.22,78.28174081,21.690001,13.75,15.27333333,112.01,8.36,6.85,31.53,7.0,14.06,3.10999689,20.129999,2.96,19.864,21.700001,0.411,249.02,13.16,24.92,4.96,2.25,1.79053045,55.84,0.686365,27.14169535
2024-08-22,56.849998,18.41904854,9.4,11.3,2.82547808,2.24,78.19991907,22.1,13.76,14.80666667,108.0,8.31,6.97,31.03,7.01,14.51,3.11333022,21.1,3.04,18.4,22.219999,0.408,250.0,13.2,23.33,5.19,2.23,1.79808543,55.07,0.685413,27.25044285
2024-08-25,57.009998,18.41904854,9.39,11.5,2.82547808,2.09,79.72719027,22.77,13.76,14.80666667,106.06,8.36,7.0,31.0,7.02,14.2,3.1666635,21.610001,3.3,19.464,21.83,0.413,245.75,13.74,23.7,5.36,2.23,1.80564041,55.360001,0.680654,27.14169535
2024-08-26,57.0,18.41904854,9.28,11.27,2.79882263,1.99,79.18173718,22.459999,13.75,14.90666667,105.53,8.45,7.06,30.9,7.1,13.74,3.27333006,21.799999,3.41,20.2399992,21.6,0.413,245.3,13.9,23.12,5.78,2.31,1.76786551,55.400002,0.67399,26.74295232
2024-08-27,57.099998,18.52355465,9.3,11.3,2.79882263,2.07,79.45446782,22.65,13.75,14.98666667,106.02,8.29,7.21,31.1,7.51,14.1,3.28333005,23.190001,3.48,20.008,21.700001,0.413,256.91,13.9,23.5,5.78,2.31,1.76786551,55.900002,0.675894,26.64326656
2024-08-28,57.299999,18.7325647,9.32,11.64,2.9854108,2.1,80.09082718,22.799999,13.725,15.06,109.51,8.38,7.28,32.19,7.57,14.95,3.32666334,24.0,3.46,19.8399992,22.0,0.418,210.0,13.86,23.9,5.88,2.32,1.75275555,56.810001,0.675894,26.77920212
2024-08-29,57.950001,18.73691865,9.33,11.36,2.99429595,2.08,79.16355902,24.4,13.775,15.13333333,109.85,8.42,7.38,31.9,7.51,14.71,3.31999668,23.42,3.38,19.28,21.75,0.419,258.0,13.8,23.75,6.18,2.42,1.76786551,56.75,0.677798,26.81545096
2024-09-01,58.0,18.3319604,9.31,11.44,3.10980292,2.1,78.38174071,25.1,13.8,15.40666667,109.0,8.51,7.75,31.85,7.5,14.72,3.32666334,23.65,3.35,19.184,21.51,0.419,259.95999,13.8,23.5,6.37,2.61,1.76786551,59.0,0.684461,27.36825398
2024-09-02,60.900002,18.29277093,9.39,11.3,3.14534352,2.09,78.21810451,24.85,13.75,15.23333333,108.25,8.95,7.55,31.96,7.5,14.88,3.33333,23.02,3.35,19.008,21.33,0.418,265.5,14.7,23.7,6.56,2.68,1.79053045,59.330002,0.684461,27.77605875
2024-09-03,61.85,18.00538239,9.62,11.15,3.09203262,2.09,77.636286,24.31,13.775,15.2,110.01,8.91,7.58,32.23,7.48,14.91,3.32666334,23.26,3.36,19.2,21.5,0.415,265.0,14.8,23.75,6.4,2.72,1.81319539,59.46,0.685413,27.89386893
2024-09-04,63.33,17.46108425,9.49,11.16,3.05649201,2.07,78.18174,24.25,13.93,15.13333333,112.0,8.67,7.66,33.3,7.55,14.71,3.2999967,23.36,3.42,19.48,21.51,0.414,261.0,14.45,23.75,6.33,2.74,1.82830535,59.71,0.680654,27.37731572
2024-09-05,63.599998,18.11424115,9.67,11.07,3.03872171,2.17,78.81810027,24.25,13.85,15.13333333,114.98,8.7,7.76,33.6,7.69,14.41,3.31333002,23.290001,3.62,19.744,21.809999,0.418,259.10999,14.8,23.8,6.4,2.73,1.9265201,60.630001,0.67875,27.69449742
2024-09-08,62.02,17.72234779,9.5,10.92,2.9854108,2.12,77.27265,23.9,13.66,14.71333333,113.6,8.55,7.56,32.5,7.4,13.9,3.25999674,22.799999,3.58,19.2320008,22.219999,0.418,254.75,14.07,23.3,6.12,2.75,1.88119022,59.0,0.681606,27.87574451
2024-09-09,60.97,17.63525966,9.46,11.09,2.97652565,2.12,77.090832,23.8,13.75,14.6,113.2,8.47,7.6,32.19,7.3,14.0,3.25999674,23.26,3.56,18.928,22.03,0.417,253.0,13.92,23.37,6.28,2.76,1.88119022,58.93,0.685413,28.09324045
2024-09-10,59.37,17.19982115,9.21,11.06,2.94098505,2.1,77.27265,23.79,13.805,14.40666667,111.06,8.48,7.4,32.81,7.2,13.97,3.2333301,22.81,3.53,19.056,21.81,0.412,252.01,13.83,23.62,6.32,2.75,1.85852528,58.81,0.739675,28.72760385
2024-09-11,58.85,16.98210189,9.0,11.09,2.90544444,2.08,76.999923,23.9,14.05,14.26,110.11,8.35,7.3,33.03,7.11,13.88,3.21333012,22.41,3.54,19.08,18.0,0.405,251.0,13.9,23.95,6.26,2.7,1.80564041,57.51,0.753003,28.18386352
2024-09-12,58.7,17.07354398,8.72,11.15,2.92321474,2.1,77.0999229,24.3,13.9,14.53333333,110.83,8.39,7.74,34.75,7.54,13.88,3.22333011,23.07,3.65,19.616,21.7,0.41,249.0,13.63,25.31,6.39,2.74,1.84341532,58.15,0.809169,29.8150845
2024-09-16,57.63,16.76873702,8.54,11.12,2.89655929,2.11,77.5908315,25.31,13.945,14.58666667,110.4,8.43,7.54,33.55,7.63,13.81,3.22333011,22.82,3.65,19.84,21.52,0.41,244.0,13.6,25.05,6.25,2.62,1.93407508,56.65,0.810121,30.81194114
2024-09-17,57.68,16.72954755,8.53,11.05,2.81659293,2.08,77.27265,25.34,13.945,14.81333333,109.5,8.51,7.4,33.8,7.65,13.43,3.2999967,22.82,3.78,19.6,20.1,0.404,241.0,13.3,24.9,6.03,2.56,1.86608026,56.7,0.784418,30.00539333
2024-09-18,58.5,16.87759665,8.57,10.83,2.78993748,2.09,77.27265,24.91,13.97,14.73333333,110.9,8.55,7.3,33.55,7.72,13.55,3.2999967,22.63,3.65,19.616,20.5,0.405,240.12,13.3,24.66,5.89,2.52,1.85852528,57.08,0.779658,29.72446048
2024-09-19,58.7,16.93855804,8.69,10.7,2.84324838,2.17,77.2817409,25.12,14.01,14.77333333,111.8,8.6,7.4,34.75,7.95,14.04,3.28999671,23.0,3.69,19.68,20.7,0.409,240.88,13.94,25.13,5.94,2.7,1.91141014,57.5,0.786321,29.72446048
2024-09-22,60.12,17.13885975,8.81,10.79,2.85213354,2.2,77.4271953,25.8,14.05,15.33333333,115.15,8.5,7.58,34.7,8.29,14.4,3.30666336,23.0,3.7,20.0,20.1,0.41,247.5,14.1,24.86,6.32,2.75,2.00206991,59.99,0.799649,29.91477026
2024-09-23,59.9,17.16063168,8.84,10.81,2.91432959,2.23,77.6908314,25.56,13.95,15.4,114.1,8.64,7.75,34.72,8.33,14.0,3.37999662,23.76,4.06,20.024,20.8,0.414,245.0,14.25,24.62,6.32,2.84,2.0851747,59.19,0.805361,30.99318823
2024-09-24,59.76,16.96032996,8.87,11.02,2.87878899,2.22,77.27265,25.52,13.945,15.06666667,115.08,8.56,7.77,34.01,8.3,14.1,3.43999656,23.38,4.4,19.936,20.91,0.415,245.6,14.4,24.44,6.32,2.83,2.0851747,59.01,0.799649,31.02037439
2024-09-25,59.6,16.99516505,8.89,11.06,2.89655929,2.22,76.818105,25.29,13.925,15.10666667,114.51,8.57,7.86,34.3,8.32,14.67,3.44332989,23.67,4.47,19.984,20.86,0.417,246.8,14.46,24.53,6.31,2.84,2.09272968,59.5,0.803457,31.44630454
2024-09-26,60.48,17.28690885,8.88,11.13,2.9320999,2.24,77.3271954,25.66,13.955,15.08,116.02,8.59,8.15,33.75,8.35,14.72,3.51332982,23.6,4.76,20.0,20.4,0.424,247.01,14.6,24.14,6.46,2.87,2.07761972,60.91,0.803457,31.29224456
2024-09-29,61.55,17.42624917,8.86,11.2,2.94098505,2.23,77.27265,25.56,13.975,15.13333333,117.25,8.72,8.1,33.83,8.35,14.92,3.50999649,23.95,4.76,20.256,20.28,0.424,249.0,14.31,24.12,6.43,2.82,2.07761972,60.82,0.802505,30.99318823
2024-09-30,62.66,17.54381757,8.88,11.22,2.9676405,2.21,76.818105,25.02,14.06,15.16666667,121.5,8.7,8.12,33.6,8.21,14.7,3.50666316,24.39,4.81,20.32,20.32,0.423,251.72,14.24,23.96,6.46,2.77,2.15316953,62.09,0.809169,30.46757233
2024-10-01,63.1,17.56994388,8.89,11.23,2.97652565,2.22,70.2908388,25.6,14.125,15.18,119.0,8.66,8.33,33.81,8.36,15.0,3.4999965,24.45,5.1,20.328,21.82,0.419,253.5,14.19,23.91,6.56,2.79,2.33448907,62.71,0.809169,30.45850964
2024-10-02,61.66,17.19982115,8.82,11.0,2.87878899,2.21,77.1999228,25.53,14.18,14.69333333,117.06,8.5,8.2,33.77,8.22,14.44,3.4666632,24.22,5.0,20.4,21.17,0.41,252.5,13.8,22.9,6.52,2.7,2.25138428,60.8,0.798697,30.10507909
2024-10-03,61.45,16.93855804,9.13,11.0,2.86990384,2.21,77.27265,25.7,14.63,14.61333333,117.96,8.48,8.25,34.02,8.26,14.81,3.47999652,24.35,5.02,20.56,21.21,0.409,253.76,13.91,23.12,6.7,2.67,2.27404922,60.8,0.799649,30.21382659
2024-10-07,62.0,16.54666338,9.1,11.14,2.81659293,2.18,76.9544685,26.74,14.625,14.17333333,119.02,8.42,8.26,34.12,8.5,14.5,3.44332989,24.25,5.52,21.352,21.62,0.409,255.74,14.0,23.06,6.46,2.7,2.37226397,59.76,0.791081,30.71225538
2024-10-08,60.11,15.91963193,8.7,11.26,2.71885627,2.09,74.7999252,26.91,14.625,13.0,115.0,8.13,7.75,33.34,8.06,14.0,3.21666345,23.01,5.34,22.08,22.65,0.39,279.0,13.68,22.61,6.09,2.59,2.27404922,56.99,0.784418,28.77291538
2024-10-09,60.51,16.02413717,8.78,11.37,2.70108596,2.09,74.1908349,27.0,14.905,13.21333333,117.5,8.16,7.8,33.51,8.22,14.1,3.25666341,23.3,5.5,22.72,23.09,0.394,282.05,13.76,22.67,6.16,2.63,2.2816042,57.94,0.785369,29.22603264
2024-10-10,61.4,16.15476872,8.2,11.45,2.66554536,2.1,73.6453809,27.0,14.815,13.38666667,113.91,8.02,7.9,34.45,8.2,14.3,3.21999678,23.3,5.49,22.4,22.73,0.392,282.1,13.6,23.6,6.06,2.69,2.28915918,58.02,0.792985,29.90570758
2024-10-13,62.9,15.89350562,8.02,11.63,2.57669385,1.99,71.8272009,26.31,13.075,12.9,114.0,8.05,7.55,33.07,7.7,13.94,3.15666351,21.5,5.15,21.72,22.7,0.384,280.13,12.8,24.05,5.66,3.06,2.2816042,56.01,0.790129,29.18072111
2024-10-14,63.0,16.02413717,7.9,11.8,2.53226809,1.97,72.0635643,26.5,13.75,12.6,109.99,8.06,7.37,33.34,7.49,13.45,3.10666356,21.01,5.01,21.04,23.4,0.379,276.1,12.58,23.71,5.62,2.91,2.22871934,55.83,0.787273,28.54635676
2024-10-15,63.98,16.06768102,8.0,12.71,2.57669385,2.02,72.1090188,27.15,14.005,12.87333333,112.99,8.08,7.57,33.6,7.9,14.09,3.1333302,21.39,5.3,21.216,25.66,0.38,283.0,12.7,24.6,5.82,2.85,2.42514884,57.89,0.778706,29.27134418
2024-10-16,63.6,15.95446701,8.03,13.07,2.57669385,2.05,72.3181095,28.2,14.995,13.54666667,112.25,8.26,7.43,33.71,7.94,14.2,3.15666351,21.5,5.49,23.384,26.51,0.38,288.5,13.01,24.99,5.66,2.95,2.70468313,58.51,0.78061,29.38915436
2024-10-17,63.6,15.89350562,7.85,12.61,2.52338294,2.11,71.81811,26.15,14.525,13.66666667,112.11,8.41,7.4,32.6,7.93,14.55,3.10999689,20.8,5.28,24.8,26.51,0.372,280.08,12.86,26.16,5.35,3.05,2.64424328,57.35,0.785369,29.90570758
2024-10-20,63.8,15.97623893,7.5,13.5,2.47895718,2.03,69.5544759,27.0,14.5,13.40666667,115.56,7.93,7.33,31.76,7.59,14.16,3.05333028,20.3,5.02,24.16,27.0,0.358,280.1,12.5,27.52,5.09,3.12,2.4780337,56.0,0.785369,28.93603805
2024-10-21,63.0,15.63224251,7.54,14.12,2.48784234,2.0,69.09084,24.0,14.08,13.04666667,119.05,7.93,7.35,31.4,7.67,13.85,3.06999693,20.1,5.01,24.184,28.02,0.359,275.0,12.16,28.52,5.14,3.1,2.49314366,55.5,0.78061,28.39229773
2024-10-22,56.01,16.08074417,7.7,14.43,2.57669385,2.13,71.363565,27.33,15.0,13.74666667,112.75,8.12,7.82,32.25,7.97,14.58,3.1999968,21.0,5.27,26.072,29.08,0.371,285.5,12.6,31.71,5.6,3.19,2.65935324,57.5,0.786321,29.36196725
2024-10-23,56.71,16.76438264,7.8,14.7,2.63888991,2.2,71.454474,27.32,15.405,13.74666667,112.0,8.25,8.02,32.06,7.8,14.7,3.20666346,21.14,5.17,26.648,28.8,0.379,292.1,12.78,29.8,5.75,3.24,2.75001301,57.01,0.786321,29.63383741
2024-10-24,56.8,17.26513692,7.85,14.53,2.6211196,2.27,71.272656,27.27,15.305,13.8,110.11,8.19,7.98,32.83,7.74,15.02,3.24666342,21.77,5.15,26.408,28.1,0.377,302.1,12.75,29.6,5.75,3.36,2.78778792,57.74,0.785369,29.36196725
2024-10-27,56.92,17.52640003,7.84,14.6,2.63888991,2.31,71.727201,27.41,15.375,13.93333333,110.66,8.25,7.98,33.3,7.75,14.9,3.24333009,21.8,5.07,25.6,28.37,0.381,305.22,12.85,29.5,5.85,3.33,2.81800784,59.27,0.787273,29.49790281
2024-10-28,56.76,17.76589121,7.6,14.69,2.70108596,2.24,72.7272,27.31,15.255,13.88666667,111.0,8.53,7.97,32.5,7.7,14.8,3.24666342,21.55,4.86,25.352,28.63,0.399,307.12,13.09,30.28,5.87,3.34,2.76512297,58.04,0.78061,29.43446589
2024-10-29,55.0,17.63525966,7.52,14.56,2.63000476,2.34,72.454473,27.4,15.01,13.74,110.02,8.52,8.04,32.8,7.65,14.35,3.24999675,21.71,4.66,24.76,28.5,0.402,302.25,12.83,29.61,5.63,3.44,2.64424328,59.01,0.78061,29.38915436
2024-10-30,55.02,17.4175404,7.5,14.52,2.59446415,2.3,72.272655,27.2,15.025,13.90666667,110.4,8.21,8.08,33.0,7.64,14.01,3.28999671,21.8,4.66,24.696,28.11,0.417,298.05,12.75,29.5,5.6,3.3,2.62913332,58.5,0.768234,29.71539875
2024-10-31,55.05,17.4175404,7.54,14.8,2.6033493,2.31,72.4908366,27.0,15.165,14.0,110.41,8.33,8.11,33.15,7.66,14.23,3.36999663,21.77,4.8,24.88,28.16,0.418,297.0,12.8,29.06,5.62,3.3,2.64424328,58.5,0.76157,29.72446048
2024-11-03,56.28,17.96619292,7.76,14.9,2.63888991,2.45,72.7272,27.03,15.18,14.32666667,111.1,8.38,8.4,33.0,7.9,14.35,3.36999663,21.93,5.2,24.56,30.66,0.417,297.0,13.2,29.3,5.65,3.32,2.68201818,59.11,0.760618,29.73352317
2024-11-04,55.88,18.31454373,7.8,14.66,2.6211196,2.43,72.818109,26.96,15.055,14.38,111.01,8.33,8.35,33.67,7.93,14.21,3.37666329,21.94,5.35,24.608,30.5,0.415,295.02,13.89,29.05,5.71,3.29,2.62913332,58.75,0.752051,29.90570758
2024-11-05,55.81,18.29712619,7.74,14.59,2.61223445,2.39,72.909018,27.0,15.01,14.2,111.17,8.26,8.22,33.7,7.9,14.1,3.39332994,22.0,5.22,25.112,30.16,0.414,294.0,13.91,28.66,5.63,3.27,2.64424328,58.54,0.751099,29.9600818
2024-11-06,55.84,18.645477,7.75,14.71,2.6211196,2.41,73.363563,27.81,15.15,14.1,110.13,8.27,8.22,33.45,7.91,14.25,3.40999659,22.24,5.45,25.36,30.7,0.415,303.62,14.0,28.79,5.64,3.27,2.75756799,58.89,0.749195,30.35882483
2024-11-07,55.9,18.76739978,7.78,14.74,2.66554536,2.41,73.4999265,27.77,15.5,14.03333333,111.22,8.3,8.48,33.5,8.14,14.67,3.39666327,22.5,5.46,25.216,30.51,0.42,307.17,14.63,28.91,5.72,3.34,2.74245803,59.3,0.749195,31.11099841
2024-11-10,55.6,18.72385593,7.73,14.55,2.65666021,2.42,73.6453809,27.65,15.55,14.04,111.5,8.3,8.41,33.66,8.18,14.74,3.40332993,22.78,5.65,26.0,29.39,0.421,308.02,15.07,29.06,5.8,3.38,2.74245803,60.71,0.750147,30.83912825
2024-11-11,55.04,18.2361648,7.72,14.63,2.66554536,2.46,74.54538,27.32,15.55,14.17333333,111.66,8.3,8.47,33.66,8.27,14.7,3.44666322,22.71,5.49,26.432,29.1,0.431,308.3,15.11,28.75,5.8,3.36,2.74245803,61.2,0.750147,30.90256421
2024-11-12,54.65,18.17955779,7.71,14.78,2.71885627,2.53,74.5090164,26.51,15.415,14.47333333,110.9,8.29,8.55,35.7,8.32,14.55,3.47999652,23.17,5.49,26.0,29.1,0.439,309.5,15.25,28.42,5.81,3.32,2.68957316,61.77,0.752051,30.92068958
2024-11-13,54.68,18.22310164,7.92,14.73,2.70108596,2.5,74.5908345,26.91,15.015,14.5,111.2,8.33,8.32,35.26,8.37,14.33,3.4666632,23.0,5.4,26.0,29.05,0.447,305.03,14.78,27.87,5.72,3.26,2.66690822,61.42,0.755859,31.17443437
2024-11-14,54.68,18.33196127,7.95,14.8,2.68331566,2.47,74.999925,27.0,15.13,14.38,112.75,8.39,8.33,34.27,8.35,14.3,3.41666325,23.0,5.44,25.504,28.8,0.447,304.2,14.78,27.71,5.73,3.25,2.68201818,60.96,0.756811,30.54007097
2024-11-17,54.5,18.51484545,7.93,14.85,2.64777506,2.44,74.2817439,27.01,14.85,14.29333333,113.02,8.33,8.29,33.16,8.3,14.42,3.38332995,22.56,5.64,25.6,28.92,0.441,301.66,14.75,27.37,5.69,3.25,2.68201818,60.01,0.755859,29.99633065
2024-11-18,53.6,18.50613668,8.05,15.0,2.63000476,2.42,73.6453809,27.41,14.45,13.95333333,112.05,8.21,8.02,32.95,8.26,14.29,3.31999668,22.1,5.56,26.4,27.6,0.441,298.1,14.65,26.5,5.46,3.18,2.62913332,59.0,0.753003,29.8150845
2024-11-19,52.94,18.46259282,7.98,15.07,2.585579,2.37,72.909018,27.17,14.525,13.66666667,104.31,8.08,7.92,33.0,8.28,14.2,3.25666341,21.55,5.47,27.2,26.73,0.437,297.0,14.35,26.31,5.39,3.18,2.58380343,58.92,0.751099,29.56133876
2024-11-20,53.0,18.39292266,7.88,14.9,2.55892355,2.36,72.2817459,27.01,14.855,13.66666667,106.4,8.04,7.9,33.23,8.15,14.13,3.24666342,21.27,5.45,26.24,26.77,0.459,296.0,14.17,26.23,5.41,3.15,2.50825363,58.4,0.748243,29.47977743
2024-11-21,53.06,18.43211213,7.87,14.97,2.5678087,2.29,72.5544729,26.6,14.75,13.67333333,106.82,8.05,7.95,33.0,8.24,14.16,3.24333009,21.3,5.42,26.24,27.1,0.454,296.2,14.4,26.31,5.53,3.15,2.50825363,58.61,0.750147,29.6066503
2024-11-24,52.7,18.47130159,7.76,14.97,2.55892355,2.23,72.5544729,27.02,14.55,13.57333333,106.01,7.96,7.83,32.5,8.24,14.16,3.19333014,21.22,5.4,26.8,25.71,0.449,295.0,15.0,26.17,5.44,3.12,2.41759386,57.6,0.747291,29.67914895
2024-11-25,52.01,18.46694721,7.72,14.74,2.52338294,2.14,72.0453825,26.8,14.35,13.5,106.24,7.8,7.81,32.4,8.13,14.1,3.1666635,20.65,5.36,26.12,25.4,0.452,292.0,14.68,25.63,5.4,3.04,2.41759386,57.6,0.739675,29.46165301
2024-11-26,52.05,18.59322438,7.72,14.71,2.53226809,2.18,72.0453825,26.8,14.185,13.46666667,107.59,7.84,7.81,32.53,8.16,14.14,3.17999682,20.44,5.39,25.752,25.3,0.449,293.46,14.8,25.3,5.37,3.01,2.51580861,58.3,0.731108,29.6429001
2024-11-27,51.54,18.645477,7.58,14.7,2.48784234,2.15,71.454474,27.1,13.905,13.33333333,111.11,7.75,7.53,32.55,8.06,14.0,3.15999684,20.14,5.56,25.048,26.3,0.43,288.02,14.7,25.42,5.27,3.01,2.49314366,57.33,0.723492,29.45259032
2024-11-28,51.7,18.51484545,7.52,14.6,2.47895718,2.16,71.2544742,27.03,13.95,13.36666667,111.0,7.7,7.49,32.5,8.09,13.98,3.15666351,20.1,5.56,24.8,26.01,0.422,290.16,14.65,26.13,5.2,2.98,2.46292374,57.1,0.723492,28.99947401
2024-12-01,52.79,18.61064192,7.63,14.66,2.54115324,2.2,73.0999269,27.03,14.105,13.50666667,111.2,7.79,7.8,32.75,8.31,14.22,3.16999683,20.45,6.11,25.608,26.21,0.427,294.03,15.3,25.92,5.45,2.99,2.61402336,57.62,0.733012,29.19884553
2024-12-02,53.46,18.50613668,7.68,14.95,2.54115324,2.24,73.454472,27.5,14.065,13.52,111.5,7.97,7.9,32.85,8.38,14.45,3.19333014,20.65,6.46,26.4,26.4,0.419,288.0,15.7,25.5,5.89,3.12,2.60646838,56.88,0.736819,29.21696995
2024-12-03,53.0,18.50613668,7.66,14.75,2.53226809,2.24,73.6544718,28.85,14.1,13.4,111.93,7.91,7.9,32.77,8.38,14.36,3.1666635,20.51,6.39,26.0,26.01,0.42,286.02,15.79,25.36,5.96,3.12,2.59135841,56.88,0.72254,29.29853129
2024-12-04,52.8,18.79352609,7.66,14.87,2.53226809,2.24,74.54538,29.42,14.25,13.73333333,112.4,7.91,7.9,32.91,8.41,14.3,3.17666349,20.58,6.41,26.0,25.65,0.43,286.1,15.81,25.4,5.96,3.16,2.58380343,57.2,0.726348,29.42540416
2024-12-05,52.8,18.85448748,7.67,15.36,2.55003839,2.24,74.54538,28.4,14.5,14.08666667,116.76,7.92,8.1,32.75,8.7,14.3,3.1999968,20.82,6.44,25.8,25.91,0.429,289.83,17.05,26.43,6.13,3.31,2.56113849,57.4,0.723492,29.36196725
2024-12-08,53.45,18.702084,7.79,15.61,2.61223445,2.26,74.54538,28.63,14.4,14.21333333,117.62,8.02,8.1,33.2,8.75,14.65,3.20333013,20.83,6.41,25.784,25.38,0.434,290.0,17.64,26.35,6.17,3.3,2.59135841,57.4,0.728252,29.45259032
2024-12-09,52.85,18.72821032,7.71,15.24,2.59446415,2.26,74.54538,28.7,14.415,13.84666667,115.55,7.93,7.95,34.05,8.81,14.95,3.20999679,20.95,6.42,25.216,24.6,0.446,289.0,17.06,26.1,6.32,3.35,2.5989134,57.21,0.728252,29.27134418
2024-12-10,52.1,17.76589121,7.63,15.15,2.55003839,2.22,73.454472,28.6,14.355,13.55333333,114.25,7.77,7.82,33.5,8.85,14.93,3.20999679,21.35,6.34,25.0,24.3,0.47,288.5,17.52,25.67,6.34,3.16,2.49314366,56.51,0.757763,29.45259032
2024-12-11,51.85,17.69186666,7.6,15.45,2.55892355,2.23,73.454472,28.51,14.4,13.4,115.25,7.75,7.59,33.56,8.75,14.5,3.1999968,21.25,6.35,24.016,24.36,0.5,286.2,18.4,25.6,6.45,3.3,2.52336359,56.5,0.759666,29.17165842
2024-12-12,51.88,17.76589121,7.6,15.63,2.55003839,2.25,74.454471,29.5,14.365,13.17333333,115.25,7.77,7.64,34.05,8.76,14.53,3.20333013,21.11,6.18,23.944,24.52,0.498,286.05,18.73,26.0,6.51,3.45,2.56113849,56.5,0.742531,29.17165842
2024-12-15,51.8,17.63961404,7.59,16.36,2.55892355,2.34,75.090834,29.5,14.305,13.06666667,115.5,7.73,7.7,33.82,8.77,14.95,3.19333014,21.0,6.16,24.456,24.2,0.536,285.0,18.65,25.8,6.6,3.42,2.53847355,55.21,0.748243,28.8001025
2024-12-16,51.31,18.15778587,7.6,16.7,2.55892355,2.36,75.727197,29.31,14.015,13.07333333,117.31,7.69,7.89,33.81,8.6,15.16,3.19333014,21.04,6.54,24.048,23.57,0.547,282.11,18.79,25.44,6.66,3.32,2.62913332,55.51,0.749195,28.44667195
2024-12-17,49.55,17.80943506,7.58,16.57,2.55003839,2.33,74.5726527,29.4,13.9,13.1,116.5,7.67,7.97,33.92,8.61,15.91,3.1666635,21.13,6.6,23.76,23.61,0.551,282.5,19.5,25.4,6.46,3.33,2.62913332,56.5,0.748243,28.45573368
2024-12-18,48.51,17.03000013,7.6,16.7,2.49672749,2.29,74.5726527,29.12,13.5,13.10666667,115.0,7.47,7.75,33.92,8.54,16.51,3.1333302,20.66,6.71,23.6,23.65,0.565,283.5,18.5,26.42,6.28,3.3,2.55358351,56.04,0.747291,28.04792891
2024-12-19,48.55,16.76438264,7.52,16.3,2.45230173,2.24,74.5635618,29.05,13.505,13.13333333,113.01,7.35,7.73,33.21,8.25,16.2,3.08666358,20.4,6.61,23.872,23.41,0.554,282.0,18.26,26.36,6.19,3.23,2.49314366,55.67,0.740627,27.47700147
2024-12-22,49.61,17.03000013,7.62,16.83,2.45230173,2.28,75.4999245,29.27,13.855,12.94,115.0,7.53,7.81,33.3,8.3,16.3,3.1333302,20.65,6.56,24.72,23.81,0.554,282.53,18.72,26.05,6.37,3.08,2.54602853,55.54,0.748243,27.64012319
2024-12-23,48.8,16.80792649,7.61,16.42,2.34567992,2.19,75.090834,29.21,13.575,12.67333333,115.5,7.3,7.6,32.88,8.06,15.85,3.06999693,20.1,6.44,24.568,23.01,0.528,281.01,18.2,25.46,6.15,2.95,2.4780337,55.54,0.741579,27.26856822
2024-12-24,48.8,16.52489145,7.54,16.24,2.34567992,2.17,73.818108,29.13,13.6,12.03333333,114.6,7.25,7.46,32.84,8.05,16.02,3.04999695,19.86,6.45,24.04,22.6,0.52,280.0,18.22,25.05,6.05,2.91,2.46292374,55.9,0.741579,26.97857363
2024-12-25,49.08,16.63375108,7.6,16.39,2.39010567,2.22,73.8271989,29.25,13.68,12.53333333,115.0,7.28,7.53,32.41,8.24,15.3,3.06999693,20.4,6.47,24.512,22.55,0.529,280.05,18.7,25.45,6.13,2.87,2.51580861,56.17,0.746339,27.36825398
2024-12-26,49.0,16.52489145,7.68,16.45,2.34567992,2.2,73.5090174,29.0,13.7,12.42,115.39,7.2,7.5,32.5,8.26,15.56,3.05666361,20.27,6.47,24.408,22.3,0.523,280.12,18.33,25.41,6.25,2.88,2.49314366,56.15,0.750147,27.45887705
2024-12-29,48.5,16.55537215,7.58,16.57,2.26571356,2.18,71.8635645,28.4,13.52,12.5,115.62,7.11,7.35,32.74,8.37,16.0,3.0333303,20.06,6.68,24.816,22.5,0.524,277.1,18.32,25.05,6.27,2.78,2.4780337,55.5,0.752051,27.36825398
2024-12-30,47.81,16.54230899,7.2,16.12,2.07024023,2.18,71.363565,28.5,13.375,12.13333333,114.02,6.81,7.36,32.6,8.41,16.36,2.98333035,19.85,6.8,25.664,22.22,0.538,276.02,18.1,23.65,6.34,2.7,2.48558868,53.22,0.753003,27.06013402
2024-12-31,48.11,16.59020723,7.25,16.02,2.05246993,2.2,71.2817469,28.55,13.175,12.37333333,113.21,6.89,7.36,32.6,8.4,16.73,2.98333035,20.2,6.77,24.968,22.28,0.545,279.0,18.15,24.04,6.37,2.73,2.48558868,53.65,0.753955,27.00575979
2025-01-02,48.91,16.76873702,7.37,16.7,2.16797689,2.25,71.363565,29.15,13.45,12.48666667,115.46,7.08,7.5,33.1,8.55,17.2,3.01333032,20.7,6.95,26.56,22.65,0.547,283.6,18.5,25.05,6.54,2.81,2.52336359,55.13,0.764426,27.73980895
2025-01-05,49.3,17.03000013,7.52,16.9,2.23017295,2.29,71.81811,29.15,14.025,12.53333333,117.0,7.29,7.61,34.26,8.64,17.6,3.07999692,20.83,6.95,26.24,23.41,0.556,284.7,18.7,25.71,6.94,2.94,2.57624845,54.98,0.781562,27.91199336
2025-01-06,49.02,16.94726681,7.43,17.07,2.17686204,2.32,71.4181104,28.0,14.05,12.52,116.25,7.55,7.58,34.48,8.81,17.32,3.04333029,20.5,7.32,25.624,23.51,0.539,283.11,18.92,25.56,6.9,2.88,2.6744632,53.98,0.776802,27.8485574
2025-01-08,48.55,16.72519317,7.41,15.52,2.13243629,2.39,71.272656,24.0,14.005,12.46666667,116.05,7.63,7.48,34.81,8.83,17.2,3.01333032,20.25,7.24,25.76,23.42,0.54,281.03,18.71,24.99,7.02,2.85,2.62913332,53.5,0.769186,27.68543568
2025-01-09,48.01,16.56843531,7.43,15.5,2.14132144,2.44,70.454475,27.4,13.505,12.4,120.01,7.83,7.4,35.0,8.76,16.81,3.01333032,20.5,7.13,26.096,23.05,0.536,269.7,18.4,24.59,7.0,2.87,2.6366883,52.2,0.769186,27.76699606
2025-01-12,47.55,16.56843531,7.37,14.9,2.07912538,2.45,69.1181127,27.0,13.465,12.03333333,117.2,7.62,7.2,34.35,8.6,16.65,2.96333037,20.16,6.3,25.76,22.5,0.518,261.05,18.0,23.75,6.83,2.76,2.56113849,50.44,0.760618,27.05107228
2025-01-13,51.0,16.15912311,7.53,14.38,2.07024023,2.38,66.999933,27.5,13.5,11.51333333,121.3,7.91,6.9,34.52,8.35,16.45,3.00666366,19.2,6.35,25.928,22.0,0.495,257.03,17.31,23.11,6.52,2.65,2.49314366,48.7,0.760618,27.36825398
2025-01-14,50.5,15.99365647,7.43,14.02,2.01692932,2.34,66.36357,27.4,13.4,11.2,121.01,7.71,6.65,33.03,8.02,16.0,2.94333039,19.26,5.85,25.08,20.62,0.477,251.5,16.7,22.7,6.13,2.57,2.30426914,48.7,0.752051,27.45887705
2025-01-15,52.76,15.89786,7.54,14.29,2.07024023,2.43,67.727205,27.07,13.485,11.56666667,125.96,7.92,6.8,33.0,8.12,16.0,2.98666368,19.42,6.11,24.8,21.6,0.502,255.16,16.95,23.45,6.54,2.66,2.41003888,52.25,0.755859,28.72760385
2025-01-16,54.01,16.19831257,7.78,15.54,2.08801053,2.47,68.636295,27.5,13.695,11.53333333,141.06,8.06,7.08,33.5,8.3,16.12,3.22666344,19.7,6.35,25.288,22.57,0.516,258.0,17.5,24.0,6.59,2.7,2.41759386,54.29,0.756811,29.49790281
2025-01-19,55.71,16.48570199,7.78,16.3,2.15909174,2.51,69.09084,27.52,14.245,11.74,149.3,8.3,7.11,33.82,8.34,16.58,3.23999676,19.9,6.47,25.6,23.68,0.517,260.2,17.85,24.35,6.6,2.7,2.46292374,54.56,0.762522,29.22603264
2025-01-20,53.75,16.11122487,7.69,16.51,2.15909174,2.62,68.8726584,27.58,14.005,11.85333333,148.01,8.09,6.98,33.4,8.33,16.5,3.31666335,19.93,6.36,25.4,24.1,0.527,260.1,17.81,24.2,6.64,2.66,2.46292374,54.0,0.76157,29.09009708
2025-01-21,53.5,16.1025161,7.66,16.6,2.16797689,2.57,68.9181129,27.01,14.05,12.06666667,147.02,8.09,6.98,33.3,8.4,16.5,3.28333005,20.0,6.38,25.392,24.0,0.53,262.0,17.75,24.3,6.69,2.67,2.46292374,53.79,0.762522,29.01759844
2025-01-22,53.71,16.11993364,7.7,17.21,2.19463235,2.59,69.2272035,27.7,14.055,12.4,158.27,8.1,7.01,33.4,8.44,16.32,3.28333005,20.4,6.46,25.44,24.0,0.537,267.51,17.57,25.92,6.78,2.77,2.51580861,54.4,0.764426,29.45259032
2025-01-23,54.5,16.32894413,7.69,17.6,2.16797689,2.64,69.0090219,27.71,14.295,12.26666667,155.4,8.13,7.02,33.6,8.52,16.36,3.35999664,20.27,6.7,27.024,23.5,0.533,266.0,17.41,26.3,6.84,2.75,2.54602853,54.25,0.765378,29.02666112
2025-01-26,54.22,16.24185642,7.7,18.26,2.16797689,2.59,69.5362941,28.06,14.255,12.12,154.01,8.13,7.0,33.6,8.5,16.41,3.30999669,20.3,6.7,27.84,23.8,0.54,264.5,17.4,26.41,6.67,2.68,2.52336359,54.5,0.76633,28.64604251
2025-01-27,53.7,16.02413717,8.0,19.18,2.12355114,2.54,69.4090215,28.1,14.0,11.81333333,159.5,7.93,6.85,33.0,8.4,16.35,3.24666342,20.52,6.72,27.76,24.16,0.541,262.1,17.37,25.77,6.61,2.62,2.51580861,54.02,0.758715,28.45573368
2025-01-28,53.26,15.83689861,7.98,18.51,2.12355114,2.54,68.999931,28.35,13.915,11.69333333,156.5,7.93,6.85,33.21,8.29,16.37,3.24999675,20.8,6.77,27.84,25.61,0.541,259.0,17.41,25.72,6.6,2.62,2.53091857,53.06,0.756811,28.56448213
2025-01-29,53.4,15.90221439,8.1,18.07,2.12355114,2.57,69.09084,28.2,13.93,11.75333333,154.0,8.01,6.9,33.51,8.36,16.43,3.33333,20.96,6.92,27.888,25.85,0.541,263.1,18.16,25.91,6.56,2.65,2.68201818,53.06,0.756811,28.58260655
2025-01-30,54.51,16.11122487,7.99,18.2,2.16797689,2.61,69.1908399,28.56,13.94,11.76666667,148.0,8.02,6.88,33.76,8.5,16.65,3.55666311,20.8,6.72,27.92,25.41,0.534,263.0,17.9,25.0,6.55,2.61,2.71979309,54.2,0.753955,28.07511603
2025-02-02,55.27,16.54666338,7.87,19.91,2.13243629,2.68,69.272658,28.5,13.75,11.98,150.5,8.0,6.85,33.45,8.46,16.51,3.57332976,21.4,6.7,27.84,25.6,0.521,262.5,17.64,25.0,6.5,2.61,2.64424328,54.0,0.753003,27.59481166
2025-02-03,54.55,16.57278969,7.9,19.26,2.13243629,2.63,69.4090215,27.91,13.755,11.75333333,157.5,8.53,6.78,33.15,8.33,16.51,3.55332978,21.25,6.64,27.96,26.1,0.513,263.2,17.25,24.7,6.29,2.56,2.71223811,53.4,0.742531,27.27762996
2025-02-04,54.5,16.72083878,7.89,19.2,2.23017295,2.64,69.545385,27.9,13.8,11.8,153.2,8.47,6.83,33.2,8.33,16.02,3.52666314,21.4,6.66,27.616,25.8,0.52,266.5,17.32,25.0,6.34,2.58,2.74245803,52.86,0.745387,27.31387976
2025-02-05,54.06,16.72954755,7.87,18.55,2.23017295,2.63,69.363567,27.86,13.66,11.68666667,151.82,8.6,6.77,33.2,8.31,16.06,3.47332986,21.3,6.41,27.28,25.8,0.525,265.19,17.66,25.2,6.33,2.63,2.73490305,52.33,0.742531,27.26856822
2025-02-06,54.43,16.63375108,7.77,18.52,2.2035175,2.65,69.99993,27.9,13.75,11.67333333,152.0,8.55,6.75,33.22,8.26,16.13,3.52999647,21.35,6.51,27.76,25.8,0.527,265.75,17.65,25.21,6.4,2.62,2.68201818,52.69,0.742531,27.27762996
2025-02-09,55.05,16.75131948,7.74,18.82,2.1857472,2.64,69.727203,29.06,13.735,11.68,152.58,8.56,6.77,33.71,8.3,16.1,3.47999652,21.52,6.41,28.392,25.5,0.539,266.03,17.5,25.11,6.38,2.58,2.68201818,51.9,0.749195,27.33200418
2025-02-10,55.75,17.00387382,7.72,19.44,2.1857472,2.68,70.0181118,29.85,13.75,11.53333333,146.65,8.73,6.77,33.56,8.35,15.9,3.48332985,21.91,6.27,29.608,25.5,0.535,266.6,17.39,25.01,6.34,2.55,2.60646838,51.2,0.750147,27.39544014
2025-02-11,55.9,16.19831257,7.66,19.82,2.14132144,2.62,69.9544755,29.26,13.65,11.06666667,140.1,8.45,6.68,33.57,8.11,15.5,3.33333,21.45,6.11,28.64,24.07,0.533,267.0,17.06,24.53,6.05,2.42,2.47047872,49.75,0.747291,27.31387976
2025-02-12,55.0,16.11557926,7.51,19.71,2.10578083,2.57,69.363567,29.06,13.4,10.66666667,141.0,8.26,6.51,33.5,7.92,14.89,3.28999671,21.22,5.95,28.088,23.03,0.532,262.3,16.5,23.5,5.93,2.27,2.44781378,49.1,0.742531,26.78826385
2025-02-13,56.0,16.67729493,7.75,20.09,2.12355114,2.63,70.0181118,29.9,13.555,10.86666667,142.7,8.31,6.64,34.15,7.88,15.7,3.34999665,21.88,6.1,28.16,23.62,0.535,263.51,17.31,23.86,6.1,2.34,2.49314366,50.9,0.742531,27.09638382
2025-02-16,56.75,16.79050895,7.77,20.09,2.12355114,2.64,70.454475,31.06,13.65,11.10666667,142.95,8.55,6.93,34.71,8.2,15.7,3.41332992,22.89,6.15,28.72,23.69,0.539,264.99,17.45,24.01,6.19,2.35,2.53091857,51.22,0.743483,27.13263266
2025-02-17,57.35,17.07354398,7.75,20.59,2.1857472,2.73,71.3726559,30.85,13.805,11.6,145.25,8.59,7.38,34.7,8.06,16.0,3.43666323,23.18,6.4,28.84,24.36,0.54,269.01,18.06,24.69,6.36,2.42,2.61402336,50.77,0.747291,27.33200418
2025-02-18,57.4,17.76589121,7.74,21.53,2.29236901,2.78,71.81811,30.51,13.95,11.42,142.33,8.47,7.45,34.81,7.92,16.34,3.42999657,23.2,6.42,29.304,24.45,0.55,268.0,18.11,24.44,6.29,2.42,2.64424328,50.72,0.746339,27.41356552
2025-02-19,58.0,17.76589121,7.98,21.27,2.31902446,2.85,72.0453825,30.5,14.0,11.53333333,139.4,8.57,7.45,36.25,8.02,16.46,3.45666321,24.25,6.42,28.856,24.46,0.553,267.52,18.2,24.44,6.34,2.44,2.71979309,50.58,0.750147,28.45573368
2025-02-20,58.81,17.68315789,7.98,21.12,2.24794325,2.86,71.454474,30.7,13.895,11.42,139.4,8.62,7.53,37.0,8.24,16.7,3.51999648,25.1,6.5,29.008,24.25,0.551,268.0,19.2,24.81,6.36,2.48,2.77267795,51.21,0.751099,28.00261738
2025-02-23,58.3,17.63525966,8.01,21.85,2.23017295,2.86,71.636292,30.77,13.825,11.3,147.08,8.73,7.48,37.0,8.17,16.53,3.51666315,24.9,6.35,29.08,24.34,0.548,269.0,19.85,24.81,6.54,2.47,2.75756799,51.39,0.749195,28.13855198
2025-02-24,58.5,17.70057543,7.96,22.66,2.2035175,2.87,71.6999283,30.88,13.95,11.37333333,150.5,8.55,7.46,37.52,8.11,17.13,3.51999648,25.2,6.4,29.776,24.65,0.543,269.0,20.06,24.44,6.45,2.46,2.78778792,51.22,0.750147,28.00261738
2025-02-25,57.27,17.85297891,7.96,22.5,2.19463235,2.86,70.4817477,31.0,13.95,11.10666667,150.72,8.65,7.46,37.52,8.13,17.02,3.44332989,24.98,6.43,29.44,24.46,0.528,268.5,20.7,24.45,6.31,2.46,2.8331178,50.76,0.752051,27.64012319
2025-02-26,57.1,18.17520341,7.9,22.71,2.2212878,2.84,69.5544759,31.01,14.21,11.09333333,152.0,8.59,7.5,37.83,7.96,16.86,3.40332993,24.95,6.58,29.2,24.5,0.52,268.91,20.75,24.55,6.28,2.47,3.03710228,50.76,0.753955,27.32294149
2025-02-27,57.7,18.03586308,7.9,22.56,2.212402,2.83,68.818113,30.85,14.055,10.68666667,156.4,8.52,7.57,36.7,8.0,16.8,3.40332993,25.75,6.62,28.44,24.5,0.522,268.0,20.9,24.04,6.25,2.43,3.05221224,51.55,0.753003,27.18700689
2025-03-02,58.0,18.02715431,7.9,23.0,2.29,2.91,68.818113,31.0,14.0,10.68666667,157.5,8.5,7.66,37.03,8.0,16.98,3.4333299,25.94,6.6,28.136,24.41,0.516,268.4,22.01,23.98,6.25,2.41,3.09754213,53.33,0.750147,27.28669265
2025-03-03,58.6,17.77024559,7.93,23.01,2.32,2.89,69.454476,30.56,13.94,10.96666667,155.1,8.51,7.83,37.12,8.35,17.17,3.4666632,26.05,6.61,27.8,24.36,0.517,270.01,22.3,24.01,6.4,2.42,3.12020707,53.6,0.735867,27.79418317
2025-03-04,60.2,17.67880351,7.85,23.08,2.23,2.86,69.3181125,30.7,13.85,11.0,155.12,8.52,7.99,37.03,8.25,17.16,3.51666315,25.75,6.71,28.48,24.85,0.52,270.51,22.2,24.09,6.38,2.42,3.15798197,53.02,0.735867,27.18700689
2025-03-05,58.75,17.56558949,7.73,22.77,2.19,2.84,69.3181125,30.65,13.6,10.76666667,157.73,8.5,7.85,37.21,8.18,16.8,3.51332982,25.8,6.67,28.28,24.63,0.515,273.5,22.9,24.19,6.39,2.36,3.19575688,52.5,0.730156,27.214194
2025-03-06,60.7,17.77459998,7.7,22.25,2.23,2.82,70.0090209,31.03,13.66,10.68666667,160.75,8.49,7.9,37.51,8.16,17.0,3.4999965,25.9,6.66,27.88,24.54,0.522,272.8,22.8,24.39,6.49,2.36,3.11265209,52.65,0.72254,27.19606957
2025-03-09,59.77,17.96619292,7.75,22.4,2.25,2.84,70.272657,30.55,13.69,10.73333333,158.1,8.47,8.31,37.7,8.26,17.0,3.5333298,27.0,6.68,28.0,24.4,0.533,268.63,22.8,24.46,6.5,2.37,3.17309194,52.62,0.718732,26.73389058
2025-03-10,59.55,17.81814383,7.76,22.67,2.16,2.85,70.4635659,30.45,13.75,11.03333333,158.64,8.52,8.45,36.54,8.35,16.88,3.56332977,27.15,7.29,28.008,24.19,0.53,268.5,23.25,24.27,6.68,2.38,3.19575688,52.81,0.713972,26.73389058
2025-03-11,59.15,17.80943506,7.8,23.5,2.15,2.82,69.8362938,30.0,13.72,10.94,155.6,8.48,8.68,36.58,8.35,16.8,3.58999641,27.1,7.0,27.88,24.0,0.525,266.4,23.0,24.05,6.62,2.35,3.08243217,52.25,0.713972,26.752015
2025-03-12,59.3,17.84862452,7.81,22.6,2.16,2.79,69.8999301,30.5,13.755,10.72666667,157.0,8.53,8.92,36.6,8.46,17.0,3.59332974,27.72,7.3,28.08,24.2,0.526,267.16,23.3,24.14,6.84,2.34,3.15798197,52.2,0.714924,27.09638382
2025-03-13,58.7,18.07069817,7.77,22.4,2.11,2.81,69.9272028,30.5,13.75,10.76,163.77,8.45,9.05,36.62,8.62,18.25,3.57666309,27.04,7.57,28.416,24.04,0.525,268.6,24.71,24.2,6.79,2.34,3.34685649,52.2,0.709212,27.36825398
2025-03-16,58.5,18.53661737,7.82,22.79,2.13,2.91,69.545385,30.25,13.635,10.91333333,172.25,8.47,9.27,36.59,8.85,18.41,3.59332974,27.35,7.73,28.16,24.31,0.526,270.0,24.34,24.27,6.81,2.34,3.33174653,53.53,0.699693,27.25950553
2025-03-17,58.2,18.68466646,7.84,22.5,2.18,3.0,69.4726578,30.25,13.705,11.34,170.2,8.36,8.86,36.61,9.0,18.1,3.62332971,27.73,7.7,27.192,26.15,0.521,270.0,24.5,23.83,6.73,2.35,3.27886167,53.41,0.699693,26.92419941
2025-03-18,57.36,18.46259282,7.77,22.2,2.19,3.0,70.4635659,30.52,13.705,11.16666667,174.75,8.24,8.63,36.6,9.25,17.75,3.61332972,28.2,7.75,26.32,25.21,0.518,275.0,25.51,23.63,6.7,2.35,3.24108676,53.3,0.699693,26.91513672
2025-03-19,56.03,18.60193315,7.73,22.02,2.18,2.92,70.5999294,30.61,13.725,11.0,185.01,8.03,8.5,37.0,9.09,17.98,3.7333296,27.96,8.18,25.88,25.17,0.523,274.02,24.78,23.05,7.2,2.39,3.18064692,53.6,0.67875,26.91513672
2025-03-20,56.05,18.68031208,7.66,22.61,2.15,2.92,70.90902,30.75,13.755,11.08,178.5,8.07,8.52,36.31,9.09,17.98,3.70332963,28.0,8.37,25.12,24.51,0.564,272.2,24.78,23.05,7.21,2.37,3.23353178,53.43,0.685413,26.79732654
2025-03-23,56.53,18.83271556,7.65,22.47,2.16,3.0,71.727201,32.17,14.05,11.13333333,175.0,8.13,8.63,36.33,9.09,18.6,3.68332965,28.03,8.5,25.2,25.5,0.588,274.0,24.6,22.82,7.23,2.36,3.21086684,53.4,0.694933,26.82451365
2025-03-24,55.62,18.93286641,7.66,18.5,2.14,2.98,74.090835,32.05,13.925,11.18666667,179.5,7.97,8.52,36.3,9.16,18.11,3.64999635,28.0,8.27,24.68,25.82,0.613,279.96,23.9,22.63,7.21,2.35,3.19575688,52.6,0.695885,26.67045367
2025-03-25,55.05,18.78917171,7.66,22.25,2.1,2.93,74.0999259,32.0,13.85,11.41333333,174.0,7.95,8.25,36.3,9.2,18.26,3.60666306,27.8,8.46,24.72,25.6,0.633,284.0,23.8,22.73,7.0,2.3,3.17309194,52.7,0.699693,26.0542147
2025-03-26,54.8,18.85884187,7.65,22.03,2.06,2.9,73.454472,32.17,13.835,11.23333333,171.12,7.93,8.01,35.5,9.17,18.51,3.59666307,27.3,8.41,24.936,24.99,0.642,282.0,23.75,22.95,6.89,2.32,3.21086684,52.8,0.701597,26.09046449
2025-03-27,56.0,18.645477,7.7,22.31,2.07,2.92,74.1181077,32.19,13.84,11.24,170.0,8.03,8.17,35.0,9.35,19.5,3.62332971,27.32,8.65,25.176,25.64,0.653,282.01,23.45,22.89,6.92,2.34,3.2259768,52.75,0.701597,26.25358621
2025-04-03,56.0,18.50613668,7.86,22.45,2.08,2.93,72.454473,32.19,13.84,11.23333333,171.0,7.98,8.12,35.01,9.55,20.25,3.62332971,27.12,8.65,25.648,25.73,0.64,286.01,23.01,22.9,6.88,2.34,3.28641665,51.7,0.701597,26.32608486
2025-04-06,53.36,17.42189479,7.4,20.3,1.95,2.77,70.272657,31.0,13.4,10.66666667,162.0,7.71,7.62,33.65,9.01,19.8,3.5999964,25.6,8.2,25.176,24.2,0.605,277.05,22.6,20.8,6.67,2.24,3.13531703,49.02,0.675894,25.37453976
2025-04-07,51.77,17.22159307,7.36,19.4,1.99,2.72,70.3181115,31.2,13.405,10.68666667,156.5,7.52,7.8,33.21,8.65,20.12,3.70999629,25.61,8.26,24.52,24.26,0.593,272.6,21.5,21.37,6.35,2.2,3.08243217,47.31,0.680654,25.23860515
2025-04-08,52.05,17.61348773,7.57,21.0,2.03,2.73,69.454476,31.77,13.52,10.90666667,160.05,7.77,8.1,33.71,8.81,21.02,3.79332954,26.55,8.8,24.984,24.5,0.633,276.5,23.09,22.0,6.62,2.26,3.28641665,48.0,0.685413,25.89109298
2025-04-09,51.21,17.22594746,7.3,19.56,2.0,2.61,68.454477,33.06,13.44,10.70666667,157.95,7.36,8.05,33.6,8.85,20.6,3.58332975,26.03,8.65,24.12,24.35,0.606,268.99,21.6,22.03,6.28,2.27,3.24108676,46.75,0.685413,25.02110826
2025-04-10,51.21,17.3304527,7.42,20.0,2.0,2.63,69.09084,33.52,13.5,10.73333333,158.54,7.36,8.11,33.78,8.9,21.21,3.58332975,26.11,8.85,24.16,24.54,0.608,270.0,21.75,22.52,6.29,2.29,3.27886167,46.9,0.689221,25.02110826
2025-04-13,52.04,17.63525966,7.55,20.62,2.02,2.71,70.636293,33.52,13.64,11.16666667,159.0,7.66,8.32,34.0,9.19,21.02,3.64999635,26.53,9.32,25.08,24.73,0.65,272.0,22.09,22.8,6.38,2.33,3.37707642,47.57,0.690173,25.69172146
2025-04-14,52.38,17.7397649,7.63,21.57,2.02,2.75,70.181748,33.8,13.66,11.21333333,159.8,7.75,8.39,34.0,9.32,21.15,3.69666297,27.96,9.5,25.32,24.86,0.644,272.5,22.22,23.31,6.49,2.57,3.40729634,47.9,0.692077,25.96359162
2025-04-15,52.7,17.83120698,7.65,22.31,2.0,2.85,69.818112,33.5,13.75,11.54,160.25,8.01,8.22,34.65,9.47,22.45,3.71999628,28.3,9.18,25.808,26.25,0.636,272.55,22.3,23.32,6.52,2.61,3.33930151,47.96,0.694933,26.19015025
2025-04-16,52.05,18.01409116,7.64,22.01,2.02,2.82,69.3090216,33.2,13.68,11.90666667,158.81,7.95,8.13,34.75,9.64,22.3,3.65666301,27.9,9.0,25.128,25.9,0.65,273.0,22.63,23.06,6.53,2.68,3.24108676,48.22,0.694933,26.53451906
2025-04-17,52.05,17.73105613,7.6,21.8,2.03,2.79,69.99993,33.16,13.5,11.8,157.11,7.93,8.13,34.52,9.43,22.0,3.65999634,27.6,8.72,24.792,25.81,0.662,271.0,22.71,22.95,6.47,2.67,3.21086684,47.96,0.694933,26.28077332
2025-04-22,51.64,17.65703158,7.6,21.8,2.03,2.8,69.8272029,33.02,13.6,11.76666667,158.13,7.95,7.54,33.5,9.43,22.62,3.666663,27.66,8.8,24.8,26.6,0.662,272.22,22.67,22.93,6.5,2.77,3.2259768,48.2,0.696837,26.55264349
2025-04-23,51.65,17.7963719,7.63,22.0,2.05,2.81,70.0635663,33.02,13.66,11.79333333,160.51,7.96,8.27,33.75,9.58,22.7,3.66999633,27.76,8.85,24.552,26.58,0.669,270.13,22.8,23.11,6.53,2.75,3.23353178,48.28,0.697789,26.55264349
2025-04-27,52.6,18.02279993,7.7,22.4,2.17,2.86,72.181746,34.0,13.6,12.19333333,167.0,8.08,8.29,34.05,10.1,22.8,3.6999963,28.45,8.88,24.728,26.32,0.669,273.05,23.3,23.08,6.62,2.79,3.29397163,49.99,0.661614,25.1026696
2025-04-28,52.5,18.12730517,7.72,23.0,2.19,2.89,72.4090185,34.49,13.45,12.37333333,168.51,8.22,8.58,34.37,10.06,22.45,3.68999631,28.5,8.9,25.12,26.2,0.671,272.0,23.95,22.02,6.81,2.82,3.35441148,50.23,0.662566,25.28391669
2025-04-29,52.91,18.1185964,7.75,23.8,2.17,2.92,72.6908364,34.8,13.505,12.37333333,169.05,8.2,8.86,33.95,10.35,22.35,3.70999629,28.85,8.82,25.2,26.85,0.681,274.1,23.8,21.9,6.74,2.89,3.43751626,50.23,0.662566,25.05735806
2025-04-30,53.6,17.99231923,7.74,23.61,2.17,2.83,72.545382,34.7,13.535,12.47333333,171.05,8.22,8.82,34.1,10.5,22.3,3.6999963,28.51,8.77,25.08,27.2,0.67,275.1,23.7,21.8,6.7,2.86,3.43751626,51.31,0.663518,25.03017095
2025-05-04,53.67,17.63525966,7.75,23.94,2.18,2.84,73.181745,35.0,13.55,12.52,171.1,8.39,8.85,34.44,10.61,22.3,3.71666295,28.51,8.75,25.0,27.75,0.673,275.15,24.0,21.85,6.71,2.86,3.51306607,51.93,0.663518,25.1026696
2025-05-05,54.11,17.4175404,7.71,24.0,2.22,2.94,73.272654,34.4,13.6,12.61333333,168.05,8.3,8.63,34.51,10.47,22.09,3.76999623,28.45,8.8,24.624,27.6,0.673,275.0,24.65,22.3,6.98,2.85,3.46018121,52.78,0.662566,25.01204653
2025-05-06,54.94,17.4175404,7.72,24.17,2.21,2.89,72.999927,34.51,13.625,12.58,167.0,8.29,8.78,35.3,10.5,21.91,3.75332958,28.1,9.04,23.96,27.61,0.682,275.0,24.65,22.85,7.04,2.86,3.51306607,52.6,0.663518,24.96673499
2025-05-07,53.83,16.85582472,7.65,24.08,2.23,2.82,72.7272,34.45,13.55,12.26666667,164.0,8.1,8.7,34.99,9.82,21.58,3.75332958,27.9,9.08,22.512,27.61,0.685,273.0,23.53,22.5,6.93,2.78,3.33174653,52.6,0.662566,24.71298925
2025-05-08,53.26,16.78615456,7.5,24.85,2.31,2.83,72.5544729,34.2,13.455,12.22,160.8,8.07,8.65,34.91,10.07,21.03,3.72332961,27.8,8.84,21.768,27.61,0.695,271.25,22.93,22.34,6.83,2.75,3.39974136,52.7,0.663518,24.4683062
2025-05-11,53.0,16.91678611,7.54,25.9,2.31,2.8,71.454474,34.0,13.475,12.13333333,155.51,8.04,8.64,34.4,9.8,21.0,3.68999631,27.62,9.0,22.4,28.5,0.695,269.0,22.64,22.19,6.73,2.75,3.43751626,53.3,0.663518,24.51361773
2025-05-12,53.3,17.03000013,7.53,25.3,2.3,2.7,71.454474,34.22,13.455,12.22,155.85,7.97,8.58,34.61,9.8,21.01,3.67999632,27.7,9.07,22.16,28.32,0.698,266.0,22.47,22.18,6.73,2.74,3.44507124,52.67,0.663518,24.4320564
2025-05-13,53.55,17.60042457,7.52,25.53,2.31,2.67,72.2272005,34.29,13.475,12.36,157.5,7.98,8.62,35.21,9.68,21.22,3.68999631,27.86,9.24,21.92,28.6,0.736,266.0,22.6,22.16,6.76,2.76,3.47529117,52.96,0.663518,24.05143874
2025-05-14,52.12,17.39576847,7.5,25.42,2.33,2.7,72.7272,34.2,13.455,12.40666667,155.85,7.95,8.7,35.01,9.7,21.5,3.68666298,27.8,9.28,21.664,29.63,0.747,268.0,23.13,21.93,6.8,2.74,3.50551109,52.93,0.663518,24.13300007
2025-05-15,52.3,17.40883163,7.46,25.62,2.37,2.69,73.4090175,34.34,13.465,12.44666667,156.36,7.88,8.78,34.51,9.92,20.92,3.70666296,28.0,9.4,21.68,29.57,0.745,266.1,23.0,21.87,6.82,2.69,3.56595094,52.92,0.662566,24.18737335
2025-05-18,51.56,17.33480708,7.43,25.85,2.37,2.62,72.909018,34.0,13.285,12.54666667,154.0,7.92,8.93,34.7,9.9,20.51,3.65999634,28.75,9.39,22.0,29.1,0.748,264.81,22.75,21.86,6.7,2.69,3.47529117,52.99,0.656854,24.10581296
2025-05-19,50.65,17.12144221,7.4,25.7,2.34,2.61,72.0090189,33.5,13.15,12.24666667,150.05,7.85,9.02,34.73,9.9,20.26,3.63666303,29.4,9.35,21.84,28.56,0.739,262.0,22.51,21.65,6.62,2.65,3.42996128,51.4,0.657806,23.52582284
2025-05-20,50.82,17.04741767,7.4,25.81,2.36,2.67,72.090837,31.65,13.17,12.27333333,150.0,7.78,9.07,34.74,9.9,20.31,3.67999632,29.7,9.41,21.88,28.5,0.745,260.0,22.65,21.28,6.62,2.75,3.42996128,51.51,0.658758,22.8823977
2025-05-21,49.67,17.16063168,7.39,26.13,2.51,2.75,72.4635639,32.52,13.245,12.4,148.0,7.6,9.14,35.6,10.51,21.0,3.68666298,30.14,9.8,21.528,29.7,0.75,256.0,22.8,21.32,6.72,2.74,3.39218638,50.81,0.657806,22.66490176
2025-05-22,48.26,17.96183854,7.4,26.49,2.62,2.79,72.5726547,32.53,13.325,12.60666667,143.11,7.6,9.41,36.61,10.92,21.13,3.6999963,30.66,9.51,21.472,33.1,0.752,256.03,22.45,21.16,6.82,2.66,3.36196646,50.75,0.655903,22.565216
2025-05-25,48.0,18.02715431,7.43,26.4,2.75,2.76,72.636291,32.53,13.49,12.76666667,150.0,7.63,9.5,35.61,11.37,21.0,3.7999962,31.0,9.5,21.696,34.55,0.762,256.08,22.52,21.44,7.05,2.69,3.40729634,50.36,0.650191,23.24489094
2025-05-26,48.26,18.04892624,7.51,26.5,2.79,2.75,72.636291,32.56,13.5,13.08,151.5,7.62,9.7,35.81,11.0,21.0,3.80666286,30.03,9.25,21.688,35.02,0.784,256.15,22.87,22.0,7.27,2.62,3.39218638,51.01,0.650191,23.21770382
2025-05-27,49.0,18.18391218,7.49,26.5,2.81,2.74,72.5726547,32.21,13.45,12.66666667,156.11,7.59,9.69,36.03,11.12,21.6,3.88999611,30.17,9.25,21.656,37.21,0.782,256.53,23.2,22.03,7.36,2.62,3.39218638,51.13,0.650191,23.01833231
2025-05-28,48.92,18.28841742,7.5,26.5,2.94,2.77,73.4999265,31.75,13.25,12.79333333,154.01,7.6,9.85,36.9,11.31,22.4,3.88666278,30.14,9.4,21.84,37.49,0.808,257.52,23.37,22.2,7.63,2.74,3.4224063,53.9,0.652095,23.29020247
2025-05-29,48.1,18.48436475,7.46,26.51,2.92,2.75,73.727199,31.86,12.95,12.74,153.71,7.55,9.43,35.5,11.2,22.26,3.89332944,30.6,9.28,21.76,37.5,0.822,257.11,23.65,22.0,7.67,2.72,3.37707642,54.3,0.652095,23.34457669
2025-06-01,48.19,18.76739978,7.41,29.0,3.04,2.79,73.181745,32.5,13.11,12.56,156.0,7.55,9.65,36.13,11.26,22.45,3.88666278,30.25,9.09,21.632,39.21,0.843,257.5,23.3,21.8,7.94,2.74,3.36196646,55.0,0.652095,23.1995794
2025-06-02,48.4,19.03737166,7.43,30.7,3.05,2.81,72.9181089,31.75,13.2,12.01,157.31,7.53,9.35,36.5,11.08,22.81,3.48666318,29.4,9.16,21.352,42.42,0.846,259.0,22.67,21.91,7.81,2.71,3.3846314,55.81,0.650191,23.1995794
2025-06-03,49.0,19.60779611,7.45,33.0,2.95,2.81,73.0453815,31.81,13.305,12.23,162.0,7.58,9.29,37.01,10.85,22.25,3.43666323,29.55,9.19,21.6,44.44,0.832,268.0,22.53,21.94,7.95,2.73,3.3846314,56.4,0.649239,23.24489094
2025-06-04,48.97,19.4641014,7.46,32.15,2.95,2.82,73.1908359,31.86,13.4,12.28,159.11,7.83,9.35,37.0,10.9,22.37,3.42332991,29.64,9.23,21.76,44.01,0.835,270.02,22.55,22.21,8.0,2.8,3.36952144,56.41,0.649239,23.34457669
2025-06-10,49.89,19.44668386,7.49,31.75,3.13,2.92,73.545381,31.64,13.02,12.5,159.11,7.89,9.35,36.96,11.03,23.0,3.4333299,30.0,9.21,22.16,42.33,0.865,272.03,22.68,22.37,8.23,2.86,3.3846314,57.12,0.652095,23.66175839
2025-06-11,50.31,20.85750463,7.53,30.8,3.23,2.86,73.545381,30.78,13.41,12.4,162.94,7.91,9.33,37.0,11.16,23.2,3.4666632,30.5,9.31,22.168,41.0,0.903,275.5,22.8,22.9,8.5,2.9,3.45262623,57.45,0.653047,24.06050143
2025-06-12,49.68,19.94308376,7.42,29.57,3.16,2.77,73.8635625,29.72,13.18,12.19,164.0,7.65,9.12,36.61,11.0,23.12,3.35999664,29.98,9.1,21.504,41.25,0.903,273.0,22.71,22.37,8.04,2.88,3.39218638,55.51,0.647335,23.29020247
2025-06-15,45.01,18.28841742,7.01,28.3,2.88,2.5,70.0272027,28.41,12.0,11.01,150.01,6.75,8.56,33.66,10.02,21.6,3.08999691,24.56,8.5,20.4,39.07,0.812,258.5,19.55,20.3,7.56,2.55,3.08998715,51.5,0.621632,21.43242381
2025-06-16,46.3,19.09833305,7.19,30.68,3.06,2.59,70.90902,29.5,12.5,11.4,156.0,7.25,8.77,35.03,10.7,20.75,3.18333015,26.32,8.66,20.528,40.07,0.855,270.0,19.49,21.0,7.78,2.67,3.1882019,53.01,0.623536,22.11209874
2025-06-17,45.67,18.46259282,7.08,31.2,3.03,2.51,71.363565,29.01,12.72,11.07,156.55,7.05,8.33,35.51,10.55,21.0,3.0333303,25.23,8.4,20.44,42.54,0.803,274.0,18.8,20.86,7.61,2.63,3.17309194,52.9,0.612112,22.02147567
2025-06-18,45.6,18.21003849,7.02,31.49,2.99,2.49,71.2635651,29.0,12.71,10.94,153.71,6.99,8.6,35.05,10.25,20.83,2.999997,24.6,8.37,20.0,45.55,0.773,274.0,18.37,19.66,7.63,2.6,3.14287201,52.8,0.596881,21.87647838
2025-06-19,45.6,18.29712619,6.97,30.5,3.03,2.43,71.4726558,27.55,12.66,10.96,153.5,6.92,8.37,35.36,10.7,21.02,2.99333034,23.85,8.2,19.92,47.75,0.801,284.5,18.7,21.0,7.7,2.64,3.09754213,51.3,0.600689,21.47773535
2025-06-22,45.05,18.07069817,6.81,31.5,2.95,2.35,70.2908388,26.6,12.16,10.9,151.07,6.77,8.34,34.15,10.93,20.83,2.90999709,23.51,8.17,19.2,47.05,0.834,280.5,18.1,20.3,7.4,2.59,3.05976722,50.02,0.602593,20.84337195
2025-06-23,45.83,19.3160523,7.05,32.55,3.23,2.58,71.8453827,28.9,12.8,11.3,158.36,7.05,8.8,35.42,11.36,22.11,3.0333303,25.65,8.52,20.2,48.13,0.919,288.0,19.4,21.7,7.96,2.77,3.26375171,53.0,0.62544,21.95803876
2025-06-24,46.41,19.38572247,7.52,32.75,3.39,2.68,71.9272008,29.15,13.17,11.54,159.23,7.23,8.9,36.81,11.9,22.5,3.0999969,27.5,8.7,21.16,47.5,0.934,300.0,19.65,22.8,8.22,2.79,3.33174653,53.0,0.629248,22.0758499
2025-06-25,47.89,19.8734136,7.49,34.05,3.5,2.69,74.5544709,30.0,13.14,12.1,156.0,7.35,9.21,36.9,12.15,22.55,3.18333015,26.9,9.06,21.72,51.0,0.99,308.0,21.05,23.37,8.5,2.8,3.39218638,54.55,0.643527,22.51990447
2025-06-29,48.89,20.30014334,7.54,36.6,3.64,2.82,76.272651,30.1,12.95,12.48,157.0,7.59,9.34,37.8,12.21,22.94,3.22666344,26.9,9.31,21.768,55.01,1.0,315.0,21.3,24.04,9.03,2.85,3.40729634,55.69,0.646383,23.06364384
2025-06-30,49.75,20.11725916,7.4,35.75,3.57,2.85,76.36356,29.91,13.04,12.6,158.3,7.55,9.32,37.91,12.05,22.9,3.21333012,26.21,9.09,21.52,52.66,0.97,325.02,20.75,23.85,8.92,2.89,3.34685649,55.55,0.647335,22.73740041
2025-07-01,48.89,19.98662761,7.36,36.0,3.47,2.79,76.4362872,29.8,12.8,12.14,158.0,7.5,9.26,37.56,11.87,21.55,3.14999685,25.7,8.98,21.288,52.73,0.97,325.03,20.93,23.45,8.71,3.14,3.24864174,54.91,0.653999,22.5289662
2025-07-02,48.22,20.03888023,7.36,35.86,3.47,2.8,75.909015,30.81,12.8,12.24,157.8,7.45,9.09,36.81,12.05,21.55,3.15666351,25.7,9.09,21.28,53.5,1.03,340.0,21.01,23.17,8.8,3.16,3.25619672,55.0,0.653999,22.51990447
2025-07-06,48.48,20.29143457,7.39,36.0,3.52,2.88,75.727197,31.02,12.85,12.4,158.1,7.45,9.17,37.1,12.2,21.9,3.18999681,25.45,9.19,21.328,54.4,1.08,352.0,21.7,23.49,9.17,3.16,3.33174653,55.5,0.639719,22.62865196
2025-07-07,48.31,19.86470483,7.39,34.56,3.5,2.87,75.545379,31.31,12.86,12.41,163.0,7.55,9.12,38.0,12.4,21.93,3.18666348,24.92,9.45,21.6,53.21,1.09,355.21,21.51,23.02,9.1,3.18,3.31663657,56.29,0.644479,22.69208887
2025-07-09,49.1,19.90824868,7.62,33.71,3.46,3.0,75.9271968,31.35,12.82,12.3,166.98,8.3,9.1,37.71,12.55,21.88,3.17333016,24.47,9.33,21.6,52.7,1.13,354.99,21.25,22.88,9.01,3.23,3.28641665,55.49,0.648287,23.24489094
2025-07-10,49.1,19.49893648,7.6,33.6,3.48,3.19,75.999924,31.49,13.34,12.43,170.5,8.23,9.16,37.91,12.86,23.0,3.18999681,24.47,9.4,22.736,51.05,1.13,354.99,21.4,22.94,9.16,3.32,3.37707642,56.2,0.649239,23.65269571
2025-07-13,49.53,19.56860664,7.5,33.9,3.4,3.16,76.3726509,31.98,13.63,12.15,167.25,8.32,9.05,36.99,12.96,23.55,3.20999679,24.53,9.41,22.92,51.1,1.14,357.0,21.17,23.04,8.9,3.24,3.37707642,55.56,0.653047,23.33551401
2025-07-14,49.51,19.50764525,7.52,34.7,3.41,3.16,76.181742,31.46,13.51,12.14,165.07,8.32,9.01,37.02,12.93,23.11,3.20666346,24.45,9.37,22.4,52.26,1.12,358.02,21.11,23.51,8.93,3.24,3.4224063,55.4,0.645431,23.37176381
2025-07-15,49.95,19.98662761,7.63,34.5,3.54,3.23,78.3090126,32.81,13.56,12.21,166.73,9.2,9.06,38.16,12.65,23.3,3.21666345,24.91,9.44,22.664,52.56,1.08,372.5,21.2,23.61,8.88,3.25,3.34685649,56.3,0.645431,23.38082554
2025-07-16,51.51,20.82266955,7.71,33.0,3.44,3.16,79.636284,32.06,13.55,12.05,172.1,9.45,9.03,38.05,12.21,23.8,3.29666337,24.84,9.53,23.16,52.1,1.09,371.11,21.02,23.25,8.76,3.21,3.30152661,54.7,0.647335,23.31738958
2025-07-17,51.52,20.68332923,7.77,32.66,3.36,3.16,79.5908295,31.53,13.51,12.13,175.85,10.06,9.04,38.18,12.29,24.0,3.30333003,24.73,9.51,22.84,52.0,1.12,371.01,20.99,23.2,8.79,3.26,3.30908159,54.7,0.648287,22.65583907
2025-07-20,51.8,20.90104848,7.75,32.81,3.37,3.2,80.90901,32.33,14.52,12.05,176.01,10.33,8.94,38.14,12.45,24.6,3.32999667,25.0,9.67,22.84,53.8,1.14,373.0,21.34,23.2,8.73,3.22,3.35441148,54.92,0.648287,23.19051671
2025-07-21,51.55,20.84879586,7.66,32.9,3.47,3.09,81.8181,32.0,14.88,12.11,174.25,10.0,8.86,37.63,12.53,24.0,3.32333001,24.9,10.0,22.856,58.3,1.19,377.3,22.2,23.22,8.73,3.22,3.3846314,54.5,0.650191,23.15426786
2025-07-22,50.32,20.29143457,7.52,33.5,3.42,3.06,82.2817359,32.6,15.48,12.26,172.5,9.72,8.81,37.02,12.41,23.36,3.28333005,24.92,10.1,22.392,58.3,1.19,377.5,21.68,23.06,8.5,3.18,3.33930151,54.16,0.651143,23.15426786
2025-07-23,50.15,20.24789072,7.45,35.51,3.45,3.07,81.363555,32.53,15.4,12.21,173.0,9.63,8.56,37.4,12.3,23.27,3.27333006,24.77,10.13,22.48,58.6,1.22,380.1,21.76,23.04,8.37,3.15,3.33930151,53.76,0.653,23.3
2025-07-27,50.55,20.50915382,7.5,36.83,3.54,3.08,83.181735,32.8,15.93,12.18,173.02,9.76,8.42,38.68,12.39,23.26,3.27333006,24.51,10.28,22.64,59.0,1.3,385.01,22.6,23.11,8.47,3.16,3.34685649,54.42,0.649,23.08
2025-07-28,50.5,20.55269767,7.53,35.9,3.49,2.96,85.8635505,32.13,15.62,12.02,170.0,9.6,8.35,38.56,12.7,23.6,3.20666346,23.7,10.2,22.72,59.69,1.26,385.11,22.0,22.7,8.13,3.05,3.26375171,52.51,0.65,23.03
2025-07-29,50.05,20.60495029,7.44,36.3,3.45,2.96,85.181733,32.46,15.71,12.04,167.0,9.5,8.35,38.71,12.73,23.83,3.18999681,23.36,10.11,22.64,61.0,1.23,374.2,21.71,22.3,8.01,2.99,3.26375171,52.7,0.652,23.0
2025-07-30,49.7,20.047589,7.21,36.5,3.01,2.95,85.1726421,32.73,16.9,11.87,166.02,9.75,8.3,39.5,12.3,24.0,3.15333018,23.05,9.7,22.752,63.13,1.07,383.25,21.83,22.32,8.05,3.06,3.25619672,52.5,0.656,22.8
2025-07-31,49.5,20.11725916,7.23,38.0,3.17,2.99,85.45446,33.4,16.6,11.9,165.02,9.95,8.31,39.4,12.5,24.18,3.1666635,23.11,9.9,22.68,75.0,1.1,388.0,21.95,22.01,8.16,3.11,3.27130669,52.53,0.655,22.8
2025-08-03,48.75,20.38723104,7.26,38.2,3.26,3.03,84.3271884,33.95,16.9,12.12,165.13,10.04,8.5,40.4,12.7,25.11,3.21999678,23.4,9.9,22.64,79.0,1.11,389.0,22.0,22.21,8.12,3.13,3.37707642,52.51,0.658,22.89
2025-08-04,50.02,20.64849414,7.31,37.5,3.22,3.07,84.9544605,35.0,17.24,12.35,165.5,10.2,8.28,41.11,12.66,24.88,3.25666341,23.15,9.92,23.192,83.1,1.08,386.21,22.05,22.26,8.15,3.11,3.39218638,53.68,0.66,23.01
2025-08-05,50.53,20.74429062,7.4,38.61,3.22,3.19,86.909004,35.62,17.5,12.63,167.5,10.36,8.36,41.95,12.4,24.77,3.28333005,23.23,10.0,23.096,78.5,1.08,389.0,22.1,22.33,8.23,3.1,3.35441148,54.5,0.661,23.2
2025-08-06,50.8,20.42206612,7.39,39.0,3.09,3.19,88.999911,36.52,17.31,12.86,167.61,10.81,8.44,41.77,12.8,24.2,3.28666338,23.34,10.1,23.176,69.85,1.08,389.01,22.14,22.32,8.2,3.14,3.3846314,54.5,0.661,23.71
2025-08-07,51.45,20.53528013,7.34,38.35,3.07,3.15,90.2999097,37.6,17.3,12.96,167.6,10.83,8.5,43.12,12.94,24.2,3.28999671,23.27,10.11,23.36,71.63,1.14,384.5,22.18,22.37,8.24,3.2,3.37707642,54.7,0.661,23.71
2025-08-10,53.1,20.63978537,7.36,37.5,3.1,3.12,90.4999095,38.7,17.24,13.82,169.0,10.9,8.73,44.0,13.02,24.41,3.29333004,23.44,10.15,23.36,74.79,1.19,385.01,22.2,22.46,8.27,3.15,3.40729634,55.93,0.664,23.6
2025-08-11,53.0,19.60344172,7.31,38.7,3.06,3.1,89.8271829,37.02,17.35,13.71,169.01,10.9,8.7,44.6,13.34,24.3,3.28999671,24.0,10.2,23.144,76.1,1.14,385.1,22.94,22.7,8.31,3.2,3.41485132,56.45,0.672,23.65
2025-08-12,53.5,19.50764525,7.3,38.9,3.06,3.05,89.1908199,38.41,17.61,13.95,168.01,11.33,8.63,44.65,13.17,24.51,3.27333006,23.9,10.59,23.28,75.6,1.12,390.0,23.1,22.53,8.21,3.18,3.3846314,56.3,0.68,23.68
2025-08-13,50.5,19.69052942,7.25,38.92,3.07,2.8,89.818092,38.02,18.05,13.95,162.6,11.37,8.51,43.8,13.03,24.36,3.24333009,24.0,10.55,23.416,76.05,1.12,385.8,22.71,22.55,8.15,3.21,3.28641665,55.55,0.694,23.8
2025-08-14,51.87,19.76890835,7.23,39.08,2.99,2.78,89.363547,37.63,18.01,13.76,159.52,11.1,8.5,44.12,12.97,24.31,3.2333301,23.9,10.46,23.008,77.5,1.1,386.0,22.72,22.5,8.05,3.17,3.24864174,54.16,0.694,23.88
2025-08-17,52.1,19.81245221,7.24,40.91,2.95,2.66,89.272638,37.71,17.7,13.7,162.19,11.41,8.42,45.0,13.01,24.62,3.21333012,24.05,10.54,23.16,77.55,1.14,387.01,23.01,22.49,8.01,3.16,3.27130669,54.86,0.695,23.88
2025-08-18,52.2,19.69052942,7.27,41.37,3.01,2.68,90.545364,36.05,17.59,13.58,162.21,11.41,8.49,45.58,13.14,25.3,3.23666343,24.55,10.75,22.72,77.55,1.19,385.2,23.25,22.6,7.84,3.2,3.28641665,55.0,0.706,24.28
2025-08-19,52.25,19.5511891,7.47,42.8,3.03,2.68,90.545364,36.59,17.68,13.6,162.74,12.02,8.45,46.0,13.1,25.86,3.25999674,24.7,10.78,22.68,83.7,1.18,385.1,23.6,22.6,7.78,3.21,3.28641665,55.0,0.715,24.76
2025-08-20,51.8,18.95899273,7.42,42.11,3.07,2.74,90.090819,36.3,16.65,13.6,159.0,11.64,8.27,46.0,13.5,25.15,3.23666343,24.89,10.52,21.6,83.27,1.21,377.14,23.51,23.04,7.92,3.18,3.23353178,55.0,0.709,24.6
2025-08-21,51.56,18.7325647,7.4,41.77,3.04,2.74,89.99991,36.3,17.0,13.51,159.05,11.66,8.26,44.0,13.35,25.25,3.22666344,25.65,10.55,21.384,83.01,1.19,377.0,23.53,22.75,7.85,3.16,3.18064692,54.77,0.708,24.46
2025-08-24,51.8,18.46259282,7.4,41.37,3.05,2.74,89.2999107,36.3,17.52,13.6,158.5,11.6,8.29,45.3,13.5,25.6,3.2333301,25.7,10.69,21.52,83.5,1.18,379.01,23.19,22.75,7.84,3.12,3.15042699,54.6,0.707,24.91
2025-08-25,51.7,18.43646651,7.39,41.37,3.09,2.75,89.5544559,37.0,17.25,13.95,158.55,10.84,8.3,46.02,13.65,25.5,3.2666634,26.17,10.7,21.376,88.05,1.15,382.02,23.05,22.91,7.85,3.12,3.15042699,54.56,0.706,25.52
2025-08-26,51.85,18.50613668,7.33,40.0,3.1,2.8,88.18173,37.05,17.2,13.85,159.1,10.76,8.28,46.0,13.25,25.2,3.29333004,25.75,10.5,21.2,82.17,1.14,379.0,22.81,22.71,7.77,3.05,3.25619672,53.5,0.706,25.28
2025-08-27,51.85,18.38421389,7.33,39.6,3.15,2.81,87.818094,37.1,17.01,13.68,158.06,10.87,8.2,46.0,13.15,24.8,3.28666338,25.57,10.37,21.024,82.25,1.13,380.0,22.8,22.47,7.68,3.05,3.25619672,53.9,0.705,25.05
2025-08-28,51.96,18.42775774,7.38,40.15,3.12,2.78,88.18173,37.52,17.03,13.68,158.09,10.87,8.25,45.86,13.32,24.9,3.2999967,25.7,10.59,21.056,80.5,1.15,386.05,22.85,22.55,7.75,3.16,3.21842182,54.25,0.711,24.89
2025-08-31,52.1,18.02715431,7.34,39.0,3.06,2.68,87.2635491,37.73,16.66,13.15,157.0,10.86,7.92,44.9,13.3,24.9,3.25333008,25.35,10.1,21.016,76.32,1.12,389.99,22.3,22.25,7.71,3.07,3.12020707,54.6,0.707,24.2
2025-09-01,52.13,18.00973677,7.31,39.01,3.05,2.69,85.727187,37.65,16.8,13.22,156.51,10.91,7.99,45.11,13.23,24.4,3.23666343,25.2,10.0,20.816,77.0,1.12,391.01,22.29,22.1,7.71,3.07,3.02199232,54.52,0.707,24.02
2025-09-02,52.51,18.01844554,7.35,39.05,3.05,2.7,85.999914,37.5,16.86,13.3,157.0,11.0,8.05,45.33,13.3,24.6,3.28999671,25.55,10.32,20.8,77.16,1.12,396.6,22.16,22.22,7.86,3.1,3.05221224,53.99,0.708,24.26
2025-09-03,52.65,18.03586308,7.3,38.02,3.01,2.63,86.636277,36.75,16.91,12.95,155.1,11.0,8.07,44.91,13.0,23.88,3.32999667,25.41,10.11,20.56,74.2,1.13,393.7,21.67,21.92,7.71,3.07,3.0295473,52.75,0.712,24.01
2025-09-07,51.99,17.94006661,7.29,36.5,2.99,2.61,85.545369,36.7,16.6,12.82,155.25,10.91,8.19,44.35,12.8,23.25,3.2999967,24.86,10.15,20.52,73.49,1.13,393.0,21.79,21.77,7.49,3.02,3.0673222,52.33,0.711,23.96
2025-09-08,52.05,17.42624917,7.3,36.52,3.07,2.42,85.545369,36.9,16.66,12.38,155.6,11.1,8.51,45.0,13.0,23.26,3.29333004,24.77,10.31,20.28,70.7,1.16,392.0,21.93,21.77,7.43,3.02,3.09754213,52.61,0.713,23.85
2025-09-09,52.45,17.43495794,7.31,36.6,3.08,2.46,84.818097,36.88,16.56,12.17,151.26,11.13,8.51,44.1,13.13,23.25,3.29333004,24.82,10.2,20.304,70.72,1.2,391.0,21.7,21.7,7.22,3.05,3.05976722,52.35,0.713,23.7
2025-09-10,51.9,17.49591933,7.31,37.66,3.08,2.46,84.636279,37.2,16.12,12.21,152.0,11.18,8.42,44.1,13.05,23.33,3.29666337,24.8,10.21,20.272,74.94,1.17,390.0,21.75,21.48,7.19,3.06,3.05976722,52.25,0.711,23.5
2025-09-11,52.5,17.6526772,7.41,38.03,3.12,2.45,85.5090054,37.63,16.2,12.46,152.66,11.23,8.4,44.74,13.21,23.41,3.31666335,25.51,10.41,20.8,74.95,1.17,394.45,21.8,21.5,7.07,3.06,3.08243217,52.7,0.715,23.92
2025-09-14,53.01,17.7397649,7.41,38.51,3.12,2.4,87.2453673,37.21,16.02,12.6,154.6,11.5,8.44,45.51,13.55,23.5,3.35999664,25.5,10.35,21.088,75.0,1.19,400.0,21.86,21.55,7.1,3.0,3.13531703,52.99,0.713,23.96
2025-09-15,53.87,17.85297891,7.38,39.0,3.07,2.37,87.727185,37.61,16.03,12.27,154.2,11.5,8.27,46.8,13.2,19.1,3.42332991,25.22,10.35,20.688,75.08,1.23,415.3,21.9,20.82,7.21,2.95,3.13531703,53.5,0.718,24.13
2025-09-16,52.85,17.63525966,7.3,37.99,3.03,2.39,88.1908209,37.97,16.2,12.0,154.2,11.03,8.05,46.0,13.09,21.3,3.35332998,24.82,10.23,20.32,72.0,1.18,402.2,21.3,21.05,6.99,2.82,3.07487719,52.91,0.719,23.77
2025-09-17,52.52,17.56558949,7.31,38.01,3.03,2.49,88.1908209,38.0,15.21,11.9,156.0,11.2,8.12,46.02,13.1,21.6,3.35332998,24.9,10.25,20.4,72.0,1.15,406.5,20.77,21.03,7.0,2.82,3.07487719,52.91,0.724,23.78
2025-09-18,51.92,17.67009474,7.42,37.25,3.05,2.58,88.909002,38.19,16.0,11.9,159.0,11.17,8.17,45.9,13.1,21.03,3.30666336,25.18,10.26,20.8,71.9,1.14,409.5,20.53,20.9,7.0,2.8,3.08243217,53.3,0.726,23.84
2025-09-21,51.55,18.04457185,7.41,37.25,3.05,2.54,88.18173,40.2,15.91,11.98,157.01,11.22,8.02,46.52,13.11,21.3,3.306663,25.9,10.28,21.08,69.0,1.13,429.9,20.56,20.8,7.08,2.79,3.04465726,53.7,0.726,23.7
2025-09-22,50.2,17.85297891,7.38,37.5,3.08,2.5,86.3453682,40.5,15.76,11.9,155.21,11.02,8.03,46.1,13.4,21.42,3.289997,25.61,10.62,21.048,70.01,1.13,436.0,20.38,20.98,7.05,2.77,3.0673222,54.22,0.726,23.8
2025-09-23,50.26,17.62655088,7.35,35.01,3.08,2.46,86.6999133,41.1,15.82,11.93,153.1,10.98,7.95,46.4,13.47,21.3,3.31333,25.86,10.6,21.48,70.0,1.1,438.8,20.55,21.02,7.08,2.86,3.0673222,54.1,0.726,23.8
2025-09-24,50.66,17.66138597,7.38,36.4,3.1,2.48,87.0090039,42.26,15.87,12.33,153.33,11.0,8.02,46.41,13.69,21.25,3.336663,25.81,10.6,22.2,70.0,1.09,430.25,20.55,21.01,7.05,2.77,3.05976722,54.15,0.727,23.8
2025-09-25,51.48,17.93135784,7.48,36.85,3.17,2.51,88.636275,42.54,17.9,12.4,152.65,11.05,8.12,46.41,13.75,21.36,3.26,26.16,10.76,22.2,70.32,1.1,425.3,20.8,21.3,7.24,2.76,3.03710228,55.01,0.729,24.01
2025-09-28,51.91,17.87910522,7.52,38.2,3.12,2.47,88.636275,42.5,17.9,12.46,152.0,11.22,8.09,46.41,13.71,21.61,3.27,26.1,10.69,22.016,70.73,1.1,425.0,21.0,21.3,7.23,2.58,3.04465726,54.5,0.728,24.07
2025-09-29,52.4,17.87910522,7.53,38.23,3.11,2.47,89.636274,42.3,18.35,12.54,151.0,11.46,8.1,48.1,13.82,21.85,3.26,26.6,10.72,22.056,70.65,1.13,424.11,21.21,21.09,7.29,2.81,3.15042699,55.12,0.724,24.51
2025-09-30,52.8,17.96619292,7.55,38.57,3.12,2.47,90.0544554,42.51,19.21,12.41,151.86,11.75,8.47,49.2,14.08,22.38,3.28,26.65,10.82,22.4,72.7,1.11,417.5,21.38,21.5,7.38,2.91,3.10509711,56.11,0.726,24.6
2025-10-01,52.97,18.72385593,7.52,38.03,3.13,2.47,91.181727,41.01,19.56,12.8,151.99,11.81,8.65,49.21,14.1,21.92,3.28,26.45,11.06,22.72,71.52,1.11,417.5,21.25,21.81,7.26,2.87,3.17309194,56.61,0.726,24.82
2025-10-02,53.04,18.76739978,7.53,38.29,3.07,2.53,92.72718,41.75,19.86,12.71,153.0,11.75,8.54,49.8,14.18,22.5,3.25,26.28,11.12,22.4,71.59,1.12,420.0,21.2,21.51,7.33,2.86,3.2259768,57.0,0.725,24.72
2025-10-05,53.43,19.15929444,7.56,38.44,3.07,2.52,93.6544518,42.5,21.4,12.74,156.5,11.87,8.54,49.0,14.51,22.5,3.25,26.3,11.28,22.728,71.82,1.11,421.0,21.29,21.55,7.43,2.87,3.23353178,56.75,0.723,24.78
2025-10-06,53.7,19.60344172,7.67,38.7,3.06,2.48,94.363542,42.0,21.21,12.63,159.8,11.97,8.59,48.2,14.41,22.7,3.23,26.6,11.29,23.2,73.81,1.08,427.99,21.4,21.76,7.4,2.85,3.1882019,55.8,0.722,25.15
2025-10-07,53.8,19.76890835,7.67,38.9,3.02,2.46,94.5544509,42.0,21.25,12.7,160.69,11.93,8.71,47.3,14.51,22.52,3.2,26.69,11.4,23.44,73.01,1.06,436.1,21.21,21.9,7.37,2.85,3.1882019,56.0,0.719,25.0
2025-10-08,53.5,19.51635402,7.62,39.29,3.0,2.45,94.54536,41.7,22.4,12.68,163.66,11.83,8.93,47.51,14.39,22.51,3.16,26.61,11.55,23.36,73.06,1.0,435.05,21.12,22.3,7.26,2.86,3.21842182,56.01,0.715,24.85
2025-10-12,52.52,19.76890835,7.54,39.75,2.98,2.5,94.5908145,41.5,22.6,12.55,163.82,11.54,8.99,47.8,14.4,22.7,3.11,26.93,11.45,22.896,74.72,1.01,448.0,21.16,21.93,7.21,2.83,3.21086684,57.2,0.712,24.8
2025-10-13,52.25,20.12596793,6.77,47.7,2.99,2.64,94.5908145,42.02,22.5,12.35,165.19,11.33,9.2,48.9,14.36,22.92,3.12,27.01,11.61,23.12,81.83,1.03,469.05,21.73,22.02,7.4,2.86,3.21086684,58.1,0.711,25.17
2025-10-14,52.57,19.9605013,6.88,46.25,3.04,2.66,94.6453599,41.63,22.2,12.86,168.0,11.35,9.0,48.9,14.4,22.9,3.15,27.9,11.5,23.888,81.51,1.02,461.52,22.15,22.89,7.52,2.86,3.24108676,57.05,0.71,25.21
2025-10-15,53.01,19.98662761,6.84,46.01,3.02,2.65,95.0453595,41.8,21.06,13.0,170.25,11.37,9.0,48.0,13.9,22.6,3.15,28.66,11.26,23.64,81.6,1.01,464.0,22.75,23.1,7.64,2.82,3.26375171,57.5,0.71,25.47
2025-10-16,53.1,20.08242408,6.83,46.9,3.03,2.63,95.6817225,42.0,22.0,12.91,168.5,11.38,9.05,49.95,14.23,22.8,3.18,28.84,11.04,23.6,82.0,1.03,466.0,22.6,23.5,7.72,2.84,3.27886167,57.27,0.71,25.46
2025-10-19,53.38,20.29143457,6.84,46.65,3.06,2.64,95.0544504,42.25,22.5,12.93,173.25,11.57,9.08,50.0,14.28,23.19,3.19,29.15,11.33,23.6,81.8,1.07,470.26,22.8,23.4,7.73,2.89,3.28641665,57.25,0.709,25.81
2025-10-20,53.63,20.33497842,6.9,46.2,3.06,2.69,95.4999045,42.8,22.59,13.25,180.27,11.49,8.95,50.0,14.25,23.9,3.19,29.6,11.2,23.72,81.81,1.09,466.11,22.69,23.3,7.83,2.87,3.27886167,57.57,0.709,25.83
2025-10-21,53.55,20.90104848,6.87,46.6,3.01,2.77,94.54536,42.0,23.01,13.13,181.0,11.48,8.93,49.82,14.25,24.1,3.18,29.16,11.27,23.224,83.8,1.06,461.12,22.65,23.15,7.9,2.83,3.34685649,57.1,0.708,25.7
2025-10-22,48.12,21.07522388,6.85,46.42,2.99,2.66,94.6089963,42.6,23.35,13.07,182.55,11.43,8.98,50.03,14.23,24.18,3.19,28.44,11.14,23.328,84.0,1.05,462.0,22.45,23.19,7.93,2.81,3.35441148,56.5,0.708,25.8
2025-10-23,48.99,21.29294314,6.84,46.72,2.99,2.69,93.63627,42.8,23.53,13.02,192.55,11.2,8.95,50.09,14.22,24.5,3.2,28.0,11.14,23.496,86.0,1.05,460.0,22.45,23.81,7.86,2.82,3.34685649,56.2,0.708,26.0
2025-10-26,48.95,21.67612903,6.9,47.4,3.06,2.69,94.4089965,42.9,23.41,13.3,202.0,11.23,8.98,50.5,14.32,24.96,3.24,28.8,11.24,23.992,91.0,1.1,460.25,22.99,23.81,7.89,2.84,3.34685649,56.43,0.708,26.15
2025-10-27,48.25,21.5977501,6.91,47.0,3.06,2.78,94.5908145,42.96,23.5,13.91,191.6,11.25,9.55,50.21,14.35,24.63,3.25,29.07,11.25,25.2,92.01,1.1,459.0,23.9,23.88,8.0,2.86,3.34685649,57.08,0.707,26.26
2025-10-28,47.98,21.70225534,6.94,46.55,3.12,2.8,95.0089959,43.01,23.55,13.86,187.05,11.27,9.46,50.27,14.48,24.04,3.27,28.81,11.3,25.36,91.51,1.09,445.0,24.11,23.54,7.97,2.91,3.29397163,57.4,0.707,25.88
2025-10-29,48.18,21.38003084,6.99,46.9,2.97,2.86,94.54536,44.26,23.59,13.88,193.13,11.33,9.47,50.02,14.5,24.24,3.25,28.62,11.29,25.408,93.05,1.13,459.0,24.23,23.41,7.9,2.9,3.27886167,57.88,0.707,25.39
2025-10-30,48.48,22.44250081,6.99,46.43,2.98,2.83,94.54536,44.71,23.5,13.83,201.8,11.26,9.64,50.0,14.5,24.5,3.29,28.02,11.2,26.024,92.01,1.12,467.01,24.65,23.8,7.83,2.89,3.26375171,57.3,0.708,25.8
2025-11-02,48.51,22.5905499,6.89,44.75,2.8,2.64,94.54536,44.63,23.07,14.25,200.01,11.23,9.55,48.06,14.38,24.4,3.24,28.15,11.13,25.64,91.0,1.08,468.0,24.74,23.3,7.74,2.87,3.20331186,57.51,0.709,25.79
2025-11-03,47.52,22.54700605,6.89,44.13,2.77,2.63,94.1453604,44.02,22.85,14.54,198.0,11.16,9.6,49.2,14.2,24.57,3.22,28.4,11.13,25.424,91.0,1.05,468.52,24.25,23.32,7.74,2.86,3.1882019,59.15,0.709,25.82
2025-11-04,47.45,22.58184113,6.91,46.51,2.78,2.72,96.3544491,44.6,23.0,14.76,202.0,11.06,9.97,51.83,14.3,25.03,3.27,28.5,11.15,25.648,93.5,1.06,461.03,25.25,23.62,8.12,2.89,3.16553696,62.01,0.708,25.7
2025-11-05,46.0,22.56442359,6.85,44.92,2.65,2.74,95.908995,44.7,22.89,14.4,201.0,10.66,9.9,52.75,14.3,24.5,3.27,28.41,11.1,25.04,95.01,1.06,457.01,25.71,23.95,8.2,2.85,3.10509711,64.0,0.708,25.2
2025-11-06,46.41,22.55571482,6.86,44.94,2.71,2.74,96.818085,44.3,22.5,14.14,200.0,10.59,9.98,52.77,14.3,25.3,3.26,28.45,11.11,25.0,92.9,1.05,465.9,25.63,23.82,8.26,2.84,3.08998715,68.68,0.708,25.0
2025-11-09,46.48,22.36412187,6.88,45.28,2.79,2.74,99.0999009,47.0,22.8,14.75,208.8,10.55,10.0,52.05,15.38,26.0,3.27,28.6,11.15,25.85,93.11,1.05,476.15,25.36,24.1,8.21,2.85,3.1882019,70.2,0.706,25.0
2025-11-10,46.05,22.66892883,6.85,47.5,2.84,2.67,99.3180825,46.5,22.05,15.17,213.05,10.44,10.25,51.26,15.29,26.51,3.25,29.45,11.01,25.6,95.6,1.03,485.0,26.5,24.4,8.03,2.82,3.15798197,71.2,0.702,25.0
2025-11-11,46.07,22.86052178,6.86,47.7,2.93,2.7,99.636264,46.5,22.79,15.32,210.37,10.36,10.02,51.92,15.15,26.8,3.29,29.15,10.56,24.61,95.5,1.03,485.0,25.64,24.66,7.75,2.95,3.15798197,70.2,0.696,25.2
2025-11-12,46.2,23.818486,6.86,48.5,3.03,2.71,99.8362638,44.3,23.0,15.42,210.07,10.31,10.03,52.61,14.98,27.16,3.38,28.32,10.44,24.7,101.0,1.03,485.1,25.5,24.46,7.88,2.96,3.13531703,70.2,0.697,25.55
2025-11-13,46.2,23.949118,6.86,52.59,2.94,2.7,98.636265,45.09,23.9,15.58,208.21,10.37,10.0,52.64,15.0,27.31,3.36,27.86,10.47,24.01,119.3,1.03,485.1,24.77,24.2,8.06,2.92,3.12020707,70.3,0.695,25.76
2025-11-16,46.11,23.949118,6.86,52.02,2.92,2.68,98.636265,45.2,23.86,16.11,211.01,10.3,9.82,56.0,15.15,27.75,3.38,27.5,10.44,23.81,125.1,1.02,488.0,24.7,23.69,8.05,2.89,3.13531703,71.3,0.689,25.19
2025-11-17,46.0,24.82,6.86,52.13,2.9,2.77,97.818084,47.37,20.57,16.0,202.0,9.93,9.7,59.51,15.7,27.43,3.38,27.55,10.51,24.0,129.36,1.02,502.01,24.77,23.35,8.17,2.88,3.14287201,75.0,0.679,24.93
2025-11-18,46.04,25.05,6.85,51.01,2.84,2.67,97.0271757,47.61,23.17,15.65,197.0,10.0,9.35,59.95,15.49,26.5,3.5,27.45,10.7,24.05,126.6,1.04,490.0,24.72,23.16,8.23,2.86,3.16553696,74.51,0.676,24.86
2025-11-19,46.46,24.53,6.85,50.25,2.84,2.7,96.7453578,47.6,23.0,16.02,196.66,10.34,9.23,59.51,15.31,26.14,3.5,26.75,10.8,24.12,126.8,1.03,482.0,24.93,23.01,8.13,2.83,3.15042699,73.22,0.677,24.75
2025-11-20,46.35,24.99,6.84,50.75,2.9,2.68,96.3817218,46.27,23.02,16.21,191.0,10.3,9.32,59.6,15.3,26.25,3.54,26.22,10.95,24.3,135.76,1.03,485.0,24.9,22.72,8.14,2.81,3.15042699,73.6,0.676,24.7
2025-11-23,46.5,24.81,6.84,51.01,2.87,2.7,96.3817218,47.0,23.07,16.05,189.05,10.31,9.35,62.9,15.3,26.4,3.65,26.14,11.2,24.11,144.22,1.02,486.01,24.85,22.3,8.07,2.8,3.15042699,72.55,0.676,24.7
2025-11-24,46.41,24.25,6.8,50.28,2.85,2.2,95.0089959,44.96,23.09,15.51,191.3,10.21,9.1,63.11,15.0,26.46,3.66,26.81,11.08,23.62,145.12,1.02,465.0,24.7,22.22,7.86,2.78,3.0673222,71.0,0.675,24.59
2025-11-25,46.02,23.74,6.79,48.76,2.89,2.9,95.0089959,44.96,21.51,15.52,186.75,10.0,9.01,63.02,14.77,26.48,3.52,26.6,10.81,23.02,146.3,0.98,465.0,24.82,22.05,7.88,2.69,3.11265209,71.0,0.675,24.25
2025-11-26,46.0,23.5,6.77,48.65,2.9,3.26,95.45445,45.0,22.0,15.0,182.05,9.88,8.8,63.5,14.6,25.8,3.53,26.35,10.67,23.02,133.35,0.98,475.02,25.06,22.01,7.9,2.66,3.11265209,70.91,0.674,24.2
2025-11-27,45.5,23.6,6.76,48.66,2.92,3.19,96.181722,45.1,22.08,14.8,182.95,9.8,8.8,62.51,14.64,25.5,3.53,26.41,10.65,22.51,135.26,0.99,478.0,24.95,21.91,7.91,2.67,3.09754213,70.9,0.67,24.0
2025-11-30,45.9,24.55,6.75,50.82,3.04,3.22,97.27263,45.8,22.35,15.6,192.0,10.06,8.9,63.5,14.95,25.94,3.51,26.63,11.0,22.59,136.0,1.02,475.0,24.9,22.0,8.09,2.71,3.120207,72.0,0.665,23.97
2025-12-01,45.6,25.81,6.75,51.02,3.15,3.69,97.27263,45.0,22.6,16.0,198.51,10.6,8.95,63.11,15.36,25.51,3.43,26.65,10.97,22.8,136.13,1.05,476.71,25.03,22.6,8.05,2.75,3.10509711,75.0,0.665,24.11
2025-12-02,45.47,26.8,6.72,50.56,3.26,3.8,97.9908111,45.2,23.0,15.77,194.25,10.45,8.98,61.3,15.12,25.32,3.41,26.02,10.76,22.68,129.0,1.03,471.13,25.2,22.75,8.02,2.75,3.11265209,73.9,0.665,24.2
2025-12-03,45.18,26.52,6.66,51.49,3.2,3.79,99.272628,45.0,23.33,15.65,195.0,10.5,8.98,61.5,15.12,24.91,3.39,26.02,10.61,23.03,131.01,1.03,473.0,24.9,22.81,8.05,2.77,3.12,74.54,0.659,24.21
2025-12-04,45.3,27.5,6.66,50.7,3.2,3.85,104.5362591,44.7,23.52,16.0,204.0,10.61,9.06,60.51,15.2,24.68,3.51,25.97,10.62,23.24,136.25,1.03,472.0,24.87,22.82,8.07,2.77,3.08,75.11,0.655,24.2
2025-12-07,45.64,26.91,6.69,50.51,3.2,3.87,105.363531,44.87,23.79,16.52,204.8,10.61,9.13,60.93,15.21,25.53,3.56,25.69,10.62,23.6,132.04,1.07,473.0,24.9,22.28,8.08,2.78,3.09,74.21,0.653,24.01
2025-12-08,46.63,26.97,6.82,50.82,3.37,3.77,105.636258,44.6,24.35,17.08,205.0,10.67,9.31,62.01,15.71,25.99,3.62,25.8,10.69,23.7,132.24,1.05,488.01,25.22,22.6,8.43,2.79,3.11,73.73,0.654,24.11
2025-12-09,46.9,27.5,6.87,51.16,3.37,3.79,106.1998938,41.7,24.89,17.35,202.12,10.73,9.6,63.05,15.73,25.78,3.7,25.91,10.69,23.66,132.54,1.04,479.0,25.11,23.16,8.51,2.81,3.12,73.9,0.652,24.44
2025-12-10,47.0,28.0,6.9,51.86,3.47,3.91,105.8362578,41.9,25.13,17.6,202.9,10.79,9.81,63.3,15.8,25.79,3.73,26.28,10.8,23.8,131.01,1.04,474.0,25.41,23.28,8.46,2.91,3.13,75.95,0.66,24.47
2025-12-11,47.56,28.91,6.98,51.5,3.48,3.95,104.636259,41.67,25.22,18.0,204.98,10.7,9.41,63.55,16.2,25.8,3.77,25.96,11.0,23.41,131.51,1.01,447.0,25.44,23.0,8.5,2.91,3.17,75.45,0.661,24.5
2025-12-14,47.85,28.66,6.99,51.3,3.48,3.85,105.45444,41.81,25.41,18.0,205.8,10.7,9.65,64.65,15.91,26.18,3.74,25.7,11.26,23.58,130.02,1.03,438.0,25.46,22.9,8.38,2.94,3.17,74.05,0.674,24.57
2025-12-15,47.5,28.55,6.98,51.09,3.52,3.86,105.908985,42.02,25.57,18.55,206.0,11.53,9.8,65.55,15.92,26.4,3.69,25.29,11.26,23.5,126.75,1.08,431.3,25.65,22.91,8.43,3.26,3.17,74.18,0.69,24.6
2025-12-16,46.75,27.93,6.94,50.7,3.44,3.86,106.36353,42.37,25.63,17.71,202.6,11.45,9.74,63.8,15.94,27.0,3.61,25.2,11.14,23.62,125.1,1.11,435.2,25.9,22.81,8.52,3.27,3.15,75.38,0.683,24.49
2025-12-17,46.52,28.0,6.84,50.6,3.45,3.84,103.8,42.1,25.56,17.61,203.0,11.61,9.67,62.95,16.01,26.8,3.55,25.0,10.88,23.6,125.26,1.11,436.0,25.25,22.93,8.39,3.26,3.15,74.53,0.683,24.43
2025-12-18,46.6,27.98,6.86,50.3,3.52,3.85,101.03,39.9,25.22,17.6,206.51,11.74,9.4,62.25,16.12,26.0,3.55,24.8,10.85,23.6,129.52,1.12,431.05,25.0,22.86,8.3,3.41,3.12,74.2,0.686,24.43
2025-12-21,48.62,27.9,6.93,50.35,3.45,3.84,101.03,38.71,25.35,17.7,213.11,11.75,9.4,63.0,16.18,26.25,3.53,24.8,10.9,23.56,129.3,1.14,425.8,25.0,22.71,8.22,3.33,3.15,74.2,0.685,24.4
2025-12-22,49.58,28.67,6.93,47.72,3.43,3.82,101.8,37.75,25.55,17.5,222.3,12.21,9.65,62.6,16.15,26.5,3.55,24.98,10.9,23.5,129.3,1.14,427.0,25.1,22.56,8.3,3.32,3.14,74.61,0.683,24.35
2025-12-23,51.13,29.0,6.93,48.6,3.37,3.73,101.27,37.8,26.21,17.6,223.02,12.2,9.48,62.05,16.1,26.1,3.49,24.9,11.04,23.51,135.22,1.12,417.11,25.0,22.43,8.24,3.22,3.14,74.5,0.686,24.13
2025-12-24,51.52,29.5,6.86,48.9,3.47,3.68,103.01,37.61,26.62,17.9,224.4,12.33,9.44,63.0,16.13,26.7,3.53,25.04,11.36,23.61,141.77,1.15,420.01,25.15,23.0,8.25,3.23,3.21,74.61,0.686,24.14
2025-12-25,51.66,29.29,6.88,48.5,3.49,3.55,102.31,37.65,26.63,17.62,221.0,12.13,9.4,62.8,16.0,26.8,3.52,24.76,11.3,23.75,141.02,1.15,420.15,25.1,22.93,8.3,3.28,3.28,74.61,0.686,24.15
2025-12-28,51.52,29.02,6.93,48.5,3.45,3.58,103.0,37.68,26.54,17.7,222.1,12.03,9.48,62.83,16.06,26.5,3.55,24.85,11.32,24.45,143.0,1.15,433.0,25.13,23.4,8.37,3.3,3.28,75.0,0.705,24.22
2025-12-29,51.45,29.12,6.95,48.97,3.44,3.72,102.5,37.5,26.55,18.16,226.0,12.34,9.56,64.05,16.1,26.7,3.63,24.96,11.38,24.47,156.06,1.14,430.3,25.18,23.42,8.42,3.31,3.3,75.7,0.704,24.17
2025-12-30,50.75,29.1,6.92,50.49,3.45,3.73,102.7,37.25,26.65,18.0,223.67,12.22,9.5,64.7,16.2,26.4,3.62,24.97,11.42,24.5,158.1,1.14,425.05,25.15,23.22,8.45,3.33,3.3,76.53,0.703,24.07
2025-12-31,50.7,29.15,6.92,49.71,3.42,3.75,103.0,37.01,27.05,17.9,226.95,12.07,9.5,64.7,16.09,26.32,3.57,24.9,11.52,24.7,158.3,1.14,425.49,25.13,23.25,8.5,3.33,3.29,79.26,0.695,24.07
2026-01-04,49.82,28.92,6.93,50.01,3.37,3.68,100.52,36.0,27.4,17.6,235.5,12.0,9.46,65.3,15.51,25.72,3.53,24.61,11.35,25.08,170.98,1.16,419.8,24.0,22.75,8.45,3.46,3.27,76.9,0.696,24.08
2026-01-05,48.9,27.95,6.95,48.56,3.2,3.59,98.3,34.85,27.71,16.69,245.01,11.46,9.17,63.02,14.92,25.34,3.47,24.18,10.81,24.01,170.0,1.14,417.0,23.04,22.44,8.26,3.56,3.22,75.9,0.693,23.65
2026-01-06,49.02,28.2,7.1,48.95,3.21,3.62,100.31,35.55,27.91,18.05,261.0,11.57,9.3,63.7,15.25,25.75,3.47,24.29,10.87,24.3,175.77,1.14,420.92,23.05,22.57,8.31,3.58,3.21,76.52,0.691,23.53
2026-01-08,50.5,28.65,7.09,49.01,3.12,3.62,103.01,37.1,28.45,18.9,255.01,11.51,9.41,65.25,15.68,26.1,3.47,24.42,10.85,26.0,173.02,1.14,420.01,23.28,22.57,8.19,3.67,3.21,77.53,0.674,23.64
2026-01-11,51.82,29.67,7.08,49.03,3.14,3.59,104.3,37.1,28.21,19.2,255.01,11.52,9.4,68.72,15.7,25.9,3.47,25.61,10.9,26.86,173.02,1.16,420.0,23.29,22.75,8.2,3.7,3.21,77.66,0.67,23.7
2026-01-12,51.5,31.32,7.01,48.75,3.19,3.52,108.0,36.0,27.06,19.7,257.05,11.46,9.46,69.1,15.7,26.07,3.41,26.03,10.85,26.75,171.61,1.16,418.5,23.8,22.82,8.65,3.76,3.2,77.62,0.676,23.67
2026-01-13,51.0,31.4,6.89,47.5,3.18,3.36,115.1,35.56,27.01,19.0,255.5,11.14,9.15,67.26,15.83,27.11,3.34,25.71,10.65,26.88,170.0,1.16,408.01,23.0,22.5,8.38,3.67,3.13,77.75,0.674,23.23
2026-01-14,49.4,30.4,6.8,45.0,3.03,3.25,115.1,35.01,24.3,18.6,244.08,9.77,8.94,67.5,15.5,26.83,3.25,24.96,10.25,25.81,162.03,1.13,395.0,22.7,21.7,8.28,3.57,3.08,75.03,0.671,22.92
2026-01-15,49.01,31.0,6.8,45.3,3.03,3.3,117.75,35.5,26.9,19.3,240.14,10.47,8.95,67.76,15.23,25.7,3.25,24.22,10.0,25.72,163.02,1.14,395.1,22.2,21.46,8.35,3.63,3.06,75.5,0.671,22.7
2026-01-18,50.02,32.51,6.8,45.4,3.03,3.34,121.71,36.1,27.0,19.25,242.0,10.5,8.97,67.81,15.36,26.0,3.28,24.3,10.25,26.02,164.61,1.13,396.1,22.73,21.48,8.35,3.72,3.06,76.0,0.674,22.8
2026-01-19,51.66,32.85,6.84,47.03,3.06,3.36,123.05,36.41,27.25,19.51,258.0,10.68,9.05,67.95,15.5,26.66,3.31,25.3,10.63,26.76,173.21,1.14,404.91,22.9,21.81,8.49,3.89,3.1,76.2,0.67,22.82
2026-01-20,52.04,34.0,6.88,46.5,3.07,3.37,124.8,37.5,28.5,19.65,256.0,10.4,9.2,73.88,16.06,28.0,3.43,25.4,10.68,26.84,171.2,1.14,416.0,23.28,21.93,8.57,3.91,3.09,82.02,0.67,22.86
2026-01-21,52.8,35.5,6.88,46.1,3.02,3.35,125.0,37.02,28.72,20.62,252.8,10.5,9.21,79.8,16.24,28.6,3.41,25.7,10.8,26.11,171.1,1.15,403.61,23.27,22.04,8.65,3.9,3.08,82.0,0.67,22.9
2026-01-22,55.4,35.8,6.95,48.0,3.04,3.27,127.0,37.26,28.73,21.45,246.12,10.95,9.23,77.7,16.58,28.5,3.41,26.12,11.11,26.63,171.51,1.16,399.0,23.41,22.04,8.77,3.86,3.11,82.51,0.672,23.03
2026-01-25,58.6,35.12,7.08,48.0,3.04,3.27,127.74,36.61,28.8,21.51,251.01,10.8,9.1,77.1,16.35,29.36,3.38,27.03,11.38,27.3,168.22,1.16,405.06,23.47,22.27,8.65,3.87,3.16,83.06,0.679,24.09
2026-01-26,58.12,35.79,7.15,47.03,3.06,3.28,128.9,36.15,29.09,21.65,249.0,10.67,9.06,77.99,16.43,30.0,3.39,27.27,11.08,28.5,167.0,1.21,402.16,23.31,22.08,8.65,4.14,3.15,86.15,0.69,24.11
2026-01-27,58.71,38.01,7.07,47.06,3.06,3.32,130.98,37.0,29.0,22.0,245.0,10.85,9.12,79.5,17.11,30.89,3.52,27.78,11.21,28.12,167.01,1.22,403.06,23.4,22.06,8.58,4.26,3.13,86.15,0.696,23.85
2026-01-28,63.0,37.9,7.06,46.31,2.99,3.29,132.85,36.72,28.11,21.25,233.0,10.9,9.05,78.1,16.73,30.6,3.46,28.31,10.87,27.6,167.35,1.19,398.1,23.51,21.8,8.55,4.36,3.08,86.11,0.696,23.52
2026-02-01,62.72,37.91,6.96,46.4,2.92,3.36,130.51,37.12,28.11,21.1,233.33,11.0,8.98,77.75,16.9,30.12,3.48,28.2,10.9,27.61,165.8,1.19,400.01,23.9,21.9,8.52,4.38,3.08,85.21,0.694,23.55
2026-02-02,64.14,37.65,6.97,46.41,3.01,3.45,127.11,38.0,29.02,21.4,237.1,11.12,8.95,77.6,16.97,29.8,3.49,27.38,10.8,28.02,166.0,1.22,402.5,24.0,22.15,8.6,4.55,3.15,84.1,0.695,24.1
2026-02-03,65.92,38.29,7.03,46.43,3.03,3.49,129.03,39.83,29.19,21.65,237.77,11.61,9.05,78.4,17.36,31.0,3.6,28.35,10.93,28.74,166.2,1.27,417.0,24.33,22.2,8.67,4.58,3.17,86.78,0.698,24.16
2026-02-04,65.0,39.0,7.04,46.6,3.15,3.51,133.0,40.2,29.23,22.25,239.89,11.72,9.39,82.12,18.35,31.11,3.56,29.0,11.0,29.25,168.04,1.28,427.0,24.2,22.37,8.83,4.87,3.26,88.44,0.7,24.2
2026-02-05,65.0,38.4,7.02,46.6,3.1,3.44,136.5,39.62,29.2,22.07,240.0,12.07,9.36,82.84,18.3,30.1,3.54,28.95,11.77,30.55,160.01,1.28,428.0,23.96,22.86,8.71,4.63,3.25,87.51,0.701,24.1
2026-02-08,65.66,38.74,7.02,46.7,3.1,3.37,136.0,39.85,30.0,22.66,241.5,12.13,9.4,84.89,19.0,29.37,3.57,29.52,12.35,30.1,164.03,1.27,433.0,24.2,23.25,8.83,4.54,3.48,88.02,0.705,24.4
2026-02-09,68.12,37.96,7.15,47.67,3.04,3.36,134.95,40.0,31.21,22.55,242.99,12.19,9.53,88.75,19.29,29.7,3.82,29.89,12.45,29.9,166.99,1.25,447.0,24.5,23.21,8.83,4.54,3.46,88.4,0.706,26.25
2026-02-10,68.51,38.39,7.18,47.6,3.05,3.35,136.0,40.54,30.5,22.35,241.41,12.22,9.59,90.15,19.5,30.2,3.84,30.0,12.0,29.45,175.0,1.26,457.99,24.82,23.22,8.82,4.59,3.55,88.4,0.707,26.7
2026-02-11,69.2,37.4,7.09,47.4,3.06,3.38,134.0,39.9,29.5,22.3,241.28,12.3,9.48,92.5,19.6,30.52,3.9,30.6,12.35,29.5,171.0,1.23,445.6,25.01,23.15,8.85,4.6,3.62,87.01,0.707,26.73
2026-02-12,62.01,36.11,7.08,47.26,3.1,3.37,134.0,39.5,29.26,22.2,241.28,12.46,9.5,91.11,19.57,30.01,3.89,29.92,12.42,29.62,171.02,1.22,457.0,25.75,23.13,8.79,4.59,3.62,86.56,0.706,26.71
2026-02-15,69.01,36.65,7.08,48.04,3.11,3.42,137.12,40.09,29.31,22.61,239.0,12.46,9.5,94.94,19.72,30.32,4.01,30.1,12.23,29.49,173.69,1.23,480.0,25.91,23.23,8.85,4.6,3.79,88.51,0.707,26.75
2026-02-16,70.0,39.8,7.11,49.15,3.1,3.42,140.25,40.25,29.49,22.6,219.0,13.01,9.63,98.5,20.11,30.2,4.22,30.03,12.35,28.48,174.59,1.23,483.7,25.71,23.6,9.3,4.78,3.82,91.6,0.708,27.72
2026-02-17,68.01,39.51,7.21,50.4,3.09,3.42,140.55,40.8,28.7,22.48,224.75,12.85,9.56,97.2,20.07,30.4,4.21,29.9,12.38,28.3,176.01,1.23,481.03,25.45,23.85,9.23,4.8,3.93,92.0,0.708,27.7
2026-02-18,66.53,41.59,7.39,51.26,3.11,3.44,139.49,40.4,28.94,22.56,225.52,13.03,9.74,97.31,20.17,30.45,4.31,30.01,12.42,29.0,180.88,1.23,485.0,27.32,23.65,9.61,4.87,4.08,95.54,0.709,28.33
2026-02-19,67.23,42.0,7.2,49.54,3.16,3.39,137.11,39.8,28.3,22.16,225.0,12.8,9.44,93.21,19.2,30.2,4.15,29.4,11.7,28.2,174.01,1.22,471.0,26.81,22.8,9.3,5.1,4.14,91.55,0.705,27.8
2026-02-22,65.0,39.82,7.1,48.02,3.1,3.34,134.5,38.93,28.0,20.1,219.02,12.65,9.26,91.0,18.36,28.63,4.09,28.0,11.25,27.7,190.07,1.22,448.0,25.8,22.3,8.9,4.97,3.98,89.0,0.702,27.04
2026-02-23,66.95,39.8,7.15,48.39,3.1,3.36,134.85,39.26,28.35,21.03,221.5,12.75,9.18,91.5,18.43,29.15,4.19,28.3,11.37,27.8,192.01,1.23,469.0,26.06,22.4,9.11,5.01,4.0,89.5,0.702,27.3
2026-02-24,68.9,40.57,7.23,49.01,3.12,3.35,137.55,39.52,28.0,21.4,225.0,12.96,9.2,91.85,18.56,29.56,4.55,28.3,11.8,27.3,194.02,1.23,477.71,26.4,22.51,9.24,5.21,4.26,91.11,0.704,27.26
2026-02-25,67.54,39.5,7.04,49.06,2.99,3.25,130.02,39.5,26.05,20.5,219.7,12.93,9.0,87.0,,28.7,4.59,27.2,11.53,25.82,190.22,1.23,470.0,25.0,21.93,8.91,5.36,4.32,86.83,0.701,26.67
2026-02-26,68.0,39.8,7.1,49.02,2.94,3.09,130.01,40.25,26.58,20.55,215.01,12.91,8.94,88.25,,28.55,4.68,26.62,11.55,26.3,186.3,1.22,466.0,25.17,22.3,8.82,5.33,4.36,87.1,0.701,26.77
2026-03-01,63.7,37.02,6.79,47.0,2.82,2.97,127.05,37.51,24.56,18.66,212.0,12.02,8.2,86.0,,26.1,4.44,25.0,10.9,25.0,175.0,1.14,460.5,24.01,21.01,8.44,5.17,4.04,82.03,0.671,25.51
2026-03-02,66.3,39.8,6.99,49.61,2.94,3.05,127.95,39.9,26.4,19.5,224.07,12.1,8.58,88.01,,27.52,4.86,26.11,11.21,26.11,185.5,1.17,470.21,24.0,21.81,8.72,5.33,4.43,83.2,0.685,26.51
2026-03-03,66.65,38.28,6.95,49.61,2.89,3.06,123.56,38.6,27.04,18.95,237.22,11.9,8.53,86.52,,27.25,5.07,25.5,11.01,26.35,187.01,1.13,464.0,23.6,21.5,8.52,5.21,4.62,78.0,0.684,26.11
2026-03-04,77.89,37.0,7.39,49.61,2.89,3.25,111.0,37.85,27.21,18.5,252.0,12.4,8.9,85.31,,25.99,4.98,25.51,11.0,26.5,185.03,1.15,461.03,23.0,21.8,8.46,5.2,4.54,74.5,0.695,28.5
2026-03-05,77.51,37.81,7.48,49.6,2.94,3.38,121.5,37.85,27.5,19.2,266.0,11.71,9.0,88.0,,26.84,5.06,25.78,11.11,26.5,188.0,1.17,467.44,23.6,22.01,8.67,5.31,4.52,79.0,0.696,27.95
2026-03-08,77.93,37.04,7.61,48.96,2.93,3.58,121.5,37.75,27.3,19.2,267.5,12.13,9.07,85.85,,25.51,4.99,25.8,10.8,26.02,185.08,1.17,464.0,24.1,22.25,8.71,5.26,4.35,77.2,0.7,28.5
2026-03-09,82.1,36.1,8.81,48.3,2.9,3.7,118.04,37.41,27.0,18.6,282.1,12.45,8.88,82.0,,23.95,5.2,25.61,10.3,26.09,181.11,1.18,446.0,23.83,22.95,8.62,5.37,4.3,76.0,0.704,30.33
2026-03-10,78.5,36.55,8.35,48.5,2.9,3.59,123.0,37.59,27.5,18.6,270.0,12.04,8.92,82.13,,24.64,5.48,25.78,10.3,25.92,182.35,1.19,458.0,25.02,23.0,8.67,5.49,4.37,76.5,0.704,29.5
2026-03-11,79.9,38.97,8.57,48.5,2.93,3.61,124.98,35.0,27.9,19.0,277.0,12.15,9.21,84.01,,25.61,5.57,26.48,10.55,26.36,183.69,1.21,460.1,25.03,22.75,8.78,5.67,4.58,78.7,0.709,30.01
2026-03-12,85.0,39.0,8.88,48.2,2.9,3.65,122.0,35.0,27.9,18.75,295.0,12.22,9.15,84.21,,24.81,5.53,25.85,10.5,26.25,183.72,1.21,469.7,25.4,22.65,8.61,5.46,4.66,77.6,0.709,30.5
2026-03-15,85.53,38.0,9.12,47.5,2.86,3.69,118.3,36.75,27.95,18.57,303.0,12.09,9.07,82.5,,24.55,5.34,25.4,10.4,26.4,181.01,1.21,462.0,25.1,22.46,8.55,5.15,4.47,76.53,0.708,31.7
2026-03-16,82.5,37.4,9.13,45.51,2.82,3.59,116.5,36.57,27.02,17.88,296.0,11.92,8.99,80.52,,23.92,5.29,24.7,10.13,25.81,178.31,1.21,454.51,24.32,22.01,8.1,5.02,4.28,73.73,0.705,32.51
2026-03-17,85.5,37.5,8.91,45.5,2.84,3.59,117.2,37.0,27.15,18.25,299.5,11.91,8.92,81.0,,24.01,5.29,25.02,10.23,25.87,176.0,1.23,458.0,24.55,22.1,8.2,5.1,4.32,73.81,0.706,31.7
2026-03-18,86.75,39.8,8.63,45.67,2.9,3.6,119.51,35.89,27.29,18.4,304.0,11.62,9.0,82.3,,24.38,5.5,25.53,10.3,25.9,174.0,1.23,462.0,25.0,22.25,8.46,5.22,4.32,76.62,0.707,31.81
2026-03-24,87.0,39.82,8.65,46.55,2.9,3.6,124.1,35.52,27.52,18.4,295.0,11.65,9.09,82.6,,24.65,5.68,26.01,10.32,25.8,174.9,1.26,471.0,25.1,22.41,8.51,5.3,4.33,78.5,0.705,32.5
2026-03-25,91.25,39.3,8.54,46.85,2.9,3.64,124.1,36.41,27.8,18.48,281.13,11.87,9.1,82.6,,24.42,5.72,26.1,10.33,25.79,174.06,1.29,476.0,25.45,22.57,8.66,5.16,4.32,78.5,0.707,32.15
2026-03-26,88.88,39.35,8.46,46.91,2.88,3.62,125.0,37.24,27.82,18.77,281.51,11.61,9.17,82.65,,24.56,5.74,25.65,10.45,25.85,175.0,1.29,481.21,25.26,22.27,8.63,5.11,4.3,78.01,0.706,31.65
2026-03-29,83.6,38.13,8.5,48.8,2.87,3.62,123.15,36.5,26.5,18.5,281.62,11.4,9.04,81.0,,24.1,5.73,25.31,10.2,25.27,171.27,1.3,471.0,24.5,21.92,8.4,5.03,4.1,76.25,0.705,30.96
2026-03-30,79.8,38.0,8.27,48.75,2.81,3.75,119.5,35.16,25.0,18.21,295.0,11.1,9.2,78.5,,24.03,5.57,24.8,9.63,23.8,167.0,1.35,464.11,24.2,21.88,8.2,5.12,4.0,74.01,0.701,31.24
2026-03-31,79.5,37.53,8.2,49.07,2.81,3.86,119.7,34.83,25.01,17.8,294.3,11.05,9.1,78.35,,24.1,5.57,25.0,9.64,24.04,167.0,1.37,465.1,24.0,21.7,7.99,5.05,4.01,74.2,0.699,31.16
2026-04-01,80.75,38.1,8.28,51.85,2.81,3.85,121.0,34.85,25.0,18.0,292.0,11.3,9.2,78.59,,24.1,5.59,25.16,9.7,24.27,167.33,1.36,481.01,24.17,21.95,8.28,5.08,4.06,74.51,0.698,31.88
2026-04-02,81.6,38.51,8.38,52.25,2.82,3.85,122.1,35.13,24.9,18.19,297.05,11.23,9.17,82.16,,24.56,5.62,25.39,9.91,24.81,169.51,1.36,482.0,24.55,22.03,8.25,5.12,4.04,76.51,0.697,32.12
2026-04-05,80.1,38.9,8.48,52.8,2.83,3.97,124.0,35.31,25.0,18.2,301.5,11.22,9.2,84.41,,24.3,5.59,25.52,10.02,25.01,172.0,1.39,497.0,24.7,22.17,8.38,5.11,4.07,77.4,0.699,32.3
2026-04-06,81.0,39.55,8.56,55.0,2.87,3.88,126.4,35.77,25.12,18.38,315.0,11.15,9.22,87.51,,24.5,5.55,25.99,10.05,25.21,173.56,1.41,526.0,24.75,22.4,8.39,5.16,4.16,79.12,0.7,32.5
2026-04-07,82.5,39.91,8.56,55.79,2.83,3.94,122.0,35.77,25.21,18.66,311.0,11.18,9.06,87.04,,24.31,5.37,25.16,9.99,25.4,173.8,1.42,517.09,24.63,22.02,8.21,5.23,4.2,77.3,0.697,33.75
2026-04-08,80.0,40.4,8.08,56.7,2.83,3.89,122.0,35.99,25.21,18.8,295.0,11.21,9.09,87.9,,24.33,5.43,25.25,10.04,25.51,174.75,1.43,521.6,24.65,22.3,8.25,5.23,4.3,77.7,0.7,31.75
2026-04-09,82.0,42.39,8.19,56.02,2.85,3.92,126.4,36.76,26.52,19.45,295.5,11.13,9.24,90.67,,25.52,5.42,26.3,10.3,26.3,177.03,1.42,556.0,25.73,22.55,8.39,5.17,4.37,82.51,0.702,32.1
2026-04-14,82.11,43.55,8.2,52.65,2.86,3.93,129.4,38.0,27.2,20.18,295.51,11.3,9.2,92.01,,25.25,5.46,26.37,10.29,26.3,183.0,1.42,560.0,26.93,22.55,8.43,5.17,4.4,84.99,0.702,32.0
2026-04-15,83.8,44.5,8.21,53.41,2.88,3.9,133.99,37.61,27.55,20.41,306.12,11.32,9.33,93.58,,26.16,5.54,26.84,10.36,26.71,195.0,1.42,560.0,27.14,22.86,8.55,5.39,4.35,85.5,0.705,32.0
2026-04-16,82.9,45.06,8.2,52.65,2.91,3.92,137.5,37.65,27.9,20.51,306.89,11.32,9.5,93.82,,26.75,5.73,26.91,10.45,27.22,195.0,1.45,569.0,28.71,22.65,8.88,5.44,4.38,85.55,0.713,31.7
2026-04-19,83.04,44.0,8.15,52.02,2.92,3.93,140.0,39.23,28.07,20.5,298.0,11.33,9.55,94.5,,27.4,5.76,27.0,10.6,27.1,195.0,1.54,577.0,28.82,22.72,9.3,5.46,4.45,86.5,0.725,31.7
2026-04-20,83.51,44.35,7.86,48.0,2.89,3.91,137.5,39.05,28.15,20.0,295.5,11.29,9.47,93.7,,27.01,5.63,27.0,10.7,27.3,194.99,1.51,566.1,28.97,22.72,9.44,5.4,4.46,91.72,0.727,31.6
2026-04-21,84.8,44.35,7.68,52.47,2.89,3.8,138.43,38.74,28.53,20.25,290.01,11.19,9.53,93.71,,27.01,5.65,27.02,11.05,27.6,196.0,1.48,570.12,29.5,22.78,9.76,5.42,4.56,93.5,0.73,31.96
2026-04-22,86.55,43.51,7.72,53.38,2.9,3.81,136.28,39.19,28.6,20.74,293.0,11.15,9.8,94.0,,27.02,5.7,27.62,11.03,28.0,198.07,1.49,570.0,30.6,22.65,10.75,5.6,4.58,93.0,0.732,33.09
2026-04-23,86.1,43.06,7.83,53.5,2.94,4.04,136.0,39.42,28.82,20.9,293.0,11.24,9.82,94.26,,27.25,5.97,27.51,11.03,28.5,191.15,1.49,571.0,30.25,22.6,11.0,6.1,4.58,93.26,0.732,33.33
2026-04-26,86.12,44.02,8.04,53.02,3.02,4.39,137.1,40.8,29.99,20.83,302.9,11.65,10.1,94.75,,26.85,5.81,27.56,11.0,28.82,190.6,1.5,590.0,29.53,22.75,10.7,6.07,4.55,93.0,0.728,34.25
2026-04-27,88.05,44.06,8.17,53.05,3.08,4.51,137.6,40.5,29.51,20.91,297.66,11.86,10.15,95.01,,26.75,5.83,27.71,11.01,28.64,185.02,1.52,591.1,29.75,22.77,10.97,6.4,4.52,93.0,0.682,31.9
2026-04-28,89.5,44.03,8.35,53.31,3.04,4.53,137.11,40.0,29.75,20.8,302.0,11.97,10.46,94.5,,26.4,5.9,28.0,11.01,28.0,188.01,1.5,598.01,30.2,22.85,11.02,6.3,4.5,93.93,0.682,32.32
2026-04-29,89.12,44.05,8.28,53.01,3.04,4.59,136.7,39.78,29.5,20.51,302.0,12.12,10.43,94.0,,26.12,5.98,28.02,10.91,28.1,188.7,1.51,599.0,30.21,22.93,11.09,6.3,4.51,93.93,0.683,32.05
2026-04-30,89.56,44.0,8.31,53.0,3.02,4.73,135.0,38.87,29.0,20.45,306.36,12.15,10.47,91.51,,26.45,6.2,27.88,10.6,28.18,185.12,1.52,600.0,30.95,22.92,11.16,6.51,4.46,94.04,0.688,32.21
2026-05-03,89.4,44.25,8.51,53.5,3.04,4.65,134.9,39.13,29.45,20.6,301.0,12.19,10.46,92.07,,26.45,6.2,27.91,10.75,27.65,187.0,1.54,601.05,30.95,22.95,11.36,6.55,4.41,94.11,0.687,32.76
2026-05-04,87.01,46.0,8.46,53.76,3.05,4.68,135.1,37.81,29.02,20.1,294.5,11.76,10.61,92.61,,26.26,6.65,28.22,10.89,27.6,189.5,1.5,607.0,30.5,23.1,12.22,6.29,4.4,95.9,0.685,31.36
2026-05-05,78.0,44.7,8.57,52.6,3.02,4.81,133.6,38.0,28.9,20.35,295.0,11.64,10.5,91.0,,26.3,6.61,28.37,10.8,27.77,191.0,1.49,601.0,30.15,23.12,12.23,6.2,4.36,95.01,0.684,31.22
2026-05-06,82.1,45.06,8.24,53.4,3.03,4.47,138.2,39.0,29.0,21.0,295.0,11.73,10.56,92.5,,26.6,6.81,29.0,10.87,27.9,193.06,1.5,626.0,30.44,23.24,12.7,6.35,4.5,98.15,0.686,31.47
2026-05-10,83.0,44.45,8.26,53.53,3.06,4.53,141.6,39.5,29.24,22.2,298.6,11.85,10.63,96.71,,27.59,6.81,29.65,11.3,28.25,188.18,1.52,650.11,33.5,23.35,13.3,6.52,4.77,98.15,0.687,31.31
2026-05-11,83.8,45.0,8.4,54.75,3.1,4.66,142.7,39.72,28.91,22.15,303.05,12.14,11.03,97.4,,28.11,6.87,29.34,11.81,29.0,191.16,1.51,650.08,33.0,23.54,14.0,7.01,4.94,98.1,0.687,31.39
2026-05-12,86.0,46.15,8.49,56.6,3.17,4.67,139.25,40.31,28.11,21.82,303.05,12.8,10.97,97.5,,28.64,7.0,28.7,11.82,28.6,192.92,1.52,655.0,32.9,23.53,13.85,7.03,5.01,97.15,0.685,31.74
2026-05-13,85.4,47.49,8.5,57.26,3.14,4.7,135.35,39.56,27.75,21.39,317.0,13.18,10.97,96.36,,28.75,6.98,28.27,11.9,29.15,193.0,1.51,687.5,33.04,23.3,13.84,7.1,5.03,96.35,0.675,31.8
2026-05-14,84.81,46.9,8.45,56.8,3.15,4.75,134.35,40.0,27.79,21.56,329.0,13.2,10.7,95.2,,28.23,6.82,28.45,11.65,29.3,192.6,1.52,693.0,33.0,23.32,13.87,7.18,5.06,95.11,0.674,31.61
2026-05-17,85.8,45.95,8.5,54.6,3.24,5.22,133.0,39.0,27.75,21.48,323.0,14.1,10.81,94.0,,27.42,6.72,27.71,11.41,28.72,190.01,1.52,680.02,33.25,23.13,13.47,7.35,4.98,92.7,0.669,31.55
2026-05-18,88.2,45.3,8.85,53.35,3.11,5.28,131.51,39.1,27.78,21.3,315.21,14.26,10.41,93.01,,25.8,6.37,26.96,11.56,27.8,189.0,1.52,685.5,33.09,21.91,13.01,7.26,4.98,92.16,0.668,31.4
2026-05-19,88.1,46.85,8.68,54.0,3.15,5.28,131.51,39.63,27.86,21.51,318.0,14.29,10.41,93.31,,26.06,6.42,26.91,11.65,27.84,189.0,1.52,700.01,33.4,22.03,13.47,7.41,5.0,94.0,0.667,31.41
2026-05-20,85.95,45.91,8.32,53.75,3.06,5.2,131.54,38.77,27.55,21.6,323.5,13.83,9.83,95.04,,25.25,6.39,26.2,11.17,26.51,188.01,1.46,699.0,33.71,21.6,13.4,6.94,4.99,98.03,0.665,30.3
2026-05-21,85.6,45.6,8.3,53.6,3.03,5.08,131.5,37.26,27.49,21.5,323.51,13.83,10.0,93.61,,25.3,6.32,26.16,11.12,26.8,188.07,1.44,700.05,33.72,21.62,13.4,7.02,4.99,98.1,0.665,29.6
2026-05-24,84.0,46.55,8.15,54.79,3.04,4.94,131.5,38.0,28.14,21.96,328.0,13.83,10.19,95.0,,25.52,6.32,26.6,11.2,27.1,192.06,1.47,715.0,36.45,21.7,13.77,7.11,5.04,97.0,0.659,29.25
2026-05-25,81.52,47.6,8.12,55.52,3.07,5.04,133.0,38.0,28.5,21.8,320.91,13.57,10.4,94.8,,25.88,6.34,26.65,11.31,27.6,190.65,1.47,719.0,36.0,22.12,14.32,7.37,5.05,96.0,0.66,28.76
2026-06-01,83.06,47.0,8.25,55.88,3.08,5.12,131.67,37.01,28.79,21.98,322.7,13.61,10.5,96.01,,26.45,6.37,26.72,11.45,28.09,192.0,1.46,725.0,37.4,22.66,15.17,7.3,5.06,96.0,0.66,28.77
2026-06-02,81.81,47.4,8.39,57.3,3.16,5.44,131.75,37.15,28.95,21.99,328.0,14.25,11.78,96.91,,26.25,6.7,27.33,11.51,28.9,197.0,1.46,738.0,37.4,23.25,15.52,7.48,5.1,96.79,0.665,29.36
2026-06-03,81.53,46.51,8.25,57.98,3.12,5.4,131.8,37.57,28.8,21.81,326.0,14.7,11.52,95.59,,25.9,6.58,26.95,11.78,28.71,193.9,1.45,730.0,37.42,23.55,15.15,7.4,5.04,95.5,0.667,28.95
2026-06-04,81.7,46.4,8.3,58.8,3.11,5.36,131.3,38.02,28.9,21.88,326.0,14.62,11.7,95.73,,25.91,6.54,26.9,12.15,29.0,194.0,1.4,730.35,38.02,23.41,15.08,7.44,5.06,95.96,0.669,28.52
