datetime,ABUK,ADIB,AMOC,ARCC,BTFH,CCAP,COMI,EAST,EFID,EFIH,EGAL,EGCH,EMFD,ETEL,FWRY,GBCO,HELI,HRHO,ISPH,JUFO,MCQE,OIH,ORAS,ORHD,ORWE,PHDC,RAYA,RMDA,TMGH,VLMR,VLMRA
2014-11-11,11.37332262,,,,,,,,,,,,,,,,,,,,,,,,,,,,,,
2014-11-12,11.3999886,,,,,,,,,,,,,,,,,,,,,,,,,,,,,,
2014-11-13,11.3999886,,,,,,,,,,,,,,,,,,,,,,,,,,,,,,
2014-11-16,11.3999886,,,,,,,,,,,,,,,,,,,,,,,,,,,,,,
2014-11-17,11.333322,,,,,,,,,,5.218179,,,,,,,,,,,,,,,,,,,,
2014-11-18,11.3999886,,,,,,,,,,5.212119,,,,,,,,,,,,,,,,,,,,
2014-11-19,11.47532186,,,,,,,,,,5.26060383,,,,,,,,,,,,,,,,,,,,
2014-11-20,11.47532186,,,,,,,,,,5.42423981,,,,,,,,,,,,,3.8860001,,,,,,,
2014-11-23,11.4659892,,,,,,,,,,5.32727016,,,,,,,,,,,,,3.8860001,,,,,,,
2014-11-24,11.3999886,,,,,,,,,,5.35151257,,,,,,,,,,,,,3.8860001,,,,,,,
2014-11-25,11.42665457,,,,,,,,,,5.10605814,,,,,,,,,,,,,3.8860001,,,,,,,
2014-11-26,11.4333219,,,,,,,,,,5.15151267,,,,,,,,,,,,,3.8860001,,,,,,,
2014-11-27,11.45998787,,,,,,,,,,5.29999744,,,,,,,,,,24.579504,,,3.8860001,,,,,,,
2014-11-30,11.48332185,,,,,,,,,,5.16969417,,,,,,,,,,24.235292,,,3.8860001,,,,,,,
2014-12-01,11.6306557,,,,,,,,,,5.19999749,,,,,,,,,,24.235292,,,3.8860001,,,,,,,
2014-12-02,11.5999884,,,16.190001,,,,2.92377174,,,5.15151267,,,,,,,,,,24.200169,,,3.8860001,,,,,,,
2014-12-03,11.5673211,,,16.02,,,,2.67615951,,,5.12423995,,,,,,,,,,23.884055,,,3.8860001,,,,,,,
2014-12-04,11.666655,,,16.299999,,,,2.97332719,,,5.27272473,,,,,,,,,,24.235292,,,3.8860001,,,,,,,
2014-12-07,11.666655,,,16.110001,,,,2.97332719,,,5.24242141,,,,,,,,,,24.235292,,,3.8860001,,,0.12156876,,,,
2014-12-08,11.666655,,,16.200001,,,,2.97349221,,,5.18181568,,,,,,,,,7.2,24.140459,,,3.8860001,,,0.12019621,,,0.692336,
2014-12-09,11.4326559,,,16.860001,,,,2.97365756,,,5.15151267,,,,,4.652108,,,,7.128,24.140459,,,3.8860001,,,0.11921581,,,0.683682,
2014-12-10,10.80332253,,4.59932857,17.0,1.78915483,3.33,14.65652162,3.05426761,,,5.17272478,,,13.39,,4.652108,,,,7.32,23.778684,,,3.8860001,,3.41534905,0.11764718,,10.51,0.649065,
2014-12-11,10.999323,,4.56666207,17.049999,1.78915483,3.21,14.50279232,3.05591962,,,5.09999754,,,13.16,,4.802176,,,,7.6,24.586528,,,3.8860001,,3.35210184,0.1156864,,10.5,0.640411,
2014-12-14,11.2666554,,4.4679953,17.1,1.89509164,3.06,14.08511219,3.08317495,,,5.09393663,,,13.0,,4.667115,,,,7.208,24.358223,,,3.8860001,,3.26513693,0.11098051,,10.24,0.562523,
2014-12-15,10.999989,,4.31666232,16.99,1.84372845,2.85,13.49919938,3.13851204,,,5.12120965,,,12.67,,4.650607,,,,7.008,24.235292,,,3.8860001,,3.05167762,0.11274522,,9.71,0.571177,
2014-12-16,10.8006552,,4.2733289,16.18,1.81055631,2.79,13.77475272,3.13851204,,,4.87878553,,,12.51,,4.650607,,,,7.232,24.835905,,,3.8860001,,3.02795992,0.10882365,,9.95,0.605794,
2014-12-17,10.7999892,,4.14999582,16.35,1.79129508,2.68,13.49629824,3.13851204,,,4.84848251,,,12.28,,4.562067,,,,7.12,24.586528,,,3.8860001,,2.96471271,0.11313738,,9.7,0.623102,
2014-12-18,10.666656,,4.09999587,15.4,1.65753648,2.55,13.25555247,3.17154901,,,4.56363416,,,11.48,,4.374482,,,,7.2,23.936742,,,3.8860001,,2.7670652,0.10470599,,9.01,0.623102,
2014-12-21,10.79332187,2.00628175,4.19999577,15.8,1.76561343,2.67,13.8066577,3.20458598,,,4.94848246,,,11.95,,4.419503,,,,7.24,23.891079,,,3.8860001,,2.91727731,0.11137267,,9.57,0.657719,
2014-12-22,10.666656,2.0244108,4.06666257,16.0,1.7185303,2.77,13.7776527,3.22110447,,,4.84848251,,,11.75,,4.50204,,,,7.4,24.238805,,,3.8860001,,3.04377172,0.10627462,,9.58,0.666373,
2014-12-23,10.66599,2.15735718,4.05332919,16.200001,1.71210999,2.81,13.80085775,3.30369689,,,4.76666437,,,11.98,,4.61309,,,,7.52,25.201191,,,3.8860001,,3.16236023,0.10784325,,9.41,0.70099,
2014-12-24,10.666656,2.25102395,4.06666257,16.6,1.7014093,2.76,13.81245911,3.30386191,,,5.05757362,,,11.97,,4.652108,,,,7.28,25.289,,,3.8860001,7.31879305,3.12283072,0.10980404,,9.49,0.692336,
2014-12-25,10.666656,2.28123904,4.05666245,17.030001,1.69284875,2.76,13.92268062,3.35325234,,,4.96969457,3.74163732,,11.97,,4.646105,1.62499666,6.03838772,,7.28,25.289,0.50424127,,3.8860001,7.20599281,3.09120712,0.1101962,,9.49,0.709644,
2014-12-28,10.37065629,2.18757227,4.04532926,17.25,1.69070862,2.82,13.87047057,3.41503163,,,5.29696714,3.77389281,,12.04,,4.607088,1.58888565,5.97633621,,7.4,24.597064,0.50812005,,3.8860001,7.25999287,3.14654843,0.11039227,,9.28,0.726953,
2014-12-29,10.66599,2.22383037,4.12532925,17.25,1.67358752,2.75,13.87917167,3.32021537,,,4.89393703,3.72873512,,12.0,,4.532054,1.57805234,6.04614416,,7.36,24.597064,0.51199883,,3.8860001,7.25999287,3.24141923,0.11039227,,9.44,0.692336,
2014-12-30,10.66599,2.19361529,4.06666257,17.25,1.93254404,2.92,14.37226689,3.38628931,,,5.10302784,3.8384038,,12.3,,4.653609,1.62777438,6.1741254,,7.6,25.078259,0.52363516,,3.8860001,7.31999281,3.34419594,0.11098051,,10.0,0.649065,
2014-12-31,10.36998963,2.22383037,4.13199584,17.0,2.12515663,2.92,14.24754288,3.46888174,,,4.77575527,3.76744171,,12.04,,4.652108,1.62471894,6.10819567,,7.6,25.032596,0.51199883,,3.8860001,7.30799307,3.31257234,0.10980404,,10.09,0.657719,
2015-01-04,10.666656,2.19059378,4.06666257,16.950001,1.96892649,2.9,14.21273647,3.42758553,,,4.92424005,3.79969721,,11.97,,4.652108,1.5836078,6.0151184,,7.44,24.590041,0.50812005,,3.8860001,7.25999287,3.31257234,0.10784325,,9.95,0.649065,
2015-01-05,10.3999896,2.19059378,4.00132931,16.5,2.01172913,2.9,14.30845548,3.63406659,,,4.97272487,3.96097468,,12.0,,4.652108,1.60555223,6.05002238,,7.6,24.621651,0.50424127,,3.04000008,7.29599272,3.23351333,0.11058835,,9.9,0.649065,
2015-01-06,10.7999892,2.18152925,3.99866264,16.35,1.94966514,2.82,14.19533283,3.79925142,,,4.85757372,3.8384038,,11.82,,4.577074,1.58333008,5.91816291,,7.96,24.853468,0.49648371,,3.11800008,7.51199238,3.16236023,0.10803933,,9.81,0.640411,
2015-01-08,10.4006556,2.34166921,3.95332929,16.0,2.00744896,2.87,14.18373146,3.79925142,,,4.76060376,3.89001259,,12.03,,4.50204,1.59749666,5.95694511,,7.92,24.941277,0.49648371,,3.05600008,8.09879181,3.23351333,0.10470599,,9.9,0.640411,
2015-01-11,10.7999892,2.32656167,4.00132931,16.049999,2.03420068,2.87,14.3867694,3.85640555,,,4.76060376,3.87711039,,12.3,,4.50204,1.58333008,5.99184908,,7.92,25.991472,0.49260493,,3.01000008,7.82999231,3.20188973,0.10784325,,9.85,0.631757,
2015-01-12,10.7999892,2.29634658,4.06466264,16.030001,2.02242993,2.8,14.35196328,3.79925142,,,4.96666397,3.78679501,,11.86,,4.682122,1.56277451,5.92979757,,7.88,25.636723,0.48484737,,3.03200008,8.03999211,3.21770153,0.10764717,,9.71,0.640411,
2015-01-13,10.7999892,2.23893792,3.99999597,16.1,2.13692717,2.86,14.65072022,3.88167882,,,4.99999759,3.8577571,,12.11,,5.442966,1.64416326,6.24005513,,8.08,25.640236,0.50036249,,3.01400008,8.15999199,3.29676054,0.10784325,,10.2,0.640411,
2015-01-14,10.7999892,2.22987339,3.99999597,15.86,2.09733474,2.9,14.93497611,3.88184384,,,4.99999759,3.90291479,,12.56,,5.986212,1.69999653,6.5929731,,8.24,26.342708,0.50424127,,3.01600008,8.75879116,3.36000774,0.10784325,,10.4,0.649065,
2015-01-15,10.53665613,2.32656167,3.99999597,16.0,1.99674828,2.88,15.59050174,3.96278426,,,4.99696729,3.90936589,,12.7,,5.836144,1.73610754,6.58909488,,8.472,26.353245,0.50424127,,3.01200008,8.74799165,3.34419594,0.1074511,,10.45,0.640411,
2015-01-18,10.54998945,2.34469072,3.90732947,16.0,2.02778038,2.85,15.15541797,3.71831102,,,4.99999759,3.87065929,,12.31,,6.079254,1.77360741,6.70156364,,8.08,25.640236,0.49648371,,2.91000008,8.19839195,3.38372544,0.10686286,,10.65,0.640411,
2015-01-19,10.5333228,2.35677675,3.86666277,16.0,1.97962718,2.8,15.08290401,3.63423159,,,4.99999759,3.87065929,,12.2,,6.151288,1.77777412,6.67053788,,8.04,25.815854,0.49648371,,2.80000008,8.52239127,3.35210184,0.10549031,,10.75,0.631757,
2015-01-20,10.666656,2.41116391,3.86599624,16.0,1.97106663,2.84,15.40196486,3.60102962,,,4.99696729,3.87065929,,12.29,,6.152788,1.88471829,6.83730054,,8.24,26.869562,0.50036249,,2.83000008,8.51999164,3.48650215,0.10627462,,11.15,0.631757,
2015-01-21,10.8666558,2.4081424,3.73732964,16.0,1.97962718,2.85,15.52378889,3.55147416,,,4.98484638,3.87065929,,12.2,,5.875163,1.88582943,6.97691683,,8.08,25.728045,0.50812005,,2.90600008,8.88119152,3.55765526,0.10686286,,11.5,0.614448,
2015-01-22,10.666656,2.441379,3.76666288,16.0,1.97962718,2.89,15.80804362,3.38893227,,,4.93939125,3.93517028,,12.41,,5.852652,1.91666273,7.04284656,,8.184,26.381345,0.52751394,,2.90400008,8.7599914,3.62880836,0.10588247,,11.57,0.614448,
2015-01-26,10.5339888,2.42929296,3.7433297,15.7,2.01172913,3.05,15.73842964,3.65058507,,,4.93636156,3.90291479,,12.31,,5.567522,1.88888501,6.90323027,,8.28,26.342708,0.51975638,,2.85600008,8.23319204,3.49440805,0.1156864,,11.5,0.623102,
2015-01-27,10.4673222,2.50483068,3.79999617,15.5,2.03313061,3.16,16.08359697,3.40313817,,,4.92424005,3.92226808,,12.23,,5.612544,1.88888501,6.94201285,,8.08,26.697457,0.5158776,,2.94600008,8.16599091,3.51021985,0.11803934,,11.4,0.640411,
2015-01-28,10.68332265,2.441379,3.79932964,15.99,2.03206054,3.19,16.15611093,3.47383728,,,4.84848251,3.90291479,,12.22,,5.552516,1.94721817,6.98079505,,8.4,28.098889,0.5158776,,2.97600008,8.96399003,3.52603165,0.1156864,,11.4,0.631757,
2015-01-29,10.4339889,2.42022844,3.73599631,16.17,1.96143601,3.15,16.01978439,3.47053374,,,4.76060376,3.91581699,,12.3,,5.477482,1.89944046,6.78688408,,8.4,28.625743,0.50424127,,2.94000008,8.47199057,3.51812575,0.11176483,,11.37,0.623102,
2015-02-01,10.68332265,2.42325025,3.83199614,16.32,1.97106663,3.22,16.08359697,3.46904676,,,4.91211854,3.8384038,,12.16,,5.381439,1.88916284,6.7907623,,8.12,26.553449,0.50424127,,2.97000008,8.14199094,3.49440805,0.10843149,,11.59,0.631757,
2015-02-02,10.666656,2.41720693,3.86666277,16.25,1.91167781,3.23,15.95307155,3.55312617,,,4.99696729,3.8448549,,12.25,,5.25388,1.88888501,6.68992859,,8.2,27.747653,0.50424127,,2.99200008,8.15999092,3.44697265,0.11176483,,11.58,0.623102,
2015-02-03,10.666656,2.47159408,3.88266289,16.4,1.89883699,3.21,16.18511593,3.63406659,,,4.99999759,3.96742578,,12.25,,5.475982,1.89444047,6.68992859,,8.4,27.150552,0.5158776,,2.97000008,8.30999075,3.47069035,0.11235306,,11.75,0.631757,
2015-02-04,10.666656,2.50483068,3.97266267,17.0,1.93254415,3.35,16.3823542,3.50373573,,,4.87878553,4.03193676,,12.33,,5.699583,1.94444045,6.80627479,,8.56,28.425538,0.5158776,,2.98800008,8.11799097,3.51812575,0.11549032,,12.0,0.623102,
2015-02-05,10.666656,2.53504576,3.95132936,16.5,2.00637889,3.27,16.39105529,3.71665899,,,4.89393703,4.05129006,,12.3,,5.560019,1.99805145,6.78688408,,8.888,28.102402,0.50812005,,2.90000008,8.21999085,3.49440805,0.11392169,,11.84,0.605794,
2015-02-08,10.666656,2.55317482,3.99332945,17.1,2.02242993,3.25,16.39105529,3.84798094,,,4.99999759,4.07709446,,12.18,,5.62755,1.98610703,6.79851912,,9.008,26.869562,0.50424127,,2.90000008,8.21999085,3.46278445,0.11509816,,11.71,0.605794,
2015-02-09,10.666656,2.5138952,3.93466271,17.440001,1.97427683,3.2,16.24602737,3.73317748,,,4.87878553,4.07709446,,12.13,,5.558519,1.94471828,6.72871078,,8.888,27.048693,0.50036249,,2.90000008,8.11799097,3.45487855,0.11313738,,11.41,0.614448,
2015-02-10,10.5999894,2.51087369,3.93532931,17.18,1.95020029,3.19,16.25472992,3.73317748,,,5.04242151,4.08354555,,12.24,,5.702584,1.95555159,6.72871078,,9.008,27.150552,0.50424127,,2.90000008,7.91399119,3.45487855,0.11215698,,11.42,0.605794,
2015-02-11,10.40998892,2.48065861,3.8746627,17.549999,1.91809822,3.17,16.37365281,3.83228839,,,4.88181613,4.01903457,,12.2,,5.56152,1.88638512,6.67441532,,9.32,27.150552,0.49260493,,2.88000008,7.73999139,3.39163134,0.11274522,,11.4,0.605794,
2015-02-12,10.36332297,2.46252956,3.9099962,17.65,1.91809822,3.11,16.02848549,3.79925142,,,5.11817905,3.93517028,,11.9,,5.552516,1.86166276,6.55419091,,9.2,27.396417,0.48484737,,2.86000008,7.61399153,3.31257234,0.11078443,,11.0,0.605794,
2015-02-15,10.1999898,2.49274464,3.87999616,18.0,1.9550156,3.12,16.24312739,3.73317748,,,5.24242141,3.98677907,,11.99,,5.641056,1.9163849,6.61624203,,9.088,27.185676,0.48872615,,2.84000008,7.68599145,3.34419594,0.11098051,,11.0,0.605794,
2015-02-16,10.7999892,2.4776371,3.88066269,18.68,1.88599616,3.12,15.99948048,3.7990864,,,4.84848251,4.00788442,,11.86,,5.420456,1.86416286,6.48438257,,8.88,28.450125,0.48096859,,2.79200008,7.80599132,3.32047824,0.10627462,,11.05,0.605794,
2015-02-17,10.4666562,2.47159408,3.84666286,18.25,1.8041359,2.97,15.77033607,3.79925142,,,4.84545221,3.82631918,,11.81,,5.244877,1.81499616,6.32149735,,8.64,28.274507,0.46933226,,2.80000008,7.70999142,3.23351333,0.10470599,,10.99,0.605794,
2015-02-18,10.666656,2.4776371,3.80199611,18.25,1.78968997,3.04,16.02558551,3.79925142,,,4.84848251,3.71872497,,11.86,,5.327414,1.81888523,6.36027993,,8.68,27.080303,0.46933226,,2.81000008,7.64999149,3.29676054,0.10509815,,10.94,0.59714,
2015-02-19,10.13665653,2.43231447,3.79999617,18.299999,1.76561343,3.05,15.95017157,3.79925142,,,4.84848251,3.75234816,,11.83,,5.238874,1.80527401,6.28271593,,8.72,27.150552,0.47708981,,2.80200008,7.67999146,3.25723103,0.11117659,,11.05,0.605794,
2015-02-22,10.11599055,2.41720693,3.85932938,18.0,1.73511647,3.08,16.01108301,3.79941644,,,4.84848251,3.67837714,,11.73,,5.177346,1.78555186,6.1547343,,8.4,28.098889,0.46545348,,2.80000008,7.67999146,3.25723103,0.10941188,,10.89,0.59714,
2015-02-23,10.11599055,2.42325025,3.76666288,18.299999,1.75758791,3.1,15.98207655,3.79925142,,,4.96363367,3.6716525,,11.95,,5.027278,1.8036074,6.28271593,,8.24,28.098889,0.48484737,,2.80200008,7.67399146,3.21770153,0.11156875,,11.03,0.59714,
2015-02-24,10.1333232,2.42325025,3.73332958,18.299999,1.72548585,3.0,16.24312739,3.83228839,,,4.84848251,3.56405829,,11.97,,5.057292,1.80555185,6.27495911,,8.4,28.450125,0.48872615,,2.80000008,7.64999149,3.22560743,0.11372561,,10.9,0.59714,
2015-02-25,10.666656,2.42325025,3.7399961,18.110001,1.73030116,2.97,16.40265782,3.83146246,,,4.59393718,3.59768148,,11.98,,5.081303,1.79999638,6.26332445,,8.392,28.604669,0.48484737,,2.79800008,7.67399146,3.24141923,0.1156864,,10.82,0.59714,
2015-02-26,10.78665588,2.39303486,3.79332965,17.700001,1.69338379,2.91,16.09809947,3.84864185,,,4.84848251,3.51698582,,11.86,,5.304903,1.77777412,6.20515116,,8.0,28.098889,0.47708981,,2.79000008,7.37999179,3.21770153,0.11764718,,10.84,0.588486,
2015-03-01,10.66932199,2.38699184,3.73332958,18.0,1.63399497,2.81,15.93856904,3.91405488,,,4.84848251,3.51698582,,11.86,,5.177346,1.76360754,6.17800362,,8.0,28.415002,0.47321104,,2.76400007,7.13999206,3.08330122,0.11941189,,10.64,0.588486,
2015-03-02,10.66932199,2.43835749,3.66732951,17.719999,1.69338379,2.92,16.04008801,3.8157699,,,4.84848251,3.55733365,,11.7,,5.126323,1.79166298,6.29822842,,7.92,28.102402,0.47708981,,2.80000008,7.14599205,3.16236023,0.11764718,,10.88,0.588486,
2015-03-03,10.66932199,2.46252956,3.73332958,17.799999,1.68535827,2.93,16.06619304,3.83063638,,,4.84848251,3.55060902,,11.83,,5.121821,1.81944071,6.41069717,,7.952,28.274507,0.47708981,,2.72000007,7.33799184,3.22560743,0.11666679,,11.04,0.579831,
2015-03-04,10.1999898,2.42627145,3.72932951,17.639999,1.73030116,2.97,16.01108301,3.7990864,,,4.84848251,3.5304351,,11.8,,5.214863,1.840274,6.39906213,,7.88,28.098889,0.47708981,,2.70000007,7.07399213,3.25723103,0.12352954,,11.09,0.571177,
2015-03-05,10.20798979,2.49274464,3.73332958,17.85,1.72388075,3.0,15.95307155,3.79925142,,,4.84848251,3.62458004,1.0,11.93,,5.177346,1.84749626,6.4921394,,8.112,28.625743,0.48096859,,2.70000007,7.04399216,3.27304284,0.12294131,,11.35,0.571177,
2015-03-08,10.2006558,2.4776371,3.72732958,17.549999,1.74153688,3.03,16.18801707,3.7990864,,,4.74242196,3.65147859,1.0,12.0,,5.148833,1.88471829,6.61236381,,7.88,28.098889,0.48872615,,2.68400007,6.98999222,3.31257234,0.12058836,,11.49,0.579831,
2015-03-09,10.23665643,2.44742201,3.71999619,17.25,1.72548585,2.99,16.1300059,3.79925142,,,4.91817945,3.63130467,1.0,11.93,,5.154835,1.88888501,6.71319752,,7.808,28.098889,0.48484737,,2.79600008,6.95999226,3.29676054,0.12235307,,11.4,0.588486,
2015-03-10,10.21465645,2.50785219,3.72999631,17.450001,1.70301441,3.01,16.40265782,3.76621445,,,4.93939125,3.65820323,1.0,11.94,,5.12032,1.94999591,6.8683263,,7.72,28.274507,0.48872615,,2.65800007,7.61999152,3.35210184,0.12549033,,11.57,0.579831,
2015-03-11,10.55998877,2.43231447,3.68332963,17.5,1.66128172,2.93,16.38815532,3.78273293,,,4.92424005,3.52371046,1.0,11.5,,5.057292,1.88610729,6.67053788,,7.68,28.625743,0.48096859,110.45,2.65200007,7.26599192,3.26513693,0.12254915,,11.5,0.571177,
2015-03-12,10.33732299,2.4776371,3.73332958,17.209999,1.73030116,2.9,16.46066928,3.78273293,,,4.98484638,3.46991336,1.0,11.21,,4.914727,1.89749605,6.68992859,,7.664,28.102402,0.47321104,106.65,2.62000007,7.21199198,3.23351333,0.12098052,,11.31,0.571177,
2015-03-15,10.33732299,2.4776371,3.73532951,17.25,1.74153688,2.98,16.83194047,3.79759941,,,4.98484638,3.53715974,1.0,11.41,,5.027278,1.91527376,6.82566627,,7.68,28.102402,0.48484737,107.99,2.62200007,7.187992,3.36791364,0.12156876,,11.5,0.579831,
2015-03-16,10.33732299,2.43835749,3.69332975,17.309999,1.69338379,2.89,16.85224409,3.66710354,,,4.98484638,3.48336263,1.0,11.25,,4.854699,1.865274,6.71319752,,7.6,28.453638,0.47321104,112.45,2.60200007,7.16999202,3.34419594,0.12078444,,11.27,0.571177,
2015-03-17,10.33665633,2.50785219,3.72666305,17.09,1.650046,2.83,16.53898436,3.7554776,,,4.84848251,3.42956553,1.0,11.18,,4.907224,1.86110729,6.55806913,,7.52,28.453638,0.46545348,112.98,2.59200007,7.19999199,3.28094874,0.11764718,,10.99,0.562523,
2015-03-18,10.61332272,2.52295973,3.68066289,17.68,1.60670822,2.8,16.78843267,3.51182996,,,4.89393703,3.3892177,1.0,11.02,,5.109815,1.83610728,6.58909488,,7.36,28.098889,0.45769592,119.9,2.40000006,7.19999199,3.29676054,0.11764718,,11.0,0.562523,
2015-03-19,10.61332272,2.45346503,3.63332968,17.51,1.58744698,2.8,16.79423408,3.74969596,,,4.89393703,3.36231914,1.0,11.16,,5.2974,1.82221842,6.62012064,,7.2,28.109425,0.4615747,126.0,2.38800006,7.29599188,3.32047824,0.11784326,,10.97,0.562523,
2015-03-22,10.61332272,2.46555106,3.62332955,17.59,1.47669487,2.72,16.77102903,3.7563032,,,4.98484638,3.30852204,1.0,11.01,,5.477482,1.81888523,6.61236381,,7.2,28.801361,0.46933226,129.00999,2.40200006,7.10999209,3.31257234,0.11176483,,10.7,0.545215,
2015-03-23,10.3999896,2.45648654,3.57999646,17.219999,1.40767559,2.7,16.59409468,3.75745966,,,4.89393703,3.28162348,1.0,10.92,,5.20886,1.77221855,6.54643408,,7.2,28.801361,0.45769592,127.9,2.34000006,7.04399216,3.24141923,0.11764718,,10.56,0.519252,
2015-03-24,10.34665632,2.48368012,3.51999639,17.309999,1.43496219,2.73,16.82323909,3.63406659,,,4.94545216,3.29507276,1.0,10.74,,5.319911,1.82499617,6.65114639,,7.256,28.186698,0.46545348,130.00999,2.40000006,6.95999226,3.32047824,0.11372561,,10.86,0.519252,
2015-03-25,10.333989,2.4776371,3.45332979,17.35,1.54089899,2.61,16.72172012,3.55147416,,,4.65151291,3.22782638,1.0,10.5,,5.124823,1.78471855,6.42620967,,7.208,28.625743,0.45769592,124.0,2.42000007,6.76799247,3.27304284,0.10117658,,10.73,0.501944,
2015-03-26,10.333323,2.40209938,3.39999658,17.299999,1.4959561,2.5,16.53318324,3.46904676,,,4.56363416,3.03953651,1.0,10.71,,5.100812,1.6672188,6.20515116,,7.208,28.450125,0.4421808,116.28,2.25000006,6.44999282,3.17817203,0.10980404,,10.28,0.501944,
2015-03-29,10.10665722,2.34469072,3.39999658,17.0,1.48151018,2.56,16.6201997,3.46904676,,,4.56363416,3.14040608,1.0,10.73,,5.247878,1.69444096,6.07716991,,7.208,28.450125,0.44605958,118.9,2.29600006,6.53999272,3.26513693,0.11078443,,10.35,0.519252,
2015-03-30,10.10665722,2.41418542,3.4099967,17.0,1.45261832,2.52,16.53318324,3.46888174,,,4.69696743,3.09333361,1.0,10.7,,5.51,1.69444096,5.96857977,,7.28,28.450125,0.43830202,117.5,2.31000006,6.4679928,3.17817203,0.11627463,,10.22,0.510598,
2015-03-31,10.666656,2.41116391,3.46666318,16.85,1.47027445,2.57,16.38815532,3.36977083,,,4.75757346,3.20765246,1.0,11.11,,6.06,1.79027402,6.08104813,,7.28,28.625743,0.44605958,116.48,2.53400007,6.41999286,3.21770153,0.11764718,,10.43,0.510598,
2015-04-01,10.666656,2.3718843,3.3399965,17.0,1.41409585,2.55,16.33594526,3.46888174,,,4.84242191,3.18075391,1.0,11.2,,5.4,1.82777411,6.16249074,,7.28,28.625743,0.4421808,113.41,2.49400007,6.44999282,3.16236023,0.11764718,,10.3,0.501944,
2015-04-02,10.666656,2.38699184,3.33733004,16.950001,1.43496219,2.52,16.52158072,3.46888174,5.375,,4.75757346,3.18075391,1.0,10.99,,5.0,1.80277413,6.00736196,,7.28,28.625743,0.43442325,115.25,2.59600007,6.50999276,3.13073663,0.11588248,,10.25,0.510598,
2015-04-05,10.666656,2.35677675,3.33799664,15.8,1.39964992,2.51,16.04298915,3.46888174,5.375,,4.75757346,3.05971042,1.0,10.75,,5.0,1.70860754,5.66220043,,7.288,28.105912,0.41502935,113.0,2.40000006,6.34199294,3.05958352,0.10980404,,10.04,0.510598,
2015-04-06,10.666656,2.26613149,3.33332998,15.51,1.3402611,2.44,15.22793193,3.46888174,5.2875,,4.69696743,2.99246404,1.0,10.7,,4.92,1.65971881,5.62729645,,7.2,28.151575,0.40339301,111.0,2.39800006,5.94599338,2.92518321,0.10980404,,9.75,0.501944,
2015-04-07,10.666656,2.29030356,3.33266345,16.690001,1.3932295,2.49,15.51218666,3.46722971,5.29,,4.69696743,3.09333361,1.0,10.82,,5.09,1.68721881,5.76691235,,7.2,28.151575,0.41115057,112.0,2.33200006,6.22199308,3.00424222,0.10980404,,9.67,0.519252,
2015-04-08,10.66532267,2.30541111,3.36666328,16.190001,1.35791724,2.44,15.63110927,3.43584477,5.80249975,,4.69696743,3.00591331,1.0,10.6,,4.72,1.66388553,5.70486084,,7.312,28.102402,0.39563546,110.5,2.30200006,6.01199331,2.86984191,0.11098051,,9.71,0.519252,
2015-04-09,10.6333227,2.29936809,3.4086633,16.709999,1.36433765,2.45,15.73842964,3.46888174,5.9975,,4.69696743,3.09333361,1.0,10.95,,4.68,1.70138539,5.83672031,,7.44,28.450125,0.40727179,115.0,2.40000006,6.26399303,2.92518321,0.10980404,,10.07,0.571177,
2015-04-14,10.666656,2.31145412,3.40199651,17.0,1.38680909,2.44,16.08939808,3.46888174,5.88250025,,4.69696743,3.05298578,1.0,11.1,,4.7,1.70416311,6.03063128,,6.976,28.102402,0.40727179,115.0,2.40000006,6.29999299,2.93308911,0.10784325,,10.16,0.571177,
2015-04-15,10.666656,2.35073374,3.3733298,16.629999,1.338656,2.34,16.35915031,3.44905955,6.19999975,,4.69696743,3.0731597,1.0,11.1,,4.75,1.72916311,6.00348374,,7.44,28.169135,0.41115057,115.75,2.40200006,6.23999306,2.92518321,0.10980404,,10.0,0.562523,
2015-04-16,10.23732309,2.29936809,3.33332998,16.620001,1.29692332,2.24,16.10099945,3.4488942,6.4375,,4.66666442,2.91176838,1.0,10.88,,4.5,1.67527436,5.70098262,,7.44,28.172648,0.39951423,114.2,2.34000006,6.08999322,2.8461242,0.10725502,,9.9,0.562523,
2015-04-19,10.5999894,2.35375524,3.3066632,16.77,1.31618456,2.34,15.93856904,3.4488942,6.4375,,4.66666442,2.93194229,1.0,10.81,,4.7,1.69999653,5.81732921,,7.4,28.172648,0.40727179,115.5,2.35000006,6.32999296,2.87774781,0.10901972,,10.04,0.562523,
2015-04-20,10.5333228,2.29634658,3.33666324,16.58,1.25198043,2.29,15.52668916,3.38628931,6.48500025,,4.66666442,2.90504374,1.0,10.7,,4.49,1.67332995,5.62341823,,7.056,28.274507,0.40339301,113.3,2.30000006,6.17999312,2.66359834,0.10803933,,9.72,0.545215,
2015-04-21,10.666656,2.29634658,3.29999668,16.799999,1.20543244,2.27,15.23373305,3.38628931,6.375,,4.66666442,2.88486982,1.0,10.38,,4.6,1.65277438,5.6156618,,7.04,28.274507,0.39951423,112.0,2.30000006,6.11999319,2.7294824,0.10784325,,9.88,0.545215,
2015-04-22,10.666656,2.29634658,3.25332999,16.799999,1.18777631,2.3,15.22793193,3.38628931,6.3125,,4.39393727,2.91849302,1.0,10.33,,4.5,1.6294411,5.65832221,,7.0,28.274507,0.39563546,111.0,2.33200006,6.11999319,2.7294824,0.10784325,,10.0,0.545215,
2015-04-23,10.666656,2.34166921,3.25999685,16.799999,1.21185285,2.38,15.80804362,3.30369689,6.4575,,4.42424029,2.93194229,1.0,10.16,,4.6,1.67499653,5.77466879,,7.2,29.152597,0.39951423,110.0,2.39600006,6.23999306,2.7294824,0.10980404,,10.1,0.545215,
2015-04-26,10.666656,2.29936809,3.20333004,17.0,1.27605698,2.36,15.86605508,3.25397641,6.3375,,4.2515131,2.87142055,1.0,10.18,,4.6,1.64610767,5.72037372,,7.28,29.152597,0.39563546,109.6,2.30000006,6.35999292,2.69183436,0.1119609,,10.06,0.545215,
2015-04-27,10.13665653,2.27821753,3.20333004,16.809999,1.28408249,2.3,15.80224251,3.22110447,6.275,,4.27272521,2.89159446,1.0,10.06,,4.75,1.66388553,5.68934797,,6.96,28.105912,0.3878779,108.5,2.20000006,6.20999309,2.60712629,0.10823541,,9.86,0.545215,
2015-04-28,10.5999894,2.27821753,3.06999684,16.6,1.21024775,2.2,15.80224251,3.22110447,6.2725,,4.27272521,2.7571017,1.0,9.78,,4.51,1.58638566,5.28213492,,7.208,28.351779,0.36460522,105.0,2.15800006,6.05999326,2.40006211,0.10764717,,9.7,0.545215,
2015-04-29,10.5999894,2.25102395,3.07866357,16.6,1.20222223,2.22,15.6630157,3.22110447,6.05249975,,4.54242205,2.73692778,1.0,9.72,,4.64,1.62471894,5.29376958,,7.208,29.117474,0.36072645,108.98,2.26000006,6.03599328,2.40006211,0.11117659,,9.7,0.545215,
2015-04-30,10.666656,2.23591641,3.13333018,17.4,1.24395491,2.32,15.86605508,3.22110447,6.25,,4.18181617,2.81762344,1.0,9.84,,4.89,1.67360767,5.44502014,,7.208,29.152597,0.37236278,109.49,2.40000006,6.38999289,2.52241821,0.11372561,,10.15,0.553869,
2015-05-03,10.666656,2.26613149,3.19999678,17.68,1.21987837,2.3,15.68041934,3.22110447,6.13,,4.72424015,2.76382634,1.0,9.85,,4.8,1.67916324,5.46828946,,7.44,28.62223,0.37236278,111.0,2.45000007,6.41399286,2.52241821,0.11137267,,9.9,0.571177,
2015-05-04,10.666656,2.20570132,3.09999688,17.299999,1.21185285,2.27,15.89506009,3.13851204,6.11250025,,4.72424015,2.87142055,1.0,9.7,,4.94,1.68610767,5.50319343,,7.32,28.660866,0.36072645,113.0,2.40000006,6.17999312,2.53183022,0.11078443,,9.82,0.562523,
2015-05-05,10.666656,2.32354016,3.13333018,17.5,1.21827326,2.3,16.19961844,3.20458598,6.005,,4.72424015,2.91849302,1.0,9.85,,5.45,1.73610754,5.6971044,,7.592,29.503833,0.37236278,113.9,2.45000007,6.35999292,2.67301035,0.11274522,,10.15,0.562523,
2015-05-06,10.666656,2.25404546,3.10333014,17.65,1.22790388,2.3,16.2576299,3.13851204,6.30000025,,4.72424015,2.92521765,1.0,9.84,,5.25,1.74305197,5.79793811,,7.688,29.855069,0.37624156,111.1,2.58600007,6.26999302,2.72007039,0.10882365,,10.25,0.571177,
2015-05-07,10.5333228,2.28728205,3.06666358,17.6,1.21024775,2.28,16.01108301,3.21928744,6.63749975,,4.66666442,2.89159446,1.0,9.79,,5.15,1.72221868,5.79793811,,7.8,31.400509,0.37236278,110.99,2.58600007,6.37199291,2.66359834,0.11000012,,10.1,0.571177,
2015-05-10,10.5333228,2.28123904,3.06666358,17.6,1.21345796,2.25,16.24312739,3.21928744,6.82499975,,4.54545235,2.8108988,1.0,9.58,,5.12,1.74138528,5.70098262,,7.688,28.811898,0.368484,110.0,2.46000007,6.21599308,2.70124637,0.11215698,,9.98,0.562523,
2015-05-11,10.5333228,2.27821753,3.04066367,17.700001,1.19740692,2.25,16.21992235,3.13851204,6.76249975,,4.54545235,2.78400025,1.0,9.4,,5.13,1.69860768,5.66995687,,7.72,28.818924,0.368484,110.0,2.50000007,6.08999322,2.68242236,0.10450992,,9.96,0.562523,
2015-05-12,10.5333228,2.27821753,3.03399681,17.51,1.15888445,2.15,16.17931482,3.22110447,7.225,,4.30302823,2.71675387,1.0,9.12,,5.1,1.67944097,5.64280933,,7.912,28.818924,0.36460522,108.12,2.56000007,6.0179933,2.60712629,0.10431384,,9.82,0.562523,
2015-05-13,10.68332265,2.22080886,3.00666351,17.51,1.16851507,2.08,16.35915031,3.22110447,7.44750025,,4.30302823,2.69657995,1.0,9.05,,5.12,1.69416324,5.7164955,,8.008,28.804874,0.368484,108.1,2.46600007,5.82599352,2.54124223,0.09960795,,10.0,0.562523,
2015-05-14,10.3999896,2.11505606,3.00066351,17.299999,1.07541909,2.0,16.24312739,3.20871561,7.01499975,,4.30302823,2.62260893,1.0,8.25,,5.15,1.65277438,5.52646275,,7.92,29.152597,0.35684767,103.57,2.45400007,5.54999383,2.42829813,0.09705893,,9.5,0.553869,
2015-05-17,10.14998985,2.14224964,3.03333028,16.549999,1.03529151,1.97,15.96757405,3.36977083,6.77750025,,4.28484642,2.4948408,1.0,7.95,,5.32,1.5986078,5.40623794,,7.92,28.485248,0.34133255,102.0,2.31000006,5.45999393,2.35300207,0.10137266,,9.0,0.53656,
2015-05-18,10.2666564,2.2328949,3.11333027,17.0,1.02566089,1.87,16.1300059,3.46888174,7.0,,4.39090697,2.42086978,1.0,8.06,,5.59,1.59777449,5.35194287,,7.52,28.485248,0.33745377,103.0,2.32000006,5.59799377,2.36241407,0.10117658,,8.9,0.553869,
2015-05-19,10.7333226,2.28123904,3.19933025,16.780001,1.182961,2.12,16.93636058,3.46888174,6.80499975,,4.39090697,2.75037706,1.0,9.0,,5.31,1.75777414,6.00348374,,7.984,28.801361,0.38399912,113.1,2.42800007,6.23999306,2.69183436,0.1092158,,10.16,0.579831,
2015-05-20,10.47065619,2.26613149,3.06666358,17.200001,1.10591605,2.0,16.70721617,3.55147416,6.76249975,,4.61817959,2.66295676,1.0,8.34,,5.2,1.70444097,5.70873906,,7.92,28.804874,0.38012034,110.1,2.49600007,6.2039931,2.58830227,0.10588247,,9.91,0.545215,
2015-05-21,10.5333228,2.24498093,3.06599705,17.0,1.12196708,1.96,16.65500611,3.55147416,6.875,,4.54545235,2.82434808,1.0,8.65,,5.45,1.72221868,5.91040648,,8.24,28.804874,0.39175668,112.0,2.50000007,6.56999269,2.66359834,0.10764717,,10.0,0.553869,
2015-05-24,10.5333228,2.20872283,3.09999688,16.719999,1.16369976,2.0,16.7101176,3.5597334,6.88250025,,4.54545235,3.01936259,1.0,8.71,,5.16,1.77777412,5.97633621,,8.12,28.801361,0.40727179,110.03,2.41200006,6.58199268,2.77654244,0.10980404,,10.1,0.562523,
2015-05-25,10.666656,2.22383037,3.1079968,16.959999,1.18777631,2.04,16.82323909,3.5597334,6.875,,4.54545235,3.03281187,1.0,8.94,,5.12,1.73805198,6.20515116,,8.0,28.453638,0.41115057,111.2,2.40000006,6.51599275,3.00243064,0.1101962,,10.28,0.553869,
2015-05-26,10.666656,2.20872283,3.09999688,17.0,1.29050291,2.02,16.6201997,3.41932628,6.8725,,4.54545235,3.02608723,1.0,8.84,,5.44,1.72221868,6.19739472,,8.0,29.152597,0.40339301,109.15,2.40000006,6.39599288,2.9647826,0.10784325,,10.05,0.553869,
2015-05-27,10.6006554,2.20872283,3.09999688,16.5,1.38038868,2.01,16.39105529,3.55064824,6.82499975,,4.32121004,3.04626114,1.0,8.85,,5.39,1.73694085,6.19739472,,7.84,28.804874,0.40727179,110.85,2.40200006,6.52799274,2.9647826,0.10588247,,10.12,0.553869,
2015-05-28,10.6999893,2.19361529,3.07333011,16.75,1.36594275,2.07,16.30403883,3.55163918,6.80000025,,4.32121004,2.96556548,1.0,8.51,,5.25,1.75277412,6.06941347,,7.84,28.822434,0.39563546,107.31,2.31000006,6.52199274,2.88948654,0.10588247,,9.96,0.553869,
2015-06-02,11.333322,2.09994852,3.09999688,16.68,1.29531821,2.02,16.24312739,3.55130914,7.0025,,4.32121004,2.86469591,1.0,8.34,,5.0,1.68610767,5.95306689,,7.76,28.836484,0.38012034,103.95,2.24400006,6.50999276,2.89889855,0.10215697,,9.43,0.545215,
2015-06-03,11.333322,2.11505606,3.09999688,16.889999,1.31136925,2.04,16.53318324,3.55130914,7.0,,4.32121004,2.90504374,1.0,8.81,,5.0,1.69610765,5.99184908,,7.76,28.485248,0.3878779,104.25,2.24400006,6.70199254,2.93654658,0.10215697,,9.71,0.545215,
2015-06-04,11.333322,2.09994852,3.0766637,16.49,1.27926718,2.08,16.62890225,3.54288453,7.0,,4.32121004,2.82434808,1.0,8.56,,4.81,1.71082982,5.96857977,,7.76,28.847021,0.38399912,105.25,2.30200006,6.53999272,2.91772256,0.10196089,,9.93,0.53656,
2015-06-07,10.9333224,2.08484097,3.06666358,16.48,1.28729286,2.04,16.41716032,3.5351207,6.755,,4.2545434,2.77055097,1.0,8.55,,5.0,1.67499653,5.81732921,,7.68,28.502811,0.37624156,103.06,2.20000006,6.50999276,2.86125051,0.10196089,,9.5,0.53656,
2015-06-08,10.5333228,2.06973343,3.12999692,16.68,1.25198043,2.1,16.53318324,3.53462529,6.775,,4.2545434,2.77727561,1.0,8.520001,,5.1,1.67416323,5.81732921,,7.6,28.625743,0.37236278,103.5,2.26600006,6.3779929,2.79536645,0.10176481,,9.43,0.545215,
2015-06-09,10.7999892,2.05462589,3.13199685,16.5,1.20382734,2.03,16.53318324,3.53462529,6.8525,,4.09696772,2.68313068,1.0,8.3,,5.0,1.67221881,5.70098262,,7.72,28.801361,0.36072645,103.4,2.26600006,6.25799304,2.67301035,0.1009805,,9.15,0.545215,
2015-06-10,10.7999892,2.08484097,3.13333018,16.299999,1.26803146,2.08,16.82323909,3.46888174,6.88749975,,4.15151315,2.73692778,1.0,8.32,,4.76,1.68166324,5.90652826,,7.712,28.625743,0.368484,105.05,2.20200006,6.35999292,2.77654244,0.09843148,,9.35,0.53656,
2015-06-11,10.7999892,1.96398063,3.12866352,16.01,1.24716512,2.07,16.939262,3.46970766,6.99249975,,4.09393742,2.62260893,1.0,8.23,,4.76,1.63055223,5.71261728,,7.44,28.450125,0.36072645,105.34,2.33800006,6.32999296,2.63536231,0.09784324,,8.89,0.53656,
2015-06-14,10.7999892,1.99419571,3.09999688,16.0,1.24556002,2.09,17.00597456,3.53330365,6.75,,4.4424221,2.66295676,1.0,8.29,,4.88,1.61944109,5.68159153,,7.44,28.098889,0.36072645,105.1,2.22000006,6.59999266,2.62595031,0.09705893,,8.95,0.53656,
2015-06-15,10.7999892,2.01232477,3.12999692,15.35,1.20061713,2.05,16.82613906,3.46888174,6.9625,,4.39393727,2.65623212,1.0,8.19,,4.67,1.63055223,5.52646275,,7.44,28.098889,0.34521133,105.0,2.20000006,6.41999286,2.58830227,0.09509814,,8.8,0.53656,
2015-06-16,10.7999892,2.01836778,3.13133025,15.5,1.20382734,2.07,16.91605696,3.46888174,7.0,,4.36060396,2.66295676,1.0,8.19,,4.67,1.60360782,5.56524494,,7.2160008,28.098889,0.34909011,104.02,2.20000006,6.53999272,2.63536231,0.09509814,,8.69,0.527906,
2015-06-17,10.7006553,2.08181947,3.19266339,15.49,1.21506306,2.09,16.91025555,3.46888174,7.0,,4.36060396,2.71002923,1.0,8.21,,4.75,1.61388552,5.6156618,,7.48,28.573057,0.35296889,104.15,2.25000006,6.38999289,2.67301035,0.09784324,,8.85,0.53656,
2015-06-18,10.82065584,2.03045382,3.15133016,15.15,1.19901203,2.1,16.81163656,3.55147416,7.125,,3.95151325,2.75037706,1.0,8.25,,4.8,1.63888552,5.53034097,,7.44,28.678429,0.35296889,104.05,2.25000006,6.53999272,2.63536231,0.0982354,,8.99,0.53656,
2015-06-21,10.82065584,2.01534627,3.13333018,15.01,1.19580182,2.11,16.72172012,3.55147416,7.4975,,3.93939204,2.71675387,1.0,8.29,,4.8,1.6261078,5.56912316,,7.352,29.855069,0.34909011,103.02,2.25000006,6.59999266,2.63536231,0.09843148,,9.2,0.53656,
2015-06-22,10.7999892,1.96700214,3.13333018,14.51,1.1861712,2.1,16.7391226,3.55147416,7.275,,4.0606041,2.66295676,1.0,8.16,,4.65,1.6111078,5.51094987,,7.2,29.152597,0.34521133,103.0,2.20000006,6.29999299,2.6165383,0.09568638,,9.05,0.527906,
2015-06-23,10.7999892,1.93376554,3.11666353,15.0,1.12838749,2.05,16.82323909,3.55147416,7.5,,4.21211918,2.62260893,1.0,8.0,,4.69,1.59721894,5.3984815,,7.192,28.625743,0.34133255,101.1,2.24000006,6.29999299,2.54124223,0.0954903,,8.89,0.527906,
2015-06-24,10.7999892,2.00628175,3.08333023,14.52,1.13801811,2.08,16.86964802,3.5597334,7.2875,,4.14848285,2.61588429,1.0,8.12,,4.3,1.59721894,5.42562904,,7.12,29.15611,0.34133255,101.89,2.20200006,6.32999296,2.55065424,0.09862756,,8.88,0.53656,
2015-06-25,10.7999892,1.85822782,2.99999698,14.55,1.09949563,2.05,16.80873658,3.55147416,7.25,,3.93939204,2.57553646,1.0,8.0,,4.21,1.55694122,5.34418643,,7.0,28.801361,0.32969621,101.01,2.20000006,6.29999299,2.5035942,0.09509814,,8.9,0.527906,
2015-06-28,10.7999892,1.88844291,2.9826638,14.65,1.17012017,2.08,16.82323909,3.5509786,7.35,,3.93939204,2.65623212,1.0,8.15,,4.5,1.63888552,5.43338548,,6.92,29.855069,0.34133255,106.0,2.20200006,6.13199318,2.57889026,0.09803932,,9.2,0.53656,
2015-06-29,10.8999891,1.88844291,2.89333055,14.66,1.17493548,2.05,16.67821116,3.46888174,7.2525,,3.96060415,2.59571038,1.0,8.2,,4.31,1.6111078,5.42950726,,6.96,29.152597,0.35296889,104.0,2.10200006,6.47999279,2.58830227,0.09784324,,9.09,0.545215,
2015-07-02,10.89532177,1.93376554,2.85333039,15.05,1.12357218,1.95,16.34754779,3.46888174,7.255,,4.04545259,2.60243502,1.0,8.05,,4.15,1.59999666,5.2976478,,6.72,28.664379,0.33745377,102.25,2.10000006,6.29999299,2.52241821,0.0945099,,8.85,0.53656,
2015-07-05,10.89532177,1.90355045,2.8806637,14.75,1.15888445,1.98,16.35915031,3.5503177,7.25,,3.99393747,2.62260893,4.08,8.26,,4.06,1.57721895,5.38684685,,6.6,29.855069,0.34909011,103.0,2.10000006,6.15599315,2.56947826,0.09392167,,8.9,0.53656,
2015-07-06,10.1666565,1.78269011,2.99199705,14.4,1.11554667,1.87,15.95307155,3.54932675,7.2525,,4.20908888,2.43431906,3.75,8.08,,3.87,1.49999692,5.00290312,,6.576,28.457149,0.32581743,103.0,2.09800006,5.99399333,2.49418219,0.09372559,,8.5,0.53656,
2015-07-07,10.89532177,1.87333537,2.81866376,14.6,1.0818395,1.83,15.37585983,3.54899655,7.5,,4.36363426,2.41414514,3.55,8.04,,4.0,1.4722192,4.72754954,,6.4,28.450125,0.31805988,100.1,2.10000006,5.87999346,2.42829813,0.09039225,,8.2,0.545215,
2015-07-08,9.99999,1.84312028,2.73333058,14.98,1.02726599,1.8,15.37295985,3.46888174,7.0,,3.95454355,2.42086978,3.47,7.89,,4.14,1.41499706,4.59569007,,6.384,29.855069,0.31805988,100.0,2.09600006,5.63999372,2.37182608,0.08843147,,7.98,0.53656,
2015-07-09,10.66532267,1.8159267,2.62599729,14.5,1.05294764,1.77,14.64782024,3.38628931,7.125,,4.23030099,2.37379732,3.3,7.73,,3.7,1.36749719,4.4017791,,6.288,28.520371,0.31030232,98.5,2.00000005,5.64599372,2.30594202,0.08882362,,7.75,0.519252,
2015-07-12,10.666656,1.84312028,2.58333073,14.52,1.04010682,1.8,15.22793193,3.39223597,7.125,,4.23030099,2.38724659,3.29,7.8,,3.71,1.41666376,4.65386337,,6.4,29.855069,0.3141811,100.0,1.98000005,5.78999356,2.35300207,0.08823539,,7.97,0.527906,
2015-07-13,10.666656,1.8159267,2.53999731,14.5,1.02726599,1.78,15.34395485,3.30369689,7.04,,4.23030099,2.36034804,3.4,7.86,,3.61,1.33333059,4.5220039,,6.672,29.503833,0.31805988,100.0,2.00000005,5.71199424,2.34359006,0.087255,,7.65,0.527906,
2015-07-14,10.666656,1.84312028,2.53333078,14.52,1.05134254,1.79,15.23083191,3.30369689,7.085,,4.31817974,2.32672485,3.39,7.88,,3.47,1.33471945,4.39014444,,6.48,29.679451,0.3141811,99.870003,2.00000005,5.96999336,2.25888198,0.0862746,,7.5,0.527906,
2015-07-15,10.666656,1.85822782,2.63933068,14.55,1.11554667,1.82,15.51798778,3.30369689,7.25,,4.23030099,2.41414514,3.5,7.88,,3.5,1.36110831,4.56466432,,6.736,29.503833,0.3141811,98.0,2.05000006,6.26999302,2.30594202,0.08549029,,7.8,0.527906,
2015-07-16,10.666656,1.88844291,2.59999738,14.72,1.13801811,1.87,15.74133078,3.38628931,7.42500025,,4.34848275,2.48811617,3.55,8.1,,3.61,1.38916376,4.66161981,,6.88,28.502811,0.33745377,100.0,2.05000006,6.29999299,2.3906501,0.0890197,,7.99,0.545215,
2015-07-21,10.666656,1.86729235,2.59933085,15.0,1.10591605,1.92,15.95887266,3.38628931,7.5025,,3.96969506,2.44776834,3.55,8.06,,3.57,1.39027489,4.84389612,,6.8,28.502811,0.33357499,100.01,1.96200005,6.47999279,2.46594617,0.08784323,,8.2,0.562523,
2015-07-22,10.7333226,1.87635688,2.59999738,15.0,1.07381398,1.88,16.08069583,3.38628931,7.5,,4.0606041,2.45449297,3.48,8.0,,3.58,1.4027749,4.7197931,,6.96,28.804874,0.32969621,100.99,2.05000006,6.31199298,2.44712215,0.09392167,,8.13,0.553869,
2015-07-26,10.7333226,1.96398063,2.62666416,15.06,1.09147012,1.95,15.98497798,3.38794132,7.5,,4.0606041,2.50156544,3.5,8.01,,3.82,1.41638603,4.75081885,,6.96,28.808385,0.33745377,100.0,2.04000005,6.24599305,2.42829813,0.09313735,,8.31,0.562523,
2015-07-27,10.7339886,1.88844291,2.59999738,15.02,1.04492213,1.92,15.97917657,3.51017795,7.5025,,4.03030109,2.50829008,3.45,7.9,,3.52,1.36110831,4.53751678,,6.8,28.625743,0.32193866,101.0,2.04000005,6.23999306,2.24946998,0.08862755,,7.9,0.553869,
2015-07-28,10.7999892,1.90355045,2.63199735,15.0,1.01121496,1.89,15.96177293,3.38661968,7.5025,,4.09090712,2.53518863,3.43,7.88,,3.45,1.31277502,4.39402266,,6.944,28.804874,0.3141811,100.0,2.10000006,6.14999316,2.22123395,0.08960794,,7.85,0.553869,
2015-07-29,10.9333224,1.918658,2.5826642,15.48,1.12967157,1.93,16.14160843,3.4028078,7.61250025,,4.09090712,2.62260893,3.56,8.0,,3.59,1.34721945,4.59569007,,6.76,29.503833,0.32581743,101.9,2.05200006,6.41999286,2.30594202,0.0917648,,8.1,0.545215,
2015-07-30,10.9333224,1.93980856,2.56666408,15.79,1.24042369,1.97,16.27503383,3.4028078,8.0024995,,4.2424222,2.62260893,3.54,7.98,,3.61,1.39638602,4.85777398,,6.8,28.836484,0.32969621,107.5,2.04400006,6.15599315,2.32476604,0.0917648,,8.13,0.545215,
2015-08-02,10.9333224,1.91563649,2.53999731,16.0,1.2514989,1.99,16.18511593,3.43749677,8.69999975,,4.2424222,2.62933357,3.48,7.99,,3.9,1.39721932,4.87999619,,6.8,29.855069,0.34133255,109.26,2.04400006,6.23399306,2.36241407,0.0945099,,8.25,0.545215,
2015-08-03,10.93198907,1.91563649,2.50066402,16.049999,1.17674122,1.94,16.17641455,3.50191871,8.2524995,,3.98484656,2.66295676,3.41,7.95,,3.8,1.36110831,4.76444072,,6.6160008,28.836484,0.33357499,110.0,2.04400006,6.20999309,2.32476604,0.08686284,,8.3,0.545215,
2015-08-04,10.667322,1.91563649,2.46733072,16.1,1.17674122,1.97,16.06909447,3.54321492,8.875,,4.23939189,2.67640604,3.43,8.0,,3.89,1.34721945,4.82221845,,6.6160008,28.88917,0.33745377,109.5,2.04000005,6.28199301,2.35300207,0.09294128,,8.38,0.545215,
2015-08-05,10.667322,1.918658,2.49999748,16.15,1.17674122,1.98,16.18511593,3.63406659,8.92500025,,4.23333129,2.68313068,3.41,7.96,,3.76,1.37805275,4.79555181,,6.8,28.88917,0.34133255,109.01,2.01400005,6.35999292,2.37182608,0.09117657,,8.46,0.53656,
2015-08-09,10.6999893,1.84009877,2.49999748,16.6,1.11582756,1.96,15.86605508,3.63406659,8.585,,4.21211918,2.55536255,3.28,7.91,,3.8,1.33333059,4.67999634,,6.864,28.839997,0.33357499,109.0,2.01400005,6.32999296,2.36241407,0.08843147,,8.4,0.53656,
2015-08-10,10.6999893,1.81290519,2.44333101,16.0,1.05214509,1.9,15.88055759,3.63406659,8.585,,3.97272536,2.58898574,3.05,8.0,,3.84,1.29860844,4.57332976,,6.784,28.871607,0.32581743,107.5,2.01400005,6.35999292,2.24005797,0.09019617,,8.07,0.53656,
2015-08-11,10.70332263,1.81290519,2.46066419,16.0,1.11305876,1.94,15.94146902,3.78273293,8.505,,3.97272536,2.59571038,3.15,8.09,,3.85,1.3274973,4.62221861,,6.92,29.855069,0.32969621,107.55,1.83200005,6.41999286,2.34359006,0.08705892,,8.29,0.53656,
2015-08-12,10.6999893,1.77060407,2.46799752,16.0,1.09090833,1.91,15.70362323,3.68362202,8.505,,4.18181617,2.54863791,3.06,8.0,,3.6,1.27221958,4.55555199,,6.84,29.855069,0.32193866,107.5,1.90200005,6.35999292,2.277706,0.087255,,8.2,0.53656,
2015-08-13,10.667322,1.73736748,2.44399754,15.55,1.07983312,1.88,15.6630157,3.68362202,8.5,,3.98484656,2.54191327,2.95,7.94,,3.5,1.22221971,4.46666318,,6.88,29.855069,0.32193866,105.02,1.85000005,6.44999282,2.29653002,0.08647068,,8.01,0.53656,
2015-08-16,10.70332263,1.73132446,2.44066428,15.76,1.02445706,1.86,15.52088776,3.68362202,8.0625,,4.19696767,2.54191327,2.9,7.85,,3.42,1.19444199,4.44444097,,6.28,29.855069,0.31805988,103.03,1.90000005,6.30599298,2.28711801,0.08666676,,7.94,0.53656,
2015-08-17,10.67332332,1.71923843,2.40066412,15.5,0.96908101,1.78,15.08290401,3.41932628,8.3725005,,4.18787677,2.40069587,2.79,7.54,,3.34,1.13916427,4.15999675,,6.24,29.855069,0.31030232,102.0,1.91600005,6.02999329,2.15534989,0.08803931,,7.47,0.53656,
2015-08-18,10.667322,1.67693731,2.39999758,15.5,0.94969939,1.78,14.96688109,3.55147416,8.125,,4.12121013,2.48139153,2.8,7.7,,3.35,1.17833086,4.14221898,,6.432,29.855069,0.31030232,102.21,1.98000005,6.11999319,2.13652588,0.0862746,,7.51,0.545215,
2015-08-19,10.667322,1.61046411,2.39999758,15.5,0.91370495,1.72,14.53179732,3.55147416,7.8125,,4.09090712,2.3536234,2.64,7.43,,3.06,1.1461087,3.97333023,,6.4,29.855069,0.29866598,101.0,1.98000005,5.81999352,2.04240579,0.08960794,,7.26,0.527906,
2015-08-20,10.66798933,1.55909847,2.38399747,15.0,0.88878572,1.68,13.86466916,3.31641613,7.75,,4.09090712,2.29982629,2.55,7.4,,3.01,1.16666427,4.02666352,,6.392,29.855069,0.29090842,99.019997,1.86000005,5.78999356,1.99534575,0.08862755,,7.3,0.527906,
2015-08-23,10.1666565,1.52284036,2.35999776,14.5,0.84448488,1.61,13.6297248,3.31641613,7.5,,3.96969506,2.25275383,2.27,7.32,,2.86,1.15833098,3.91999694,,6.0,29.855069,0.27539331,97.0,1.83800005,5.4839939,1.91063768,0.08843147,,7.0,0.519252,
2015-08-24,10.2666564,1.51377584,2.29933115,13.39,0.79741523,1.5,13.04961311,3.33673386,7.875,,4.17878586,2.07118859,2.27,6.64,,2.72,1.07527554,3.60888607,,6.0,29.855069,0.25599941,96.0,1.83800005,5.34599405,1.78828157,0.08921578,,6.81,0.501944,
2015-08-25,10.67332332,1.50471131,2.20066432,13.98,0.70050713,1.42,13.34256893,3.30353187,8.125,,3.63636188,1.97031902,2.15,6.48,,2.55,1.05805338,3.47555284,,5.92,29.855069,0.25599941,90.0,1.83800005,5.33999406,1.72239751,0.08941186,,6.7,0.493289,
2015-08-26,10.67332332,1.5349264,2.26666439,14.0,0.76142079,1.52,13.95168563,3.22457352,7.875,,3.63636188,2.01739149,2.17,6.69,,2.7,1.07499782,3.68444156,,6.048,29.855069,0.26375697,90.0,1.80000005,5.39999399,1.85416563,0.08882362,,6.91,0.510598,
2015-08-27,10.666656,1.56816299,2.26666439,13.94,0.772496,1.59,14.23014011,3.3053489,8.7475005,,3.96969506,2.09808715,2.22,6.71,,2.65,1.10555326,3.77777483,,6.12,29.855069,0.26763575,90.050003,1.85000005,5.41199458,1.92946169,0.09705893,,7.11,0.510598,
2015-08-30,10.666656,1.54701243,2.26666439,13.94,0.7752648,1.63,14.21273647,3.30369689,7.75,,3.81817998,2.08463787,2.43,6.86,,2.75,1.14583098,3.81777479,,6.48,29.855069,0.27151453,91.110001,1.80000005,5.41199458,1.92946169,0.10156874,,7.2,0.527906,
2015-08-31,10.6999893,1.52586187,2.26599785,13.5,0.74480797,1.55,13.92268062,3.30369689,8.0,,4.10605863,2.01739149,2.48,6.85,,2.7,1.10333109,3.6666638,,6.64,29.328215,0.25987819,92.25,1.71600005,5.42999396,1.87298964,0.10313737,,7.06,0.519252,
2015-09-01,10.6999893,1.54096942,2.31333107,13.9,0.78910882,1.64,14.36066437,3.35325234,8.0,,4.10605863,2.13171034,2.57,6.92,,2.75,1.17916427,3.85333032,,6.64,29.328215,0.27539331,95.0,1.76000005,5.96999336,2.00475776,0.10039226,,7.46,0.527906,
2015-09-02,10.6999893,1.52586187,2.34066438,13.9,0.74757678,1.62,13.99519458,3.38628931,7.995,,3.82121028,2.16533353,2.48,6.84,,2.66,1.14083099,3.73333042,,6.6,29.855069,0.26763575,92.120003,1.72000005,5.99399333,1.90122567,0.10392168,,7.23,0.527906,
2015-09-03,10.666656,1.57722752,2.34066438,13.89,0.78910882,1.71,14.28235045,3.35490435,8.01249975,,4.01514958,2.21913063,2.57,7.06,,2.72,1.15277541,3.82221923,,6.72,29.855069,0.27539331,93.099998,1.76400005,5.99999332,1.94828571,0.10529423,,7.37,0.527906,
2015-09-06,10.666656,1.57722752,2.34666437,13.4,0.77803361,1.67,14.35776439,3.40412927,8.0,,4.01514958,2.212406,2.55,7.04,,2.8,1.16388655,3.70666377,,6.784,29.855069,0.26763575,92.25,1.76400005,5.95199338,1.91063768,0.10764717,,7.5,0.527906,
2015-09-07,10.7999892,1.61952864,2.37266428,12.6,0.77803361,1.65,14.50279232,3.42147368,7.9975,,4.01514958,2.16533353,2.55,7.01,,2.78,1.13888655,3.71110821,,6.72,29.872632,0.27151453,93.0,1.73000005,5.96999336,1.91063768,0.11313738,,7.6,0.527906,
2015-09-08,10.7999892,1.55607696,2.31666433,12.41,0.75588318,1.56,14.29975293,3.40412927,7.875,,3.93939204,2.08463787,2.36,6.82,,2.72,1.08333111,3.55110834,,6.56,29.855069,0.25599941,89.199997,1.70000005,5.87999346,1.83534161,0.10431384,,7.2,0.501944,
2015-09-09,10.666656,1.5349264,2.3199976,12.47,0.74203917,1.57,14.44478086,3.40958038,8.0,,3.87878601,2.07118859,2.39,6.76,,2.58,1.06888669,3.59999719,,6.568,29.855069,0.25599941,86.949997,1.68600005,5.75999359,1.8165176,0.11117659,,7.1,0.510598,
2015-09-10,10.7333226,1.53190489,2.3199976,11.55,0.71988875,1.53,14.27944931,3.40991058,8.005,,3.87878601,2.03084076,2.37,6.75,,2.51,1.05416453,3.55555278,,6.56,29.855069,0.25212063,85.5,1.79000005,5.83199351,1.80710559,0.10588247,,7.05,0.510598,
2015-09-13,10.667322,1.53190489,2.33333098,12.79,0.71711994,1.56,14.15762615,3.41750924,8.25,,4.16666466,2.05101468,2.35,6.76,,2.5,1.0347201,3.58666386,,6.88,29.855069,0.25212063,85.199997,1.75800005,5.76599358,1.78828157,0.10627462,,6.85,0.510598,
2015-09-14,10.667322,1.52888338,2.3533309,12.25,0.72542635,1.54,14.53179732,3.4194913,8.3175,,4.16666466,2.04429004,2.4,6.82,,2.49,1.06416451,3.5688861,,6.888,29.328215,0.25599941,86.0,1.75800005,5.87999346,1.80710559,0.10784325,,6.9,0.519252,
2015-09-15,10.667322,1.55607696,2.31066434,12.15,0.72542635,1.62,14.79284816,3.41965665,8.3175,,4.16666466,2.09136251,2.4,6.81,,2.53,1.07694223,3.67999712,,6.88,28.811898,0.25987819,89.0,1.70600005,5.78399356,1.84475362,0.10509815,,7.05,0.510598,
2015-09-16,10.666656,1.56211998,2.28399757,12.1,0.7752648,1.67,14.90306967,3.46888174,8.3125,,4.16666466,2.1249857,2.4,6.8,,2.63,1.08860885,3.66221936,,6.88,29.855069,0.26375697,89.0,1.71200005,5.71199424,1.86357764,0.10411776,,7.04,0.510598,
2015-09-17,10.7333226,1.55607696,2.33266445,12.9,0.74757678,1.63,14.86536212,3.42015221,8.495,,4.19696767,2.10481178,2.38,7.34,,2.76,1.10805325,3.70221933,,6.88,29.855069,0.26375697,90.0,1.71000005,5.83199351,1.86357764,0.10431384,,7.04,0.510598,
2015-09-20,10.666656,1.52586187,2.36666428,12.01,0.74757678,1.6,14.93787608,3.42015221,8.125,,4.03030109,2.04429004,2.38,7.1,,2.95,1.08471997,3.67110824,,6.88,29.855069,0.25987819,88.18,1.71000005,5.95799337,1.83534161,0.10764717,,6.86,0.484635,
2015-09-21,10.666656,1.54096942,2.59999738,11.65,0.83617847,1.59,15.08290401,3.46888174,8.1274995,,4.03030109,2.09136251,2.38,7.05,,2.95,1.11555326,3.68444156,,6.64,29.855069,0.26375697,88.949997,1.71000005,5.99999332,1.8259296,0.10392168,,6.9,0.493289,
2015-09-22,10.666656,1.54096942,2.46733072,12.0,0.84725368,1.6,15.34395485,3.50191871,8.0825005,,4.09090712,2.11153642,2.39,7.05,,3.1,1.13888655,3.68888601,,6.56,29.858582,0.26763575,89.0,1.71000005,5.99999332,1.85416563,0.10392168,,6.9,0.501944,
2015-09-28,10.666656,1.54399092,2.46666418,11.8,0.81402805,1.58,15.16992047,3.46888174,8.09249975,,4.0575738,2.13843498,2.38,7.08,,3.08,1.12944212,3.61777495,,6.68,29.855069,0.26375697,89.0,1.60600004,6.06599325,1.84475362,0.10352952,,6.96,0.501944,
2015-09-29,10.666656,1.51981885,2.43733095,12.0,0.81125924,1.58,15.52088776,3.46888174,8.125,,4.0575738,2.11153642,2.4,7.06,,3.12,1.12833099,3.6444416,,6.552,29.855069,0.27539331,88.5,1.65200004,6.09599322,1.86357764,0.10392168,,6.86,0.501944,
2015-09-30,10.666656,1.52284036,2.35666416,12.0,0.80295283,1.61,15.51798778,3.32021537,8.3374995,,4.0575738,2.07791323,2.42,7.0,,3.14,1.1166644,3.63555271,,6.424,29.855069,0.27151453,87.099998,1.62000004,6.09599322,1.86357764,0.09901971,,6.84,0.493289,
2015-10-01,10.666656,1.51075433,2.33199765,12.0,0.80018403,1.62,15.37295985,3.46888174,8.25,,3.82121028,2.07791323,2.4,6.99,,3.05,1.11110883,3.61333051,,6.544,29.855069,0.27151453,86.669998,1.60000004,6.0179933,1.90122567,0.09862756,,6.85,0.493289,
2015-10-04,10.666656,1.50773282,2.26733092,11.53,0.78910882,1.64,15.37295985,3.55147416,8.1274995,,3.94242234,2.09136251,2.4,6.99,,3.0,1.11083111,3.61333051,,6.488,28.976979,0.27151453,86.300003,1.47200004,5.93999339,1.89181366,0.09764716,,6.82,0.493289,
2015-10-05,10.666656,1.49262528,2.26266432,10.2,0.7752648,1.63,15.22793193,3.46888174,8.0,,4.09090712,2.09808715,2.32,6.86,,3.0,1.08333111,3.58221942,,6.32,28.980492,0.26375697,85.989998,1.60000004,5.99999332,1.87298964,0.09803932,,6.75,0.475981,
2015-10-07,10.666656,1.50773282,2.31666433,11.5,0.78080241,1.65,15.29174451,3.50191871,8.25,,4.12121013,2.07791323,2.33,6.92,,3.1,1.08888668,3.55555278,,6.384,30.381923,0.26763575,84.120003,1.56200004,6.20999309,1.87298964,0.09960795,,6.71,0.484635,
2015-10-08,10.666656,1.5349264,2.3199976,11.1,0.8638665,1.71,15.58470062,3.50191871,8.25,,4.19696767,2.09808715,2.34,7.05,,3.08,1.11027552,3.6666638,,6.32,29.855069,0.28315087,84.75,1.57000004,6.05999326,1.94828571,0.10176481,,6.85,0.484635,
2015-10-11,10.667322,1.55305545,2.32933092,11.98,1.00507544,1.81,15.9298665,3.4028078,8.3999995,,4.2424222,2.11826106,2.4,7.1,,3.15,1.12499769,3.75555262,,6.48,29.855069,0.30254476,85.559998,1.56000004,6.47999279,1.96710973,0.10156874,,6.9,0.484635,
2015-10-12,10.62665537,1.58024903,2.05933119,11.8,1.02445706,1.89,15.92696652,3.50191871,8.25,,4.30302823,2.1787828,2.53,7.14,,3.14,1.13888655,3.92444138,,6.52,29.855069,0.29866598,86.629997,1.58800004,6.59999266,2.02358178,0.10294129,,6.96,0.484635,
2015-10-13,10.333323,1.59233506,1.99999799,11.91,0.99676903,1.92,15.9965805,3.41222349,8.25,,4.30302823,2.15188425,2.72,7.09,,3.12,1.15277541,3.83110812,,6.72,29.855069,0.2947872,87.510002,1.54000004,6.44999282,2.02358178,0.10725502,,7.0,0.484635,
2015-10-15,10.333323,1.61650713,1.98466467,11.66,1.00507544,1.92,16.02558551,3.46888174,8.255,,4.35454335,2.38052195,2.71,7.08,,3.15,1.19444199,3.84444144,,6.56,29.858582,0.29866598,87.019997,1.45200004,6.50999276,2.02358178,0.10725502,,6.98,0.484635,
2015-10-18,10.30265569,1.5711845,2.00866458,11.86,0.98292502,1.87,15.56149673,3.33689888,8.255,,4.37575547,2.29310166,2.61,7.01,,2.9,1.1586087,3.75555262,,7.16,29.872632,0.29090842,86.779999,1.43800004,6.35999292,2.02358178,0.10196089,,6.9,0.484635,
2015-10-19,10.37398962,1.59535657,1.99999799,12.3,1.00507544,1.92,15.6630157,3.45236325,8.25,,4.36363426,2.28637702,2.63,7.01,,2.93,1.16666427,3.79555259,,6.648,29.858582,0.2947872,86.510002,1.46000004,6.5639927,2.02358178,0.10313737,,6.85,0.475981,
2015-10-20,10.37398962,1.61348562,2.03733122,12.65,1.02168826,1.97,15.84865115,3.45236325,8.25,,4.37575547,2.36707268,2.8,7.2,,2.99,1.20277528,4.11999722,,6.68,29.855069,0.3141811,88.970001,1.56600004,6.36599292,2.08946583,0.10666678,,7.2,0.484635,
2015-10-21,10.37398962,1.60139959,2.0233313,12.49,1.02168826,1.93,15.51798778,3.45236325,8.255,,4.34848275,2.28637702,2.84,7.05,,2.93,1.21333084,4.00444131,,6.72,28.980492,0.30642354,87.489998,1.59400004,6.58799267,2.0518178,0.10392168,,7.0,0.493289,
2015-10-22,9.43999122,1.5711845,2.02666463,12.79,1.01061305,1.93,15.66881682,3.45236325,8.13,,4.39393727,2.32672485,2.98,7.07,,2.86,1.20416414,4.1333301,,6.64,29.855069,0.3141811,90.949997,1.52200004,6.35999292,2.10828985,0.10392168,,7.1,0.501944,
2015-10-25,9.46799053,1.5711845,2.03333129,12.52,1.04660749,1.89,15.48898277,3.45236325,8.13,,4.4393918,2.25275383,2.96,7.04,,2.96,1.230553,4.08888569,,6.704,29.855069,0.30642354,89.800003,1.52200004,6.40799287,2.06122981,0.10235305,,7.0,0.501944,
2015-10-26,9.99999,1.5711845,2.04333128,12.65,1.06875791,1.93,15.58470062,3.45236325,8.5,,4.29696762,2.27292774,2.99,7.11,,2.95,1.24166414,4.09333013,,6.648,29.855069,0.32193866,87.040001,1.52200004,6.24599305,2.08946583,0.10490207,,7.11,0.510598,
2015-10-27,9.99999,1.55607696,2.01666464,12.9,1.0604515,1.86,15.30044589,3.45071123,8.0,,4.03030109,2.22585527,2.92,7.08,,2.88,1.21666414,4.04444128,,6.68,29.050738,0.31805988,86.050003,1.50200004,6.35999292,2.0518178,0.10176481,,6.93,0.510598,
2015-10-28,9.5999904,1.55909847,2.0186647,12.99,1.0604515,1.85,15.22793193,3.45236325,8.2275,,4.03030109,2.19223208,2.86,6.93,,2.99,1.20138642,4.02221908,,6.544,29.855069,0.3141811,85.0,1.47400004,6.59399266,2.02358178,0.10156874,,6.85,0.501944,
2015-10-29,8.46932486,1.53190489,2.02666463,12.99,1.0549139,1.87,15.34395485,3.38612429,8.375,,3.96969506,2.25275383,2.89,6.9,,3.1,1.20833085,4.03999684,,6.4,29.855069,0.32193866,87.849998,1.50000004,6.37199291,2.03299379,0.10450992,,6.79,0.501944,
2015-11-01,9.34132399,1.5711845,1.99933132,12.62,1.08813953,1.83,15.35845735,3.4028078,8.3500005,,3.79090726,2.212406,2.83,6.88,,2.95,1.18416426,3.9599969,,6.248,30.557542,0.31805988,86.0,1.47000004,6.35999292,1.97652174,0.1064707,,6.69,0.501944,
2015-11-02,9.34132399,1.51981885,1.99999799,12.75,1.07983312,1.78,15.22793193,3.38628931,8.30000025,,3.93939204,2.1249857,2.77,6.7,,2.83,1.16666427,3.79999703,,6.28,29.855069,0.30254476,85.010002,1.50000004,6.44999282,1.90122567,0.10607854,,6.52,0.493289,
2015-11-03,8.8006572,1.58024903,2.00333125,12.9,1.08260192,1.86,15.54699278,3.38628931,8.375,,3.95151325,2.18550744,2.79,6.78,,2.94,1.1736087,3.95555246,,6.4,29.855069,0.30642354,85.139999,1.55400004,6.47999279,1.97652174,0.10529423,,6.65,0.493289,
2015-11-04,8.80132453,1.52586187,2.00066465,13.0,1.08537073,1.81,15.37295985,3.35341736,8.375,,3.69999822,2.13843498,2.74,6.7,,2.88,1.16833096,3.95555246,,6.512,29.858582,0.30254476,84.580002,1.55800004,6.38999289,1.96710973,0.10568639,,6.46,0.493289,
2015-11-05,9.33199067,1.58327054,2.00066465,13.0,1.08260192,1.87,15.52668916,3.38612429,8.38,,3.78787696,2.18550744,2.77,6.73,,2.92,1.18833086,4.17333007,,6.48,29.858582,0.30642354,85.0,1.55800004,6.50999276,2.07064182,0.10509815,,6.5,0.510598,
2015-11-08,9.000657,1.55003394,2.00133132,12.86,1.08260192,1.87,15.37295985,3.35325234,8.25,,3.78787696,2.15188425,2.88,6.68,,3.05,1.19444199,4.08888569,,6.4,29.855069,0.30642354,84.010002,1.46000004,6.51599275,2.08005383,0.10509815,,6.68,0.501944,
2015-11-09,9.665991,1.5016898,1.97466475,12.4,1.08537073,1.84,15.08290401,3.33673386,8.25,,3.60605887,2.06446395,2.8,6.47,,2.92,1.14583098,3.95555246,,6.4,29.855069,0.2947872,81.099998,1.42000004,6.17999312,2.00475776,0.10215697,,6.5,0.493289,
2015-11-10,9.33399,1.47147472,1.94399804,12.15,1.08537073,1.83,14.20983649,3.31988501,8.2524995,,3.61211947,2.05773932,2.7,6.47,,2.93,1.10833111,3.77777483,,6.08,29.855069,0.29090842,77.010002,1.40000004,6.04199328,1.92946169,0.09803932,,6.4,0.493289,
2015-11-11,9.33399,1.42010907,1.9213314,12.3,1.08260192,1.76,13.77475272,3.27032955,8.3774995,,3.60605887,1.95686974,2.52,6.4,,2.89,1.05555339,3.73333042,,6.32,29.855069,0.28702964,76.0,1.45800004,6.1979931,1.84475362,0.09686285,,6.49,0.484635,
2015-11-12,9.3666573,1.51075433,1.93066466,12.35,1.0549139,1.76,13.63262478,3.23762295,8.84749975,,3.69999822,2.01739149,2.61,6.41,,2.87,1.06305337,3.7644415,,6.624,28.976979,0.29090842,75.5,1.45800004,6.14999316,1.92946169,0.1009805,,6.36,0.475981,
2015-11-15,9.3999906,1.39291549,1.93266472,11.55,1.07706432,1.7,13.42088401,3.13851204,8.755,,3.60605887,1.88962336,2.53,6.23,,2.68,1.05555339,3.62221939,,6.08,29.047225,0.29090842,71.519997,1.45800004,6.00599332,1.85416563,0.09411775,,6.0,0.467327,
2015-11-16,9.41665725,1.38082946,1.86399806,11.04,0.98015622,1.68,13.05251308,3.20458598,8.13,,3.72121033,1.90307264,2.45,6.3,,2.63,1.00360908,3.53333057,,6.064,29.047225,0.27539331,67.400002,1.45800004,5.81999352,1.78828157,0.09686285,,5.99,0.467327,
2015-11-17,9.5666571,1.39291549,1.85999813,11.28,1.00230664,1.73,12.76535722,3.22110447,8.25,,3.63939218,2.01066685,2.57,6.4,,2.77,1.04166453,3.59999719,,5.84,29.855069,0.27539331,67.110001,1.45800004,5.70599365,1.83534161,0.09941187,,6.1,0.467327,
2015-11-18,9.5666571,1.41406605,1.79999819,11.1,0.99676903,1.7,11.99380866,3.05591962,8.15250025,,3.63030128,1.88289872,2.51,6.21,,2.72,1.02805339,3.4711084,,5.92,29.855069,0.25212063,66.0,1.45800004,5.39999399,1.77886956,0.09901971,,5.93,0.450018,
2015-11-19,9.41665725,1.45938868,1.83333149,11.1,0.99676903,1.75,12.47240139,3.22110447,8.2475005,,3.63636188,1.93669583,2.6,6.27,,2.77,1.10555326,3.57777498,,6.0,28.976979,0.26763575,67.989998,1.40000004,5.69999366,1.90122567,0.09941187,,6.2,0.458673,
2015-11-22,9.5999904,1.42010907,1.82666483,11.35,1.05214509,1.75,12.69284325,3.22110447,8.46,,3.63636188,2.06446395,2.66,6.35,,2.9,1.09110884,3.58221942,,5.856,28.976979,0.25987819,67.800003,1.49600004,5.57999379,1.96710973,0.09803932,,6.16,0.458673,
2015-11-23,9.5999904,1.42010907,1.84533148,11.39,1.02445706,1.75,12.90748516,3.22110447,8.38749975,,3.56666495,2.09808715,2.66,6.46,,3.03,1.07694223,3.59999719,,6.24,29.029665,0.25987819,68.0,1.48600004,5.49599389,2.01416977,0.09980403,,6.28,0.458673,
2015-11-24,9.6333237,1.38989398,1.83266482,11.19,1.01338185,1.67,12.18234554,3.22110447,8.375,,3.59090736,2.01739149,2.56,6.24,,2.95,1.05555339,3.47555284,,6.24,29.029665,0.23272674,64.010002,1.48600004,5.39999399,1.97652174,0.09803932,,6.06,0.458673,
2015-11-25,9.6333237,1.38989398,1.82399823,11.2,1.01061305,1.66,12.18234554,2.97332719,8.25,,3.69696791,2.04429004,2.61,6.17,,2.98,1.05805338,3.51110837,,5.84,29.855069,0.22496918,65.0,1.34000004,5.14799427,2.01416977,0.09803932,,6.04,0.458673,
2015-11-26,9.4666572,1.38687247,1.8233315,11.14,1.02445706,1.65,12.45789889,2.94029022,8.25,,3.59696796,2.01739149,2.6,6.2,,3.03,1.06694225,3.52444169,,6.24,28.625743,0.21721162,64.0,1.40000004,5.20199421,2.07064182,0.09803932,,6.05,0.450018,
2015-11-29,9.99332267,1.3596789,1.81333157,11.19,1.01615066,1.63,12.47530137,2.97332719,8.0024995,,3.63636188,1.99721757,2.6,6.27,,3.0,1.0597201,3.50221948,,6.32,28.625743,0.20945406,63.110001,1.40000004,5.3039941,2.03299379,0.09803932,,6.05,0.458673,
2015-11-30,9.9333234,1.33550683,1.79333153,11.19,1.00507544,1.6,12.8349712,2.97332719,8.2250005,,3.63636188,1.97031902,2.6,6.2,,2.94,1.05555339,3.50666393,,6.224,28.629256,0.21333284,62.549999,1.40000004,5.09999433,2.02358178,0.09705893,,6.0,0.450018,
2015-12-01,9.8979901,1.34457135,1.71333168,11.17,0.97184981,1.57,12.5072078,2.95697373,7.63999975,,3.63636188,1.90979727,2.6,6.14,,3.0,1.02916452,3.45333063,,6.16,29.855069,0.20945406,60.0,1.40000004,4.97999446,1.98593374,0.09745108,,5.88,0.441364,
2015-12-02,9.8979901,1.3596789,1.73333159,11.15,1.02445706,1.65,12.90748516,2.97332719,7.94999975,,3.4848468,1.98376829,2.61,6.33,,2.99,1.06666453,3.50221948,,6.32,29.855069,0.2210904,61.0,1.40000004,5.09999433,2.03299379,0.09803932,,5.99,0.458673,
2015-12-03,9.5333238,1.40500153,1.74999824,11.0,1.00507544,1.72,13.57171334,3.10382307,8.2524995,,3.63333158,2.01739149,2.81,6.5,,3.04,1.14305326,3.62221939,,6.32,29.855069,0.22884796,63.849998,1.48400004,5.32799407,2.13652588,0.10176481,,6.47,0.467327,
2015-12-06,9.53465713,1.37478644,1.79999819,10.71,1.00230664,1.69,13.34256893,3.13851204,8.28250025,,3.49090741,2.01739149,2.83,6.4,,3.14,1.13888655,3.63110827,,6.32,29.855069,0.2210904,63.0,1.40200004,5.23799417,2.1647619,0.09941187,,6.42,0.458673,
2015-12-07,9.53465713,1.38989398,1.76999815,11.0,1.00507544,1.75,13.51950329,3.13834702,8.375,,3.40908927,2.11153642,2.88,6.4,,3.4,1.20555313,3.73333042,,6.08,28.629256,0.22884796,63.369999,1.40000004,5.18999423,2.23064596,0.10117658,,6.68,0.467327,
2015-12-08,9.53465713,1.3627004,1.76599822,11.0,1.00507544,1.67,13.05251308,3.08069734,8.25,,3.60605887,2.01066685,2.76,6.28,,3.35,1.16666427,3.57333054,,6.08,29.855069,0.21721162,60.650002,1.28400003,5.16599425,2.08946583,0.09843148,,6.38,0.458673,
2015-12-09,9.53465713,1.38989398,1.73266492,11.0,1.01615066,1.65,12.97999912,3.07491571,8.02750025,,3.40908927,2.01066685,2.8,6.22,,3.36,1.14444212,3.59555275,,6.0,29.855069,0.21721162,57.509998,1.38000004,5.18999423,2.11770186,0.10078442,,6.35,0.458673,
2015-12-10,9.4333239,1.3596789,1.73333159,10.9,0.94969939,1.61,13.04526197,3.0724381,8.25,,3.60605887,1.98376829,2.76,6.21,,3.44,1.16749757,3.57777498,,6.072,28.629256,0.21721162,57.400002,1.29000003,5.09999433,2.12711387,0.10070589,,6.39,0.458673,
2015-12-13,9.3999906,1.3596789,1.68866497,10.98,1.02445706,1.56,12.68994355,3.07574181,8.0,,3.60605887,1.92324655,2.7,6.18,,3.29,1.1277754,3.47999728,,6.0,28.629256,0.20557529,57.02,1.28000003,4.91999453,2.08005383,0.09905883,,6.1,0.450018,
2015-12-14,9.3999906,1.30227023,1.65399827,10.04,1.02168826,1.52,12.50865864,3.07574181,8.0874995,,3.60605887,1.88289872,2.65,6.19,,3.35,1.16666427,3.44444175,,5.976,28.629256,0.19781773,55.110001,1.36000004,5.05799437,2.08946583,0.09929413,,6.09,0.441364,
2015-12-15,9.5333238,1.29924872,1.63999835,10.0,0.94139298,1.48,12.36362999,3.0707861,8.25,,3.4848468,1.87617408,2.61,6.08,,3.39,1.13749769,3.37777514,,6.016,29.855069,0.19781773,54.0,1.36000004,4.79999466,2.09887784,0.09882354,,5.95,0.450018,
2015-12-16,9.4666572,1.32946381,1.6533316,10.75,0.90816734,1.53,12.23673128,2.97349221,8.17500025,,3.60605887,1.92324655,2.78,6.19,,3.7,1.19360869,3.57777498,,6.0,29.644328,0.20945406,54.220001,1.32000004,4.81199525,2.24946998,0.1002353,,6.1,0.450018,
2015-12-17,9.3999906,1.3627004,1.65533167,10.59,0.94139298,1.57,12.42164116,2.97332719,8.25,,3.4696953,1.92997119,2.8,6.25,,3.68,1.21110857,3.75555262,,6.32,28.629256,0.22496918,56.0,1.35800004,4.79999466,2.277706,0.1004706,,6.31,0.450018,
2015-12-20,9.3999906,1.40500153,1.62399843,10.24,1.08813953,1.55,12.87122846,2.97332719,8.25,,3.4848468,1.93669583,2.72,6.2,,3.58,1.21666414,3.70221933,,6.2,29.152597,0.22884796,56.0,1.30200004,4.73999473,2.24946998,0.09811766,,6.31,0.450018,
2015-12-21,9.3999906,1.41708756,1.63399836,9.82,1.10752115,1.53,13.06701652,2.84943856,8.02750025,,3.33636203,1.91652191,2.8,6.15,,3.54,1.1861087,3.69333045,,6.136,29.152597,0.22884796,55.0,1.27200003,4.67999479,2.29653002,0.10000001,,6.31,0.450018,
2015-12-22,9.4666572,1.4321951,1.63133162,10.0,1.09367714,1.57,13.49847424,2.77527041,8.0,,3.4727256,1.96359438,2.79,6.23,,3.58,1.20833085,3.78666415,,6.144,28.748675,0.24824185,56.5,1.29000003,4.73999473,2.34359006,0.09717648,,6.4,0.450018,
2015-12-24,9.38665728,1.43521661,1.63333169,9.95,1.10475235,1.58,13.19391523,2.82945104,8.17500025,,3.4727256,1.97704366,2.81,6.3,,3.55,1.2297197,3.90221917,,6.08,28.801361,0.25212063,59.48,1.33800004,4.77599469,2.37182608,0.09905883,,6.47,0.450018,
2015-12-27,9.4999905,1.43521661,1.64799827,10.0,1.09367714,1.57,13.16128395,2.90725325,7.6425,,3.63636188,2.01066685,2.8,6.24,,3.55,1.21944199,3.82221923,,6.104,28.811898,0.27151453,61.049999,1.28200003,4.63199485,2.30594202,0.09882354,,6.37,0.450018,
2015-12-28,9.4006566,1.40802303,1.63999835,10.0,1.04106988,1.62,13.04526197,2.80847273,8.32250025,,3.4727256,2.02411612,2.77,6.26,,3.6,1.23610857,3.79110815,,6.12,28.808385,0.26763575,62.0,1.28200003,4.62599485,2.28711801,0.09882354,,6.32,0.441364,
2015-12-29,9.3999906,1.43521661,1.63999835,9.85,1.07706432,1.6,12.91473648,2.84117932,8.125,,3.4818165,1.98376829,2.76,6.19,,3.54,1.21583083,3.78221927,,6.104,28.836484,0.26375697,63.049999,1.26000003,4.70999476,2.28711801,0.09882354,,6.24,0.450018,
2015-12-30,9.39332327,1.42010907,1.67999838,10.0,1.0576827,1.62,13.37157517,2.89073477,8.2475005,,3.4818165,2.08463787,2.8,6.3,,3.55,1.33333059,3.86666364,,6.24,28.991029,0.27151453,68.0,1.34400004,4.70999476,2.34359006,0.09882354,,6.49,0.450018,
2015-12-31,9.4999905,1.49564679,1.67333165,9.98,1.09090833,1.62,13.77402803,2.89073477,8.2250005,,3.53030133,2.10481178,2.77,6.45,,3.63,1.38583046,3.88888585,,6.296,28.804874,0.28315087,68.010002,1.29200003,4.64999483,2.37182608,0.1002353,,6.45,0.450018,
2016-01-03,9.41265725,1.51377584,1.66666499,9.98,1.09090833,1.59,13.777653,2.89073477,8.00749975,,3.60605887,2.05101468,2.75,6.42,,3.5,1.37777489,3.87555253,,6.384,28.839997,0.27539331,68.019997,1.28400003,4.77599469,2.32476604,0.10070589,,6.43,0.450018,
2016-01-04,9.3666573,1.49564679,1.70866488,9.75,1.04937629,1.6,14.32150772,2.86678297,8.01500025,,3.51514982,2.21913063,2.75,6.38,,3.53,1.36305275,3.88888585,,6.32,28.906733,0.27539331,67.709999,1.28600003,4.86599459,2.37182608,0.10000001,,6.51,0.441364,
2016-01-05,9.4666572,1.61348562,1.71333168,9.62,1.03830108,1.55,13.8320392,2.89056977,8.125,,3.60605887,2.23930455,2.63,6.25,,3.44,1.35805274,3.75555262,,6.24,29.152597,0.26375697,66.910004,1.26000003,4.79399467,2.31535403,0.09905883,,6.42,0.441364,
2016-01-06,9.43999122,1.5711845,1.88066471,9.81,1.06598911,1.55,14.08583662,2.87421628,8.14000025,,3.93939204,2.42759442,2.61,6.63,,3.42,1.33610831,3.79110815,,6.2,28.931319,0.26763575,65.199997,1.26000003,4.75799471,2.28711801,0.10164707,,6.55,0.450018,
2016-01-10,9.43999122,1.5016898,1.86666479,9.29,1.03553228,1.5,13.41508318,2.8576978,8.125,,3.78484666,2.32672485,2.54,6.45,,3.28,1.33360832,3.6444416,,6.16,28.85756,0.25987819,62.029999,1.29600003,4.64999483,2.1647619,0.10094119,,6.39,0.441364,
2016-01-11,9.4333239,1.55305545,1.86666479,9.07,1.07152671,1.48,13.41870816,2.56036509,8.0625,,3.78484666,2.25947846,2.48,6.35,,3.23,1.30638618,3.60444163,,6.04,28.801361,0.25987819,63.849998,1.23000003,4.72199475,2.17417391,0.1002353,,6.28,0.450018,
2016-01-12,9.333324,1.42010907,1.77399828,9.4,1.02999467,1.44,12.96187091,2.74206842,7.9375,,3.57575585,2.14515961,2.34,6.27,,3.17,1.27777515,3.4933306,,5.92,28.980492,0.24824185,62.25,1.22200003,4.28999523,2.09887784,0.09670589,,5.94,0.441364,
2016-01-13,9.333324,1.39291549,1.80066485,9.1,1.04660749,1.43,12.5449149,2.69251297,7.5,,3.52424072,2.15860889,2.35,6.3,,3.18,1.29027515,3.46666396,,5.84,28.980492,0.24824185,62.32,1.22200003,4.38599512,2.09887784,0.09811766,,5.94,0.441364,
2016-01-14,9.333324,1.28716269,1.69999829,8.97,0.92754896,1.27,11.96480392,2.63601974,7.125,,3.45454379,1.91652191,2.18,6.05,,3.01,1.15333096,3.12888644,,5.76,28.467688,0.21721162,55.52,1.22200003,3.77999579,1.91063768,0.08682354,,5.53,0.43271,
2016-01-17,9.1999908,1.21766799,1.58333174,8.6,0.83064086,1.17,10.73206655,2.52732812,7.0675,,3.44545288,1.81565234,2.02,5.79,,2.65,1.11110883,3.0266643,,5.44,27.923271,0.20169651,51.029999,1.10200003,3.70799587,1.73180952,0.08941177,,5.18,0.415402,
2016-01-18,8.999991,1.2901842,1.59999839,8.5,0.92201136,1.23,11.67474843,2.47992006,7.32499975,,3.44545288,1.92324655,2.11,5.79,,2.8,1.14583098,3.13333088,,5.68,27.923271,0.21333284,54.400002,1.10400003,3.68999589,1.87298964,0.09176471,,5.36,0.424056,
2016-01-19,9.3999906,1.31435627,1.5913318,8.26,1.01338185,1.33,11.87053649,2.64295751,7.26000025,,3.4848468,1.97704366,2.24,5.94,,2.9,1.23610857,3.24444191,,5.72,27.923271,0.22496918,56.16,1.10200003,3.78599579,2.03299379,0.09482354,,5.68,0.424056,
2016-01-20,9.333324,1.2569476,1.57799841,8.25,1.00784425,1.31,11.77626762,2.47992006,7.4975,,3.60605887,2.01739149,2.14,5.97,,2.84,1.19444199,3.15555309,,5.68,27.916247,0.21721162,54.099998,1.10200003,3.70799587,1.97652174,0.09364707,,5.59,0.424056,
2016-01-21,9.3999906,1.21766799,1.53333179,8.01,0.93585537,1.23,10.93147995,2.47777267,7.255,,3.2909075,1.92997119,1.99,5.7,,2.63,1.13971985,2.90221995,,5.6,27.572035,0.20169651,53.0,1.10200003,3.37199625,1.83534161,0.08588236,,5.15,0.415402,
2016-01-24,9.3999906,1.2901842,1.59333173,7.71,0.99676903,1.33,11.46808291,2.50651499,7.13999975,,3.4848468,2.11826106,2.07,5.88,,2.67,1.22221971,3.05777539,,5.672,27.754676,0.21721162,55.0,1.10000003,3.74399583,1.97652174,0.08941177,,5.35,0.424056,
2016-01-26,9.3999906,1.26903364,1.57666508,8.25,0.99123143,1.28,11.16352499,2.64031455,7.125,,3.4818165,2.07118859,1.95,5.85,,2.58,1.22583084,3.06221983,,5.872,28.450125,0.21333284,54.869999,1.14000003,3.86999569,1.97652174,0.08705883,,5.09,0.415402,
2016-01-27,9.1333242,1.27507665,1.57866508,8.0,1.09090833,1.33,11.50071419,2.51080964,7.07499975,,3.54242253,2.11826106,2.06,6.04,,2.74,1.23583085,3.13333088,,5.8,27.572035,0.22496918,56.0,1.07200003,4.09799544,2.07064182,0.08752942,,5.28,0.424056,
2016-01-28,9.32865667,1.27205515,1.56999835,7.85,1.07429552,1.31,11.38831791,2.51906888,7.13,,3.45454379,2.19223208,2.19,5.95,,2.7,1.22221971,3.19555306,,5.88,27.607158,0.2210904,57.0,1.08200003,4.00799554,2.04240579,0.08752942,,5.19,0.424056,
2016-01-31,9.28932404,1.27507665,1.63266502,7.8,0.99676903,1.36,11.81977527,2.47793769,7.17749975,,3.34848323,2.212406,2.2,6.2,,2.7,1.21110857,3.25333079,,5.992,27.607158,0.23272674,60.0,1.10000003,4.03799551,2.12711387,0.08917648,,5.3,0.424056,
2016-02-01,9.1333242,1.28414118,1.57333175,7.14,1.00230664,1.28,11.25054175,2.43647646,7.1875,,3.53636193,2.1249857,2.13,6.01,,2.6,1.16666427,3.09333092,,5.68,27.751166,0.21333284,58.43,1.08200003,4.01999553,1.97652174,0.08941177,,5.0,0.424056,
2016-02-02,8.5333248,1.26299062,1.59866506,8.0,1.0549139,1.29,11.3411842,2.43003424,7.1225,,3.53030133,2.13171034,2.14,6.0,,2.59,1.1861087,3.10666424,,5.88,27.575548,0.2210904,57.599998,1.08000003,4.01999553,2.01416977,0.08941177,,5.07,0.424056,
2016-02-03,8.40332493,1.27809816,1.56266516,7.71,1.07706432,1.29,11.67474843,2.54368159,7.25,,3.53333163,2.14515961,2.21,6.14,,2.58,1.19971973,3.15555309,,5.8,27.751166,0.22496918,57.5,1.10000003,3.97199558,2.07064182,0.08988236,,5.03,0.415402,
2016-02-04,8.34665832,1.31435627,1.55999843,7.8,1.07429552,1.32,11.85603334,2.47777267,7.625,,3.53030133,2.21913063,2.35,6.29,,2.7,1.19444199,3.20888638,,5.76,27.575548,0.22884796,58.009998,1.10000003,4.04999549,2.15534989,0.08941177,,5.18,0.424056,
2016-02-07,8.999991,1.27809816,1.56666509,7.6,1.07983312,1.33,12.30199385,2.47793769,7.32749975,,3.45454379,2.13171034,2.29,6.26,,2.63,1.16666427,3.1999975,,5.72,27.396417,0.22496918,57.009998,1.10000003,4.07999546,2.23064596,0.08894119,,5.09,0.424056,
2016-02-08,8.5999914,1.28414118,1.53466512,7.56,1.04106988,1.32,12.32737374,2.47810303,7.25,,3.45454379,2.15188425,2.28,6.27,,2.64,1.19416427,3.1999975,,5.68,27.396417,0.22496918,57.799999,1.10000003,4.10999543,2.23064596,0.08870589,,5.05,0.424056,
2016-02-09,8.333325,1.23881855,1.51399841,7.51,1.07152671,1.29,12.30924561,2.47777267,7.25,,3.45454379,2.04429004,2.18,6.23,,2.55,1.12499769,3.08888647,,5.6,27.501788,0.21721162,54.209999,1.02200003,3.78599579,2.14593788,0.08682354,,4.95,0.406747,
2016-02-10,8.4666582,1.22673252,1.5199984,7.98,1.07983312,1.27,11.97205532,2.44655272,7.32499975,,3.45454379,2.06446395,2.18,6.25,,2.52,1.13610883,3.00888654,,5.6,27.396417,0.2210904,54.310001,1.05000003,3.89999566,2.13652588,0.0882353,,4.86,0.406747,
2016-02-11,8.4666582,1.22371101,1.50666515,7.4,1.17951002,1.26,12.10258081,2.46125418,7.0,,3.2878772,2.04429004,2.16,6.45,,2.46,1.12694213,2.99999766,,5.6,27.220798,0.2210904,56.450001,1.00000003,3.89999566,2.10828985,0.08564707,,4.82,0.406747,
2016-02-14,8.40332493,1.20860346,1.44999854,7.25,1.37055742,1.21,11.62398866,2.47727711,7.0025,,3.16666514,1.99049293,2.13,6.4,,2.34,1.12194211,2.93333104,,5.4,27.220798,0.21333284,54.02,0.99800003,3.59999599,2.04240579,0.08470589,,4.53,0.406747,
2016-02-15,8.40332493,1.20860346,1.4546652,7.22,1.50069116,1.21,11.52246911,2.47777267,7.0025,,3.17575604,2.07791323,2.12,6.38,,2.32,1.1041644,2.87555331,,5.592,27.814388,0.21721162,54.0,1.00000003,3.62999596,2.08005383,0.08400001,,4.48,0.406747,
2016-02-16,8.4666582,1.21162497,1.48333184,7.26,1.65574412,1.2,11.54422293,2.47826823,7.24249975,,3.13939243,2.10481178,2.13,6.34,,2.26,1.14166427,2.91555328,,5.48,27.220798,0.21721162,53.639999,1.04000003,3.60599599,2.11770186,0.08470589,,4.48,0.398093,
2016-02-17,8.4666582,1.17838838,1.50333175,7.25,1.81910349,1.2,11.72188287,2.47859859,7.225,,3.17272574,2.07118859,2.13,6.21,,2.23,1.1291644,2.95555325,,5.6,27.220798,0.2210904,53.400002,1.01600003,3.56399603,2.11770186,0.08070589,,4.47,0.398093,
2016-02-18,8.4666582,1.13004424,1.50066516,7.26,1.99907568,1.22,11.78351901,2.55937397,7.225,,3.17272574,2.05773932,2.2,6.32,,2.25,1.11305327,3.03555318,,5.44,27.04518,0.2210904,53.799999,1.01600003,3.65999593,2.22123395,0.0882353,,4.6,0.398093,
2016-02-21,8.4666582,1.13306575,1.50666515,7.5,2.07660216,1.22,11.84153018,2.56036509,7.12,,3.15151363,2.05773932,2.19,6.29,,2.23,1.12444213,3.01333098,,5.752,27.04518,0.2210904,54.389999,1.00000003,3.62399597,2.1647619,0.09411766,,4.6,0.389439,
2016-02-22,8.4666582,1.10587217,1.51599847,7.4,2.35625125,1.23,12.05544637,2.72554994,7.0,,3.18484695,2.11153642,2.18,6.3,,2.24,1.12360883,3.08444203,,5.44,27.04518,0.2210904,54.330002,1.00000003,3.65999593,2.20240993,0.0964706,,4.66,0.389439,
2016-02-23,8.4999915,1.17536687,1.50666515,7.25,2.59159949,1.27,12.2802393,2.72588031,6.75,,3.18181665,2.09136251,2.22,6.34,,2.24,1.13888655,3.07999759,,5.56,26.869562,0.22884796,54.299999,1.00000003,3.71999586,2.22123395,0.09294119,,4.7,0.389439,
2016-02-24,8.52865814,1.14817329,1.4926651,7.09,2.84909816,1.23,11.96480392,2.80814236,6.75,,3.17878635,2.23930455,2.19,6.38,,2.19,1.12499769,3.06666427,,5.416,26.841463,0.22496918,53.220001,1.00000003,4.06199548,2.18358592,0.09035295,,4.75,0.389439,
2016-02-25,8.4666582,1.15421631,1.47133185,7.06,2.84909816,1.23,11.96480392,2.89073477,6.98,,3.18181665,2.22585527,2.17,6.35,,2.23,1.13305325,3.12888644,,5.264,26.693944,0.22496918,52.5,1.01800003,4.36199515,2.1647619,0.08964707,,4.74,0.380785,
2016-02-28,8.37665829,1.22371101,1.49066523,7.0,2.59159949,1.24,11.97205532,2.97332719,6.7525,,3.18181665,2.2662031,2.23,6.35,,2.22,1.12249769,3.1022198,,5.248,27.747653,0.22496918,52.23,0.95400003,4.35599515,2.1647619,0.09364707,,4.81,0.389439,
2016-02-29,8.37665829,1.20860346,1.49999849,6.97,2.84909816,1.24,12.14608883,2.97332719,6.9625,,3.18181665,2.46794225,2.23,6.75,,2.26,1.13360881,3.16444197,,5.12,26.693944,0.23272674,53.049999,0.97000003,4.44599505,2.20240993,0.09200001,,4.88,0.398093,
2016-03-01,8.34332499,1.16328083,1.53399846,6.61,3.13151605,1.22,12.09170263,2.97349221,6.7275,,3.18181665,2.40069587,2.22,6.72,,2.29,1.12221997,3.16888641,,5.0,25.499741,0.22496918,50.599998,0.99800003,4.50599499,2.13652588,0.09058824,,4.9,0.406747,
2016-03-02,8.37532496,1.16328083,1.73333159,6.8,3.44439078,1.23,12.03731825,2.98175146,6.875,,3.18181665,2.40069587,2.24,6.7,,2.28,1.13888655,3.17777529,,5.0,25.552427,0.22496918,49.25,1.00000003,4.34999516,2.15534989,0.09058824,,4.9,0.398093,
2016-03-03,8.3999916,1.12400122,1.62399843,6.9,3.78772233,1.19,11.96117895,2.97332719,6.9375,,3.03030157,2.3536234,2.18,6.58,,2.19,1.11138655,3.07555315,,5.032,25.464618,0.2210904,48.990002,1.00000003,4.19999533,2.09887784,0.09176471,,4.81,0.406747,
2016-03-06,8.34465832,1.14213027,1.72266493,6.92,4.16427952,1.22,12.23673128,2.97316217,7.4975,,3.18181665,2.4410437,2.2,6.78,,2.2,1.13749769,3.15555309,,5.04,26.342708,0.22496918,50.98,0.96200003,4.19999533,2.12711387,0.09529413,,4.92,0.406747,
2016-03-07,8.333325,1.13608726,1.718665,6.64,4.57960023,1.21,12.32737374,2.94029022,7.40749975,,3.18181665,2.36707268,2.19,6.8,,2.23,1.15027541,3.11555312,,5.12,25.475155,0.23660552,50.5,1.00000003,4.37999513,2.13652588,0.09482354,,4.96,0.406747,
2016-03-08,8.333325,1.16328083,1.69999829,6.88,5.03645271,1.23,12.50865864,2.90741828,7.19,,3.18181665,2.4410437,2.27,6.81,,2.26,1.18888642,3.15555309,,5.184,25.991472,0.24436308,50.700001,1.00000003,4.46399503,2.18358592,0.09317648,,5.11,0.406747,
2016-03-09,8.2666584,1.13608726,1.6899983,6.62,4.34978932,1.21,12.68994355,2.90725325,7.19,,3.22727117,2.39397123,2.23,6.69,,2.22,1.19444199,3.13333088,,5.128,25.289,0.23660552,50.990002,1.01000003,4.34999516,2.14593788,0.09317648,,5.17,0.398093,
2016-03-10,8.00332533,1.16630234,1.7199982,6.7,3.90678086,1.23,13.05613834,2.89073477,7.69999975,,3.33333173,2.46121761,2.29,7.0,,2.26,1.23610857,3.28888632,,5.096,25.148505,0.25212063,53.0,1.02000003,4.4039951,2.20240993,0.09505883,,5.2,0.406747,
2016-03-13,8.15665851,1.19047441,1.73999825,6.96,3.51637965,1.23,13.59636809,2.90857474,7.5,,3.32727112,2.43431906,2.33,7.15,,2.39,1.20860857,3.33333073,,5.008,25.113382,0.24436308,53.0,1.00000003,4.33799517,2.21182194,0.09411766,,5.2,0.43271,
2016-03-14,8.2666584,1.22673252,1.7533315,6.89,4.29164446,1.23,13.60361949,2.90857474,7.725,,3.45454379,2.42759442,2.36,7.2,,2.38,1.20860857,3.35555293,,5.192,25.464618,0.25212063,53.0,1.02800003,4.4039951,2.22123395,0.09411766,,5.18,0.424056,
2016-03-15,8.1333252,1.2569476,1.75733163,7.16,4.65158855,1.31,14.53904889,3.01710101,7.815,,3.36666504,2.62933357,2.59,7.7,,2.55,1.3433306,3.92444138,,5.52,25.991472,0.26375697,57.75,1.03400003,4.68599479,2.37182608,0.0962353,,5.83,0.424056,
2016-03-16,8.0666586,1.24486157,1.73333159,7.08,4.37470854,1.29,14.46653637,3.05591962,8.125,,3.40908927,2.65623212,2.6,7.72,,2.6,1.3274973,4.19999672,,5.8,24.639214,0.26375697,56.990002,1.08800003,4.78199468,2.37182608,0.10352942,,6.14,0.424056,
2016-03-17,8.00999199,1.28716269,1.7533315,7.5,4.54083671,1.33,14.28525147,3.13818167,8.7250005,,3.41211957,2.68313068,2.61,7.88,,2.61,1.34721945,4.62666305,,5.936,24.604091,0.27151453,57.630001,1.08800003,4.70999476,2.3906501,0.09788236,,6.24,0.43271,
2016-03-20,7.9333254,1.24486157,1.74999824,7.45,4.29441326,1.38,14.57893193,3.30320133,8.74250025,,3.4848468,2.65623212,2.72,7.73,,2.58,1.43055262,4.66666302,,6.04,24.674337,0.27927209,59.400002,1.09200003,5.16599425,2.56947826,0.09717648,,6.47,0.415402,
2016-03-21,7.9333254,1.26299062,1.7259982,7.34,3.89293684,1.4,14.52454718,3.2871784,8.5,,3.61818007,2.62260893,2.65,7.6,,2.47,1.41888603,4.55555199,,5.608,25.289,0.27151453,58.27,1.10000003,4.85999459,2.49418219,0.09529413,,6.21,0.415402,
2016-03-22,7.90399209,1.26903364,1.70199835,7.4,4.11997868,1.44,14.83273116,3.14016406,8.7475005,,3.60605887,2.62933357,2.71,7.62,,2.47,1.44721919,4.55555199,,5.688,24.590041,0.27927209,57.580002,1.07000003,4.91999453,2.54124223,0.09741177,,6.25,0.424056,
2016-03-23,7.9333254,1.23881855,1.68133157,7.93,4.06737142,1.44,14.67682614,3.22440817,8.505,,3.60605887,2.62260893,2.63,7.4,,2.46,1.42221933,4.41777432,,5.64,25.289,0.29866598,58.279999,1.03800003,4.8539946,2.48477018,0.09741177,,6.2,0.415402,
2016-03-24,7.67332566,1.24184006,1.7913316,7.93,4.16981713,1.52,14.86536245,3.30402726,8.375,,3.57575585,2.75037706,2.66,7.67,,2.6,1.4447192,4.5022187,,5.96,25.289,0.31030232,61.650002,1.06200003,4.77599469,2.54124223,0.09670589,,6.37,0.415402,
2016-03-27,7.86732546,1.25090458,1.7533315,7.73,4.84263623,1.55,14.53904889,3.24687329,8.51500025,,3.60908917,2.82434808,2.78,7.93,,2.64,1.47360806,4.64444081,,5.704,25.324123,0.30254476,61.549999,1.07200003,4.85999459,2.63536231,0.09788236,,6.6,0.415402,
2016-03-28,7.8666588,1.24486157,1.70666495,7.6,4.37747735,1.48,14.10396656,3.30369689,8.73499975,,3.39696806,2.70330459,2.7,7.88,,2.53,1.39610819,4.5022187,,5.76,24.762146,0.29866598,59.400002,1.08600003,4.77599469,2.58830227,0.09882354,,6.42,0.415402,
2016-03-29,7.666659,1.26903364,1.74599831,7.55,4.6183632,1.51,14.14747421,3.23762295,8.7250005,,3.39696806,2.71002923,2.71,7.83,,2.58,1.43471933,4.56888532,,5.744,25.296024,0.29866598,58.299999,1.11000003,4.67999479,2.63536231,0.09905883,,6.45,0.406747,
2016-03-30,7.47999252,1.25392609,1.73333159,7.67,4.59344397,1.54,14.14022282,3.23762295,8.6274995,,3.44848319,2.75037706,2.73,8.0,,2.63,1.43055262,4.49777426,,5.8,24.941277,0.31030232,58.990002,1.16000003,4.52999496,2.72007039,0.09905883,,6.47,0.415402,
2016-03-31,7.79332554,1.25090458,1.71599827,7.71,4.34148291,1.54,13.85016733,3.22110447,8.7124995,,3.44848319,2.76382634,2.7,8.3,,2.58,1.41499706,4.51110759,,5.824,25.113382,0.30254476,59.220001,1.10200003,4.31999519,2.7388944,0.10305883,,6.36,0.415402,
2016-04-03,7.7333256,1.24788308,1.73466492,7.57,4.34702051,1.68,14.0133241,2.9908368,8.25,,3.39696806,2.82434808,2.74,8.15,,2.58,1.44388592,4.49777426,,5.856,24.621651,0.30642354,58.959999,1.09200003,4.37999513,2.76713043,0.09976472,,6.41,0.406747,
2016-04-04,7.7333256,1.24486157,1.7233316,7.5,4.41070298,1.69,13.92268165,3.22110447,8.01500025,,3.61818007,2.92521765,2.7,8.14,,2.55,1.43610819,4.46221873,,5.912,24.674337,0.30642354,58.700001,1.08200003,4.26599525,2.75771842,0.09952942,,6.31,0.415402,
2016-04-05,7.7333256,1.32039928,1.73333159,7.62,4.4300846,1.69,14.19098223,3.22110447,8.2250005,,3.75454364,2.92521765,2.71,8.47,,2.51,1.55221906,4.48444094,,5.92,24.625164,0.30642354,58.599998,1.10000003,4.37999513,2.65418633,0.09976472,,6.4,0.415402,
2016-04-06,7.666659,1.30227023,1.7213316,7.58,4.65712644,1.65,14.32150772,3.00471216,8.25,,3.4848468,2.87142055,2.7,8.54,,2.43,1.52694133,4.49332982,,5.92,25.710482,0.30642354,58.669998,1.10000003,4.18199535,2.63536231,0.09788236,,6.5,0.406747,
2016-04-07,7.666659,1.28414118,1.6899983,7.21,4.75957242,1.56,14.14022282,3.00884177,8.25,,3.4848468,2.68985531,2.54,8.2,,2.3,1.4722192,4.28888554,,5.784,24.639214,0.2947872,54.900002,1.10000003,4.07999546,2.54124223,0.09411766,,6.3,0.415402,
2016-04-10,7.5999924,1.26299062,1.68133157,7.27,5.31887005,1.59,14.50279263,3.13851204,8.2524995,,3.45454379,2.79744953,2.62,8.4,,2.37,1.47388589,4.37777436,,5.8,24.586528,0.30254476,56.970001,1.10000003,4.18199535,2.57889026,0.09505883,,6.47,0.424056,
2016-04-11,7.50132583,1.27507665,1.66866505,7.21,5.72865343,1.52,14.18735725,3.13851204,8.25,,3.44848319,2.68985531,2.48,8.25,,2.33,1.41721931,4.29332998,,5.688,24.586528,0.29090842,54.009998,1.21400003,4.07999546,2.49418219,0.09411766,,6.25,0.415402,
2016-04-12,7.5999924,1.22371101,1.69333163,7.3,6.29902654,1.52,14.41215018,3.13834702,8.25,,3.44848319,2.63605821,2.45,8.19,,2.31,1.39166375,4.18666339,,5.368,25.640236,0.28702964,54.880001,1.32600004,4.07999546,2.42829813,0.09341177,,6.08,0.406747,
2016-04-13,7.5666591,1.24486157,1.71199828,7.52,6.31840816,1.57,14.32150772,3.13818167,8.0,,3.4848468,2.74365242,2.53,8.3,,2.37,1.44444148,4.34666327,,5.488,26.16709,0.2947872,55.700001,1.49200004,4.19999533,2.51300621,0.09411766,,6.19,0.406747,
2016-04-14,7.6999923,1.23881855,1.73333159,7.6,6.30733323,1.55,14.51729579,3.13851204,8.1875,,3.22727117,2.71002923,2.51,8.3,,2.34,1.40083045,4.33777439,,5.6,24.941277,0.28315087,54.299999,1.63600004,4.20599532,2.49418219,0.09411766,,6.2,0.406747,
2016-04-17,7.77599222,1.22673252,1.78333154,8.1,6.31840816,1.58,14.30700457,3.22110447,8.25,,3.30605901,2.72347851,2.56,8.4,,2.38,1.42999706,4.48888538,,5.72,26.809853,0.28702964,55.689999,1.74400005,4.28999523,2.56006625,0.09529413,,6.26,0.398093,
2016-04-18,7.666659,1.23881855,1.86666479,8.8,6.8638626,1.57,14.36139077,3.17154901,7.65,,3.51514982,2.80417417,2.69,8.6,,2.41,1.44166376,4.51999647,,5.68,26.096844,0.28702964,55.5,1.50000004,4.43399507,2.63536231,0.09529413,,6.35,0.406747,
2016-04-19,7.666659,1.29320571,1.86533146,8.48,6.31840816,1.63,15.0103911,3.13851204,7.92500025,,3.45454379,2.81762344,2.74,8.82,,2.56,1.48610806,4.62221861,,5.864,26.693944,0.29090842,56.900002,1.40200004,4.64999483,2.65418633,0.09576472,,6.5,0.406747,
2016-04-20,7.82999217,1.26903364,1.86666479,8.75,6.31840816,1.63,15.40921717,3.13851204,8.25,,3.39393776,2.89159446,2.75,8.98,,2.54,1.49888578,4.75555184,,5.84,26.693944,0.28702964,59.0,1.48000004,4.55399493,2.66359834,0.09717648,,6.78,0.406747,
2016-04-21,7.5333258,1.27507665,1.83333149,8.5,6.31287028,1.58,15.4055922,3.13851204,8.255,,3.51211952,2.82434808,2.7,8.7,,2.46,1.44166376,4.56888532,,5.84,26.342708,0.28702964,57.509998,1.43000004,4.43999506,2.58830227,0.09929413,,6.8,0.398093,
2016-04-24,7.7333256,1.25392609,1.84133155,8.5,6.2574945,1.54,15.41284214,3.05674554,8.2250005,,3.37878625,2.74365242,2.67,8.7,,2.41,1.41833045,4.44444097,,5.72,26.676381,0.29090842,58.0,1.40600004,4.34999516,2.49418219,0.09882354,,6.67,0.406747,
2016-04-26,7.78332555,1.28111967,1.86399806,8.7,6.31840816,1.55,15.64488828,3.05591962,8.0,,3.36363474,2.81762344,2.72,7.97,,2.45,1.45416362,4.49777426,,5.696,25.815854,0.2947872,60.299999,1.40200004,4.07999546,2.54124223,0.10235295,,6.72,0.398093,
2016-04-27,7.61332572,1.26903364,1.84333148,8.7,6.31287028,1.52,16.63107709,3.05558925,8.0375005,,3.39393776,2.77055097,2.76,7.94,,2.41,1.43860818,4.62221861,,5.712,26.693944,0.2947872,59.0,1.36200004,4.07999546,2.55065424,0.10352942,,6.8,0.406747,
2016-04-28,7.57332576,1.25392609,1.82666483,8.4,5.54314336,1.46,16.04008938,2.94029022,8.1875,,3.35757414,2.69657995,2.6,7.72,,2.32,1.41388604,4.44888541,,5.696,26.374318,0.28702964,55.799999,1.31000004,3.84599572,2.44712215,0.1002353,,6.68,0.398093,
2016-05-03,7.50399249,1.24184006,1.85866473,8.39,4.99492066,1.48,16.49692662,2.97151017,8.45250025,,3.35757414,2.69657995,2.61,7.77,,2.33,1.41388604,4.49332982,,5.76,26.693944,0.29090842,56.0,1.32400004,3.95999559,2.48477018,0.09811766,,6.65,0.398093,
2016-05-04,7.4999925,1.19047441,1.79999819,8.15,4.31933248,1.38,15.78991511,2.95680871,8.375,,3.27272569,2.61588429,2.5,7.45,,2.3,1.36110831,4.31110774,,5.68,26.781753,0.27151453,52.5,1.26000003,3.76799581,2.33417805,0.09694119,,6.2,0.389439,
2016-05-05,7.4666592,1.23277553,1.79999819,8.28,5.01516062,1.42,15.94944692,2.97332719,7.76499975,,3.15757423,2.65623212,2.54,7.77,,2.36,1.37221946,4.40888544,,5.736,27.04518,0.27927209,53.400002,1.25400003,3.79199578,2.40006211,0.09764707,,6.3,0.398093,
2016-05-08,7.33999266,1.23579704,1.80666485,8.24,5.0755147,1.42,15.83704955,2.97332719,9.5,,3.18484695,2.68985531,2.53,7.79,,2.33,1.36110831,4.51110759,,5.72,26.869562,0.28702964,53.650002,1.30000004,3.77999579,2.40947412,0.09670589,,6.27,0.398093,
2016-05-09,7.25865941,1.21766799,1.80666485,8.25,5.0755147,1.43,16.12348007,2.97332719,9.75,,3.18484695,2.69657995,2.56,8.15,,2.36,1.3694416,4.5999964,,5.76,26.729067,0.2947872,53.799999,1.29600003,3.77999579,2.44712215,0.09788236,,6.37,0.398093,
2016-05-10,7.29265937,1.22673252,1.79999819,8.15,4.61279761,1.41,16.13073183,2.98984568,9.76249975,,3.21211966,2.68985531,2.54,8.05,,2.37,1.36805274,4.5022187,,5.648,27.396417,0.29090842,53.799999,1.25000003,3.79799577,2.43771014,0.09764707,,6.36,0.398093,
2016-05-11,7.3999926,1.18140989,1.7866648,8.25,4.51220729,1.39,16.11622867,2.98984568,9.92500025,,3.15757423,2.62260893,2.47,7.98,,2.41,1.33221946,4.404441,,5.64,28.098889,0.28315087,53.02,1.21000003,3.79199578,2.35300207,0.0962353,,6.25,0.398093,
2016-05-12,7.3999926,1.19349592,1.79999819,8.45,3.99488416,1.38,15.8225464,2.98984568,9.625,,3.16060454,2.62933357,2.47,7.96,,2.42,1.33333059,4.44444097,,5.68,29.855069,0.27927209,53.779999,1.21600003,3.81599575,2.35300207,0.09529413,,6.25,0.398093,
2016-05-15,7.3999926,1.18443139,1.77799821,8.2,3.70460841,1.36,15.95307189,2.98984568,9.4425,,3.21211966,2.60243502,2.43,7.82,,2.38,1.30638618,4.39555212,,5.672,27.055717,0.27539331,54.0,1.18200003,3.71999586,2.31535403,0.09505883,,6.15,0.389439,
2016-05-16,7.3999926,1.17536687,1.80666485,8.28,3.70460841,1.3,15.59050208,2.98984568,9.0625,,3.12424092,2.58898574,2.31,7.71,,2.33,1.3149973,4.43110765,,5.68,27.39993,0.27539331,53.450001,1.14000003,3.65999593,2.25888198,0.09411766,,5.9,0.389439,
2016-05-17,7.3999926,1.1511948,1.80333145,8.4,3.46606497,1.3,15.88055757,2.97332719,9.0625,,3.18181665,2.62260893,2.34,7.8,,2.34,1.31888618,4.51555203,,5.68,27.062743,0.27927209,53.98,1.15800003,3.64799594,2.28711801,0.09600001,,5.95,0.389439,
2016-05-18,7.25865941,1.19047441,1.86599812,8.56,3.9517739,1.35,16.17061306,2.89915903,8.875,,3.34848323,2.64950748,2.48,8.11,,2.39,1.3819416,4.84444066,,5.6,27.431539,0.29090842,54.849998,1.18400003,3.74999583,2.42829813,0.09835295,,6.2,0.389439,
2016-05-19,7.03665963,1.1511948,1.84666487,8.3,3.9517739,1.29,16.10172552,2.97332719,8.75749975,,3.22727117,2.57553646,2.37,7.97,,2.35,1.3249973,4.64444081,,5.68,28.105912,0.28315087,53.060001,1.12000003,3.65399593,2.35300207,0.09576472,,6.04,0.372131,
2016-05-22,7.14065952,1.16630234,1.92666473,8.4,3.9517739,1.32,15.78266372,2.97316217,9.21,,3.19696816,2.64278285,2.44,7.93,,2.35,1.33305287,4.67110746,,5.688,31.347823,0.28702964,53.0,1.14000003,3.6839959,2.37182608,0.09764707,,6.05,0.380785,
2016-05-23,7.0666596,1.16630234,1.93666465,8.35,3.9517739,1.3,15.63763652,2.97332719,8.75749975,,3.19999846,2.62260893,2.37,7.97,,2.32,1.30277516,4.66666302,,5.704,29.858582,0.28315087,52.509998,1.10800003,3.65999593,2.37182608,0.09882354,,5.98,0.372131,
2016-05-24,7.1999928,1.14817329,1.93399805,8.4,3.59252173,1.29,15.32219969,2.97365756,8.73750025,,3.18181665,2.61588429,2.37,8.1,,2.33,1.30860845,4.78666293,,5.68,29.862093,0.28315087,53.5,1.11800003,3.62399597,2.34359006,0.09835295,,5.95,0.372131,
2016-05-25,7.5333258,1.17838838,1.99999799,8.4,3.59252173,1.3,15.41284214,2.97332719,9.32499975,,3.17575604,2.59571038,2.42,8.28,,2.34,1.33333059,4.8488851,,5.536,29.855069,0.28702964,53.790001,1.15000003,3.73199585,2.37182608,0.09882354,,6.05,0.363476,
2016-05-26,7.45999254,1.17838838,2.06999785,8.36,3.6528761,1.31,15.44184845,2.97332719,9.2,,3.18787725,2.62260893,2.44,8.4,,2.34,1.31416399,4.89332951,,5.52,29.890192,0.28702964,53.700001,1.11400003,3.71999586,2.38123809,0.09811766,,6.09,0.363476,
2016-05-29,7.34399265,1.16328083,2.00999798,8.33,3.59252173,1.3,15.40921717,2.87421628,9.1899995,,3.11515001,2.56881183,2.42,8.28,,2.33,1.32110842,4.91110727,,5.6,29.872632,0.28702964,53.110001,1.09400003,3.79799577,2.37182608,0.09811766,,6.06,0.363476,
2016-05-30,7.333326,1.14817329,2.06666459,8.21,3.54653745,1.28,15.41284214,2.80814236,9.05,,3.0939379,2.55536255,2.39,8.4,,2.33,1.31110844,4.88888507,,5.6,29.890192,0.28315087,53.5,1.09800003,3.77999579,2.34359006,0.09788236,,6.03,0.354822,
2016-05-31,7.333326,1.14817329,2.0173313,8.3,3.51779728,1.27,15.22793226,2.97332719,8.925,,3.10908941,2.51501472,2.36,8.42,,2.35,1.30499732,4.99110721,,5.712,29.855069,0.27927209,54.0,1.07000003,3.8639957,2.33417805,0.09529413,,5.94,0.346168,
2016-06-01,7.333326,1.12702273,2.03999795,8.29,3.19303331,1.26,15.44547343,2.97332719,8.9750005,,3.0939379,2.54191327,2.36,8.95,,2.5,1.28360845,5.03555162,,5.6,29.890192,0.27539331,54.689999,1.05600003,3.84599572,2.30594202,0.09435295,,5.82,0.337514,
2016-06-02,7.32065934,1.15421631,2.03533135,8.17,3.49193112,1.27,15.60863021,3.02288265,9.125,,3.15757423,2.54863791,2.4,9.18,,2.6,1.33888617,5.23110702,,5.6,31.260014,0.27927209,55.98,1.09000003,3.80399577,2.35300207,0.0964706,,5.9,0.337514,
2016-06-05,7.33999266,1.15421631,2.06466452,8.2,3.48618309,1.27,15.55787079,3.02288265,9.2,,3.15757423,2.55536255,2.44,9.19,,2.56,1.33610831,5.26666255,,5.6,29.855069,0.27539331,56.700001,1.16000003,3.79799577,2.34359006,0.09835295,,5.92,0.337514,
2016-06-06,7.3999926,1.14817329,2.06733125,8.17,3.17578921,1.25,15.46360337,3.02288265,8.8999995,,3.10605911,2.62260893,2.41,9.1,,2.5,1.33888617,5.19110705,,5.608,29.855069,0.27539331,56.299999,1.16000003,3.77999579,2.35300207,0.0964706,,5.83,0.337514,
2016-06-07,7.33999266,1.13608726,2.09666462,8.13,3.33386017,1.22,15.81167003,3.02288265,8.75,,3.16666514,2.60243502,2.42,8.95,,2.53,1.36305275,5.41777354,,5.576,29.855069,0.27539331,57.900002,1.13600003,3.77999579,2.36241407,0.09600001,,5.84,0.32886,
2016-06-08,7.33465933,1.16630234,2.13266452,8.2,3.49193112,1.25,16.02558622,3.02354323,8.26,,3.0939379,2.65623212,2.5,9.18,,2.59,1.39444161,5.52444013,,5.728,29.855069,0.27927209,58.889999,1.11200003,3.77999579,2.51300621,0.09835295,,6.08,0.32886,
2016-06-09,7.33465933,1.1874529,2.1486645,8.16,3.49193112,1.23,15.94944692,2.97332719,8.425,,3.16666514,2.66295676,2.49,9.32,,2.55,1.39583046,5.29777364,,5.56,29.855069,0.27539331,57.939999,1.10000003,3.77999579,2.49418219,0.09835295,,6.04,0.320205,
2016-06-12,7.33665933,1.16328083,2.17333101,8.14,3.17578921,1.22,15.89143575,2.97497922,8.9399995,,3.18181665,2.58898574,2.43,9.41,,2.54,1.38860831,5.27555143,,5.56,29.855069,0.25987819,58.240002,1.07000003,3.74999583,2.5035942,0.09741177,,5.94,0.320205,
2016-06-13,7.333326,1.14817329,2.19333126,8.0,3.30799401,1.23,15.63401009,2.97332719,8.41,,3.16666514,2.63605821,2.43,9.55,,2.5,1.36138604,5.42666243,,5.576,29.855069,0.25599941,58.459999,1.07000003,3.71999586,2.52241821,0.09670589,,5.96,0.320205,
2016-06-14,7.333326,1.13608726,2.14333131,7.65,3.35397829,1.23,15.77178699,2.97332719,7.65,,3.16666514,2.54863791,2.39,9.49,,2.5,1.34721945,5.33332916,,5.72,29.855069,0.24436308,56.029999,1.07600003,3.65999593,2.49418219,0.09435295,,5.93,0.32886,
2016-06-15,7.30665936,1.13306575,2.14666457,7.57,3.31086803,1.2,15.52161418,2.90758364,7.875,,3.16666514,2.50829008,2.36,9.32,,2.38,1.34721945,5.16888485,,5.696,29.855069,0.2404843,55.470001,1.05000003,3.61199598,2.40006211,0.09411766,,5.9,0.32886,
2016-06-16,7.333326,1.12097971,2.09466456,7.6,3.16429314,1.18,15.19530098,2.97332719,8.615,,3.16666514,2.48139153,2.32,9.23,,2.58,1.33305287,5.11110712,,5.6,29.855069,0.23660552,55.029999,1.03200003,3.54599605,2.40947412,0.09435295,,5.79,0.337514,
2016-06-19,7.3999926,1.12097971,2.13266452,7.52,3.14704904,1.19,15.23518366,2.97332719,8.05,,3.16666514,2.52173936,2.32,8.91,,2.51,1.31527502,5.09332935,,5.76,29.855069,0.23660552,55.439999,1.04400003,3.58199601,2.43771014,0.09435295,,5.92,0.354822,
2016-06-20,7.4666592,1.09378613,2.02666463,7.3,3.0751986,1.17,15.08290361,2.97316217,8.0249995,,3.16666514,2.38724659,2.26,8.5,,2.4,1.27805287,4.88888507,,5.68,29.855069,0.22496918,54.0,1.01400003,3.4139962,2.37182608,0.09341177,,5.59,0.354822,
2016-06-21,7.40065926,1.11493669,2.03266462,7.11,2.85102525,1.15,15.20980413,2.97316217,7.755,,3.16666514,2.43431906,2.25,8.35,,2.5,1.27777515,4.94221836,,5.72,29.855069,0.22496918,56.0,1.00200003,3.41999619,2.37182608,0.09411766,,5.6,0.354822,
2016-06-22,7.40065926,1.06357105,1.99999799,6.72,2.45153683,1.09,14.72396058,2.96870202,7.985,,3.00605916,2.42086978,2.27,8.3,,2.44,1.25055299,4.88888507,,5.72,29.855069,0.22496918,54.41,0.95400003,3.44999616,2.31535403,0.0922353,,5.44,0.354822,
2016-06-23,7.40465926,1.08472161,2.0186647,6.89,2.20149732,1.06,14.86536245,2.96919758,7.985,,3.16666514,2.39684039,2.24,8.29,,2.43,1.24444186,4.88888507,,5.608,30.202792,0.2210904,55.0,0.92600002,3.44999616,2.32241563,0.08894119,,5.4,0.354822,
2016-06-26,7.33665933,0.9759473,1.96666469,6.55,2.10378073,0.99,14.50279263,2.97299683,7.535,,3.03030157,2.16063003,2.16,7.91,,2.35,1.16694199,4.5777742,,5.04,30.202792,0.20945406,51.990002,0.85400002,3.13199652,2.18405896,0.08776471,,5.16,0.337514,
2016-06-27,7.32065934,1.02731294,1.93999805,6.2,2.48602504,1.0,14.6441945,2.96506795,7.5,,3.06363489,2.19536685,2.19,8.29,,2.24,1.22194199,4.71999631,,5.44,30.202792,0.20945406,51.73,0.87400002,3.2339964,2.21370682,0.08705883,,5.08,0.346168,
2016-06-28,7.28399271,1.00616238,1.96666469,6.2,2.48602504,0.98,14.41215018,2.97316217,7.465,,3.16666514,2.18841948,2.2,8.07,,2.22,1.19444199,4.6755519,,5.44,29.855069,0.21333284,52.0,0.89400002,3.13199652,2.16429372,0.08729413,,4.92,0.346168,
2016-06-29,7.333326,1.08472161,1.981998,6.47,2.48602504,1.0,14.51729579,2.97332719,7.5,,3.17575604,2.31347203,2.2,8.37,,2.26,1.21777528,4.79999625,,5.6,28.976979,0.21333284,52.98,0.95000003,3.08399657,2.2038242,0.08964707,,4.95,0.346168,
2016-07-03,7.24665942,1.03637747,1.99999799,6.7,2.48602504,0.99,14.50279263,2.97332719,7.5,,3.0909076,2.39684039,2.19,8.22,,2.25,1.27610846,4.79555181,,5.6,29.855069,0.21333284,53.0,0.95000003,3.17999646,2.21370682,0.08941177,,4.89,0.354822,
2016-07-04,7.33465933,1.07263557,2.03333129,6.8,2.48315102,1.01,14.44478146,2.97332719,7.5,,3.11818031,2.36210357,2.21,8.33,,2.26,1.26388629,4.89332951,,5.6,29.855069,0.21721162,53.880001,0.94800003,3.17999646,2.30265039,0.09317648,,5.03,0.363476,
2016-07-10,7.90999209,1.09378613,2.1199978,7.14,2.48602504,1.04,15.04664735,2.97398777,7.5,,3.33333173,2.52884029,2.38,8.6,,2.37,1.36110831,5.26666255,,5.6,28.801361,0.22496918,54.700001,0.93200003,3.4139962,2.46077231,0.09388236,,5.5,0.363476,
2016-07-11,7.8666588,1.08774312,2.13333119,7.05,2.48602504,1.07,15.71015084,2.97332719,7.45,,3.03333187,2.49410348,2.47,8.85,,2.41,1.41666376,5.46221795,,5.6,29.855069,0.22884796,55.349998,0.94200003,3.53999606,2.53983327,0.09176471,,5.83,0.380785,
2016-07-12,7.37999262,1.04242049,2.1866644,6.66,2.48602504,1.04,15.51798775,2.98984568,7.45,,3.0909076,2.32041939,2.38,8.520001,,2.31,1.31138617,5.19999594,,5.52,29.855069,0.2210904,54.049999,0.89600002,3.38999623,2.42124183,0.09129413,,5.4,0.363476,
2016-07-13,7.4666592,1.06357105,2.23533102,6.75,2.48602504,1.05,15.58687711,2.98720273,7.5,,3.33333173,2.39684039,2.42,9.15,,2.36,1.38333046,5.39555134,,5.528,29.855069,0.22496918,54.689999,0.91000002,3.40199621,2.46077231,0.09200001,,5.57,0.372131,
2016-07-14,7.35065931,1.06961406,2.26333112,6.65,2.48602504,1.04,15.40921717,2.9914977,7.36,,3.12121062,2.36905093,2.39,9.04,,2.37,1.40305262,5.25777367,,5.32,29.855069,0.2210904,54.700001,0.89400002,3.4139962,2.48053755,0.0922353,,5.58,0.372131,
2016-07-17,7.3999926,1.06659256,2.26733092,6.59,2.48602504,1.04,15.41284214,2.9914977,7.35,,3.12121062,2.32041939,2.38,9.14,,2.31,1.38888603,5.31110696,,5.536,29.855069,0.2210904,54.25,0.88800002,3.44999616,2.47065493,0.09082354,,5.62,0.380785,
2016-07-18,7.5333258,1.10285066,2.28333103,6.68,2.38543443,1.06,15.57237395,2.99810492,7.25,,3.12121062,2.43157721,2.55,9.47,,2.36,1.42971931,5.38666246,,5.44,29.855069,0.22496918,54.73,0.89000002,3.41999619,2.55959851,0.09294119,,5.69,0.441364,
2016-07-19,7.5999924,1.08774312,2.2806643,6.35,2.26185168,1.04,15.60863021,3.0129714,7.295,,3.33333173,2.36210357,2.53,9.4,,2.31,1.38860831,5.28888476,,5.232,29.855069,0.2210904,53.5,0.87000002,3.37199625,2.51018541,0.09058824,,5.59,0.415402,
2016-07-20,7.5999924,1.10889368,2.28399757,6.37,2.29921391,1.04,15.59412705,3.01049379,7.315,,3.33333173,2.36210357,2.54,9.38,,2.3,1.37083046,5.26666255,,5.28,29.855069,0.21721162,52.93,0.92000002,3.35999626,2.52995065,0.09082354,,5.59,0.415402,
2016-07-21,7.5999924,1.10285066,2.253331,6.16,2.2158674,1.0,15.40921717,3.01049379,7.15,,3.33333173,2.32736675,2.43,9.16,,2.25,1.36110831,5.10666268,,5.28,29.855069,0.21333284,51.740002,0.89400002,3.24599639,2.42124183,0.0884706,,5.4,0.398093,
2016-07-24,7.5999924,1.11493669,2.28933103,6.49,2.2158674,1.0,15.40921717,3.01065881,7.175,,3.33333173,2.32041939,2.44,9.19,,2.28,1.4152749,5.22221814,,5.52,29.855069,0.21333284,52.0,0.90400002,3.30599632,2.48053755,0.08894119,,5.41,0.398093,
2016-07-25,7.4666592,1.10285066,2.29199776,6.38,2.2158674,1.0,15.39108904,3.01065881,7.35,,3.32727112,2.36210357,2.42,9.0,,2.26,1.41721931,5.2177737,,4.968,29.890192,0.20945406,51.16,0.92600002,3.2399964,2.45088969,0.08752942,,5.3,0.398093,
2016-07-26,7.5999924,1.1179582,2.29999768,6.53,2.2158674,1.01,15.6702678,3.01065881,7.445,,3.33333173,2.42462984,2.51,8.97,,2.3,1.44166376,5.32444028,,5.144,29.890192,0.20945406,53.779999,0.95600003,3.17999646,2.51018541,0.0882353,,5.4,0.406747,
2016-07-27,7.48132585,1.12400122,2.33266445,6.73,2.2158674,1.01,15.95307189,3.10051953,7.25,,3.33636203,2.46631402,2.53,9.0,,2.29,1.48194134,5.46666239,,4.896,27.536912,0.2210904,54.02,0.95800003,3.12599652,2.55959851,0.08988236,,5.58,0.406747,
2016-07-28,7.46999253,1.14817329,2.3533309,7.0,2.35669426,1.02,16.42441229,3.0557546,7.3,,3.33333173,2.48020875,2.57,9.0,,2.32,1.47360806,5.77777326,,5.0,29.855069,0.2210904,55.0,0.94800003,3.17999646,2.57936375,0.08917648,,5.64,0.398093,
2016-07-31,7.5273258,1.13306575,2.29466422,6.86,2.2158674,1.01,17.15317835,3.08350549,7.25,,3.33333173,2.39684039,2.52,9.25,,2.26,1.49999692,5.79555103,,4.92,29.855069,0.21721162,56.0,0.93200003,2.99999666,2.57936375,0.0882353,,5.57,0.389439,
2016-08-01,7.48332585,1.13306575,2.43333088,6.9,2.2158674,1.01,17.1314238,3.02288265,7.275,,3.33333173,2.43157721,2.53,9.25,,2.22,1.48888577,5.73332885,,4.824,29.855069,0.21333284,55.200001,0.92200002,3.11999653,2.53983327,0.08729413,,5.48,0.398093,
2016-08-02,7.47332586,1.10587217,2.44533087,6.95,2.2158674,1.01,17.1314238,3.08895659,7.25,,3.33333173,2.44547193,2.51,9.16,,2.23,1.49999692,5.81777323,,4.52,29.855069,0.21721162,56.0,0.92000002,3.10199655,2.58924637,0.08752942,,5.39,0.389439,
2016-08-03,7.47665919,1.12702273,2.39866425,6.98,2.2158674,1.01,17.04078134,3.08978251,7.125,,3.33333173,2.45936666,2.52,9.2,,2.23,1.53888578,5.74666218,,4.672,29.855069,0.21721162,57.990002,0.94000003,3.31199632,2.61889423,0.0882353,,5.5,0.398093,
2016-08-04,7.48399251,1.16630234,2.39333106,6.96,2.2158674,1.03,17.47223906,3.1684105,7.15,,3.33333173,2.48020875,2.56,9.23,,2.29,1.56110793,5.87555096,,4.64,29.855069,0.22496918,58.25,0.93600003,3.35999626,2.66830732,0.08964707,,5.7,0.406747,
2016-08-07,7.5666591,1.17536687,2.37266428,6.82,2.2158674,1.01,17.91094962,3.17980825,6.805,,3.33333173,2.46631402,2.53,9.2,,2.29,1.52749692,5.96443978,,4.48,30.557542,0.2210904,59.25,0.90600002,3.65999593,2.60901161,0.09035295,,5.69,0.398093,
2016-08-08,7.5666591,1.20558195,2.43666415,6.77,2.2158674,1.02,17.94358091,3.32005035,6.675,,3.33636203,2.68168229,2.64,9.3,,2.42,1.52833019,5.99999531,,4.4,30.627788,0.2210904,60.630001,0.95200003,3.86999569,2.64854208,0.08988236,,5.78,0.398093,
2016-08-09,7.5333258,1.23881855,2.53333078,6.74,2.47452897,1.04,17.76592097,3.33144778,6.4,,3.49999831,2.59831393,2.6,9.3,,2.39,1.54305236,5.99999531,,4.36,29.855069,0.23272674,60.0,0.92800003,4.13999539,2.63865946,0.09011766,,5.7,0.389439,
2016-08-10,7.5333258,1.22673252,2.50666401,6.67,2.72169446,1.06,17.58463607,3.30369689,5.505,,3.35151354,2.59831393,2.65,9.6,,2.44,1.5266635,5.83110655,,4.296,29.855069,0.24436308,60.610001,0.95000003,3.87599569,2.56948113,0.09152942,,5.7,0.406747,
2016-08-11,7.53465913,1.23579704,2.51666413,6.8,2.9918521,1.1,18.05960289,3.30369689,5.41,,3.33333173,2.56357711,2.7,9.55,,2.43,1.54999679,5.91110649,,4.216,29.152597,0.2404843,63.990002,1.04000003,3.86999569,2.60901161,0.09270589,,5.86,0.398093,
2016-08-14,7.5666591,1.22673252,2.54999743,6.8,3.2907499,1.07,18.3097757,3.30369689,5.3,,3.27272569,2.57052447,2.7,9.5,,2.53,1.53610793,5.86221764,,4.216,29.855069,0.23272674,63.060001,1.00000003,3.94799561,2.57936375,0.08941177,,6.0,0.398093,
2016-08-15,7.5333258,1.22975402,2.51799747,6.8,3.2907499,1.09,18.48380921,3.38628931,5.205,,3.42424077,2.5844192,2.75,9.57,,2.52,1.55555236,5.90221761,,4.528,29.858582,0.2404843,64.199997,1.03200003,4.19999533,2.63865946,0.09105883,,6.15,0.406747,
2016-08-16,7.48999251,1.23579704,2.52999752,7.21,3.2907499,1.06,18.79924422,3.30402726,5.025,,3.4757559,2.54968238,2.69,9.5,,2.47,1.52221907,5.77777326,,4.248,31.084396,0.23272674,63.98,1.03600003,4.19399533,2.57936375,0.09058824,,5.97,0.398093,
2016-08-17,7.33465933,1.21464648,2.50399755,7.19,3.2907499,1.04,18.67234551,3.30700059,4.865,,3.48787711,2.45936666,2.62,9.4,,2.43,1.52777464,5.72443997,,4.056,30.557542,0.22884796,62.25,1.01200003,4.25399527,2.52995065,0.09294119,,5.97,0.406747,
2016-08-18,7.34132599,1.22673252,2.46799752,6.85,3.2907499,1.04,18.67234551,3.36977083,5.105,,3.51514982,2.46631402,2.63,9.55,,2.44,1.61666337,5.61777339,,4.16,29.960441,0.22884796,63.240002,1.02200003,4.3139952,2.53983327,0.09552942,,6.09,0.398093,
2016-08-21,7.48332585,1.20860346,2.4806641,6.73,3.2907499,1.03,18.3097757,3.36977083,5.6,,3.4848468,2.46631402,2.63,9.6,,2.44,1.57221894,5.61777339,,4.16,29.869119,0.22884796,62.5,1.10200003,4.4039951,2.52006803,0.09411766,,6.15,0.406747,
2016-08-22,7.3999926,1.2901842,2.46666418,6.69,2.9918521,1.03,18.38229002,3.46805581,5.965,,3.56060434,2.46631402,2.64,9.94,,2.49,1.60277451,5.67110668,,4.288,29.872632,0.23272674,62.150002,1.10000003,4.34399517,2.53983327,0.09435295,,6.13,0.406747,
2016-08-23,7.79665887,1.27205515,2.46599765,6.5,2.98035603,1.02,17.80580402,3.46888174,5.65,,3.42424077,2.54968238,2.58,9.76,,2.45,1.53610793,5.55555121,,4.248,27.431539,0.2210904,60.009998,1.09000003,4.24799527,2.47065493,0.09411766,,5.99,0.398093,
2016-08-24,7.4353259,1.26903364,2.46666418,6.7,2.96885996,1.01,17.77317237,3.46888174,5.425,,3.51514982,2.61220866,2.54,9.92,,2.5,1.55110792,5.5111068,,4.16,29.409001,0.22496918,61.970001,1.05200003,4.36199515,2.47065493,0.09411766,,6.05,0.398093,
2016-08-25,7.6999923,1.22975402,2.53266425,7.09,2.96023791,1.03,17.90369787,3.48127059,5.4,,3.51514982,2.57052447,2.47,9.9,,2.43,1.53471907,5.55555121,,4.136,28.274507,0.22496918,61.5,1.05600003,4.31999519,2.46077231,0.09105883,,6.05,0.398093,
2016-08-28,7.66599233,1.17536687,2.54066418,6.99,3.20452938,1.01,17.76592097,3.55130914,5.15,,3.40908927,2.48715611,2.4,9.8,,2.34,1.50305249,5.53332901,,4.064,28.801361,0.21721162,61.349998,1.04400003,4.03799551,2.43112445,0.09058824,,5.84,0.389439,
2016-08-29,7.7333256,1.16932385,2.56666408,6.86,3.19303331,1.01,17.80217723,3.58451113,5.15,,3.36363474,2.47326139,2.44,9.8,,2.35,1.51388578,5.47555128,,4.064,28.804874,0.21721162,62.0,1.03800003,4.01399553,2.43112445,0.09082354,,5.8,0.389439,
2016-08-30,7.7333256,1.14817329,2.53533071,6.77,2.86826935,1.0,17.43960741,3.55147416,5.24,,3.35757414,2.51494557,2.4,9.8,,2.3,1.50277463,5.43999575,,3.92,28.801361,0.21721162,62.099998,0.99600003,4.01999553,2.40147659,0.08752942,,5.7,0.389439,
2016-08-31,7.48999251,1.17838838,2.55933069,6.9,2.93724577,1.01,17.49399361,3.55147416,5.275,,3.36363474,2.54968238,2.45,10.6,,2.37,1.52777464,5.5644401,,4.04,28.801361,0.2210904,63.799999,1.02000003,4.18199535,2.44100707,0.09458824,,5.84,0.389439,
2016-09-01,7.4999925,1.17838838,2.54333091,6.67,2.810789,1.0,17.63902226,3.55147416,5.2,,3.36363474,2.51494557,2.42,10.01,,2.37,1.54999679,5.5644401,,3.92,28.450125,0.21721162,63.889999,0.99600003,4.11599542,2.43112445,0.09176471,,5.74,0.389439,
2016-09-04,7.4666592,1.16328083,2.56666408,6.7,2.86826935,1.0,17.58463607,3.87523662,5.18,,3.36363474,2.50105084,2.42,10.04,,2.36,1.50971906,5.70221777,,3.904,28.450125,0.21721162,64.220001,1.00000003,4.07399547,2.48053755,0.09176471,,5.69,0.398093,
2016-09-05,7.45332588,1.17536687,2.56666408,6.8,3.34535624,1.0,18.05597646,3.71665899,5.16,,3.36363474,2.56357711,2.42,10.05,,2.36,1.56388565,5.77777326,,3.872,28.783798,0.21721162,66.489998,1.01800003,4.57199491,2.47065493,0.09082354,,5.73,0.398093,
2016-09-06,7.666659,1.15421631,2.59999738,6.79,2.91712764,0.99,17.94720588,3.71665899,5.15,,3.43939228,2.6608402,2.41,10.0,,2.32,1.53221907,5.71110665,,3.76,29.819946,0.21721162,69.0,1.00400003,4.52399497,2.44100707,0.08964707,,5.76,0.389439,
2016-09-07,7.33999266,1.12702273,2.60999751,6.58,2.78779686,0.98,17.89281968,3.63406659,5.025,,3.4848468,2.69557702,2.33,9.86,,2.24,1.51110806,5.61332895,,3.64,28.976979,0.21333284,69.220001,0.98000003,4.43999506,2.39159397,0.09058824,,5.69,0.389439,
2016-09-08,7.5939924,1.1179582,2.53333078,6.49,2.79067088,0.99,17.86744016,3.79743439,5.0,,3.42424077,2.60526129,2.33,9.86,,2.32,1.52694133,5.54221789,,3.656,29.047225,0.21721162,69.959999,0.97400003,4.55399493,2.44100707,0.08988236,,5.68,0.389439,
2016-09-14,7.5999924,1.12097971,2.51333087,6.53,2.79067088,0.99,17.94720588,3.51034297,5.06,,3.42424077,2.57052447,2.35,9.6,,2.32,1.49166363,5.46666239,,3.648,29.869119,0.21333284,69.019997,1.01000003,4.79999466,2.42124183,0.09152942,,5.62,0.389439,
2016-09-15,7.59932573,1.13306575,2.56666408,6.46,2.79067088,0.98,17.91094962,3.63406659,5.0,,3.18484695,2.52189293,2.36,9.68,,2.26,1.47388589,5.47110683,,3.624,29.869119,0.21721162,69.400002,0.97000003,4.78799467,2.41135921,0.09764707,,5.6,0.380785,
2016-09-18,7.5999924,1.09680764,2.50333075,6.17,2.79067088,0.96,17.43960741,3.50191871,4.93,,3.42424077,2.46631402,2.28,9.55,,2.23,1.44555261,5.47555128,,3.408,28.362316,0.21333284,70.139999,0.95200003,4.67999479,2.40147659,0.09717648,,5.34,0.389439,
2016-09-19,7.5999924,1.09076463,2.51066414,6.18,2.95736389,0.95,17.42147929,3.61573106,4.825,,3.42424077,2.47326139,2.32,9.19,,2.24,1.4572192,5.4888846,,3.4,28.32368,0.20945406,70.050003,0.93600003,4.69799477,2.37182873,0.09976472,,5.22,0.380785,
2016-09-20,7.65799234,1.13004424,2.53333078,6.22,3.07807262,0.95,17.60276419,3.48573059,4.805,,3.42424077,2.50105084,2.34,9.4,,2.25,1.47166364,5.53777345,,3.456,28.450125,0.21721162,71.699997,0.91600002,4.75199471,2.42124183,0.10000001,,5.36,0.380785,
2016-09-21,7.6333257,1.12400122,2.50133082,6.18,2.79641891,0.94,17.58463607,3.4535197,4.95,,3.24242268,2.46631402,2.32,9.42,,2.23,1.41777489,5.52444013,,3.36,28.801361,0.21333284,71.459999,0.90000002,4.67999479,2.39159397,0.10141177,,5.44,0.380785,
2016-09-22,7.61799238,1.10587217,2.48399737,5.68,3.04358441,0.91,17.40335116,3.52620088,4.835,,3.23333177,2.39684039,2.27,9.1,,2.18,1.41138602,5.45777351,,3.208,27.754676,0.20945406,70.0,0.87000002,4.51799497,2.36194611,0.10211766,,5.34,0.380785,
2016-09-25,7.61799238,1.09680764,2.47666431,5.65,2.79929293,0.91,17.41785431,3.55147416,4.835,,3.23333177,2.43157721,2.28,9.38,,2.21,1.4152749,5.45332907,,3.208,28.62223,0.20945406,70.209999,0.88000002,4.52999496,2.35206349,0.10564707,,5.38,0.380785,
2016-09-26,7.6333257,1.09378613,2.58533066,5.59,2.79929293,0.9,17.49399361,3.35407827,4.995,,3.33333173,2.44547193,2.27,9.270001,,2.22,1.40166376,5.46221795,,3.296,27.761702,0.20945406,70.419998,0.87600002,4.5839949,2.33229825,0.10376472,,5.4,0.380785,
2016-09-27,7.6333257,1.11191519,2.56133062,5.48,2.79929293,0.9,17.7767977,3.35407827,4.99,,3.33939233,2.46631402,2.28,9.24,,2.23,1.4152749,5.49332904,,3.304,29.163134,0.20945406,70.410004,0.89600002,4.64399483,2.35206349,0.10329413,,5.46,0.372131,
2016-09-28,7.39532594,1.09076463,2.73133065,5.41,2.79929293,0.88,17.76592097,3.30369689,4.945,,3.33333173,2.42462984,2.26,9.17,,2.23,1.41471932,5.50666236,,3.344,29.163134,0.20945406,71.220001,0.89600002,4.66199481,2.34218087,0.10258825,,5.42,0.372131,
2016-09-29,7.35999264,1.07867859,2.63399722,5.19,2.79929293,0.87,17.60276419,3.30369689,4.945,,3.33333173,2.48020875,2.24,9.03,,2.2,1.40527489,5.53332901,,3.296,29.163134,0.20945406,70.25,0.90000002,4.60799487,2.37182873,0.10282354,,5.4,0.372131,
2016-10-03,7.50065916,1.06659256,2.65799726,5.08,2.79929293,0.84,17.43960741,3.42494256,4.785,,3.45757409,2.44547193,2.24,8.9,,2.18,1.41333046,5.54221789,,3.296,29.925315,0.20945406,70.769997,0.88400002,4.63799484,2.33229825,0.10517648,,5.4,0.380785,
2016-10-04,7.55132578,1.10285066,2.68599736,5.14,2.79929293,0.85,17.95445728,3.42494256,4.87,,3.43030138,2.47326139,2.33,9.1,,2.28,1.45860806,5.79110658,,3.472,27.800339,0.21721162,71.089996,0.88600002,4.91399453,2.42124183,0.10352942,,5.68,0.380785,
2016-10-05,7.60065906,1.10285066,2.68466396,5.14,2.79929293,0.84,18.2336364,3.47119432,4.79,,3.31514992,2.44547193,2.32,9.03,,2.25,1.45444148,5.9555509,,3.592,29.047225,0.21333284,71.07,0.86600002,5.09399433,2.38171135,0.09905883,,5.65,0.380785,
2016-10-09,7.7939922,1.11493669,2.72999732,5.28,2.79929293,0.84,18.82825053,3.50505722,4.815,,3.45757409,2.44547193,2.35,8.94,,2.25,1.46860807,6.11555078,,3.648,29.047225,0.21721162,72.019997,0.87000002,5.35799404,2.41135921,0.10564707,,5.69,0.380785,
2016-10-10,7.8666588,1.09076463,2.79399719,5.18,2.79929293,0.79,19.19444568,3.50191871,4.86,,3.4818165,2.40378775,2.33,8.76,,2.22,1.4563859,6.17777295,,3.584,29.047225,0.21721162,72.309998,0.86000002,5.45999393,2.43112445,0.10117648,,5.69,0.372131,
2016-10-11,7.66732566,1.06357105,2.80133051,4.95,2.79929293,0.75,19.19082035,3.50307515,4.845,,3.49393771,2.39684039,2.23,8.71,,2.17,1.40471934,6.11555078,,3.536,28.134012,0.20945406,71.059998,0.84200002,5.44799394,2.40147659,0.10258825,,5.5,0.354822,
2016-10-12,7.51132582,1.05450652,2.77399727,4.73,2.79929293,0.7,18.9406479,3.50241425,4.87,,3.49393771,2.33431412,2.18,8.61,,2.06,1.39083048,5.98666199,,3.376,28.134012,0.20557529,72.309998,0.81400002,5.32199408,2.37182873,0.10258825,,5.4,0.354822,
2016-10-13,7.46732586,1.045442,2.76733041,4.87,2.79929293,0.73,18.59257979,3.50191871,4.845,,3.49393771,2.32041939,2.19,8.51,,2.02,1.37666387,6.02666196,,3.36,28.119962,0.20945406,72.760002,0.79800002,5.36999403,2.37182873,0.10258825,,5.37,0.354822,
2016-10-16,7.56332577,1.06054954,2.75533069,4.92,2.79929293,0.74,19.31771942,3.50224907,4.925,,3.49393771,2.36210357,2.23,8.75,,2.05,1.45416362,6.3244395,,3.424,28.190211,0.21721162,76.410004,0.81200002,5.56199441,2.42124183,0.09952942,,5.62,0.346168,
2016-10-17,7.47999252,1.045442,2.76733041,4.69,3.07807262,0.72,19.06392164,3.50191871,4.67,,3.55454374,2.32041939,2.2,8.91,,1.94,1.4722192,6.248884,,3.36,28.190211,0.21333284,77.010002,0.80200002,5.47799391,2.38171135,0.10141177,,5.61,0.337514,
2016-10-18,7.34132599,1.00918389,2.40799751,4.46,3.07807262,0.69,18.72310492,3.49778908,4.325,,3.4727256,2.25094576,2.13,8.37,,1.86,1.45583034,6.11555078,,3.352,28.207771,0.2210904,77.07,0.78000002,5.28599412,2.26311992,0.09905883,,5.36,0.346168,
2016-10-19,7.34132599,0.99407635,2.36799762,4.44,3.38559248,0.66,18.85725539,3.50191871,4.1,,3.36666504,2.19536685,2.09,8.23,,1.83,1.45833034,6.13777298,,3.248,28.207771,0.21721162,79.550003,0.75600002,5.11799431,2.27300254,0.1004706,,5.27,0.337514,
2016-10-20,6.68865998,0.96688277,2.4219977,4.53,3.72185251,0.66,18.78111609,3.48490466,4.03,,3.36666504,2.09810376,2.01,8.14,,1.84,1.44166376,6.25332845,,3.232,28.134012,0.21333284,80.370003,0.73800002,5.06399437,2.23347206,0.10070589,,5.23,0.346168,
2016-10-23,7.1666595,0.97896881,2.52399753,4.71,3.72185251,0.66,18.87175855,3.47202025,4.125,,3.40302866,2.13284058,2.03,8.29,,1.88,1.51944135,6.52888379,,3.28,27.375343,0.21333284,84.099998,0.76000002,5.27999413,2.26311992,0.1004706,,5.3,0.346168,
2016-10-24,6.81932651,0.95781824,2.53599751,4.63,3.72185251,0.65,18.85725539,3.47202025,4.02,,3.40302866,2.1467353,2.0,8.25,,1.86,1.59360781,6.54221711,,3.2,27.375343,0.20945406,84.75,0.74400002,5.20199421,2.24335468,0.09976472,,5.32,0.337514,
2016-10-25,6.81932651,0.9759473,2.53266425,4.72,3.72185251,0.64,18.78836785,3.49531147,3.975,,3.40302866,2.16063003,1.95,8.24,,1.85,1.58888565,6.59110596,,3.0,27.115427,0.20557529,84.910004,0.73800002,5.06399437,2.22358944,0.09976472,,5.35,0.337514,
2016-10-26,6.73399326,0.96688277,2.50799741,4.86,3.72185251,0.65,18.74848481,3.50191871,4.125,,3.40302866,2.33431412,1.95,8.44,,1.86,1.59749666,6.75110583,,3.12,27.125966,0.20945406,85.760002,0.75200002,4.99799444,2.22358944,0.09882354,,5.48,0.354822,
2016-10-27,6.67065999,0.96990428,2.53266425,4.99,3.72185251,0.69,18.67234551,3.48473964,4.205,,3.56060434,2.26484048,1.99,8.48,,1.91,1.58583007,6.83110577,,3.0,27.336707,0.20945406,85.0,0.75600002,5.02199441,2.22358944,0.09811766,,5.6,0.363476,
2016-10-30,6.92865974,0.99709786,2.62799722,5.25,3.72185251,0.72,18.80287101,3.45682323,4.49,,3.63333158,2.28568257,2.09,8.7,,1.98,1.61471893,6.83999465,,3.096,27.442076,0.21333284,85.150002,0.79000002,5.1239943,2.28288515,0.09741177,,5.66,0.363476,
2016-10-31,6.92865974,0.99105484,2.60266411,5.35,3.72185251,0.72,18.81737416,3.45682323,4.5100005,,3.72121033,2.30652466,2.13,8.64,,1.98,1.63194109,6.84888354,,3.096,27.445589,0.21721162,86.330002,0.78000002,5.09399433,2.27300254,0.09811766,,5.61,0.363476,
2016-11-01,6.92865974,0.99709786,2.63999721,5.34,3.72185251,0.71,18.74123341,3.46276989,4.63,,3.6757558,2.27178785,2.15,8.76,,1.98,1.62277439,6.964439,,3.136,27.705503,0.21721162,89.699997,0.77400002,5.35799404,2.26311992,0.0964706,,5.67,0.363476,
2016-11-02,6.86332647,1.00011937,2.63199735,5.35,3.72185251,0.75,18.82462411,3.43733143,5.005,,3.34545293,2.26484048,2.18,8.58,,1.98,1.62527438,7.03555006,,3.24,28.976979,0.21721162,91.93,0.78000002,5.43599395,2.29276777,0.09552942,,5.81,0.354822,
2016-11-03,6.85265981,1.01522691,2.60799731,5.33,3.65000208,0.77,18.91889299,3.30898297,5.16,,3.34545293,2.28568257,2.18,8.62,,2.01,1.61166335,7.07999447,,3.312,27.519348,0.22496918,91.209999,0.80000002,5.47799391,2.33229825,0.09600001,,5.96,0.354822,
2016-11-06,7.19265947,1.06054954,2.56133062,5.63,3.73047456,0.76,19.99935104,3.38628931,5.515,,3.64545279,2.30652466,2.23,8.94,,2.17,1.64138552,7.03555006,,3.456,28.355292,0.22884796,87.910004,0.81600002,5.51399387,2.36194611,0.09882354,,6.24,0.363476,
2016-11-07,6.94265972,1.11493669,2.55266416,6.07,3.94889989,0.76,21.4496303,3.49613707,5.795,,3.4696953,2.31347203,2.34,9.32,,2.36,1.64555223,7.37777201,,3.68,28.137525,0.23660552,89.160004,0.81000002,5.69399366,2.46077231,0.09952942,,6.58,0.372131,
2016-11-08,7.06532627,1.14515178,2.56733062,6.46,3.94889989,0.79,23.13195388,3.5988822,6.045,,3.36969534,2.36210357,2.47,9.57,,2.64,1.67860766,7.61777138,,3.936,28.137525,0.25212063,88.959999,0.83600002,6.0239933,2.57936375,0.09811766,,6.82,0.363476,
2016-11-09,6.66066027,1.21464648,2.56466415,6.49,3.94889989,0.79,23.67943394,3.94676131,6.25,,3.43030138,2.36210357,2.48,9.6,,2.77,1.70582983,7.51999412,,4.296,28.390415,0.25599941,86.279999,0.81400002,5.89799344,2.57936375,0.0964706,,6.8,0.380785,
2016-11-10,6.74465992,1.24788308,2.7159974,6.82,3.89429356,0.82,23.59966786,4.31132444,6.545,,3.53333163,2.35515621,2.52,9.82,,2.71,1.68582984,7.79999346,,4.328,28.692478,0.25987819,90.129997,0.83400002,5.87399346,2.64854208,0.09788236,,7.0,0.389439,
2016-11-13,7.32465934,1.34154984,2.98533026,7.29,3.90004159,0.86,24.37194338,4.74245705,6.87,,3.6727255,2.43157721,2.64,10.07,,2.76,1.75888527,8.21777135,,4.664,28.797848,0.27927209,94.110001,0.89600002,5.99399333,2.79678138,0.10070589,,7.47,0.406747,
2016-11-14,7.69732563,1.395937,3.53266324,7.71,3.96039596,0.88,25.13696605,4.70776806,6.955,,3.74545274,2.55662975,2.71,9.9,,2.74,1.77721857,8.13777097,,4.736,28.815411,0.29090842,93.800003,0.96400003,5.90399343,2.86595972,0.10776472,,7.85,0.424056,
2016-11-15,7.69732563,1.48658226,3.57732973,7.93,3.96039596,0.89,24.44445625,4.63673876,6.925,,3.60302857,2.61915602,2.76,9.56,,2.7,1.78860741,7.99110487,,5.048,28.745162,0.2947872,91.529999,1.09800003,5.80199354,2.8560771,0.10917648,,7.77,0.415402,
2016-11-16,7.3606593,1.53794791,3.50466314,7.93,3.89716757,0.9,24.00574714,4.54258321,6.745,,3.70605882,2.61915602,2.8,9.43,,2.68,1.78832958,8.30221573,,5.04,28.847021,0.30254476,91.139999,1.13400003,5.86199408,2.92525544,0.11035295,,7.87,0.424056,
2016-11-17,7.63732569,1.56514148,3.54599636,7.94,3.94315185,0.95,24.48796572,4.54274858,6.78,,3.71514972,2.71641911,2.9,9.78,,2.88,1.84388502,8.71999363,,4.976,28.941856,0.32969621,92.360001,1.11600003,6.14999316,3.05372949,0.11200001,,8.32,0.441364,
2016-11-20,7.92265874,1.55305545,3.4806631,7.47,3.93740382,0.98,24.95930467,4.62517564,6.74,,3.79393756,2.73031383,3.06,10.08,,2.86,1.81499616,9.00888185,,4.792,28.847021,0.32969621,94.980003,1.08200003,6.1079932,3.07349473,0.11388236,,8.57,0.484635,
2016-11-21,7.57465909,1.52586187,3.47932976,7.38,3.83393919,0.97,25.11883647,4.62616676,6.755,,3.93636174,2.65389284,3.05,10.0,,2.77,1.85527399,9.02665917,,4.48,28.63628,0.34133255,92.510002,1.16000003,6.18599312,3.08337735,0.11341178,,8.58,0.519252,
2016-11-22,7.31199269,1.55909847,3.51199646,7.66,3.83393919,1.02,25.40526699,4.69207533,6.975,,4.00302837,2.72336647,3.15,10.17,,2.82,1.92055158,9.31110428,,4.696,28.63628,0.35296889,95.860001,1.25400003,6.40799287,3.16243831,0.11717648,,8.94,0.501944,
2016-11-23,7.34065932,1.52888338,3.53266324,7.77,3.83393919,1.0,25.09708301,4.72164359,7.025,,4.15454345,2.82062956,3.17,10.18,,2.8,2.05082917,9.2799923,,4.744,28.804874,0.34909011,99.599998,1.21800003,6.54599272,3.24149927,0.11670589,,8.95,0.519252,
2016-11-24,7.1353262,1.52888338,3.65732972,7.9,3.83393919,0.99,24.99556382,4.75715817,7.0,,4.31514943,2.87620847,3.15,10.02,,2.76,2.25388423,9.34221492,,4.6,29.461684,0.34909011,103.73,1.23200003,6.77399246,3.23161665,0.11811766,,8.99,0.510598,
2016-11-27,6.94199306,1.50471131,3.63466301,7.84,3.83393919,0.97,24.4517091,4.75732352,7.0,,4.26666461,2.98041892,3.08,9.9,,2.69,2.30888423,8.96888188,,4.432,29.117474,0.33745377,100.87,1.18200003,6.60599265,3.15255569,0.11811766,,8.83,0.510598,
2016-11-28,6.92599307,1.48960377,3.57932966,7.78,3.8195691,0.95,24.13627264,4.75732352,6.785,,4.10302832,2.93873474,2.97,9.58,,2.62,2.28416206,8.79554913,,4.488,29.117474,0.32581743,98.660004,1.19400003,6.94199228,3.08337735,0.11341178,,8.58,0.501944,
2016-11-29,6.83265983,1.49262528,3.66732951,7.98,3.63850601,0.96,24.39369684,4.75732352,6.915,,4.0545435,3.04294519,2.97,9.8,,2.67,2.32138412,8.87554817,,4.672,28.804874,0.33357499,100.66,1.20200003,7.38599178,3.04384687,0.11976472,,8.68,0.510598,
2016-11-30,6.85799314,1.49564679,3.68732969,8.2,3.58102566,0.94,24.06738328,4.75715817,6.985,,4.06666471,3.21662927,2.92,9.67,,2.66,2.36999528,8.78221536,,4.712,28.804874,0.32969621,100.35,1.18000003,8.11799097,3.04384687,0.12000001,,8.5,0.501944,
2016-12-01,6.86732646,1.51377584,3.97266267,7.99,3.72760055,0.97,24.95205472,4.75765373,7.03,,4.22424039,3.46673436,3.04,9.85,,2.86,2.38110637,8.88888194,,4.72,28.910243,0.35296889,102.96,1.23400003,8.26199081,3.08337735,0.1244706,,8.67,0.510598,
2016-12-04,6.84599315,1.51679735,4.3686622,8.22,3.65862413,1.01,25.20222862,4.75699332,6.98,,4.21817978,3.36252391,3.05,9.97,,2.83,2.30110642,9.10665955,,4.608,28.910243,0.36460522,102.95,1.22400003,8.80199021,3.11302521,0.12776472,,8.62,0.501944,
2016-12-05,6.8606598,1.51679735,4.58932845,8.67,3.64712806,1.02,25.32187448,4.75699332,7.185,,4.21817978,3.36252391,3.05,10.17,,3.02,2.25555096,9.29777051,,4.72,28.910243,0.35296889,102.94,1.22800003,8.92199007,3.15255569,0.12258825,,8.63,0.510598,
2016-12-06,6.8666598,1.59233506,4.33799563,8.6,3.54366343,0.99,24.89766852,4.65011871,7.145,,4.14242224,3.50841854,3.07,10.02,,3.09,2.28110668,9.10221511,,4.848,28.850534,0.33357499,101.88,1.18600003,8.46599058,3.09325997,0.12094119,,8.43,0.501944,
2016-12-07,6.82399317,1.59837808,4.19199585,8.6,3.37409641,0.98,25.2747415,4.70776806,7.755,,4.09090712,3.68210263,3.0,10.01,,3.06,2.36888418,9.01332673,,5.008,28.850534,0.32581743,103.53,1.17800003,8.77799023,3.05372949,0.12117648,,8.43,0.510598,
2016-12-08,6.81465985,1.51679735,3.99266258,8.16,3.18728528,0.97,24.87954185,4.65011871,7.855,,4.03030109,3.61957635,2.96,10.06,,2.96,2.45999499,8.82666021,,5.192,28.850534,0.31030232,101.63,1.13600003,8.72999029,3.05372949,0.12188237,,8.56,0.501944,
2016-12-12,6.9313264,1.51075433,3.98132939,7.98,3.15854511,0.95,24.68737731,4.59841569,7.8,,4.04545259,3.59873426,2.93,10.44,,3.02,2.56999478,8.79999268,,5.336,28.808385,0.29866598,101.91,1.14600003,8.68799033,3.03396425,0.12517648,,8.49,0.501944,
2016-12-13,6.9313264,1.51377584,4.14266243,7.92,3.28787589,0.95,24.75989308,4.59841569,7.72,,4.03030109,3.55010272,2.99,11.12,,3.03,2.76777227,8.82666021,,5.352,27.463152,0.30254476,103.96,1.13800003,8.66399036,3.09325997,0.12423531,,8.74,0.501944,
2016-12-14,7.00599299,1.55305545,4.04532926,7.68,3.57815164,0.94,24.46258583,4.59841569,7.315,,4.0636344,3.57789217,3.01,11.05,,3.0,2.68332799,8.82221533,,5.456,28.197235,0.29866598,102.21,1.15200003,8.54399049,3.13279045,0.12800001,,8.8,0.501944,
2016-12-15,6.87265979,1.55305545,4.01532929,7.42,3.72760055,0.92,24.52422198,4.62335878,7.34,,3.98484656,3.50841854,2.99,10.97,,3.09,2.61332813,8.71999363,,5.312,29.595155,0.29090842,102.89,1.14400003,8.98799,3.08337735,0.12800001,,8.63,0.501944,
2016-12-18,6.87532646,1.5349264,3.99399598,7.47,3.60114378,0.9,24.31393112,4.62005491,7.49,,3.8666648,3.40420809,2.99,11.12,,3.04,2.58221708,8.77777092,,5.24,28.973466,0.2947872,102.51,1.16400003,9.53398939,3.09325997,0.12564707,,8.67,0.501944,
2016-12-19,7.19665947,1.53794791,4.03732934,7.65,3.44019881,0.89,24.30305439,4.6165862,7.495,,3.88181631,3.41810281,2.95,11.52,,3.06,2.64999473,8.84443753,,5.112,28.973466,0.30254476,100.05,1.15800003,9.78598851,3.06361211,0.12682354,,8.69,0.501944,
2016-12-20,7.10532623,1.55305545,4.1013292,7.84,3.43445077,0.89,25.01731729,4.6141081,7.245,,3.99090717,3.40420809,3.01,12.13,,3.2,2.72443902,9.51110368,,5.136,29.096398,0.3141811,102.74,1.18000003,9.72598858,3.11302521,0.12917648,,8.89,0.510598,
2016-12-21,7.09132624,1.65276524,4.19599571,8.09,3.43157676,0.89,25.74245692,4.62501029,7.25,,4.14545255,3.40420809,3.1,13.07,,3.3,2.79221656,9.78221458,,5.064,29.008589,0.32969621,103.89,1.18800003,9.88198841,3.18220355,0.13035295,,9.16,0.519252,
2016-12-22,6.96532637,1.80988369,4.2359958,7.89,3.42008069,0.92,26.05064054,4.62517564,7.15,,4.13333134,3.39726072,3.13,13.13,,3.27,2.80666108,10.38221455,,5.0,29.078838,0.35296889,103.23,1.19600003,9.67798863,3.23161665,0.13129413,,9.32,0.519252,
2016-12-25,6.92665974,1.81290519,4.49666194,7.57,3.38559248,0.91,26.05064054,4.62517564,7.16,,4.06666471,3.29305027,3.13,12.75,,3.28,2.79443888,10.82221376,,5.024,29.120987,0.34133255,106.7,1.18400003,9.57598935,3.24149927,0.13035295,,9.520001,0.510598,
2016-12-26,6.87065979,1.7434105,4.9626618,7.09,3.34535624,0.89,25.82584907,4.62517564,6.945,,4.06666471,3.24441873,3.03,12.1,,3.24,2.73443912,10.41332519,,4.936,28.938343,0.32969621,104.66,1.16800003,9.10798987,3.15255569,0.12494119,,9.67,0.510598,
2016-12-27,7.09065957,1.86124933,5.06732837,6.85,3.4229547,0.89,25.630061,4.62517564,7.2,,4.06666471,3.18189246,2.98,11.96,,3.39,2.71221683,10.49332558,,4.984,28.938343,0.33357499,103.19,1.22800003,9.04198994,3.10314259,0.12423531,,9.5,0.501944,
2016-12-28,7.00065966,2.00930326,5.14399509,6.94,3.40858462,0.94,25.57204874,4.6547439,7.2,,4.06666471,3.21662927,2.95,11.81,,3.32,2.73888344,10.47554737,,4.952,29.630279,0.33745377,103.28,1.29200003,9.38998955,3.11302521,0.12776472,,9.32,0.510598,
2016-12-29,6.98932634,2.1634002,4.94866189,6.81,3.32811213,0.99,25.99263082,4.5587715,7.285,,4.16666466,3.06378728,2.94,11.84,,3.31,2.80332776,10.84443597,,4.968,29.015615,0.32969621,106.07,1.30000004,9.50998942,3.08337735,0.12564707,,9.23,0.519252,
2017-01-02,6.94665972,2.12109908,4.93199524,6.82,3.21889947,1.03,26.49660286,4.59015645,7.255,,4.16060405,2.91094528,2.9,11.75,,3.24,2.75666107,11.34665824,,4.952,29.096398,0.32581743,106.44,1.26400003,9.29398966,3.06361211,0.12541178,,9.13,0.501944,
2017-01-03,6.88732644,2.23893792,5.04999492,6.83,3.18153724,1.09,26.09052358,4.57644596,7.135,,4.16060405,2.82062956,2.88,11.95,,3.2,2.73221679,11.53776832,,4.888,28.878633,0.32193866,109.34,1.25400003,9.76198914,3.08337735,0.12305884,,9.04,0.501944,
2017-01-04,6.8273265,2.36584128,4.99332844,7.11,3.141301,1.11,26.35882452,4.625341,7.115,,4.16060405,2.81368219,2.91,12.28,,3.18,2.72443902,11.45776927,,4.96,28.87512,0.32193866,112.63,1.22200003,9.93598835,3.15255569,0.12517648,,9.13,0.510598,
2017-01-05,6.77199323,2.3718843,4.97332819,7.27,3.15279707,1.09,26.58724532,4.62501029,7.25,,4.16060405,2.98041892,2.96,12.81,,3.28,2.86666085,11.7377686,,4.944,28.941856,0.32193866,112.94,1.21400003,9.83998905,3.29091237,0.12635295,,9.19,0.527906,
2017-01-08,6.79932653,2.3023896,4.93866183,7.22,3.21315144,1.11,26.7649038,4.6256712,7.25,,4.2424222,3.05683992,3.04,13.09,,3.3,2.94332748,12.50221201,,4.864,28.984003,0.32969621,113.56,1.19600003,9.74998915,3.4589169,0.12800001,,9.41,0.545215,
2017-01-09,6.79265987,2.26310998,4.97532813,7.08,3.15854511,1.14,26.91355851,4.62732305,7.055,,4.2424222,3.10547146,3.0,13.71,,3.43,2.96443855,12.54221197,,4.8,28.976979,0.33357499,111.75,1.25400003,9.58798933,3.44903428,0.12917648,,9.38,0.53656,
2017-01-10,6.80665986,2.33260468,4.94599515,7.05,3.17866323,1.16,26.77215375,4.62170693,7.05,,4.2424222,3.03599783,2.92,13.61,,3.45,3.01666066,12.29332372,,4.672,28.976979,0.33357499,109.73,1.22600003,9.7979891,3.39962118,0.12752942,,9.24,0.53656,
2017-01-11,6.79932653,2.38397033,4.9366619,7.58,3.15567109,1.14,27.52267617,4.81943319,7.225,,4.2424222,3.04989255,2.93,13.75,,3.45,3.2211047,12.31998993,,4.624,29.026152,0.32581743,109.45,1.23200003,9.92398956,3.41938642,0.12705884,,9.29,0.545215,
2017-01-12,6.80132653,2.44742201,5.1686614,8.24,3.09244271,1.15,27.90337266,4.9429916,7.25,,4.03030109,2.96652419,2.91,13.32,,3.37,3.15999382,12.22221267,,4.616,28.88917,0.32193866,112.64,1.21200003,9.79198911,3.39962118,0.13082354,,9.34,0.545215,
2017-01-15,6.80265986,2.58641141,5.31132785,9.01,3.05220646,1.19,27.64232203,5.12073049,7.335,,4.06969501,3.03599783,3.01,13.45,,3.36,3.22221581,12.43554584,,4.744,29.120987,0.32581743,112.86,1.22400003,10.10998875,3.47868214,0.13694119,,9.61,0.553869,
2017-01-16,6.84799315,2.70122874,5.32732824,9.83,3.04071039,1.23,27.6096922,5.0962828,7.25,,4.04545259,3.14715564,3.06,13.45,,3.43,3.24221577,12.39999031,,4.84,29.120987,0.33357499,112.23,1.25600003,10.37398906,3.44903428,0.14800001,,9.71,0.562523,
2017-01-17,6.82265984,2.74957288,5.25399458,9.66,3.00622218,1.25,28.07015441,5.11280129,7.26,,4.03333139,3.20968191,2.99,13.12,,3.36,3.183327,12.35554545,,4.872,29.019128,0.32969621,111.19,1.28800003,10.44598838,3.3600907,0.14729413,,9.48,0.579831,
2017-01-18,6.82199318,2.84021814,5.20799496,9.25,3.23039554,1.26,28.47986012,5.1620267,7.24,,4.22121009,3.18189246,3.02,13.24,,3.4,3.29999355,12.54665686,,4.96,29.015615,0.32581743,112.09,1.39200004,10.43398779,3.36997332,0.16094119,,9.72,0.605794,
2017-01-19,6.76932656,2.6861212,5.18999464,9.11,3.25338768,1.26,28.28769594,5.26972689,7.25,,4.23030099,3.04989255,3.06,12.78,,3.22,3.29888244,12.37332366,,4.696,29.113961,0.3141811,113.14,1.40800004,10.31398912,3.33044285,0.1527059,,9.85,0.579831,
2017-01-22,6.59866027,2.46555106,4.98732818,8.61,3.01197022,1.17,27.49004343,5.41773319,7.25,,4.04242229,2.84147165,2.91,12.19,,3.02,3.13554921,11.74221304,,4.424,28.801361,0.2947872,109.48,1.29200003,9.69598921,3.12290783,0.14188237,,9.51,0.553869,
2017-01-23,6.66066027,2.48972313,5.28599475,9.05,3.00334817,1.13,27.33776483,5.41773319,7.255,,4.07878591,2.84147165,2.84,12.06,,3.03,3.17666035,11.59110205,,4.768,28.745162,0.28702964,111.98,1.29600003,9.81598968,3.03396425,0.14917649,,9.45,0.553869,
2017-01-24,6.6006602,2.5471318,5.47066103,9.79,3.14992305,1.15,28.28769594,5.51750418,7.25,,4.09090712,2.89010319,2.79,12.32,,3.02,3.24221577,11.77776857,,4.832,29.721601,0.28702964,112.53,1.28200003,9.89398899,3.06361211,0.16164707,,9.58,0.571177,
2017-01-26,6.60865986,2.52598124,5.62732794,9.68,3.08956869,1.15,27.97951196,5.52212936,7.25,,4.09090712,2.92484001,2.68,12.57,,3.02,3.27332671,11.73332416,,4.936,28.896194,0.28315087,112.09,1.28600003,10.03198824,3.08337735,0.15717649,,9.16,0.562523,
2017-01-29,6.66666,2.5833899,5.60466102,9.98,3.09531672,1.22,28.03752458,6.02726497,7.535,,4.23333129,2.92484001,2.72,12.96,,3.06,3.39110436,11.77332413,,5.104,28.896194,0.29090842,114.06,1.28800003,10.18198807,3.11302521,0.15576472,,9.28,0.579831,
2017-01-30,6.51732695,2.54108878,5.66799409,9.51,3.11830886,1.25,28.38559124,6.02726497,7.5,,4.38181607,2.92484001,2.73,13.04,,3.09,3.41443765,11.63999135,,5.0,30.020151,0.31030232,110.36,1.27600003,10.46398896,3.08337735,0.16211766,,9.21,0.579831,
2017-01-31,6.47866019,2.36281977,5.49199427,8.96,3.0090962,1.21,28.22243301,6.06690935,7.5,,4.80908859,3.20968191,2.65,12.49,,3.26,3.37888217,11.37332444,,4.856,29.851556,0.30254476,107.82,1.23000003,10.30798853,2.93513806,0.15788237,,8.85,0.571177,
2017-02-01,6.35799384,2.22080886,5.47199463,8.49,2.89988354,1.18,27.71483744,6.56675871,7.46,,5.28787654,3.154103,2.54,12.3,,3.21,3.25221575,10.94665767,,4.808,29.728624,0.29090842,104.58,1.18800003,10.25398859,2.83631186,0.15011766,,8.51,0.562523,
2017-02-02,6.68665998,2.22987339,5.63132773,8.520001,2.84240319,1.19,27.61694214,6.57105319,7.32,,5.7848457,3.07768201,2.51,12.08,,3.14,3.20777151,10.63554724,,4.84,29.672428,0.28702964,104.61,1.20000003,10.38598784,2.78689876,0.15129413,,8.37,0.562523,
2017-02-05,6.84599315,2.27217451,6.023994,9.04,2.87114337,1.19,27.92512612,6.90670913,7.475,,5.8030275,3.28610291,2.56,12.25,,3.18,3.24888243,10.95554699,,4.88,29.672428,0.29090842,102.56,1.20600003,11.11198764,2.84619448,0.15411766,,8.520001,0.571177,
2017-02-06,7.42865924,2.21778736,6.79999316,9.26,2.92000166,1.21,28.07015441,7.07024182,7.56,,5.32727016,3.42505018,2.53,12.37,,3.19,3.23888245,10.87110217,,4.864,29.672428,0.29090842,104.94,1.25000003,11.78398629,2.82642924,0.15294119,,8.13,0.571177,
2017-02-07,7.30399269,2.1634002,7.67999227,9.45,2.92287568,1.18,27.97951196,7.06991178,7.58,,5.33030046,3.56399745,2.5,12.65,,3.12,3.14666041,10.6799921,,5.232,31.203815,0.28315087,102.47,1.29800003,11.44198727,2.78689876,0.15200002,,7.87,0.571177,
2017-02-08,7.14665952,2.30541111,7.34865927,10.13,2.90850559,1.19,28.70102807,7.0728851,8.1949995,,5.18484629,3.67515526,2.57,13.12,,3.18,3.2099935,11.01776961,,5.736,32.608759,0.29090842,102.46,1.29400003,11.45998725,2.92525544,0.16423531,,8.020001,0.571177,
2017-02-09,6.95532638,2.43231447,7.21399274,10.19,2.86252131,1.16,29.31376888,6.99491785,8.745,,5.08181573,3.50147118,2.58,12.84,,3.17,3.20110463,11.00443584,,6.544,35.545094,0.28702964,101.1,1.28200003,11.38198674,2.96478592,0.16823531,,8.08,0.562523,
2017-02-12,6.94465972,2.4081424,7.16932612,9.92,2.79929293,1.12,29.08535098,7.05603625,8.545,,5.0303006,3.49452381,2.55,13.16,,3.19,3.15666039,10.93332479,,6.424,37.768419,0.28315087,99.139999,1.24400003,11.10598764,2.9549033,0.16800002,,7.94,0.562523,
2017-02-13,6.72199328,2.4081424,6.86332642,9.7,2.75043464,1.12,28.36021135,7.06991178,8.545,,4.94848246,3.57094481,2.63,13.05,,3.17,3.16777148,10.59554727,,6.464,35.548607,0.27927209,98.580002,1.34200004,10.58398762,2.94502068,0.16541178,,7.98,0.553869,
2017-02-14,7.31865935,2.29332507,6.64199311,9.34,2.63834796,1.07,28.2695689,6.93710315,8.545,,4.81514919,3.45283963,2.6,12.52,,3.12,3.08777175,10.21776979,,6.576,35.720712,0.27151453,96.470001,1.31000004,10.5119883,2.8560771,0.16376472,,7.83,0.553869,
2017-02-15,7.94332539,2.26310998,6.3613268,9.6,2.58086761,1.06,27.69670786,6.87168995,8.545,,4.6333311,3.68210263,2.58,11.88,,3.05,3.01443834,10.14665874,,6.648,34.870721,0.26763575,93.620003,1.26400003,9.91798957,2.84619448,0.16400002,,7.64,0.553869,
2017-02-16,7.63999236,2.25706697,6.25866017,9.4,2.52626128,1.05,27.47554028,6.87168995,8.75,,4.41817969,3.81410253,2.62,11.57,,3.1,2.98888294,10.19999247,,6.552,34.870721,0.26375697,91.410004,1.23800003,10.26598918,2.79678138,0.15694119,,7.79,0.553869,
2017-02-19,7.68665898,2.28426055,6.3286603,9.57,2.55212744,1.08,27.97226201,6.87168995,8.8100005,,4.85151281,4.11283916,2.67,11.92,,3.11,3.06777179,10.34665902,,6.424,36.121122,0.26763575,91.739998,1.24600003,10.48798833,2.81654662,0.15694119,,8.07,0.553869,
2017-02-20,7.48465918,2.50785219,6.27199382,9.270001,2.59811172,1.08,27.58793583,6.83601002,8.55,,5.20302779,4.33515479,2.71,12.2,,3.16,3.00443858,10.11999209,,6.096,32.513927,0.26763575,89.949997,1.24400003,10.40398842,2.806664,0.1607059,,8.03,0.553869,
2017-02-21,7.40865926,2.4444005,6.1573272,9.03,2.58948966,1.06,27.10209373,6.80462491,8.575,,5.07272483,4.56441778,2.78,12.26,,3.12,2.98554973,9.96443666,,6.064,32.025708,0.26375697,90.139999,1.25200003,10.5179889,2.86595972,0.15858825,,8.36,0.562523,
2017-02-22,7.38332595,2.37490581,6.52265983,9.2,2.5952377,1.12,27.56255631,6.80462491,8.6499995,,5.07272483,4.83536496,2.85,12.41,,3.17,3.0455495,10.16443694,,6.008,32.025708,0.27927209,94.019997,1.36000004,10.59598821,2.98455115,0.15882355,,8.61,0.571177,
2017-02-23,7.47599252,2.35073374,7.13132615,9.05,2.52051353,1.1,26.95706508,6.80462491,8.6450005,,4.92120975,4.87704914,2.75,12.06,,3.11,2.98666061,10.08443701,,5.816,32.180253,0.27539331,93.730003,1.33600004,10.64398816,3.00431639,0.15882355,,8.34,0.571177,
2017-02-26,7.45599254,2.22987339,6.93599302,8.9,2.4141746,1.07,26.71777045,6.68767369,8.5249995,,4.8242401,4.55052306,2.68,11.77,,2.98,2.99888292,9.89777004,,5.672,31.288113,0.26763575,89.489998,1.27000003,10.49998832,3.04384687,0.15435296,,8.35,0.562523,
2017-02-27,7.31132602,2.20570132,6.76865985,8.6,2.32220605,1.07,26.69601445,6.59219685,8.5649995,,4.81514919,4.46715469,2.68,11.71,,2.9,2.96999409,10.03554771,,5.872,31.456705,0.26375697,88.699997,1.25400003,10.53598768,3.08337735,0.15482354,,8.42,0.562523,
2017-02-28,6.99932633,2.11807757,6.52265983,8.19,2.31645801,1.06,26.11590347,6.59219685,8.55,,5.12120965,4.27262852,2.63,11.55,,2.77,2.90777199,9.91999225,,5.656,31.263527,0.25987819,87.910004,1.22800003,10.3379885,3.01419901,0.15529413,,8.25,0.562523,
2017-03-01,6.99065967,2.09692701,6.41666021,7.97,2.27909579,1.03,26.04701411,6.66289596,8.51,,5.10908875,4.09894443,2.61,11.15,,2.72,2.85110544,9.89777004,,5.624,31.305673,0.25599941,87.0,1.21000003,10.18198807,2.99443377,0.15482354,,7.94,0.553869,
2017-03-02,6.98532635,2.08484097,6.46932689,8.020001,2.47452897,1.03,26.08689716,6.59087571,8.6000005,,5.49090675,4.34904952,2.67,11.04,,2.8,2.86554997,10.1688805,,5.76,31.446169,0.25987819,86.25,1.22000003,10.12198934,3.01419901,0.16423531,,7.75,0.553869,
2017-03-05,7.08465958,2.13318511,6.59332683,8.33,2.71019839,1.05,26.78303338,6.44220932,8.55,,5.96666409,4.61999669,2.73,11.3,,2.92,2.96888287,10.61776903,,5.792,31.267037,0.26375697,90.300003,1.25800003,10.37398906,3.10314259,0.16917649,,7.95,0.562523,
2017-03-06,7.69865897,2.20872283,6.56799319,8.53,2.80791527,1.06,27.07671384,6.57402718,8.87,,6.27272455,4.56441778,2.75,11.47,,2.9,3.00443858,10.81776932,,6.072,32.865163,0.26763575,93.169998,1.25200003,10.45798836,3.20196879,0.17411766,,8.13,0.571177,
2017-03-07,7.79199221,2.21476585,6.48465994,8.76,2.70445036,1.07,27.20361292,6.50266699,8.8599995,,6.09393676,4.45325997,2.76,11.63,,2.93,3.16777148,10.93332479,,6.056,33.325281,0.26375697,92.400002,1.25000003,10.56598884,3.30079499,0.18235296,,8.29,0.562523,
2017-03-08,7.80132553,2.31749714,6.60066016,8.78,2.82515909,1.09,27.1673563,6.50828326,8.79,,6.08484555,4.50883888,2.76,11.68,,2.96,3.20443807,11.19554725,,5.888,33.325281,0.27151453,93.389999,1.25400003,10.83598734,3.26126451,0.18000002,,8.28,0.562523,
2017-03-09,7.96132537,2.36886279,6.93932635,8.85,2.85389926,1.1,27.13834999,6.60805492,8.8,,5.89090655,4.55052306,2.72,11.53,,2.96,3.22666036,11.34221336,,5.944,31.277577,0.27151453,92.730003,1.24400003,11.13598701,3.26126451,0.17952943,,8.25,0.553869,
2017-03-12,8.52799147,2.35979826,7.1166595,8.97,2.79641891,1.1,27.74021733,6.60739419,8.8999995,,5.99393681,4.71031242,2.71,11.75,,2.95,3.19221587,11.43110173,,6.016,32.183764,0.26763575,92.309998,1.27600003,11.11798823,3.22173403,0.18164708,,8.23,0.553869,
2017-03-13,8.8326585,2.29936809,6.93465969,9.25,2.73606484,1.09,28.29857521,6.76828423,8.865,,5.82423931,4.59220724,2.67,11.93,,2.85,3.19777153,11.42665729,,5.632,32.183764,0.26763575,92.07,1.25600003,10.81198797,3.21185141,0.18964708,,8.36,0.553869,
2017-03-14,8.78932454,2.25404546,7.05065957,9.43,2.6613401,1.08,28.28407205,6.74152429,8.3950005,,6.31211817,4.50189151,2.62,11.74,,2.76,3.24221577,11.53332476,,5.672,31.61125,0.26763575,93.419998,1.23800003,11.39398732,3.17232093,0.19929414,,8.29,0.562523,
2017-03-15,8.66199067,2.21476585,6.9186597,9.61,2.59236397,1.06,27.91787581,6.74152429,8.3199995,,7.43939005,4.40462842,2.55,11.4,,2.7,3.24999353,11.23554722,,5.696,31.614763,0.26375697,93.089996,1.20200003,11.36398796,3.11302521,0.20588237,,8.42,0.571177,
2017-03-16,8.79332387,2.20267981,6.87065975,9.74,2.68145822,1.04,27.70033465,6.74053317,8.3199995,,8.79696576,4.46715469,2.55,11.4,,2.72,3.27110471,11.14221351,,5.736,31.305673,0.27151453,93.029999,1.20200003,11.52598658,3.06361211,0.2087059,,8.48,0.571177,
2017-03-19,8.88332445,2.26008848,7.04665957,9.73,2.65846608,1.02,28.42910071,6.73425615,8.8999995,,9.61817718,4.48799679,2.6,11.43,,2.72,3.34999334,11.32443559,,5.84,31.305673,0.27539331,96.940002,1.23200003,11.55598714,3.09325997,0.20705884,,8.88,0.579831,
2017-03-20,8.92132508,2.29332507,7.22999272,9.68,2.84815123,1.04,28.34933462,6.60904602,8.6499995,,10.57878278,4.55747042,2.62,11.42,,2.74,3.44999303,11.58221273,,5.976,32.577149,0.29090842,98.790001,1.23200003,11.35798736,3.15255569,0.20917649,,9.2,0.588486,
2017-03-21,8.78599055,2.36886279,7.29332599,9.39,3.00047415,1.03,28.10641103,6.60739419,8.6499995,,11.24241821,4.57831251,2.63,11.45,,2.77,3.37665984,11.60443582,,5.84,32.577149,0.29090842,98.07,1.22800003,10.92598724,3.23161665,0.21388237,,9.16,0.571177,
2017-03-22,8.68799198,2.50483068,7.22799272,9.520001,2.97460799,1.03,27.62781887,6.60739419,8.755,,10.34241956,4.71031242,2.59,11.45,,2.8,3.34666012,11.3955462,,6.264,32.577149,0.28702964,97.040001,1.25800003,11.321988,3.18220355,0.21717649,,9.07,0.579831,
2017-03-23,8.71065795,2.51087369,7.10399285,9.71,2.9257497,1.03,27.64594845,6.65694964,8.755,,10.24333836,4.64083878,2.57,11.4,,2.82,3.32888215,11.34221336,,6.464,32.106494,0.28702964,98.190002,1.24400003,11.20798753,3.15255569,0.2167059,,8.94,0.579831,
2017-03-26,8.62465804,2.5833899,7.09199286,9.58,2.98323004,1.08,27.92875255,6.65761038,8.755,,10.12667131,4.60610196,2.6,11.44,,2.8,3.32332672,11.7377686,,6.488,32.106494,0.29090842,101.36,1.26200003,11.38798733,3.18220355,0.2167059,,9.03,0.571177,
2017-03-27,8.5666581,2.70122874,7.04599291,9.61,3.06370253,1.13,27.93600539,6.65496743,8.755,,10.99000573,4.64778614,2.65,11.59,,2.8,3.34999334,11.8399903,,6.472,31.526954,0.29090842,100.0,1.28400003,11.54398716,3.25138189,0.21529414,,9.14,0.579831,
2017-03-28,8.45532488,2.66799215,6.86532642,9.55,3.2074034,1.12,27.70033465,6.62853785,8.755,,11.35333924,4.59220724,2.6,11.5,,2.76,3.30443787,11.77332413,,6.328,31.404022,0.28702964,99.019997,1.29400003,11.0579877,3.21185141,0.22305885,,9.020001,0.579831,
2017-03-29,8.4606582,2.73144383,6.8559931,9.53,3.13267895,1.12,27.76922074,6.76233758,8.955,,12.16667264,4.53662833,2.58,11.56,,2.71,3.27777126,11.77776857,,6.52,31.165181,0.28702964,99.110001,1.30600004,10.97398839,3.21185141,0.22423532,,9.07,0.579831,
2017-03-30,8.45065821,2.73446534,6.97065965,9.54,3.11256083,1.12,27.59518904,7.01176704,8.955,,12.47333879,4.55747042,2.56,11.49,,2.67,3.23221579,11.63554646,,6.544,32.327772,0.29090842,99.699997,1.29200003,11.03398712,3.21185141,0.23200002,,9.05,0.579831,
2017-04-02,8.71599195,2.76468042,6.98665963,9.520001,3.11256083,1.1,27.38489782,7.03753555,8.5150005,,12.02333924,4.47410206,2.55,11.46,,2.62,3.26888239,11.59110205,,6.536,32.162691,0.28702964,99.010002,1.29600003,11.53798716,3.20196879,0.25435297,,9.18,0.579831,
2017-04-03,8.72265794,2.89460529,7.0206596,9.93,3.11256083,1.1,27.12747362,7.03753555,8.5,,11.60667237,4.43936524,2.52,11.42,,2.62,3.2066604,11.45776927,,6.504,32.043271,0.28315087,99.699997,1.26800003,11.80198687,3.15255569,0.27976473,,9.08,0.579831,
2017-04-04,9.22265744,3.08193883,7.00132629,10.76,3.06370253,1.13,27.70396107,7.10592207,8.6899995,,11.63667238,4.49494415,2.53,11.45,,2.68,3.24999353,11.49776924,,6.68,31.442655,0.28315087,99.029999,1.28800003,11.78998688,3.15255569,0.30752944,,9.09,0.579831,
2017-04-05,9.87999012,3.30855198,6.97599298,10.75,3.16716716,1.15,28.29132236,7.10294875,8.8,,11.54333934,4.50883888,2.57,11.65,,2.66,3.30221554,11.55110208,,7.088,32.398018,0.29090842,100.21,1.36600004,11.72398756,3.19208617,0.33176474,,9.22,0.588486,
2017-04-06,10.14465652,3.32365952,6.96465966,10.64,3.10968681,1.15,28.73003148,7.07817102,8.88,,11.96333888,4.45325997,2.56,11.44,,2.59,3.23888245,11.55554652,,7.024,31.614763,0.29090842,99.129997,1.42600004,11.65798703,3.19208617,0.3291765,,9.22,0.579831,
2017-04-09,12.07265459,3.27531539,7.10399285,10.52,3.09244271,1.12,28.27681921,7.08543915,8.54,,12.42333944,4.46715469,2.5,11.35,,2.5,3.183327,11.23110233,,6.896,31.604226,0.28702964,99.0,1.54200004,11.56798773,3.15255569,0.35694121,,9.13,0.579831,
2017-04-10,11.62798837,3.19373465,7.16932612,10.7,3.01484424,1.1,27.71846133,7.08543915,8.54,,12.24333935,4.34904952,2.47,11.22,,2.44,3.10332716,11.01332517,,6.864,31.140595,0.28315087,98.919998,1.62800004,11.58598651,3.11302521,0.36188239,,8.97,0.571177,
2017-04-11,11.4326559,3.19977767,7.05665956,10.98,2.98897808,1.1,27.74384122,7.08543915,8.5,,12.15333897,4.27957588,2.46,11.18,,2.46,3.11443836,10.88443594,,6.824,31.140595,0.27927209,99.910004,1.64200004,11.48398662,3.10314259,0.35600004,,8.95,0.579831,
2017-04-12,11.4306559,3.29042293,7.05265957,11.6,3.05220646,1.12,28.10278715,7.10261871,8.55,,11.97667255,4.34904952,2.51,11.31,,2.47,3.10666037,10.9999914,,6.8160008,32.538513,0.28315087,100.37,1.73200005,11.72998635,3.13279045,0.34164709,,9.020001,0.579831,
2017-04-13,11.20465613,3.19675616,7.15065947,11.47,3.09531672,1.11,28.03027173,7.1046006,8.615,,11.79333946,4.35599688,2.47,11.55,,2.45,3.10777148,11.0266576,,6.824,31.61125,0.27927209,100.35,1.66800004,11.85598681,3.13279045,0.33129415,,8.97,0.553869,
2017-04-18,10.93732239,3.16049806,6.99999295,11.33,3.0090962,1.1,27.89974624,7.27143763,8.55,,11.86333916,4.09894443,2.49,11.56,,2.43,3.08999374,11.07110246,,6.936,30.950927,0.27927209,101.15,1.66600004,11.84398682,3.14267307,0.33364709,,8.81,0.553869,
2017-04-19,11.09265557,3.10006788,6.95332615,11.41,2.96023791,1.11,27.92512612,7.6070926,8.55,,12.05000659,3.89747089,2.53,11.58,,2.51,3.07999376,11.09776866,,6.856,30.950927,0.28315087,102.43,1.73200005,11.83798683,3.14267307,0.32894121,,8.7,0.553869,
2017-04-20,11.18865548,3.0003581,6.79999297,10.94,2.90563158,1.09,27.63507172,7.59850331,8.55,,11.77333912,3.96694453,2.5,11.53,,2.52,2.99110516,11.01332517,,7.024,30.571591,0.27151453,102.0,1.68000005,11.93398612,3.10314259,0.33176474,,8.33,0.553869,
2017-04-23,11.10865556,3.12121844,6.45332667,10.85,2.84527721,1.07,27.83448367,7.55753714,8.55,,11.57333935,3.91136562,2.49,11.6,,2.5,2.95888289,11.04443581,,6.96,31.404022,0.27151453,107.07,1.63400004,11.96398729,3.08337735,0.32870591,,8.26,0.553869,
2017-04-24,11.17198883,3.12726146,6.05999374,10.51,2.6613401,1.02,27.14922672,7.26681246,8.55,,11.21333851,3.77241835,2.41,11.54,,2.39,2.83666113,10.88443594,,6.8160008,32.271573,0.26763575,107.46,1.55000004,11.56798773,2.93513806,0.31552944,,8.04,0.545215,
2017-04-26,11.40465593,3.03359469,6.03999376,10.54,2.69582831,1.02,27.41753056,7.2681336,8.54,,10.94667204,3.81410253,2.42,10.52,,2.4,2.80443886,10.95999143,,6.808,32.271573,0.26375697,107.07,1.53800004,11.70598698,2.92525544,0.30329415,,8.06,0.545215,
2017-04-27,11.5313218,3.06380978,6.21999357,10.74,2.68720625,1.02,27.29788179,7.26912472,8.505,,10.98000506,3.93915507,2.48,10.34,,2.44,2.89554968,10.99554696,,7.0,32.271573,0.26375697,112.72,1.59400004,11.89198677,2.96478592,0.31035297,,8.16,0.553869,
2017-04-30,11.68532165,3.10308939,6.20666025,10.52,2.67283617,1.0,26.79391011,7.33817198,9.0,,10.91333936,3.90441826,2.44,10.13,,2.43,2.87888316,10.83999108,,7.32,31.347823,0.25987819,111.3,1.59200004,11.21998812,2.92525544,0.30447062,,8.1,0.553869,
2017-05-02,11.87532146,3.10308939,6.08666038,10.28,2.58086761,0.97,26.69239093,7.2681336,9.0,,10.90667236,3.80715517,2.44,9.94,,2.4,2.82888315,10.7066583,,7.344,31.347823,0.25987819,109.34,1.52200004,10.97998718,2.91537282,0.27952944,,8.01,0.545215,
2017-05-03,12.29332037,3.10308939,6.09332704,10.06,2.63547394,0.98,26.95706508,7.26879435,9.375,,11.4066726,3.8766288,2.52,9.92,,2.43,2.85666087,10.73776939,,7.24,31.347823,0.26375697,109.32,1.53600004,11.06998828,2.97466854,0.27129414,,8.11,0.545215,
2017-05-04,12.0586546,3.09402487,6.09332704,10.01,2.60385975,0.97,27.1673563,7.28233917,9.4700005,,10.75667195,3.83494462,2.57,9.94,,2.51,2.89110536,10.71999207,,7.4160008,31.548027,0.26375697,109.08,1.53000004,11.44198727,2.97466854,0.26282356,,8.14,0.545215,
2017-05-07,12.0253213,3.18769163,6.133327,10.2,2.73319053,0.97,27.36314436,7.41052296,9.5200005,,11.52667299,3.86968144,2.64,9.98,,2.51,2.96666088,10.89332482,,7.328,31.548027,0.26375697,110.19,1.51600004,11.45998725,3.00431639,0.27882356,,8.25,0.545215,
2017-05-08,11.91665475,3.43847685,6.14666032,10.2,2.78204883,0.97,27.17098272,7.41052296,9.5200005,,12.64667254,3.88357617,2.63,9.94,,2.46,2.99666059,10.94221411,,7.352,31.61125,0.27927209,109.94,1.56000004,11.39398732,2.99443377,0.28305885,,8.26,0.545215,
2017-05-09,12.00932132,3.55329418,6.22666023,10.15,2.81366302,0.97,27.53355254,7.53507233,9.5200005,,12.53333882,3.91136562,2.64,9.96,,2.5,2.97999407,11.02221316,,7.392,31.3127,0.28315087,110.11,1.56600004,11.4179879,3.01419901,0.28023532,,8.35,0.553869,
2017-05-10,11.90532143,3.4898425,6.36666009,10.1,2.79929293,0.98,27.75109406,7.53507233,9.6450005,,12.36333941,3.90441826,2.64,10.07,,2.5,2.99999403,11.14221351,,7.36,31.3127,0.28702964,111.63,1.61400004,11.38198674,3.07349473,0.29976474,,8.49,0.562523,
2017-05-11,11.88198812,3.52005759,6.29332683,10.03,2.78492285,0.99,27.96863523,7.59850331,9.675,,11.76333944,3.95999716,2.62,10.03,,2.51,2.98110518,11.14665795,,7.264,31.3127,0.29090842,108.21,1.62800004,11.36998795,3.11302521,0.31270591,,8.57,0.562523,
2017-05-14,12.16798783,3.52912211,6.31332681,9.85,2.7274425,0.97,27.8888695,7.63087955,9.675,,11.73000543,3.86273408,2.57,10.03,,2.45,2.90666088,10.99554696,,7.192,31.3127,0.28315087,107.44,1.65200004,11.39398732,3.08337735,0.31200003,,8.57,0.562523,
2017-05-15,12.54932145,3.48682099,6.25332687,9.65,2.71882045,0.98,27.84536294,7.6487195,9.75,,11.59333869,3.81410253,2.54,9.97,,2.44,2.85777198,11.01776961,,7.208,31.305673,0.28315087,106.04,1.62800004,11.36998795,3.09325997,0.30541179,,8.64,0.553869,
2017-05-16,12.91798708,3.40826177,6.22666023,9.57,2.70732438,0.97,27.74021733,7.82249397,9.5299995,,12.00000589,3.84883935,2.53,10.15,,2.42,2.81888339,11.12888064,,7.208,31.61125,0.27927209,105.73,1.63600004,11.5019872,3.09325997,0.30211768,,8.6,0.562523,
2017-05-17,12.66532066,3.30553047,6.23332689,9.35,2.76480472,0.97,27.93962928,8.01113541,9.3999995,,11.56000568,3.89052353,2.53,10.32,,2.38,2.85110544,11.95110133,,7.136,31.61125,0.27927209,105.3,1.65800004,11.57398772,3.15255569,0.29388238,,7.75,0.562523,
2017-05-18,12.71132062,3.23301426,6.17999428,9.41,2.74756062,0.96,28.20430633,8.25858199,9.575,,11.4766723,4.00862871,2.57,10.21,,2.37,2.93110517,12.02221238,,7.16,31.576127,0.28315087,106.64,1.77200005,11.5979871,3.19208617,0.28588238,,7.84,0.553869,
2017-05-21,13.0999869,3.22394974,6.14666032,9.42,2.70445036,0.94,27.92875255,8.34546923,9.625,,11.23667185,4.00168134,2.56,10.0,,2.3,2.99110516,11.9155458,,6.976,31.737695,0.27927209,106.86,1.82400005,11.40598731,3.16243831,0.27835297,,7.69,0.553869,
2017-05-22,13.87665212,3.29646595,6.31332681,9.7,2.73893857,0.94,27.93237897,8.34183516,9.5,,12.35667274,4.06420761,2.57,10.07,,2.3,2.97777174,11.98221241,,6.952,31.572614,0.28315087,108.34,1.95600005,11.4119873,3.18220355,0.28235297,,7.67,0.553869,
2017-05-23,13.88531944,3.01848715,6.11999368,9.25,2.62685189,0.86,27.61331862,8.3421652,9.625,,12.03333858,3.88357617,2.46,9.72,,2.12,2.85554999,10.47554737,,6.656,31.56559,0.27539331,106.24,2.02800005,11.34598738,2.96478592,0.25623532,,7.5,0.553869,
2017-05-24,14.3606523,2.96409999,6.17999428,9.25,2.60385975,0.82,27.75109406,8.35835365,9.615,,12.18333898,3.92526035,2.52,9.98,,2.09,2.89332769,10.98221319,,6.528,31.56559,0.27927209,106.08,2.06200006,11.71198697,2.93513806,0.26188238,,7.61,0.553869,
2017-05-25,14.98665168,3.05776676,6.43999335,9.32,2.62397787,0.83,27.98313838,8.35835365,9.615,,11.76000544,3.99473398,2.54,10.1,,2.11,2.92888317,11.07110246,,6.6,31.614763,0.28702964,109.92,2.19000006,11.8679874,2.96478592,0.26729414,,7.72,0.562523,
2017-05-28,14.67065199,3.18769163,6.59332652,9.5,2.68145822,0.84,28.71915474,8.49677855,9.925,,11.86000649,3.94610244,2.54,10.42,,2.13,2.88443859,11.23110233,,6.8,31.621787,0.29866598,112.9,2.26000006,11.56798773,2.99443377,0.26235297,,7.68,0.553869,
2017-05-29,14.48798618,3.19071314,6.49332662,9.53,2.64697001,0.83,29.16149028,8.50239451,9.925,,11.78667279,3.94610244,2.7,10.51,,2.15,2.88110538,11.27110275,,7.088,31.61125,0.30254476,112.87,2.23000006,11.51398779,3.00431639,0.26000003,,7.75,0.553869,
2017-05-30,14.89865176,3.11819694,6.43332669,9.65,2.62110385,0.81,29.15424034,8.34183516,9.925,,11.71333875,3.93915507,2.73,10.43,,2.14,2.90110545,11.35110268,,7.04,31.61125,0.29866598,118.08,2.24800006,11.49598721,3.02408163,0.25952944,,7.88,0.553869,
2017-05-31,15.44798455,3.06078827,6.37332675,9.61,2.61535582,0.81,29.13973718,8.45118753,9.925,,11.53000566,3.91831298,2.78,10.39,,2.19,2.96221633,11.49776924,,7.12,30.979024,0.29866598,119.04,2.20600006,11.39998732,3.00431639,0.2571765,,7.78,0.553869,
2017-06-01,15.60731772,3.06078827,6.33332679,9.41,2.58661565,0.79,30.00265226,8.45283938,9.75,,11.51000532,3.82104989,2.78,10.45,,2.16,3.00221625,11.3955462,,6.888,30.979024,0.29866598,119.1,2.13000006,11.27998685,2.98455115,0.25388238,,7.66,0.545215,
2017-06-04,16.0339833,3.06078827,6.40666005,9.48,2.64409599,0.81,30.39422838,8.52353849,9.745,,11.60000536,3.84189198,2.75,10.44,,2.16,3.15332695,11.20443524,,6.88,29.560032,0.29866598,116.86,2.11000006,11.27998685,3.04384687,0.25741179,,7.9,0.545215,
2017-06-05,15.87198412,3.1061109,6.36666009,9.56,2.83090712,0.82,30.43773495,8.56681692,9.75,,12.00667256,3.82104989,2.73,10.39,,2.2,3.16666037,11.19999169,,6.8,29.560032,0.29866598,116.59,2.17800006,11.44798726,3.07349473,0.26611767,,7.86,0.545215,
2017-06-06,15.75998357,3.10913241,6.35332677,9.33,3.03208834,0.83,30.36522207,8.74818956,9.75,,11.87000616,3.8002078,2.71,10.35,,2.23,3.15332695,11.53776832,,6.8160008,29.52842,0.29866598,120.21,2.22000006,11.26198747,3.05372949,0.26447061,,7.79,0.545215,
2017-06-07,15.57465109,3.14841202,6.32666013,9.31,3.05508048,0.83,30.78217808,8.75413689,9.75,,11.71000608,3.82799726,2.72,10.35,,2.22,3.17110491,11.57332473,,6.84,29.79536,0.30254476,121.11,2.32400006,11.25598748,3.07349473,0.27600003,,7.83,0.545215,
2017-06-08,15.51865114,3.23603577,6.32666013,9.25,2.94011978,0.82,30.47761799,8.7547973,9.51,,11.76667211,3.82799726,2.75,10.47,,2.21,3.19332698,11.54665764,,6.752,28.808385,0.30642354,118.78,2.39400006,11.31598801,3.08337735,0.28141179,,7.92,0.545215,
2017-06-11,15.36798463,3.30855198,6.31999347,9.44,2.96885996,0.85,30.65165259,8.75512799,9.3950005,,11.68667274,3.88357617,2.84,10.58,,2.19,3.1955492,11.55554652,,6.664,31.505878,0.30642354,118.52,2.34000006,11.38798733,3.09325997,0.28282356,,7.94,0.545215,
2017-06-12,15.17265149,3.29344444,6.28666017,9.32,3.01484424,0.85,30.40873154,8.71680512,9.3950005,,11.97333855,3.94610244,2.83,10.59,,2.18,3.15443806,11.38665821,,6.648,31.502367,0.3141811,115.73,2.28200006,11.35798736,3.09325997,0.28894121,,7.89,0.545215,
2017-06-13,15.12198487,3.21488521,6.37332675,9.35,2.96311192,0.84,30.05341167,8.85886342,9.4750005,,11.96000621,3.95999716,2.77,10.56,,2.14,3.10110494,11.19554725,,6.52,32.44368,0.3141811,114.44,2.25600006,11.24998748,3.04384687,0.29741179,,7.77,0.545215,
2017-06-14,15.43465123,3.15747655,6.51999326,9.49,3.12118288,0.84,29.91563622,8.96226948,9.4750005,,11.69667241,3.94610244,2.89,10.44,,2.14,3.12221601,11.29776895,,6.688,32.44368,0.3141811,115.2,2.30800006,11.38798733,3.05372949,0.29388238,,7.72,0.553869,
2017-06-15,16.20731712,3.15445504,6.65999312,9.66,3.11256083,0.84,29.86850034,9.17734049,9.4750005,,11.61000637,3.91831298,2.9,10.25,,2.11,3.10999381,11.29776895,,6.608,33.353381,0.31030232,114.52,2.35800006,11.25598748,3.01419901,0.28964709,,7.56,0.545215,
2017-06-18,16.66065,3.08496034,6.97332613,9.58,3.2074034,0.81,29.60745261,9.57345343,9.4750005,,11.58000635,3.91136562,2.84,10.07,,2.11,3.08666064,11.03999137,,6.48,31.632323,0.3141811,114.74,2.32600006,11.25598748,3.11302521,0.28705885,,7.54,0.553869,
2017-06-19,16.72198327,3.11215392,6.95999281,9.45,3.46606497,0.82,29.6618359,9.91076058,9.3999995,,12.55000683,3.97389189,2.81,10.16,,2.14,3.07110489,10.95110211,,6.48,33.915358,0.31030232,118.83,2.26200006,11.2379875,3.14267307,0.28000003,,7.5,0.553869,
2017-06-20,16.37664962,3.1393475,6.87999289,9.37,3.41145864,0.81,29.69809506,9.91076058,9.3999995,,12.56667317,4.02252343,2.79,10.21,,2.11,3.05999402,11.01332517,,6.472,35.236007,0.31030232,121.46,2.23600006,11.09998765,3.10314259,0.27670591,,7.48,0.553869,
2017-06-21,16.26198307,3.1393475,6.82665961,9.35,3.42870274,0.81,29.69084185,9.43535922,9.3999995,,12.42000543,3.97389189,2.72,10.11,,2.1,3.06221602,10.78221379,,6.472,38.737831,0.27151453,123.1,2.25600006,11.08798766,3.07349473,0.27341179,,7.42,0.562523,
2017-06-22,16.35731697,3.06683129,6.87332623,9.29,3.46031693,0.81,29.37540539,9.69668166,9.3999995,,12.13333996,3.93915507,2.7,10.04,,2.1,3.10332716,10.63554724,,6.408,42.446884,0.26375697,122.85,2.33400006,11.03398712,3.05372949,0.27082356,,7.35,0.553869,
2017-06-28,16.42398357,3.03359469,6.82665961,9.23,3.59252173,0.81,29.36090477,9.91076058,9.4300005,,12.15333897,3.91831298,2.69,10.19,,2.11,3.14332719,10.67554721,,6.296,42.197506,0.25987819,123.89,2.37200006,10.89598788,3.02408163,0.27670591,,7.43,0.553869,
2017-07-02,16.65998267,3.03963771,6.88665955,9.19,3.66149815,0.8,28.99108211,9.33525721,9.4300005,,12.25000602,3.86273408,2.72,10.28,,2.14,3.22666036,10.85332485,,6.248,45.730941,0.25987819,126.39,2.45800007,10.81798856,3.03396425,0.28541179,,7.89,0.553869,
2017-07-03,16.84931715,3.11517543,7.08665934,9.26,3.5379154,0.83,29.50955694,9.33426609,9.4300005,,12.31333905,3.86968144,2.77,10.12,,2.17,3.19666031,10.76888047,,6.288,47.891047,0.25987819,123.27,2.51400007,10.94398782,3.07349473,0.28847062,,7.9,0.553869,
2017-07-04,16.81864984,3.08496034,7.00665943,9.38,3.41720667,0.83,29.57481987,9.34946277,9.79,,13.29667286,3.93915507,2.75,10.05,,2.17,3.13777154,10.63999213,,6.384,50.714982,0.26375697,122.65,2.51600007,10.80598798,3.07349473,0.28564709,,7.76,0.553869,
2017-07-05,16.50665082,3.11819694,7.14665928,9.28,3.34535624,0.87,29.40078491,9.38249974,9.71,,14.62334018,4.12673389,2.73,10.13,,2.16,3.10443838,10.27554797,,6.64,52.453601,0.25987819,122.08,2.47600007,10.25998858,3.06361211,0.27811767,,7.67,0.553869,
2017-07-06,16.35331698,3.19071314,7.02665941,9.18,3.22177349,0.91,29.38628466,9.58732929,9.8999995,,17.23334213,4.20315488,2.75,10.33,,2.13,3.06554946,10.01777039,,6.6,49.900118,0.25987819,122.15,2.43000007,10.08598818,3.05372949,0.26611767,,7.69,0.53656,
2017-07-09,16.26798373,3.1061109,7.02665941,9.2,3.16716716,0.92,29.37903181,9.58072157,9.8999995,,18.66334317,4.14757598,2.79,10.39,,2.13,3.05554948,10.19554803,,6.48,49.938747,0.25599941,123.49,2.41800007,10.27798796,3.06361211,0.26635297,,7.75,0.527906,
2017-07-10,16.24731775,3.14841202,7.07332603,8.99,3.17578921,0.9,29.73072489,9.59195413,9.75,,20.11334321,4.11978652,2.75,10.26,,2.09,2.96666088,10.20443602,,6.368,45.96627,0.25599941,122.54,2.38000006,10.19998865,3.00431639,0.2651765,,7.59,0.519252,
2017-07-11,15.98265135,3.20884219,7.093326,8.92,3.26200973,0.97,30.24919973,9.58072157,9.75,,21.97667746,4.36989161,2.76,10.34,,2.1,2.95554968,10.36888078,,6.4160008,44.719381,0.26375697,124.83,2.40600006,10.21198864,3.02408163,0.26823532,,7.62,0.510598,
2017-07-12,15.7586509,3.15143353,7.09999266,8.91,3.21602545,1.02,30.94170663,9.57378414,9.75,,21.55667659,4.48104942,2.79,10.26,,2.1,2.99554948,10.57332551,,6.392,46.254283,0.27539331,124.48,2.38200006,10.30798853,3.06361211,0.27788238,,7.66,0.519252,
2017-07-13,15.79331687,3.09704637,7.01332609,8.770001,3.21027742,1.01,31.01784883,9.74590642,9.745,,21.71000966,4.34904952,2.75,10.09,,2.12,2.9711052,10.49332558,,6.208,45.836312,0.27927209,122.95,2.38200006,10.12198934,3.13279045,0.29200003,,7.61,0.527906,
2017-07-16,15.8666508,3.11215392,7.16665926,8.75,3.19878135,1.0,31.58708344,9.74722823,9.745,,20.24334328,4.30736534,2.78,10.2,,2.14,3.02332721,10.41777008,,6.296,47.761086,0.28702964,120.96,2.41400007,10.1519887,3.21185141,0.29223532,,7.62,0.527906,
2017-07-17,15.72331827,3.14539051,7.1599926,8.78,3.31374204,1.02,31.67047268,9.74722823,9.3950005,,20.20334359,4.32820743,2.75,10.33,,2.13,2.98666061,10.35999146,,6.152,46.967293,0.27927209,124.0,2.35800006,10.21198864,3.28102975,0.28894121,,7.59,0.527906,
2017-07-18,15.36131797,3.1756056,7.01999275,8.64,3.28212785,1.02,32.04391923,9.90844864,9.5,,19.73667603,4.27957588,2.76,10.48,,2.13,2.97554975,10.58665839,,6.432,46.41234,0.27927209,125.63,2.34600006,10.5119883,3.23161665,0.30352944,,7.6,0.53656,
2017-07-19,15.13531819,3.10913241,6.89332621,8.41,3.21315144,1.0,31.39129537,9.91901982,9.5,,19.19334343,4.12673389,2.76,10.69,,2.11,2.90221656,10.51554734,,6.24,43.588401,0.27151453,120.03,2.20600006,10.40998842,3.22173403,0.31011768,,7.41,0.527906,
2017-07-20,15.64198435,3.08496034,6.92665951,8.32,3.27925384,0.99,31.34415949,10.01218441,9.3999995,,20.4866764,4.12673389,2.72,10.85,,2.09,2.89221658,10.35110347,,6.144,43.823729,0.26763575,119.99,2.24400006,10.91398846,3.23161665,0.31505885,,7.39,0.527906,
2017-07-24,15.65531767,3.08193883,6.94665949,8.24,3.23039554,1.0,31.52182051,10.04323916,9.3999995,,21.49334489,4.1614707,2.71,10.83,,2.06,2.88777203,10.19554803,,6.064,43.472493,0.26763575,119.8,2.27800006,10.88398729,3.19208617,0.31176474,,7.34,0.519252,
2017-07-25,15.54465112,3.09100336,6.93332617,8.18,3.21889947,1.01,31.53632366,10.24179169,9.3999995,,21.55334525,4.18926016,2.7,10.9,,2.01,2.89332769,10.22221423,,6.072,45.165451,0.26763575,120.14,2.24400006,10.94998782,3.16243831,0.31082356,,7.39,0.527906,
2017-07-26,16.38798427,3.07287431,6.93332617,8.28,3.2562617,1.04,31.50006451,10.24146098,9.3999995,,21.20334408,4.29347061,2.7,11.06,,2.0,2.91888308,10.21776979,,6.024,46.299947,0.27151453,120.06,2.32800006,10.92598724,3.15255569,0.31952944,,7.48,0.519252,
2017-07-27,17.17531615,3.09402487,6.97332613,8.270001,3.39134051,1.06,31.53269724,10.24080057,9.3999995,,22.62667678,4.39768106,2.73,10.93,,2.11,2.95110513,10.31999149,,5.928,43.711334,0.27151453,120.99,2.35800006,11.30398742,3.19208617,0.31435297,,7.62,0.510598,
2017-07-30,17.4253159,3.02453017,6.91332619,8.19,3.37122239,1.05,30.88732333,10.24113029,9.0,,23.1466787,4.37683897,2.71,10.89,,2.09,2.94888313,10.17776982,,5.688,42.692749,0.26763575,119.79,2.32400006,11.29198744,3.12290783,0.31882356,,7.59,0.510598,
2017-07-31,17.17798348,2.94899245,6.83332627,8.01,3.42870274,1.04,30.68790884,10.23749654,8.75,,23.90001074,4.27262852,2.66,10.83,,2.07,2.87443884,9.94665845,,5.544,41.565281,0.26375697,119.92,2.26200006,11.04598771,3.11302521,0.31152944,,7.51,0.510598,
2017-08-01,16.74398325,2.93690642,6.85332625,7.92,3.72185251,1.03,30.41960827,10.23749654,8.75,,23.78001035,4.19620752,2.57,11.11,,2.05,2.86443886,9.95999222,,5.472,41.066526,0.26375697,119.93,2.24200006,10.93198724,3.12290783,0.30611768,,7.57,0.510598,
2017-08-02,16.40331693,2.92482038,6.95332615,7.98,3.89716757,1.05,30.38697553,10.07627613,8.75,,25.47667918,4.1614707,2.54,11.03,,2.03,2.82666115,9.90665937,,5.4,41.214045,0.26375697,116.78,2.24800006,10.95598781,3.11302521,0.31129415,,7.55,0.510598,
2017-08-03,16.2993177,2.92784189,6.82665961,8.17,4.0178763,1.09,30.39422838,10.07627613,8.75,,27.53334619,4.19620752,2.54,10.95,,2.01,2.87443884,9.84888119,,5.376,40.504548,0.26375697,117.97,2.20800006,11.09398766,3.08337735,0.31200003,,7.55,0.501944,
2017-08-06,16.23998442,2.91273435,6.91999285,8.19,3.92015971,1.11,30.16943401,10.06603467,8.75,,30.50001498,4.23094434,2.56,10.89,,2.0,3.0088829,9.79554834,,5.36,39.654557,0.26375697,117.89,2.22400006,11.0519877,3.04384687,0.30870591,,7.55,0.510598,
2017-08-07,15.996001,2.9671215,7.02665941,8.29,3.94027783,1.14,30.48849436,9.91109127,8.5,,29.33001374,4.26568115,2.57,11.03,,2.02,3.10777148,9.8933256,,5.416,42.439859,0.27151453,119.4,2.28200006,11.11198764,3.08337735,0.31482356,,7.74,0.510598,
2017-08-08,15.223,2.95201426,7.093326,8.26,4.0667346,1.12,30.99971925,9.91109127,8.0649995,,29.15001332,4.21010225,2.55,11.11,,2.01,3.10777148,9.95999222,,5.664,42.106185,0.27539331,120.0,2.24000006,11.18398696,3.06361211,0.33152944,,7.86,0.519252,
2017-08-09,15.814,2.97316452,7.093326,8.3,4.32827018,1.12,31.05773187,9.85955359,8.25,,29.50334849,4.16841807,2.56,11.1,,1.98,3.10110494,9.75554838,,5.832,42.661138,0.26763575,119.21,2.24600006,11.27998685,3.05372949,0.3294118,,7.8,0.519252,
2017-08-10,15.660001,3.16049806,7.07332603,8.3,4.34551428,1.14,30.81480792,9.74227269,8.25,,30.71001408,4.21471109,2.67,11.11,,2.02,3.0977715,9.6977702,,5.768,41.006816,0.26763575,118.4,2.24600006,11.27998685,3.05372949,0.3294118,,7.75,0.510598,
2017-08-13,15.194,3.30855198,7.03332607,8.24,4.24779769,1.14,30.3760988,9.59955297,8.25,,32.01334939,4.21471109,2.64,11.28,,2.02,3.08999374,9.6222147,,5.76,41.150823,0.26763575,116.69,2.29200006,11.2319869,3.04384687,0.32705886,,7.7,0.519252,
2017-08-14,14.256,3.2813584,6.94665949,8.1,4.13571102,1.13,29.95914279,9.59955297,8.25,,32.93335051,4.10773873,2.6,11.35,,2.0,2.98888294,9.17332572,,5.696,40.437813,0.26375697,114.44,2.21400006,11.00398776,3.02408163,0.31788238,,7.58,0.519252,
2017-08-15,14.057001,3.25114332,6.97332613,7.9,4.08685272,1.12,29.56756956,9.41520601,8.255,,33.20668398,4.01502934,2.59,11.41,,2.01,2.89554968,8.959993,,5.784,39.211999,0.25987819,110.07,2.19800006,10.99198777,2.98455115,0.33035297,,7.53,0.510598,
2017-08-16,13.897,3.22999276,7.05999271,7.83,3.97476604,1.09,29.51681015,9.36168645,8.255,,31.21668267,3.97937189,2.54,11.55,,2.02,2.85999431,8.9111037,,5.84,37.912426,0.25987819,110.14,2.29000006,11.24398749,2.91537282,0.31482356,,7.54,0.519252,
2017-08-17,15.547,3.18769163,7.09999266,7.72,3.87130142,1.09,29.52043368,9.46079736,8.255,,29.99668073,3.92945145,2.54,11.71,,2.05,2.87443884,9.02665917,,5.912,37.167805,0.25987819,113.0,2.33400006,11.15998758,2.9054902,0.29152944,,7.6,0.519252,
2017-08-20,15.528999,3.16049806,7.07999268,7.48,3.79370295,1.07,29.40441133,9.58039086,8.4350005,,29.55668052,3.85813655,2.52,11.87,,2.02,2.86110542,8.99110408,,5.912,37.571727,0.25599941,115.38,2.27800006,11.16598818,2.87584234,0.28282356,,7.56,0.519252,
2017-08-21,15.108,3.08798185,7.08665934,7.23,3.69598636,1.08,29.23400316,9.57907005,8.4350005,,28.63334806,3.80108462,2.51,11.65,,2.05,2.8333277,8.84888197,,5.76,36.964088,0.25599941,113.33,2.24200006,11.1419876,2.84619448,0.26847061,,7.47,0.519252,
2017-08-22,14.85,3.09704637,7.07999268,7.36,3.55228549,1.11,29.52768652,9.58072157,8.0,,27.89334703,3.75829567,2.61,11.84,,2.05,2.84332768,8.86221574,,5.76,39.032869,0.25599941,114.93,2.25600006,11.28598684,2.8560771,0.26611767,,7.5,0.519252,
2017-08-23,14.747,3.07287431,7.08665934,7.36,3.37697043,1.14,29.62557928,9.58039086,8.0,,27.9566814,3.75116418,2.63,11.83,,2.11,2.83888313,8.90666015,,5.768,41.122724,0.25987819,116.67,2.25800006,11.22598691,2.82642924,0.2649412,,7.5,0.519252,
2017-08-24,15.142999,3.0698528,6.99332611,7.25,3.36834837,1.12,29.49142736,9.58006116,8.0,,30.22001618,3.6584548,2.59,11.75,,2.12,2.76777227,8.82666021,,5.76,37.627924,0.25599941,116.62,2.24600006,11.09998765,2.77701614,0.2531765,,7.41,0.519252,
2017-08-27,15.467,3.06380978,6.89999287,6.95,3.3568523,1.11,29.48780384,9.57907005,8.0,,33.1933503,3.53721946,2.62,11.76,,2.08,2.66666136,8.79554913,,5.76,35.28518,0.25212063,110.33,2.23800006,10.9679884,2.7572509,0.24964708,,7.4,0.519252,
2017-08-28,15.958,3.07891732,6.95332615,6.89,3.41720667,1.12,29.33914877,9.58072157,8.0,,35.62335083,3.54435095,2.67,11.84,,2.1,2.67666134,8.94221568,,5.688,33.058344,0.24824185,109.94,2.28800006,11.08198707,2.7572509,0.25529414,,7.4,0.519252,
2017-08-29,16.312,3.09704637,6.95332615,6.94,3.36834837,1.17,29.61470255,9.58072157,8.0,,33.26335,3.5800084,2.76,12.38,,2.09,2.65777249,8.91999303,,5.616,33.272598,0.25212063,107.37,2.26000006,11.08198707,2.77701614,0.25011767,,7.46,0.519252,
2017-08-30,15.799001,3.10006788,6.98665945,7.05,3.37122239,1.22,30.02440572,9.58039086,8.0,,31.61334753,3.63706033,2.84,12.72,,2.22,2.70443906,9.11554843,,5.624,31.804431,0.25599941,108.03,2.27800006,10.97998718,2.81654662,0.25364708,,7.62,0.519252,
2017-09-05,15.68,3.08193883,6.97332613,7.2,3.39134051,1.24,30.54650698,9.58039086,7.995,,32.87335048,3.67984928,2.89,12.77,,2.21,2.75110564,9.19554881,,5.76,32.717644,0.25599941,107.23,2.29200006,10.9679884,2.84619448,0.26188238,,7.67,0.519252,
2017-09-06,15.546001,3.11215392,6.96665947,7.32,3.51492326,1.28,30.43411106,9.54702419,7.995,,33.21001531,3.69411226,2.89,12.73,,2.33,2.78666112,9.24443677,,5.768,32.405044,0.25987819,107.69,2.30600006,10.93198724,2.91537282,0.26541179,,7.82,0.519252,
2017-09-07,15.373,3.07891732,6.95332615,7.37,3.6212619,1.28,29.89388022,9.54702419,7.995,,32.31001587,3.77969015,2.84,12.56,,2.38,2.81666106,9.15999329,,5.8,31.934386,0.25987819,107.17,2.33800006,10.91998845,2.89560758,0.26823532,,7.76,0.519252,
2017-09-10,15.363,3.142369,6.99332611,7.47,3.59539575,1.33,30.03528209,9.54537167,8.0,,31.95001503,3.78682164,2.87,12.61,,2.38,2.89888312,9.24888122,,5.84,31.407532,0.26375697,108.13,2.50200007,10.67998752,2.9549033,0.27482356,,7.87,0.519252,
2017-09-11,15.883,3.15747655,7.03999273,7.69,3.69598636,1.42,29.79236104,9.51497833,8.0,,32.30668187,3.86526804,2.88,12.49,,2.38,2.94999402,9.29332607,,6.208,30.36085,0.27151453,108.0,2.66800007,10.73998805,3.00431639,0.26941179,,8.03,0.510598,
2017-09-12,16.537,3.14841202,7.00665943,7.81,3.83968723,1.44,29.86850034,9.51464763,8.0,,33.05668224,3.85813655,2.91,12.43,,2.37,2.97554975,9.45332594,,6.224,30.782332,0.27927209,109.99,2.72400007,10.6979881,3.02408163,0.26329414,,8.22,0.519252,
2017-09-13,16.311,3.1393475,6.99332611,7.75,3.78508089,1.44,29.73435132,9.44857368,8.0,,35.64668417,3.84387356,3.0,12.42,,2.4,2.98888294,9.51110368,,6.104,32.650908,0.27927209,109.9,2.67400007,10.46998895,3.04384687,0.26305885,,8.2,0.510598,
2017-09-14,16.82,3.19675616,7.23999252,7.74,3.74771867,1.43,29.41528807,9.41553671,8.0,,38.42668554,3.92231996,2.98,12.61,,2.35,2.97777174,9.56443697,,6.08,32.967022,0.27539331,110.96,2.64000007,10.421989,3.00431639,0.2651765,,8.17,0.510598,
2017-09-17,16.964,3.20582069,7.52665889,7.77,3.71323046,1.44,29.77060794,9.48557508,7.98,,37.76668522,3.95084593,3.06,12.7,,2.37,3.04221606,9.55110365,,6.4160008,32.113517,0.27539331,115.47,2.65400007,10.67998752,3.06361211,0.26423532,,8.45,0.510598,
2017-09-18,17.267,3.17258409,7.55999219,7.84,3.72760055,1.5,29.71622174,9.48557508,7.98,,38.41001887,3.893794,3.09,12.46,,2.42,2.99888292,9.40443709,,6.328,31.716622,0.27927209,123.32,2.76800007,10.63798816,3.10314259,0.26188238,,8.57,0.527906,
2017-09-19,17.025,3.12121844,7.49999225,7.82,3.77645884,1.47,29.56031672,9.48557508,7.96,,38.59001895,3.86526804,3.09,12.52,,2.52,2.99554948,9.39110333,,6.336,32.338309,0.27539331,124.72,2.80600008,10.73398746,3.11302521,0.26188238,,8.59,0.553869,
2017-09-20,17.242999,3.22999276,7.64665877,8.0,3.77071081,1.43,29.64370886,9.47533362,7.95,,40.15335306,3.92231996,3.14,12.99,,2.63,3.1211049,9.41332598,,6.248,32.2505,0.27539331,123.11,3.00800008,10.89598788,3.16243831,0.26211767,,8.82,0.553869,
2017-09-24,17.158,3.50192853,7.739992,8.14,3.87130142,1.37,29.81411704,9.51464763,7.95,,43.12335451,3.893794,3.1,12.79,,2.73,3.08443831,9.41332598,,6.256,32.383968,0.28315087,122.97,3.18200009,10.75198804,3.12290783,0.25976473,,8.68,0.562523,
2017-09-25,17.569,3.74667074,7.82665858,8.04,3.96901801,1.37,29.61832898,9.51464763,7.985,,46.33668609,3.98650338,3.07,12.56,,2.82,3.05554948,9.38665977,,6.288,32.180253,0.27927209,121.29,3.16600009,10.6919881,3.11302521,0.26423532,,8.65,0.579831,
2017-09-26,17.961,4.03975708,7.79332528,7.99,3.94889989,1.4,29.59657297,9.37886601,7.995,,45.06335547,4.08634425,3.08,12.53,,2.87,3.06777179,9.46221527,,6.44,31.425095,0.27927209,121.1,3.08400008,10.787988,3.14267307,0.27200003,,8.770001,0.588486,
2017-09-27,17.719,4.16666044,7.96665844,8.08,4.03512041,1.36,29.56756956,9.38249974,8.0,,46.12002265,4.08634425,3.13,12.49,,2.88,3.02332721,9.40888154,,6.6,31.29865,0.2947872,123.96,3.25400009,11.26198747,3.10314259,0.26941179,,8.770001,0.588486,
2017-09-28,17.473,4.34492945,7.92665848,8.03,4.14145905,1.34,29.45879753,9.64415288,7.97,,43.41335799,4.10060723,3.19,12.66,,3.07,3.00110514,9.58221429,,6.672,30.761259,0.29866598,124.63,3.41800009,11.24398749,3.13279045,0.26776473,,8.86,0.579831,
2017-10-01,18.239,4.51715544,7.92665848,7.97,4.07248263,1.34,29.59294945,9.89126877,7.985,,41.67668714,4.11487022,3.29,12.95,,3.1,3.10666037,9.84888119,,6.672,30.715597,0.29866598,125.52,3.44600009,11.36398796,3.20196879,0.27058826,,9.13,0.588486,
2017-10-02,18.422,4.47787583,8.25999147,8.020001,3.99201015,1.33,29.61470255,10.08090163,7.985,,43.44668801,4.33594643,3.45,13.06,,3.05,3.17777146,9.91554736,,6.672,30.757746,0.29866598,128.27,3.5640001,11.44798726,3.21185141,0.27341179,,9.13,0.588486,
2017-10-03,19.135001,4.32377889,8.3199914,8.22,3.88854552,1.31,29.76698115,10.63063651,7.945,,45.34002227,4.64973203,3.34,12.96,,3.12,3.15332695,9.65777023,,6.536,30.964977,0.2947872,127.33,3.5360001,11.31598801,3.19208617,0.27976473,,8.94,0.623102,
2017-10-04,19.192999,4.30564984,8.29332476,8.43,3.80807303,1.29,29.43341764,11.02179424,7.81,,46.67001959,4.80662483,3.3,13.52,,3.07,3.14332719,9.19110393,,6.376,31.00361,0.29090842,127.53,3.50999989,11.27998685,3.13279045,0.27341179,,8.95,0.649065,
2017-10-08,19.038,4.06090764,8.61332443,8.66,3.81669509,1.33,28.81342362,10.90220041,7.98,,50.7566916,5.05622701,3.33,13.77,,3.0,3.12554923,9.03554849,,6.704,30.870141,0.29090842,129.19,3.5740003,11.21398812,3.13279045,0.28141179,,8.91,0.666373,
2017-10-09,19.475,4.10623027,9.33332369,8.79,3.87992347,1.39,28.83517709,10.73668485,8.01,,52.03669222,5.39853857,3.41,13.81,,3.0,3.14999373,9.16443773,,6.712,30.852578,0.29866598,132.53,3.6000001,11.21398812,3.27114713,0.29035297,,9.1,0.70099,
2017-10-10,19.508,3.99443445,9.39999029,8.73,3.96614399,1.42,28.54149626,10.73701554,7.925,,50.54002482,5.48411646,3.42,13.48,,3.02,3.19666031,9.09777022,,6.848,30.810432,0.30254476,133.44,3.48200009,11.11798823,3.34032546,0.28305885,,9.14,0.692336,
2017-10-11,19.137,3.86753108,9.26665709,8.76,3.89429356,1.4,27.96863523,10.73470263,7.75,,49.28669087,5.69806118,3.4,13.33,,3.08,3.23888245,9.06665958,,6.872,31.927363,0.29866598,130.39,3.35600029,10.90198787,3.30079499,0.27929415,,9.03,0.675028,
2017-10-12,19.038,3.97328389,9.12665724,8.68,3.89141954,1.39,27.9650088,10.57183069,7.75,,49.87335783,5.57682584,3.4,13.12,,3.15,3.23777123,9.31554783,,6.72,31.593687,0.30254476,129.44,3.40200009,10.82398856,3.29091237,0.27788238,,9.04,0.666373,
2017-10-15,19.506,4.03673557,9.15332388,8.57,3.87992347,1.36,28.22968622,10.5715,7.75,,48.55669052,5.53403689,3.37,13.25,,3.08,3.25999351,9.38665977,,6.752,31.772818,0.29866598,130.12,3.34800009,11.321988,3.25138189,0.27176473,,9.0,0.666373,
2017-10-16,19.781,4.09716574,9.15999054,8.6,3.88854552,1.35,28.2695689,10.57017918,7.745,,49.91336118,5.79790206,3.37,13.3,,3.29,3.18221578,9.32443716,,6.792,31.677985,0.29866598,129.05,3.33800029,11.28598684,3.24149927,0.26941179,,9.26,0.683682,
2017-10-17,19.296001,3.91889673,8.44665794,8.31,3.7534667,1.31,27.74384122,10.43604907,7.72,,47.92669021,5.75511311,3.32,12.87,,3.39,3.08888263,9.02665917,,6.4,31.6253,0.28702964,127.44,3.27000009,10.82998735,3.16243831,0.26211767,,9.01,0.675028,
2017-10-18,19.327,3.89774617,8.2866581,8.29,3.70173439,1.3,27.38852425,10.3230623,7.725,,46.68335626,5.75511311,3.34,13.13,,3.35,3.09554951,9.17332572,,6.408,31.621787,0.28315087,127.15,3.49600009,10.80598798,3.33044285,0.26870591,,9.16,0.683682,
2017-10-19,19.142,3.97328389,8.34665804,8.51,3.72472653,1.32,27.3268881,9.94181533,7.6,,44.93668874,6.18300256,3.54,12.96,,3.4,3.15999382,9.10665955,,6.4,31.639349,0.28702964,127.4,3.7240003,10.73398746,3.53797786,0.26423532,,9.46,0.683682,
2017-10-22,18.639999,4.01558501,8.23332483,8.46,3.91441168,1.34,27.63507172,10.04522138,7.6,,41.06002017,6.3826843,3.56,12.83,,3.4,3.18554922,9.4311033,,6.712,31.263527,0.2947872,127.1,3.6080003,10.63798816,3.58739096,0.2609412,,9.53,0.666373,
2017-10-23,18.510001,4.04580009,8.10665829,8.39,3.94602587,1.3,27.93962928,10.23980947,7.745,,43.60002141,5.93340038,3.56,12.7,,3.27,3.10666037,9.24888122,,6.984,30.599691,0.2947872,127.34,3.6380003,10.48798833,3.57750834,0.25811767,,9.51,0.666373,
2017-10-24,18.517,4.05788613,8.2866581,8.32,4.0178763,1.3,28.13541698,10.23815695,7.75,,45.03668879,5.74085013,3.8,13.09,,3.21,3.11666035,9.55999253,,7.304,30.638327,0.29866598,128.14,3.6599999,10.81198797,3.76527811,0.25905885,,9.73,0.666373,
2017-10-25,17.574001,4.04277858,8.5199912,8.48,4.01212827,1.32,28.17530002,10.07561572,7.695,,42.09335401,5.79790206,3.78,12.97,,3.21,3.18666033,9.79554834,,7.392,30.424073,0.30254476,131.48,3.6660001,10.95598781,3.84433907,0.25858826,,9.56,0.666373,
2017-10-26,17.656,4.00047746,8.4866579,8.46,3.94027783,1.35,27.9867648,10.23452355,7.625,,41.60002043,5.79077056,3.82,12.9,,3.2,3.22332692,9.8933256,,7.36,29.208796,0.30254476,133.58,3.6040001,10.85998792,3.90363479,0.2651765,,9.43,0.675028,
2017-10-29,17.875999,3.99141294,8.68665769,8.58,3.99775818,1.39,27.67857829,10.34057189,7.74,,42.12668736,5.76937609,3.83,12.96,,3.2,3.22443803,10.21776979,,7.288,28.966442,0.31030232,132.67,3.7939999,10.92598724,3.91351741,0.27035297,,9.520001,0.675028,
2017-10-30,17.985001,3.93400427,8.76665761,8.6,4.06098656,1.36,27.60243899,10.34057189,7.73,,43.13002118,5.77650758,3.9,12.91,,3.23,3.30332676,10.51999178,,7.2,28.811898,0.30642354,137.38,4.00200011,10.79398799,4.03210885,0.27035297,,9.51,0.666373,
2017-10-31,18.145,3.98536992,8.94665742,8.58,4.03224639,1.36,28.00489185,10.2424521,7.73,,43.49002136,5.96905784,3.92,13.1,,3.25,3.40443756,10.59554727,,7.312,28.717065,0.31805988,139.55,3.92200031,10.86598851,4.05187408,0.27200003,,9.57,0.675028,
2017-11-01,18.031,4.19385402,8.78665759,8.69,3.98626211,1.37,28.5813793,10.48362165,7.73,,42.6833543,6.18300256,3.95,13.02,,3.31,3.38665993,10.42665807,,7.312,28.63628,0.32581743,141.38,4.13600011,10.91998845,4.08152194,0.27152944,,9.6,0.683682,
2017-11-02,19.133,4.32075738,8.69332435,8.56,3.86555338,1.35,28.53424341,10.34486671,7.75,,41.90668725,6.40407878,3.82,12.85,,3.32,3.38777104,10.26665864,,7.272,28.548471,0.32193866,137.95,4.17799991,10.97998718,4.05187408,0.2691765,,9.5,0.683682,
2017-11-05,20.031,4.23917665,8.69999101,8.5,3.83393919,1.37,28.33120504,10.34486671,7.735,,43.20335455,6.48965667,3.8,12.79,,3.25,3.4333265,10.47554737,,7.288,28.429051,0.32193866,136.55,4.11800011,10.94998782,3.96293051,0.26658826,,9.72,0.683682,
2017-11-06,20.247,4.16968195,8.63999107,8.38,3.74771867,1.34,28.15717334,10.34486671,7.29,,43.38668798,6.21152852,3.73,12.8,,3.21,3.42332641,10.18221426,,7.336,28.007567,0.31805988,135.12,3.97400031,10.79398799,3.92340003,0.26023532,,9.45,0.675028,
2017-11-07,19.612,4.10320876,8.57332448,8.4,3.79370295,1.32,27.92875255,10.49122049,7.7,,42.14668737,6.06176722,3.63,12.78,,3.14,3.38110438,10.1866587,,7.288,28.049716,0.3141811,133.13,3.8360001,10.68598751,3.94316527,0.25858826,,9.06,0.657719,
2017-11-08,19.584,3.9793269,8.59999111,8.28,3.71610448,1.33,27.97226201,10.58339397,7.75,,40.96668679,5.94053187,3.65,12.73,,3.01,3.29110467,10.1688805,,7.88,28.949988,0.31030232,130.96001,3.7340001,10.5119883,3.96293051,0.26070591,,9.03,0.657719,
2017-11-09,19.73,4.00047746,8.52665786,8.28,3.75059269,1.37,27.69670786,10.58273256,7.925,,40.90002009,6.1544766,3.7,13.12,,3.13,3.28666013,10.61776903,,8.064,31.474988,0.31805988,133.50999,3.8660001,10.23598801,4.04199146,0.26635297,,9.36,0.657719,
2017-11-12,20.4,4.05788613,8.63332441,8.41,3.74484465,1.45,28.24418937,10.58967099,8.255,,39.44335271,6.11881914,3.7,13.59,,3.13,3.25666008,10.84888041,,8.064,33.012487,0.32193866,133.37,3.94000031,10.10398876,3.96293051,0.26305885,,9.42,0.657719,
2017-11-13,19.629999,4.18176798,8.45999126,8.42,3.66149815,1.47,28.03752458,10.59660842,8.1000005,,37.24668496,5.96905784,3.7,13.55,,3.28,3.22554925,10.72888006,,7.656,30.187487,0.3141811,137.07001,3.8099999,10.07398939,3.99257837,0.26400003,,9.39,0.666373,
2017-11-14,19.389999,4.21802609,8.56665782,8.31,3.63850601,1.43,27.62781887,10.73536403,8.0950005,,37.84668526,5.87634845,3.61,13.55,,3.25,3.20443807,10.49332558,,7.6,27.262488,0.31030232,132.97,3.7540001,9.92398956,3.96293051,0.25905885,,9.26,0.666373,
2017-11-15,19.280001,4.4325532,8.53999118,8.31,3.58964771,1.42,27.51542296,10.64484206,8.05,,37.89335194,5.94053187,3.58,13.5,,3.22,3.17888268,10.47554737,,7.632,25.531239,0.29866598,131.06,3.8119999,9.89398899,3.97281313,0.25929414,,9.44,0.666373,
2017-11-16,19.059999,4.55643506,8.83332421,8.24,3.53504138,1.44,27.0694639,10.58636696,7.9,,37.09335155,5.92626889,3.55,13.23,,3.19,3.12332723,10.35110347,,7.536,25.44999,0.29866598,132.11,3.8000001,9.91198897,3.98269575,0.25929414,,9.35,0.657719,
2017-11-19,18.809999,4.45672527,8.81332423,8.2,3.4890571,1.43,26.6343783,10.55729443,8.1099995,,36.1733511,5.82642802,3.51,13.04,,3.14,3.06443835,10.34665902,,7.528,24.556241,0.29090842,132.37,3.8759999,9.38998955,3.97281313,0.25670591,,9.23,0.675028,
2017-11-20,18.440001,4.36910152,8.90665746,8.03,3.44307283,1.4,26.53648554,10.54407965,8.0550005,,34.65668369,5.64814075,3.47,12.95,,3.06,2.99332749,10.1866587,,7.6,23.51249,0.28315087,134.84,3.95600031,9.22198974,3.95304789,0.25223532,,9.14,0.666373,
2017-11-21,18.23,4.21198307,8.68665769,7.91,3.43732479,1.36,26.65975819,10.45223686,8.0550005,,34.15001677,5.448459,3.42,12.42,,3.04,2.94332748,10.19554803,,7.536,23.706241,0.28315087,135.99001,3.8640001,9.49198944,3.93328265,0.2489412,,9.06,0.675028,
2017-11-22,18.43,4.19687553,8.54665784,7.83,3.44882086,1.37,26.57636858,10.51005156,8.0200005,,34.59335032,5.43419602,3.43,12.35,,3.07,3.03999406,10.27999152,,7.6,23.062492,0.28315087,133.25999,3.8860001,9.60598931,3.97281313,0.25035297,,9.2,0.692336,
2017-11-23,19.33,4.31471436,8.50665788,7.92,3.49480514,1.39,26.57636858,11.05945672,7.84,,35.59335082,5.61961478,3.59,12.35,,3.1,3.05666059,10.38221455,,7.584,23.531242,0.28315087,132.25,3.94800011,9.60598931,3.99257837,0.25270591,,9.37,0.718299,
2017-11-26,19.59,4.4325532,8.68665769,8.06,3.51779728,1.41,26.6887645,11.93427505,8.05,,36.38001787,5.85495398,3.67,12.91,,3.32,3.08221609,10.46221449,,7.752,23.743742,0.28702964,132.09,3.95000011,9.77398973,4.1111698,0.25788238,,9.51,0.744261,
2017-11-27,19.469999,4.39025208,8.71332433,8.04,3.51492326,1.42,26.6343783,12.3895245,8.05,,36.47335125,5.83355951,3.68,13.35,,3.57,3.10443838,10.40443631,,7.76,23.14374,0.28702964,134.96001,3.8779999,10.11598934,4.1605829,0.26235297,,9.65,0.718299,
2017-11-28,19.959999,4.37212303,8.90665746,8.11,3.50342719,1.41,26.25730533,12.55404895,7.985,,38.70001901,5.9975838,3.67,13.41,,3.91,3.09443829,10.46221449,,7.856,23.21249,0.28315087,136.72,3.7500001,10.13398812,4.1605829,0.26000003,,9.68,0.726953,
2017-11-29,20.059999,4.43557471,8.97999072,8.42,3.55228549,1.43,26.98607139,12.55404895,7.99,,41.75002051,6.14734511,3.73,13.51,,4.02,3.14332719,10.68888009,,7.992,23.662491,0.29090842,146.46001,3.7759999,10.53598768,4.17046552,0.27223532,,9.93,0.735607,
2017-12-03,19.74,4.3630585,8.84665753,8.73,3.471813,1.4,27.31600847,12.55933486,7.99,,41.84002055,6.07603091,3.75,13.53,,3.93,3.22888235,10.79999111,,8.072,24.031241,0.28315087,146.83,3.7680001,10.55998825,4.08152194,0.27411767,,9.97,0.718299,
2017-12-04,19.5,4.38723057,8.83999087,8.88,3.46606497,1.39,27.69670786,12.55404895,7.675,,42.10335401,6.22579151,3.86,13.46,,3.93,3.30221554,10.84888041,,8.0,24.199991,0.29090842,148.99001,3.7980001,10.79998798,4.05187408,0.27576473,,10.15,0.726953,
2017-12-05,19.23,4.35701548,8.72665765,8.75,3.51492326,1.39,27.33051163,12.56065667,7.83,,40.85002006,6.08316169,3.71,13.33,,4.02,3.30332676,10.80443556,,7.76,24.424991,0.28702964,146.02,3.7300001,10.88998788,3.97281313,0.27341179,,10.05,0.718299,
2017-12-06,19.129999,4.34795096,8.67332437,8.85,3.6040178,1.39,26.97882144,12.56429042,7.95,,39.51335274,6.18300256,3.69,13.1,,3.97,3.29110467,10.58221351,,7.76,24.962489,0.29090842,143.58,3.8000001,10.67998752,4.01234361,0.27388238,,9.97,0.718299,
2017-12-07,18.940001,4.37212303,8.71999099,8.24,3.52641933,1.36,26.50385281,12.55933486,8.1949995,,38.31001882,6.02610976,3.65,13.44,,3.93,3.27888237,10.4355474,,7.752,24.424991,0.28315087,142.00999,3.8840001,10.41598901,3.95304789,0.2731765,,9.99,0.709644,
2017-12-10,18.969999,4.4325532,8.64665773,8.020001,3.47756103,1.33,26.36607737,12.73773451,7.99,,37.89001861,5.89061144,3.56,13.54,,4.01,3.27554904,10.34221414,,7.76,24.762489,0.27927209,142.06,3.8080003,10.28398796,3.95304789,0.27105885,,10.03,0.70099,
2017-12-11,19.17,4.51111243,8.67332437,8.11,3.58964771,1.35,26.55823901,12.972297,7.99,,39.13335255,6.01897827,3.73,13.36,,4.1,3.34777101,10.31554705,3.7389491,7.952,26.456241,0.28315087,144.08,3.99600011,10.23598801,3.97281313,0.27764709,,10.18,0.70099,
2017-12-12,19.049999,4.71959652,8.61332443,8.07,3.65862413,1.36,26.29718838,13.04035315,7.99,,40.18335307,6.19726554,3.71,13.42,,4.13,3.36777097,10.46665804,3.7389491,8.36,27.562488,0.28702964,148.77,4.28000012,10.46998895,3.97281313,0.27435297,,10.14,0.709644,
2017-12-13,19.139999,4.70751049,8.63332441,8.17,3.62988396,1.36,26.65250788,13.21842211,7.99,,40.6533533,6.22579151,3.75,13.59,,4.22,3.56110392,10.45332516,4.33847025,8.592,26.518739,0.28702964,147.48,4.28800032,10.66798873,4.02222623,0.27623532,,10.15,0.735607,
2017-12-14,19.82,4.81326329,8.67332437,8.08,3.61838789,1.35,26.81566321,13.21908317,7.99,,40.01668632,6.14021362,3.69,13.84,,4.2,3.69999253,10.44888072,4.48673892,8.88,26.20624,0.29090842,144.67999,4.43000012,10.66198814,3.96293051,0.27600003,,10.07,0.735607,
2017-12-17,21.25,4.72866105,8.69332435,8.020001,3.59539575,1.32,26.89905536,13.5484621,7.92,,40.40668651,6.19726554,3.69,13.68,,4.05,3.74221478,10.49332558,4.43516721,8.88,26.493739,0.28315087,144.28999,4.48600012,10.50598831,3.96293051,0.27176473,,9.99,0.735607,
2017-12-18,22.68,4.74376859,8.71999099,8.05,3.52354531,1.33,26.72502076,13.40970617,7.99,,41.36668698,6.20439703,3.69,13.79,,4.01,3.76332573,10.5111029,4.69302577,8.84,25.943738,0.28315087,145.23,4.54000032,10.55998825,4.00246099,0.27176473,,10.0,0.735607,
2017-12-19,22.84,4.74376859,9.01999068,8.01,3.61838789,1.33,26.47122297,13.5920709,7.8,,42.8166877,6.17587107,3.67,13.43,,4.06,3.64888163,10.55110286,4.68013284,9.112,25.62499,0.28315087,146.23,4.45999992,10.56598884,3.97281313,0.26800003,,9.95,0.735607,
2017-12-20,22.530001,4.82534933,9.35999033,7.94,3.78508089,1.31,26.28268522,13.65550156,7.745,,43.95002492,6.1544766,3.59,13.36,,4.2,3.71665938,10.44888072,4.92509847,8.816,26.13124,0.27927209,146.34,4.37599992,10.43398779,3.91351741,0.26188238,,9.79,0.735607,
2017-12-21,22.01,4.65916635,9.18665717,7.89,3.94027783,1.3,26.69964087,13.71893288,7.68,,42.74002099,6.06889871,3.5,13.47,,4.12,3.83888114,10.34221414,5.18295703,8.64,25.31249,0.27539331,148.22,4.36600012,10.28998855,3.81469121,0.25364708,,9.770001,0.735607,
2017-12-24,21.6,4.50809092,9.13999056,7.73,3.91153766,1.28,26.83741668,14.04599856,7.625,,41.27335361,5.89774364,3.5,13.23,,4.05,3.81332575,10.24888043,5.37635095,8.456,24.837491,0.27927209,146.53,4.25999991,10.30198854,3.79492597,0.24941179,,9.66,0.726953,
2017-12-25,21.469999,4.65312333,9.1333239,7.77,3.8856715,1.29,27.27975221,14.06284774,7.625,,41.8833539,5.94053187,3.5,13.32,,4.0,3.85999254,10.35999146,5.18940349,8.392,24.368742,0.28315087,144.55,4.20800031,10.19998865,3.85422169,0.2531765,,9.68,0.726953,
2017-12-26,22.110001,4.59873618,9.1666572,7.8,3.80807303,1.3,27.19636261,14.21118341,7.625,,43.45668801,5.99045231,3.54,13.89,,4.09,3.88554794,10.33332526,5.24742167,8.304,23.537491,0.28315087,144.0,4.38000012,10.1519887,3.89375217,0.25552944,,9.73,0.726953,
2017-12-27,22.129999,4.58967165,9.1666572,7.75,3.78508089,1.3,27.65319876,14.50422135,7.55,,42.47335419,5.89774364,3.55,13.81,,4.19,3.86443664,10.33332526,5.31188631,8.328,23.443739,0.28315087,144.53999,4.55000012,10.16998928,3.86410431,0.25270591,,9.57,0.726953,
2017-12-28,22.030001,4.57758562,9.17332386,7.7,3.73909662,1.29,27.62781887,14.5316417,7.99,,44.3133551,5.92877744,3.55,13.44,,4.28,3.97888108,10.35999146,5.26031459,8.2,23.974991,0.27927209,143.3,4.57799992,9.9779883,3.88386955,0.2529412,,9.64,0.735607,
2017-12-31,21.790001,4.70146747,9.1666572,7.69,3.7362226,1.28,28.08828399,14.50752503,8.0,,44.0466883,6.03519139,3.59,13.53,,4.43,3.91665887,10.47110248,5.22163581,8.416,24.112492,0.27927209,142.72,4.57200032,10.06198881,3.89375217,0.25976473,,9.84,0.735607,
2018-01-02,21.5,4.69240295,9.25332377,7.63,3.69311234,1.27,28.04477453,14.84351071,8.3999995,,43.44668801,5.99718641,3.55,13.42,,4.49,3.90999211,10.46221449,5.35056509,8.424,24.13749,0.27927209,140.41,4.75400013,9.95398893,3.85422169,0.25929414,,9.8,0.735607,
2018-01-03,21.75,4.70448898,9.20665715,7.71,3.69598636,1.29,27.91062551,14.79065222,8.74,,43.10002117,5.89837345,3.57,13.43,,4.82,3.85332567,10.39554699,5.26031459,8.424,23.999992,0.27927209,143.17999,4.74399993,9.94798893,3.85422169,0.26447061,,9.99,0.76157,
2018-01-04,21.559999,4.66218786,9.03,7.72,3.76496277,1.31,27.31963489,14.79924116,8.885,,45.09668548,5.90597445,3.54,13.41,,4.85,3.76777028,10.40443631,5.39569034,8.576,23.80624,0.27927209,141.75,4.75400013,9.85798903,3.81469121,0.26047061,,9.96,0.76157,
2018-01-08,21.4,4.57758562,8.81,7.69,3.78795491,1.3,27.4247805,14.89703125,8.885,,46.2866894,5.82996448,3.52,13.23,,4.65,3.77332572,10.07554768,5.55040547,8.6,23.218742,0.27927209,141.72,4.70999993,9.98398829,3.77516073,0.25905885,,10.06,0.752915,
2018-01-09,22.24,4.73470407,8.68,7.7,3.92303373,1.29,28.31307546,15.03248218,8.885,,45.6066924,5.81476249,3.58,13.2,,4.69,3.78221481,9.55999253,5.54395901,8.776,22.97499,0.27927209,141.86,4.80000013,10.01398946,3.90363479,0.25976473,,10.22,0.76157,
2018-01-10,23.1,4.8525426,8.71,7.72,4.07535665,1.3,29.17236701,15.03182177,8.9799995,,44.55668855,5.92117644,3.71,13.28,,4.75,3.88110339,9.51110368,5.49238794,9.0,22.668741,0.28702964,145.41,4.61400012,10.35598848,3.96293051,0.25858826,,10.03,0.76157,
2018-01-11,24.42,4.96736054,8.8,7.9,4.10984486,1.33,29.0454683,15.19700662,8.9799995,,44.11335321,6.04279239,3.74,13.3,,4.95,3.94999203,9.54665921,5.48594083,9.312,22.53124,0.28702964,144.49001,4.68600013,10.57798763,3.95304789,0.25647061,,9.97,0.76157,
2018-01-14,24.33,5.00361804,9.1,8.04,4.14145905,1.34,28.9838318,15.13456641,8.995,,45.21335507,6.13400435,3.82,13.53,,5.08,3.99888116,9.62665914,5.54395901,9.416,22.78749,0.28315087,146.03999,4.89000033,10.56598884,3.94316527,0.25670591,,10.08,0.76157,
2018-01-15,24.99,5.03987644,9.14,7.99,4.08110469,1.35,28.63576514,15.13456641,8.995,,44.34668599,6.21761532,3.89,13.5,,5.09,4.07443612,9.59554806,5.64065597,9.6,22.768741,0.29090842,145.03999,4.97599993,10.45198837,3.91351741,0.25741179,,10.12,0.752915,
2018-01-16,24.92,4.94318847,8.96,7.94,4.03512041,1.33,28.3457082,15.06452803,8.385,,42.66668718,6.11120136,3.82,13.57,,5.18,4.00999202,9.56888185,5.50528023,9.6,22.487491,0.28702964,142.05,4.93200013,10.43398779,3.86410431,0.26305885,,9.94,0.76157,
2018-01-17,25.559999,4.91297308,9.05,7.9,4.02937237,1.33,28.21155664,15.10615496,8.385,,43.04668736,6.10360036,3.86,13.53,,5.29,4.00999202,9.31110428,5.51817315,9.6,22.287491,0.28702964,141.84,4.91800013,10.31998912,3.87398693,0.25976473,,9.93,0.770224,
2018-01-18,25.49,5.09124209,9.29,8.07,4.01500229,1.33,28.2695689,15.0787346,8.38,,43.52668826,6.17961033,3.89,13.37,,5.5,4.08888064,9.32443716,5.6342095,9.6,22.67499,0.28702964,142.22,5.04399994,10.21198864,3.93328265,0.26164708,,10.04,0.804841,
2018-01-21,25.0,5.18490886,9.32,8.16,4.02937237,1.34,28.68652491,15.01398148,8.375,,43.77335704,6.37723625,3.92,13.51,,5.43,4.10221384,9.54221432,5.82115696,9.6,22.368742,0.29090842,145.00999,5.14399994,10.18798866,3.92340003,0.26305885,,10.3,0.822149,
2018-01-22,24.969999,5.06404851,9.16,8.17,3.94889989,1.32,28.66839533,14.87820018,8.375,,42.4933551,6.40764023,3.83,13.33,,5.37,4.0588807,9.34665981,5.98231856,9.6,22.106241,0.2947872,145.82001,5.37200034,9.91798957,3.87398693,0.26047061,,10.35,0.822149,
2018-01-23,24.99,4.97642446,9.03,8.13,3.92303373,1.3,28.30945194,15.06452803,8.375,,42.28001899,6.27842329,3.8,13.4,,5.38,4.00443659,9.16443773,6.33687408,9.52,21.531242,0.28702964,144.91,5.38400015,9.80998909,3.89375217,0.25623532,,10.39,0.822149,
2018-01-24,24.790001,5.01570437,9.06,8.12,3.95752194,1.3,28.1934296,14.88051277,8.37,,42.96668532,6.33163027,3.82,13.39,,5.33,3.98776973,9.19554881,6.68498313,9.048,21.518741,0.29090842,144.63,5.38400015,9.76198914,3.89375217,0.25835297,,10.32,0.822149,
2018-01-28,25.18,5.10030631,9.1,8.08,3.91441168,1.3,28.45085381,14.79032151,8.375,,42.26668832,6.37723625,3.79,13.31,,5.23,3.96776977,9.11110399,6.78168009,8.968,21.249992,0.29090842,147.11,5.61199995,9.57598935,3.81469121,0.26658826,,10.23,0.822149,
2018-01-29,26.309999,5.12749989,9.2,7.98,3.93165578,1.31,29.03459157,14.79032151,8.5,,43.55335561,6.34683226,3.82,13.36,,5.02,4.07665844,9.16443773,6.74300131,8.8,21.481241,0.29866598,146.64,5.76400016,9.73798917,3.77516073,0.27435297,,10.18,0.822149,
2018-01-30,28.16,5.14260774,9.26,7.91,4.00350622,1.31,29.36090477,14.8828247,8.5,,45.71335531,6.35443326,3.93,13.2,,5.15,4.15110296,9.16888128,6.90416291,8.768,20.918742,0.29866598,153.47,5.75000015,9.60598931,3.77516073,0.28541179,,10.2,0.822149,
2018-01-31,30.889999,5.10937114,9.55,7.85,3.94889989,1.31,29.17236701,15.15670151,8.4350005,,47.38002278,6.45324621,3.98,13.21,,5.09,4.04776972,9.11554843,6.71076899,8.52,22.331241,0.29090842,158.35001,5.65600035,9.58798933,3.75539549,0.30070591,,9.89,0.839457,
2018-02-01,29.9,4.99757562,9.71,7.72,3.79945098,1.28,28.40371792,15.2885187,8.4350005,,46.34002361,6.29362528,3.81,13.32,,4.94,3.91332566,9.1288822,6.52382153,8.72,22.81874,0.27927209,153.81,5.53600015,9.43198951,3.68621715,0.30141179,,9.63,0.839457,
2018-02-04,29.889999,4.97340295,9.53,7.7,3.76208876,1.27,28.61763556,15.43883758,8.4449995,,47.4200208,6.22521631,3.74,13.26,,5.01,3.92999207,9.02221473,6.66564374,8.792,22.399991,0.27927209,155.46001,5.80000016,9.57598935,3.69609977,0.3214118,,9.61,0.86542,
2018-02-05,29.299999,4.92808032,9.23,7.7,3.70748243,1.24,28.01576858,15.75467069,8.45,,46.77335849,5.97438342,3.67,13.15,,4.97,3.88999204,8.96888188,6.5109286,8.592,21.912492,0.27539331,155.23,5.64199995,9.39598955,3.63680406,0.31411768,,9.42,0.856766,
2018-02-06,29.58,4.86462894,9.29,7.68,3.72472653,1.3,27.96138528,16.00905504,8.455,,46.56001972,5.95158043,3.67,13.44,,4.97,3.9955475,9.0533267,6.62051849,8.72,21.674991,0.27151453,154.57001,5.58800035,9.35998959,3.62692144,0.30682356,,9.39,0.839457,
2018-02-07,28.780001,4.65916635,9.17,7.54,3.56090754,1.29,27.41753056,15.91225672,8.455,,44.76668952,5.7843585,3.66,13.03,,4.82,3.90776978,8.9111037,6.42712457,8.712,21.62499,0.26375697,151.63,5.41199995,9.2579897,3.52809524,0.30094121,,9.33,0.830803,
2018-02-08,29.559999,4.710532,9.24,7.62,3.61551387,1.31,27.89612235,15.85477271,8.455,,45.58002391,5.91357545,3.82,12.99,,5.05,3.96332523,9.44443706,6.65919727,8.728,21.599992,0.26763575,150.09,5.54399995,9.39598955,3.69609977,0.30564709,,9.68,0.830803,
2018-02-11,28.700001,4.54132751,9.18,7.6,3.56090754,1.28,27.6314453,15.82503977,8.745,,44.4466867,5.88317146,3.76,12.89,,5.43,3.94110338,9.56443697,7.17491439,8.712,21.35624,0.26375697,150.92999,5.91199996,9.35998959,3.6565693,0.29670591,,9.62,0.830803,
2018-02-12,28.18,4.45370376,9.09,7.68,3.43732479,1.28,27.555306,15.82470906,8.745,,43.30668682,5.67034355,3.74,12.77,,5.7,3.88554794,9.41332598,7.11044975,8.712,20.94374,0.25599941,150.52,5.99600016,9.20998975,3.61703882,0.28800003,,9.65,0.830803,
2018-02-13,28.700001,4.58665014,9.23,7.66,3.43157676,1.28,27.39215067,15.81942316,8.505,,43.20002277,5.59433358,3.81,12.48,,5.69,3.93221429,9.65777023,7.19425378,8.76,20.812491,0.25987819,152.72,6.21199997,9.37198957,3.73563025,0.29458826,,9.84,0.830803,
2018-02-14,28.98,4.52924148,9.15,7.56,3.42582872,1.27,26.76127738,16.47553774,8.505,,42.89335129,5.58673259,3.73,12.35,,5.52,3.84332569,9.29332607,7.38120124,8.92,20.331241,0.25212063,150.13,6.07200036,9.29398966,3.6565693,0.28941179,,9.61,0.830803,
2018-02-15,28.67,4.50809092,9.17,7.68,3.53504138,1.28,26.92443524,16.35230949,8.505,,43.02668802,5.57913159,3.78,12.08,,5.44,3.88777027,9.59110361,7.3876477,9.048,20.331241,0.25212063,148.64999,6.20000017,9.25198971,3.73563025,0.28564709,,9.74,0.839457,
2018-02-18,28.82,4.49298337,9.26,7.76,3.64425404,1.27,27.17098272,16.1798565,8.715,,43.58002295,5.54112661,3.94,12.35,,5.51,3.94332571,9.91999225,7.71641736,9.0,21.487492,0.25599941,148.32001,6.37200037,9.28798967,3.93328265,0.2971765,,10.12,0.856766,
2018-02-19,29.459999,4.49902639,9.19,7.94,3.64138003,1.3,27.22174249,15.9304277,8.715,,42.74668922,5.5487276,4.05,12.13,,5.59,4.09888062,9.85332563,8.03874056,9.0,21.562491,0.25212063,148.91,6.50000018,9.39598955,4.05187408,0.29735275,,10.26,0.856766,
2018-02-20,31.459999,4.55039204,9.19,7.97,3.57815164,1.33,27.53355254,15.88087225,8.715,,42.68001852,5.61713657,4.15,12.37,,5.55,4.19665832,9.70221464,7.92270421,9.056,21.062492,0.25212063,147.08,6.46200037,9.40198954,4.0617567,0.29852922,,10.34,0.882728,
2018-02-21,33.099998,4.62592976,9.17,7.99,3.59252173,1.35,27.71121102,16.22082202,8.715,,42.11335225,5.60193458,4.14,12.42,,5.43,4.17221381,9.77777014,7.49079113,9.08,20.718743,0.25212063,144.11,6.30000017,9.27598968,4.01234361,0.29647039,,10.21,0.882728,
2018-02-22,31.950001,4.77398368,9.07,8.06,3.5551595,1.35,28.33845825,16.50130656,8.715,,41.9533535,5.47271764,4.2,12.26,,5.02,4.12443613,9.67554799,7.14912854,9.104,20.518743,0.25599941,144.98,6.24000037,9.11998985,4.04199146,0.29117628,,10.08,0.874074,
2018-02-25,33.290001,5.11239265,9.05,7.99,3.54941147,1.38,28.67564528,16.38237314,8.615,,40.97335237,5.40430867,4.17,12.25,,5.03,4.0922143,9.78665902,7.29739721,9.248,21.031243,0.25212063,146.74001,6.70599998,8.96999002,3.97281313,0.30352921,,10.05,0.874074,
2018-02-26,33.68,5.1305217,9.15,8.25,3.69886037,1.42,28.73003148,17.44781544,8.615,,41.22002115,5.43471265,4.11,12.2,,5.15,4.15443607,9.71554841,7.22003964,9.248,21.681241,0.25987819,145.46001,6.78000058,9.01198997,3.98269575,0.30558803,,10.01,0.856766,
2018-02-27,34.529999,5.3390058,9.15,8.29,3.70748243,1.42,28.40009439,17.40519876,8.615,,41.56668532,5.51072262,4.24,12.31,,5.01,4.1566584,9.45777083,7.14268207,9.224,19.387492,0.25599941,146.28999,6.68200018,9.32998962,4.04199146,0.31529391,,10.03,0.848112,
2018-02-28,35.48,5.37828511,9.1,8.18,3.71610448,1.4,28.30582552,18.01208758,8.615,,41.85335279,5.5487276,4.29,12.28,,4.94,4.15110296,9.41777086,7.35541538,9.328,19.262492,0.25599941,147.34,6.83799998,9.63598868,4.10128718,0.32411743,,9.96,0.839457,
2018-03-01,35.779999,5.49310274,9.020001,8.07,3.72472653,1.39,27.99038869,18.26052427,8.1400005,,41.34668654,5.51072262,4.2,12.15,,4.85,4.11332515,9.82221455,7.4778982,9.088,19.093742,0.25212063,149.11,6.75999998,9.62998869,4.0617567,0.32941155,,9.88,0.839457,
2018-03-04,34.57,5.28159713,8.96,7.96,3.67874225,1.39,27.91787581,18.1918087,8.1000005,,41.0400204,5.45751564,4.19,12.13,,4.83,4.06999201,9.85332563,6.82680534,9.2,18.893742,0.25212063,148.22,6.64400038,9.59398933,4.05187408,0.32323508,,9.94,0.86542,
2018-03-05,34.720001,5.24836084,9.11,7.99,3.66437216,1.4,28.01214469,18.17727243,7.93,,39.74668511,5.52592461,4.3,12.16,,4.82,4.10888071,10.07110324,6.09835491,9.088,18.949992,0.25212063,146.45,6.56400018,9.60598931,4.08152194,0.32558802,,10.1,0.856766,
2018-03-06,34.959999,5.29670498,9.25,7.95,3.69598636,1.4,28.42910071,18.47394377,8.165,,39.24001953,5.60953558,4.35,12.26,,4.74,4.28776925,9.97777042,6.22083773,9.184,19.043742,0.25212063,145.77,6.50999998,9.49798943,4.12105242,0.3185292,,10.26,0.856766,
2018-03-07,34.619999,5.34807063,9.19,7.95,3.68161627,1.44,29.34277519,19.08116363,8.1499995,,40.05335392,5.61713657,4.59,12.48,,5.0,4.38999104,10.18221426,6.49158921,8.84,18.687493,0.25212063,147.75,6.92200039,9.44398949,4.1605829,0.31970567,,10.67,0.856766,
2018-03-08,34.200001,5.34504912,9.13,8.22,3.65000208,1.49,30.38697553,20.36762328,8.33,,39.54668568,5.5563286,4.66,12.6,,5.05,4.31221375,10.39110255,6.42712457,8.712,18.968742,0.25599941,153.88,6.87799999,9.81598968,4.1111698,0.31382332,,11.0,0.856766,
2018-03-11,33.029999,5.2362745,9.04,8.78,3.51779728,1.51,30.88369691,21.16480539,8.33,,41.74002073,5.46511664,4.49,12.46,,5.02,4.25110243,10.63999213,6.30464176,9.008,19.049992,0.25599941,152.05,6.71800018,9.64198927,4.03210885,0.31323509,,10.95,0.856766,
2018-03-12,32.459999,5.17282312,9.04,8.93,3.63850601,1.54,30.45586453,19.79079709,8.33,,42.300021,5.48791963,4.68,12.37,,4.96,4.2666584,10.68443654,6.25307005,9.304,19.862493,0.26375697,153.61,6.63799998,9.67198984,4.14081766,0.31235274,,11.47,0.874074,
2018-03-13,32.459999,5.3390058,9.25,9.53,3.82531714,1.63,31.49644098,19.43697246,8.7200005,,42.18002028,5.54112661,4.79,12.66,,5.1,4.28221381,10.82665865,6.33042761,9.584,19.699992,0.26763575,160.17999,6.70000018,9.78598851,4.31870482,0.31205862,,11.67,0.882728,
2018-03-14,33.59,5.3752642,9.42,9.7,3.89429356,1.67,31.84450764,19.98208249,8.8149995,,41.20668714,5.61713657,4.63,12.82,,5.24,4.25443609,10.91999147,6.31753468,9.688,19.524992,0.27151453,166.2,6.55000018,9.64198927,4.31870482,0.31352921,,11.61,0.882728,
2018-03-15,33.040001,5.41756502,9.45,9.42,3.74771867,1.65,31.60521012,19.67384688,8.8149995,,40.38001941,5.48791963,4.55,12.79,,4.98,4.09554752,10.88443594,6.02099734,9.688,19.199992,0.26763575,163.14,6.30600037,9.62998869,4.23964386,0.30441156,,11.43,0.900037,
2018-03-18,32.82,5.43871558,9.33,9.57,3.79370295,1.77,32.21432741,20.04650293,8.8199995,,40.05335392,5.47271764,4.52,12.65,,4.96,4.0544366,11.24887965,5.87272867,9.752,19.349992,0.26763575,163.66,6.40800037,9.49798943,4.26929172,0.30147039,,11.49,0.917345,
2018-03-19,32.98,5.39641477,9.32,9.29,3.78220688,1.92,32.92134036,20.15156015,8.8199995,,39.99335389,5.50312162,4.58,12.74,,4.91,4.05554749,11.63110202,5.68578122,9.976,19.143742,0.28315087,162.57001,6.38600017,9.35398959,4.3088222,0.31117627,,11.82,0.917345,
2018-03-20,33.630001,5.233253,9.37,9.07,3.67586823,1.94,32.53339066,20.27809243,8.8199995,,42.98002133,5.46511664,4.59,12.42,,4.86,4.21776928,11.55554652,5.77603171,9.752,19.206242,0.27927209,160.47,6.43600017,9.23398973,4.29893958,0.31294097,,11.54,0.882728,
2018-03-21,33.080002,5.27555381,9.85,9.22,3.63275797,2.08,32.29046707,20.33062187,8.8199995,,43.92001912,5.37390468,4.42,12.34,,4.85,4.07888066,11.67554643,6.13703434,9.672,19.093742,0.27539331,160.21001,6.70800038,9.26398969,4.209996,0.31617626,,11.48,0.882728,
2018-03-22,32.82,5.27555381,10.44,9.41,3.8195691,2.22,31.75023877,20.26520735,9.4849995,,42.87335261,5.35870269,4.48,12.26,,4.95,4.15332518,11.61776825,6.07901552,9.536,18.949992,0.28315087,162.44,6.41400017,9.11998985,4.26929172,0.3099998,,11.71,0.882728,
2018-03-25,32.189999,5.21814545,10.25,9.21,3.81382107,2.13,31.67047268,20.34714035,9.5,,41.67335204,5.25988973,4.39,12.19,,5.05,4.06999201,11.45332438,5.91785392,9.52,18.774993,0.29090842,159.50999,6.44800057,9.01798997,4.21987862,0.30323509,,11.73,0.882728,
2018-03-26,31.52,5.17886554,10.25,8.91,3.70173439,2.11,31.61971327,19.82284395,10.045,,40.92002034,5.18387976,4.49,12.31,,4.99,4.00999202,11.1511024,5.7953711,9.52,18.581243,0.28702964,157.12,6.40999997,8.98799,4.18034814,0.30176451,,11.44,0.891383,
2018-03-27,32.0,5.0942639,10.19,8.7,3.69023832,2.26,31.82275164,19.92294499,10.045,,40.37335341,5.25228873,4.5,12.4,,5.15,4.02554755,11.35554624,5.89851453,9.536,18.243743,0.28702964,154.97,6.38800037,8.99398999,4.19023076,0.30029392,,11.43,0.86542,
2018-03-28,32.380001,5.0247686,10.03,9.0,3.96326997,2.45,31.94602683,19.82086174,10.83,,41.15335312,5.19908176,4.56,12.4,,5.3,4.021103,11.47999103,5.96297917,9.504,18.099992,0.30642354,159.00999,6.50400018,8.98199001,4.37800054,0.29588216,,11.46,0.874074,
2018-03-29,31.549999,4.86765075,9.9,9.13,4.08685272,2.5,32.16719442,19.6784724,9.995,,40.61335153,5.16867777,4.77,12.2,,5.09,4.12554746,11.20443524,6.08546198,9.504,18.099992,0.33357499,155.60001,6.39600017,9.29398966,4.73377485,0.29499981,,11.48,0.86542,
2018-04-01,31.709999,4.94318847,10.19,9.84,4.04949049,2.44,32.27234003,19.65105137,10.0,,40.95335302,5.42711166,4.87,12.36,,5.23,4.12554746,11.43999106,6.31753468,9.104,18.299993,0.33745377,158.81,6.63000058,9.42598951,5.05001868,0.29735275,,11.44,0.86542,
2018-04-02,31.82,4.94016666,10.67,10.48,4.01212827,2.49,32.05842239,19.63188927,10.0,,40.54668616,5.62473757,4.89,12.37,,5.23,4.18221379,11.52443544,6.16926601,9.176,18.224993,0.34521133,161.97,6.67600038,9.69598921,5.15872749,0.30058804,,11.54,0.874074,
2018-04-03,32.360001,4.89182282,10.99,10.36,4.02937237,2.45,31.86626075,18.95297985,10.0,,41.08668709,6.20241332,4.8,12.93,,5.19,4.2699915,11.76443481,6.65275081,9.248,18.274993,0.34133255,162.44,6.41400017,9.80998909,5.06978392,0.31323509,,12.16,0.891383,
2018-04-04,31.83,4.81930631,10.52,10.26,3.99488416,2.34,31.73936204,19.38146837,10.04,,41.28668652,6.40764023,4.6,12.76,,5.11,4.19554699,11.56888029,6.62051849,9.216,18.612493,0.32969621,159.64,6.35600037,9.76198914,4.92154462,0.30264686,,12.97,0.874074,
2018-04-05,31.4,4.75585463,10.24,9.81,3.87992347,2.25,31.71035573,19.37320913,10.04,,41.20001914,6.50645319,4.61,12.41,,5.39,4.06443658,11.46221371,6.82035887,9.2,18.768743,0.3141811,160.75,6.75400018,9.54598938,4.95119248,0.29588216,,14.12,0.900037,
2018-04-10,30.860001,4.61082221,10.15,9.63,3.99775818,2.27,31.84813117,19.16276394,10.0,,42.46001975,6.36203425,4.68,12.4,,5.83,4.021103,11.19554725,6.73655484,9.2,18.449993,0.3141811,158.42999,6.80800038,9.41398953,5.03025344,0.29352922,,13.3,0.917345,
2018-04-11,31.77,4.74981161,10.62,9.61,4.32827018,2.29,32.49350798,19.55722538,10.0,,43.25335213,6.43044322,4.84,12.67,,6.1,4.09776974,11.35554624,6.65275081,9.504,18.406243,0.31805988,159.69,6.96400019,9.86998962,5.22790583,0.29529392,,12.96,0.925999,
2018-04-12,32.02,4.66823088,10.89,9.59,4.41161668,2.24,32.25783687,19.814254,10.0,,42.88668862,6.11880236,4.98,12.94,,5.95,4.30554699,11.70665752,6.56894678,9.96,18.243743,0.31030232,162.89999,6.90400019,10.16398929,5.54414966,0.29588216,,13.4,0.900037,
2018-04-15,30.99,4.61988674,11.18,9.31,4.30815206,2.24,31.50006451,19.81557482,10.0,,42.38668838,5.88317146,4.72,13.18,,5.79,4.13888065,11.31554627,6.54960739,10.0,18.087493,0.29866598,159.2,6.89600019,10.1519887,5.38602775,0.29411745,,13.27,0.900037,
2018-04-16,30.620001,4.63499428,11.05,9.05,4.27366385,2.23,31.52907082,19.92063206,10.0,,42.20001962,5.86796947,4.71,13.72,,5.75,4.07332523,11.25776898,6.36265993,9.992,17.681244,0.30642354,156.16,6.80599998,10.30798853,5.34649727,0.2914704,,13.27,0.891383,
2018-04-17,30.969999,4.70751049,11.04,9.25,4.39437258,2.31,31.52182051,19.88065865,9.5200005,,42.53335312,5.83756548,4.71,13.84,,5.98,4.09443608,11.18665792,6.47224982,10.0,17.493743,0.29866598,159.19,6.75400018,10.36798906,5.38602775,0.2914704,,13.48,0.908691,
2018-04-18,31.32,4.95225239,11.18,9.42,4.41736472,2.37,31.8590108,19.83770894,9.26,,43.62668897,6.15680734,4.72,14.31,,6.26,4.10776972,11.22665789,6.49158921,10.16,17.499993,0.30642354,162.36,6.59600018,9.74398916,5.36626251,0.29794098,,13.56,0.925999,
2018-04-19,30.870001,4.89182282,10.89,9.22,4.31390009,2.39,32.04391923,19.82152115,9.26,,44.3066873,6.06559538,4.61,14.51,,6.45,4.06888068,11.02221316,6.63341142,10.264,17.481242,0.31030232,163.24001,6.59000038,9.65998925,5.18837535,0.29617628,,13.21,0.943308,
2018-04-22,31.6,4.87973648,10.84,9.11,4.44323088,2.47,32.3992391,19.9103906,9.25,,46.8666912,6.13400435,4.62,14.84,,6.38,4.11888069,11.16887971,6.96218108,10.4,17.143743,0.30642354,163.38,6.66999978,9.60598931,5.08954915,0.29941157,,13.07,0.943308,
2018-04-23,33.09,4.90995157,11.02,9.29,4.56106559,2.68,32.51526108,19.75049299,9.25,,46.94002523,6.36963525,4.61,15.1,,6.44,4.10665839,11.13776863,7.09755682,10.4,17.093743,0.32969621,162.12,6.66200038,9.58798933,5.13896225,0.30088215,,12.89,0.908691,
2018-04-24,33.080002,4.96131722,11.0,9.31,4.61279761,2.83,32.84519816,19.80863838,9.75,,46.72668646,6.34683226,4.7,15.11,,6.27,4.09332519,11.56888029,7.12978914,10.616,17.556243,0.33357499,163.33,6.54400038,9.5279894,5.27731893,0.30735274,,13.43,0.934654,
2018-04-26,32.380001,5.19397369,11.05,9.020001,4.52657738,2.71,33.49782492,19.7904664,9.62,,45.94668742,6.2480193,4.68,14.91,,6.12,3.99221428,11.66221311,7.00730633,10.896,17.231243,0.32969621,162.10001,6.54199998,9.36598958,5.21802321,0.30911744,,13.38,0.96927,
2018-04-29,32.400002,5.5142533,11.12,9.07,4.60705015,2.73,34.44050608,19.81821811,9.96,,45.96668677,6.11880236,4.66,14.81,,6.06,3.97999208,11.93332401,7.04598511,10.912,17.337493,0.33357499,163.13,6.52600038,9.3479896,5.22790583,0.30941156,,13.25,0.995233,
2018-04-30,32.09,5.43871558,11.1,8.96,4.57830969,2.79,34.00904981,19.84400705,9.96,,46.20002421,5.98198442,4.62,15.56,,6.21,3.95221436,11.79999033,6.93639523,10.872,17.481242,0.34909011,161.03999,6.63399978,9.25198971,5.25755369,0.31558803,,13.62,0.96927,
2018-05-02,31.620001,5.26346808,11.13,8.59,4.45760096,2.7,34.02717649,20.34451767,10.0,,47.09335531,6.05799438,4.57,16.110001,,6.16,3.90443657,11.61332381,6.89126998,10.88,17.124993,0.33357499,159.39,7.10999999,9.07198991,5.15872749,0.30882333,,13.61,0.96927,
2018-05-03,31.34,5.35109153,11.12,8.46,4.33976625,2.67,34.31723379,20.31181103,10.0299995,,49.3000217,6.09600013,4.49,16.120001,,6.18,3.74665932,11.35110268,7.18780732,10.888,16.906243,0.32581743,167.63,7.4460002,9.30598965,5.03025344,0.30617627,,13.17,0.995233,
2018-05-06,30.58,5.31181222,10.98,8.3,4.21330949,2.58,33.74799918,19.79445155,10.0,,49.61335585,5.93637844,4.34,15.64,,6.33,3.70221486,11.25776898,7.05243158,10.88,16.537493,0.32193866,166.36,7.2960002,9.33598961,4.8622489,0.30882333,,12.96,1.003887,
2018-05-07,30.129999,5.18793037,11.22,8.24,4.27366385,2.51,32.90321078,19.52883304,10.0,,49.67335855,5.83756548,4.19,15.77,,6.77,3.63888165,11.24443521,6.92994876,11.04,16.274994,0.31805988,163.84,7.42,9.25198971,4.87213152,0.3099998,,12.84,0.986579,
2018-05-08,29.76,5.13958623,11.33,8.28,4.20468743,2.52,32.54789127,19.07094115,10.0,,48.53335867,5.76155551,4.24,15.98,,6.6,3.67888168,11.41332441,7.00730633,10.88,16.074993,0.3141811,162.64999,7.34,9.20398976,4.9610751,0.30235274,,13.12,0.995233,
2018-05-09,29.879999,5.16980162,11.64,8.31,4.29378197,2.72,33.21502119,19.09076335,10.0,,48.17335783,5.83756548,4.17,16.860001,,6.57,3.69665931,11.43554662,6.89771644,10.872,16.393743,0.32193866,161.59,7.29,9.20398976,5.04013606,0.30529392,,13.31,0.986579,
2018-05-10,28.76,5.08519907,11.78,7.98,4.15295512,2.71,32.74005545,18.66954155,10.0,,46.96002391,5.73875252,3.98,16.530001,,6.05,3.58110399,11.20887968,6.8332518,10.656,16.024993,0.31030232,156.86,6.81,9.22198974,4.84248366,0.29588216,,13.02,0.96927,
2018-05-13,28.030001,4.99455411,11.92,7.74,4.10984486,2.8,31.82637807,17.872689,10.675,,46.62669042,5.5487276,4.01,16.0,,6.19,3.53888185,11.15999172,6.80746595,10.656,15.787494,0.31805988,156.10001,6.64,9.13798983,4.75354008,0.29176451,,12.77,0.977925,
2018-05-14,28.040001,5.09728541,12.11,7.77,4.26216778,2.95,31.99315982,17.35731174,10.675,,46.43335699,5.47271764,3.98,15.87,,6.33,3.58888164,11.35999068,6.85903766,10.6,15.662493,0.31805988,156.99001,6.5,8.81999019,4.80295318,0.29058804,,12.53,0.96927,
2018-05-15,27.620001,5.20605942,11.94,8.01,4.24779769,3.0,31.89164063,17.34442731,10.0249995,,45.46668653,5.43471265,3.96,15.34,,6.21,3.47110421,11.28443518,6.67853667,10.344,15.499993,0.3141811,160.55,6.34,8.59799043,4.58553555,0.2914704,,12.01,0.96927,
2018-05-16,27.940001,5.13656472,11.99,8.04,4.48921515,3.03,31.61971327,17.36028506,10.0,,46.60002374,5.47271764,4.14,15.29,,6.06,3.54332617,11.19110236,6.53671446,10.096,15.331244,0.32581743,163.13,6.33,8.49599055,4.65471389,0.2882351,,11.96,0.977925,
2018-05-17,27.940001,5.18793037,12.15,8.15,4.44610489,3.06,31.99315982,17.36028506,10.24,,47.18668869,5.41951066,4.18,14.93,,5.91,3.55110393,11.06665802,6.49158921,10.0,15.549993,0.32193866,161.66,6.28,8.79599021,4.71400961,0.28764687,,12.17,1.003887,
2018-05-20,28.299999,5.16677981,12.4,8.11,4.30815206,3.02,31.57258028,16.88752552,10.24,,46.99335459,5.34350069,4.11,14.38,,5.83,3.56221525,11.0755469,6.65919727,10.0,15.518744,0.32193866,161.99001,6.44,8.92199007,4.69424437,0.28676452,,12.31,1.003887,
2018-05-21,28.41,5.17282312,12.62,8.11,4.60130183,2.97,30.89457364,17.34442731,10.24,,46.8600232,5.31309671,3.99,14.28,,5.79,3.48221529,11.0488807,6.86548412,10.0,15.449993,0.32581743,162.0,6.56,8.66399036,4.61518341,0.28794099,,12.3,1.003887,
2018-05-22,29.17,5.25440325,12.57,8.09,4.51508131,3.03,30.70603842,16.93708103,10.0,,48.52002266,5.36630368,4.01,14.36,,5.8,3.52665965,10.91999147,6.78812655,10.024,15.574994,0.32581743,164.50999,6.68,8.63399039,4.58553555,0.29470569,,12.54,1.021196,
2018-05-23,29.209999,5.27857532,12.53,8.0,4.40586865,3.06,30.59726639,16.74282247,10.0,,48.89335417,5.34350069,4.01,14.43,,5.73,3.47332642,10.65332456,6.67853667,10.008,15.587494,0.31805988,163.92999,6.84,8.63999039,4.55588769,0.29411745,,12.29,1.012541,
2018-05-24,29.68,5.14562955,12.59,8.04,4.38862455,3.01,30.61901985,16.46828595,10.0,,48.48002397,5.41951066,3.98,14.39,,5.69,3.48110419,10.48888069,6.74944777,10.08,15.799994,0.3141811,161.91,6.97,8.73599028,4.59541817,0.29441157,,12.56,1.012541,
2018-05-27,29.49,5.18188735,12.51,8.01,4.40299463,2.91,30.88732333,16.19374844,10.0,,48.86669216,5.39670767,4.08,14.41,,5.58,3.46110423,10.34665902,6.78812655,10.0,15.762493,0.3141811,159.92999,7.08,8.65799037,4.58553555,0.29411745,,12.52,1.012541,
2018-05-28,28.92,5.23023118,12.26,7.96,4.31677411,2.88,30.69153563,17.01537774,10.0,,48.540022,5.54112661,4.26,14.24,,5.68,3.47554875,10.22665867,6.78812655,9.736,15.656243,0.3141811,158.49001,6.94,8.62199041,4.64483127,0.29558804,,12.52,1.021196,
2018-05-29,28.67,5.19699519,12.1,7.94,4.27078983,2.97,30.98158967,16.87959665,10.0,,43.34002217,5.5487276,4.34,14.28,,5.72,3.57888166,10.46665804,6.76878716,9.736,15.587494,0.31805988,160.83,6.85,8.69399033,4.82271842,0.29764686,,12.78,1.021196,
2018-05-30,28.77,5.21512394,12.27,8.03,4.27366385,2.98,31.73936204,17.17395636,10.0,,43.56001828,5.50312162,4.35,14.53,,5.82,3.57888166,10.56443619,6.7623407,9.88,15.624994,0.3141811,160.0,6.77,8.8079902,4.95119248,0.29411745,,13.03,1.02985,
2018-05-31,28.42,5.13656472,12.45,8.14,4.20181342,2.9,31.4710611,17.27108416,10.0,,42.77335656,5.34350069,4.24,14.36,,5.76,3.48888195,10.3111035,6.60762556,9.888,15.774994,0.31030232,154.55,6.5,8.63999039,4.85236628,0.2982351,,12.46,1.021196,
2018-06-03,27.52,5.09728541,12.49,7.95,4.04949049,2.85,30.54288056,17.51489825,10.0,,41.78668676,5.25228873,4.09,14.71,,5.72,3.41999331,10.18221426,6.48514275,9.976,15.393743,0.30254476,154.67,6.16,8.41799063,4.75354008,0.29970568,,11.98,1.012541,
2018-06-04,28.08,5.10937114,12.42,8.07,4.07248263,2.92,31.3405356,17.51192491,10.0,,42.28001899,5.31309671,4.19,15.13,,5.72,3.48554873,10.44443628,6.57539324,10.0,15.531244,0.30642354,156.73,6.17,8.39399066,4.84248366,0.30794097,,12.19,1.012541,
2018-06-05,29.07,5.15771528,12.26,7.97,3.99488416,2.93,31.11211517,17.16602747,10.0,,40.7666876,5.28269272,4.03,14.82,,5.74,3.35665988,10.12888142,6.52382153,10.0,15.449993,0.29866598,154.03,5.95,8.30399076,4.72389223,0.30294098,,11.33,1.021196,
2018-06-06,28.01,5.00361804,11.86,7.72,3.87417543,2.83,30.30720945,16.83004114,10.0,,39.57335303,5.10786979,4.0,14.56,,5.66,3.37332673,9.92888113,6.4400175,10.0,14.831244,0.28702964,154.98,5.89,7.91399119,4.68436175,0.30264686,,11.28,1.012541,
2018-06-07,27.51,4.81024178,11.71,7.61,3.74771867,2.81,30.67340569,16.70218793,10.0,,39.41335162,4.90264288,3.95,14.73,,5.52,3.34777101,9.70665908,6.58828617,10.0,14.081245,0.28315087,154.87,5.9,7.58999156,4.53612245,0.30588215,,11.1,1.003887,
2018-06-10,27.299999,4.78304821,11.36,7.37,3.62700994,2.79,31.03597551,16.46927705,10.0,,38.24668439,4.72021896,3.96,14.94,,5.64,3.3333267,9.71554841,6.58183971,10.0,14.018744,0.27927209,152.75,5.94,7.42799174,4.49659197,0.31029391,,11.27,1.003887,
2018-06-11,27.66,4.80419877,11.54,7.53,3.74484465,2.84,31.00696956,16.45738374,10.0,,39.23335086,4.75062295,4.12,15.41,,5.7,3.40443756,10.01332595,6.61407203,10.0,13.762494,0.28702964,153.36,5.98,7.54199161,4.63494865,0.32058802,,11.84,1.003887,
2018-06-12,27.66,4.8857795,11.69,7.45,3.66724618,2.81,30.48849436,15.75072221,9.75,,39.56668436,4.636608,4.08,15.06,,5.59,3.28777124,9.90665937,6.74300131,10.0,13.593745,0.28702964,153.0,5.78,7.6439915,4.54600507,0.31941155,,11.84,0.995233,
2018-06-13,27.68,4.97038204,11.75,7.5,3.72760055,2.81,30.76767493,15.4563625,9.75,,40.35335207,4.629007,4.07,15.1,,5.55,3.31332674,10.16443694,7.00085986,9.616,14.793744,0.28315087,151.32001,5.86,7.71599142,4.47682673,0.30970568,,11.98,0.995233,
2018-06-14,28.059999,5.03383342,11.77,7.44,3.77645884,2.89,31.13749469,15.78838439,9.75,,38.84668534,4.75062295,4.21,15.29,,5.5,3.34332668,10.49332558,7.27805782,9.6,14.524994,0.28702964,151.32001,6.05,7.86599125,4.53612245,0.31029391,,12.37,0.995233,
2018-06-19,29.059999,5.12447838,11.52,7.46,3.78795491,3.08,31.51094414,15.92813192,9.5,,37.98668493,4.72021896,4.18,15.19,,5.47,3.32666016,10.41332519,7.3167366,9.6,14.424994,0.28315087,150.75,6.11,7.67399146,4.51635721,0.30941156,,12.15,0.986579,
2018-06-20,28.719999,5.11843597,11.59,7.44,3.83968723,3.26,30.6262727,15.97570421,9.5,,37.18001788,4.68981498,4.13,14.76,,5.41,3.32666016,10.22665867,7.3876477,9.6,14.412494,0.28702964,148.61,6.0,7.58999156,4.44717887,0.29941157,,11.99,0.977925,
2018-06-21,28.549999,5.38734994,11.62,7.54,3.85980535,3.35,30.57551329,15.77153552,9.4799995,,36.34001614,4.80382993,4.34,14.49,,5.43,3.40554878,10.39554699,7.0653245,9.6,14.762495,0.28702964,149.50999,6.01,7.59599155,4.58553555,0.30176451,,12.25,0.986579,
2018-06-24,28.77,5.45382283,11.69,7.61,3.8684274,3.41,31.08311139,16.10058409,9.4799995,,37.11334984,4.97865285,4.39,14.51,,5.52,3.4566599,10.51554734,7.34252245,9.6,14.581244,0.29090842,149.23,6.1,7.5539916,4.65471389,0.30941156,,12.2,0.995233,
2018-06-25,28.610001,5.36317787,11.55,7.61,3.85693133,3.42,31.17737773,16.16104181,9.25,,37.52001737,5.1002688,4.42,14.34,,5.44,3.48221529,10.67110277,7.36830831,9.6,14.943744,0.29090842,149.03999,6.32,7.67399146,4.65471389,0.30882333,,12.14,0.986579,
2018-06-26,29.719999,5.28764015,11.98,7.57,3.92015971,3.32,31.3405356,17.09664978,9.25,,36.82668571,5.01665783,4.41,14.11,,5.4,3.38332671,10.47554737,7.36830831,9.728,15.024995,0.28702964,147.95,6.42,7.56599158,4.56577031,0.31088215,,11.98,0.995233,
2018-06-27,29.32,5.25742506,11.92,7.38,3.83968723,3.23,31.0903617,17.1293564,9.25,,36.06001734,4.81903192,4.23,13.59,,5.36,3.31777129,10.20888047,7.63261333,9.6,14.7,0.27927209,144.58,6.38,7.51199164,4.45706149,0.3067645,,11.73,0.986579,
2018-06-28,29.0,5.36317787,11.61,7.4,3.78508089,3.32,30.82206076,17.37713394,9.25,,36.40001617,4.81143092,4.23,13.81,,5.6,3.24221577,10.1866587,7.60038101,9.6,15.135,0.27927209,143.32001,6.67,7.58399156,4.42741363,0.30852921,,11.51,0.986579,
2018-07-02,28.93,5.43871558,11.72,7.49,3.79082893,3.33,30.91995353,17.89152009,9.25,,36.86668372,4.76582494,4.37,14.07,,5.58,3.28999357,10.23110311,7.68418505,9.6,15.615,0.27927209,145.08,6.74,7.31999186,4.42741363,0.31058803,,11.59,0.995233,
2018-07-03,28.75,5.4447586,11.85,7.49,3.77358483,3.39,30.98884252,17.41975068,9.25,,36.23334942,4.78862793,4.34,14.1,,5.61,3.21110472,10.27999152,7.30384367,9.6,15.945,0.27539331,144.92999,6.58,7.36199181,4.42741363,0.30882333,,11.72,0.986579,
2018-07-04,28.959999,5.42058683,11.78,7.43,3.78795491,3.54,31.18463058,17.34244509,9.25,,36.54668424,4.91784488,4.36,14.11,,5.75,3.16888258,10.22665867,7.28450428,9.6,15.69,0.28702964,143.57001,6.54,7.28999189,4.48670935,0.30882333,,11.64,0.995233,
2018-07-05,29.0,5.34504912,11.67,7.45,3.73334858,3.55,31.13749469,17.15016873,9.25,,36.08668468,4.84943591,4.28,13.89,,5.67,3.11110492,10.14665874,7.20714671,9.56,15.3825,0.28702964,141.07001,6.53,7.25999192,4.42741363,0.30882333,,11.58,0.995233,
2018-07-08,28.99,5.31785524,11.71,7.43,3.75634072,3.53,30.74954535,16.9430277,9.25,,36.00668264,4.78102694,4.24,14.11,,5.52,2.96999409,10.07554768,7.155575,9.52,15.2025,0.28315087,142.12,6.37,7.22399196,4.23964386,0.30852921,,11.45,0.995233,
2018-07-09,28.92,5.10332782,11.64,7.33,3.72760055,3.51,30.54288056,16.51090368,9.25,,35.44001704,4.60620401,4.09,14.28,,5.49,2.82888315,9.95110289,7.09111036,9.52,14.7375,0.27539331,140.92,6.18,6.89999232,4.02222623,0.30294098,,11.04,1.003887,
2018-07-10,28.549999,5.21814545,11.61,7.19,3.76208876,3.55,30.69153563,16.44053485,9.1000005,,34.64668399,4.53019404,4.21,13.99,,5.45,2.84221657,9.90665937,7.42632649,9.4,14.542499,0.27151453,141.19,6.14,6.69599255,4.05187408,0.30323509,,11.29,1.003887,
2018-07-11,28.59,5.21512394,11.9,7.31,3.90866364,3.76,30.62264628,16.28195724,9.1000005,,34.9400168,4.68981498,4.22,14.27,,5.69,2.86999429,10.08888145,7.54236284,9.208,14.272501,0.27151453,145.00999,6.32,6.89999232,4.10128718,0.30382333,,11.52,1.012541,
2018-07-12,28.610001,5.21512394,11.96,7.35,3.85980535,3.76,30.66615574,16.42170377,9.25,,35.12001688,4.94824886,4.2,14.47,,5.73,2.79221656,10.23332553,7.60682748,9.208,14.3625,0.27539331,146.5,6.48,6.95399226,4.07163932,0.30323509,,11.45,1.012541,
2018-07-15,28.75,5.19699519,11.85,7.33,3.83968723,3.76,30.27820604,16.60307692,9.3199995,,35.4200177,4.93304687,4.16,14.28,,6.03,2.77888336,10.13332561,7.43277295,9.208,13.837501,0.27539331,146.92999,6.38,7.03799217,4.10128718,0.30294098,,11.24,1.012541,
2018-07-16,29.0,5.26648959,11.8,7.17,3.75634072,3.76,30.40510511,16.55550264,9.3199995,,35.79334987,4.8570369,4.13,14.14,,6.04,2.77888336,10.24999274,7.2264861,9.208,13.792499,0.27151453,146.92999,6.25,6.98399223,4.05187408,0.30294098,,11.0,1.012541,
2018-07-17,28.709999,5.28159713,11.67,6.89,3.83968723,3.76,30.20569063,16.29186834,9.3050005,,34.58668396,4.73542096,4.12,13.99,,5.84,2.78555001,9.83332639,7.3876477,8.88,13.8,0.26375697,146.3,6.11,6.97199224,3.97281313,0.30294098,,11.0,1.012541,
2018-07-18,28.48,5.10634963,11.54,6.76,3.73047456,3.76,29.2738862,15.88749542,9.3050005,,33.78668291,4.59100202,4.23,14.26,,5.81,2.86554997,9.63332599,7.11689622,8.88,13.792499,0.26375697,145.66,6.1,6.90599232,3.99257837,0.30294098,,10.99,1.003887,
2018-07-19,28.780001,5.10634963,11.73,6.81,3.6873643,3.76,29.48417742,15.97867753,9.3050005,,33.78668291,4.59100202,4.41,14.3,,5.99,2.99888292,9.78888198,7.14912854,9.04,13.777501,0.26763575,145.66,6.11,6.99599222,4.04199146,0.30529392,,11.14,1.012541,
2018-07-22,28.67,5.10634963,11.71,6.76,3.66437216,3.76,29.1433607,15.59710014,9.3050005,,33.30001668,4.53019404,4.43,13.75,,5.88,2.97777174,9.66110319,6.96218108,9.04,13.777501,0.26375697,145.06,6.07,7.0079922,4.00246099,0.30294098,,11.07,1.012541,
2018-07-24,28.549999,5.05800549,11.59,6.85,3.65000208,3.58,29.07447425,15.63773565,9.3050005,,33.26668399,4.44658308,4.52,13.66,,5.8,3.0344383,9.56665882,6.91705583,9.04,13.792499,0.25987819,143.28,5.96,6.98999222,3.95304789,0.29470569,,10.9,1.012541,
2018-07-25,28.52,5.18793037,11.59,6.87,3.63563199,3.45,29.89750665,15.79234884,9.3950005,,32.66001704,4.50739105,4.61,13.77,,5.81,3.15999382,9.48888165,6.91060937,8.8,13.6275,0.26375697,147.85001,5.94,7.17599202,3.95304789,0.30176451,,10.93,1.003887,
2018-07-26,28.5,5.18793037,11.22,6.75,3.48618309,3.23,29.51318373,15.87857642,9.45,,30.69334876,4.16534308,4.43,13.54,,5.81,3.10221605,9.10554806,6.87193059,8.536,13.409999,0.25987819,147.39,5.73,7.03199218,3.81469121,0.29411745,,10.37,1.003887,
2018-07-29,28.459999,5.00663985,11.31,6.71,3.53504138,3.1,29.37540539,15.90929982,9.45,,30.40668195,4.07208913,4.45,13.66,,5.81,3.15999382,9.12777082,6.91060937,8.8,13.2525,0.25987819,145.96001,5.81,7.0139922,3.81469121,0.29411745,,10.55,0.995233,
2018-07-30,28.110001,5.03081192,11.27,6.67,3.49480514,3.21,29.59294945,16.74579777,9.45,,30.30668057,4.11094495,4.39,13.76,,5.73,3.25110464,9.47221444,7.12978914,8.8,13.042499,0.26375697,145.11,5.91,7.29599188,3.82457383,0.29499981,,10.63,0.995233,
2018-07-31,27.77,4.98246778,10.95,6.54,3.40283658,3.14,29.81049062,16.53469033,9.45,,31.98668204,4.00214867,4.3,13.68,,5.57,3.19332698,9.30554846,7.07177097,8.8,12.9525,0.26375697,145.11,5.62,7.2839919,3.75539549,0.30235274,,10.5,0.995233,
2018-08-01,27.700001,5.00059653,11.01,6.59,3.44882086,3.16,30.44861422,16.32853941,9.45,,33.10668258,3.91666588,4.4,14.02,,5.64,3.20888239,9.6666593,7.27161135,8.856,13.282499,0.26375697,145.55,5.78,7.21199198,3.89375217,0.30617627,,11.04,0.986579,
2018-08-02,27.57,5.00361804,10.96,6.74,3.46031693,3.25,30.45949095,16.3364683,9.42,,32.47334828,3.97883518,4.53,14.07,,5.64,3.22777124,9.79443642,7.29095074,9.064,14.115,0.26763575,146.95,5.78,7.27199191,3.91351741,0.30205862,,11.39,0.995233,
2018-08-05,27.84,5.12447838,10.86,6.71,3.41145864,3.34,31.14112111,16.3543073,9.42,,32.01334872,3.91666588,4.6,14.01,,5.65,3.183327,9.98888127,7.25227196,9.248,14.159999,0.26375697,147.91,6.04,7.24199194,3.64668668,0.30205862,,11.57,0.995233,
2018-08-06,27.860001,5.061027,10.59,6.61,3.3568523,3.5,30.76767493,16.35529939,9.42,,30.7133481,3.93220821,4.52,14.01,,5.62,3.19332698,9.96110352,7.27161135,9.192,13.972499,0.26375697,147.91,6.39,7.21799197,3.4589169,0.30058804,,11.5,1.003887,
2018-08-07,27.99,5.01570437,10.54,6.59,3.3223641,3.44,30.6045196,16.34836162,9.42,,30.2266812,3.9555217,4.5,14.02,,5.64,3.15999382,9.88888079,7.09111036,9.376,13.6125,0.25987819,146.92999,6.31,7.20599198,3.48856476,0.29764686,,11.34,1.003887,
2018-08-08,29.360001,5.13354321,10.59,6.71,3.37697043,3.52,30.64439974,16.20762398,9.42,,30.98001556,4.17311424,4.6,14.18,,5.73,3.18554922,10.01110348,7.09111036,9.528,13.724999,0.26763575,148.45,6.29,7.24799194,3.54786048,0.30470568,,11.37,1.012541,
2018-08-09,30.049999,5.3057689,10.66,6.76,3.48330907,3.61,30.98521609,15.80027772,9.42,,31.4866818,4.31299517,4.7,14.06,,5.99,3.16554926,10.29443715,7.05887804,9.872,13.912499,0.27151453,150.03999,6.4,7.34999182,3.47868214,0.30823509,,11.39,1.012541,
2018-08-12,29.17,5.27857532,10.73,6.78,3.50055317,3.66,31.01784883,16.16599736,9.42,,30.8466815,4.28968168,4.7,14.29,,6.17,3.19888264,10.41665872,6.9235023,10.088,14.1375,0.27539331,150.5,6.47,7.40399176,3.3600907,0.30794097,,11.73,1.003887,
2018-08-13,28.98,5.15771528,10.75,6.69,3.34248222,3.58,30.86919375,15.95191757,9.42,,29.98668108,4.32076633,4.66,14.13,,6.04,3.1577715,10.06665955,6.9944134,10.088,13.62,0.27151453,145.24001,6.3,7.24799194,3.15255569,0.30205862,,11.39,1.003887,
2018-08-14,28.73,5.11239265,10.7,6.57,3.21027742,3.44,30.87644696,16.13527294,9.42,,28.96001326,4.17311424,4.53,14.0,,5.87,3.00777179,9.9333252,6.82035887,10.008,13.3125,0.26763575,144.95,6.09,7.04999216,2.99443377,0.29441157,,10.81,0.986579,
2018-08-15,28.9,4.9915323,10.74,6.6,3.14992305,3.45,30.74229504,15.67737907,9.3900005,,28.45334701,4.15757192,4.4,14.34,,6.03,2.96332744,10.05554789,6.79457302,10.024,12.982499,0.25987819,145.11,6.13,7.03199218,3.01419901,0.29382334,,10.44,0.995233,
2018-08-16,29.92,5.04289825,10.71,6.42,3.01484424,3.49,30.79668088,15.65162698,9.3900005,,28.14668087,4.20419889,4.39,14.04,,6.07,3.02554954,9.76110367,6.91705583,9.896,12.900001,0.25987819,146.75,6.24,6.98399223,3.01419901,0.29382334,,10.29,0.995233,
2018-08-19,29.98,5.25742506,10.61,6.31,2.91712764,3.48,30.61176955,15.19076031,9.3900005,,28.24001424,4.28191052,4.38,14.03,,6.02,3.02777175,9.71665926,6.97507401,9.896,12.9225,0.25987819,145.0,6.26,6.81599242,2.99443377,0.29411745,,10.54,0.995233,
2018-08-26,30.0,5.25742506,10.62,6.39,2.91137961,3.46,30.44136137,15.16994697,9.3900005,,28.0733475,4.35185098,4.36,14.05,,6.06,3.05666059,9.66110319,7.03953865,9.896,12.9525,0.25599941,147.63,6.27,6.64199261,2.9549033,0.29411745,,10.71,0.995233,
2018-08-27,29.889999,5.25742506,10.64,6.21,2.85677328,3.55,29.94101611,15.04952697,9.3900005,,28.62667976,4.28191052,4.39,14.01,,6.05,3.04443839,9.74443757,7.09111036,9.896,12.87,0.26375697,147.63,6.25,6.77399246,2.98455115,0.28558805,,10.94,0.995233,
2018-08-28,29.66,5.14562955,10.99,5.97,2.85677328,3.58,29.63645602,14.9945203,9.3900005,,28.27334693,4.16534308,4.39,14.0,,6.1,3.06999378,9.80554808,7.09111036,9.896,12.832501,0.26375697,146.28,6.21,6.7439925,2.97466854,0.27941158,,11.12,1.012541,
2018-08-29,30.1,5.2000161,11.29,6.02,2.89413551,3.55,30.78217808,15.40484031,9.3900005,,29.39334746,4.49950307,4.47,14.0,,6.1,3.13110488,10.12777006,6.98796694,9.68,12.900001,0.27151453,147.34,6.21,6.75599248,3.11302521,0.29029393,,11.48,1.012541,
2018-08-30,32.360001,5.23929601,11.47,6.08,2.97748201,3.5,31.21001047,15.46579364,9.3900005,,29.34668078,4.55390121,4.46,13.88,,6.09,3.16888258,10.18888112,6.98796694,9.68,13.027501,0.26763575,147.13,6.22,6.7439925,3.18220355,0.2914704,,11.45,1.021196,
2018-09-02,33.259998,5.25440325,11.51,6.18,3.10681279,3.51,31.78649502,15.41822032,9.3900005,,29.30001475,4.52281656,4.45,13.91,,5.99,3.23888245,10.07221399,6.92994876,9.68,13.087501,0.26763575,147.50999,6.36,6.74999249,3.19208617,0.28764687,,11.64,1.02985,
2018-09-03,32.93,5.25440325,11.36,6.08,3.02346629,3.44,31.50369093,15.36024031,9.25,,28.94001391,4.56944353,4.59,13.78,,6.01,3.33999324,9.93888076,6.97507401,9.68,13.0725,0.26375697,146.06,6.21,6.80399243,3.12290783,0.28529393,,11.58,1.02985,
2018-09-04,33.060001,5.28764015,11.3,5.9,3.02346629,3.35,31.3731658,15.30672031,9.2250005,,28.10001484,4.70932446,4.53,13.74,,5.96,3.38110438,9.97221517,6.96218108,9.672,12.960001,0.26375697,146.0,6.16,6.79799244,3.03396425,0.28470569,,11.6,1.021196,
2018-09-05,32.950001,5.10634963,11.37,5.87,3.13842698,3.3,31.36591549,15.16548697,9.2250005,,28.04668015,4.84143422,4.56,14.03,,5.85,3.46665988,10.07776954,6.94284169,9.68,12.960001,0.27151453,146.00999,6.24,6.7379925,3.14267307,0.28470569,,12.17,1.021196,
2018-09-06,32.91,4.99757562,11.46,5.79,3.08669467,3.36,31.05410545,15.0391203,9.215,,27.81334737,4.67046864,4.42,13.8,,5.74,3.34999334,9.86665914,6.96218108,9.68,12.900001,0.26763575,144.59,6.1,6.67199258,3.10314259,0.27823511,,11.86,1.021196,
2018-09-09,33.139999,4.99455411,11.52,5.83,3.08094664,3.46,31.1447479,15.03020031,9.205,,27.8733474,4.69378213,4.39,13.67,,5.79,3.34999334,9.78332643,6.96218108,9.672,13.155001,0.26763575,144.59,6.11,6.35399293,3.09325997,0.272941,,11.84,1.038504,
2018-09-10,33.0,4.98548929,11.69,5.85,3.01197022,3.45,31.05773187,14.99600696,9.205,,27.71334666,4.76372259,4.33,13.59,,5.95,3.32888215,9.79999197,6.83969827,9.68,13.4325,0.26763575,143.71001,5.98,6.2039931,3.05372949,0.26470571,,11.58,1.038504,
2018-09-13,33.939999,4.93110213,10.94,5.62,2.94586782,3.29,30.88732333,14.58717408,9.205,,26.22667928,4.57721469,4.15,13.03,,5.75,3.17332691,9.47777,6.52382153,9.632,12.99,0.26375697,144.74001,5.9,5.94599338,2.89560758,0.26999982,,11.32,1.055812,
2018-09-16,33.220001,4.93714515,10.92,5.48,2.89126149,3.31,30.67703248,14.2556468,9.205,,25.45334557,4.34407982,4.18,12.89,,5.57,3.11999379,9.47221444,6.33687408,9.384,13.11,0.26375697,140.14999,5.88,5.89799344,2.806664,0.27147041,,11.12,1.055812,
2018-09-17,31.549999,4.81024178,10.92,5.17,2.77630079,3.11,30.0425353,13.38446012,9.205,,24.67334386,4.12648727,4.01,12.58,,5.36,2.94332748,8.66110451,5.97587274,9.384,12.719999,0.24824185,140.14999,5.56,5.6579937,2.64854208,0.25941159,,10.67,1.047158,
2018-09-18,31.49,4.71355351,11.06,5.08,2.88263944,3.08,29.86487681,12.81060662,9.205,,25.26001148,4.09540262,4.0,12.48,,5.45,2.89332769,8.92777097,5.7953711,9.0,12.292499,0.2404843,138.82001,5.54,5.60399377,2.57936375,0.25294101,,10.61,1.047158,
2018-09-19,31.690001,4.65614484,11.21,5.06,2.82803311,3.15,29.87575354,13.30417997,9.205,,25.59334497,4.04100448,3.87,11.91,,5.33,2.78332768,8.91665931,5.72446,9.0,12.157499,0.2404843,137.53999,5.49,5.72399363,2.54971589,0.24058808,,10.68,1.038504,
2018-09-20,30.02,4.55039204,10.9,4.79,2.58374163,2.89,29.19049659,12.82993404,9.205,,24.08667891,3.77678496,3.52,11.36,,5.46,2.55999502,8.84999325,5.27320752,8.744,11.34,0.2210904,129.28999,4.98,5.81999352,2.34218087,0.22147044,,10.36,1.012541,
2018-09-23,31.4,4.30564984,11.1,4.55,2.49464709,2.72,29.36452865,12.82101329,9.205,,22.66667756,3.54365009,3.44,10.77,,5.52,2.48999505,9.24443684,5.47949437,8.392,11.1225,0.20324802,127.45,4.65,5.80199354,2.30265039,0.20882339,,10.87,0.975328,
2018-09-24,31.43,4.54434902,11.02,4.74,2.47740299,2.74,29.44066795,12.9295404,9.205,,22.58667819,3.6446752,3.57,11.05,,5.68,2.52110621,9.83888083,5.8856216,8.392,11.2425,0.22341767,127.45,4.75,5.7479936,2.32241563,0.20676457,,10.9,0.983983,
2018-09-25,31.549999,4.52924148,11.06,4.76,2.48602504,2.83,29.11798118,12.71546011,9.205,,22.14000998,3.65244636,3.54,11.07,,5.34,2.48999505,9.73332591,5.85983574,8.4,10.9275,0.23738127,127.45,4.83,5.81999352,2.34218087,0.20676457,,10.89,0.976194,
2018-09-26,31.58,4.50809092,11.08,4.88,2.58374163,2.95,29.41891449,13.0841539,9.205,,22.68667691,3.84672542,3.57,11.07,,5.54,2.5233282,9.57777048,5.82760342,8.384,11.1975,0.24281156,125.47,4.86,5.99999332,2.40147659,0.20705869,,10.98,0.971867,
2018-09-27,32.07,4.53226299,11.04,5.03,2.58374163,3.08,29.966396,13.40973419,9.205,,23.45334461,3.96329286,3.66,11.63,,5.53,2.58777274,9.80554808,5.99521149,8.184,11.28,0.24087217,129.96001,5.04,5.83199351,2.46077231,0.20823516,,11.06,0.984848,
2018-09-30,32.049999,4.52924148,11.03,5.04,2.56649752,3.03,30.17668685,14.0787342,8.365,,23.38667924,3.88558123,3.59,11.65,,5.51,2.53777273,9.55554883,5.98231856,8.152,11.1675,0.23466613,128.0,5.03,5.7539936,2.42124183,0.20617633,,11.01,1.003022,
2018-10-01,31.27,4.42046717,11.11,5.01,2.54063137,3.17,30.12592454,13.59556753,8.365,,23.47334395,3.90112356,3.54,11.68,,5.57,2.47666185,9.62777044,6.07256905,8.152,10.6725,0.23195098,127.13,4.95,5.7539936,2.38171135,0.21088221,,11.3,1.007349,
2018-10-02,31.379999,4.46881131,10.39,4.92,2.51476521,3.13,30.15493085,13.42459938,8.365,,22.80667696,3.86226775,3.41,11.72,,5.3,2.38666192,9.36110397,6.07256905,7.84,10.7625,0.22574494,127.1,4.95,5.61599375,2.36194611,0.20647045,,11.18,1.00908,
2018-10-03,31.549999,4.29960682,10.5,5.01,2.50039512,3.23,29.89025634,13.0306342,7.75,,22.880011,3.90889472,3.58,11.58,,5.3,2.39443957,9.29443736,5.7953711,7.448,11.325,0.22574494,127.06,4.94,5.68799367,2.43112445,0.20941163,,11.2,1.003887,
2018-10-04,31.49,4.26032721,10.74,5.01,2.49464709,3.36,29.6763387,12.66640085,7.61,,23.13334512,3.90889472,3.5,11.48,,5.27,2.32555093,9.33888121,5.82115696,7.6,11.325,0.22884796,124.12,4.85,5.60399377,2.48053755,0.21176457,,10.94,1.000426,
2018-10-08,31.290001,4.10018725,10.72,4.83,2.47452897,3.27,29.53493683,12.35420086,7.61,,23.00667639,3.84672542,3.41,11.21,,5.15,2.29777321,9.08332641,5.71801354,7.544,10.9725,0.22380555,120.0,4.63,5.33399407,2.38171135,0.20970574,,10.63,0.994368,
2018-10-09,30.58,3.72249867,10.41,4.62,2.29921391,3.13,29.01646199,11.86360011,7.375,,22.37334476,3.66798868,3.12,10.67,,4.93,2.26332894,8.46666021,5.26031459,6.92,10.4925,0.21372072,111.28,4.3,5.03999439,2.23347206,0.1988234,,10.18,0.972732,
2018-10-10,30.940001,3.64696095,10.22,4.58,2.14689099,3.17,29.07809814,11.80413344,6.91,,22.47334347,3.62136171,3.06,10.88,,4.86,2.32555093,8.56110458,5.15717117,6.944,10.485,0.21178133,112.08,4.17,5.06999436,2.19394158,0.19411752,,10.38,0.96754,
2018-10-11,31.110001,3.66811151,9.95,4.61,2.12389885,3.15,29.30651893,11.87846677,6.91,,23.0266784,3.69907333,3.22,10.72,,4.77,2.32888414,8.54999348,5.27965399,6.984,10.4925,0.21178133,112.01,4.09,5.11799431,2.06546752,0.19088223,,10.4,0.964078,
2018-10-14,30.52,3.64393944,9.67,4.49,1.94858379,3.02,28.81705005,11.5737001,6.91,,23.80001211,3.66798868,3.19,10.24,,4.63,2.24555098,8.36110474,5.38924387,6.8,9.9675,0.20673892,109.11,3.85,4.95599449,2.01605442,0.18941164,,10.21,0.961482,
2018-10-15,30.99,3.7678213,9.86,4.65,2.01181217,3.12,29.02733873,11.56626676,6.5,,25.22667879,3.7690138,3.37,10.62,,4.96,2.38666192,8.48332687,5.78892464,6.8,9.9675,0.21216921,109.11,4.2,5.18399423,2.1,0.19117634,,10.38,0.977059,
2018-10-16,30.5,3.84335901,9.63,4.7,2.00893815,3.1,29.48780384,11.38786677,6.5,,25.3733462,3.66798868,3.3,10.68,,4.9,2.36555096,8.34999363,5.84694282,6.8,10.215,0.21372072,109.12,4.32,5.41199458,2.1,0.18970576,,10.2,0.974463,
2018-10-17,30.77,3.84335901,9.8,4.84,2.06354448,3.16,29.87212676,11.41016677,6.5,,25.22667879,3.7690138,3.31,10.75,,5.05,2.40221755,8.51666017,6.1176943,7.2,10.485,0.21953889,111.72,4.53,5.70599365,2.16,0.20264693,,10.28,0.977925,
2018-10-18,30.73,3.93098276,9.770001,4.99,2.10665474,3.23,30.07516513,11.7967001,7.0,,25.02667937,3.90112356,3.29,10.76,,4.88,2.37999526,8.58332679,6.47224982,7.248,10.635,0.22302979,112.91,4.66,5.80799354,2.15,0.20647045,,10.3,0.98831,
2018-10-21,30.77,3.84940203,9.91,5.04,2.08653662,3.21,29.54218968,11.6629001,7.0,,24.61334383,3.83895426,3.14,10.87,,4.86,2.32777326,8.28888257,6.3691064,7.576,10.3575,0.21837526,111.36,4.46,5.69999366,2.12,0.20088222,,10.12,0.987444,
2018-10-22,30.58,3.84940203,9.6,5.23,2.0175602,3.19,29.17961986,12.06430011,7.0,,25.1733441,3.78455612,3.1,10.67,,4.86,2.29332866,8.14443823,6.43357104,7.92,10.5975,0.21333284,112.92,4.38,5.64599372,2.1,0.19499987,,10.04,0.982252,
2018-10-23,30.48,3.77084281,8.79,5.21,2.04630038,3.27,29.75247836,12.04200085,7.0,,25.28001082,3.8933524,3.13,10.79,,4.84,2.29221755,8.26110481,6.4400175,7.92,10.5975,0.21604799,112.0,4.78,5.60999376,2.14,0.19499987,,10.13,0.976194,
2018-10-24,28.379999,3.74667074,7.95,5.06,2.03480431,3.31,29.99902583,12.10890085,6.915,,24.68001187,3.86226775,3.08,10.77,,5.08,2.21444004,8.32221588,6.26596297,7.944,10.215,0.21488436,112.31,4.9,5.59799377,2.2,0.19235281,,10.12,0.970136,
2018-10-25,26.91,3.70436961,7.45,5.0,1.97732396,3.26,29.3500255,11.87103344,6.915,,23.93334617,3.74570031,3.0,10.84,,5.24,2.10221804,8.011105,6.29819594,8.112,9.7725,0.20984194,112.0,4.67,5.41799397,2.23,0.19235281,,9.48,0.96927,
2018-10-28,25.98,3.68019755,7.06,4.9,1.97444994,3.22,29.00558526,11.7967001,6.915,,22.92667702,3.68353101,2.98,10.36,,4.95,2.02777374,7.92221618,6.22083773,7.832,9.48,0.2071268,111.0,4.49,5.47799391,2.2,0.18823517,,9.33,0.956289,
2018-10-29,25.98,3.68019755,7.03,4.94,1.91409558,3.36,28.54512268,11.55883343,6.915,,23.34667789,3.73015798,3.08,10.65,,5.1,2.03221829,7.89443843,6.09835491,7.832,9.48,0.2071268,110.98,4.47,5.43599395,2.29,0.19088223,,9.35,0.957155,
2018-10-30,26.15,3.8040794,6.9,5.03,1.92846566,3.44,28.59588246,11.67033343,6.915,,23.26001052,3.78455612,3.14,10.8,,5.25,2.03332918,7.88888287,6.24017712,7.8,9.72,0.21100558,112.1,4.71,5.49599389,2.38,0.20764692,,9.53,0.954558,
2018-10-31,26.559999,3.77084281,6.92,5.13,1.99744208,3.55,28.70827801,11.90076677,6.915,,23.88667948,3.90889472,3.12,10.79,,5.33,2.03332918,7.91666063,6.31753468,7.68,9.8625,0.21449648,114.88,4.98,5.54999383,2.37,0.19088223,,9.45,0.959751,
2018-11-01,27.0,3.73760621,6.99,5.24,2.06067046,3.72,29.11073087,11.96023344,6.9,,23.95334485,4.00214867,3.13,10.55,,5.2,1.99332948,7.88332732,6.38199932,7.68,10.005,0.21604799,116.4,5.23,5.48999389,2.35,0.19088223,,9.28,0.960616,
2018-11-04,27.4,3.82220845,6.97,5.3,2.06067046,3.77,29.01283557,11.94536677,6.9,,24.22001298,3.88558123,3.24,10.67,,5.2,1.96221832,7.79999405,6.33687408,7.688,10.1025,0.20635104,116.34,5.3,5.48999389,2.34,0.19088223,,9.22,0.965809,
2018-11-05,27.610001,3.8403375,6.96,5.48,1.89685147,3.84,28.86055661,11.87846677,6.9,,24.38667972,3.86226775,3.28,10.73,,5.34,1.97999606,7.92221618,6.2079448,7.688,10.0425,0.20247226,116.34,5.4,5.63399373,2.35,0.20970574,,9.25,0.952827,
2018-11-06,28.030001,3.85846656,7.03,5.45,1.91984361,3.87,29.18324375,11.89333344,6.9,,23.9800122,3.96329286,3.24,10.78,,5.5,2.01110711,7.7833274,6.18860541,7.68,9.9675,0.20479953,115.84,5.47,5.73599362,2.39,0.23029397,,9.24,0.951962,
2018-11-07,28.780001,3.90681069,7.28,5.56,2.0003161,3.87,29.17236701,12.07916678,6.9,,22.35334341,4.16534308,3.33,10.79,,5.5,2.08555141,7.92777173,6.26596297,7.84,10.305,0.21178133,116.87,5.41,6.00599332,2.51,0.23529396,,9.53,0.953693,
2018-11-08,27.950001,4.04277858,7.38,5.57,2.05492243,3.98,29.21225006,12.34676752,6.9,,22.38667876,4.21974122,3.39,10.93,,5.5,2.12888465,8.12777158,6.25951651,8.0,10.635,0.21216921,117.3,5.41,6.0239933,2.49,0.23558808,,9.97,0.955424,
2018-11-11,28.01,4.14550988,7.21,5.51,2.07791457,3.9,29.71622174,12.51030011,6.9,,22.90667835,4.14980076,3.36,10.96,,5.59,2.12999576,8.04443831,6.22083773,8.104,10.5975,0.21876313,117.0,5.53,6.01199331,2.46,0.23411749,,10.2,0.959751,
2018-11-12,27.870001,4.03371406,7.09,5.48,2.17850518,3.88,29.16511671,12.19810012,6.9,,23.24667718,4.16534308,3.25,10.87,,5.4,2.1355512,7.89999398,6.23373065,8.0,10.5075,0.22380555,116.16,5.37,5.99999332,2.46,0.23617632,,10.03,0.96754,
2018-11-13,27.790001,4.02464953,7.14,5.54,2.16700911,3.82,29.37540539,12.4731342,6.9,,23.3600119,4.32076633,3.28,10.91,,5.58,2.14110685,7.87777177,6.18215894,8.256,10.4775,0.2280722,115.54,5.65,6.25199304,2.48,0.23499985,,9.91,0.96927,
2018-11-14,27.360001,3.94004729,6.98,5.5,2.0836626,3.9,29.08172456,12.74816678,6.9,,23.03334374,4.34407982,3.2,10.92,,5.5,2.11666234,7.76110519,6.44646396,8.2,10.32,0.22186616,112.91,5.97,6.38999289,2.45,0.23441161,,9.54,0.95802,
2018-11-15,27.299999,3.9098322,6.9,5.71,2.02905627,4.0,29.19049659,12.65153345,6.9,,23.08001043,4.32076633,3.2,10.94,,5.28,2.05777368,7.577772,6.55605385,8.2,10.2525,0.21876313,110.46,5.96,6.38999289,2.36,0.23411749,,9.6,0.951962,
2018-11-18,27.49,3.93400427,6.96,5.66,2.04342636,4.06,29.50593052,13.23133271,6.9,,23.06001109,4.37516447,3.24,11.43,,5.37,2.06332923,7.71110523,6.50448214,8.008,10.2,0.22574494,111.18,5.91,6.45599282,2.5,0.23411749,,9.81,0.956289,
2018-11-19,27.77,3.92493975,7.03,5.87,2.0836626,4.06,30.09692113,13.8334342,6.9,,23.20001049,4.37516447,3.34,11.67,,5.5,2.11110691,7.85554957,6.75589423,8.088,10.425,0.23078735,114.85,6.26,6.61799264,2.63,0.23411749,,10.08,0.957155,
2018-11-22,27.299999,3.99141294,6.99,5.75,2.03193029,4.06,29.23762958,13.38000012,7.0,,24.02001088,4.53058772,3.3,11.49,,5.32,2.01444033,7.84999401,6.65275081,8.472,10.3125,0.22613281,111.45,6.26,6.73199251,2.6,0.22941161,,9.92,0.951962,
2018-11-25,27.41,3.94004729,6.95,5.76,2.08078859,3.95,28.81342362,13.38000012,7.0,,24.10001292,4.8025784,3.22,11.51,,5.3,2.00777378,7.96110504,6.82680534,8.8,10.2375,0.22923584,110.78,6.18,6.53999272,2.6,0.23117632,,9.98,0.944173,
2018-11-26,26.719999,3.61372436,6.69,5.55,2.02618226,3.75,26.94618871,13.13470011,7.0,,23.35334389,4.73263794,3.1,11.0,,5.22,1.95555166,7.69999413,6.66564374,8.8,10.065,0.22070252,110.43,5.9,6.27599302,2.49,0.22852926,,9.74,0.930327,
2018-11-27,25.77,3.43243384,6.58,5.51,2.01181217,3.77,26.48209971,12.71100012,7.005,,23.34000989,4.77149375,3.1,11.15,,5.18,1.94444058,7.66666082,6.73010838,8.8,10.0875,0.22070252,110.43,5.97,6.28199301,2.48,0.22852926,,9.91,0.934654,
2018-11-28,25.950001,3.44451987,6.6,5.6,2.02330824,3.87,26.75040065,13.03806753,7.0,,23.34667789,4.99685747,3.17,11.63,,5.15,1.96999608,7.78888295,6.67853667,8.8,10.65,0.22380555,111.0,6.17,6.24599305,2.5,0.22852926,,10.09,0.934654,
2018-11-29,27.139999,3.42941233,6.64,5.51,2.02330824,3.92,26.89905536,13.23133271,7.0,,23.3600119,5.09788258,3.12,12.25,,5.18,1.91888507,7.88332732,6.530268,8.8,10.845,0.22225404,113.28,6.09,6.1979931,2.54,0.22294103,,10.03,0.933788,
2018-12-02,26.99,3.44451987,6.56,5.49,1.99169405,3.89,27.05133432,13.72936604,7.0,,23.14001046,5.0512556,3.12,12.28,,5.14,1.89221857,7.9999939,6.62051849,8.792,11.3175,0.22147828,113.27,6.04,6.18599312,2.53,0.22558809,,9.63,0.938981,
2018-12-03,26.709999,3.40524026,6.47,5.45,1.99456806,3.88,26.6343783,13.72936604,7.0,,23.07334509,5.19890769,3.09,11.97,,5.06,1.897774,8.011105,6.50448214,8.792,11.1525,0.22070252,113.05,6.2,6.14999316,2.46,0.22058809,,9.56,0.934654,
2018-12-04,26.07,3.35387461,6.51,5.45,1.93996173,3.77,26.28268522,13.55840013,7.0,,22.64667822,5.09788258,3.02,12.28,,4.93,1.87332972,7.96666059,6.49803568,8.8,11.0025,0.21682374,112.12,6.01,6.1139932,2.37,0.22029397,,9.35,0.944173,
2018-12-05,25.35,3.22394974,6.18,5.32,1.81637899,3.66,25.56479844,13.29823271,7.0,,22.02667792,4.91914584,3.01,11.96,,4.85,1.83666312,7.77777185,6.29174883,8.808,10.605,0.20984194,110.5,5.95,6.05999326,2.31,0.22029397,,9.15,0.934654,
2018-12-06,24.93,3.18467013,6.05,5.33,1.79913488,3.59,25.87298242,13.00090012,7.0,,22.10001196,4.77149375,3.02,11.93,,4.77,1.77666313,7.81666071,6.30464176,8.816,10.14,0.20790255,111.03,5.95,6.31199298,2.24,0.2191175,,9.18,0.934654,
2018-12-09,24.940001,3.13028297,5.99,5.28,1.8020089,3.53,25.16959589,12.94886679,7.0,,22.58001019,4.75595143,3.01,11.74,,4.86,1.7355521,7.76666074,6.38199932,8.808,9.9075,0.20557529,110.33,5.89,6.22799307,2.23,0.22058809,,9.13,0.92773,
2018-12-10,24.99,3.16351956,5.84,5.28,1.75889864,3.4,24.69463052,12.51773344,6.99,,22.26667871,4.51504539,3.0,11.54,,4.86,1.66888557,7.51110538,6.38199932,8.8,9.8925,0.20169651,109.01,5.67,6.09599322,2.17,0.22735279,,8.99,0.913884,
2018-12-11,25.5,3.32063802,6.11,5.41,1.7847648,3.54,25.48865914,12.71100012,6.99,,22.70001025,4.79480724,3.05,11.94,,4.82,1.75332985,7.68888303,6.2788559,8.8,10.275,0.20557529,109.34,5.91,6.11999319,2.24,0.23235279,,9.2,0.919942,
2018-12-12,25.99,3.44754138,6.19,5.5,1.77039471,3.65,25.95637166,12.43596677,6.995,,22.75334494,5.1134249,3.09,11.79,,4.76,1.79888542,7.84443846,6.37555286,8.8,10.3875,0.20829043,109.67,6.0,6.12599318,2.28,0.23411749,,9.22,0.925999,
2018-12-13,25.75,3.47775647,6.21,5.57,1.81637899,3.75,26.56186543,11.82643344,6.995,,22.880011,5.30770397,3.14,11.86,,4.75,1.81555194,8.16666044,6.51737507,8.8,11.0325,0.21100558,111.95,6.44,6.22199308,2.31,0.2505881,,9.34,0.933788,
2018-12-16,25.709999,3.54120815,6.3,5.54,1.87098532,3.75,26.57274216,12.16093419,6.995,,22.5333435,5.35433094,3.25,11.8,,4.85,1.91444064,8.31110477,6.5109286,8.8,10.905,0.21294497,119.28,6.88,6.293993,2.34,0.25176454,,9.71,0.932057,
2018-12-17,25.030001,3.52005759,6.27,5.55,1.84224514,3.66,26.27906134,12.44340011,6.995,,22.72001226,5.2999328,3.38,12.32,,4.98,2.02221831,8.28888257,6.38844579,8.8,10.575,0.21953889,117.73,6.72,6.293993,2.31,0.25323513,,9.92,0.930327,
2018-12-18,25.18,3.50495004,6.41,5.12,1.8853554,3.67,27.07308742,12.49543271,7.0,,22.99334572,5.2999328,3.34,12.56,,5.01,2.04555149,8.53332683,6.4400175,8.808,10.6125,0.22690857,117.75,6.88,6.27599302,2.36,0.25852924,,10.06,0.933788,
2018-12-19,24.85,3.4566059,6.49,5.06,1.89110344,3.53,26.93531198,12.22783419,7.0,,22.75334494,5.20667885,3.28,12.92,,4.94,1.99666258,8.36666029,6.51737507,8.8,10.59,0.22574494,115.85,6.7,6.22799307,2.32,0.25588218,,10.03,0.930327,
2018-12-20,24.43,3.41430478,6.39,5.03,2.02043422,3.57,27.00782485,11.93049937,7.0,,23.25334518,5.25330583,3.28,12.87,,5.0,2.01777376,8.26666036,6.68498313,8.872,10.4475,0.22341767,114.0,6.63,6.17999312,2.28,0.25235277,,9.99,0.917345,
2018-12-23,24.5,3.3840897,6.33,4.98,2.10090671,3.48,27.58068589,11.87103344,7.0,,23.18001114,5.1134249,3.25,12.8,,5.11,2.04221805,8.29443812,6.75589423,8.864,10.5075,0.22031465,115.56,6.53,6.14399316,2.23,0.25764689,,9.98,0.935519,
2018-12-24,24.09,3.30553047,6.23,4.93,2.13826893,3.5,27.04045759,11.82643344,7.0,,22.879999,4.90360352,3.2,12.4,,5.13,2.01777376,8.12777158,6.62696495,8.872,10.29,0.21915101,112.7,6.45,6.04199328,2.2,0.25588218,,9.96,0.929461,
2018-12-25,23.799999,3.31157349,6.17,4.83,1.983072,3.47,26.5509887,11.73723344,7.0,,22.33,4.8647477,3.18,12.4,,5.05,1.98332939,8.17221599,6.54316092,8.872,10.1625,0.21488436,112.44,6.42,6.00599332,2.16,0.25588218,,9.78,0.925999,
2018-12-26,23.870001,3.30553047,6.12,4.87,1.90834754,3.43,26.13403305,11.60343343,7.0,,22.16,4.91137468,3.23,12.32,,4.96,1.98221828,8.1944382,6.38199932,8.872,10.2,0.21333284,112.5,6.48,6.0179933,2.14,0.26529397,,9.71,0.925999,
2018-12-27,24.389999,3.29042293,6.19,4.89,1.92271763,3.51,26.33707106,11.8190001,7.0,,22.299999,4.9890863,3.32,12.48,,5.08,2.01888487,8.35554918,6.43357104,8.872,10.365,0.21721162,117.11,6.78,6.1139932,2.17,0.26705865,,9.72,0.925999,
2018-12-30,24.32,3.29948745,6.2,4.98,2.02043422,3.59,26.56911574,12.07916678,7.0,,22.35,5.02794212,3.29,12.76,,5.12,2.01888487,8.47777131,6.39489225,8.872,10.2975,0.21953889,112.55,6.95,6.20999309,2.18,0.25823512,,9.89,0.925999,
2018-12-31,23.440001,3.39315422,6.17,4.96,2.00893815,3.53,26.61625163,12.00483344,7.0,,22.33,5.02794212,3.26,12.63,,5.08,1.99555147,8.39443804,6.45291043,9.0,10.3425,0.22225404,115.67,7.03,6.26999302,2.18,0.26823512,,9.91,0.926865,
2019-01-02,22.9,3.45962741,6.24,4.99,1.96582789,3.56,26.85917268,12.08660011,7.0,,22.200001,5.20667885,3.27,12.68,,5.14,2.01555143,8.45554911,6.54316092,9.0,10.2075,0.2245813,118.0,7.04,6.26999302,2.18,0.2661763,,9.89,0.929461,
2019-01-03,23.32,3.47171345,6.38,5.0,2.0003161,3.63,27.52267617,12.21296678,7.0,,22.459999,5.31547513,3.32,12.55,,5.28,2.0211072,8.46666021,6.60762556,9.008,10.41,0.22535706,118.0,7.26,6.49799277,2.19,0.2661763,,10.22,0.92773,
2019-01-06,23.15,3.58048776,6.48,5.04,1.983072,3.68,27.66045161,12.36906603,7.0,,22.959999,5.25330583,3.29,12.62,,5.21,2.02888485,8.43888245,6.65275081,8.992,10.305,0.22496918,115.81,7.33,6.59399266,2.23,0.26764688,,10.31,0.935519,
2019-01-08,23.32,3.64091793,6.51,5.12,1.97157593,3.72,27.73659091,12.52516678,7.0,,23.98,5.27661932,3.32,12.63,,5.07,2.04444038,8.49443797,6.64630435,8.992,10.5975,0.22690857,119.53,7.28,6.6479926,2.27,0.26647041,,10.3,0.938981,
2019-01-09,23.83,3.58653078,6.58,5.19,1.983072,3.77,27.39577455,12.49543271,7.0,,25.35,5.45535605,3.31,12.94,,5.11,2.0588849,8.76665998,6.64630435,8.896,10.5075,0.23078735,116.73,7.38,6.6479926,2.25,0.26499983,,10.47,0.941577,
2019-01-10,24.049999,3.49286401,6.57,5.13,2.01181217,3.76,27.00782485,12.28730086,7.0,,25.209999,5.41650024,3.27,13.46,,5.14,2.08221808,8.90554932,6.58828617,8.808,10.425,0.2280722,119.26,7.35,6.62999262,2.23,0.26558806,,10.79,0.938981,
2019-01-13,23.809999,3.43847685,6.49,5.07,1.98882003,3.73,26.8627962,12.32446677,7.0,,25.18,5.53306768,3.21,13.91,,5.08,2.10888469,8.98888204,6.68498313,9.184,10.605,0.22574494,118.04,7.38,6.61799264,2.22,0.26588218,,10.85,0.955424,
2019-01-14,23.93,3.42941233,6.49,5.09,1.97444994,3.78,27.59881546,12.46570011,7.0,,25.77,5.65740628,3.18,13.92,,5.06,2.12999576,9.09999251,6.63341142,9.184,10.6275,0.22535706,118.04,7.36,6.83999239,2.22,0.26499983,,10.89,0.972732,
2019-01-15,23.469999,3.34178858,6.36,5.0,1.9342137,3.73,27.31600847,12.19810012,7.0,,26.049999,5.60300814,3.11,13.7,,5.0,2.10666236,8.92777097,6.73655484,9.184,10.4325,0.22264191,117.6,7.26,6.80999242,2.2,0.26499983,,10.55,0.972732,
2019-01-16,23.370001,3.30855198,6.33,5.11,1.9342137,3.72,27.7837239,12.27986677,7.0,,25.780001,5.71180441,3.1,14.06,,5.02,2.10444037,8.90554932,6.68498313,9.2,10.5825,0.22302979,117.6,7.31,6.7379925,2.21,0.26470571,,10.74,0.993502,
2019-01-17,22.98,3.24207879,6.3,5.16,1.9514578,3.82,28.46535696,12.22783419,7.0,,25.440001,5.63409279,3.12,13.81,,5.03,2.08332919,8.8222155,6.74300131,9.2,10.83,0.22225404,117.51,7.29,6.59999266,2.25,0.26558806,,10.75,0.983983,
2019-01-20,22.66,3.19675616,6.24,5.11,1.91409558,3.88,28.85693019,12.00483344,7.0,,25.75,5.49421186,3.15,13.72,,5.0,2.04444038,8.63332675,6.75589423,9.2,11.025,0.21876313,117.28,7.3,6.50999276,2.22,0.2661763,,10.65,0.980521,
2019-01-21,22.639999,3.1393475,6.19,5.11,1.96582789,3.86,28.9076925,11.88590011,7.0,,26.32,5.46312721,3.16,13.72,,4.97,2.01666265,8.61110455,6.74300131,9.2,11.1675,0.22186616,117.28,7.24,6.45599282,2.2,0.2661763,,10.52,0.990041,
2019-01-22,23.09,3.23301426,6.18,5.11,2.00319012,3.83,29.52043368,11.86360011,7.005,,25.129999,5.58746581,3.13,13.78,,5.0,2.00332946,8.79999329,6.7623407,9.2,10.665,0.21992677,116.49,7.27,6.41999286,2.19,0.26499983,,10.56,1.051485,
2019-01-23,22.92,3.43545534,6.13,5.03,1.93996173,3.72,29.2195,11.6406001,7.005,,24.299999,5.50975419,3.09,13.69,,4.94,1.96555176,8.81665994,6.73655484,9.2,10.65,0.21721162,116.49,7.35,6.36599292,2.16,0.26529397,,10.61,1.084371,
2019-01-27,22.59,3.38106819,5.68,5.02,1.91984361,3.68,29.9120098,11.53653343,7.005,,23.950001,5.51752535,3.07,13.58,,4.85,1.89999622,8.77777109,6.75589423,9.2,10.68,0.22031465,116.49,7.26,6.30599298,2.14,0.26499983,,10.58,1.055812,
2019-01-28,23.110001,3.34783159,5.68,5.04,2.07504055,3.69,30.61539597,11.94536677,7.005,,24.950001,5.71180441,3.18,13.94,,4.82,1.95332945,8.98888204,7.01375279,9.2,10.5525,0.22535706,116.49,7.57,6.54599272,2.18,0.26470571,,11.0,1.033312,
2019-01-29,23.23,3.32668103,5.59,5.0,2.25897766,3.64,30.56101013,12.00483344,7.005,,25.209999,5.66517744,3.3,13.91,,4.75,1.92777394,9.01665979,7.18780732,9.2,10.7025,0.22496918,114.98,7.58,6.62399263,2.21,0.262941,,11.01,1.035042,
2019-01-30,23.68,3.46264892,5.64,5.0,2.22161544,3.64,30.34709249,12.13120011,7.125,,25.129999,5.64186395,3.36,13.8,,4.82,1.97666285,9.28888125,7.40054063,9.2,10.5075,0.2245813,109.8,7.8,6.58799267,2.24,0.262941,,11.0,1.062736,
2019-01-31,23.65,3.52005759,5.77,5.07,2.23598552,3.68,30.16580758,12.40623419,7.125,,24.77,5.7972872,3.4,13.84,,4.95,2.07666265,9.34443732,7.36186185,9.2,10.725,0.22496918,107.22,7.75,6.59399266,2.25,0.262941,,11.21,1.085237,
2019-02-03,23.299999,3.4566059,5.72,5.19,2.20437133,3.64,30.10417144,12.53260086,7.125,,24.18,5.68849093,3.49,13.99,,4.91,2.07444032,9.49999276,7.29095074,9.2,10.74,0.22574494,106.65,7.58,6.57599268,2.33,0.26176453,,11.37,1.091295,
2019-02-04,23.08,3.40524026,5.77,5.21,2.19574928,3.71,30.40510511,12.48056753,6.835,,24.040001,5.6729486,3.46,14.9,,5.0,2.15332894,9.52777051,7.13623561,9.2,10.605,0.24475095,110.87,7.59,6.68999256,2.39,0.26176453,,11.16,1.098218,
2019-02-05,23.299999,3.43545534,5.83,5.13,2.17275714,3.76,31.21363399,12.21296678,6.5,,23.91,5.56415233,3.54,14.57,,5.08,2.24110665,9.33888121,7.18780732,9.592,10.635,0.24087217,110.02,7.46,6.62399263,2.38,0.26176453,,11.07,1.093891,
2019-02-06,23.26,3.51703608,6.01,5.2,2.24173356,3.82,32.15994157,12.34676752,6.5,,23.969999,5.59523698,3.63,15.02,,5.41,2.33777324,9.53888162,7.3876477,9.592,10.8075,0.2474661,111.85,7.44,6.69599255,2.48,0.26029395,,11.73,1.097353,
2019-02-07,23.9,3.68019755,6.04,5.27,2.25610365,3.86,32.38110952,12.39136677,6.5,,23.709999,5.59523698,3.63,14.72,,5.43,2.3344398,9.42221448,7.27805782,9.984,10.6725,0.25134488,107.7,7.41,6.62999262,2.52,0.262941,,11.67,1.095622,
2019-02-10,25.83,3.78595035,6.12,5.26,2.2819698,3.85,32.23608377,12.45083344,6.5,,24.15,5.70403325,3.61,14.69,,5.36,2.36666185,9.37777007,7.45855881,10.08,10.815,0.24979337,106.75,7.44,6.59399266,2.56,0.26499983,,11.55,1.099949,
2019-02-11,26.559999,3.71645565,6.15,5.24,2.27334775,3.83,32.094679,12.29473419,6.93,,24.51,5.64186395,3.61,14.77,,5.41,2.37888416,9.40554838,7.33607599,10.0,10.905,0.24824185,107.98,7.31,6.84599238,2.55,0.27058806,,11.58,1.109468,
2019-02-12,25.940001,3.75271375,6.11,5.22,2.28484382,3.85,32.38836237,12.27243344,6.93,,24.24,5.75066023,3.57,14.63,,5.22,2.42110641,9.39443728,7.32318306,10.0,10.695,0.24552671,111.34,7.26,7.08599212,2.52,0.267941,,11.51,1.110334,
2019-02-13,26.67,3.77688582,6.15,5.59,2.32508006,3.91,32.78356202,12.34676752,7.0,,24.190001,5.68849093,3.59,14.84,,5.22,2.43777304,9.46110445,7.12334268,10.0,10.92,0.25056912,115.0,7.33,7.01999219,2.59,0.267941,,11.56,1.114661,
2019-02-14,26.59,3.85544505,6.28,5.85,2.37393836,3.91,32.95759672,12.45083344,7.6,,24.52,5.63409279,3.58,14.72,,5.27,2.38666192,9.40554838,6.82680534,10.0,11.1825,0.25949031,116.79,7.38,7.02599218,2.63,0.26750001,,11.36,1.109468,
2019-02-17,26.5,3.79803638,6.35,5.72,2.35382024,3.87,33.48785417,12.25756678,7.425,,24.469999,5.64963511,3.56,14.48,,5.3,2.39110635,9.33888121,6.78812655,10.112,11.5725,0.2579388,116.03,7.38,6.9239923,2.6,0.26400001,,11.43,1.099083,
2019-02-18,26.77,3.85544505,6.35,5.79,2.40555255,3.94,33.8821502,12.07173345,8.1000005,,24.950001,5.71180441,3.69,14.56,,5.53,2.45443956,9.61665878,6.92994876,10.352,11.73,0.2649206,115.61,7.44,7.01999219,2.77,0.26650001,,11.67,1.115526,
2019-02-19,26.57,3.8040794,6.35,5.78,2.40267853,3.89,33.9727913,12.01970011,8.1000005,,25.139999,5.65740628,3.66,14.9,,5.48,2.44999501,9.69443761,7.02664572,10.184,11.4675,0.26763575,115.59,7.32,7.04399216,2.78,0.26550001,,11.71,1.117257,
2019-02-20,26.25,3.8403375,6.3,5.71,2.37106434,3.97,33.69633136,12.01970011,8.1000005,,25.16,5.60300814,3.6,15.5,,5.27,2.41555075,9.64443765,7.01375279,10.2,11.4825,0.26569636,114.6,7.24,7.13399206,2.81,0.26550001,,11.6,1.119854,
2019-02-21,26.15,3.91285371,6.27,5.9,2.35669426,4.03,33.82323034,12.20553345,8.1000005,,25.370001,5.60300814,3.61,15.29,,5.37,2.4088841,9.68888206,8.03874056,10.2,11.385,0.27539331,113.35,7.28,7.20599198,2.83,0.26600001,,11.65,1.116392,
2019-02-24,25.93,3.92191824,6.27,5.84,2.33657613,3.98,33.60115724,12.5400342,8.1000005,,24.950001,5.57192349,3.58,14.84,,5.34,2.37777305,9.62777044,8.00006178,10.232,11.25,0.27927209,113.03,7.09,7.18199201,2.81,0.26500001,,11.4,1.116392,
2019-02-25,25.530001,3.82825147,6.22,5.79,2.32508006,3.94,32.98478855,12.5400342,8.25,,24.620001,5.52529651,3.53,14.53,,5.14,2.33999523,9.44999279,7.961383,10.232,10.9125,0.2773327,113.33,6.87,7.19999199,2.77,0.26500001,,11.29,1.107738,
2019-02-26,25.66,3.82825147,6.22,5.71,2.49752111,3.94,32.49531839,12.88196679,8.5,,24.4,5.57192349,3.57,14.47,,5.15,2.37888416,9.58332603,8.23213448,10.24,10.935,0.28819328,115.07,6.98,7.19999199,2.83,0.26550001,,11.43,1.102545,
2019-02-27,25.57,3.86753108,6.23,5.7,2.44291478,3.92,32.09649295,12.64410011,8.5,,24.059999,5.54083884,3.6,14.67,,5.22,2.36555096,9.58332603,8.27725973,10.528,10.9575,0.31185383,114.53,7.15,7.16999202,2.84,0.26550001,,11.43,1.107738,
2019-02-28,25.23,4.04580009,6.19,5.77,2.39980452,3.85,31.72032586,12.62923345,8.5,,23.459999,5.50927598,3.54,14.79,,5.19,2.32332871,9.55554883,8.29015266,10.664,11.655,0.3211629,113.12,7.1,7.10999209,2.79,0.26400001,,11.34,1.107738,
2019-03-03,25.030001,3.99141294,6.13,5.69,2.26759972,3.86,31.8064371,12.40623419,8.8,,23.110001,5.49346744,3.43,14.89,,5.17,2.29777321,9.48888165,8.24502741,10.68,11.4075,0.29207206,112.57,7.14,7.187992,2.77,0.26300001,,11.26,1.258321,
2019-03-04,24.91,3.94004729,5.99,5.66,2.32220605,3.98,32.19620011,12.95630012,8.8,,22.91,5.61203149,3.58,14.65,,5.02,2.27666214,9.45554835,8.23213448,10.68,11.3325,0.28392662,111.23,7.17,7.34999182,2.75,0.26300001,,11.11,1.215915,
2019-03-05,25.6,4.08810121,5.91,5.62,2.30496223,4.06,32.05570521,13.00833346,8.865,,22.959999,5.54089306,3.6,14.59,,5.0,2.33221758,9.54443717,8.48999304,10.696,11.16,0.2808236,110.66,7.0,7.06799214,2.72,0.26050001,,11.38,1.228896,
2019-03-06,26.27,4.1545744,5.9,5.59,2.30496223,4.12,31.42573698,12.86709937,8.88,,22.809999,5.52508452,3.63,14.6,,4.98,2.31888439,9.54443717,8.32238498,11.024,11.025,0.28392662,108.95,7.07,6.92999229,2.75,0.26300001,,11.41,1.229762,
2019-03-07,26.280001,4.16061742,5.87,5.56,2.30208792,4.17,31.16287659,12.72586752,8.875,,22.610001,5.43023328,3.65,14.6,,4.94,2.27555103,9.47221444,8.13543752,11.04,11.0475,0.28315087,108.39,7.02,7.03799217,2.81,0.26300001,,11.44,1.207261,
2019-03-10,26.74,4.12738083,5.95,5.58,2.30496223,4.14,31.91974017,13.00090012,8.9700005,,22.77,5.46975463,3.64,14.8,,5.02,2.29777321,9.62777044,8.29015266,11.088,11.5125,0.28392662,111.55,7.28,7.39199178,2.89,0.26900001,,11.58,1.202068,
2019-03-11,27.139999,4.10018725,6.04,5.56,2.30783596,4.2,32.12821736,13.00833346,9.0,,23.0,5.52508452,3.62,14.94,,5.02,2.28221779,9.62777044,8.34172437,11.2,11.565,0.28547813,111.17,7.33,7.42199174,2.94,0.26850001,,11.51,1.202934,
2019-03-12,26.940001,4.16968195,6.03,5.61,2.3308281,4.26,32.18260419,13.35026605,9.785,,22.83,5.49346744,3.65,14.77,,5.02,2.39888412,9.81110363,8.47065365,11.192,11.3175,0.28392662,112.08,7.49,7.50599165,2.95,0.26700001,,11.56,1.2263,
2019-03-13,26.98,4.09414423,6.01,5.6,2.3308281,4.23,32.21432905,13.39486679,9.8599995,,22.77,5.56460587,3.71,14.73,,5.2,2.39888412,9.8777708,8.36106376,11.192,11.2875,0.2843145,110.42,7.48,7.69799144,2.91,0.26850001,,11.5,1.2263,
2019-03-14,27.950001,3.97328389,6.0,5.57,2.30496223,4.16,32.08289704,13.40973419,9.91,,22.629999,5.53298879,3.73,14.64,,5.33,2.60221705,9.73332591,8.27081327,11.2,11.115,0.27965996,109.21,7.45,7.57799157,2.88,0.26800001,,11.59,1.238416,
2019-03-17,28.93,3.93400427,6.19,5.53,2.27622177,4.12,31.51184867,13.59556753,9.91,,22.440001,5.44604182,3.66,14.57,,5.17,2.72555024,9.62221489,8.36106376,11.104,11.1375,0.2738418,109.42,7.41,7.59599155,2.85,0.26800001,,11.44,1.264379,
2019-03-18,28.690001,3.94609031,6.25,5.55,2.28484382,4.11,31.68860101,13.52866753,9.91,,22.379999,5.52508452,3.63,14.52,,5.11,2.75443908,9.58332603,8.40618901,11.104,11.145,0.27112665,108.78,7.41,7.55999159,2.84,0.26900001,,11.38,1.29813,
2019-03-19,28.629999,3.93098276,6.26,5.39,2.25897766,4.12,31.16740644,13.41716605,9.91,,22.110001,5.44604182,3.63,14.5,,5.11,2.76777227,9.53332606,8.24502741,11.2,11.085,0.26220546,108.6,7.41,7.40399176,2.82,0.26800001,,11.35,1.293803,
2019-03-20,27.82,3.84940203,6.11,5.31,2.2158674,4.04,30.61902005,13.38743345,9.825,,22.48,5.31166924,3.53,14.32,,5.02,2.68888365,9.43888169,8.18700923,11.192,10.7325,0.25561153,107.95,7.43,7.24799194,2.72,0.26800001,,11.11,1.289476,
2019-03-21,27.59,3.86450957,6.13,5.32,2.23598552,4.09,31.16740644,13.38743345,9.7,,22.450001,5.31166924,3.54,14.25,,4.99,2.68221677,9.41666004,8.28370619,11.104,10.7475,0.25173276,107.81,7.37,7.17599202,2.71,0.26850001,,11.12,1.309381,
2019-03-24,27.299999,3.83429449,6.13,5.4,2.24460758,4.17,30.93627045,13.38743345,9.8999995,,22.15,5.31957351,3.57,14.38,,5.08,2.66555025,9.43332614,8.2643668,11.104,10.77,0.25134488,108.07,7.39,7.19999199,2.76,0.26850001,,11.27,1.315438,
2019-03-25,27.370001,3.87659561,6.1,5.4,2.22448946,4.19,31.01331563,13.58070013,9.8999995,,22.26,5.25633935,3.59,14.46,,5.02,2.65443905,9.56110327,8.22568802,10.984,10.62,0.25677517,108.07,7.41,7.19999199,2.84,0.26950001,,11.4,1.311111,
2019-03-26,26.84,3.71041263,5.95,5.44,2.18425321,4.12,30.8864171,13.43946679,9.2200005,,21.9,5.04292407,3.47,14.28,,5.0,2.57443932,9.31665956,8.2643668,10.984,10.515,0.24940549,107.29,7.31,7.03799217,2.74,0.26800001,,11.26,1.326689,
2019-03-27,26.74,3.65300397,5.93,5.46,2.16988313,4.03,30.76858055,13.34283419,9.5,,21.799999,4.96388137,3.46,14.54,,4.96,2.53110619,9.2666596,8.23858095,10.8,10.38,0.2544479,107.38,7.57,7.15199204,2.72,0.26800001,,11.17,1.350055,
2019-03-28,26.1,3.6288319,5.91,5.35,2.15551304,4.01,30.50571698,13.38000012,9.745,,20.93,4.90855148,3.48,14.48,,4.94,2.54888393,9.27777126,8.16766984,10.832,10.4025,0.25987819,108.77,7.66,7.11599208,2.7,0.26850001,,11.09,1.359575,
2019-03-31,26.299999,3.71041263,5.96,5.35,2.15838706,4.02,30.8864171,13.52866753,9.9399995,,20.51,4.93226429,3.52,14.54,,4.95,2.67777245,9.2277713,8.1934557,10.784,10.335,0.25677517,108.68,7.6,7.02599218,2.74,0.26950001,,11.21,1.362171,
2019-04-01,26.83,3.77084281,6.04,5.32,2.14401697,4.01,30.98159122,13.64760087,9.9799995,,20.07,4.96388137,3.47,14.61,,4.92,2.74999453,9.4833261,8.18056277,10.776,10.41,0.25367215,107.7,7.43,7.0079922,2.72,0.27000001,,11.45,1.369095,
2019-04-02,26.4,3.80710091,5.99,5.36,2.14114295,3.95,32.13275084,13.78140087,10.0,,19.559999,4.96388137,3.44,15.12,,4.98,2.73555022,9.57777048,8.18700923,10.728,10.29,0.25289639,107.73,7.32,6.96599225,2.71,0.27000001,,11.5,1.366498,
2019-04-03,26.99,3.79501487,6.01,5.41,2.14689099,3.91,33.21592771,13.73680013,10.0,,19.610001,4.97178564,3.45,14.97,,4.98,2.72777224,9.53332606,8.18700923,10.544,10.2525,0.25832668,106.95,7.33,7.03799217,2.7,0.27050001,,11.64,1.368229,
2019-04-04,26.99,3.80710091,6.12,5.35,2.09803269,3.93,33.52864509,13.40230086,10.0,,19.84,4.92436002,3.46,14.93,,4.85,2.85554999,9.63888154,8.30949205,10.544,10.185,0.26065395,106.92,7.27,7.24799194,2.67,0.27100001,,11.67,1.367364,
2019-04-07,26.950001,3.79199337,6.21,5.42,2.04917439,3.94,33.55130389,13.42459938,10.0,,19.52,4.91645575,3.45,15.03,,4.76,3.00332747,9.57221492,8.29659912,10.568,10.035,0.26298121,106.34,7.42,7.24799194,2.68,0.27100001,,11.74,1.362171,
2019-04-08,26.27,3.69530509,6.15,5.39,2.04055234,3.85,33.16154088,13.41716605,10.0,,19.059999,4.91645575,3.53,14.89,,4.74,2.97332742,9.53332606,8.24502741,10.568,9.81,0.25018124,105.49,7.41,7.15799204,2.67,0.27100001,,11.65,1.358709,
2019-04-09,26.110001,3.67113302,6.12,5.32,1.99456806,3.85,33.23405666,13.49893346,9.5,,18.66,4.83741306,3.5,14.74,,4.56,3.00443858,9.41666004,8.18700923,10.568,9.645,0.23195098,103.91,7.38,7.15799204,2.62,0.27100001,,11.68,1.356113,
2019-04-10,26.190001,3.60465983,6.12,5.23,1.91122156,3.88,33.37001807,13.5435327,10.0249995,,18.59,4.75837036,3.5,14.65,,4.59,2.95110513,9.32221567,8.14833045,10.48,9.345,0.22380555,102.48,7.29,7.20599198,2.52,0.27100001,,11.62,1.341401,
2019-04-11,26.969999,3.63185341,6.18,5.25,1.92271763,3.9,33.45612976,13.55096679,10.005,,19.08,4.81370025,3.48,14.88,,4.59,2.89110536,9.33888121,8.06452642,10.56,9.36,0.22535706,103.49,7.26,7.24199194,2.52,0.27100001,,11.74,1.305053,
2019-04-14,27.41,3.61372436,6.17,5.37,1.91984361,3.85,33.6827359,13.71450087,10.005,,18.799999,4.7741789,3.63,14.77,,4.59,2.89777201,9.24443684,8.08386581,10.56,9.54,0.2280722,102.61,7.29,7.21199198,2.54,0.26600001,,11.78,1.248801,
2019-04-15,27.469999,3.54120815,6.17,5.32,1.91122156,3.88,33.6328821,13.58070013,10.0,,18.530001,4.78998744,3.66,14.73,,4.51,3.04221606,9.18888244,8.08386581,10.56,9.54,0.22535706,102.05,7.17,7.18199201,2.55,0.26600001,,11.7,1.232358,
2019-04-16,27.25,3.5261006,6.1,5.24,1.93133968,3.84,33.57849526,13.75910012,9.5,,18.49,4.75046609,3.61,14.6,,4.5,3.04443839,9.2277713,7.95493653,10.4,9.4125,0.2245813,102.01,7.15,7.16399203,2.57,0.26600001,,11.79,1.221973,
2019-04-17,26.91,3.46567043,6.1,5.18,1.90259951,3.7,33.53770797,13.74423346,9.8450005,,18.049999,4.66351912,3.51,14.36,,4.55,2.98110518,9.18332689,8.00650824,10.384,9.3975,0.21992677,101.25,7.02,7.14599205,2.54,0.26850001,,11.8,1.201203,
2019-04-18,26.76,3.38106819,6.09,5.08,1.8508672,3.64,33.24311909,13.7516668,9.99,,17.59,4.63190204,3.48,14.25,,4.58,2.91777197,9.21665964,8.05807995,10.32,9.1575,0.21643587,100.18,6.99,7.17599202,2.49,0.26850001,,11.7,1.204665,
2019-04-21,26.99,3.37502517,5.91,5.09,1.91122156,3.63,33.04370841,13.77396754,10.0,,17.52,4.60818924,3.47,14.43,,4.61,2.92443863,9.29443736,8.1934557,10.312,9.12,0.21682374,100.69,6.97,7.187992,2.51,0.26850001,,11.69,1.233224,
2019-04-22,26.530001,3.3508531,5.71,4.96,1.88248139,3.64,33.17060694,13.77396754,10.0,,17.32,4.57657216,3.47,14.24,,4.52,2.94443859,9.18332689,8.18700923,10.344,9.135,0.2175995,100.32,6.89,7.12199208,2.51,0.26850001,,11.6,1.257455,
2019-04-23,26.84,3.4203478,5.73,5.02,1.90834754,3.68,33.30656881,13.56583346,9.995,,17.299999,4.82950879,3.5,14.17,,4.5,2.98221629,9.03332645,8.18700923,10.344,9.2325,0.22070252,100.51,6.9,6.13199318,2.52,0.26850001,,11.51,1.242743,
2019-04-24,26.940001,3.36293914,5.63,5.0,1.87098532,3.63,33.32923078,13.55840013,9.995,,17.4,4.82160452,3.47,14.05,,4.47,2.90443855,8.89999321,8.05807995,10.344,8.9775,0.21798738,103.72,6.71,5.89799344,2.47,0.26850001,,11.27,1.197741,
2019-04-30,27.120001,3.41430478,5.61,4.99,1.9342137,3.6,33.78697608,13.72936604,10.0,,17.219999,4.82160452,3.49,14.1,,4.51,2.87777205,8.88888211,8.23213448,10.336,8.97,0.21876313,105.35,6.61,5.71199424,2.48,0.26850001,,11.4,1.231493,
2019-05-02,26.719999,3.49588552,5.56,4.99,1.92846566,3.6,34.61182241,13.50636679,10.0,,17.299999,4.76627463,3.43,14.12,,4.55,2.86443886,8.8333266,8.18700923,10.336,9.015,0.22031465,103.88,6.87,5.65199371,2.43,0.26850001,,11.35,1.260917,
2019-05-05,26.27,3.51401457,5.56,5.0,1.92846566,3.57,34.3625543,13.36513345,10.0,,17.0,4.70304047,3.46,14.14,,4.51,2.79777221,8.88888211,7.97427592,10.336,9.0,0.2210904,103.54,6.77,5.6639937,2.4,0.26850001,,11.5,1.263513,
2019-05-06,25.6,3.40826177,5.34,4.94,1.83649711,3.48,33.37001807,12.51773344,10.0,,16.34,4.62399777,3.36,13.65,,4.42,2.6844391,8.87221546,7.94849007,10.336,8.91,0.21953889,102.23,6.55,5.4839939,2.38,0.26650001,,11.37,1.249667,
2019-05-07,25.110001,3.3840897,5.13,4.73,1.78189078,3.37,33.14341194,12.02713344,10.0,,15.75,4.40267822,3.2,13.08,,4.34,2.5722171,8.78888219,7.72931029,10.336,8.64,0.21721162,101.27,6.28,5.50799387,2.35,0.26650001,,11.01,1.232358,
2019-05-08,25.57,3.36293914,5.0,4.68,1.74452855,3.36,34.22205941,12.17579936,10.0,,15.95,4.31573126,3.19,13.07,,4.34,2.57332821,8.81110439,7.66484565,10.32,8.3775,0.21488436,101.37,6.46,5.6579937,2.36,0.26650001,,11.0,1.234954,
2019-05-09,24.450001,3.29646595,4.61,4.44,1.65830803,3.14,33.91387506,12.01970011,10.0,,14.79,3.99956047,3.03,12.78,,4.2,2.47666185,8.6499934,7.58104162,10.0,7.8975,0.20247226,99.510002,6.21,5.54999383,2.31,0.26650001,,10.55,1.2263,
2019-05-12,25.059999,3.26322935,4.53,4.34,1.61519777,3.21,33.29297289,12.13863345,10.0,,14.9,3.97584766,3.12,12.68,,4.3,2.46666187,8.64443785,7.67773858,9.976,7.8975,0.200145,99.230003,6.44,5.49599389,2.35,0.26650001,,10.96,1.228031,
2019-05-13,24.9,3.27531539,4.6,4.44,1.61519777,3.37,33.26578152,12.04200085,10.0,,14.97,4.07860317,3.2,12.88,,4.3,2.53332818,8.69999337,7.73575676,9.976,8.4675,0.20286014,99.440002,6.46,5.60399377,2.4,0.26650001,,11.0,1.221973,
2019-05-14,25.17,3.314595,4.46,4.36,1.61519777,3.35,32.37748547,12.05686602,10.0,,14.76,3.96794339,3.12,12.81,,4.24,2.4722173,8.67777116,7.75509615,9.976,8.28,0.20053287,99.150002,6.39,5.62799374,2.38,0.26650001,,10.9,1.193414,
2019-05-15,25.950001,3.32668103,4.48,4.42,1.61519777,3.41,32.74911953,12.25756678,10.0,,14.59,3.98375193,3.11,13.06,,4.24,2.49999503,8.76110443,7.90981128,9.976,7.89,0.20479953,100.55,6.5,5.63399373,2.4,0.26650001,,10.85,1.199472,
2019-05-16,24.860001,3.37200366,4.32,4.25,1.58933161,3.28,32.42733927,12.13120011,10.0,,13.85,3.92842204,3.08,12.96,,4.07,2.51888388,8.72221557,7.8711325,9.976,7.6275,0.19975712,98.860001,6.32,5.50799387,2.37,0.26650001,,10.75,1.196876,
2019-05-19,24.4,3.4898425,4.16,4.2,1.5375993,3.35,31.98772292,11.95280011,10.005,,13.15,3.88099642,3.11,12.81,,4.03,2.4344396,8.64443785,7.81311432,9.008,7.4925,0.19936924,98.769997,6.25,5.5739938,2.38,0.26650001,,10.6,1.196876,
2019-05-20,24.360001,3.52005759,4.0,4.12,1.48874101,3.34,31.81549999,11.76696677,10.005,,12.25,3.80195373,3.05,12.76,,3.96,2.33777324,8.71666002,7.60682748,9.008,7.4925,0.19820561,97.43,6.1,5.60999376,2.35,0.26650001,,10.2,1.202934,
2019-05-21,24.09,3.50192853,3.87,4.04,1.48874101,3.29,31.49825276,11.7744001,10.005,,12.29,3.7308153,2.99,12.53,,3.87,2.19110664,8.68332671,7.57459516,9.2,7.065,0.19742985,97.040001,5.93,5.63999372,2.34,0.26650001,,10.47,1.204665,
2019-05-22,24.549999,3.51703608,4.14,4.02,1.5548434,3.34,31.95146503,11.95280011,10.0,,13.04,3.84147507,3.06,12.82,,4.0,2.27221781,8.66110451,7.60682748,9.2,6.87,0.20130863,99.290001,6.04,5.6639937,2.4,0.24000001,,10.5,1.208126,
2019-05-23,24.280001,3.59861681,4.37,3.98,1.5548434,3.36,31.57983097,12.01970011,10.0,,14.27,3.89680496,3.15,13.02,,4.0,2.3344398,8.87221546,7.59393455,9.2,6.87,0.20208438,98.18,6.19,5.60999376,2.42,0.24000001,,10.43,1.241878,
2019-05-26,24.48,3.60465983,4.57,4.0,1.60657572,3.39,31.65234312,12.10146752,10.0,,14.61,3.89680496,3.16,13.15,,4.0,2.345551,8.99443814,7.88402543,9.2,7.5375,0.20247226,97.550003,6.24,5.68199368,2.45,0.24000001,,10.5,1.275629,
2019-05-27,24.26,3.70739112,4.74,3.99,1.69279624,3.47,32.06930112,12.64410011,10.0,,14.57,4.03908182,3.21,13.62,,4.02,2.41332842,9.06110365,7.89691836,9.2,7.5225,0.21798738,97.0,6.36,5.75999359,2.5,0.24000001,,10.51,1.275629,
2019-05-28,24.110001,3.64091793,4.59,3.95,1.66405607,3.49,32.20979602,12.25756678,10.0,,14.49,4.30782699,3.2,13.5,,4.11,2.41555075,9.03332645,8.1032052,9.2,7.53,0.2210904,97.339996,6.39,5.79599355,2.5,0.23050001,,10.58,1.278225,
2019-05-29,24.83,3.58350927,4.82,3.94,1.73303248,3.55,32.30043712,11.8190001,10.0,,14.57,4.53705081,3.28,13.77,,4.43,2.41443964,8.97777093,7.92915068,8.912,7.5,0.22535706,96.980003,6.57,5.85599348,2.6,0.23050001,,10.84,1.280822,
2019-05-30,24.34,3.51703608,4.84,3.98,1.73303248,3.53,32.47719307,11.84130011,10.0,,14.24,4.41058249,3.22,13.53,,4.32,2.36666185,8.95554928,7.73575676,8.8,7.2675,0.22884796,96.080002,6.43,5.77799357,2.58,0.23050001,,10.84,1.249667,
2019-06-02,23.809999,3.47171345,4.63,3.83,1.66693008,3.4,32.49078854,11.54396676,10.0,,13.58,4.29992272,3.11,13.28,,4.2,2.27777325,8.88888211,7.73575676,8.8,7.185,0.22264191,96.0,6.47,5.71199424,2.49,0.22500001,,10.46,1.24707,
2019-06-03,24.059999,3.41430478,4.54,3.75,1.66693008,3.35,32.44999762,11.53653343,10.0,,13.5,4.27620991,3.08,13.21,,4.2,2.2222178,8.89443766,7.69063151,8.8,7.17,0.21798738,96.0,6.26,5.62799374,2.42,0.22400001,,10.27,1.229762,
2019-06-09,23.18,3.44451987,4.6,3.66,1.69567026,3.39,32.55876766,11.67776677,10.0,,13.49,4.34734833,3.13,13.51,,4.22,2.24444009,8.98888204,7.7099709,8.8,7.3425,0.21953889,96.010002,6.38,5.6579937,2.41,0.22400001,,10.22,1.230627,
2019-06-10,23.440001,3.50192853,4.71,3.78,1.65543401,3.5,32.45906413,11.90076677,10.0,,13.96,4.52124227,3.18,13.58,,4.25,2.32555093,9.09443807,7.7099709,8.8,7.3425,0.2245813,95.580002,6.41,5.92199341,2.45,0.23050001,,10.48,1.253994,
2019-06-11,23.940001,3.53516513,4.73,3.85,1.69567026,3.64,32.79897333,12.1832327,10.0,,15.04,4.57657216,3.23,14.09,,4.4,2.39110635,9.24443684,7.70352444,8.672,7.3425,0.22846008,97.970001,6.57,6.31199298,2.49,0.23050001,,10.88,1.253994,
2019-06-12,23.610001,3.5955953,4.63,3.8,1.72153641,3.69,33.43346779,12.16836752,10.0,,15.73,4.55285935,3.2,13.92,,4.31,2.42777295,9.2277713,7.68418505,8.432,7.41,0.22574494,95.809998,6.59,6.22199308,2.53,0.23050001,,10.68,1.246205,
2019-06-13,23.65,3.54725116,4.6,3.79,1.76177266,3.73,33.52864509,11.88590011,10.0,,15.51,4.513338,3.16,13.8,,4.18,2.50332846,9.14999247,7.68418505,8.4,7.26,0.22768433,95.449997,6.43,6.23999306,2.49,0.23050001,,10.5,1.241012,
2019-06-16,24.049999,3.53214362,4.53,3.79,1.77039471,3.73,33.53317494,11.88590011,10.0,,15.19,4.50543373,3.12,13.54,,4.22,2.54443938,9.2555485,7.66484565,8.256,7.2825,0.22613281,94.93,6.51,6.23399306,2.48,0.22550001,,10.68,1.237551,
2019-06-17,24.0,3.48379948,4.61,3.73,1.77326873,3.71,33.70992728,11.88590011,10.0,,15.42,4.71884901,3.15,13.54,,4.12,2.55999502,9.17777078,7.70352444,8.256,7.1775,0.2245813,94.029999,6.51,6.32399296,2.47,0.22550001,,10.71,1.233224,
2019-06-18,23.969999,3.54120815,4.61,3.81,1.72728445,3.71,33.89574612,11.7967001,9.75,,15.55,4.80579598,3.16,13.63,,4.12,2.58888363,9.16665968,7.47145173,8.4,7.155,0.2245813,93.970001,6.52,6.26399303,2.5,0.22550001,,10.75,1.216781,
2019-06-19,23.719999,3.49286401,4.56,3.77,1.72728445,3.7,34.07249845,11.67033343,9.5,,15.25,4.79789171,3.13,13.42,,4.17,2.55888391,9.16110413,7.47145173,8.4,7.38,0.22380555,93.0,6.46,6.2039931,2.45,0.22550001,,10.6,1.212453,
2019-06-20,23.5,3.50495004,4.53,3.71,1.66693008,3.7,33.91387506,11.58856676,9.5,,14.94,4.78998744,3.08,13.37,,4.21,2.51888388,9.0444381,7.3876477,8.4,7.245,0.22186616,93.0,6.39,6.24599305,2.43,0.22550001,,10.6,1.20553,
2019-06-23,23.68,3.5261006,4.53,3.58,1.63531589,3.7,33.69179833,11.38043344,9.5,,14.65,4.71094474,3.08,13.46,,4.12,2.46888387,9.14443692,7.36186185,8.4,7.0575,0.22225404,92.910004,6.33,6.36599292,2.39,0.23350001,,10.83,1.195145,
2019-06-24,24.58,3.48379948,4.53,3.46,1.69854427,3.68,33.800572,11.48450011,10.0,,14.59,4.73465755,3.06,13.39,,4.1,2.43221727,9.14443692,7.39409417,8.4,7.0575,0.21953889,92.25,6.3,6.31799297,2.38,0.24000001,,10.72,1.19428,
2019-06-25,24.219999,3.47775647,4.49,3.3,1.61807179,3.62,33.38361761,11.44733344,10.0,,14.17,4.66351912,3.0,13.48,,4.1,2.37666183,9.07777086,7.41343356,8.4,6.8175,0.2175995,92.400002,6.21,6.23999306,2.33,0.24000001,,10.48,1.191683,
2019-06-26,23.85,3.44754138,4.35,3.24,1.5548434,3.51,33.43346779,11.36556677,10.0,,13.95,4.56866789,3.05,13.48,,4.1,2.35221754,9.0444381,7.4778982,8.4,6.8175,0.21798738,91.959999,6.35,6.17999312,2.32,0.24000001,,10.38,1.183895,
2019-06-27,24.02,3.51703608,4.45,3.25,1.6209458,3.63,33.55130389,11.38786677,9.995,,14.77,4.64771058,3.13,13.72,,4.22,2.46888387,9.32777122,7.61972041,8.256,6.4275,0.23117523,92.0,6.64,6.2039931,2.36,0.24000001,,10.69,1.169182,
2019-07-02,24.1,3.53214362,4.5,3.24,1.68992222,3.84,33.44253385,11.47706678,10.045,,14.67,4.73465755,3.17,13.89,,4.24,2.58221708,9.49999276,7.76154261,8.256,6.36,0.24436308,91.669998,6.82,6.25799304,2.4,0.24000001,,10.83,1.159663,
2019-07-03,24.040001,3.49890703,4.53,3.19,1.70429231,3.89,33.27031455,11.48450011,10.0,,14.49,4.90064721,3.24,14.28,,4.22,2.61666135,9.84999249,7.54236284,8.2,6.2625,0.25755092,90.959999,6.93,6.19199311,2.41,0.24000001,,10.8,1.155336,
2019-07-04,24.01,3.48682099,4.53,3.16,1.72441043,3.89,33.2521856,11.46220011,10.0,,14.31,5.01921126,3.22,14.73,,4.22,2.5955505,9.92777076,7.54236284,8.152,6.315,0.26802363,90.419998,6.79,6.21599308,2.45,0.24000001,,10.8,1.147547,
2019-07-07,23.75,3.50797155,4.43,3.06,1.72441043,3.93,33.19326574,11.41016677,9.9049995,,13.75,4.91645575,3.12,14.53,,4.16,2.53110619,9.75554756,7.69707797,8.152,6.1725,0.26104183,89.949997,6.65,6.14999316,2.41,0.24000001,,10.68,1.105141,
2019-07-08,23.719999,3.47775647,4.42,2.99,1.62956786,3.95,33.44253385,11.7967001,9.9049995,,13.43,4.86903014,3.18,14.45,,4.07,2.49666159,9.61110323,7.75509615,8.144,6.1725,0.25599941,89.889999,6.58,6.12599318,2.37,0.24000001,,10.53,1.112065,
2019-07-09,23.75,3.47775647,4.45,3.06,1.60657572,3.97,33.29750592,11.87103344,9.9049995,,13.49,4.90064721,3.32,14.59,,4.14,2.53555051,9.65554764,7.77443554,8.08,6.315,0.26724787,92.559998,6.64,6.12599318,2.37,0.24000001,,10.69,1.106872,
2019-07-10,23.75,3.4898425,4.45,3.02,1.59795367,3.92,33.542241,11.73723344,9.9049995,,13.89,4.86903014,3.3,14.4,,4.19,2.52443931,9.76110367,7.6390598,8.0,6.2175,0.26918726,91.779999,6.81,6.09599322,2.39,0.24000001,,10.69,1.152739,
2019-07-11,24.07,3.47473496,4.38,2.9,1.56346546,3.83,33.58756178,11.52166678,9.9049995,,13.47,4.75837036,3.28,14.37,,4.21,2.49555048,9.65554764,7.42632649,8.0,5.8875,0.26065395,90.919998,6.64,6.13799317,2.33,0.24000001,,10.73,1.150143,
2019-07-14,23.209999,3.4203478,4.17,2.79,1.55771742,3.79,33.04370841,11.36556677,9.715,,13.07,4.71094474,3.16,14.26,,4.25,2.44999501,9.52221441,7.20714671,7.896,5.9175,0.26026607,88.919998,6.42,6.08999322,2.32,0.25550001,,10.62,1.1337,
2019-07-15,22.4,3.37804668,4.07,2.8,1.55771742,3.76,32.81256925,11.40273344,9.715,,12.73,4.54495508,3.11,13.98,,4.07,2.35443987,9.23332685,7.1530734,7.896,5.9175,0.25561153,85.160004,6.31,6.05999326,2.25,0.25550001,,10.38,1.131104,
2019-07-16,22.110001,3.32063802,4.11,2.81,1.56633947,3.83,32.44093519,11.42503344,9.67,,12.78,4.57657216,3.14,13.65,,4.13,2.41332842,9.13888248,6.75771348,7.68,5.9175,0.25367215,86.0,6.46,6.05399326,2.26,0.25450001,,10.45,1.128508,
2019-07-17,22.51,3.32365952,4.13,2.85,1.52897725,3.82,32.87148548,11.44733344,9.67,,13.01,4.58447643,3.15,13.91,,4.14,2.41888408,9.36110397,6.80164228,7.68,5.97,0.2579388,86.25,6.61,6.13199318,2.26,0.25450001,,10.49,1.114661,
2019-07-18,22.48,3.28437991,4.08,2.92,1.52897725,3.79,32.66754132,11.46963344,9.5,,12.65,4.5923807,3.14,14.05,,4.0,2.3488841,9.23888129,6.80896374,7.68,5.9175,0.25832668,84.779999,6.51,6.1139932,2.17,0.25450001,,10.45,1.118123,
2019-07-21,22.49,3.314595,4.09,2.95,1.52897725,3.81,32.69019967,11.43990011,9.505,,12.78,4.54495508,3.14,14.08,,3.84,2.35777298,9.23888129,6.81628521,7.76,5.9175,0.26298121,85.790001,6.59,6.11999319,2.19,0.25450001,,10.44,1.110334,
2019-07-22,22.950001,3.32365952,4.01,3.0,1.56633947,3.75,32.52704325,11.41016677,9.505,,12.55,4.49752946,3.13,13.99,,3.84,2.32999525,9.16665968,6.80896374,7.688,6.015,0.26026607,85.470001,6.4,6.08999322,2.17,0.25450001,,10.31,1.095622,
2019-07-24,23.110001,3.314595,4.03,3.14,1.54622135,3.78,32.85335654,11.44733344,9.49,,12.76,4.49752946,3.17,14.04,,3.86,2.35221754,9.2277713,6.88949988,7.688,6.2025,0.25987819,82.0,6.43,6.07199324,2.17,0.25450001,,10.34,1.099083,
2019-07-25,23.08,3.27833689,4.01,3.21,1.49161502,3.7,32.76724847,11.44733344,9.49,,12.84,4.4342953,3.19,14.0,,3.8,2.29555099,9.23332685,7.31414493,7.84,6.24,0.25406002,88.080002,6.5,6.14399316,2.09,0.25450001,,10.25,1.085237,
2019-07-28,22.92,3.28437991,3.9,3.21,1.49161502,3.63,32.58596311,11.44733344,9.5,,12.44,4.31573126,3.18,14.01,,3.78,2.32888414,9.19443688,7.74611144,7.84,6.18,0.25134488,90.599998,6.64,6.06599325,2.06,0.25450001,,10.0,1.065332,
2019-07-29,22.799999,3.23603577,3.88,3.17,1.49161502,3.66,32.1146219,11.44733344,9.5,,12.14,4.26040137,3.15,13.96,,3.76,2.457773,9.32221567,7.76075438,7.84,6.045,0.25056912,89.82,6.59,6.09599322,2.06,0.25450001,,10.03,1.064467,
2019-07-30,22.0,3.22999276,3.86,3.06,1.5375993,3.55,32.20979602,11.46963344,9.5,,12.22,4.26830564,3.1,13.97,,3.76,2.44777302,9.23888129,7.68753971,7.84,6.045,0.24630247,88.900002,6.45,6.07199324,2.04,0.25450001,,10.0,1.057543,
2019-07-31,21.690001,3.20884219,3.75,3.02,1.51460716,3.33,32.27777832,11.75953344,9.495,,11.84,4.22878429,3.1,14.02,,3.69,2.45332845,9.21665964,7.54843185,8.016,5.88,0.23582976,89.940002,6.46,6.10199321,2.02,0.25450001,,9.99,1.056678,
2019-08-01,21.35,3.17862711,3.65,3.05,1.54622135,3.01,32.78990682,11.67776677,9.5,,11.54,4.0706989,3.11,14.0,,3.67,2.52888386,9.16110413,7.50450305,8.0,5.7225,0.23117523,88.5,6.36,6.11999319,1.97,0.25450001,,9.96,1.06014,
2019-08-04,21.1,3.4535844,3.72,3.17,1.56633947,2.75,33.09809162,11.74466677,9.5,,11.59,4.13393305,3.14,14.05,,3.58,2.55666158,9.18888244,7.56307478,7.84,5.7,0.23776915,92.940002,6.39,6.18599312,2.04,0.25450001,,10.46,1.069659,
2019-08-05,20.950001,3.60163832,3.72,3.19,1.52322921,2.53,33.52864509,11.60343343,9.5,,11.92,4.11812451,3.21,14.19,,3.57,2.56555045,9.39443728,7.40932399,7.84,5.67,0.24669034,94.0,6.74,6.39599288,2.08,0.25450001,,10.53,1.067928,
2019-08-06,20.73,3.43847685,3.65,3.2,1.43126066,2.35,33.35188913,11.60343343,9.4849995,,11.68,4.04698609,3.15,14.1,,3.69,2.58555041,9.50554886,7.49718159,7.84,5.67,0.25134488,93.940002,6.84,6.45599282,2.06,0.23500001,,10.71,1.073121,
2019-08-07,20.709999,3.39919724,3.73,3.21,1.40826852,2.37,33.3428267,11.60343343,9.5,,11.63,4.10231597,3.16,14.22,,3.61,2.59888361,9.62777044,7.74611144,7.84,5.7225,0.24591459,92.540001,6.63,6.50999276,2.05,0.23500001,,10.8,1.093026,
2019-08-08,20.719999,3.42941233,3.82,3.28,1.43700869,2.42,33.56943283,12.03456751,9.5,,11.95,4.20507148,3.22,14.29,1.46528173,3.67,2.62888366,9.7055476,7.68753971,7.84,5.8575,0.25832668,95.949997,6.77,6.5579927,2.11,0.23500001,,10.97,1.141489,
2019-08-14,20.98,3.50495004,4.03,3.39,1.46287485,2.54,33.96372841,12.25756678,9.5,,12.48,4.3552526,3.3,14.54,1.9234658,3.82,2.6966613,9.96665962,7.65825385,7.84,5.85,0.26453273,98.730003,7.01,6.63599262,2.25,0.22650001,,11.06,1.178702,
2019-08-15,22.17,3.62278888,4.28,3.46,1.51460716,2.64,34.80217066,12.26500012,9.25,,13.25,4.54495508,3.42,14.55,2.00965885,3.84,2.83666113,10.27221439,7.58503918,7.84,6.255,0.26802363,100.33,7.26,6.88199234,2.34,0.21950001,,11.71,1.170913,
2019-08-18,21.74,3.54422966,4.21,3.43,1.50023707,2.59,34.20393046,11.69263343,9.45,,13.23,4.64771058,3.36,14.0,1.96883056,3.82,2.76443883,10.41665872,7.42396692,8.0,6.0675,0.26104183,96.660004,7.03,6.7439925,2.3,0.22300001,,11.51,1.167452,
2019-08-19,21.6,3.52912211,4.27,3.44,1.50023707,2.62,34.43959948,11.87846677,9.12,,13.68,4.74256182,3.33,14.1,1.99151294,3.83,2.847772,10.50554755,7.38003812,8.0,6.1425,0.26453273,95.650002,7.02,6.76199248,2.34,0.22300001,,11.43,1.16399,
2019-08-20,21.639999,3.53214362,4.27,3.41,1.4714969,2.62,34.34442536,11.61086676,9.12,,13.71,4.71094474,3.34,13.37,1.99151294,3.93,2.91666086,10.32221435,7.29218053,8.024,6.36,0.26918726,94.940002,7.07,6.68999256,2.39,0.22700001,,11.26,1.146682,
2019-08-21,21.98,3.5955953,4.53,3.45,1.52610323,2.73,34.39427871,11.64803343,9.8450005,,14.03,4.80579598,3.34,13.45,1.98697647,4.21,2.9711052,10.30554714,7.34343079,8.024,6.3075,0.27306604,95.839996,7.23,6.70199254,2.46,0.22050001,,11.42,1.144951,
2019-08-22,22.43,3.57142323,4.6,3.39,1.61232375,2.79,34.1948644,11.52166678,9.045,,13.72,4.78208317,3.2,13.45,2.03460946,4.35,2.96666088,10.32221435,7.50450305,8.024,6.195,0.27810845,94.879997,7.16,6.77999246,2.43,0.22050001,,11.18,1.131104,
2019-08-25,22.33,3.71041263,4.56,3.38,1.61519777,2.8,34.11781923,11.45476678,9.2200005,,13.72,4.7741789,3.16,13.47,2.01419532,4.29,2.99221627,10.2999927,7.52646745,8.024,6.18,0.28198723,94.019997,7.08,6.79799244,2.45,0.22050001,,11.22,1.115526,
2019-08-26,22.370001,3.58350927,4.48,3.32,1.59795367,2.79,34.50304875,11.41016677,8.9750005,,13.59,4.83741306,3.1,13.48,1.98924493,4.2,2.97888285,10.13888116,7.49718159,8.0,6.075,0.28315087,94.489998,6.9,6.79799244,2.42,0.22050001,,11.15,1.116392,
2019-08-27,22.15,3.76479979,4.41,3.22,1.55196939,2.73,34.40787462,11.2615001,9.0299995,,13.44,4.82160452,3.1,13.42,1.98243999,4.17,3.04999404,10.22221443,7.54111038,8.0,5.97,0.27810845,93.230003,6.88,6.91199231,2.34,0.22050001,,11.2,1.123315,
2019-08-28,21.940001,3.86753108,4.36,3.23,1.60657572,2.72,34.27191321,11.25406677,8.8450005,,13.35,4.71094474,3.13,13.52,2.04141418,4.09,3.06221602,10.29443715,7.51914598,7.992,5.9475,0.2808236,93.720001,7.05,6.85799237,2.36,0.22050001,,11.21,1.131104,
2019-08-29,22.0,4.06392915,4.42,3.28,1.59507965,2.72,35.42760223,11.48450011,8.9750005,,13.57,4.71884901,3.17,13.47,2.14121665,4.04,3.17110491,10.69999184,7.46789572,8.0,5.9325,0.28159935,93.949997,7.14,6.84599238,2.39,0.22050001,,11.32,1.160528,
2019-09-01,21.809999,4.1183163,4.42,3.21,1.59507965,2.69,36.3385598,11.39530011,8.9750005,,13.67,4.75837036,3.2,13.47,2.24555559,4.26,3.18110467,11.09999154,7.50450305,8.0,5.9925,0.27927209,91.970001,7.25,6.85799237,2.38,0.22050001,,11.57,1.209857,
2019-09-02,22.35,4.20594005,4.45,3.28,1.56633947,2.68,36.71925675,11.39530011,8.76,,13.94,4.80579598,3.15,13.49,2.23194617,4.32,3.20888239,11.22776866,7.50450305,7.848,6.1875,0.27694482,92.419998,7.19,6.9179923,2.36,0.21750001,,11.66,1.218511,
2019-09-03,22.67,4.12133781,4.49,3.44,1.56921349,2.67,37.28577209,11.7075001,8.76,,13.82,4.75046609,3.13,13.41,2.26596974,4.57,3.20443807,11.19999146,7.62164651,7.584,6.315,0.27616906,100.47,7.33,6.94199228,2.34,0.21750001,,11.48,1.255724,
2019-09-04,22.9,4.15759591,4.61,3.46,1.54622135,2.69,36.95039591,11.35813344,8.76,,13.67,4.73465755,3.11,13.18,2.26823797,4.63,3.16110493,11.10554709,7.62164651,7.336,6.4275,0.27422967,100.73,7.2,6.9179923,2.32,0.21750001,,11.4,1.254859,
2019-09-05,22.610001,4.11529479,4.59,3.59,1.54334734,2.71,36.40200952,11.42503344,8.5,,14.21,4.68723193,3.1,12.96,2.30679802,4.48,3.12999377,10.89999224,7.48253865,7.032,6.495,0.27345392,102.9,7.23,6.88199234,2.34,0.21750001,,11.05,1.24707,
2019-09-08,22.68,4.11227328,4.57,3.67,1.55196939,2.72,36.87788376,11.5291001,8.7,,14.8,4.67932766,3.1,12.96,2.32267569,4.41,3.10666037,10.96110275,7.86325491,7.0,6.7275,0.27694482,102.78,7.52,6.7379925,2.36,0.21750001,,11.07,1.253128,
2019-09-09,23.299999,4.11227328,4.57,3.62,1.58358358,2.74,36.90507514,11.56626676,8.7,,14.95,4.73465755,3.14,12.87,2.3294804,4.3,3.08221609,10.98332496,7.92182664,7.0,6.795,0.27927209,103.61,7.66,6.71999252,2.35,0.22500001,,11.01,1.249667,
2019-09-10,23.24,4.10018725,4.61,3.56,1.54622135,2.72,36.87335073,11.52166678,8.5950005,,14.47,4.78208317,3.11,12.83,2.2818474,4.18,3.01999399,10.92776945,7.76807584,7.04,6.5925,0.27578119,104.98,7.66,6.72599252,2.32,0.22050001,,11.03,1.251397,
2019-09-11,23.059999,4.22709061,4.63,3.52,1.53185127,2.7,36.69206492,11.58856676,8.135,,14.56,4.75046609,3.14,12.9,2.26823797,4.22,3.03554952,11.08887988,7.70950411,7.208,6.6825,0.27694482,109.04,7.66,6.71999252,2.35,0.22050001,,11.25,1.260052,
2019-09-12,23.0,4.37212303,4.53,3.53,1.55196939,2.67,36.83255982,11.85616677,8.215,,14.51,4.72675328,3.15,12.87,2.2637015,4.16,3.01110512,11.07776989,7.61432505,7.744,6.84,0.2773327,107.22,7.67,6.6479926,2.38,0.22100001,,11.23,1.271302,
2019-09-15,22.74,4.42046717,4.49,3.52,1.54047332,2.71,37.24498434,12.22040085,8.675,,14.51,4.82160452,3.16,12.93,2.18431317,4.14,3.02221632,10.9499911,7.51914598,7.84,6.9225,0.27810845,105.67,7.69,6.67799257,2.4,0.22100001,,11.15,1.297265,
2019-09-16,22.459999,4.18478949,4.46,3.5,1.53472528,2.69,37.12261884,12.34676752,8.675,,14.45,4.8532216,3.13,12.72,2.18431317,4.03,2.96777176,10.88888059,7.51182452,7.656,6.585,0.27461755,106.92,7.82,6.54599272,2.38,0.22100001,,10.99,1.286014,
2019-09-17,22.549999,4.09716574,4.51,3.42,1.57208751,2.67,37.04557004,12.65153345,8.675,,14.0,4.75837036,3.14,12.51,2.18204493,4.01,2.94777202,10.79443621,7.57039625,7.84,6.555,0.27073877,107.81,7.64,6.38999289,2.33,0.21550001,,10.79,1.280822,
2019-09-18,22.299999,3.99443445,4.35,3.33,1.51173314,2.51,36.74645175,12.65153345,7.87,,13.34,4.56076362,3.06,12.73,2.11626603,3.83,2.85777198,10.7666579,7.61432505,7.728,6.315,0.25599941,104.52,7.51,6.07199324,2.2,0.21300001,,10.57,1.255724,
2019-09-19,22.23,3.9098322,4.21,3.24,1.46000083,2.46,36.92320408,12.86709937,8.38,,13.09,4.44219957,3.03,12.62,2.15255784,3.74,2.82443883,10.66665909,7.57771772,7.44,6.225,0.24940549,105.71,7.58,6.1979931,2.13,0.21300001,,10.65,1.260052,
2019-09-22,21.74,3.92191824,4.29,3.23,1.49448904,2.48,36.43826741,13.01576678,8.38,,13.36,4.48172092,3.02,12.77,2.20926379,3.86,2.92443863,10.74443625,7.48253865,7.256,6.5325,0.250957,106.57,7.51,6.24599305,2.18,0.21300001,,10.93,1.261782,
2019-09-23,20.02,3.6288319,3.89,2.92,1.37090629,2.28,35.21912504,12.45826677,8.38,,12.26,4.0944117,2.82,12.23,2.03234123,3.57,2.67443912,9.94443686,7.1018224,6.552,5.9175,0.22846008,100.19,6.88,6.07799324,2.01,0.20000001,,10.25,1.171779,
2019-09-24,19.870001,3.68019755,3.79,2.95,1.27893774,2.16,34.35349142,12.94143346,8.38,,11.75,3.85728361,2.87,11.73,2.03914594,3.52,2.64443907,10.14443671,7.04325067,6.8,5.625,0.21178133,97.419998,6.55,5.96399336,1.89,0.20000001,,9.98,1.141489,
2019-09-25,19.309999,3.5955953,3.75,2.85,1.16685106,2.0,32.56783417,12.02713344,8.38,,10.99,3.62805979,2.8,11.38,1.91212461,3.29,2.50666157,9.73332591,7.00664334,6.528,5.55,0.20130863,98.620003,6.13,5.91599342,1.8,0.20000001,,9.62,1.131104,
2019-09-26,19.629999,3.69530509,3.86,3.01,1.18696918,2.02,33.69179833,12.59206752,8.4750005,,11.21,3.76243238,2.87,11.49,2.00739061,3.41,2.5977725,10.02221514,7.13110827,6.76,5.7525,0.20635104,100.08,6.29,6.19199311,1.91,0.20000001,,9.96,1.160528,
2019-09-29,19.610001,3.78292884,3.91,3.03,1.21570935,2.05,34.81576657,12.52516678,8.4750005,,11.38,3.77033665,2.93,11.7,2.03914594,3.52,2.62332823,10.26110273,7.1677156,6.76,5.9325,0.21022982,99.610001,6.43,6.33599295,2.0,0.20750001,,10.05,1.190818,
2019-09-30,20.870001,3.87961712,4.15,3.18,1.27893774,2.33,35.69952914,12.63666678,8.4750005,,12.02,4.04698609,3.03,12.01,2.11853427,3.72,2.76999449,10.77221345,7.38735959,6.76,6.2775,0.22380555,103.42,6.72,6.35999292,2.14,0.20750001,,10.41,1.223704,
2019-10-01,20.75,3.84335901,4.22,3.3,1.27606372,2.45,35.15114275,12.64410011,8.495,,11.97,4.11812451,3.04,11.99,2.10946132,3.7,2.77666114,10.79443621,7.30682346,7.0,6.3825,0.22380555,104.51,6.71,6.25799304,2.13,0.20750001,,10.3,1.220242,
2019-10-02,20.91,3.94609031,4.27,3.5,1.31055193,2.52,36.1164867,12.53260086,8.495,,12.34,4.18926294,3.07,11.99,2.09585189,3.83,2.84888311,10.86665783,7.33610933,7.144,6.645,0.22535706,107.36,6.72,6.25199304,2.15,0.20750001,,10.48,1.23582,
2019-10-03,20.5,3.94004729,4.15,3.47,1.30192988,2.5,36.20259476,12.30216603,7.8,,12.02,4.11022024,3.01,11.76,2.05729184,3.79,2.92666084,10.66665909,7.33610933,6.952,6.3825,0.21992677,105.09,6.65,6.16799314,2.1,0.20750001,,10.34,1.228896,
2019-10-07,21.17,3.8403375,4.18,3.64,1.31342594,2.49,35.77204446,12.25013345,7.8,,12.86,4.23668856,3.1,11.73,2.09131541,3.59,2.91888308,10.3277699,7.30682346,6.88,6.5325,0.21876313,103.59,6.69,6.07199324,2.07,0.20750001,,9.97,1.21505,
2019-10-08,22.59,3.88566013,4.33,3.65,1.32779603,2.53,36.26604448,12.27243344,7.8,,13.23,4.2524971,3.15,11.92,2.08224246,3.51,2.98554973,10.32221435,7.40200252,6.8,6.4275,0.22729645,102.98,6.75,6.21599308,2.1,0.20750001,,10.12,1.231493,
2019-10-09,23.040001,3.77688582,4.3,3.45,1.29043381,2.48,36.18446582,12.21296678,7.8,,12.68,4.29992272,3.16,11.81,2.09131541,3.33,3.01332745,10.17221391,7.39468106,6.792,6.3525,0.23272674,102.43,6.61,6.27599302,2.06,0.20750001,,9.89,1.234954,
2019-10-10,22.610001,3.74667074,4.26,3.39,1.2731897,2.43,35.81283221,11.9379327,7.85,,12.27,4.23668856,3.08,11.74,2.04141418,3.44,2.96443855,10.04999234,7.35075226,6.792,6.24,0.22923584,101.88,6.53,6.17999312,2.03,0.20750001,,9.88,1.216781,
2019-10-13,22.76,3.78595035,4.31,3.47,1.27031568,2.44,36.21166127,12.04200085,7.855,,12.37,4.23668856,3.08,11.81,2.03914594,3.5,3.04221606,10.03332513,7.35075226,6.808,6.39,0.23039947,100.9,6.61,6.22799307,2.02,0.20750001,,9.99,1.215915,
2019-10-14,22.51,3.75875677,4.29,3.53,1.27606372,2.41,35.89894345,12.01226678,7.855,,12.57,4.18926294,3.1,11.65,2.02553651,3.49,3.03888284,10.01665958,7.39468106,6.88,6.285,0.22768433,100.59,6.52,6.21599308,2.01,0.20750001,,9.87,1.218511,
2019-10-15,22.34,3.77084281,4.31,3.57,1.26456765,2.42,35.90347648,11.96023344,7.855,,12.17,4.13393305,3.03,11.47,2.01419532,3.45,3.00999401,10.06665955,7.39468106,6.712,6.1875,0.22574494,100.71,6.47,6.1979931,2.02,0.20750001,,9.69,1.214184,
2019-10-16,22.02,3.69530509,4.35,3.52,1.23582748,2.37,35.75391552,11.86360011,7.5,,12.0,4.04698609,2.99,11.23,1.98470823,3.37,2.9566609,9.93888076,7.2116444,6.68,6.165,0.22070252,99.099998,6.31,6.22799307,1.98,0.20250001,,9.67,1.190818,
2019-10-17,22.290001,3.73156319,4.44,3.51,1.26744167,2.44,36.04397137,11.81156677,7.98,,12.23,4.14183732,3.03,11.21,2.0368777,3.45,3.0344383,9.99443682,7.20432293,6.656,6.21,0.22690857,99.989998,6.63,6.1979931,2.03,0.20250001,,9.93,1.195145,
2019-10-20,22.280001,3.78595035,4.41,3.5,1.25881961,2.48,35.75391552,11.56626676,8.0,,12.27,4.13393305,3.04,11.2,2.01419532,3.58,3.08554942,9.98888127,7.18235853,6.52,6.2175,0.23001159,100.96,6.8,6.2039931,2.09,0.20250001,,10.06,1.197741,
2019-10-21,22.09,3.79199337,4.4,3.5,1.26744167,2.5,36.14821155,11.47706678,8.0,,12.23,4.11812451,3.03,11.22,2.00965885,3.58,3.04888293,9.94999241,7.1457512,6.52,6.2175,0.22846008,101.07,6.85,6.22199308,2.07,0.21750001,,9.85,1.212453,
2019-10-22,22.08,3.81314393,4.4,3.51,1.26744167,2.45,35.9306683,11.39530011,8.0,,12.2,4.0944117,3.0,11.17,1.98697647,3.51,3.04666061,9.88332635,7.2116444,6.64,6.1275,0.22923584,102.05,6.71,6.08999322,2.06,0.21750001,,9.92,1.191683,
2019-10-23,21.049999,3.86450957,4.1,3.5,1.27031568,2.45,36.1164867,11.35813344,8.0,,12.39,4.10231597,3.01,11.11,2.00739061,3.53,3.04999404,9.8722147,7.2116444,6.648,6.0825,0.23350249,100.33,6.76,6.15599315,2.06,0.23200001,,9.97,1.187356,
2019-10-24,21.059999,3.837316,4.04,3.5,1.25881961,2.37,35.9986506,11.56626676,8.0,,12.21,4.03117755,2.96,11.0,2.01646356,3.42,3.0088829,9.905548,7.30682346,6.648,6.045,0.22846008,99.849998,6.59,6.0239933,2.02,0.23200001,,9.81,1.183895,
2019-10-27,21.209999,3.87659561,4.04,3.51,1.31055193,2.44,35.92160542,11.92306751,7.75,,12.2,4.06279463,3.0,10.99,2.01192708,3.46,3.03110519,10.01110348,7.35807372,6.704,6.0975,0.23544188,100.3,6.68,6.07199324,2.05,0.23200001,,9.91,1.183895,
2019-10-28,21.1,3.90378919,4.05,3.49,1.33641808,2.46,35.88534753,12.01970011,7.75,,12.32,4.0944117,3.0,11.0,1.99831766,3.43,3.04332717,10.16110392,7.37271666,6.632,6.0675,0.24242369,100.01,6.8,6.07799324,2.09,0.23200001,,9.9,1.185625,
2019-10-29,21.200001,3.87961712,4.06,3.5,1.31055193,2.46,36.09382472,11.88590011,7.76,,12.33,4.16555013,3.0,11.11,1.98243999,3.5,3.04999404,10.13332561,7.1530734,6.704,6.1725,0.24203581,100.51,6.95,6.12599318,2.11,0.23200001,,10.0,1.185625,
2019-10-30,21.549999,3.89472466,4.24,3.52,1.35366219,2.52,36.60595368,11.87846677,7.75,,12.39,4.29201845,3.03,11.18,1.97336704,3.61,3.06666057,10.26665884,7.18968,6.72,6.1575,0.24281156,104.49,7.01,6.17999312,2.12,0.23200001,,10.04,1.192549,
2019-10-31,21.700001,3.86148806,4.36,3.61,1.43126066,2.58,36.4790547,11.96023344,7.75,,13.25,4.3315398,3.08,11.26,1.94841642,3.68,3.02332721,10.2999927,7.10914387,6.704,6.1125,0.23932066,106.04,7.04,6.20999309,2.11,0.23200001,,9.94,1.192549,
2019-11-03,22.16,3.87961712,4.48,3.65,1.4542528,2.57,36.71019386,11.96766678,7.75,,13.59,4.36315687,3.06,11.53,1.98697647,3.7,2.98666061,10.4833259,7.10914387,6.8,6.2625,0.24358732,104.99,6.99,6.22799307,2.13,0.24750001,,9.95,1.202068,
2019-11-04,22.67,3.91285371,4.72,3.83,1.46287485,2.58,36.68300203,11.96766678,7.75,,13.39,4.5923807,3.03,11.62,1.95522113,3.63,3.02110521,10.7666579,7.16039413,6.768,6.3975,0.24552671,104.0,7.05,6.34199294,2.13,0.24750001,,9.94,1.19428,
2019-11-05,22.49,3.98234841,4.55,3.84,1.43988271,2.55,37.09995687,11.94536677,7.75,,13.91,4.71884901,2.99,11.45,1.95068466,3.68,2.96554977,10.70554739,7.32878786,6.8,6.315,0.24087217,108.0,7.03,6.41999286,2.09,0.24750001,,9.81,1.189953,
2019-11-06,23.219999,4.02464953,4.59,3.9,1.41114254,2.51,38.11061796,11.83386677,7.5,,13.81,4.64771058,2.96,11.41,1.99151294,3.79,2.97554975,10.7499918,7.38003812,6.824,6.2475,0.23854491,106.5,7.03,6.39599288,2.09,0.24750001,,9.75,1.210723,
2019-11-07,24.040001,3.98234841,4.79,3.95,1.3881504,2.47,38.06076779,11.69263343,7.575,,14.09,4.66351912,2.94,11.33,1.99831766,3.66,2.99999403,10.52221475,7.13110827,6.824,6.2025,0.23776915,106.68,6.92,6.32399296,2.06,0.24750001,,9.42,1.221108,
2019-11-11,24.120001,4.10018725,4.89,3.97,1.37665433,2.46,38.14234645,11.73723344,7.59,,14.14,4.60028497,2.94,11.6,1.97336704,3.65,2.97332742,10.62776912,7.13110827,6.88,6.18,0.23738127,105.6,6.92,6.40199288,2.06,0.24750001,,9.53,1.244474,
2019-11-12,23.76,4.1183163,4.68,3.96,1.39389843,2.5,37.98371943,11.89333344,7.59,,13.98,4.53705081,2.94,11.59,1.97336704,3.71,2.95110513,10.5444364,7.10914387,6.888,6.15,0.23854491,103.33,6.82,6.55199271,2.08,0.24150001,,9.49,1.252263,
2019-11-13,23.32,4.06997216,4.58,3.9,1.37665433,2.5,37.82962862,11.29866677,7.59,,13.29,4.47381665,2.93,11.45,1.96883056,3.7,2.93666082,10.56665861,7.1018224,6.968,6.0225,0.24009642,103.62,6.9,6.44999282,2.14,0.24800001,,9.47,1.244474,
2019-11-14,23.280001,4.04277858,4.52,3.99,1.38240236,2.53,37.58036051,11.2615001,7.5,,13.19,4.42639103,2.9,11.37,1.95068466,3.79,2.90999432,10.46110313,6.97003674,7.088,6.0375,0.23854491,103.8,6.95,6.4679928,2.14,0.25400001,,9.39,1.243609,
2019-11-17,23.049999,4.02464953,4.34,3.99,1.35653621,2.51,37.34469195,11.29866677,7.75,,13.14,4.33944407,2.9,11.12,1.97563528,3.89,2.9199943,10.39999151,7.1018224,7.28,6.0,0.23932066,104.35,6.96,6.40799287,2.14,0.25400001,,9.39,1.234089,
2019-11-18,22.870001,4.06392915,4.2,3.9,1.33354407,2.49,37.64834326,11.23176677,7.76,,13.08,4.31573126,2.93,11.01,1.95522113,3.89,2.94110515,10.38888152,7.08717947,7.28,5.925,0.23776915,103.16,6.89,6.46199281,2.12,0.26750001,,9.35,1.245339,
2019-11-19,22.49,4.06997216,4.14,3.85,1.29905586,2.43,37.2767092,11.16486677,7.76,,12.8,4.26040137,2.88,10.84,1.97336704,3.74,2.9199943,10.21665832,7.09450093,7.2,5.8875,0.23039947,102.49,6.75,6.40799287,2.07,0.26650001,,9.11,1.241878,
2019-11-20,22.309999,4.00047746,4.15,3.99,1.29905586,2.44,37.1588731,11.1500001,7.785,,12.54,4.23668856,2.82,10.6,1.96883056,3.71,2.89110536,10.05554789,7.1018224,7.2,5.805,0.22884796,102.42,6.67,6.40799287,2.06,0.26300001,,9.13,1.238416,
2019-11-21,22.17,3.98536992,4.2,3.95,1.29330782,2.41,36.77817661,11.1500001,7.785,,12.55,4.37106114,2.85,10.5,1.95068466,3.7,2.83777224,9.99443682,7.10914387,7.056,5.73,0.22846008,103.57,6.69,6.39599288,2.06,0.26700001,,9.12,1.234954,
2019-11-24,21.75,3.95213332,4.23,4.0,1.29618184,2.39,35.9986506,11.25406677,7.785,,12.53,4.26830564,2.79,10.59,1.92800228,3.65,2.81110541,10.07776954,7.1018224,7.0,5.7375,0.22496918,103.89,6.61,6.31799297,2.06,0.26300001,,9.21,1.223704,
2019-11-25,21.469999,3.91285371,4.26,3.96,1.27031568,2.4,35.76751143,11.34326677,7.5,,12.18,4.28411418,2.79,10.54,1.93253898,3.62,2.79110567,10.06665955,7.1018224,7.136,5.625,0.2245813,101.25,6.54,6.29999299,2.06,0.25200001,,9.24,1.225435,
2019-11-26,21.51,3.87659561,4.19,3.89,1.31917398,2.39,35.53184287,11.35813344,7.5,,12.12,4.28411418,2.78,10.46,1.92573404,3.7,2.77110571,10.01665958,6.99932187,6.96,5.7,0.2245813,103.0,6.49,6.293993,2.05,0.25200001,,9.03,1.210723,
2019-11-27,21.49,3.83127298,4.0,3.93,1.25307158,2.34,35.15114275,11.22433344,7.245,,12.02,4.22088002,2.81,10.37,1.91666109,3.61,2.6966613,9.73888202,6.99932187,6.92,5.5425,0.22419343,102.42,6.46,6.24599305,2.02,0.25200001,0.09534713,8.86,1.160528,
2019-11-28,21.33,3.74969224,3.87,3.92,1.16110302,2.33,35.2281911,11.1500001,7.0,,12.19,4.24459283,2.77,10.38,1.90305166,3.69,2.65555027,9.73332591,7.1018224,6.768,5.49,0.22419343,100.85,6.54,6.24599305,2.01,0.25200001,0.09534713,8.84,1.168317,
2019-12-01,21.950001,3.7678213,3.9,3.95,1.08637857,2.3,35.71312823,11.1277001,7.365,,12.29,4.33944407,2.92,10.46,1.92573404,3.63,2.68888365,9.78888198,7.02128627,6.8,5.7525,0.22380555,101.34,6.65,6.23399306,2.01,0.25200001,0.09534713,8.83,1.170048,
2019-12-02,21.91,3.75271375,3.88,3.91,1.02889822,2.2,35.71765808,11.15743343,7.365,,13.08,4.3552526,2.82,10.35,1.88944223,3.64,2.73221679,9.6777704,6.96271454,6.8,5.6325,0.21992677,99.980003,6.47,6.17999312,1.95,0.25200001,0.09534713,8.74,1.168317,
2019-12-03,20.98,3.61976737,3.69,3.88,0.98578796,2.09,35.62701699,10.91213343,7.365,,13.18,4.14974159,2.73,10.21,1.83273628,3.58,2.66332792,9.35554842,6.74307055,6.456,5.49,0.21566011,98.089996,6.27,6.14399316,1.87,0.25200001,0.09534713,8.44,1.169182,
2019-12-04,21.15,3.64091793,3.68,3.92,0.95704779,2.14,35.39134434,10.81550009,6.915,,12.89,4.12602878,2.73,10.22,1.81912708,3.67,2.69888363,9.33332566,6.80896374,6.528,5.52,0.2141086,98.150002,6.15,6.08999322,1.91,0.25200001,0.09534713,8.31,1.169182,
2019-12-05,21.58,3.74969224,3.8,4.06,0.96854386,2.24,35.57716319,10.95673343,6.9,,13.87,4.30782699,2.73,10.39,1.9053199,3.79,2.70666139,9.44443724,6.86021401,6.72,5.7,0.22070252,99.029999,6.31,6.2039931,1.94,0.25200001,0.09534713,8.53,1.178702,
2019-12-08,21.5,3.65904698,3.85,4.1,0.94555172,2.21,35.56356727,10.98646676,7.0,,13.51,4.3315398,2.71,10.44,1.93253898,3.72,2.67888367,9.43888169,6.81628521,6.784,5.5725,0.21953889,100.54,6.27,6.20999309,1.93,0.24000001,0.09534713,8.51,1.177837,
2019-12-09,21.51,3.61976737,3.78,4.08,0.89094539,2.16,35.1330138,11.12026677,6.955,,13.43,4.26040137,2.7,10.41,1.93253898,3.7,2.64221708,9.26110405,6.81628521,6.8,5.52,0.21876313,100.54,6.33,6.2039931,1.912,0.24000001,1.77727051,8.41,1.176971,
2019-12-10,21.48,3.61674586,3.71,4.02,0.8593312,2.16,35.08316363,11.09053343,6.955,,13.23,4.23668856,2.69,10.39,1.87129633,3.7,2.6355502,9.038882,6.82360668,6.8,5.43,0.21682374,99.019997,6.26,6.14999316,1.893,0.24000001,1.77727051,8.270001,1.174375,
2019-12-11,21.5,3.66206849,3.73,4.08,0.86795325,2.2,35.31883219,11.11283343,6.925,,13.6,4.27620991,2.71,10.4,1.84861395,3.7,2.61999479,9.02221534,6.73574908,6.8,5.61,0.21798738,99.050003,6.31,6.16799314,1.909,0.24900001,1.77727051,8.3,1.159663,
2019-12-12,21.450001,3.64393944,3.73,3.98,0.87944932,2.18,35.33696114,11.0831001,6.765,,13.25,4.16555013,2.68,10.38,1.84861395,3.72,2.59888361,8.86665991,6.74307055,6.8,5.49,0.21643587,98.07,6.11,6.16799314,1.879,0.24900001,1.69336504,8.19,1.14322,
2019-12-15,20.85,3.60163832,3.69,3.97,0.86220522,2.13,35.26897884,11.06823343,6.765,,13.06,4.10231597,2.67,10.34,1.85995514,3.78,2.58110598,8.94999373,6.70646322,6.472,5.4225,0.21255709,99.110001,6.08,6.22799307,1.857,0.24900001,1.60564568,8.12,1.135431,
2019-12-16,20.799999,3.65602548,3.71,4.01,0.90182067,2.17,35.51371392,11.04593343,6.765,,12.96,4.16555013,2.7,10.38,1.85995514,3.81,2.58777274,9.12221527,6.65521295,6.472,5.415,0.21294497,99.739998,6.1,6.2039931,1.864,0.24900001,1.66285396,8.2,1.145816,
2019-12-17,20.700001,3.63789642,3.71,4.07,0.99052434,2.17,35.32336522,11.0831001,6.75,,12.89,4.16555013,2.68,10.3,1.87129633,3.8,2.62332823,9.03332645,6.93342867,6.48,5.475,0.21333284,100.01,6.28,6.287993,1.836,0.24900001,1.6781095,8.1,1.152739,
2019-12-18,21.08,3.72249867,3.76,3.6,1.02378822,2.27,35.84455661,11.15743343,6.75,,13.15,4.20507148,2.73,10.52,1.88263752,3.84,2.6844391,9.33888121,7.10914387,6.472,5.4825,0.21721162,100.73,6.51,6.41999286,1.869,0.24900001,1.70099281,8.3,1.145816,
2019-12-19,21.15,3.77688582,3.82,3.55,0.94247652,2.36,36.43826741,11.15743343,6.75,,13.63,4.26830564,2.79,10.65,1.88263752,3.81,2.7333279,9.47221444,6.9920004,6.48,5.5725,0.22031465,101.56,6.41,6.53399273,1.897,0.24900001,1.69717892,8.47,1.144951,
2019-12-22,21.08,3.7678213,3.75,3.58,0.89812468,2.31,36.9866538,11.06823343,6.835,,13.98,4.20507148,2.78,10.67,1.88490576,3.78,2.69555019,9.41666004,7.0139648,6.544,5.445,0.21798738,101.82,6.37,6.41999286,1.862,0.24900001,1.68192338,8.31,1.125046,
2019-12-23,21.09,3.74364923,3.8,3.51,0.90921264,2.33,37.20872645,11.1277001,6.765,,14.5,4.22878429,2.78,10.67,1.88263752,3.77,2.72443902,9.49999276,6.94075014,6.576,5.4975,0.21798738,101.64,6.48,6.41399286,1.863,0.24900001,1.65522619,8.29,1.118123,
2019-12-24,21.02,3.75573526,3.74,3.52,0.88334074,2.29,37.52597731,11.17973343,6.93,,14.22,4.1734544,2.78,10.57,1.86675985,3.79,2.69221687,9.52221441,6.66253442,6.648,5.4525,0.21566011,102.0,6.42,6.293993,1.856,0.24900001,1.67048173,8.22,1.124181,
2019-12-25,20.92,3.74062772,3.69,3.52,0.85377285,2.26,37.28577209,11.38043344,6.98,,14.09,4.11812451,2.74,10.37,1.839541,3.7,2.6699948,9.53332606,6.28913963,6.664,5.4075,0.21488436,101.83,6.33,6.1979931,1.826,0.24900001,1.65904007,8.13,1.118123,
2019-12-26,20.59,3.72249867,3.73,3.51,0.85377285,2.27,36.94133303,11.00876676,6.98,,14.45,4.13393305,2.75,10.46,1.84861395,3.71,2.66110593,9.54999327,6.69182028,6.728,5.4075,0.21488436,101.43,6.33,6.18599312,1.825,0.24900001,1.66285396,8.18,1.112065,
2019-12-29,20.610001,3.71041263,3.71,3.46,0.82420496,2.3,37.59395643,11.12026677,7.005,,14.72,4.14974159,2.75,10.23,1.839541,3.75,2.68999454,9.47221444,6.83092814,6.84,5.37,0.21449648,101.0,6.57,6.23999306,1.82,0.24900001,1.68955115,8.21,1.108603,
2019-12-30,20.690001,3.68926207,3.68,3.42,0.83529292,2.4,37.16793916,11.1054001,7.005,,14.6,4.2524971,2.79,10.19,1.75788443,3.73,2.66888358,9.41666004,6.80164228,6.936,5.55,0.21255709,101.05,6.67,6.19199311,1.806,0.24900001,1.71243447,8.18,1.118123,
2019-12-31,20.5,3.67113302,3.68,3.4,0.8389889,2.43,37.54410263,11.40273344,7.285,,14.44,4.28411418,2.86,10.09,1.76468914,3.65,2.66110593,9.44443724,6.91146427,7.048,5.49,0.21294497,100.4,6.74,6.287993,1.764,0.24900001,1.72006224,8.2,1.137162,
2020-01-02,20.91,3.72249867,3.63,3.35,0.81681298,2.44,37.62568129,11.58113343,7.49,,14.42,4.2524971,2.92,10.06,1.76922562,3.68,2.62443933,9.42777003,7.1530734,6.904,5.5725,0.21178133,99.459999,6.82,6.33599295,1.748,0.22950001,1.75820109,8.17,1.14322,
2020-01-05,21.049999,3.71343414,3.64,3.29,0.82420496,2.47,37.66193872,11.32840011,7.485,,14.27,4.37896541,2.85,10.19,1.81459038,3.69,2.61555046,9.33332566,7.06521507,6.904,5.6925,0.21372072,99.43,6.73,6.29999299,1.753,0.22950001,1.71243447,8.15,1.12245,
2020-01-06,19.74,3.4203478,3.32,3.02,0.77615713,2.3,36.6467446,11.03106676,7.485,,13.13,4.0944117,2.73,9.33,1.72839734,3.39,2.41666186,8.74999333,6.81628521,6.48,5.4525,0.20208438,95.089996,6.16,6.0239933,1.602,0.22950001,1.63615676,7.58,1.054947,
2020-01-08,19.26,3.43545534,3.24,2.95,0.77985312,2.19,36.68753189,11.00133343,7.485,,12.36,4.02327328,2.67,9.24,1.75107972,3.27,2.39888412,8.63332675,6.77235641,6.728,5.3025,0.19781773,91.980003,6.1,6.04199328,1.537,0.22950001,1.61708734,7.58,1.019465,
2020-01-09,19.969999,3.60163832,3.33,3.16,0.80942101,2.25,37.6166184,11.14256677,7.25,,12.89,4.16555013,2.86,9.42,1.74881148,3.34,2.43666182,8.86665991,6.79432081,6.8,5.5125,0.20208438,94.269997,6.24,6.14399316,1.615,0.22950001,1.69717892,7.89,1.059274,
2020-01-12,20.309999,3.67717604,3.47,3.32,0.813117,2.32,37.92933577,11.1723001,7.4,,13.46,4.26040137,2.87,9.6,1.791908,3.47,2.50110614,9.02221534,6.80896374,7.024,5.6775,0.20635104,95.120003,6.32,6.31199298,1.672,0.22950001,1.7543872,8.05,1.084371,
2020-01-13,20.530001,3.69228358,3.5,3.26,0.85377285,2.32,38.08342659,11.14256677,7.495,,13.42,4.32363553,2.9,9.65,1.78056681,3.59,2.55999502,9.038882,6.80164228,7.04,5.715,0.20829043,94.5,6.3,6.31199298,1.658,0.22950001,1.77727051,8.19,1.091295,
2020-01-14,20.6,3.65300397,3.45,3.3,0.87964475,2.34,37.61208537,11.2169001,7.4,,13.76,4.26830564,2.82,9.55,1.78056681,3.57,2.55221703,8.90554932,6.59664122,7.04,5.85,0.2106177,94.900002,6.33,6.24599305,1.624,0.22950001,1.7543872,8.2,1.090429,
2020-01-15,20.469999,3.77386431,3.45,3.35,0.89073271,2.34,37.8749494,11.22433344,7.4,,14.27,4.31573126,2.8,9.520001,1.75788443,3.55,2.53999506,8.89999321,6.60396342,7.04,5.895,0.21294497,95.5,6.39,6.287993,1.613,0.22950001,1.72387612,8.2,1.081775,
2020-01-16,20.440001,3.81918694,3.44,3.41,0.86855679,2.29,38.0743637,11.1946001,7.4,,14.6,4.3315398,2.84,9.47,1.74200676,3.57,2.50443957,8.92221486,6.61128415,7.04,5.8425,0.20945406,96.089996,6.35,6.25799304,1.612,0.22950001,1.74294555,8.2,1.081775,
2020-01-19,20.129999,3.94911182,3.43,3.35,0.85746883,2.29,38.30549969,11.1723001,7.4,,14.48,4.33944407,2.89,9.49,1.73747029,3.6,2.49777281,8.98888204,6.58931975,7.2,5.97,0.21139345,97.949997,6.32,6.29999299,1.616,0.22950001,1.80396771,8.270001,1.094756,
2020-01-20,20.040001,3.97026238,3.44,3.48,0.82420496,2.32,39.21645726,11.1500001,7.4,,14.28,4.44219957,2.89,9.41,1.70344672,3.53,2.45110612,8.89443766,6.57467682,7.2,5.8425,0.20790255,98.0,6.23,6.22199308,1.6,0.21750001,1.82685102,8.15,1.098218,
2020-01-21,19.959999,3.99141294,3.34,3.52,0.8389889,2.29,38.83576031,11.1500001,7.4,,14.28,4.31573126,2.81,9.42,1.68756905,3.48,2.40555077,8.8444377,6.50146216,7.2,5.7,0.20635104,97.82,6.03,6.15599315,1.564,0.22100001,1.81922325,7.99,1.099083,
2020-01-22,20.0,3.86753108,3.29,3.5,0.85746883,2.22,38.49131808,11.0162001,7.3,,14.33,4.23668856,2.8,9.34,1.71478791,3.43,2.38443959,8.74999333,6.45753336,7.248,5.7,0.20324802,96.93,5.99,6.07799324,1.545,0.22100001,1.84973433,7.9,1.096487,
2020-01-23,20.15,3.93098276,3.36,3.59,0.85746883,2.24,38.89921003,11.00133343,7.26,,14.36,4.37106114,2.82,9.37,1.76922562,3.41,2.39221757,8.74443778,6.53806949,7.368,5.6775,0.20518741,98.400002,5.88,6.1079932,1.577,0.22100001,1.84592045,7.98,1.099083,
2020-01-26,20.190001,3.95213332,3.37,3.6,0.83529292,2.27,38.58195918,10.80806676,7.25,,14.7,4.42639103,2.82,9.8,1.82819981,3.42,2.36888418,8.79999329,6.56003389,7.52,5.8125,0.20635104,97.949997,5.93,6.14399316,1.586,0.22100001,1.86498987,8.1,1.103411,
2020-01-27,20.1,3.99141294,3.39,3.65,0.82790094,2.29,38.53663886,10.80806676,7.36,,14.53,4.53705081,2.85,9.66,1.81685862,3.43,2.3599953,8.73332667,6.51610509,7.52,5.775,0.20635104,97.309998,5.95,6.1139932,1.602,0.21900001,1.84210656,8.1,1.107738,
2020-01-28,19.889999,3.98234841,3.32,3.6,0.82050897,2.25,38.48225565,10.81550009,7.25,,14.32,4.39477395,2.81,9.61,1.81685862,3.4,2.35332865,8.67221561,6.52342656,7.528,5.7075,0.2036359,95.660004,5.75,6.09599322,1.582,0.21900001,1.80015383,8.0,1.099949,
2020-01-29,19.879999,3.86753108,3.35,3.73,0.813117,2.26,38.40067699,10.84523342,7.25,,14.45,4.42639103,2.81,10.2,1.81912708,3.4,2.26777327,8.73888223,6.42824749,7.576,5.7075,0.20402377,95.120003,5.68,6.13799317,1.56,0.21900001,1.78489829,7.89,1.095622,
2020-01-30,20.4,3.92796126,3.47,3.75,0.83159693,2.31,38.45052717,10.96416676,7.25,,15.33,4.55285935,2.8,11.22,1.84634571,3.44,2.35332865,8.90554932,6.31110403,7.576,5.94,0.20867831,97.760002,5.96,6.1979931,1.589,0.23400001,1.78489829,7.97,1.090429,
2020-02-02,21.02,3.90076768,3.65,3.75,0.83529292,2.37,38.55930083,11.15743343,7.0,,15.34,4.71094474,2.88,12.34,1.90758814,3.5,2.36888418,8.95554928,6.24521083,7.64,6.1125,0.21255709,96.57,6.0,6.23999306,1.641,0.25350001,1.81159548,8.07,1.099083,
2020-02-03,20.24,3.84335901,3.57,3.76,0.82790094,2.33,38.56836326,11.11283343,7.0,,14.93,4.5923807,2.88,13.85,1.88036928,3.41,2.30666208,8.91110487,6.34771136,7.4160008,6.045,0.20906619,96.260002,5.75,6.2039931,1.632,0.25100001,1.81159548,8.1,1.081775,
2020-02-04,20.34,3.81314393,3.64,3.76,0.81681298,2.32,38.87654806,10.97903343,7.005,,14.83,4.55285935,2.88,12.97,1.83046805,3.41,2.26555094,8.93888207,6.24521083,7.272,6.075,0.20751468,96.309998,5.71,6.16199314,1.613,0.25100001,1.79252606,8.09,1.081775,
2020-02-05,20.299999,3.79199337,3.58,3.7,0.82050897,2.33,39.05330039,10.9939001,6.925,,14.79,4.60028497,2.88,13.11,1.90305166,3.41,2.27888435,8.93888207,6.22324643,7.28,6.015,0.20635104,95.610001,5.75,6.17399313,1.618,0.25100001,1.81159548,8.03,1.08264,
2020-02-06,20.030001,3.80710091,3.57,3.68,0.813117,2.36,39.16207406,11.31353344,6.925,,14.87,4.46591238,2.91,13.81,1.91212461,3.41,2.26221783,9.0444381,6.1207459,7.232,5.9175,0.2071268,97.010002,5.69,6.29999299,1.613,0.23400001,1.83066491,8.1,1.089564,
2020-02-09,20.309999,3.89170315,3.58,3.7,0.81681298,2.42,39.38868019,11.71493343,6.925,,15.03,4.40267822,2.97,14.1,1.92800228,3.44,2.32332871,9.24999295,6.22324643,7.312,5.9325,0.20790255,97.0,5.64,6.37199291,1.632,0.23400001,1.83447879,8.11,1.099083,
2020-02-10,20.08,3.96724087,3.58,3.68,0.82790094,2.43,39.32069744,11.7075001,6.925,,15.02,4.3315398,3.04,13.81,1.94161171,3.4,2.3588842,9.34443732,6.38431869,7.312,6.0825,0.20751468,96.860001,5.67,6.35399293,1.634,0.23400001,1.81922325,8.17,1.096487,
2020-02-11,19.99,3.89472466,3.48,3.68,0.82790094,2.37,39.08049539,11.43990011,6.925,,13.94,4.29992272,3.04,13.41,1.92119756,3.35,2.33221758,9.22221519,6.50146216,7.2,6.0675,0.20479953,94.959999,5.56,6.29999299,1.608,0.23500001,1.81159548,8.1,1.096487,
2020-02-12,19.889999,3.92493975,3.45,3.72,0.813117,2.4,39.09862117,11.6629001,6.925,,13.74,4.37106114,3.03,13.15,1.92119756,3.4,2.39332868,9.35554842,6.33306843,7.184,5.955,0.20479953,94.959999,5.45,6.35999292,1.615,0.23500001,1.81159548,8.09,1.094756,
2020-02-13,19.629999,3.87055259,3.36,3.67,0.80202904,2.36,38.58649221,11.5291001,6.925,,13.07,4.28411418,2.96,12.93,1.95068466,3.43,2.32999525,9.33332566,6.2378901,7.12,5.9775,0.20053287,96.400002,5.31,6.287993,1.589,0.24950001,1.79252606,7.97,1.099083,
2020-02-16,19.389999,3.92191824,3.34,3.62,0.79094108,2.35,38.73152013,11.53653343,6.925,,13.24,4.27620991,2.99,13.03,1.95068466,3.38,2.33888412,9.23332685,6.15735324,7.12,6.0,0.20169651,94.980003,5.33,6.23999306,1.577,0.24950001,1.79633994,7.98,1.099083,
2020-02-17,19.01,3.94609031,3.23,3.54,0.76137319,2.27,38.74058619,11.43990011,6.88,,13.02,4.16555013,2.91,12.34,1.92573404,3.28,2.29110666,9.14443692,6.11342444,7.12,5.79,0.19820561,94.989998,5.17,6.29999299,1.556,0.22700001,1.79252606,7.86,1.098218,
2020-02-18,19.02,3.89774617,3.3,3.54,0.78354911,2.3,38.97625521,11.43990011,6.925,,12.84,4.23668856,2.92,12.42,1.95068466,3.3,2.27555103,9.13332693,6.15003177,7.12,5.88,0.19898136,94.989998,5.25,6.29999299,1.549,0.22700001,1.79252606,7.98,1.088698,
2020-02-19,18.98,3.8735741,3.2,3.53,0.74658924,2.22,38.6726039,11.44733344,6.925,,12.84,4.16555013,2.88,12.12,2.01646356,3.14,2.14221807,9.11110416,6.3403899,6.984,5.82,0.1947147,94.300003,5.1,6.24599305,1.504,0.22700001,1.79633994,7.7,1.073986,
2020-02-20,18.99,3.89472466,3.21,3.53,0.73919727,2.25,38.9626593,11.55883343,6.925,,12.92,4.19716721,2.9,12.09,2.06409656,3.14,2.12666232,9.01665979,6.42092676,6.96,5.745,0.19704197,92.959999,5.13,6.22199308,1.489,0.22700001,1.83066491,7.63,1.067928,
2020-02-23,18.809999,3.86450957,3.22,3.56,0.75028523,2.28,38.9853181,11.55883343,6.925,,13.27,4.20507148,2.89,12.25,2.0845107,3.2,2.11999578,9.08888251,6.36235429,6.8,5.7375,0.19898136,93.599998,5.07,6.293993,1.492,0.23050001,1.82303714,7.66,1.062736,
2020-02-24,19.0,3.8403375,3.19,3.44,0.7576772,2.25,38.9626593,11.39530011,6.975,,13.29,4.14974159,2.88,11.99,2.08677894,3.19,2.0988846,9.19999243,6.40628309,6.688,5.7375,0.19704197,92.5,5.13,6.44399283,1.49,0.23050001,1.82685102,7.79,1.058409,
2020-02-25,18.09,3.75875677,3.07,3.5,0.70593339,2.14,38.60462115,11.16486677,6.975,,12.58,4.05489036,2.87,11.69,2.04595088,3.09,1.89444056,8.97221538,6.24521083,6.688,5.46,0.18889654,88.730003,4.78,6.30599298,1.412,0.22650001,1.81540937,7.56,1.058409,
2020-02-26,17.75,3.77990733,3.11,3.5,0.69484543,2.12,38.06983067,10.97160009,6.975,,12.4,3.9916562,2.84,11.76,2.0368777,2.98,1.87110739,8.72221557,6.22324643,6.688,5.4,0.18656927,89.879997,4.85,6.25799304,1.426,0.22650001,1.79252606,7.55,1.051485,
2020-02-27,17.219999,3.77688582,3.03,3.47,0.69484543,2.13,37.79790422,10.79320009,6.975,,12.31,3.96003912,2.79,12.19,2.0187318,2.74,1.90999809,8.43888245,6.1646747,6.392,5.52,0.19665409,89.010002,4.74,6.31199298,1.424,0.22900001,1.79252606,7.53,1.026388,
2020-03-01,16.73,3.77688582,2.94,3.41,0.67266952,2.04,37.4172041,10.6594001,6.975,,12.03,3.89680496,2.67,12.27,1.99378118,2.52,1.85666481,8.06110496,6.1427103,6.392,5.415,0.20208438,86.580002,4.44,6.25199304,1.409,0.22900001,1.81922325,7.52,0.98831,
2020-03-02,15.4,3.63789642,2.67,3.1,0.59246661,1.85,35.43213526,9.98296676,6.975,,11.02,3.47787867,2.54,11.68,1.86675985,2.31,1.5999984,7.33332774,5.89378045,6.392,5.0175,0.18695715,83.0,3.8,6.05399326,1.276,0.20850001,1.76582886,6.94,0.940712,
2020-03-03,15.38,3.68321905,2.59,3.25,0.57620427,1.75,35.45026421,9.86403343,6.975,,10.88,3.31979327,2.52,11.98,1.86902809,2.31,1.51999848,7.3722166,6.06949564,6.392,4.995,0.18346625,83.900002,3.79,5.96999336,1.31,0.20850001,1.72387612,6.97,1.007349,
2020-03-04,16.059999,3.74364923,2.64,3.25,0.59985859,1.77,35.52277636,10.04243342,6.975,,10.87,3.33560181,2.61,12.02,1.92800228,2.34,1.51666515,7.60554976,6.04020977,6.36,4.995,0.18618139,84.059998,3.98,6.03599328,1.38,0.20850001,1.72387612,7.0,1.030715,
2020-03-05,16.219999,3.70436961,2.57,3.25,0.60651136,1.75,34.46226146,10.04986675,6.965,,10.7,3.33560181,2.71,11.81,1.92800228,2.31,1.52666514,7.45554987,5.89378045,6.28,4.935,0.18540564,83.82,4.12,6.16199314,1.368,0.21050001,1.68573727,6.93,1.014272,
2020-03-08,16.93,3.7345847,2.65,3.39,0.61833852,1.76,34.90640767,10.31003342,6.965,,11.08,3.3909317,2.75,12.0,1.92800228,2.36,1.58999841,7.48888318,5.89378045,6.032,4.935,0.19277532,83.160004,4.08,6.31799297,1.413,0.21050001,1.72387612,7.05,1.044562,
2020-03-09,16.059999,3.58653078,2.44,3.28,0.57694347,1.631,33.28843986,10.08703342,6.965,,10.53,3.18542069,2.63,11.5,1.87810104,2.26,1.49666517,6.88332809,5.80592285,6.032,4.9275,0.18307837,82.419998,3.7,6.16799314,1.338,0.21050001,1.60564568,6.8,1.005618,
2020-03-10,14.95,3.42639082,2.23,3.09,0.53887481,1.468,30.85015921,9.24706676,6.965,,10.04,3.0510481,2.54,10.4,1.84407747,2.15,1.37666529,6.26110634,5.227527,5.432,4.4925,0.17299354,76.300003,3.33,5.96999336,1.246,0.20150001,1.51029855,6.2,0.919942,
2020-03-11,15.0,3.55631569,2.23,3.23,0.53961401,1.372,31.82003302,9.32883341,6.5,,10.02,3.06685664,2.64,10.77,1.839541,2.21,1.41666525,6.14443976,5.27877727,5.488,4.425,0.17415718,77.260002,3.32,6.05399326,1.266,0.20150001,1.48741524,6.32,0.964078,
2020-03-15,15.05,3.5230791,2.18,3.44,0.53628762,1.332,31.76111678,9.48493341,6.495,,10.27,3.10637799,2.66,10.72,1.86449162,2.28,1.41333192,6.11110645,5.4032422,5.44,4.41,0.17260566,75.830002,3.34,5.96399336,1.271,0.21900001,1.53318186,6.28,0.950231,
2020-03-16,13.61,3.23301426,1.9,3.1,0.48454381,1.2,28.61129105,8.5706334,6.495,,9.13,2.81392001,2.45,9.89,1.71478791,2.09,1.27666539,5.50555136,5.12502647,4.904,4.0425,0.15592691,69.169998,3.02,5.38199401,1.163,0.22400001,1.39588199,5.89,0.87494,
2020-03-17,12.88,3.06078827,1.75,2.8,0.43686559,1.08,26.6942036,7.73810008,6.495,,8.23,2.55307911,2.35,9.24,1.63313134,1.94,1.15666551,4.95555178,5.11770501,4.792,3.6525,0.14235119,63.349998,2.73,4.86599459,1.061,0.23650001,1.48360135,5.38,0.827342,
2020-03-18,12.35,2.83115361,1.64,2.56,0.39436174,0.985,26.9434699,7.80500008,6.495,,7.55,2.31595102,2.36,8.56,1.59003482,1.76,1.0666656,4.46110771,5.03716888,4.56,3.33,0.13032697,57.869999,2.47,4.58999489,0.967,0.24050001,1.48360135,4.91,0.818687,
2020-03-19,11.99,2.55921783,1.56,2.32,0.35703228,0.894,25.76058542,7.5671334,6.495,,6.98,2.12624855,2.22,7.99,1.58776658,1.59,0.9666657,4.03333026,4.86877515,4.624,3.0075,0.11985427,54.810001,2.23,4.491,0.879,0.25250001,1.48360135,4.47,0.78234,
2020-03-22,12.36,2.6528846,1.62,2.15,0.34631392,0.9,27.65954438,7.72323341,5.85,,7.05,2.07882293,2.35,8.57,1.58776658,1.53,0.999999,4.24999676,5.10306208,4.736,2.9025,0.11713913,55.630001,2.29,4.806,0.873,0.25950001,1.49885689,4.87,0.822149,
2020-03-23,13.55,2.77978797,1.744,2.36,0.36516345,0.98,29.34096145,8.48143342,5.575,,7.7,2.24481259,2.49,9.39,1.59910777,1.61,1.04666562,4.46110771,5.21288407,4.88,2.955,0.11985427,61.18,2.44,5.013,0.933,0.26250001,1.50648466,5.31,0.836861,
2020-03-24,14.61,3.00337961,1.928,2.59,0.37736021,1.097,29.45879754,8.97946675,5.385,,8.19,2.47403642,2.62,10.11,1.68983729,1.668,1.14333219,4.69444087,5.447171,5.12,3.1275,0.12373305,67.25,2.5,5.148,1.011,0.25450001,1.52555409,5.67,0.853304,
2020-03-25,14.47,2.94597094,1.96,2.8,0.38142579,1.068,28.44813418,8.82336674,4.855,,7.91,2.43451507,2.61,10.23,1.76242091,1.584,1.11333222,4.56110763,5.71806525,4.824,3.1125,0.12179366,64.879997,2.38,5.112,1.019,0.25000001,1.52555409,5.41,0.810899,
2020-03-26,15.12,3.01848715,2.085,2.92,0.39436174,1.099,28.37562067,9.23963342,4.85,,8.39,2.59260046,2.66,10.32,1.77149386,1.54,1.14666552,4.56666318,5.75467258,4.8,3.2325,0.12334517,68.410004,2.46,5.139,1.036,0.24950001,1.52555409,5.36,0.827342,
2020-03-29,15.89,3.00337961,2.15,3.13,0.41284168,1.111,28.34389581,9.12070009,4.85,,8.65,2.79811147,2.66,10.43,1.81685862,1.663,1.15999884,4.61666315,5.87181678,4.8,3.405,0.12528456,68.940002,2.48,5.157,1.048,0.25000001,1.52555409,5.38,0.829072,
2020-03-30,16.34,3.00337961,2.11,3.21,0.41136328,1.091,27.66860862,9.11326675,4.785,,8.86,2.77439866,2.68,10.43,1.95975761,1.666,1.13666553,4.58332984,5.80592285,4.8,3.6075,0.12722395,67.75,2.39,5.031,1.047,0.25000001,1.5484374,5.27,0.813495,
2020-03-31,15.44,2.97014301,2.07,3.26,0.4324304,1.063,26.79844197,9.11326675,4.785,,8.78,2.78230293,2.59,10.25,1.96429409,1.625,1.0999989,4.45555271,5.85717311,4.72,3.63,0.12644819,64.900002,2.33,4.86,1.038,0.24250001,1.61327345,5.0,0.798783,
2020-04-01,15.96,2.90971284,2.16,3.29,0.47419505,1.086,26.6352851,9.18016675,4.31,,9.17,2.99571822,2.6,10.5,2.00285413,1.583,1.12999887,4.60555204,5.84985165,4.8,3.84,0.12877546,64.989998,2.35,4.842,1.072,0.24600001,1.61708734,4.99,0.810033,
2020-04-02,15.38,2.88856228,2.11,3.34,0.47863023,1.064,26.15941267,9.09840009,3.915,,8.97,3.0273353,2.55,10.5,2.02553651,1.512,1.10666556,4.67777421,5.54967153,4.328,4.0875,0.12761183,63.169998,2.3,4.698,1.051,0.24500001,1.59801791,4.86,0.806571,
2020-04-05,15.61,2.91877736,2.14,3.41,0.46384629,1.08,25.96906261,9.10583342,4.305,,9.14,2.97200541,2.58,10.63,2.00058589,1.511,1.11999888,4.88888516,5.57895739,4.44,4.485,0.12722395,63.880001,2.35,4.716,1.06,0.24500001,1.60183179,4.87,0.806571,
2020-04-06,15.25,2.8976268,2.06,3.41,0.44314876,1.071,25.4070803,9.04636675,4.64,,8.69,2.7902072,2.51,9.65,1.97790351,1.436,1.08666558,4.80555189,5.63752912,4.448,4.41,0.12295729,63.09,2.3,4.653,1.036,0.24500001,1.61708734,4.65,0.796186,
2020-04-07,15.02,2.91575586,2.17,3.32,0.47419505,1.101,25.83309938,9.12813342,4.665,,8.85,2.83763282,2.59,9.520001,2.01192708,1.47,1.15999884,5.11666277,5.71074379,4.504,4.2075,0.12450881,63.990002,2.39,4.68,1.057,0.24500001,1.6514123,4.84,0.811764,
2020-04-08,15.56,3.01244413,2.31,3.45,0.50228455,1.157,27.18820498,9.26936676,4.995,,9.34,3.0273353,2.7,9.82,2.03914594,1.55,1.25999874,5.57777352,5.71074379,4.8,4.365,0.1299391,65.260002,2.54,4.824,1.115,0.25000001,1.62090122,5.14,0.824745,
2020-04-09,15.13,3.0003581,2.37,3.45,0.51152451,1.2,28.27591307,9.34370008,5.005,,9.25,3.07476091,2.71,9.97,2.0187318,1.547,1.30999869,6.07777314,5.68877939,4.848,4.3275,0.13536939,67.0,2.66,4.914,1.149,0.26150001,1.67048173,5.15,0.826476,
2020-04-12,15.25,3.0366162,2.34,3.41,0.49267498,1.206,29.68993671,9.35856674,4.97,,9.05,2.97990968,2.72,9.95,2.04141418,1.511,1.30999869,6.29443965,5.50574273,4.928,4.245,0.13536939,65.360001,2.61,4.95,1.163,0.26350001,1.67048173,5.2,0.834265,
2020-04-13,15.03,3.00337961,2.27,3.32,0.47493425,1.184,29.37268631,9.35856674,5.03,,9.04,2.97200541,2.62,9.84,2.04141418,1.5,1.32999867,6.05555094,5.45449246,5.416,4.29,0.1369209,63.380001,2.61,4.842,1.122,0.26700001,1.60183179,5.13,0.826476,
2020-04-14,15.39,3.00640111,2.32,3.32,0.49563177,1.252,29.52678029,9.34370008,5.0,,9.2,3.04314383,2.68,10.12,2.11626603,1.59,1.42999857,6.27777299,5.49109979,5.64,4.4025,0.13808453,64.459999,2.7,4.698,1.15,0.26700001,1.60183179,5.21,0.834265,
2020-04-15,16.309999,3.06380978,2.4,3.26,0.50228455,1.275,29.52678029,9.50723342,5.01,,9.31,3.16170788,2.74,10.26,2.15709431,1.669,1.52666514,6.2999952,5.63020766,5.64,4.3725,0.14079968,65.32,2.84,4.716,1.19,0.25000001,1.63234288,5.38,0.835996,
2020-04-16,16.040001,3.02453017,2.37,3.26,0.5148509,1.259,29.1007594,9.27680009,5.1,,9.12,3.10637799,2.73,9.89,2.15255784,1.671,1.46999853,6.20555082,5.68877939,5.472,4.35,0.13924817,68.0,3.05,4.725,1.168,0.25000001,1.62471511,5.29,0.829938,
2020-04-21,16.040001,3.01848715,2.36,3.36,0.50302374,1.27,28.00851783,9.28423342,5.1,,9.15,3.09056945,2.67,9.73,2.17297198,1.673,1.45999854,6.16666196,5.56431446,5.504,4.3725,0.13963604,66.830002,3.01,4.761,1.166,0.25000001,1.56369294,5.21,0.829938,
2020-04-22,15.49,3.03359469,2.26,3.28,0.50635013,1.291,26.95253414,9.12070009,5.1,,8.97,2.97200541,2.63,9.67,2.20019084,1.622,1.50333183,6.04443984,5.60824326,5.328,4.38,0.14622997,65.129997,2.94,4.743,1.151,0.25000001,1.59801791,5.18,0.776282,
2020-04-23,15.33,2.94294943,2.25,3.21,0.53702682,1.325,26.6352851,8.88283341,5.0,,8.99,3.03523956,2.59,9.78,2.3113345,1.631,1.54999845,6.03888428,5.59360032,5.36,4.3125,0.14661785,65.0,2.94,4.689,1.135,0.25000001,1.60183179,5.16,0.771955,
2020-04-26,15.76,2.9671215,2.34,3.33,0.59061862,1.394,27.65501271,8.92000008,5.0,,9.39,3.10637799,2.66,9.93,2.34535807,1.74,1.57666509,6.27221744,5.75467258,5.6,4.4625,0.14816936,67.800003,3.1,4.815,1.175,0.25000001,1.5751346,5.28,0.801379,
2020-04-27,15.99,3.08496034,2.43,3.37,0.6493848,1.428,28.28044655,8.96460008,5.085,,9.66,3.20122923,2.7,10.19,2.34989454,1.891,1.56999843,6.39999512,5.95967364,5.704,4.5075,0.15980569,69.980003,3.34,4.932,1.236,0.24750001,1.60183179,5.5,0.818687,
2020-04-28,16.02,3.0366162,2.37,3.28,0.70999898,1.405,28.06743588,9.00176675,5.005,,9.39,3.18542069,2.67,10.07,2.32494392,1.916,1.54333179,6.36110626,5.88645898,5.84,4.5225,0.15592691,69.139999,3.4,4.833,1.248,0.26150001,1.60183179,5.62,0.849842,
2020-04-29,16.26,3.06380978,2.41,3.31,0.74363245,1.422,27.93600386,8.99433342,5.01,,9.69,3.33560181,2.7,10.61,2.32494392,1.906,1.58333175,6.46666174,6.0987815,5.904,4.8075,0.15941782,71.349998,3.62,4.968,1.306,0.26550001,1.62852899,5.76,0.864555,
2020-04-30,15.85,3.142369,2.49,3.38,0.70667259,1.442,28.82883294,9.05380008,5.0,,9.91,3.35141035,2.67,10.78,2.32721216,1.878,1.60666506,6.24999523,6.1427103,5.68,4.7475,0.16174508,72.32,3.59,4.977,1.292,0.26450001,1.60183179,5.68,0.877536,
2020-05-03,15.6,3.1756056,2.61,3.44,0.76876516,1.468,28.98292511,9.00920008,5.025,,9.69,3.33560181,2.64,10.79,2.32721216,1.873,1.58666508,6.26110634,6.20128203,5.864,4.905,0.15902994,71.480003,3.53,4.914,1.293,0.26500001,1.60183179,5.68,0.86542,
2020-05-04,14.84,2.99129357,2.56,3.31,0.76506918,1.388,28.11728968,8.87540008,5.0,,9.08,3.16170788,2.49,10.52,2.42928287,1.719,1.47333186,6.00555098,5.95967364,5.672,4.725,0.14778148,68.220001,3.33,4.725,1.209,0.25700001,1.59801791,5.37,0.848112,
2020-05-05,14.84,2.95201426,2.44,3.12,0.75028523,1.33,27.86802338,9.00176675,5.005,,8.87,3.0273353,2.37,10.39,2.50413472,1.68,1.45333188,5.77777337,5.94503071,5.656,4.56,0.14196331,68.25,3.34,4.662,1.175,0.25700001,1.56369294,5.2,0.845515,
2020-05-06,14.57,2.98827206,2.48,3.08,0.73919727,1.349,28.12182089,9.16530009,5.005,,9.07,3.03523956,2.41,10.7,2.49279353,1.747,1.4666652,5.6944401,6.10610297,5.736,4.5525,0.14506633,69.080002,3.39,4.689,1.189,0.25700001,1.56369294,5.28,0.866285,
2020-05-07,14.39,2.95805698,2.57,3.11,0.73550128,1.357,28.34842703,9.27680009,5.07,,9.04,3.10637799,2.4,10.83,2.44742877,1.803,1.46333187,5.74444006,6.25985377,5.84,4.7175,0.14622997,69.080002,3.39,4.698,1.196,0.25050001,1.56369294,5.37,0.893979,
2020-05-10,13.72,2.76165891,2.37,3.1,0.69484543,1.296,28.63848288,8.90513341,5.015,,8.270001,2.90086698,2.31,10.54,2.37030868,1.715,1.40333193,5.62221794,6.0987815,5.696,4.575,0.14196331,67.440002,3.42,4.599,1.135,0.25000001,1.56369294,5.2,0.875805,
2020-05-11,12.9,2.70122874,2.32,3.01,0.6504936,1.278,29.08716348,8.94973341,5.095,,7.9,2.77439866,2.28,10.86,2.41794168,1.642,1.41999858,5.74999562,6.24521083,5.76,4.4625,0.1369209,68.050003,3.38,4.572,1.097,0.25000001,1.56369294,5.23,0.866285,
2020-05-12,11.9,2.65892762,2.27,3.07,0.61981691,1.221,28.90587812,9.55926675,5.055,,7.73,2.73487732,2.25,10.75,2.42020992,1.614,1.44999855,6.07777314,6.44289043,5.76,4.38,0.13265424,67.959999,3.37,4.599,1.088,0.25000001,1.56369294,5.24,0.866285,
2020-05-13,12.18,2.791874,2.37,3.13,0.67414791,1.298,29.68087065,9.43290008,5.045,,8.04,2.92457979,2.37,10.88,2.44062406,1.666,1.55666511,6.38332847,6.44289043,6.008,4.5,0.14002392,68.160004,3.6,4.797,1.143,0.25000001,1.55606517,5.43,0.88619,
2020-05-14,11.71,2.74050835,2.29,3.0,0.66490795,1.275,29.18687109,9.32883341,4.98,,7.87,2.82182428,2.33,10.7,2.44062406,1.623,1.5666651,6.17777307,6.52342656,5.872,4.095,0.1369209,66.93,3.51,4.707,1.132,0.25000001,1.52555409,5.33,0.866285,
2020-05-17,11.97,2.6498634,2.24,3.12,0.64790641,1.26,29.05090559,9.35113341,4.755,,7.75,2.82972855,2.32,10.55,2.44062406,1.601,1.51666515,6.15555086,6.59664122,5.792,3.9075,0.13808453,66.919998,3.49,4.617,1.1,0.26100001,1.54462352,5.1,0.852439,
2020-05-18,11.93,2.74352986,2.24,3.02,0.63718805,1.255,29.25032035,9.62616675,4.785,,7.82,2.85344136,2.31,10.8,2.39752754,1.652,1.50666516,6.19999527,6.53806949,5.792,3.945,0.13730878,66.050003,3.53,4.581,1.098,0.26100001,1.50648466,5.08,0.855035,
2020-05-19,11.75,2.71935779,2.21,3.02,0.63607925,1.234,29.16874214,9.36600008,4.6350005,,7.75,2.7902072,2.27,10.77,2.38164987,1.699,1.52999847,6.16110641,6.51610509,5.76,3.9375,0.13575726,66.050003,3.48,4.563,1.081,0.25250001,1.49885689,5.0,0.848112,
2020-05-20,11.87,2.71029327,2.26,3.02,0.66232076,1.265,29.43613557,9.35113341,4.6350005,,7.9,2.82182428,2.28,11.03,2.4428923,1.692,1.55999844,6.26110634,6.44289043,5.76,3.765,0.13847241,66.0,3.44,4.599,1.1,0.25250001,1.43783473,5.03,0.860228,
2020-05-21,11.73,2.66799215,2.22,3.02,0.64753681,1.236,29.11888834,9.08353342,4.725,,7.76,2.77439866,2.25,10.99,2.56537715,1.643,1.50333183,6.16666196,6.2744967,5.76,3.6675,0.13575726,66.0,3.34,4.644,1.071,0.25250001,1.37299868,5.01,0.8559,
2020-05-31,11.96,2.67101365,2.23,2.98,0.63681845,1.234,28.33029809,9.25450009,4.655,,7.77,2.78230293,2.29,10.8,2.60847367,1.625,1.52666514,5.91666216,6.3403899,5.928,3.5775,0.13536939,65.440002,3.32,4.626,1.068,0.26750001,1.37299868,5.05,0.856766,
2020-06-01,12.25,2.70727176,2.31,3.08,0.64679761,1.259,28.5115839,8.97203341,4.52,,7.96,2.87715417,2.29,11.02,2.64703372,1.639,1.55999844,6.08888425,6.55271242,5.984,3.78,0.13769665,65.459999,3.36,4.716,1.085,0.26750001,1.38825422,5.13,0.870613,
2020-06-02,12.45,2.71633628,2.33,3.08,0.66047276,1.25,28.39374962,9.04636675,4.535,,8.24,2.90877125,2.29,11.83,2.70827614,1.626,1.56333177,6.13332866,6.51610509,5.952,3.8625,0.13924817,64.150002,3.37,4.743,1.08,0.26750001,1.37299868,5.16,0.88619,
2020-06-03,12.84,2.73748684,2.4,3.14,0.71036858,1.328,28.63848288,9.18016675,4.675,,8.59,2.97200541,2.34,12.2,2.73322676,1.689,1.58333175,6.24999523,6.39164016,5.92,3.8475,0.14079968,64.550003,3.41,4.743,1.095,0.26750001,1.38825422,5.14,0.91648,
2020-06-04,13.09,2.73144383,2.46,3.09,0.71849975,1.385,28.98745633,9.23963342,4.675,,8.42,3.0273353,2.35,12.11,2.71734909,1.705,1.55999844,6.14999531,6.37699723,5.976,3.7725,0.14545421,65.120003,3.41,4.752,1.115,0.26750001,1.37681257,5.16,0.945904,
2020-06-07,13.56,2.72842232,2.45,3.21,0.7303269,1.412,29.90294693,9.28423342,4.9,,8.520001,3.09056945,2.4,12.15,2.72188557,1.701,1.5999984,6.33888406,6.47949776,5.736,3.8325,0.14816936,66.0,3.65,4.869,1.14,0.25250001,1.37299868,5.17,0.947635,
2020-06-08,14.06,2.88554077,2.55,3.25,0.75139403,1.498,31.57983097,9.67820009,5.01,,8.94,3.14589934,2.53,12.3,2.68332552,1.792,1.68333165,6.85555033,6.45753336,5.696,4.0125,0.15127238,69.190002,3.86,4.959,1.185,0.25250001,1.39588199,5.49,0.977925,
2020-06-09,13.93,2.90064831,2.61,3.22,0.73697968,1.507,31.584364,9.75253342,4.85,,9.14,3.11428226,2.48,12.23,2.60847367,1.808,1.7333316,7.12221679,6.37699723,5.632,4.2,0.15166026,69.720001,3.81,4.932,1.188,0.25250001,1.37681257,5.61,0.990041,
2020-06-10,13.59,2.90971284,2.55,3.22,0.71739095,1.492,31.28524254,10.00526676,4.915,,9.08,3.04314383,2.42,12.18,2.61074191,1.778,1.7333316,6.9388836,6.2964611,5.56,4.41,0.14855723,71.489998,3.73,4.86,1.167,0.25250001,1.37681257,5.56,0.987444,
2020-06-11,13.63,2.8613687,2.49,3.34,0.69410624,1.466,30.73685615,9.69306675,4.75,,9.03,3.01152676,2.38,12.56,2.61074191,1.782,1.72999827,6.91110584,6.30378256,5.64,4.7325,0.14700572,69.919998,3.76,4.824,1.162,0.25250001,1.39206811,5.55,0.976194,
2020-06-14,13.53,2.82208909,2.37,3.26,0.69114945,1.437,30.58729519,9.67820009,4.75,,8.79,3.03523956,2.35,12.41,2.60847367,1.737,1.70666496,6.7555504,6.28913963,5.712,5.0025,0.14506633,68.480003,3.73,4.797,1.153,0.25350001,1.37681257,5.47,0.951097,
2020-06-15,13.93,2.80093883,2.34,3.19,0.69965022,1.418,30.53291198,9.37343341,4.74,,8.55,3.08266518,2.31,12.34,2.56764539,1.742,1.69666497,6.78888371,6.25985377,5.68,4.7925,0.14429058,69.459999,3.86,4.77,1.131,0.26550001,1.36537091,5.41,0.925134,
2020-06-16,14.41,2.80698154,2.34,3.18,0.71369497,1.422,30.08876215,9.48493341,4.675,,8.46,3.12218653,2.32,12.6,2.60847367,1.765,1.74999825,6.76110596,6.22324643,5.608,4.56,0.14584209,68.269997,3.92,4.797,1.131,0.26450001,1.36537091,5.47,0.913884,
2020-06-17,14.42,2.83115361,2.38,3.22,0.71923894,1.468,31.1266187,9.49980008,4.675,,8.81,3.14589934,2.32,12.61,2.72188557,1.883,1.81999818,7.03888352,6.2086035,5.704,4.7175,0.14778148,68.959999,4.06,4.851,1.17,0.26450001,1.3691848,5.6,0.94677,
2020-06-18,14.27,2.81906758,2.36,3.24,0.70741179,1.464,31.01331563,9.58900008,4.675,,8.65,3.09847372,2.36,12.44,2.85797985,1.902,1.80666486,6.99999466,6.2964611,5.672,4.7025,0.14700572,69.019997,3.97,4.923,1.183,0.25250001,1.36537091,5.53,0.940712,
2020-06-21,14.23,2.78885249,2.36,3.32,0.71443416,1.445,30.80030541,9.66333342,4.745,,8.55,3.09056945,2.31,12.19,2.91014932,1.821,1.77333156,6.86666143,6.32574696,5.752,4.8525,0.14545421,70.230003,3.88,4.869,1.161,0.25250001,1.37299868,5.42,0.956289,
2020-06-22,14.38,2.76468042,2.34,3.39,0.74548045,1.404,30.62808611,9.89376676,4.665,,8.56,3.14589934,2.31,12.16,2.97592822,1.822,1.76333157,6.81110592,6.39896163,5.84,4.98,0.14312694,69.889999,3.81,4.851,1.138,0.25250001,1.38062645,5.44,0.956289,
2020-06-23,14.34,2.76165891,2.32,3.53,0.76987396,1.401,30.24285613,9.61130009,4.65,,8.83,3.18542069,2.29,12.27,3.12790017,1.823,1.76333157,7.00555021,6.37699723,5.8,4.9575,0.1439027,69.639999,3.74,4.833,1.126,0.25250001,1.40732365,5.41,0.957155,
2020-06-24,14.33,2.74957288,2.3,3.49,0.76728677,1.394,30.2065987,9.45520008,4.65,,8.94,3.15380361,2.29,12.47,3.37060163,1.859,1.85333148,7.32221664,6.36967576,5.792,4.92,0.14661785,68.129997,3.82,4.851,1.136,0.25250001,1.69717892,5.5,0.957155,
2020-06-25,14.83,2.80093883,2.36,3.52,0.79204988,1.433,30.80030541,9.57413342,4.565,,8.97,3.2091335,2.35,12.99,3.4227711,2.016,1.95666471,7.70554968,6.44289043,5.848,4.9725,0.14933299,68.459999,3.87,4.95,1.169,0.25250001,1.76201497,5.92,0.962347,
2020-06-28,14.67,2.76468042,2.31,3.4,0.77246115,1.399,30.21566113,9.36600008,4.575,,8.71,3.13799507,2.29,12.93,3.38874753,2.06,1.90666476,7.92777173,6.39164016,5.832,4.7925,0.1473936,67.360001,3.72,4.923,1.148,0.25250001,1.7048067,5.9,0.959751,
2020-06-29,14.41,2.73748684,2.29,3.4,0.7576772,1.382,29.88934784,9.36600008,4.72,,8.79,3.12218653,2.28,12.97,3.3864793,2.07,1.92999807,7.85554957,6.64789148,5.856,4.785,0.14661785,66.739998,3.76,4.932,1.152,0.25600001,1.67429561,5.81,0.964943,
2020-06-30,14.38,2.73446534,2.27,3.43,0.77615713,1.381,29.46786043,9.34370008,5.005,,9.55,3.09056945,2.28,13.04,3.42503934,2.03,1.90999809,7.72777189,6.70646322,5.992,4.7625,0.14778148,66.889999,3.69,4.887,1.143,0.25700001,1.60945956,5.76,0.965809,
2020-07-05,14.44,2.74655137,2.27,3.49,0.84638088,1.386,29.25032035,9.47750008,4.95,,10.28,3.08266518,2.34,13.33,3.71764181,2.07,1.93666473,7.7722163,6.67717735,6.0,4.905,0.1508845,66.650002,3.79,4.941,1.159,0.25150001,1.62090122,5.84,0.955424,
2020-07-06,14.75,2.83115361,2.39,3.6,0.92399659,1.428,29.81683569,9.47006675,4.99,,11.3,3.24865485,2.36,13.62,3.87415046,2.16,1.98333135,7.85554957,6.59664122,6.16,5.28,0.15980569,67.300003,3.87,5.139,1.217,0.25150001,1.60564568,6.11,0.962347,
2020-07-07,15.12,2.83115361,2.4,3.6,0.91290863,1.443,30.24738599,9.49980008,5.035,,11.98,3.24865485,2.41,13.67,4.03973161,2.17,2.03999796,7.9777717,6.64789148,6.48,5.31,0.16096933,68.540001,4.06,5.301,1.251,0.25750001,1.65522619,6.31,0.951962,
2020-07-08,15.48,2.96107848,2.4,3.49,0.91660462,1.421,30.09782866,9.31396674,5.025,,11.29,3.311889,2.41,13.99,4.43440501,2.12,2.05333128,8.00554945,6.54539095,6.552,5.175,0.16213296,68.510002,4.2,5.292,1.242,0.25750001,1.62090122,6.16,0.954558,
2020-07-09,15.19,2.95503547,2.4,3.5,0.93138856,1.428,30.40147997,9.15786675,4.92,,12.18,3.28027193,2.43,13.91,4.28470131,2.14,2.06333127,7.96110504,6.52342656,6.592,5.2875,0.16290872,69.690002,4.24,5.247,1.283,0.25750001,1.59801791,6.33,0.949366,
2020-07-12,14.91,2.93388491,2.29,3.31,0.86486081,1.378,30.05250471,9.21733342,4.55,,11.73,3.15380361,2.37,13.71,4.00117156,2.04,2.00999799,7.7722163,6.35503283,6.448,5.0325,0.15709055,67.0,4.11,5.094,1.288,0.25750001,1.55987906,6.16,0.940712,
2020-07-13,15.79,3.0698528,2.36,3.4,0.89812468,1.406,30.21566113,9.26193342,4.86,,12.82,3.2881762,2.43,13.56,4.05787751,2.1,2.08333125,7.87777177,6.38431869,6.448,5.1825,0.15980569,68.029999,4.27,5.319,1.392,0.25750001,1.59039014,6.37,0.944173,
2020-07-14,15.89,3.0698528,2.45,3.4,0.91290863,1.467,29.92560573,9.20990009,4.58,,12.75,3.33560181,2.41,13.31,4.06468245,2.11,2.09666457,7.86666067,6.35503283,6.496,5.31,0.16096933,68.0,4.24,5.463,1.426,0.25750001,1.56750683,6.27,0.925134,
2020-07-15,15.18,3.01546564,2.41,3.39,0.87964475,1.44,29.7805778,8.92000008,4.555,,12.11,3.18542069,2.35,13.16,4.04426831,2.23,2.04333129,7.74443854,6.2305679,6.464,5.1675,0.15515116,68.099998,4.14,5.472,1.383,0.25750001,1.54080963,6.14,0.902633,
2020-07-16,14.46,2.85834719,2.24,3.19,0.82050897,1.418,29.22312852,8.87540008,4.56,,11.29,3.03523956,2.32,12.82,3.91724698,2.14,1.95666471,7.34443884,6.15003177,6.384,5.01,0.14700572,65.809998,4.09,5.337,1.299,0.25000001,1.46453193,5.82,0.902633,
2020-07-19,14.67,2.86741172,2.24,3.15,0.78354911,1.362,28.52971284,8.92000008,4.57,,10.58,2.97200541,2.26,12.8,4.15994845,2.1,1.93999806,7.23888337,6.1646747,6.04,4.815,0.14429058,65.57,3.95,5.373,1.271,0.26800001,1.44164861,5.81,0.906095,
2020-07-20,14.79,2.84021814,2.18,2.99,0.7576772,1.339,27.83176549,8.81593341,4.56,,10.76,2.99571822,2.19,12.59,4.18489929,2.05,1.88999811,7.28888333,6.15003177,6.08,4.725,0.14157543,65.489998,3.82,5.301,1.263,0.27250001,1.37681257,5.65,0.894844,
2020-07-21,15.0,2.83115361,2.2,3.04,0.77615713,1.342,28.33483111,8.77876674,4.6,,11.08,2.97990968,2.17,12.58,4.20984945,2.06,1.96333137,7.47777208,6.15003177,6.088,4.8075,0.14312694,66.0,3.94,5.292,1.283,0.25800001,1.41495142,5.61,0.892248,
2020-07-22,14.82,2.92482038,2.25,3.13,0.80572503,1.362,29.09622637,8.90513341,4.56,,11.12,3.0273353,2.2,12.76,4.09870602,2.11,2.01333132,7.59443865,5.91574484,6.248,5.025,0.14506633,66.589996,3.98,5.31,1.325,0.25400001,1.45309027,5.62,0.888786,
2020-07-26,14.7,2.97316452,2.26,3.13,0.84638088,1.354,28.57503316,8.86053341,4.58,,11.38,3.03523956,2.19,12.59,4.06241421,2.15,1.99666467,7.84999401,5.65949352,6.464,5.19,0.14467846,67.0,3.93,5.418,1.34,0.25150001,1.58276237,5.58,0.874074,
2020-07-27,15.18,2.93388491,2.32,3.25,0.90182067,1.357,28.36202476,8.86053341,4.58,,11.44,3.07476091,2.23,12.9,3.87188222,2.16,1.98333135,8.34999363,5.80592285,6.2,5.5275,0.14778148,68.25,3.93,5.67,1.339,0.25150001,1.58276237,5.73,0.896575,
2020-07-28,15.0,3.02453017,2.33,3.35,0.94247652,1.389,28.73365882,8.75646674,4.625,,11.3,3.09056945,2.27,12.92,3.82878547,2.15,1.96333137,8.19999375,5.60824326,6.224,5.985,0.15980569,68.919998,3.93,5.54,1.363,0.25650001,1.57894848,5.73,0.894844,
2020-07-29,14.98,3.04568073,2.36,3.5,0.96465244,1.386,28.60675802,8.75646674,4.65,,11.32,3.01152676,2.26,12.89,3.81744451,2.23,1.9666647,7.87777177,5.79127992,6.248,6.2025,0.15941782,68.629997,3.89,5.55,1.385,0.25650001,1.55225129,5.81,0.896575,
2020-08-04,14.93,3.02453017,2.41,3.6,0.98313237,1.398,28.54330876,8.76390008,4.65,,11.46,3.13799507,2.26,12.92,4.03519558,2.23,1.97999802,7.66110527,5.90842338,6.32,6.3075,0.16989052,68.870003,4.1,5.59,1.391,0.25650001,1.53318186,5.84,0.905229,
2020-08-05,14.91,3.11517543,2.43,3.52,1.03487618,1.442,28.25778412,8.65240007,4.785,,11.77,3.28027193,2.36,13.16,4.32099311,2.26,2.00666466,7.71666078,6.00360244,6.344,6.3825,0.18540564,69.489998,4.24,5.65,1.407,0.25650001,1.55987906,5.98,0.912153,
2020-08-06,14.95,3.1061109,2.4,3.46,1.01639625,1.5,28.50705268,8.74903341,4.785,,11.61,3.29608046,2.44,13.01,4.65896103,2.37,2.0666646,7.81666071,5.98895951,6.344,6.33,0.184242,69.980003,4.47,5.62,1.413,0.25650001,1.55987906,6.06,0.909556,
2020-08-09,15.15,3.09100336,2.41,3.46,1.02009223,1.559,29.02824725,8.86796675,4.755,,11.59,3.311889,2.45,13.01,4.72247146,2.48,2.07999792,7.76110519,5.91574484,6.12,6.195,0.184242,68.029999,4.57,5.72,1.418,0.25650001,1.54080963,6.07,0.907826,
2020-08-10,15.91,3.2118637,2.45,3.49,1.02378822,1.65,29.53131332,8.82336674,4.69,,11.51,3.30398473,2.5,13.1,4.55915833,2.59,2.14999785,7.79999405,5.90110191,6.2,6.375,0.18307837,66.309998,4.68,5.78,1.447,0.27950001,1.52936798,6.19,0.909556,
2020-08-11,17.040001,3.24812181,2.51,3.46,1.00900428,1.622,29.24578732,9.01663342,4.665,,11.56,3.37512316,2.51,13.09,4.58410872,2.52,2.14666452,7.7833274,5.84985165,5.944,6.3225,0.18191473,67.099998,4.66,5.74,1.461,0.30050001,1.53318186,6.2,0.928596,
2020-08-12,17.42,3.32970254,2.56,3.56,1.04966013,1.637,28.87415326,9.31396674,4.66,,12.03,3.38302743,2.51,13.08,4.64535137,2.51,2.09333124,7.72221633,5.95235218,5.864,6.57,0.19277532,66.879997,4.67,5.75,1.51,0.30200001,1.54080963,6.23,0.920807,
2020-08-13,17.719999,3.35387461,2.52,3.51,1.07183604,1.621,28.92854009,9.23220009,4.65,,12.35,3.45416586,2.45,13.16,4.66803375,2.47,2.09666457,7.73888299,5.93770924,5.784,6.5025,0.19704197,66.040001,4.63,5.72,1.519,0.30050001,1.54462352,6.31,0.921672,
2020-08-16,17.9,3.44451987,2.5,3.54,1.04966013,1.609,29.22765838,9.01663342,4.65,,12.39,3.43045305,2.45,13.17,4.720203,2.5,2.10333123,7.76110519,5.79860138,5.616,6.6975,0.19665409,65.959999,4.56,5.74,1.51,0.30900001,1.52555409,6.39,0.922538,
2020-08-17,19.02,3.47775647,2.56,3.58,1.0570521,1.647,29.67180776,9.11326675,4.6,,12.66,3.54111283,2.49,13.25,4.67937471,2.52,2.14999785,7.99443835,5.65949352,5.792,6.795,0.20053287,65.900002,4.58,5.82,1.532,0.30900001,1.53318186,6.68,0.947635,
2020-08-18,18.43,3.43545534,2.53,3.49,1.02378822,1.674,30.06157077,8.93486675,4.675,,12.29,3.45416586,2.43,13.19,4.99012354,2.5,2.13999786,7.88888287,5.66681499,5.776,6.5325,0.19626622,65.559998,4.48,5.67,1.51,0.30700001,1.48360135,6.66,0.962347,
2020-08-19,18.07,3.39013271,2.49,3.41,1.02378822,1.702,29.90747678,8.95716675,4.625,,12.13,3.40674024,2.4,13.1,5.38479695,2.58,2.11666455,7.86110512,5.71074379,5.616,6.6375,0.1947147,66.019997,4.42,5.46,1.481,0.30700001,1.51411243,6.58,0.965809,
2020-08-23,17.92,3.39315422,2.53,3.54,1.04966013,1.733,30.07969971,9.15786675,4.63,,12.25,3.44626159,2.41,13.13,5.56625622,2.7,2.14666452,7.89443843,5.68877939,5.608,6.7725,0.20092075,66.07,4.59,5.35,1.501,0.30700001,1.52936798,6.65,0.983117,
2020-08-24,18.25,3.42941233,2.7,3.72,1.06814006,1.751,30.71419417,9.21733342,4.73,,12.37,3.56482563,2.47,13.42,5.64791256,2.77,2.1999978,8.16110489,5.72538672,5.76,6.885,0.2071268,66.629997,4.76,5.46,1.542,0.31250001,1.5484374,6.85,0.993502,
2020-08-25,18.629999,3.48682099,2.79,3.87,1.07183604,1.727,30.80030541,9.38086674,4.755,,12.54,3.55692137,2.49,13.66,5.84978596,2.8,2.19333114,8.19999375,5.73270819,5.88,6.7575,0.21178133,68.349998,4.64,5.43,1.548,0.31300001,1.58276237,6.83,0.983117,
2020-08-26,17.950001,3.51703608,2.81,3.72,1.12727584,1.699,31.08582778,9.47750008,4.795,,12.32,3.50159148,2.46,13.56,5.70915498,2.76,2.16999783,8.08888272,5.76199405,5.952,6.645,0.21682374,68.730003,4.57,5.39,1.51,0.31300001,1.55225129,6.82,0.977925,
2020-08-27,17.799999,3.56840173,2.77,3.79,1.18641162,1.71,31.08129838,9.38830008,5.12,,12.25,3.49368721,2.51,13.54,5.55264656,2.83,2.15999784,7.91110508,5.73270819,5.976,6.7875,0.2210904,72.93,4.7,5.36,1.514,0.30500001,1.56369294,6.75,0.977925,
2020-08-30,17.879999,3.68019755,2.79,3.81,1.21228352,1.718,31.12208567,9.47750008,5.54,,12.19,3.46207013,2.54,13.52,5.50274533,2.82,2.19666447,7.83332736,5.65217205,5.856,6.6525,0.22419343,75.540001,4.58,5.32,1.506,0.30500001,1.56750683,6.71,0.977925,
2020-08-31,18.030001,3.65602548,2.87,3.94,1.20858754,1.759,30.97705774,9.31396674,5.57,,12.64,3.56482563,2.56,13.45,5.67513141,2.83,2.17999782,7.92777173,5.58627886,5.752,6.675,0.22535706,76.580002,4.56,5.33,1.521,0.30500001,1.57894848,6.73,0.981386,
2020-09-01,17.780001,3.65300397,2.83,4.01,1.17162767,1.73,30.62355308,9.45520008,5.43,,12.81,3.5490171,2.54,13.48,5.64564409,2.79,2.17999782,7.8055496,5.57895739,5.608,6.5775,0.22070252,74.900002,4.5,5.35,1.538,0.32100001,1.55987906,6.91,0.977059,
2020-09-02,17.780001,3.65300397,2.78,3.86,1.15314774,1.659,30.30177282,9.21733342,5.275,,12.37,3.37512316,2.49,13.88,5.65018079,2.69,2.11333122,7.73888299,5.49842126,5.568,6.48,0.21837526,75.040001,4.44,5.33,1.487,0.32100001,1.53699575,6.87,0.96927,
2020-09-03,17.85,3.65300397,2.87,3.93,1.1383638,1.635,30.21566113,9.15786675,5.245,,12.4,3.27236766,2.48,14.27,6.09021896,2.67,2.05666461,7.69999413,5.52770713,5.592,6.4575,0.21798738,74.040001,4.65,5.32,1.467,0.33450001,1.52555409,6.81,0.964943,
2020-09-06,18.25,3.61976737,2.85,3.92,1.14205978,1.623,30.2065987,9.12813342,5.055,,12.32,3.30398473,2.46,13.99,6.35787127,2.68,2.04999795,7.68332748,5.52038566,5.48,6.465,0.21643587,73.949997,4.58,5.34,1.465,0.33550001,1.52936798,6.76,0.961482,
2020-09-07,17.870001,3.50192853,2.69,3.85,1.10140393,1.599,30.04797485,9.06866675,4.945,,12.03,3.24075058,2.41,14.28,6.30116532,2.62,2.02999797,7.57221645,5.39592073,5.44,6.36,0.21566011,71.989998,4.51,5.26,1.445,0.34850001,1.51792632,6.6,0.952827,
2020-09-08,18.139999,3.57142323,2.65,3.8,1.10879591,1.581,30.33803025,9.14300009,4.995,,11.97,3.24075058,2.39,14.61,6.48716061,2.61,2.01999798,7.58332755,5.41788513,5.44,6.315,0.21915101,72.080002,4.51,5.28,1.432,0.35000002,1.52936798,6.58,0.951097,
2020-09-09,17.68,3.4898425,2.54,3.49,1.06444407,1.501,30.21566113,9.00920008,4.845,,11.21,3.1300908,2.3,13.58,6.21950853,2.52,1.96333137,7.55554979,5.35199193,5.224,6.045,0.2106177,71.559998,4.25,5.2,1.382,0.36400002,1.50648466,6.31,0.92773,
2020-09-10,18.09,3.46869194,2.58,3.54,1.03487618,1.466,30.36068905,8.93486675,4.8,,11.02,3.13799507,2.31,13.0,5.96092962,2.56,1.96333137,7.51110538,5.37395633,5.384,5.88,0.20906619,71.480003,4.23,5.18,1.357,0.38250002,1.48360135,6.15,0.908691,
2020-09-13,18.940001,3.51099306,2.65,3.7,1.06444407,1.513,30.65074445,8.90513341,4.995,,11.38,3.24075058,2.34,13.0,6.27394624,2.65,2.00333133,7.49999428,5.43252806,5.568,6.0375,0.21333284,71.419998,4.38,5.19,1.379,0.41050002,1.54462352,6.4,0.925134,
2020-09-14,18.700001,3.44451987,2.65,3.82,1.10879591,1.517,30.78670949,8.89026675,5.005,,11.33,3.26446339,2.35,12.24,6.42591818,2.68,2.02666464,7.47777208,5.3812778,5.56,6.1725,0.21721162,74.07,4.34,5.22,1.389,0.44800002,1.5484374,6.41,0.919942,
2020-09-15,18.370001,3.37502517,2.57,3.72,1.13466781,1.501,30.51931244,8.86796675,5.055,,11.37,3.19332496,2.4,12.31,6.2671413,2.61,2.00333133,7.60554976,5.4032422,5.416,6.0075,0.21915101,74.059998,4.21,5.19,1.387,0.44800002,1.52555409,6.27,0.92773,
2020-09-16,18.780001,3.35387461,2.58,3.64,1.11618788,1.48,30.67793946,8.84566674,5.055,,11.25,3.16170788,2.38,12.42,6.23084949,2.57,1.9666647,7.49999428,5.41056366,5.432,6.075,0.2141086,73.209999,4.14,5.3,1.373,0.42800002,1.52555409,6.13,0.925999,
2020-09-17,19.110001,3.35991763,2.59,3.67,1.11249189,1.495,30.86375467,8.84566674,4.97,,11.22,3.2091335,2.43,12.32,6.16053434,2.64,1.99666467,7.44999432,5.4252066,5.432,6.1425,0.21488436,72.82,4.18,5.39,1.41,0.43500002,1.5217402,6.16,0.929461,
2020-09-20,18.98,3.314595,2.57,3.68,1.11249189,1.504,30.52837895,8.80106674,4.95,,11.53,3.16961215,2.39,12.03,6.21043535,2.73,1.97666469,7.42777211,5.48377833,5.416,6.24,0.21604799,72.489998,4.21,5.41,1.4,0.45350002,1.54080963,6.26,0.936384,
2020-09-21,19.02,3.30855198,2.6,3.69,1.10879591,1.494,30.14767883,8.80106674,4.945,,11.74,3.25655912,2.39,11.93,6.21270359,2.69,1.94666472,7.34443884,5.52770713,5.44,6.3225,0.21527223,72.790001,4.13,5.46,1.403,0.43300002,1.54462352,6.24,0.930327,
2020-09-22,18.879999,3.29344444,2.54,3.58,1.06444407,1.494,30.26551493,8.71930007,4.95,,11.26,3.33560181,2.38,11.73,6.29889686,2.56,1.91333142,7.16110565,5.35199193,5.272,6.0,0.20945406,71.919998,4.14,5.4,1.386,0.42400002,1.5217402,6.26,0.923403,
2020-09-23,19.84,3.32365952,2.72,3.6,1.03857217,1.513,30.42867135,8.68956674,4.965,,11.65,3.46207013,2.4,11.79,6.15599764,2.59,1.92666474,7.22777227,5.32270607,5.288,6.135,0.20635104,71.220001,4.04,5.39,1.382,0.40900002,1.49122912,6.29,0.933788,
2020-09-24,19.9,3.29646595,2.78,3.62,1.07183604,1.55,30.378818,8.74903341,4.8,,12.42,3.50949575,2.4,11.77,6.13104747,2.61,1.90666476,7.41110546,5.2714558,5.152,6.465,0.21100558,70.68,4.03,5.44,1.384,0.40650002,1.46453193,6.26,0.944173,
2020-09-27,20.32,3.2451003,2.75,3.59,1.03118019,1.527,30.3561592,8.80850008,4.775,,12.31,3.45416586,2.36,11.56,6.06073164,2.54,1.88999811,7.23332782,5.13966941,5.04,6.315,0.20518741,70.019997,3.93,5.38,1.371,0.40050002,1.41495142,6.1,0.943308,
2020-09-28,19.870001,3.26322935,2.71,3.56,1.03857217,1.606,30.31536828,8.6152334,4.58,,12.35,3.49368721,2.42,11.68,6.04258574,2.53,1.95333138,7.24443892,5.11770501,5.032,6.3075,0.21294497,71.040001,3.89,5.45,1.4,0.39650002,1.39588199,6.13,0.943308,
2020-09-29,19.120001,3.33574556,2.69,3.45,1.04226815,1.624,30.27004796,8.99433342,4.59,,12.18,3.43045305,2.44,11.71,5.97453883,2.5,1.97999802,7.3833277,5.11038354,5.136,6.2625,0.2175995,71.43,3.96,5.75,1.432,0.38450002,1.37299868,6.23,0.940712,
2020-09-30,19.34,3.42941233,2.65,3.44,1.01639625,1.592,30.17034081,9.06123342,4.6,,11.99,3.3909317,2.45,11.73,5.89288226,2.48,1.98666468,7.63332751,5.13966941,5.2,6.21,0.21915101,71.540001,3.91,5.83,1.45,0.38450002,1.36155703,6.21,0.933788,
2020-10-01,19.33,3.36596065,2.62,3.51,0.99422033,1.573,30.16580778,8.95716675,4.64,,12.03,3.42254878,2.49,11.7,5.88834556,2.42,1.95666471,7.63332751,5.34002637,5.08,6.12,0.21643587,71.010002,3.91,5.91,1.415,0.35050002,1.39588199,6.34,0.925134,
2020-10-04,19.530001,3.35689612,2.67,3.64,1.02378822,1.593,30.2065987,8.92743341,4.735,,12.29,3.4699744,2.5,11.9,5.98134377,2.49,1.98333135,7.66666082,5.3314549,5.048,6.2175,0.21604799,71.040001,3.93,6.23,1.44,0.37150002,1.43020696,6.37,0.923403,
2020-10-05,19.360001,3.44451987,2.7,3.59,1.04226815,1.582,30.15674489,9.09096675,4.945,,12.98,3.44626159,2.48,11.94,6.04258574,2.49,1.999998,7.49999428,5.28002607,5.112,6.0525,0.21721162,71.919998,3.93,6.22,1.44,0.39150002,1.40350976,6.41,0.925134,
2020-10-06,18.99,3.4566059,2.67,3.46,1.01639625,1.551,30.10235806,8.93486675,4.77,,12.98,3.39883597,2.44,11.97,6.38282143,2.44,2.00666466,7.48888318,5.11716813,5.032,5.9475,0.21333284,69.339996,3.86,6.15,1.42,0.38300002,1.39206811,6.38,0.91648,
2020-10-07,18.91,3.44149836,2.67,3.49,1.01639625,1.564,30.38335103,9.07610008,4.775,,13.26,3.43045305,2.53,12.21,6.58015836,2.48,2.08333125,7.54999424,5.22002578,5.048,5.8875,0.21449648,71.300003,4.02,6.11,1.453,0.38650002,1.43402084,6.54,0.913884,
2020-10-11,18.93,3.55329418,2.69,3.51,1.03118019,1.568,30.98159122,9.17273342,4.775,,13.07,3.50949575,2.57,12.38,6.4032358,2.63,2.20999779,7.68332748,5.22002578,5.168,6.0525,0.21643587,71.339996,4.1,6.03,1.488,0.38900002,1.4187653,6.71,0.910422,
2020-10-12,18.77,3.66206849,2.72,3.48,1.10509992,1.601,30.80937147,9.04636675,4.74,,12.4,3.69129395,2.57,12.5,6.38282143,2.76,2.31666435,7.76110519,5.17716842,5.168,6.0975,0.22070252,70.029999,4.08,6.09,1.491,0.39850002,1.42639307,6.74,0.912153,
2020-10-13,18.389999,3.64091793,2.77,3.44,1.13466781,1.596,30.80030541,9.15043342,4.65,,12.26,3.77033665,2.63,12.6,6.38962637,2.82,2.3999976,7.75554964,5.16859695,5.16,6.0825,0.21992677,71.370003,4.03,5.98,1.496,0.39900002,1.4187653,6.87,0.923403,
2020-10-14,17.969999,3.52912211,2.69,3.37,1.09401196,1.568,30.63714854,9.15786675,4.625,,11.95,3.74662384,2.58,12.59,6.33065219,2.76,2.29666437,7.55554979,5.11716813,5.144,6.03,0.21488436,70.480003,3.93,5.85,1.464,0.40500002,1.37299868,6.77,0.918211,
2020-10-15,18.200001,3.61674586,2.7,3.45,1.10509992,1.584,30.64621505,9.15786675,4.62,,12.04,3.71500676,2.55,12.63,6.45540505,2.98,2.27333106,7.58332755,5.17716842,5.184,6.27,0.21488436,70.610001,3.96,6.15,1.464,0.40900002,1.37681257,6.78,0.915614,
2020-10-18,18.030001,3.57142323,2.68,3.4,1.11988387,1.584,30.69153537,9.07610008,4.605,,11.93,3.59644271,2.56,12.44,6.52798912,2.98,2.23999776,7.64443862,5.08288224,5.336,6.18,0.21488436,71.839996,4.04,6.23,1.447,0.41250002,1.36155703,6.77,0.912153,
2020-10-19,17.969999,3.5230791,2.65,3.34,1.09401196,1.555,30.38788406,9.03893342,4.615,,11.7,3.43835732,2.51,12.3,6.45086903,3.0,2.19333114,7.38888326,5.05716783,5.312,6.1425,0.21372072,72.510002,3.92,6.15,1.427,0.41250002,1.35011537,6.64,0.909556,
2020-10-20,17.98,3.49890703,2.6,3.34,1.08661999,1.55,30.22019416,9.01663342,4.63,,11.67,3.39883597,2.49,12.41,6.37148047,3.05,2.18999781,7.29443888,5.07431077,5.32,6.0975,0.21682374,74.080002,3.88,6.09,1.414,0.40050002,1.36155703,6.73,0.910422,
2020-10-21,17.09,3.61976737,2.56,3.27,1.06074808,1.524,30.27458099,8.92000008,4.57,,11.65,3.34350608,2.47,12.27,6.29209214,3.0,2.14999785,7.44443877,5.08288224,5.312,6.12,0.2141086,74.699997,3.81,6.0,1.4,0.40050002,1.35774314,6.64,0.909556,
2020-10-22,17.35,3.5230791,2.5,3.17,1.02009223,1.498,30.18393627,8.91256675,4.53,,11.38,3.311889,2.46,12.34,6.33292043,2.88,2.14666452,7.42221656,4.98859606,5.232,6.0975,0.20906619,71.339996,3.78,5.94,1.374,0.39750002,1.32341817,6.53,0.912153,
2020-10-25,16.92,3.38106819,2.4,2.97,0.94986849,1.407,30.18393627,8.86053341,4.5,,10.79,3.10637799,2.36,12.04,6.20589933,2.76,2.13999786,7.23332782,5.08288224,5.408,5.85,0.19859348,70.019997,3.62,5.89,1.34,0.39750002,1.28527932,6.35,0.909556,
2020-10-26,16.57,3.29042293,2.37,2.94,0.92399659,1.371,28.02211555,8.91256675,4.505,,10.61,3.11428226,2.33,11.94,6.12424253,2.77,2.11999788,7.1666612,5.19431137,5.344,5.8125,0.19626622,69.879997,3.6,5.87,1.321,0.39750002,1.29672098,6.31,0.898306,
2020-10-27,16.709999,3.33876707,2.39,3.03,0.92769258,1.385,27.39668217,8.92743341,4.455,,10.71,3.17751642,2.34,12.02,6.43272312,2.77,2.15999784,6.99443911,5.34002637,5.344,5.895,0.19781773,70.239998,3.59,6.13,1.325,0.39500002,1.32341817,6.29,0.899171,
2020-10-28,17.1,3.36293914,2.42,3.09,0.94986849,1.396,27.51451645,8.92743341,4.48,,11.03,3.20122923,2.35,12.19,6.85007891,2.74,2.18666448,7.02221687,5.28859754,5.296,6.0525,0.19975712,70.099998,3.65,6.26,1.352,0.39500002,1.33867371,6.28,0.900037,
2020-11-01,17.190001,3.3508531,2.39,3.04,0.92769258,1.375,27.66860862,8.89770008,4.515,,10.98,3.16170788,2.3,11.84,7.40352852,2.68,2.11666455,6.86666143,5.15145401,5.248,5.97,0.19820561,69.480003,3.55,6.25,1.326,0.39500002,1.37299868,6.1,0.897441,
2020-11-02,16.809999,3.33876707,2.33,3.0,0.89812468,1.349,27.65501271,8.89026675,4.515,,10.95,3.08266518,2.26,12.07,7.34455479,2.62,2.03666463,6.74999485,5.09145371,5.224,5.805,0.19161168,68.989998,3.51,6.18,1.304,0.39500002,1.36155703,6.0,0.89571,
2020-11-03,17.93,3.36596065,2.4,2.94,0.87594877,1.336,27.85442566,8.88283341,4.525,,10.64,3.16961215,2.2,12.17,7.35362706,2.56,1.99666467,6.66666158,5.04002489,5.28,5.7075,0.18269049,68.169998,3.43,6.1,1.259,0.37050002,1.33104594,5.91,0.896575,
2020-11-04,18.280001,3.32970254,2.39,2.88,0.87225278,1.31,28.31670262,8.79363341,4.525,,10.61,3.12218653,2.23,12.15,7.31506747,2.59,1.98999801,6.76110596,5.04859636,5.288,5.7525,0.18307837,68.82,3.39,6.0,1.251,0.37050002,1.32723206,5.95,0.898306,
2020-11-05,18.66,3.32668103,2.39,2.94,0.89073271,1.323,28.38468492,8.77133341,4.525,,10.79,3.14589934,2.24,12.44,7.85717612,2.71,2.02333131,6.78332816,5.0657393,5.392,5.9175,0.18540564,69.010002,3.44,6.07,1.26,0.37050002,1.34630148,6.04,0.892248,
2020-11-08,18.559999,3.34783159,2.37,3.04,0.87964475,1.32,28.66567607,8.85310008,4.525,,10.71,3.13799507,2.26,12.47,7.67571731,2.68,2.01666465,6.79443926,5.0657393,5.496,6.0225,0.18462988,69.0,3.42,6.21,1.261,0.37050002,1.37681257,6.08,0.896575,
2020-11-09,18.459999,3.34481008,2.38,3.02,0.88334074,1.323,28.7608502,9.01663342,4.525,,10.9,3.1300908,2.24,12.5,7.6439622,2.66,2.00666466,6.79443926,5.24574019,5.448,6.1725,0.18540564,68.690002,3.41,6.39,1.264,0.37050002,1.38444034,6.05,0.900037,
2020-11-10,18.610001,3.43847685,2.44,3.05,0.92769258,1.361,28.86508902,9.26193342,4.525,,11.33,3.19332496,2.28,12.47,7.70974133,2.8,2.06333127,7.04443907,5.38288372,5.608,6.3075,0.18967229,69.010002,3.57,6.51,1.278,0.37050002,1.41113753,6.27,0.902633,
2020-11-11,18.83,3.50495004,2.51,3.08,0.97204441,1.415,29.40441071,9.32140008,4.555,,11.6,3.28027193,2.32,12.64,7.33774939,2.9,2.11333122,7.39999436,5.46002696,5.568,6.42,0.19393895,72.669998,4.17,7.02,1.314,0.38500002,1.43020696,6.54,0.919076,
2020-11-12,18.799999,3.61976737,2.54,3.12,0.9757404,1.428,29.42707269,8.16180007,4.59,,11.54,3.311889,2.34,12.44,7.22660641,2.89,2.0999979,7.48332763,5.40002667,5.528,6.6,0.19549046,72.870003,4.31,7.14,1.316,0.40100007,1.43402084,6.52,0.92773,
2020-11-15,19.049999,3.6288319,2.56,3.2,0.97943638,1.412,29.36815645,8.16180007,4.62,,11.69,3.34350608,2.34,12.31,7.38538307,3.1,2.10666456,7.45554987,5.42574108,5.608,6.4875,0.19781773,72.550003,4.19,7.23,1.332,0.42850002,1.42639307,6.44,0.925134,
2020-11-16,19.23,3.5955953,2.56,3.25,1.01639625,1.409,29.01918119,8.14693341,4.58,,11.51,3.30398473,2.34,12.16,7.32640843,3.16,2.11999788,7.49443873,5.48574138,5.6,6.4875,0.19549046,73.669998,4.29,7.11,1.341,0.42650002,1.41113753,6.37,0.926865,
2020-11-17,19.440001,3.56840173,2.57,3.19,1.00530829,1.411,28.92854009,8.11720007,4.585,,11.4,3.311889,2.36,12.44,7.30599429,3.25,2.1666645,7.5888831,5.26288313,5.68,6.405,0.19393895,74.400002,4.31,7.31,1.349,0.42650002,1.39206811,6.58,0.925999,
2020-11-18,20.0,3.59257379,2.59,3.18,1.01639625,1.455,28.83336416,8.10976674,4.665,,11.58,3.32769754,2.42,12.69,7.25609328,3.31,2.22333111,7.69999413,5.2714546,5.736,6.5775,0.19781773,76.910004,4.66,7.44,1.377,0.39750002,1.44927639,6.8,0.922538,
2020-11-19,19.809999,3.59257379,2.55,3.12,0.99791632,1.446,28.71552987,8.13206674,4.755,,11.6,3.24865485,2.42,12.76,7.25609328,3.21,2.1999978,7.56110535,5.15145401,5.6,6.5925,0.19859348,76.43,4.54,7.4,1.357,0.39950002,1.41113753,6.73,0.909556,
2020-11-22,19.59,3.55329418,2.52,3.17,0.97204441,1.418,28.39374962,8.0577334,4.7600005,,11.71,3.19332496,2.43,12.55,7.0360742,3.16,2.28999771,7.43888322,4.94573871,5.616,6.4725,0.19975712,77.309998,4.53,7.64,1.343,0.39950002,1.41113753,6.72,0.903499,
2020-11-23,19.35,3.50192853,2.49,3.1,0.94986849,1.417,28.25325291,7.90906673,4.75,,11.7,3.16961215,2.44,12.69,7.02700125,3.23,2.28333105,7.45554987,5.01431048,5.6,6.405,0.19665409,79.160004,4.44,7.56,1.336,0.39950002,1.42639307,6.67,0.907826,
2020-11-24,19.709999,3.50495004,2.51,3.14,0.96465244,1.407,28.14448105,7.91650007,4.75,,11.78,3.28027193,2.45,12.77,6.98390495,3.22,2.35666431,7.42777211,5.02288195,5.656,6.39,0.20673892,80.0,4.6,7.5,1.347,0.39950002,1.49885689,6.88,0.904364,
2020-11-25,19.84,3.50495004,2.57,3.23,0.98682836,1.436,28.33936278,7.93136673,4.835,,11.66,3.30398473,2.49,12.88,7.02246454,3.23,2.37333096,7.54443869,4.94573871,5.76,6.5625,0.21837526,83.93,4.81,7.49,1.38,0.39950002,1.55225129,7.21,0.899171,
2020-11-26,20.190001,3.47775647,2.61,3.23,0.98313237,1.468,28.69286926,7.97596673,4.855,,11.57,3.29608046,2.48,12.9,7.02019676,3.3,2.28666438,7.74443854,4.76573782,5.776,6.5325,0.21566011,83.129997,4.79,7.56,1.397,0.39950002,1.54080963,7.14,0.891383,
2020-11-29,20.709999,3.46264892,2.67,3.25,0.96095645,1.441,28.40734508,8.08746674,4.81,,11.5,3.53320856,2.5,12.78,6.81605489,3.24,2.25333108,7.57221645,4.71430899,5.776,6.42,0.21255709,82.690002,4.73,7.5,1.387,0.39950002,1.53699575,7.11,0.887056,
2020-11-30,20.469999,3.47775647,2.76,3.3,0.9757404,1.486,28.40281205,8.19153341,4.825,,11.66,3.62805979,2.53,12.6,6.79790898,3.23,2.2666644,7.62221641,4.73145194,5.664,6.5175,0.21837526,82.690002,4.83,7.53,1.406,0.39950002,1.52555409,7.1,0.896575,
2020-12-01,20.33,3.47775647,2.69,3.33,0.9757404,1.501,28.19886789,8.0131334,4.78,,11.58,3.51740002,2.51,12.66,6.89090674,3.37,2.28999771,7.68332748,4.8000237,5.584,6.9075,0.21527223,83.900002,4.79,7.34,1.4,0.39950002,1.49122912,7.08,0.894844,
2020-12-02,20.08,3.47473496,2.7,3.47,0.98682836,1.491,28.62035575,8.21383341,4.78,,11.7,3.59644271,2.64,12.92,7.02473278,3.41,2.25333108,7.74999409,4.74002341,5.504,7.47,0.21488436,83.5,4.62,7.5,1.423,0.39950002,1.49885689,7.16,0.884459,
2020-12-03,20.01,3.53214362,2.67,3.46,1.00530829,1.479,28.52517981,8.6152334,4.68,,11.7,3.50949575,2.75,12.89,7.1540228,3.34,2.23999776,7.72221633,4.67145164,5.16,7.5900001,0.21527223,83.25,4.65,7.42,1.439,0.38550002,1.50648466,7.2,0.877536,
2020-12-06,20.309999,3.79803638,2.7,3.42,0.99791632,1.475,28.39828083,8.74160007,4.705,,11.69,3.63596406,2.68,12.76,7.45343021,3.32,2.21999778,7.65554972,4.62859429,5.264,7.4400001,0.21643587,82.989998,4.68,7.68,1.426,0.38550002,1.54462352,7.15,0.881863,
2020-12-07,21.74,3.77688582,2.75,3.36,1.03857217,1.482,28.39374962,8.79363341,4.6,,12.02,3.62805979,2.67,12.77,7.41033301,3.32,2.21333112,7.63332751,4.53430811,5.144,7.3050001,0.22613281,82.139999,4.79,7.85,1.424,0.38550002,1.49885689,7.11,0.889652,
2020-12-08,21.25,3.75573526,2.77,3.34,1.03857217,1.488,28.36202476,8.84566674,4.605,,12.54,3.58063417,2.61,12.7,7.3808466,3.25,2.20333113,7.68332748,4.45716487,4.88,7.4550001,0.22962372,82.889999,4.9,7.88,1.435,0.38550002,1.45309027,7.01,0.869747,
2020-12-09,21.389999,3.78897186,2.95,3.35,1.02748421,1.517,28.37562067,8.92743341,4.755,,12.6,3.62805979,2.58,12.69,7.31506747,3.27,2.17999782,7.62777196,4.53430811,4.8,7.6425001,0.22884796,84.419998,4.97,7.73,1.451,0.38550002,1.45690416,6.9,0.880998,
2020-12-10,21.059999,3.75875677,3.03,3.28,1.0016123,1.516,28.32123565,9.29910008,4.63,,12.26,3.60434698,2.53,12.52,7.36723694,3.18,2.17333116,7.56110535,4.49145075,4.784,7.3425001,0.22264191,84.32,5.06,7.67,1.445,0.38550002,1.43402084,6.81,0.883594,
2020-12-13,21.0,3.63185341,3.11,3.21,0.9757404,1.482,28.37108719,9.61130009,4.725,,11.88,3.47787867,2.47,12.37,7.37630989,3.09,2.06999793,7.46666097,4.44002193,4.64,7.1325001,0.21721162,84.980003,4.98,7.62,1.406,0.35900002,1.39206811,6.75,0.88619,
2020-12-14,20.809999,3.65602548,3.3,3.2,0.96465244,1.469,28.40281205,9.65590009,4.65,,11.97,3.46207013,2.46,12.35,7.38311438,3.14,2.04999795,7.51110538,4.39716457,4.648,7.3200001,0.21798738,84.910004,5.14,7.59,1.404,0.35900002,1.3691848,6.74,0.891383,
2020-12-15,20.799999,3.70739112,3.2,3.27,0.96465244,1.486,28.33029809,9.95323343,4.65,,12.21,3.49368721,2.48,12.38,7.3422861,3.2,2.08999791,7.51666094,4.66288017,4.768,7.5075001,0.21953889,85.230003,5.1,7.41,1.416,0.35900002,1.37299868,6.8,0.891383,
2020-12-16,21.0,3.64696095,3.22,3.23,0.96095645,1.51,28.34389581,9.71536675,4.6350005,,12.18,3.4699744,2.49,12.31,7.39445534,3.21,2.06999793,7.69443858,4.69716605,4.76,7.32750085,0.21721162,85.790001,4.95,7.37,1.429,0.35900002,1.38444034,6.66,0.889652,
2020-12-17,20.6,3.59257379,3.17,3.2,0.92399659,1.475,28.2623176,9.68563342,4.595,,11.92,3.39883597,2.44,12.17,7.38538307,3.09,2.02999797,7.72221633,4.64573723,4.672,7.2375001,0.21216921,84.970001,4.89,7.2,1.391,0.33350001,1.38444034,6.51,0.884459,
2020-12-20,20.620001,3.61674586,3.15,3.28,0.90551666,1.459,27.65501271,9.65590009,4.525,,11.87,3.34350608,2.42,12.06,7.56003762,3.07,2.04333129,7.61110531,4.58573693,4.512,7.11000009,0.20867831,83.260002,4.86,7.07,1.366,0.33350001,1.37681257,6.49,0.873209,
2020-12-21,21.75,3.64998246,3.18,3.34,0.93138856,1.521,27.44653552,9.66333342,4.505,,12.13,3.3909317,2.46,12.23,7.75056871,3.2,2.03999796,7.9888828,4.62859429,4.624,7.2600001,0.20945406,83.260002,4.99,7.02,1.389,0.33350001,1.40350976,6.53,0.873209,
2020-12-22,20.68,3.48379948,2.91,3.06,0.84638088,1.41,27.24259,9.44776675,4.25,,11.12,3.09056945,2.31,11.51,7.42394289,3.04,1.92333141,7.69443858,4.3885931,4.408,6.63750009,0.19199956,79.739998,4.58,6.67,1.313,0.33350001,1.34630148,6.24,0.863689,
2020-12-23,20.73,3.5230791,2.88,3.07,0.85377285,1.384,27.13835118,9.44776675,4.365,,10.97,3.04314383,2.34,11.6,7.52828161,3.25,1.92999807,7.83332736,4.49145075,4.728,6.62250009,0.19355107,80.019997,4.52,6.75,1.311,0.33350001,1.36537091,6.45,0.878401,
2020-12-24,20.719999,3.50797155,2.98,3.13,0.87594877,1.406,27.13835118,9.40316675,4.34,,11.17,3.16170788,2.35,11.59,7.62808454,3.25,1.93999806,7.96110504,4.44002193,4.784,6.73500009,0.19626622,80.0,4.52,6.78,1.329,0.33350001,1.37681257,6.37,0.867151,
2020-12-27,20.85,3.55027267,2.93,3.13,0.91660462,1.412,27.12928693,9.41803341,4.3,,11.38,3.13799507,2.36,11.64,7.60767039,3.22,1.92666474,7.8055496,4.45716487,4.8,6.73500009,0.20906619,79.050003,4.51,6.8,1.338,0.33350001,1.42639307,6.4,0.87494,
2020-12-28,20.370001,3.47473496,2.85,3.14,0.88703673,1.387,26.75765287,9.30653341,4.2600005,,11.07,3.08266518,2.31,11.49,7.45796669,3.12,1.88333145,7.72777189,4.43145046,4.696,6.66750009,0.21139345,79.32,4.43,6.71,1.303,0.33350001,1.37681257,6.31,0.874074,
2020-12-29,20.51,3.47775647,2.95,3.16,0.8944287,1.398,26.78937773,9.38830008,4.295,,11.07,3.19332496,2.31,11.47,7.47611214,3.15,1.9333314,7.87221622,4.44002193,4.752,6.68250009,0.21372072,80.519997,4.5,6.8,1.311,0.33350001,1.4454625,6.32,0.880998,
2020-12-30,20.51,3.56235871,3.13,3.12,0.89812468,1.428,26.74405514,9.67076675,4.35,,11.18,3.23284631,2.33,11.49,7.48518532,3.31,1.94333139,7.87777177,4.4485934,4.84,6.82500009,0.21216921,81.400002,4.58,6.79,1.313,0.33350001,1.42257919,6.45,0.881863,
2020-12-31,20.48,3.59861681,3.17,3.18,0.92769258,1.448,26.80750667,9.70793342,4.45,,11.38,3.25655912,2.38,11.83,7.51240394,3.36,2.00333133,8.08332717,4.49145075,4.824,6.96750009,0.21604799,82.470001,4.94,6.94,1.335,0.33350001,1.45309027,6.59,0.882728,
2021-01-03,20.68,3.61070285,3.12,3.21,0.94617251,1.437,26.8256338,9.69306675,4.45,,11.33,3.20122923,2.37,11.93,7.60313369,3.32,2.0333313,8.12777158,4.36287869,4.744,6.90000009,0.21566011,83.779999,4.9,6.85,1.364,0.36650002,1.45309027,6.57,0.876671,
2021-01-04,20.780001,3.58350927,3.14,3.2,0.93508455,1.436,26.79844197,9.73766676,4.45,,11.43,3.25655912,2.38,11.9,7.92068655,3.51,2.04999795,8.06110496,4.37145016,4.752,6.84750009,0.21488436,83.059998,4.86,6.78,1.403,0.40300002,1.44927639,6.57,0.87494,
2021-01-05,20.610001,3.51401457,3.11,3.17,0.9203006,1.415,26.66700996,9.70050009,4.43,,11.28,3.2091335,2.35,11.86,8.55806188,3.54,2.03666463,8.01666055,4.38002163,4.848,6.86250009,0.21139345,83.989998,4.73,6.72,1.386,0.44300002,1.41113753,6.55,0.874074,
2021-01-06,20.469999,3.55027267,3.17,3.2,0.91660462,1.483,26.6443498,9.74510009,4.34,,11.58,3.22494204,2.35,11.72,8.91190723,3.62,2.03666463,8.04443831,4.35430722,4.8,6.88500009,0.21100558,83.57,4.75,6.85,1.392,0.48400002,1.39969588,6.59,0.842054,
2021-01-10,20.67,3.59257379,3.28,3.23,0.91660462,1.522,26.83469805,9.66333342,4.355,,11.9,3.29608046,2.37,11.81,8.52630655,3.58,2.06999793,8.25554926,4.36287869,4.928,6.86250009,0.21294497,85.019997,4.73,7.01,1.407,0.52600002,1.40350976,6.7,0.86542,
2021-01-11,20.120001,3.66509,3.46,3.27,0.93878053,1.574,27.76378275,9.67076675,4.355,,12.64,3.32769754,2.45,11.94,8.72364302,3.66,2.06999793,8.67777116,4.33716428,5.024,7.03500009,0.21372072,85.43,4.79,7.01,1.421,0.49600002,1.40350976,6.83,0.883594,
2021-01-12,20.02,3.77084281,3.37,3.32,0.93878053,1.568,28.06743588,9.72280009,4.42,,12.8,3.32769754,2.49,12.09,8.67827804,3.66,2.05999794,8.6166601,4.27716398,5.112,7.32750085,0.2141086,84.980003,4.9,7.02,1.413,0.47250002,1.40350976,6.83,0.880132,
2021-01-13,20.1,3.77084281,3.32,3.54,0.96465244,1.596,28.57050195,9.84916676,4.46,,13.2,3.45416586,2.47,12.02,8.61249982,3.59,2.04333129,8.63332675,4.27716398,5.264,7.5900001,0.2141086,85.879997,4.82,7.24,1.43,0.47500002,1.37299868,6.82,0.880998,
2021-01-14,20.459999,3.65300397,3.28,3.66,1.00530829,1.62,28.61129105,9.91606676,4.55,,12.82,3.40674024,2.53,11.95,8.38340733,3.61,2.0666646,8.64443785,4.28573545,5.472,7.4400001,0.21721162,86.160004,4.88,7.25,1.469,0.48950002,1.35392925,6.92,0.878401,
2021-01-17,20.6,3.62278888,3.36,3.6,0.99422033,1.596,28.79257505,10.30260009,4.69,,13.75,3.35931462,2.53,11.89,8.39701698,3.59,2.05333128,8.6166601,4.31144986,5.632,7.4550001,0.21527223,87.209999,4.84,7.24,1.469,0.50350002,1.33104594,6.87,0.885325,
2021-01-18,21.469999,3.6288319,3.31,3.63,0.98313237,1.572,28.54330876,10.40666676,4.66,,14.06,3.32769754,2.54,11.85,8.37660284,3.58,2.03666463,8.68332671,4.50859369,5.728,7.6500001,0.21372072,93.580002,4.86,7.18,1.463,0.54600002,1.37681257,7.0,0.914749,
2021-01-19,21.040001,3.67113302,3.25,3.57,0.96834843,1.548,28.57956619,10.51816676,4.615,,13.62,3.26446339,2.5,11.79,8.36526188,3.54,2.00666466,8.66110451,4.50002222,5.544,7.6425001,0.21139345,94.75,4.8,7.2,1.452,0.60050003,1.38825422,7.14,0.930327,
2021-01-20,21.360001,3.63789642,3.27,3.65,0.96834843,1.56,28.69286926,10.5702001,4.605,,13.98,3.27236766,2.52,11.79,8.7327162,3.57,2.01999798,8.75554888,4.51716516,5.44,8.03250011,0.21100558,93.43,4.83,7.3,1.491,0.65150003,1.3691848,7.18,0.925134,
2021-01-21,21.969999,3.67113302,3.29,3.67,1.03487618,1.568,28.93760253,10.80063342,4.625,,14.03,3.31979327,2.59,11.79,8.91871172,3.7,2.03666463,8.86110435,4.57716546,5.448,8.43000011,0.21915101,93.660004,5.12,7.32,1.522,0.71650003,1.37299868,7.25,0.918211,
2021-01-24,21.99,3.66811151,3.28,3.57,1.06074808,1.561,29.13248426,10.94186676,4.625,,13.81,3.2881762,2.64,11.65,9.2226556,3.69,2.07333126,8.86110435,4.50002222,5.376,8.26500011,0.2210904,95.279999,5.18,7.27,1.521,0.75100003,1.36537091,7.51,0.904364,
2021-01-25,21.959999,3.64696095,3.25,3.52,1.06814006,1.554,28.59316211,10.92700009,4.525,,13.88,3.27236766,2.6,11.64,9.17048613,3.67,2.04999795,8.72777112,4.45716487,5.28,8.18250011,0.21915101,93.699997,5.28,7.28,1.507,0.80950008,1.36155703,7.48,0.90696,
2021-01-26,21.67,3.64998246,3.22,3.53,1.07183604,1.567,28.47532782,10.65196677,4.5,,13.79,3.311889,2.61,11.67,9.28843473,3.62,2.0666646,8.78888219,4.41430751,5.312,8.13000011,0.22380555,93.699997,5.42,7.3,1.546,0.78250003,1.37681257,7.5,0.908691,
2021-01-27,21.530001,3.64091793,3.22,3.52,1.08661999,1.591,28.49798798,10.75603344,4.5,,13.94,3.32769754,2.63,11.64,9.32245762,3.64,2.05999794,8.75554888,4.39716457,5.52,8.33250011,0.22419343,93.730003,5.26,7.21,1.58,0.82850004,1.35774314,7.47,0.908691,
2021-01-31,22.58,3.64091793,3.25,3.5,1.10140393,1.581,28.54330876,11.1500001,4.515,,14.09,3.33560181,2.64,11.66,9.40865112,3.6,2.03666463,8.77777109,4.41430751,5.608,8.26500011,0.22419343,96.150002,5.31,7.15,1.571,0.86899999,1.34630148,7.48,0.908691,
2021-02-01,23.450001,3.61070285,3.23,3.47,1.082924,1.544,28.70646518,11.04593343,4.5,,13.98,3.27236766,2.59,11.66,10.0165389,3.58,2.00999799,8.72221557,4.46573634,5.56,8.24250011,0.22031465,95.400002,5.19,7.08,1.553,0.94650004,1.36155703,7.34,0.905229,
2021-02-02,23.82,3.61372436,3.32,3.53,1.07553203,1.564,28.37108719,11.05336676,4.5,,13.98,3.30398473,2.66,11.74,10.45204104,3.57,2.00666466,8.81665994,4.45716487,5.52,8.22000011,0.21915101,98.309998,5.18,7.09,1.632,1.12000005,1.35392925,7.39,0.926865,
2021-02-03,23.52,3.6288319,3.36,3.58,1.07183604,1.598,28.60675802,11.07566676,4.52,,13.81,3.42254878,2.76,11.81,10.12995079,3.69,2.02666464,8.79443774,4.45716487,5.52,8.25000011,0.21953889,100.99,5.23,7.05,1.715,1.2305001,1.35011537,7.48,0.935519,
2021-02-04,22.950001,3.63487492,3.31,3.57,1.082924,1.622,28.69740093,11.02363343,4.55,,13.71,3.43045305,2.72,11.81,10.10499995,3.68,1.999998,8.70554892,4.4485934,5.44,8.35500011,0.21992677,98.32,5.28,6.99,1.723,1.35350006,1.40732365,7.45,0.933788,
2021-02-07,22.83,3.67113302,3.26,3.48,1.10140393,1.613,28.65208016,11.00133343,4.555,,13.29,3.35141035,2.65,11.59,10.3499701,3.67,1.97333136,8.49999352,4.43145046,5.384,8.14500011,0.21798738,95.730003,5.1,6.99,1.696,1.48850006,1.36537091,7.32,0.934654,
2021-02-08,22.59,3.79803638,3.3,3.45,1.15684373,1.604,28.43453872,10.91213343,4.56,,13.3,3.33560181,2.66,11.57,10.63576764,3.82,1.95333138,8.56110458,4.42287898,4.816,8.11500011,0.23427825,95.949997,5.11,6.96,1.716,1.63700017,1.35392925,7.28,0.932057,
2021-02-09,22.049999,3.77084281,3.35,3.38,1.13466781,1.593,28.02664677,10.73373344,4.55,,13.13,3.33560181,2.61,11.46,10.87166461,3.85,1.9333314,8.72221557,4.3285928,4.736,7.98000011,0.25212063,95.860001,4.97,6.85,1.705,1.62150007,1.33485983,7.17,0.931192,
2021-02-10,21.98,3.68624056,3.28,3.35,1.10879591,1.564,27.6232883,10.83780009,4.55,,13.04,3.2881762,2.6,11.52,10.80134901,3.8,1.92666474,8.75554888,4.29430692,4.704,7.8600001,0.24824185,95.160004,4.99,6.86,1.68,1.43900011,1.31960429,7.15,0.932057,
2021-02-11,21.93,3.70739112,3.3,3.45,1.12727584,1.568,27.66407741,11.00876676,4.545,,13.24,3.31979327,2.6,11.56,11.25726529,3.85,1.93666473,8.79443774,4.33716428,4.792,7.91250011,0.250957,95.790001,5.0,6.86,1.709,1.57700012,1.31960429,7.17,0.964943,
2021-02-14,21.85,3.71947716,3.31,3.46,1.10879591,1.579,27.5824992,11.07566676,4.55,,13.38,3.39883597,2.57,11.57,11.20509605,3.98,1.9333314,8.77221553,4.38002163,4.8,8.01000011,0.250957,95.040001,4.95,6.89,1.757,1.55850007,1.31197652,7.13,0.991771,
2021-02-15,21.370001,3.65300397,3.27,3.37,1.09031598,1.555,27.61422361,10.76346677,4.535,,13.61,3.35141035,2.53,11.59,11.4818204,3.87,1.87999812,8.81665994,4.40573604,4.728,7.7700001,0.250957,94.150002,4.91,6.91,1.757,1.42250011,1.30053486,6.99,0.975328,
2021-02-16,21.370001,3.70134811,3.24,3.3,1.06444407,1.54,27.61875527,10.80063342,4.54,,13.18,3.26446339,2.5,11.55,11.75174117,3.84,1.87333146,8.76665998,4.40573604,4.68,7.6275001,0.250957,94.150002,4.9,6.82,1.778,1.38200001,1.30434875,6.99,0.982252,
2021-02-17,21.48,3.7345847,3.27,3.28,1.082924,1.545,27.71846243,10.7040001,4.55,,13.15,3.29608046,2.56,11.53,11.30489807,3.86,1.91999808,8.73332667,4.56002252,4.664,7.6200001,0.169,94.019997,4.86,6.97,1.799,1.40400006,1.31960429,7.03,0.993502,
2021-02-18,21.209999,3.63487492,3.21,3.21,1.04596414,1.514,27.37855323,10.59993343,4.55,,13.06,3.21703777,2.5,11.48,11.14612118,3.81,1.91333142,8.67777116,4.47430781,4.624,7.4100001,0.256,94.209999,4.8,6.88,1.762,1.30650001,1.30053486,7.01,0.977059,
2021-02-21,21.91,3.58048776,3.21,3.19,1.01639625,1.488,27.21539635,10.39923343,4.55,,12.91,3.2091335,2.48,11.48,11.23685115,3.72,1.89666477,8.64443785,4.4485934,4.552,7.3425001,0.267,94.050003,4.88,6.96,1.706,1.30550011,1.29672098,6.97,0.982252,
2021-02-22,21.74,3.64998246,3.22,3.21,1.03118019,1.499,27.39214914,10.47356676,4.5100005,,13.92,3.21703777,2.48,11.48,11.27314296,3.8,1.92666474,8.58332679,4.58573693,4.592,7.6275001,0.261,94.050003,4.92,7.04,1.704,1.36200006,1.30434875,6.98,0.983117,
2021-02-23,21.67,3.60768134,3.18,3.22,1.02748421,1.507,27.83629671,10.78576676,4.55,,13.97,3.2091335,2.5,11.42,11.54986731,3.81,1.90999809,8.6166601,4.6543087,4.664,7.5525001,0.254,94.279999,4.87,7.02,1.705,1.35300001,1.29672098,6.97,0.995233,
2021-02-24,21.610001,3.58350927,3.12,3.19,0.98313237,1.486,27.55077434,10.7709001,4.5,,13.67,3.16170788,2.45,11.35,11.12117056,3.68,1.85999814,8.59443789,4.53430811,4.576,7.5375001,0.244,93.480003,5.1,6.93,1.674,1.35000006,1.27765155,6.9,0.995233,
2021-02-25,21.959999,3.5955953,3.11,3.2,0.96465244,1.467,27.80457185,10.81550009,4.46,,13.55,3.19332496,2.46,11.57,10.6902058,3.73,1.84666482,8.54443793,4.52573663,4.544,7.5075001,0.239,93.400002,5.23,6.94,1.646,1.36850011,1.25858212,6.87,0.98831,
2021-02-28,22.200001,3.64091793,3.14,3.25,0.99052434,1.48,28.2623176,11.0385001,4.5,,13.98,3.17751642,2.47,11.75,10.93744374,3.81,1.87333146,8.66666006,4.62859429,4.616,7.5150001,0.247,94.389999,5.69,7.09,1.673,1.40300001,1.25858212,6.88,1.001291,
2021-03-01,21.940001,3.6983266,3.03,3.19,0.97204441,1.455,27.83176549,11.04593343,4.5,,13.69,3.10637799,2.45,11.64,10.76732589,3.88,1.84666482,8.56666013,4.8000237,4.64,7.4025001,0.265,93.139999,5.73,7.33,1.692,1.29300011,1.25476824,6.83,1.002156,
2021-03-02,22.1,3.70436961,3.01,3.15,0.95356448,1.456,28.04024269,10.96416676,4.495,,13.65,3.11428226,2.5,11.51,10.53142892,3.99,1.78999821,8.54999348,4.71430899,4.576,7.3500001,0.264,93.220001,5.53,7.38,1.682,1.24250005,1.2395127,6.8,0.983117,
2021-03-03,22.34,3.68321905,3.03,3.14,0.94986849,1.455,27.89974779,10.94186676,4.5,,13.71,3.07476091,2.43,11.45,10.40213958,3.95,1.74333159,8.50554907,4.55145105,4.568,7.2525001,0.263,93.220001,5.79,7.26,1.71,1.19550005,1.24714047,6.69,0.962347,
2021-03-04,21.9,3.56538022,2.94,3.05,0.90921264,1.407,28.02664677,10.85266676,4.5,,13.17,2.99571822,2.39,11.26,10.40213958,3.84,1.69666497,8.32221588,4.42287898,4.52,7.00500009,0.259,92.879997,5.6,7.12,1.701,1.12100005,1.20900162,6.63,0.968405,
2021-03-07,21.790001,3.56840173,2.9,3.09,0.8944287,1.386,27.61422361,10.74116677,4.5,,13.5,2.99571822,2.4,11.22,10.48606416,3.95,1.72999827,8.32777143,4.44002193,4.552,6.89250009,0.266,92.879997,5.72,7.18,1.717,1.1765001,1.19374608,6.7,0.980521,
2021-03-08,22.459999,3.60163832,3.13,3.16,0.91660462,1.431,28.37108719,10.71886677,4.445,,13.61,3.14589934,2.45,11.47,10.97827225,4.01,1.7333316,8.31666033,4.45716487,4.56,6.96000009,0.283,93.970001,5.78,7.18,1.717,1.2515001,1.20518773,6.71,0.984848,
2021-03-09,22.639999,3.56840173,3.23,3.13,0.91290863,1.411,28.20793259,10.5702001,4.395,,13.26,3.27236766,2.42,11.26,10.80134901,3.9,1.71999828,8.19999375,4.38002163,4.496,6.84750009,0.283,94.0,5.67,7.14,1.701,1.244,1.19755996,6.55,0.981386,
2021-03-10,21.48,3.57746625,3.16,3.12,0.89073271,1.389,28.06743588,10.39180009,4.31,,13.17,3.19332496,2.43,11.16,10.58133061,3.88,1.74666492,8.06666052,4.37145016,4.496,6.84750009,0.285,92.980003,5.61,7.16,1.707,1.29900006,1.1861183,6.46,0.964943,
2021-03-11,21.59,3.55631569,3.13,3.12,0.89073271,1.372,27.67767332,10.36950009,4.315,,13.07,3.11428226,2.41,11.13,10.31745891,3.87,1.70999829,8.14443823,4.33716428,4.44,6.78000009,0.299,92.980003,5.62,7.16,1.678,1.28950011,1.16704888,6.38,0.970136,
2021-03-14,21.379999,3.4898425,3.14,3.19,0.90921264,1.382,27.64594846,10.39180009,4.41,,13.07,3.14589934,2.43,11.09,10.47166885,3.94,1.70333163,8.12221603,4.34573575,4.416,7.2000001,0.315,92.980003,5.62,7.26,1.702,1.29300011,1.15179334,6.46,0.984848,
2021-03-15,21.49,3.53818664,3.06,3.22,0.8944287,1.371,27.5824992,10.06473342,4.405,,13.26,3.11428226,2.43,11.0,11.18161188,3.95,1.71999828,8.07777162,4.30287839,4.384,7.5000001,0.307,92.980003,5.96,7.23,1.711,1.223,1.14416557,6.58,0.994368,
2021-03-16,20.98,3.49286401,3.03,3.14,0.85377285,1.36,27.76831578,10.18366675,4.405,,12.92,3.01152676,2.4,10.83,10.84700701,4.07,1.66333167,8.011105,4.16573486,4.272,7.2750001,0.305,92.970001,5.88,7.14,1.677,1.12600005,1.13272391,6.52,1.003887,
2021-03-17,21.4,3.50797155,2.98,3.12,0.83529292,1.335,27.81363655,10.0350001,4.25,,12.77,2.98781395,2.4,10.79,10.74808045,4.17,1.67333166,8.011105,4.10573456,4.232,7.11000009,0.302,92.5,5.99,7.06,1.632,1.13850005,1.14416557,6.52,1.000426,
2021-03-18,21.01,3.50192853,2.99,3.11,0.8389889,1.339,27.44200249,10.0350001,4.175,,12.73,2.98781395,2.41,10.77,10.42511517,4.08,1.65666501,7.95554949,4.00287691,4.216,7.02000009,0.31,92.849998,5.89,7.13,1.663,1.2520001,1.14035168,6.5,1.005618,
2021-03-21,20.809999,3.48682099,2.94,3.08,0.82050897,1.33,27.46919613,9.04636675,4.175,,12.58,2.97200541,2.39,10.72,10.17488885,4.04,1.66333167,7.98332725,3.86573338,4.28,7.05000009,0.31,91.629997,5.78,7.08,1.67,1.37400006,1.13272391,6.42,1.002156,
2021-03-22,20.74,3.42941233,2.87,3.0,0.80202904,1.311,27.27884607,9.22476676,4.1,,12.22,2.85344136,2.37,10.47,9.85483172,3.83,1.59333174,7.96110504,3.68573249,4.232,6.80250009,0.315,91.0,5.54,6.99,1.664,1.28750006,1.12509614,6.36,1.003022,
2021-03-23,20.02,3.34178858,2.66,2.77,0.73919727,1.234,26.79390894,8.71186674,4.16,,11.23,2.62421754,2.31,10.27,9.41257148,3.7,1.51999848,7.8055496,3.72001837,4.136,6.58500009,0.298,90.389999,5.29,6.93,1.626,1.165,1.0831434,6.29,0.990906,
2021-03-24,20.120001,3.23301426,2.62,2.8,0.68745346,1.162,26.65341405,8.34763341,4.145,,11.01,2.48194069,2.31,10.33,9.59587717,3.8,1.49333184,7.75554964,3.66858954,4.232,6.15750008,0.285,89.93,5.45,6.89,1.6,1.09,1.01067958,6.23,0.977925,
2021-03-25,21.200001,3.21488521,2.65,2.8,0.72441333,1.201,27.13381815,8.56320007,4.24,,11.75,2.55307911,2.32,10.82,9.86937946,3.87,1.52333181,7.74443854,3.88287632,4.344,6.42000009,0.29,91.010002,5.39,7.17,1.64,1.15,1.02974901,6.36,0.972732,
2021-03-28,21.59,3.22394974,2.58,2.73,0.70962938,1.214,27.60062814,9.22476676,4.2600005,,11.86,2.57679192,2.34,10.8,10.15161143,3.86,1.56333177,7.7722163,3.90859073,4.376,6.66750009,0.288,90.0,5.41,7.18,1.666,1.085,1.04119067,6.31,0.97879,
2021-03-29,21.5,3.22394974,2.61,2.79,0.73550128,1.231,27.43747127,9.03150008,4.2600005,,11.84,2.608409,2.31,11.03,10.22144253,3.81,1.58666508,7.83888291,3.95144808,4.464,6.94500009,0.288,89.489998,5.37,7.34,1.678,1.13,1.06407398,6.31,0.992637,
2021-03-30,21.1,3.2118637,2.6,2.86,0.74326286,1.239,26.75765287,8.70443341,4.2600005,,11.82,2.67164316,2.3,11.1,10.17197866,3.88,1.54999845,8.07221607,3.90001926,4.52,7.03500009,0.291,89.489998,5.44,7.46,1.648,1.16,1.0335629,6.33,0.994368,
2021-03-31,21.379999,3.24812181,2.61,2.93,0.77135235,1.255,26.72592801,8.48143342,4.245,,11.83,2.71906878,2.32,11.25,10.07596228,3.88,1.58666508,8.12777158,3.88287632,4.576,6.97500009,0.298,88.989998,5.41,7.35,1.644,1.235,1.0335629,6.4,0.992637,
2021-04-01,21.379999,3.26927237,2.58,2.82,0.75065483,1.236,26.1866045,8.48886675,4.245,,11.64,2.65583462,2.28,11.12,9.63370233,3.85,1.59666507,8.08332717,3.78859014,4.536,6.76500084,0.292,88.019997,5.32,7.28,1.606,1.315,1.02212124,6.25,0.997829,
2021-04-04,20.93,3.32063802,2.61,2.93,0.76506918,1.262,25.91467759,8.49630008,4.28,,11.99,2.6874517,2.3,11.26,9.67152748,3.88,1.71999828,8.12221603,3.81430455,4.56,6.90750009,0.29,89.879997,5.27,7.44,1.622,1.37,1.03737678,6.21,1.003022,
2021-04-05,20.0,3.26927237,2.56,2.86,0.73550128,1.234,25.52491504,8.63010007,4.28,,11.99,2.62421754,2.28,11.12,9.53186528,3.81,1.68333165,8.05554941,3.67716102,4.52,6.92250009,0.281,89.879997,5.23,7.46,1.591,1.485,1.01830735,6.08,1.003022,
2021-04-06,20.98,3.15747655,2.42,2.77,0.68745346,1.171,24.7272619,8.80850008,4.21,,11.19,2.48984496,2.23,10.98,9.59587717,3.63,1.60333173,7.93332728,3.54001748,4.464,6.54000009,0.268,89.879997,5.21,7.29,1.586,1.44,0.97254073,6.0,0.993502,
2021-04-07,20.57,3.13028297,2.41,2.83,0.68006149,1.136,24.76805146,8.89026675,4.235,,10.83,2.48984496,2.27,11.05,9.69771393,3.6,1.58999841,7.95554949,3.54001748,4.472,6.48750009,0.263,89.980003,5.25,7.35,1.6,1.53,0.97635462,5.99,0.987444,
2021-04-08,20.450001,3.14841202,2.47,3.05,0.68006149,1.127,24.89041696,8.85310008,4.08,,10.94,2.50565349,2.27,11.14,9.72389921,3.52,1.56999843,7.93332728,3.49716013,4.408,7.07250009,0.264,88.949997,5.22,7.36,1.59,1.55,0.97635462,5.87,0.957155,
2021-04-11,20.440001,3.15747655,2.5,3.32,0.70223741,1.146,24.96293273,8.85310008,4.08,,11.18,2.56888765,2.31,11.42,9.87810914,3.48,1.58333175,7.9999939,3.51430307,4.408,7.3950001,0.269,88.720001,5.2,7.44,1.604,1.565,1.01449347,5.94,0.966674,
2021-04-12,20.190001,3.14841202,2.55,3.63,0.72478292,1.178,24.94480379,8.70443341,4.1,,11.32,2.60050473,2.33,11.39,10.50949284,3.78,1.58999841,8.07221607,3.54858895,4.456,7.4550001,0.276,88.720001,5.27,7.55,1.63,1.57,1.0068657,6.0,0.957155,
2021-04-13,20.190001,3.16956258,2.72,3.62,0.78835389,1.214,25.026382,8.68213341,4.08,,11.48,2.69535597,2.31,11.3,10.80918302,3.87,1.60666506,8.06666052,3.55716042,4.504,7.3500001,0.281,88.720001,5.44,7.51,1.663,1.54,1.01830735,6.0,0.965809,
2021-04-14,20.0,3.16956258,3.13,3.54,0.78872349,1.206,24.47799379,8.69700007,4.08,,11.4,2.56888765,2.27,11.13,10.89065138,3.73,1.53666513,7.96110504,3.41144542,4.488,7.09500009,0.273,87.18,5.44,7.41,1.654,1.41,0.99923793,5.95,0.957155,
2021-04-15,19.67,3.08798185,2.89,3.39,0.71739095,1.134,24.2287275,8.45170008,4.08,,11.77,2.47403642,2.21,11.06,11.46384414,3.5,1.47666519,7.77777185,3.21430159,4.432,6.72750009,0.26,87.18,5.22,7.24,1.606,1.33,0.98398239,5.71,0.911981,
2021-04-18,19.48,3.13330448,2.81,3.41,0.70112861,1.126,24.63208596,8.69700007,4.075,,11.88,2.48984496,2.15,11.06,11.25445871,3.54,1.47999852,7.72221633,3.240016,4.4,6.45000009,0.261,87.18,5.2,7.29,1.598,1.33,0.96491296,5.54,0.923404,
2021-04-19,19.799999,3.13330448,2.87,3.41,0.71184697,1.156,25.46146532,8.82336674,4.075,,11.72,2.52146203,2.17,11.4,11.5197153,3.77,1.49333184,7.77777185,3.26573041,4.4,6.47250009,0.263,87.18,5.2,7.38,1.622,1.295,1.02212124,5.6,0.949107,
2021-04-20,19.969999,3.16351956,2.89,3.4,0.74326286,1.17,25.85575954,8.84566674,3.91,,11.72,2.56098338,2.18,11.44,11.41144676,3.79,1.52333181,7.76666074,3.29144483,4.408,6.75000009,0.266,85.010002,5.23,7.47,1.659,1.39,1.04119067,5.64,0.967194,
2021-04-21,20.0,3.18164862,3.01,3.5,0.77135235,1.199,26.56730281,8.89770008,3.85,,11.99,2.59260046,2.24,11.64,11.18408397,3.81,1.57333176,7.99443835,3.39430248,4.536,6.77250009,0.271,85.0,5.32,7.51,1.688,1.415,1.04119067,5.69,0.977666,
2021-04-22,19.82,3.12726146,3.09,3.52,0.77874433,1.198,26.8165691,8.69700007,3.85,,11.95,2.58469619,2.24,11.71,11.37355296,3.62,1.57333176,7.96110504,3.34287365,4.584,6.77250009,0.27,84.900002,5.45,7.44,1.62,1.46,1.02212124,5.67,0.963387,
2021-04-25,20.01,3.07891732,3.04,3.6,0.76876516,1.193,26.49478885,8.65240007,3.875,,11.99,2.61631327,2.24,11.73,11.24363137,3.6,1.57333176,7.98332725,3.31715924,4.512,7.09500009,0.272,84.519997,5.58,7.41,1.605,1.43,1.02974901,5.64,0.97005,
2021-04-26,19.940001,3.08496034,3.0,3.53,0.79463707,1.229,26.51744901,8.62266674,3.865,,12.58,2.62421754,2.26,11.79,11.14619017,3.58,1.56999843,7.96110504,3.31715924,4.48,7.2075001,0.273,84.910004,5.81,7.47,1.604,1.45,1.02593513,5.68,0.963387,
2021-04-27,19.959999,3.09704637,2.98,3.63,0.81681298,1.253,26.56277159,8.75646674,3.77,,12.89,2.74278159,2.25,11.07,10.80514544,3.52,1.55666511,7.93888284,3.3000163,4.48,7.06500009,0.27,85.0,5.79,6.26,1.608,1.505,1.01067958,5.68,0.955771,
2021-04-28,19.959999,3.11517543,3.03,3.64,0.82790094,1.296,26.93893687,8.69700007,3.745,,13.51,2.87715417,2.25,10.91,10.78349239,3.43,1.55999844,7.86666067,3.30858777,4.408,7.00500009,0.273,85.040001,5.86,6.17,1.61,1.53,0.99542404,5.7,0.951963,
2021-05-04,19.809999,3.11517543,2.99,3.56,0.80572503,1.275,26.40414594,8.66726674,3.685,,13.27,2.75859013,2.25,10.82,10.87010678,3.37,1.53666513,7.8055496,3.27430188,4.4,6.93750009,0.272,85.040001,5.88,6.01,1.597,1.495,0.99542404,5.65,0.951963,
2021-05-05,19.91,3.1393475,3.0,3.56,0.82790094,1.273,26.41774367,8.81593341,3.56,,13.45,2.74278159,2.25,10.77,10.81597279,3.39,1.52333181,7.82777181,3.28287335,4.272,7.02000009,0.273,85.0,6.02,5.95,1.586,1.535,1.01449347,5.68,0.951963,
2021-05-06,19.9,3.12121844,3.01,3.38,0.85377285,1.271,26.73499271,8.84566674,3.515,,13.45,2.71116451,2.24,10.73,10.83221298,3.31,1.52666514,7.85554957,3.30858777,4.104,7.00500009,0.276,85.169998,6.17,6.06,1.581,1.51,1.02593513,5.69,0.946251,
2021-05-09,19.67,3.16956258,3.12,3.52,0.84638088,1.275,26.92987217,8.98690008,3.55,,13.32,2.70326024,2.27,10.8,11.01085518,3.31,1.53666513,7.82777181,3.30858777,4.024,6.89250009,0.274,85.169998,6.0,6.21,1.583,1.49,1.04500455,5.68,0.951963,
2021-05-10,19.85,3.1756056,3.12,3.58,0.83159693,1.272,27.14741587,8.91256675,3.63,,13.98,2.65583462,2.28,10.75,11.08122883,3.25,1.53666513,7.85554957,3.40287395,4.04,6.93750009,0.269,85.169998,5.93,6.48,1.581,1.475,1.09839894,5.79,0.947203,
2021-05-11,19.85,3.18467013,3.1,3.65,0.82790094,1.264,27.2743144,8.94973341,3.55,,14.9,2.73487732,2.29,10.79,11.30859162,3.27,1.52999847,7.83888291,3.47144571,3.928,7.14000085,0.269,84.07,6.0,6.77,1.603,1.445,1.12509614,5.7,0.943395,
2021-05-17,19.93,3.27833689,3.11,3.97,0.82420496,1.271,27.21086514,8.92743341,3.865,,16.6,2.76649439,2.3,11.22,11.87158574,3.28,1.53999846,7.84999401,3.46287424,3.848,7.4250001,0.269,84.0,5.97,6.83,1.628,1.45,1.10602672,5.76,0.951011,
2021-05-18,20.309999,3.32970254,3.09,4.25,0.8389889,1.265,26.15034843,8.92743341,3.83,,16.33,2.7902072,2.32,11.05,12.46706026,3.41,1.57666509,7.81666071,3.47144571,3.704,7.5900001,0.271,83.989998,5.84,7.03,1.638,1.475,1.08695729,5.83,0.951963,
2021-05-19,20.75,3.39013271,3.16,4.41,0.85746883,1.301,26.00985172,8.99433342,3.88,,17.23,2.87715417,2.35,11.47,12.41292572,3.62,1.6333317,7.89443843,3.4457313,3.68,7.5675001,0.274,83.510002,5.98,7.26,1.675,1.57,1.09077117,6.01,0.991945,
2021-05-20,20.440001,3.38711121,3.18,4.46,0.86116482,1.345,25.87841971,9.03150008,4.0,,17.26,2.82972855,2.32,11.54,12.77021011,3.54,1.60666506,8.011105,3.43715983,3.808,7.6500001,0.273,83.919998,5.82,7.31,1.674,1.74,1.08695729,6.0,0.990993,
2021-05-23,20.27,3.32970254,3.12,4.41,0.8389889,1.321,25.82403514,9.07610008,4.035,,16.83,2.78230293,2.35,11.49,12.41292572,3.55,1.60666506,8.17777154,3.36858806,3.832,7.5300001,0.271,82.959999,5.8,7.27,1.658,1.695,1.07551563,5.99,0.987186,
2021-05-24,19.99,3.32063802,3.13,4.73,0.83529292,1.324,26.2953759,9.01663342,3.885,,16.6,2.7902072,2.39,11.54,12.32631133,3.61,1.65999834,8.16666044,3.40287395,3.856,7.8600001,0.272,82.220001,5.83,7.13,1.663,1.815,1.08695729,6.09,0.981474,
2021-05-25,19.950001,3.30855198,3.04,4.58,0.79833305,1.287,26.37695456,9.06123342,3.86,,15.91,2.73487732,2.34,11.52,12.16932273,3.52,1.65666501,7.9777717,3.36001659,3.8,7.5525001,0.269,82.0,5.81,7.0,1.649,1.805,1.07932952,6.07,0.967194,
2021-05-26,19.73,3.27833689,2.92,4.41,0.85377285,1.246,25.91920926,8.90513341,3.775,,15.63,2.64793035,2.29,11.26,11.85534555,3.51,1.61666505,7.86110512,3.26573041,3.664,7.4100001,0.265,81.300003,5.79,6.89,1.615,1.645,1.06026009,5.91,0.949107,
2021-05-27,19.43,3.26322935,2.95,4.5,1.00900428,1.26,25.08076702,8.89770008,3.76,,16.110001,2.6874517,2.28,11.24,11.58467556,3.55,1.61333172,7.81666071,3.28287335,3.68,7.4850001,0.268,81.07,5.8,6.99,1.631,1.67,1.07170175,5.9,0.934828,
2021-05-30,19.16,3.28740142,2.9,4.59,1.11618788,1.271,24.20606734,9.02406675,3.8,,16.07,2.6874517,2.22,11.24,11.82286515,3.54,1.62666504,7.79999405,3.27430188,3.664,7.6125001,0.273,80.150002,5.67,6.96,1.662,1.655,1.06407398,5.83,0.931972,
2021-05-31,19.120001,3.51099306,2.96,4.52,1.30837917,1.319,24.56410548,8.83823341,3.805,,15.85,2.71906878,2.22,11.2,11.66587601,3.51,1.6333317,7.69999413,3.20573012,3.6,7.5825001,0.279,80.220001,5.74,7.2,1.727,1.565,1.0335629,5.86,0.937684,
2021-06-01,18.98,3.68624056,2.93,4.42,1.36751495,1.333,24.3873527,8.75646674,3.795,,15.81,2.75068586,2.2,11.41,11.8932388,3.51,1.61999838,7.66110527,3.12858688,3.528,7.7700001,0.276,80.029999,5.69,7.29,1.72,1.51,1.02212124,5.84,0.961483,
2021-06-02,18.75,3.58955229,2.92,4.52,1.42665073,1.308,24.33749935,8.77876674,3.8,,16.190001,2.7902072,2.17,11.36,11.81745175,3.41,1.61999838,7.73332744,2.93144305,3.248,7.6125001,0.271,80.07,5.69,7.31,1.678,1.565,0.99542404,5.74,0.949107,
2021-06-03,18.82,3.45056289,2.87,4.28,1.41556277,1.284,23.9296074,8.75646674,3.83,,16.34,2.82182428,2.2,11.36,11.67670335,3.39,1.59666507,7.62221641,3.04287217,3.384,7.4625001,0.269,79.470001,5.53,7.31,1.658,1.61,0.98779627,5.57,0.951963,
2021-06-06,18.73,3.4535844,2.83,4.29,1.30837917,1.26,23.68940535,8.76390008,3.825,,15.84,2.76649439,2.22,11.58,11.44392662,3.41,1.56999843,7.51666094,3.12001541,3.552,7.2900001,0.266,79.550003,5.63,7.28,1.641,1.55,0.96872685,5.63,0.951011,
2021-06-07,18.469999,3.33272405,2.87,4.66,1.36381897,1.279,23.73019491,8.83080008,3.885,,15.93,2.78230293,2.24,11.46,11.11371031,3.41,1.57333176,7.71666078,3.17144423,3.728,7.5450001,0.271,79.5,5.77,7.47,1.637,1.62,0.99923793,5.77,0.958627,
2021-06-08,18.780001,3.43847685,2.89,4.68,1.47839454,1.311,23.30417401,8.86796675,3.945,,16.040001,2.75859013,2.27,11.92,10.75101253,3.35,1.59666507,7.71666078,3.12001541,3.912,7.5975001,0.267,79.660004,5.72,7.93,1.692,1.61,1.0068657,6.07,0.971954,
2021-06-09,18.5,3.44754138,2.89,4.4,1.51535441,1.287,22.7512564,8.73416674,4.0,,15.53,2.92457979,2.26,13.19,10.3233534,3.35,1.61333172,7.54443869,3.06001511,4.104,7.4400001,0.266,80.529999,5.65,7.97,1.681,1.525,1.08695729,6.19,0.964339,
2021-06-10,18.780001,3.52912211,3.01,4.64,1.56340223,1.315,22.87815538,8.77133341,4.24,,15.59,3.21703777,2.29,12.89,10.3774874,3.4,1.62999837,7.5888831,3.16287276,4.304,7.5000001,0.27,80.080002,5.73,7.85,1.694,1.53,1.06026009,6.13,0.96529,
2021-06-13,18.709999,3.48682099,2.98,4.7,1.58927413,1.352,22.52465027,8.66726674,4.305,,15.76,3.22494204,2.25,12.76,10.39914046,3.36,1.60666506,7.52221649,3.26573041,4.512,7.5300001,0.268,79.879997,5.66,7.81,1.669,1.525,1.04881844,6.09,0.969098,
2021-06-14,18.469999,3.52005759,2.9,4.53,1.55231427,1.328,22.37962234,8.83823341,4.24,,15.92,3.14589934,2.27,12.54,10.11764475,3.32,1.58333175,7.46666097,3.17144423,4.736,7.4025001,0.262,79.07,5.7,7.77,1.664,1.5,1.02974901,6.09,0.957675,
2021-06-15,18.450001,3.46869194,2.91,4.49,1.39708284,1.286,22.70593382,8.96460008,4.235,,16.01,3.13799507,2.23,12.57,10.26921886,3.29,1.57333176,7.54999424,3.12001541,4.664,7.4250001,0.26,78.25,5.66,7.82,1.668,1.485,1.04500455,6.02,0.956723,
2021-06-16,18.32,3.40221875,2.83,4.36,1.28250727,1.247,22.62435561,8.94230008,4.19,,15.88,3.13799507,2.2,12.57,10.4749286,3.24,1.54999845,7.43332767,3.05144364,4.504,7.2525001,0.252,77.669998,5.64,7.75,1.662,1.46,1.01449347,5.92,0.964339,
2021-06-17,18.57,3.4203478,2.89,4.31,1.16053972,1.216,22.46120055,8.99433342,4.15,,16.969999,3.06685664,2.18,12.68,10.5453028,3.3,1.53666513,7.41666101,3.00858629,4.36,7.2525001,0.252,75.980003,5.61,7.63,1.659,1.47,0.99542404,5.75,0.941491,
2021-06-20,18.700001,3.41430478,2.98,4.55,1.06444407,1.215,22.30257535,8.94230008,4.105,,17.280001,3.11428226,2.17,12.65,10.40455386,3.24,1.50999849,7.31666109,3.00858629,4.56,7.5450001,0.25,75.43,5.6,7.61,1.646,1.48,0.99923793,5.71,0.963387,
2021-06-21,18.379999,3.41430478,3.01,4.47,0.99052434,1.239,22.21646547,8.62266674,4.025,,17.280001,3.08266518,2.16,12.77,10.10681741,3.27,1.49666517,7.27777223,2.99144334,4.584,7.6125001,0.244,74.980003,5.49,7.72,1.654,1.485,0.99542404,5.77,0.962435,
2021-06-22,18.51,3.46869194,3.11,4.55,0.99791632,1.272,22.99145845,8.93486675,4.0,,17.08,3.07476091,2.21,12.9,10.3774874,3.42,1.52999847,7.48332763,3.06001511,4.688,7.5450001,0.24,75.110001,5.69,7.89,1.7,1.49,0.99542404,6.0,0.963387,
2021-06-23,18.690001,3.47171345,3.23,4.76,0.94617251,1.284,23.23166005,8.92000008,4.055,,16.809999,3.07476091,2.29,13.2,10.30711375,3.47,1.58666508,7.57221645,3.09430099,4.616,7.5900001,0.238,73.480003,5.76,7.81,1.796,1.465,1.01449347,6.51,0.97005,
2021-06-24,19.25,3.53516513,3.37,4.88,0.90182067,1.306,23.41747708,8.89770008,4.09,,17.98,3.15380361,2.32,13.2,10.25839315,3.45,1.59666507,7.59443865,3.11144394,4.632,7.8450001,0.23,72.400002,5.71,7.9,1.802,1.445,1.04881844,6.62,0.964339,
2021-06-27,19.120001,3.57142323,3.37,4.78,0.8944287,1.288,23.48092816,8.86796675,4.075,,17.459999,3.03523956,2.33,13.27,10.39372814,3.48,1.59333174,7.48888318,3.17144423,4.72,7.7475001,0.225,72.330002,5.63,8.63,1.79,1.495,1.05263232,6.51,0.962435,
2021-06-28,19.34,3.5593372,3.29,4.75,0.87225278,1.255,23.62595608,8.86796675,4.055,,17.639999,2.9482926,2.33,13.47,10.31252606,3.48,1.60333173,7.48332763,3.240016,4.72,7.6575001,0.223,73.32,5.59,8.68,1.84,1.515,1.04881844,6.64,0.957675,
2021-06-29,19.83,3.63185341,3.23,4.64,0.84638088,1.225,23.45373497,8.83823341,4.08,,17.35,2.82182428,2.34,13.67,10.25839315,3.6,1.57999842,7.42221656,3.27430188,4.728,7.5075001,0.211,72.769997,5.57,8.58,1.793,1.535,1.03737678,6.64,0.952915,
2021-06-30,19.440001,3.58653078,3.14,4.86,0.813117,1.192,23.03224756,8.75646674,4.06,,17.23,2.76649439,2.32,13.31,10.22049827,3.48,1.54666512,7.28332778,3.24858747,4.752,7.5600001,0.206,72.809998,5.63,8.37,1.749,1.495,1.01830735,6.5,0.950059,
2021-07-04,19.209999,3.55329418,3.16,5.27,0.82790094,1.21,23.64408321,8.80850008,4.07,,17.459999,2.91667552,2.38,13.45,10.29087301,3.46,1.55666511,7.36666105,3.18858717,4.704,8.21250011,0.209,73.239998,5.57,8.34,1.781,1.495,1.04119067,6.63,0.945299,
2021-07-05,19.940001,3.49890703,3.21,5.38,0.82790094,1.225,23.79817539,8.80850008,4.11,,17.290001,2.88505844,2.38,13.48,10.27463281,3.45,1.57333176,7.52221649,3.22287306,4.616,9.03000012,0.209,73.989998,5.55,8.49,1.813,1.5,1.04119067,6.95,0.942443,
2021-07-06,19.65,3.53516513,3.27,5.21,0.79463707,1.208,24.07463532,8.72673341,4.11,,17.719999,2.84553709,2.38,13.44,10.19884521,3.53,1.5666651,7.47777208,3.22287306,4.624,9.51750013,0.208,74.519997,5.42,8.56,1.84,1.45,1.02593513,6.96,0.933876,
2021-07-07,19.01,3.45962741,3.18,5.32,0.74658924,1.16,23.89788299,8.55576674,4.035,,16.98,2.73487732,2.31,13.13,9.91734842,3.44,1.50333183,7.27777223,3.13715835,4.456,9.22500012,0.201,73.339996,5.34,8.29,1.824,1.38,1.00305181,6.73,0.934828,
2021-07-08,19.01,3.47775647,3.22,5.3,0.78354911,1.169,24.48252682,8.68213341,4.035,,16.93,2.77439866,2.34,13.32,9.77118608,3.44,1.50999849,7.34443884,3.13715835,4.376,9.35250012,0.201,73.610001,5.29,8.29,1.851,1.415,1.01067958,6.88,0.942443,
2021-07-11,18.940001,3.43545534,3.22,5.06,0.78354911,1.171,24.55504078,8.57806674,4.035,,16.620001,2.71906878,2.32,13.15,9.3218739,3.41,1.50666516,7.24999447,3.10287247,4.36,8.97000012,0.197,73.760002,5.27,8.15,1.908,1.405,0.99923793,6.75,0.928164,
2021-07-12,18.91,3.41430478,3.17,5.07,0.76137319,1.149,24.48252682,8.65240007,3.97,,16.17,2.72697305,2.32,13.1,9.29480744,3.37,1.48999851,7.1777723,3.07715805,4.416,8.61750011,0.194,73.099998,5.3,7.9,1.911,1.39,0.99542404,6.85,0.924356,
2021-07-13,19.139999,3.41430478,3.18,5.02,0.76506918,1.15,24.62302353,8.65240007,4.0,,16.370001,2.71116451,2.3,13.46,9.3651811,3.41,1.51666515,7.41666101,3.09430099,4.48,8.58000011,0.198,73.440002,5.34,8.01,1.86,1.345,1.02593513,6.95,0.928164,
2021-07-14,19.07,3.43847685,3.22,4.99,0.78354911,1.155,25.23032616,8.53346675,3.9,,16.35,2.72697305,2.33,13.69,10.06351021,3.41,1.54333179,7.46666097,3.10287247,4.472,8.71500012,0.201,73.370003,5.37,8.11,1.883,1.4,1.04881844,7.03,0.948155,
2021-07-15,19.299999,3.42639082,3.27,4.98,0.79463707,1.162,25.62462219,8.83080008,3.93,,16.639999,2.74278159,2.35,13.91,10.53447545,3.53,1.58333175,7.48888318,3.15430129,4.432,9.40500013,0.201,72.870003,5.46,7.97,1.892,1.395,1.06407398,7.23,0.934828,
2021-07-18,19.360001,3.45056289,3.41,5.21,0.77615713,1.164,25.61102447,8.84566674,3.9,,17.48,2.71906878,2.37,13.84,10.2962864,3.53,1.56333177,7.47777208,3.10287247,4.432,10.24500014,0.201,73.440002,5.43,7.85,1.875,1.41,1.07551563,7.05,0.93102,
2021-07-25,19.73,3.42639082,3.62,5.29,0.77246115,1.17,26.03251233,8.86053341,3.85,,18.91,2.71906878,2.42,13.91,10.10140401,3.47,1.59333174,7.47777208,3.18858717,4.456,11.26500015,0.201,74.660004,5.35,8.03,1.871,1.465,1.06788786,7.09,0.930068,
2021-07-26,20.35,3.47473496,3.7,5.37,0.78724509,1.202,26.13221948,8.85310008,3.945,,20.440001,2.80601574,2.46,13.82,10.24756581,3.66,1.58333175,7.57999662,3.240016,4.48,12.36750016,0.207,76.949997,5.47,8.09,1.89,1.49,1.04119067,7.18,0.939587,
2021-07-27,20.370001,3.44451987,3.62,5.24,0.78354911,1.193,25.9554667,8.74160007,3.86,,20.889999,2.80601574,2.39,13.76,10.26921886,3.77,1.55999844,7.64666326,3.18858717,4.464,12.24750016,0.207,76.040001,5.5,8.18,1.863,1.485,1.03737678,7.09,0.934828,
2021-07-28,20.309999,3.56840173,3.6,5.31,0.80572503,1.207,25.89654865,8.84566674,3.85,,20.65,2.90086698,2.36,14.18,10.57778374,3.87,1.57999842,7.68666324,3.23144453,4.44,12.89250092,0.206,76.029999,5.41,8.35,1.882,1.48,1.04500455,7.1,0.936732,
2021-07-29,20.030001,3.71041263,3.51,5.23,0.79833305,1.222,25.75605421,8.85310008,3.85,,21.08,2.87715417,2.38,14.01,10.66981045,3.87,1.61999838,7.78666319,3.32573071,4.504,14.16749944,0.209,75.629997,5.46,8.31,1.877,1.475,1.07551563,7.17,0.939587,
2021-08-01,19.82,3.75271375,3.57,5.28,0.79463707,1.222,25.87841971,8.74903341,3.85,,22.01,3.00362249,2.37,14.09,10.3829008,3.8,1.62333171,7.73332989,3.29144483,4.48,14.72249945,0.209,77.489998,5.39,8.25,1.862,1.475,1.09458506,7.19,0.947203,
2021-08-02,20.02,3.95515483,3.64,5.47,0.79833305,1.254,26.3452297,8.65983341,3.865,,22.66,3.11428226,2.38,14.0,10.20967255,3.84,1.62999837,7.69999657,3.39430248,4.4,15.09749945,0.211,78.010002,5.54,8.22,1.864,1.505,1.15560722,7.12,0.942443,
2021-08-03,19.91,4.36910152,3.8,5.16,0.78354911,1.259,26.20020178,8.76390008,3.815,,23.41,3.23284631,2.4,13.89,10.36124666,3.89,1.6333317,7.64666326,3.39430248,4.488,14.77500095,0.209,76.989998,5.58,8.28,1.857,1.5,1.16323499,7.1,0.933876,
2021-08-04,19.469999,4.42046717,3.78,5.09,0.76876516,1.224,26.16847737,8.65240007,3.95,,21.719999,3.4699744,2.39,13.99,10.05268341,3.97,1.59666507,7.60666328,3.35144512,4.56,13.93500019,0.206,73.489998,5.06,8.22,1.811,1.455,1.14416557,7.0,0.932924,
2021-08-05,19.58,4.34492945,3.79,5.0,0.78354911,1.229,26.1458154,8.67470007,3.975,,21.49,3.58063417,2.38,14.25,9.83073402,3.93,1.58666508,7.68666324,3.36858806,4.488,13.30500018,0.205,71.93,5.04,8.17,1.8,1.44,1.12891003,6.97,0.937684,
2021-08-08,19.620001,4.59571467,3.88,5.47,0.79094108,1.257,26.19566875,8.51116675,4.03,,21.959999,3.61225125,2.41,14.48,9.74411963,3.9,1.57999842,7.62666327,3.42001689,4.56,13.74750018,0.213,72.290001,5.12,8.2,1.799,1.47,1.11746837,6.97,0.932924,
2021-08-09,19.969999,4.96131722,3.88,5.73,0.88334074,1.3,26.24099133,8.42196675,3.96,,21.6,3.50949575,2.41,14.45,9.72787889,3.89,1.5999984,7.59332995,3.45430277,4.68,13.32000018,0.221,72.910004,5.11,8.29,1.787,1.465,1.15179334,7.08,0.932924,
2021-08-10,20.110001,5.17886554,3.74,5.85,0.88334074,1.299,26.61715661,8.49630008,3.975,,20.790001,3.42254878,2.43,14.96,9.72787889,3.89,1.62333171,7.56666329,3.49716013,4.696,13.58250093,0.217,72.989998,5.18,8.29,1.761,1.435,1.14416557,7.07,0.937684,
2021-08-11,19.700001,5.43267257,3.72,5.91,0.8389889,1.277,27.06130418,8.46656675,3.975,,21.299999,3.39883597,2.4,15.07,9.61419803,3.91,1.666665,7.55999663,3.5057316,4.672,14.25750019,0.214,72.059998,5.03,8.38,1.78,1.44,1.12891003,7.2,0.958627,
2021-08-15,19.58,5.27857532,3.71,5.89,0.82790094,1.264,27.25165424,8.49630008,3.97,,22.530001,3.56482563,2.43,15.04,9.77118608,3.95,1.71666495,7.51332998,3.48858866,4.6,14.77500095,0.23,70.589996,5.1,8.33,1.75,1.395,1.12128226,7.19,0.971002,
2021-08-16,19.35,5.32691946,3.75,5.86,0.8389889,1.26,28.06290341,8.49630008,3.98,,22.48,3.77033665,2.42,14.87,9.84156082,4.02,1.68999831,7.67332991,3.47144571,4.616,14.25000019,0.235,70.730003,5.1,8.22,1.745,1.36,1.10602672,7.02,1.013841,
2021-08-17,19.309999,5.39943627,3.67,5.79,0.83159693,1.253,28.21397416,8.48143342,3.975,,21.959999,3.58853844,2.46,14.88,9.89569536,3.93,1.65666501,7.78666319,3.41144542,4.576,13.71750093,0.234,70.889999,5.2,8.29,1.743,1.375,1.10602672,7.07,0.999561,
2021-08-18,19.23,5.55957593,3.62,5.8,0.83159693,1.251,27.48883634,8.6152334,3.975,,21.42,3.53320856,2.42,15.0,9.83073402,3.85,1.666665,7.72666322,3.47144571,4.632,13.99500019,0.247,71.629997,5.25,8.29,1.755,1.365,1.12509614,7.1,0.990993,
2021-08-19,19.18,5.28461864,3.62,5.74,0.82420496,1.255,27.6822063,8.45913342,3.955,,21.09,3.54111283,2.4,14.98,9.52217023,3.91,1.666665,7.69999657,3.47144571,4.632,14.40000094,0.243,70.900002,5.21,8.3,1.755,1.405,1.1365378,6.99,1.004321,
2021-08-22,18.98,4.98246778,3.54,5.44,0.80202904,1.23,27.42840622,8.50373342,3.95,,20.23,3.5490171,2.36,14.83,9.05120391,3.94,1.62999837,7.68666324,3.48001719,4.624,14.10749944,0.24,71.940002,5.19,8.34,1.789,1.37,1.12509614,7.01,1.02336,
2021-08-23,18.82,4.89786523,3.45,5.36,0.80572503,1.222,27.12626471,8.42196675,3.92,,21.0,3.53320856,2.38,14.53,8.74805406,3.98,1.61999838,7.64666326,3.37715953,4.488,14.07750019,0.242,72.919998,5.11,8.29,1.766,1.365,1.10602672,6.84,1.036688,
2021-08-24,19.09,5.04591976,3.44,5.57,0.82420496,1.235,28.0387339,8.47400008,3.87,,21.360001,3.52530429,2.44,14.41,8.8184288,3.94,1.61666505,7.6933299,3.39430248,4.472,14.8800002,0.238,72.690002,5.05,8.31,1.784,1.375,1.07932952,6.92,1.070006,
2021-08-25,19.049999,5.07009183,3.38,5.4,0.86855679,1.238,28.25023175,8.46656675,3.85,,20.91,3.55692137,2.43,14.52,8.84549526,3.94,1.65333168,7.72666322,3.56573189,4.352,15.96750096,0.237,72.279999,4.95,8.4,1.798,1.36,1.09458506,6.9,1.091902,
2021-08-26,19.08,5.10634963,3.65,5.39,0.86855679,1.24,28.52215972,8.46656675,3.87,,20.969999,3.55692137,2.49,14.54,8.95917611,4.04,1.6999983,7.85332983,3.7114469,4.344,15.46500096,0.246,73.900002,4.95,8.520001,1.859,1.355,1.10602672,6.91,1.079526,
2021-08-29,19.129999,4.98548929,3.73,5.21,0.84268489,1.246,28.51007345,8.54090008,3.87,,20.629999,3.6517726,2.51,14.58,8.75888086,4.14,1.77333156,8.13332971,3.64287513,4.432,14.6250002,0.246,74.0,5.05,8.49,1.863,1.355,1.10602672,7.04,1.082382,
2021-08-30,18.98,4.85556441,3.77,5.18,0.81681298,1.267,28.31670349,8.54833342,3.85,,21.940001,3.79404946,2.5,14.64,8.59647887,4.06,1.85999814,8.0799964,3.61716072,4.44,14.49000019,0.243,74.720001,5.13,8.54,1.916,1.41,1.09839894,7.1,1.087142,
2021-08-31,18.92,4.76491915,3.73,5.13,0.80942101,1.298,28.53424538,8.65983341,3.845,,24.059999,3.78614519,2.51,14.74,8.36370268,4.06,1.96333137,8.35332961,3.59144631,4.416,14.24250019,0.244,74.769997,5.14,8.58,1.97,1.405,1.1098406,7.2,1.08619,
2021-09-01,18.889999,4.66218786,3.68,4.97,0.80572503,1.266,28.2804453,8.74903341,3.825,,25.23,3.77824092,2.47,14.73,8.8184288,4.01,1.92333141,8.31332963,3.55716042,4.424,13.53749943,0.239,74.809998,5.12,8.53,1.953,1.38,1.09839894,7.23,1.078574,
2021-09-02,18.99,4.96736054,3.69,4.99,0.80942101,1.274,28.68531614,8.73416674,3.79,,27.129999,3.79404946,2.46,14.9,9.11616525,4.08,1.90666476,8.46666289,3.60858925,4.416,14.21999944,0.24,77.269997,5.14,8.53,1.995,1.37,1.12891003,7.43,1.074766,
2021-09-05,19.24,4.86462894,3.75,5.04,0.82420496,1.271,28.69135836,8.67470007,3.79,,28.030001,3.88099642,2.52,14.98,8.91045552,4.22,1.94666472,8.57999617,3.63430366,4.376,14.55750019,0.239,78.43,5.09,8.57,2.03,1.37,1.12128226,7.5,1.066199,
2021-09-06,18.85,4.55643506,3.6,4.6,0.79833305,1.241,28.35295866,8.63010007,3.79,,25.799999,3.67548541,2.49,14.61,8.66143967,4.1,1.85999814,8.29332964,3.52287454,4.352,13.05750017,0.23,77.029999,4.8,8.49,1.96,1.33,1.09077117,7.3,1.075718,
2021-09-07,18.610001,4.29960682,3.55,4.25,0.76506918,1.194,28.2804453,8.65983341,3.74,,25.01,3.50159148,2.42,14.45,9.04037819,3.97,1.82999817,8.29332964,3.42001689,4.304,12.65250092,0.22,75.0,4.74,8.7,1.96,1.265,1.07170175,7.39,1.070958,
2021-09-08,18.700001,4.42651018,3.56,4.5,0.77246115,1.199,28.26835964,8.60780007,3.75,,27.17,3.55692137,2.4,14.55,8.97541686,4.08,1.89333144,8.34666295,3.40287395,4.32,13.01250017,0.222,74.989998,4.7,8.85,1.95,1.29,1.07170175,7.33,1.085238,
2021-09-09,18.700001,4.32075738,3.6,4.6,0.76876516,1.195,28.25023175,8.77133341,3.75,,26.549999,3.55692137,2.48,14.48,9.14864565,4.05,1.91333142,8.27999631,3.38573101,4.32,12.87000017,0.223,75.5,4.82,9.07,1.94,1.255,1.08695729,7.44,1.101421,
2021-09-12,18.610001,4.16363893,3.55,4.41,0.76137319,1.189,27.78493382,9.36600008,3.75,,27.200001,3.4699744,2.47,14.3,9.00789671,3.87,1.87333146,8.14666303,3.36858806,4.256,13.76250018,0.223,75.919998,4.83,9.28,1.92,1.17,1.12509614,7.37,1.105229,
2021-09-13,18.639999,4.34795096,3.55,4.38,0.76137319,1.196,27.67616226,9.13556675,3.705,,28.610001,3.50949575,2.45,14.34,8.97541686,3.93,1.88999811,8.11999638,3.38573101,4.208,14.17500019,0.224,76.059998,4.9,9.1,1.95,1.215,1.12128226,7.48,1.109989,
2021-09-14,18.83,4.38420906,3.55,4.5,0.76876516,1.209,27.77889159,9.29166676,3.725,,28.110001,3.52530429,2.47,14.41,9.14864565,4.0,1.88999811,8.25999632,3.39430248,4.168,14.05500019,0.233,75.059998,4.97,9.19,2.035,1.205,1.12128226,7.54,1.111893,
2021-09-15,18.700001,4.61988674,3.64,4.52,0.79833305,1.216,27.67616226,9.39573341,3.7,,27.860001,3.47787867,2.59,14.6,9.20277965,4.05,1.8999981,8.3733296,3.36858806,4.128,14.18250019,0.267,75.309998,4.99,9.23,2.08,1.23,1.10602672,7.8,1.094757,
2021-09-16,18.68,4.4657898,3.65,4.48,0.76876516,1.214,27.34984882,9.46263341,3.72,,26.99,3.44626159,2.74,14.53,9.20277965,4.08,1.87333146,8.35332961,3.25715894,4.328,13.94250019,0.264,75.410004,4.87,9.04,2.088,1.185,1.12128226,7.78,1.113797,
2021-09-19,18.59,4.35097247,3.5,4.49,0.77246115,1.203,26.76973772,9.25450009,3.75,,26.82,3.41464451,2.63,14.75,8.93752306,4.1,1.8666648,8.52666286,3.13715835,4.544,14.06250019,0.265,70.610001,4.9,9.04,2.04,1.21,1.1098406,7.45,1.113797,16.65657294
2021-09-20,19.33,4.20896156,3.56,4.5,0.75028523,1.188,26.76973772,9.25450009,3.75,,26.0,3.28027193,2.51,14.66,8.28791508,4.08,1.85333148,8.28666297,3.10287247,4.424,13.02750092,0.249,72.860001,4.77,8.99,1.97,1.21,1.08695729,7.5,1.107133,16.30314144
2021-09-21,19.370001,4.06997216,3.46,4.53,0.72071734,1.17,26.58241179,9.12813342,3.66,,25.200001,3.15380361,2.5,14.49,8.03348529,4.0,1.74999825,8.05999641,3.00001481,4.328,12.68250017,0.251,71.800003,4.71,8.9,1.94,1.175,1.07170175,7.33,1.075718,16.22158106
2021-09-22,19.360001,3.93098276,3.2,4.3,0.68006149,1.126,26.2258848,9.02406675,3.625,,24.24,3.15380361,2.48,14.0,8.03889869,4.05,1.67666499,8.06666307,2.87144275,4.296,11.82000016,0.248,71.129997,4.62,8.61,1.91,1.085,1.05644621,7.08,1.066199,15.87721225
2021-09-23,19.559999,3.94911182,3.29,4.3,0.70593339,1.15,26.19566823,9.02406675,3.625,,24.68,3.16170788,2.43,14.35,7.99559149,4.15,1.70666496,8.13332971,2.91430011,4.392,12.18750016,0.251,71.129997,4.75,8.83,1.99,1.155,1.05693116,7.2,1.067151,16.0856455
2021-09-26,19.709999,4.68635993,3.49,4.48,0.71332537,1.148,26.21984016,9.08353342,3.625,,26.16,3.11428226,2.44,14.3,8.04431209,4.16,1.73666493,8.18666302,2.93144305,4.44,12.51750092,0.256,72.629997,4.89,8.8,2.0,1.175,1.04700693,7.24,1.07667,16.2668926
2021-09-27,19.6,4.90693006,3.48,4.49,0.71628216,1.155,26.00834231,9.34370008,3.625,,25.58,3.21703777,2.42,14.3,8.07137909,4.15,1.70999829,8.17999635,2.87144275,4.464,12.46500092,0.267,72.0,4.9,8.86,2.0,1.175,1.03708269,7.41,1.085238,17.11875194
2021-09-28,19.48,4.65312333,3.44,4.36,0.69188865,1.131,25.990212,9.06866675,3.6,,23.959999,3.13799507,2.4,14.01,7.68161431,4.19,1.67666499,8.02666309,2.84572834,4.344,12.14250091,0.262,71.660004,4.82,8.73,1.93,1.175,1.02715845,7.36,1.09095,16.31220413
2021-09-29,20.0,4.65312333,3.4,4.14,0.68080069,1.122,25.85122751,9.29166676,3.55,,23.860001,3.00362249,2.42,14.31,7.44342471,4.29,1.64333169,7.97332978,2.77715657,4.368,11.98500016,0.258,71.010002,4.73,8.57,1.91,1.175,1.00730998,7.22,1.102373,16.31220413
2021-09-30,19.98,4.48694036,3.66,4.1,0.67451751,1.122,25.52491648,8.98690008,3.55,,24.049999,2.99571822,2.41,14.07,7.62748031,4.31,1.62999837,7.99999643,2.7685851,4.456,11.91000016,0.257,71.099998,4.76,8.59,1.9,1.175,1.02219634,7.25,1.085238,16.45720143
2021-10-03,19.879999,4.55039204,3.8,4.15,0.68893186,1.144,25.77871415,9.09840009,3.5,,24.379999,3.00362249,2.4,14.14,7.6924411,4.32,1.65999834,8.10666305,2.8285854,4.48,12.18750016,0.257,73.949997,4.99,8.72,1.94,1.255,1.02715845,7.38,1.096661,16.31220413
2021-10-04,20.1,4.45672527,3.8,4.02,0.6759959,1.143,25.25903014,9.12070009,3.5,,24.32,3.00362249,2.42,13.71,7.51921231,4.2,1.62999837,7.94666312,2.74287069,4.424,12.18750016,0.25,73.559998,4.86,8.63,1.901,1.245,1.0122721,7.26,1.094757,16.22158106
2021-10-05,19.9,4.4325532,3.8,4.02,0.6771047,1.14,25.62160177,8.96460008,3.475,,24.030001,2.92457979,2.4,13.81,7.7140947,4.12,1.61999838,7.8399965,2.73429922,4.416,12.05250016,0.25,73.949997,4.7,8.58,1.9,1.275,0.99242363,7.28,1.099517,16.22158106
2021-10-06,20.0,4.41744566,3.89,3.94,0.66934313,1.133,25.37988735,8.94973341,3.435,,23.82,2.97200541,2.4,13.71,8.01183169,4.03,1.6333317,7.79332986,2.78572804,4.496,11.62500016,0.246,73.5,4.74,8.6,1.917,1.37,0.99738575,7.3,1.114749,16.21251837
2021-10-10,19.950001,4.42046717,3.89,3.75,0.67008233,1.143,25.98417038,9.14300009,3.435,,23.82,2.98781395,2.36,13.25,8.08761929,4.09,1.61999838,7.82666318,2.76001363,4.4,11.78250016,0.246,73.349998,4.87,8.67,1.921,1.36,0.98249939,7.34,1.115701,16.31220413
2021-10-11,19.940001,4.45068225,4.0,3.59,0.66897353,1.164,26.47364024,9.14300009,3.435,,23.77,3.00362249,2.34,13.17,8.17423369,4.01,1.6333317,7.82666318,2.7685851,4.456,11.62500016,0.245,73.050003,4.8,8.55,1.921,1.35,0.95868122,7.29,1.180434,17.21843769
2021-10-12,19.780001,4.77700519,4.06,3.51,0.67082152,1.162,26.89059493,8.99433342,3.48,,25.49,3.00362249,2.35,13.31,8.29874188,4.05,1.6333317,7.89999648,2.7685851,4.48,11.64750016,0.271,73.0,4.72,8.58,1.919,1.325,0.96265092,7.18,1.175674,17.20937501
2021-10-13,19.799999,4.69240295,3.9,3.44,0.67045192,1.172,27.07187923,9.14300009,3.48,,25.83,2.90877125,2.34,13.45,8.34204908,4.09,1.62666504,7.99332977,2.8285854,4.48,11.76750016,0.267,72.949997,4.84,8.6,1.922,1.3,0.96761304,7.19,1.195666,17.21843769
2021-10-14,20.32,4.710532,4.1,3.36,0.65825517,1.174,27.37402075,8.96460008,3.5,,28.41,2.82182428,2.32,13.49,8.87797566,4.0,1.60333173,8.13999637,2.7685851,4.48,11.46000015,0.263,71.260002,4.68,8.59,1.929,1.275,0.95272668,7.14,1.215657,17.23656212
2021-10-17,21.129999,4.80117726,4.11,3.24,0.64827601,1.18,27.79701948,9.19503342,3.55,,27.879999,2.86134563,2.31,13.68,8.87256172,4.03,1.59666507,8.0799964,2.74287069,4.48,11.37750015,0.26,70.010002,4.73,8.49,1.905,1.26,0.94776456,7.09,1.255639,18.0612353
2021-10-18,20.83,4.89484433,4.1,3.45,0.64531922,1.255,28.47381587,9.03150008,3.55,,28.09,2.94038833,2.31,13.51,9.02955085,4.1,1.60333173,8.26666298,2.82001393,4.504,11.43750015,0.26,71.050003,4.79,8.45,1.91,1.31,0.94329866,7.21,1.256591,18.50528892
2021-10-19,19.940001,4.94923088,4.0,3.66,0.66342955,1.255,29.00558554,9.02406675,3.55,4.97066194,28.799999,3.03523956,2.39,13.6,9.04037819,4.42,1.62666504,8.33332962,2.90572863,4.552,11.39250015,0.26,72.550003,4.9,8.4,1.993,1.305,0.93784033,7.37,1.256591,18.29685566
2021-10-20,19.889999,4.55039204,4.05,3.41,0.64716721,1.224,28.70344402,8.92000008,3.5,7.456,30.07,2.92457979,2.38,13.7,8.92669626,4.35,1.5999984,8.23332966,2.85429981,4.64,9.83250013,0.25,72.260002,4.94,8.37,1.979,1.205,0.92444261,7.35,1.290862,18.93121906
2021-10-24,19.700001,4.61384372,4.07,3.46,0.63903604,1.218,28.55237327,8.85310008,3.465,11.2,29.299999,2.88505844,2.34,13.74,8.66143967,4.23,1.54666512,8.21999634,2.7685851,4.76,9.66000013,0.252,73.150002,5.0,8.4,1.964,1.215,0.89169263,7.26,1.304189,18.94028175
2021-10-25,21.77,4.5352845,4.1,3.56,0.62979608,1.231,28.66114421,8.83823341,3.465,12.35733333,27.790001,3.00362249,2.35,13.88,8.12009969,4.21,1.5666651,8.19999634,2.72572775,4.728,9.75750013,0.255,73.889999,5.5,8.51,1.951,1.2,0.89318126,7.25,1.323229,19.70151802
2021-10-26,21.99,4.54737053,3.99,3.47,0.60133698,1.194,29.24729996,8.77133341,3.5,11.31733333,26.690001,3.00362249,2.34,13.71,7.58958651,4.26,1.52999847,8.226663,2.66572745,4.808,9.57750013,0.24,73.25,5.42,8.39,1.95,1.16,0.90806762,7.26,1.312757,19.28465056
2021-10-27,22.27,4.42651018,4.18,3.65,0.55735474,1.2,29.31981272,8.62266674,3.48,11.46666667,26.620001,2.98781395,2.31,13.84,8.10385949,4.29,1.46333187,8.226663,2.70001333,4.92,9.20250012,0.24,74.089996,5.36,8.26,1.945,1.175,0.88276082,7.37,1.29467,19.77401667
2021-10-28,21.639999,4.39025208,4.09,3.59,0.57176909,1.217,30.2141516,8.56320007,3.495,11.53066667,25.26,2.92457979,2.29,13.6,8.28250168,4.19,1.4666652,8.25999632,2.59715568,5.008,9.59250013,0.232,72.959999,5.31,8.17,1.951,1.175,0.83710933,7.29,1.309901,19.17590211
2021-10-31,21.5,4.44463924,4.2,3.7,0.58359625,1.223,30.82447626,8.62266674,3.495,11.41866667,26.059999,2.93248406,2.33,13.57,8.14175329,4.2,1.48333185,8.27999631,2.74287069,4.84,9.69750013,0.237,73.059998,5.5,8.24,1.92,1.21,0.88772293,7.4,1.312757,19.39339806
2021-11-01,20.200001,4.38723057,4.15,3.72,0.58692263,1.227,30.96950539,8.62266674,3.495,11.37066667,24.93,2.71906878,2.44,13.4,7.8494297,4.16,1.47333186,8.25332965,2.7685851,4.816,9.70500013,0.233,72.989998,5.33,8.18,1.903,1.335,0.88077597,7.56,1.304189,18.75903466
2021-11-02,19.99,4.36910152,4.25,3.72,0.60503297,1.3,31.65838745,8.6152334,3.585,11.62666667,25.290001,2.62421754,2.48,13.69,7.98476469,4.14,1.47999852,8.53332953,2.78572804,5.056,9.60000013,0.247,72.879997,5.43,8.25,1.901,1.42,0.89615854,7.55,1.306093,19.48402113
2021-11-03,19.559999,4.2573057,4.37,3.73,0.59764099,1.334,32.23849855,8.62266674,3.605,11.616,25.629999,2.62421754,2.55,13.94,7.8440163,4.47,1.47333186,8.70666278,2.7085848,5.304,9.77250013,0.249,72.519997,5.44,8.39,1.967,1.415,0.91799185,7.78,1.307045,19.03996751
2021-11-04,19.389999,4.187811,4.31,3.87,0.58026986,1.276,32.63128373,8.62266674,3.66,11.344,25.440001,2.58469619,2.54,13.9,7.8764967,4.58,1.38333195,8.70666278,2.72572775,5.192,9.92250013,0.254,71.5,5.41,8.36,1.917,1.36,0.94478729,7.75,1.305141,18.57778852
2021-11-07,19.18,4.07601518,4.3,3.75,0.56733391,1.272,32.32914222,8.76390008,3.635,11.34933333,24.98,2.59260046,2.48,13.84,8.03889869,4.39,1.39666527,8.63332948,2.7085848,5.08,9.72750013,0.248,70.779999,5.6,8.25,1.906,1.38,0.94181002,7.63,1.299429,18.30591835
2021-11-08,19.5,4.07903669,4.35,3.75,0.57102989,1.261,31.90010187,8.77133341,3.635,11.35466667,24.1,2.53727057,2.58,13.84,7.7465751,4.19,1.38666528,8.72666278,2.80287098,5.064,9.75000013,0.241,71.400002,5.49,8.41,1.882,1.415,0.99341605,7.67,1.29467,18.57778852
2021-11-09,19.5,4.23011212,4.07,3.78,0.57916106,1.267,31.63421552,8.65983341,3.65,11.328,23.629999,2.74278159,2.63,13.86,7.7195081,4.1,1.40666526,8.56666285,2.89715716,5.104,10.17750014,0.244,70.93,5.39,8.37,1.878,1.425,1.03956375,7.56,1.305141,18.56872583
2021-11-10,19.35,4.2210476,3.93,3.76,0.57139949,1.259,32.48021297,8.73416674,3.625,11.30666667,23.540001,2.69535597,2.55,13.75,7.68702771,4.04,1.36333197,8.56666285,2.87144275,5.152,10.26750014,0.24,70.18,5.4,8.37,1.856,1.375,1.0415486,7.55,1.332748,18.99465502
2021-11-11,19.5,4.13946686,3.8,3.61,0.56215952,1.224,32.0270007,8.74903341,3.635,10.45333333,23.76,2.608409,2.55,13.83,7.57875971,4.0,1.36999863,8.4466629,2.78572804,5.12,9.75000013,0.23,69.290001,5.36,8.28,1.83,1.335,1.03906754,7.6,1.324181,18.93121906
2021-11-14,19.370001,4.22709061,3.96,3.82,0.57842186,1.246,31.95448734,8.76390008,3.7,11.03466667,24.620001,2.64793035,2.59,14.41,7.7086813,3.94,1.44666522,8.5199962,2.86287128,5.12,10.09500013,0.247,70.379997,5.6,8.29,1.852,1.355,1.0668554,7.68,1.334652,18.84059599
2021-11-15,20.49,4.23313363,3.85,4.11,0.57694347,1.238,32.31705656,8.77133341,3.7,10.224,23.48,2.64793035,2.57,14.6,7.7032679,3.83,1.42999857,8.6666628,2.89715716,5.16,10.11750013,0.245,70.379997,5.49,8.47,1.828,1.345,1.08174175,7.66,1.374635,19.22121365
2021-11-16,20.48,4.23917665,3.78,4.04,0.57176909,1.205,31.86988832,8.80850008,3.7,9.33866667,23.040001,2.54517484,2.5,14.29,7.25395572,3.85,1.40999859,8.60666283,2.90572863,5.08,10.24500014,0.24,70.5,5.39,8.53,1.75,1.295,1.14128717,7.4,1.366067,19.20308923
2021-11-17,20.0,4.14853139,3.67,3.9,0.55218036,1.175,32.0270007,8.74903341,3.675,9.04,21.27,2.5293663,2.5,14.21,6.82088374,3.77,1.35999864,8.60666283,2.89715716,5.088,9.77250013,0.225,69.739998,5.49,8.6,1.707,1.28,1.11647658,7.5,1.366067,19.0127804
2021-11-18,20.0,4.16061742,3.76,3.91,0.54996277,1.171,32.0270007,8.83823341,3.675,9.56266667,21.139999,2.52146203,2.55,14.45,6.98328573,3.7,1.40999859,8.50666287,2.94001452,5.088,9.76500013,0.225,69.739998,5.5,8.68,1.712,1.25,1.05196904,7.5,1.386058,19.48402113
2021-11-21,19.77,4.13644535,3.66,3.99,0.53776601,1.152,31.41063201,8.83823341,3.67,9.808,21.84,2.52146203,2.5,14.5,6.90208474,3.77,1.38333195,8.42666291,2.93144305,5.152,9.69750013,0.226,69.739998,5.54,8.55,1.707,1.265,1.04204481,7.5,1.389866,19.16683943
2021-11-22,19.33,4.07903669,3.58,3.82,0.49895816,1.117,31.42875929,8.92000008,3.66,9.83466667,20.26,2.53727057,2.41,14.35,6.83712394,3.63,1.3666653,8.05999641,2.88858569,5.144,9.24000012,0.208,68.75,5.42,8.5,1.697,1.21,1.01723422,7.38,1.389866,19.17590211
2021-11-23,19.379999,4.13040234,3.65,3.82,0.49711016,1.142,31.74298707,8.92000008,3.75,10.03733333,22.129999,2.5293663,2.5,14.34,6.72344254,3.65,1.36333197,8.53332953,2.90572863,5.224,9.27000012,0.21,68.519997,5.48,8.45,1.7,1.21,1.08670387,7.49,1.361307,19.03090482
2021-11-24,19.16,4.18478949,3.74,3.82,0.50487174,1.155,31.54357488,8.85310008,3.8,10.28266667,21.700001,2.5293663,2.54,14.52,6.71261574,3.69,1.39666527,8.6666628,2.92287158,5.392,9.48750013,0.214,70.0,5.6,8.44,1.788,1.255,1.09166599,7.68,1.348932,19.03090482
2021-11-25,19.219999,4.39025208,3.7,3.8,0.49858856,1.149,31.34416027,8.86053341,3.8,9.968,21.700001,2.5293663,2.5,14.5,6.54480035,3.85,1.3999986,9.24666254,2.96572893,5.4,9.33000012,0.213,70.0,5.63,8.46,1.777,1.255,1.04700693,7.66,1.322277,18.94028175
2021-11-28,19.16,4.34492945,3.7,3.8,0.5141117,1.163,31.12661777,8.88283341,3.805,9.97866667,22.799999,2.57679192,2.66,14.6,6.65848174,3.9,1.52333181,9.33999584,3.00858629,5.512,9.69000013,0.226,69.099998,5.8,8.49,1.825,1.255,1.10655234,8.15,1.327988,19.48402113
2021-11-29,18.889999,4.34795096,3.51,3.79,0.50006695,1.137,30.890948,8.84566674,3.675,9.89333333,21.0,2.49774923,2.58,14.38,6.45277255,3.9,1.53666513,9.1999959,2.96572893,5.392,9.49500013,0.219,69.099998,5.46,8.38,1.766,1.255,1.14128717,7.99,1.28991,19.02184213
2021-11-30,18.73,4.32377889,3.42,3.82,0.50413254,1.147,30.75800754,7.95366673,3.78,9.86666667,21.0,2.52146203,2.6,14.56,6.55021375,3.9,1.55333178,9.1266626,2.98287187,5.416,10.12500014,0.221,68.739998,5.65,8.4,1.768,1.225,1.12640082,8.09,1.304189,19.03090482
2021-12-01,18.709999,4.51111243,3.48,3.9,0.53111324,1.16,31.06014906,8.31790008,3.78,9.97333333,21.02,2.56888765,2.64,14.36,7.03200633,3.9,1.65666501,9.59999572,3.06001511,5.416,10.03500013,0.221,69.010002,5.77,8.47,1.79,1.235,1.12640082,8.19,1.304189,18.6593489
2021-12-02,18.809999,4.49298337,3.49,3.9,0.55920274,1.203,31.12661777,8.38480008,3.925,9.62666667,21.76,2.61631327,2.61,14.79,6.87501774,3.98,1.6999983,9.47999577,3.13715835,5.528,10.11750013,0.222,69.779999,5.77,8.51,1.839,1.24,1.16609776,8.13,1.308949,18.66841159
2021-12-05,18.799999,4.4325532,3.47,3.91,0.55439795,1.177,30.78217705,8.39966675,4.0,9.73333333,21.120001,2.70326024,2.61,14.85,6.65848174,4.01,1.69666497,9.39999581,3.12001541,5.592,9.91500013,0.226,70.629997,5.77,8.5,1.789,1.235,1.21571894,8.09,1.293718,18.71372312
2021-12-06,18.700001,4.52924148,3.49,4.03,0.57583467,1.19,30.93929185,8.25843341,4.1,9.568,21.129999,2.72697305,2.67,14.88,6.71261574,3.99,1.87333146,9.55332907,3.16287276,5.632,10.02750013,0.235,70.879997,5.77,8.5,1.823,1.245,1.28022648,8.28,1.29467,18.57778852
2021-12-07,18.790001,4.5352845,3.45,3.97,0.5691819,1.175,30.98159105,8.45170008,4.08,9.52533333,20.82,2.71906878,2.72,15.07,6.48525295,4.36,2.22333111,9.64666237,3.14572982,5.544,9.94500013,0.24,71.699997,5.8,8.48,1.911,1.23,1.25541589,8.6,1.29467,19.02184213
2021-12-08,18.99,4.82837084,3.54,3.81,0.55107157,1.193,31.42271767,8.50373342,4.1,9.36,20.120001,2.69535597,2.7,15.22,6.36074476,4.66,2.0999979,9.5666624,3.12858688,5.488,9.62250013,0.241,72.919998,5.81,8.41,1.863,1.185,1.176022,8.7,1.288958,19.00371771
2021-12-09,18.43,4.77700519,3.59,3.81,0.54367959,1.177,31.36229057,8.0354334,4.1,9.28,20.120001,2.70326024,2.66,15.57,5.95473977,4.6,1.95333138,9.73999566,3.09430099,5.488,9.55500013,0.239,72.019997,5.52,8.5,1.828,1.145,1.21571894,8.69,1.29467,19.03090482
2021-12-12,22.110001,4.7467901,3.7,3.81,0.53850521,1.18,31.11453453,8.0354334,4.085,9.28,20.120001,2.82182428,2.7,15.86,5.94391297,4.82,2.0999979,9.713329,3.16287276,5.528,9.49500013,0.235,72.019997,5.8,8.48,1.825,1.145,1.21571894,8.7,1.293718,19.00371771
2021-12-13,20.84,4.73772558,3.74,3.81,0.5418316,1.23,31.96657361,8.02800007,4.1,9.12,20.110001,2.82972855,2.78,15.99,6.21458296,4.99,2.11666455,9.89332892,3.18858717,5.568,9.53250013,0.238,76.489998,5.82,8.5,1.815,1.145,1.22564318,8.89,1.284198,19.00371771
2021-12-14,20.5,4.72261803,3.62,4.01,0.5407228,1.214,31.90614349,8.0354334,4.1,9.328,19.66,2.76649439,2.81,15.91,6.40405195,4.8,2.10999789,9.89999559,3.21430159,5.6,9.76500013,0.236,75.050003,5.8,8.5,1.835,1.17,1.24052953,8.8,1.28515,18.80434619
2021-12-15,19.969999,4.65010182,3.6,4.03,0.53665722,1.209,31.72485918,8.05030007,4.055,9.29066667,19.09,2.75068586,2.9,15.85,6.16044896,4.79,2.2333311,9.83999561,3.17144423,5.6,9.61500013,0.235,76.709999,5.9,8.45,1.815,1.17,1.25541589,8.62,1.28991,18.80434619
2021-12-16,20.23,4.71355351,3.57,4.05,0.53296123,1.2,31.42271767,8.0354334,4.0,9.33333333,19.91,2.82182428,2.95,15.98,6.14420876,4.8,2.17666449,9.81332896,3.26573041,5.608,9.67500013,0.241,76.389999,5.9,8.3,1.85,1.17,1.28022648,8.8,1.282294,18.80434619
2021-12-19,20.360001,4.71959652,3.63,4.19,0.53665722,1.232,30.93929185,8.02800007,4.1,9.64266667,20.18,2.8692499,3.0,16.25,6.38781175,4.87,2.27999772,9.99332888,3.39430248,5.6,9.68250013,0.243,77.010002,6.01,8.32,1.983,1.205,1.34473401,8.8,1.29467,19.42058517
2021-12-20,19.9,4.62592976,3.62,4.19,0.54035321,1.23,30.72174935,8.02056674,4.105,9.50933333,20.799999,2.8692499,3.0,15.94,6.41487875,4.87,2.25666441,9.93999557,3.3000163,5.6,9.59250013,0.237,76.010002,5.7,8.3,1.917,1.205,1.31992342,8.68,1.282294,18.76809734
2021-12-21,19.98,4.55341355,3.43,4.24,0.53887481,1.209,30.51629312,7.9908334,4.1,9.568,20.799999,2.80601574,2.97,16.0,6.38781175,4.76,2.25999774,9.89999559,3.33430218,5.616,9.47250013,0.235,75.260002,5.5,8.22,1.889,1.2,1.29511283,8.72,1.267063,18.76809734
2021-12-22,20.4,4.52924148,3.42,4.32,0.53924441,1.213,30.51629312,8.02800007,4.1,9.79733333,20.799999,2.88505844,3.0,16.0,6.48525295,4.85,2.27333106,9.85332894,3.38573101,5.64,9.90000013,0.234,75.040001,5.67,8.34,1.908,1.175,1.37946884,8.89,1.257543,18.76809734
2021-12-23,20.6,4.56852109,3.48,4.3,0.5418316,1.236,30.72779097,7.93136673,4.075,10.29333333,21.809999,2.96410114,3.01,16.540001,6.73426934,4.76,2.40333093,9.81999562,3.38573101,5.68,9.85500013,0.233,75.290001,5.75,8.49,1.923,1.19,1.33480978,8.86,1.27563,18.35122989
2021-12-26,20.0,4.8162848,3.54,4.29,0.54774518,1.24,31.18100325,8.02800007,4.09,10.53866667,21.99,2.97990968,3.0,16.870001,6.92915173,5.01,2.38333095,9.97999555,3.42858836,5.792,9.90000013,0.235,75.919998,5.8,8.71,1.96,1.185,1.31992342,8.89,1.284198,17.94342416
2021-12-27,20.35,4.83139234,3.55,4.27,0.55920274,1.237,31.72485918,7.9462334,4.21,10.58666667,21.57,3.00362249,2.99,16.690001,6.92915173,5.06,2.39333094,10.01999553,3.42001689,5.848,9.94500013,0.24,75.519997,6.0,8.43,1.97,1.185,1.30999919,8.99,1.258495,18.04310992
2021-12-28,20.5,4.74376859,3.55,4.3,0.56252912,1.213,31.87592994,7.77526674,4.175,10.66666667,21.57,2.97200541,3.0,16.52,6.95621873,4.92,2.36999763,9.88666226,3.41144542,5.928,9.70500013,0.237,76.889999,5.95,8.6,1.951,1.185,1.26534012,9.05,1.266111,18.0249855
2021-12-29,21.450001,4.80722027,3.64,4.25,0.56474672,1.2,31.96657361,7.89420006,4.175,10.53333333,21.57,3.12218653,3.01,16.76,7.09155373,5.07,2.26999773,9.79999563,3.42001689,6.024,9.72000013,0.237,76.0,5.81,8.6,1.989,1.18,1.21075682,9.0,1.247072,18.55966314
2021-12-30,21.4,4.81930631,3.64,4.3,0.57176909,1.2,31.93635704,7.84216673,4.2,10.62933333,21.01,3.09056945,2.98,16.76,7.06448673,4.98,2.19333114,9.80666229,3.43715983,6.096,9.70500013,0.235,76.220001,5.93,8.68,1.974,1.2,1.20083259,8.96,1.242312,18.01592281
2022-01-02,21.5,4.76491915,3.66,4.52,0.57324748,1.206,32.02095908,7.9685334,4.235,10.82133333,21.48,3.10637799,2.98,16.77,6.93456513,5.1,2.23666443,9.87332893,3.48858866,6.12,9.73500013,0.234,75.889999,6.0,8.69,1.993,1.19,1.19090835,9.07,1.255639,17.80748956
2022-01-03,20.82,4.81326329,3.7,4.52,0.57620427,1.206,32.20224338,7.91650007,4.25,10.592,22.91,3.11428226,3.01,16.780001,6.85877754,4.97,2.24666442,9.86666227,3.42858836,6.12,9.99000013,0.235,75.889999,5.84,8.6,1.954,1.195,1.21075682,8.96,1.256591,17.78936513
2022-01-04,21.27,4.74376859,3.75,4.58,0.57546508,1.226,31.99678715,7.91650007,4.25,10.608,23.1,3.09056945,2.98,16.75,6.78298994,5.0,2.20666446,9.9333289,3.47144571,5.848,10.86750014,0.237,75.989998,5.76,8.61,1.934,1.195,1.24052953,9.09,1.270871,17.84373841
2022-01-05,21.299999,4.7467901,3.99,4.59,0.57731307,1.257,31.90614349,7.8793334,4.25,10.45866667,23.34,3.10637799,3.03,16.91,6.90208474,4.99,2.2666644,9.89332892,3.46287424,5.848,11.10000015,0.239,77.040001,5.71,8.7,1.94,1.265,1.28022648,9.24,1.327988,19.15777769
2022-01-09,21.49,4.78304821,3.9,4.64,0.5965322,1.263,31.93635704,8.0131334,4.205,10.64,24.0,3.08266518,3.08,17.1,7.01035273,5.01,2.2666644,9.87999559,3.43715983,5.912,10.93500015,0.238,77.989998,5.86,8.64,1.988,1.3,1.29015072,9.2,1.341316,18.71372312
2022-01-10,20.940001,4.7467901,3.84,4.53,0.59985859,1.255,31.82154447,8.09490007,4.205,10.464,23.83,3.07476091,3.03,16.879999,6.97245893,4.98,2.25999774,9.86666227,3.38573101,5.64,10.95000015,0.236,77.989998,5.75,8.69,1.932,1.38,1.25541589,9.16,1.342268,18.71372312
2022-01-11,21.25,4.76794066,3.91,4.53,0.61390333,1.262,31.90614349,8.12463341,4.19,10.53333333,23.799999,3.08266518,3.05,17.02,7.04824653,4.94,2.20999779,10.15332881,3.34287365,5.784,10.85250014,0.237,77.290001,5.75,8.62,1.944,1.44,1.23556742,9.06,1.33846,19.02184213
2022-01-12,21.48,4.68333842,3.87,4.53,0.60096738,1.239,31.93635704,8.02800007,4.15,10.448,23.379999,3.0273353,3.0,17.02,7.08614033,4.8,2.19666447,10.06666218,3.3000163,5.8,10.59000014,0.233,77.300003,5.73,8.6,1.899,1.42,1.2306053,9.16,1.347028,19.03090482
2022-01-13,21.84,4.65010182,4.08,4.53,0.59246661,1.237,32.40769961,8.06516674,4.15,10.21866667,23.91,3.14589934,3.03,17.5,6.90749813,4.71,2.13666453,10.09332883,3.240016,5.72,10.40250014,0.227,78.449997,5.76,8.66,1.88,1.385,1.26037801,9.17,1.351787,18.94028175
2022-01-16,21.73,4.59571467,4.02,4.53,0.58285705,1.223,32.44999943,8.02800007,4.15,9.984,23.67,3.1300908,3.0,17.299999,6.92915173,4.71,2.0999979,9.87332893,3.18858717,5.704,10.08750013,0.226,77.599998,5.61,8.65,1.858,1.345,1.22564318,9.06,1.345124,19.12152789
2022-01-17,21.299999,4.53226299,4.08,4.25,0.56474672,1.192,32.0270007,7.88676673,4.15,9.94666667,23.0,3.06685664,2.94,16.9,6.59893435,4.69,2.05999794,9.89332892,3.17144423,5.6,9.87750013,0.22,76.110001,5.6,8.6,1.818,1.295,1.16609776,8.79,1.329892,19.12152789
2022-01-18,21.5,4.54132751,4.1,4.25,0.56585551,1.204,32.14785791,8.02800007,4.15,9.96266667,23.0,3.08266518,2.99,16.870001,6.58810755,4.61,2.11999788,9.713329,3.22287306,5.6,9.91500013,0.219,75.080002,5.54,8.61,1.858,1.35,1.2306053,8.85,1.326084,19.03090482
2022-01-19,21.48,4.68031691,4.12,4.25,0.57398668,1.22,32.0270007,8.02800007,4.15,9.968,23.0,3.09847372,3.0,16.9,6.46901275,4.84,2.17333116,9.713329,3.22287306,5.664,10.10250013,0.222,76.0,5.53,8.72,1.837,1.355,1.21571894,8.97,1.331796,18.94028175
2022-01-20,21.379999,4.63801579,4.01,4.25,0.5677035,1.207,31.42271767,8.02800007,4.15,9.66933333,23.0,3.06685664,2.95,16.709999,6.32285096,4.75,2.14999785,9.59999572,3.18858717,5.688,10.33500014,0.222,76.0,5.55,8.71,1.801,1.325,1.18098412,9.06,1.330844,18.84965773
2022-01-23,21.540001,4.58362863,3.89,4.25,0.56622511,1.202,31.72485918,8.02800007,4.15,9.69066667,23.459999,3.09847372,2.95,16.610001,6.11714177,4.8,2.1333312,9.73332899,3.20573012,5.648,10.47750014,0.222,77.0,5.52,8.6,1.794,1.29,1.176022,8.99,1.331796,19.00371771
2022-01-24,21.360001,4.49600488,3.76,4.25,0.55218036,1.191,31.96657361,7.86446673,4.15,9.54666667,23.459999,3.09847372,2.88,16.35,5.99804697,4.71,2.03999796,9.6399957,3.17144423,5.648,10.23750014,0.216,76.940002,5.46,8.5,1.751,1.245,1.14128717,8.87,1.323229,18.56872583
2022-01-25,21.49,4.38723057,3.73,4.25,0.5429404,1.167,31.84571639,7.9462334,4.02,9.60533333,23.459999,2.99571822,2.86,16.5,5.87895217,4.67,2.04999795,9.74666232,3.1800157,5.704,10.03500013,0.216,72.699997,5.45,8.5,1.734,1.21,1.12640082,8.85,1.305141,18.56872583
2022-01-26,21.469999,4.47183281,3.65,4.25,0.54700598,1.171,31.42271767,7.88676673,4.0,9.49866667,23.459999,2.98781395,2.8,16.450001,5.73820378,4.77,2.08333125,9.75332898,3.21430159,5.648,10.12500014,0.214,72.959999,5.47,8.44,1.723,1.21,1.14128717,8.8,1.314661,18.57778852
2022-01-30,21.450001,4.44463924,3.65,4.25,0.55070197,1.161,31.332074,7.73066674,4.0,9.16266667,23.030001,2.94038833,2.8,16.23,5.55956159,4.8,2.07666459,9.73332899,3.19715865,5.68,9.97500013,0.23,72.959999,5.21,8.37,1.736,1.22,1.13136293,8.8,1.327988,19.03090482
2022-01-31,21.200001,3.63185341,3.68,4.25,0.54552759,1.146,31.34416027,7.73810008,4.0,9.08266667,23.030001,2.91667552,2.8,16.299999,5.44588019,4.69,2.05999794,9.66666236,3.21430159,5.6,9.90750013,0.224,71.760002,5.25,8.39,1.699,1.225,1.11647658,8.520001,1.327988,19.03090482
2022-02-01,21.139999,3.77990733,3.78,4.25,0.54996277,1.205,31.02389087,7.72323341,4.0,9.312,24.120001,2.97200541,2.89,16.870001,5.34843899,4.81,2.09333124,9.77332898,3.24858747,5.6,10.06500013,0.225,72.0,5.31,8.47,1.739,1.26,1.13136293,9.25,1.323229,18.89497021
2022-02-02,21.34,3.89774617,3.84,4.25,0.56105073,1.267,31.36229057,7.8793334,4.095,9.6,24.66,3.01943103,2.85,16.9,5.37550599,4.96,2.13666453,9.93999557,3.23144453,5.6,10.12500014,0.229,72.860001,5.62,8.55,1.801,1.235,1.15121141,9.07,1.323229,18.66841159
2022-02-03,21.030001,3.98839143,3.85,4.32,0.5684427,1.32,31.34416027,7.8793334,4.05,9.54666667,24.34,2.99571822,2.94,16.99,5.68406978,5.39,2.18666448,10.08666217,3.29144483,5.6,10.10250013,0.232,73.32,5.65,8.64,1.808,1.23,1.18594623,9.04,1.324181,18.75903466
2022-02-06,21.01,4.01860652,3.8,4.32,0.56105073,1.343,31.18100325,7.88676673,4.0,9.34933333,24.34,3.00362249,3.0,16.879999,5.62993578,5.5,2.15666451,10.11332882,3.3000163,5.6,10.07250013,0.231,73.279999,5.6,8.63,1.791,1.205,1.17105988,9.0,1.321325,18.75903466
2022-02-07,20.940001,4.04277858,3.9,4.56,0.57657387,1.47,31.39250412,7.8793334,3.97,9.312,24.030001,3.04314383,3.0,16.85,5.54332139,5.46,2.22999777,10.21332878,3.29144483,5.6,10.21500014,0.23,73.309998,5.6,8.61,1.799,1.215,1.17105988,9.04,1.323229,18.67747332
2022-02-08,20.92,4.06997216,3.84,4.51,0.56142033,1.441,30.81843464,7.84216673,4.0,9.696,23.690001,3.00362249,2.99,16.99,5.2293442,5.43,2.15999784,10.26666209,3.240016,5.6,10.29750014,0.229,73.75,5.52,8.6,1.786,1.195,1.17105988,9.0,1.322277,18.76809734
2022-02-09,20.780001,4.07903669,3.78,4.51,0.56178993,1.448,30.69757743,7.84216673,3.985,9.76,24.27,3.00362249,2.96,17.15,5.1156628,5.55,2.12666454,10.49332865,3.20573012,5.4,10.45500014,0.236,73.580002,5.46,8.53,1.821,1.195,1.20083259,9.0,1.323229,18.61403736
2022-02-10,20.51,4.0820582,3.79,4.51,0.57583467,1.432,30.75800754,7.80500008,3.985,9.78666667,23.82,3.00362249,3.05,17.639999,4.91536701,5.83,2.16999783,11.46666222,3.18858717,5.368,10.36500014,0.236,73.43,5.6,8.59,1.82,1.19,1.21075682,9.45,1.327988,19.36621094
2022-02-13,20.950001,4.17572497,3.67,4.5,0.56363792,1.388,30.80030675,7.91650007,3.985,9.65333333,24.110001,2.96410114,3.0,17.52,4.92619381,5.6,2.09333124,11.79999541,3.21430159,5.376,10.24500014,0.233,72.779999,5.51,8.58,1.786,1.17,1.15121141,9.55,1.351787,19.39339806
2022-02-14,20.799999,4.13946686,3.64,4.44,0.52335167,1.406,30.58276486,7.80500008,3.99,9.6,24.110001,2.81392001,2.92,17.219999,4.73131142,5.74,1.999998,11.86666071,3.08572952,5.376,9.21000012,0.22,71.900002,5.41,8.23,1.7,1.08,1.08670387,9.81,1.329892,19.57464515
2022-02-15,20.73,4.17874647,3.67,4.44,0.50080615,1.437,30.38939429,7.81986673,3.93,9.6,22.24,2.7902072,2.89,17.25,4.86123301,5.64,1.96999803,12.15999458,3.06858658,5.128,9.27000012,0.22,72.010002,5.19,8.29,1.669,1.1,1.09166599,9.58,1.318469,19.41152248
2022-02-16,21.0,4.16363893,3.75,4.44,0.50930692,1.55,31.12057615,7.8124334,3.93,9.62133333,22.870001,2.79811147,2.86,17.549999,4.95867421,5.75,1.97666469,12.13332859,3.10287247,5.28,9.52500013,0.222,72.010002,5.2,8.24,1.678,1.1,1.11647658,9.68,1.332748,19.43870959
2022-02-17,21.209999,4.187811,3.72,4.44,0.50708933,1.526,31.12057615,7.80500008,3.93,9.50933333,22.959999,2.7902072,2.9,17.799999,4.98032781,5.69,2.00666466,12.11332793,3.04287217,5.208,9.73500013,0.222,72.010002,5.2,8.38,1.702,1.105,1.07677964,9.74,1.32894,19.43870959
2022-02-20,21.299999,4.16968195,3.75,4.44,0.50819812,1.52,30.81843464,7.80500008,3.93,9.696,22.959999,2.81392001,2.9,17.879999,4.98574121,5.75,1.97666469,12.06666129,3.11144394,5.12,9.78000013,0.222,72.010002,5.29,8.43,1.702,1.11,1.08174175,9.6,1.329892,19.43870959
2022-02-21,20.709999,4.12435932,3.64,4.44,0.49415338,1.453,30.57672021,7.74553341,3.94,9.504,23.0,2.72697305,2.73,17.76,4.88288715,5.59,1.87333146,11.89999469,3.11144394,5.096,9.91500013,0.216,72.010002,5.07,8.26,1.616,1.07,1.0668554,9.34,1.317517,19.43870959
2022-02-22,20.969999,4.13946686,3.66,4.44,0.49969736,1.435,31.07827634,7.76783341,3.975,9.53066667,22.290001,2.75859013,2.75,17.799999,5.06152881,5.51,1.87999812,11.93332801,3.04287217,5.0,10.11750013,0.216,72.010002,5.1,8.24,1.659,1.08,1.08670387,9.520001,1.317517,19.03090482
2022-02-23,20.65,4.10018725,3.58,4.44,0.4863918,1.448,30.2141516,7.8793334,3.855,9.33866667,24.969999,2.6874517,2.74,17.65,4.99115461,5.38,1.84999815,11.98666132,2.91430011,5.0,10.09500013,0.212,71.120003,5.1,8.06,1.614,1.07,1.05196904,9.5,1.326084,19.0127804
2022-02-24,20.790001,4.14248837,3.59,4.44,0.4882398,1.434,30.03890892,7.8793334,3.85,9.38666667,25.530001,2.6874517,2.72,17.610001,5.0831824,5.67,1.81999818,11.89999469,2.94858599,5.0,10.20750014,0.214,70.230003,5.1,8.32,1.626,1.065,1.04700693,9.39,1.332748,19.12152789
2022-02-27,20.799999,3.94609031,3.5,4.3,0.42208164,1.335,28.40130251,7.74553341,3.85,9.248,24.34,2.57679192,2.6,17.360001,4.84499281,5.37,1.64999835,11.69999412,2.76001363,4.752,9.48000013,0.194,69.879997,4.56,8.13,1.495,0.95,1.03708269,9.2,1.332748,18.99465502
2022-02-28,20.99,4.04277858,3.58,4.3,0.44462716,1.425,29.24729996,7.8347334,3.85,9.48266667,25.440001,2.62421754,2.69,17.370001,4.96950101,5.76,1.72999827,11.82666139,2.87144275,4.984,9.74250013,0.205,70.0,4.59,8.25,1.551,0.996,1.07181752,9.4,1.336556,19.38433632
2022-03-01,20.98,4.07903669,3.55,4.2,0.43723519,1.39,28.89077237,8.06516674,3.74,9.67466667,25.209999,2.62421754,2.63,17.68,5.2347576,5.76,1.65333168,11.56666151,2.83715687,4.968,9.51000013,0.2,69.980003,4.37,8.18,1.507,1.0155,1.05693116,9.36,1.334652,18.99465502
2022-03-02,20.870001,4.07903669,3.6,4.3,0.46199829,1.408,28.82430123,8.69700007,3.74,9.96266667,25.25,2.66373889,2.7,18.42,5.34843899,5.86,1.74999825,11.78666141,2.87144275,4.896,9.88500013,0.203,69.989998,4.4,8.33,1.57,1.05,1.11647658,9.45,1.345124,18.99465502
2022-03-03,21.25,4.07903669,3.7,4.3,0.45312793,1.459,28.40130251,8.5706334,3.74,9.888,25.389999,2.67164316,2.63,18.940001,5.2239308,5.77,1.72999827,11.66666146,2.83715687,4.84,9.67500013,0.204,69.989998,4.31,8.25,1.521,1.035,1.08670387,9.4,1.356547,19.03090482
2022-03-06,21.66,4.07903669,3.92,4.3,0.46273749,1.492,28.70344402,8.65983341,3.8,10.24,25.57,2.86134563,2.66,19.360001,5.1697968,5.86,1.7333316,11.70666078,2.87144275,4.768,9.69750013,0.206,69.989998,4.38,8.15,1.524,1.035,1.11647658,9.3,1.37749,19.38433632
2022-03-07,21.6,4.0820582,3.93,4.3,0.45830231,1.479,27.85744657,8.62266674,3.705,10.05866667,25.85,2.84553709,2.64,18.59,5.0831824,5.79,1.70999829,11.53999419,2.76001363,4.688,9.57000013,0.204,68.400002,4.3,8.05,1.522,1.025,1.0668554,8.96,1.365115,18.85872042
2022-03-08,21.799999,4.0820582,3.84,4.3,0.44314876,1.45,25.86331317,8.39223341,3.705,9.91466667,27.23,2.79811147,2.62,18.26,4.89912681,5.51,1.6333317,11.33332828,2.7085848,4.56,9.09750012,0.2,67.150002,4.12,7.87,1.473,0.995,0.99242363,8.79,1.37749,18.93121906
2022-03-09,21.5,4.08507971,3.74,4.3,0.4342784,1.42,24.59432001,8.20640007,3.5,9.67466667,26.01,2.73487732,2.53,17.5,4.81792582,5.4,1.54333179,11.45332823,2.68287039,4.536,9.25500012,0.199,67.970001,4.06,7.81,1.454,0.96,0.95272668,8.56,1.376538,18.47810276
2022-03-10,21.620001,4.12738083,3.87,4.3,0.43501759,1.405,24.77560432,8.17666674,3.405,9.392,25.92,2.7902072,2.56,17.1,4.83957941,5.3,1.52666514,11.55332818,2.70001333,4.552,9.44250013,0.2,66.279999,4.1,7.8,1.48,0.965,0.99242363,8.4,1.356547,18.68653601
2022-03-13,21.74,4.13946686,3.81,4.25,0.43686559,1.383,24.77560432,8.14693341,3.4,9.50933333,25.290001,2.80601574,2.56,17.34,4.97491441,5.3,1.58999841,11.77999475,2.74287069,4.552,9.49500013,0.199,66.279999,4.12,8.0,1.494,0.965,0.99242363,8.5,1.341316,19.03090482
2022-03-14,22.5,4.12133781,3.79,4.25,0.42799522,1.326,25.37988735,7.93880007,3.42,9.48266667,25.51,2.90877125,2.57,16.91,4.87205981,5.34,1.52999847,11.53332752,2.77715657,4.4,9.56250013,0.194,66.040001,4.1,8.0,1.459,0.9725,1.00234786,8.3,1.332748,18.99465502
2022-03-15,22.629999,4.13946686,3.75,4.08,0.42688642,1.309,25.19860304,7.9908334,3.38,9.28,26.709999,2.87715417,2.56,16.940001,4.88288715,5.31,1.54666512,11.44666156,2.63144157,4.4,9.38250013,0.193,66.040001,3.99,7.97,1.455,0.9785,0.94776456,8.0,1.327036,19.23933807
2022-03-16,24.0,4.12133781,3.63,4.08,0.41949445,1.265,25.13817293,7.9685334,3.35,9.312,25.190001,2.81392001,2.55,16.629999,5.04528861,5.2,1.51999848,11.33332828,2.52858392,4.488,9.15000012,0.191,66.040001,3.88,8.08,1.444,0.9745,0.90806762,7.85,1.313709,19.03090482
2022-03-17,24.6,4.13644535,3.8,4.25,0.4328,1.332,25.71224241,8.17666674,3.345,9.54133333,25.469999,3.01152676,2.65,17.17,5.3105452,5.15,1.65999834,11.55999485,2.5028695,4.712,9.72750013,0.199,66.0,3.91,8.270001,1.495,1.004,0.93784033,8.48,1.298478,19.54745804
2022-03-20,24.59,4.12133781,3.74,4.25,0.44499676,1.317,26.10502759,8.36250008,3.3,9.28,24.209999,3.04314383,2.7,17.17,5.1427298,5.0,1.65999834,11.53999419,2.49429803,4.944,9.96750013,0.199,65.0,3.77,8.21,1.534,1.035,0.96265092,8.24,1.303237,19.42058517
2022-03-21,25.0,4.1183163,3.76,4.25,0.45645431,1.33,27.13230935,8.36250008,3.3,9.568,24.549999,3.3909317,2.83,17.26,5.2834782,5.16,1.69333164,11.77332808,2.55429833,5.184,9.89250013,0.221,66.18,4.1,8.26,1.557,1.03,1.02715845,8.32,1.337508,19.41152248
2022-03-22,26.0,4.2573057,4.28,4.3,0.46828147,1.376,29.00558554,8.54833342,3.3,9.744,25.790001,3.36721889,3.03,17.26,5.15355714,5.44,1.85666481,12.1866619,2.68287039,5.296,10.09500013,0.232,72.150002,4.43,8.86,1.672,1.065,1.03212057,9.3,1.28515,21.06993058
2022-03-23,25.549999,4.44766074,4.16,4.25,0.47567344,1.374,29.91201009,8.50373342,3.34,9.6,25.76,3.35141035,3.0,17.030001,5.42963999,5.27,1.85999814,12.06666129,2.64001304,5.4,10.26750014,0.226,73.419998,4.1,8.9,1.656,1.08,1.02120391,9.06,1.281342,20.7346235
2022-03-24,26.0,4.40838113,4.23,4.3,0.47382545,1.376,29.91201009,8.54833342,3.44,9.792,26.32,3.32769754,2.96,17.27,5.38091939,5.37,1.99333134,12.2666612,2.58858421,5.56,10.35750014,0.234,73.970001,4.15,9.0,1.691,1.195,1.00780619,8.9,1.267063,21.03368078
2022-03-27,26.139999,4.33284342,4.27,4.3,0.46939027,1.354,29.65216838,8.92000008,3.75,9.824,25.84,3.44626159,2.91,17.299999,5.35926579,5.3,1.98666468,12.1866619,2.61429862,5.672,10.24500014,0.233,71.800003,4.26,9.06,1.671,1.165,0.99242363,8.73,1.251831,20.99743193
2022-03-28,25.92,4.28752079,4.33,4.31,0.45497592,1.306,29.00558554,8.92000008,3.765,9.856,25.110001,3.41464451,2.85,17.33,5.2780648,4.4,2.02333131,12.09999461,2.57144127,5.728,10.02750013,0.228,69.309998,4.17,8.96,1.63,1.15,0.97257515,8.78,1.252783,20.89774617
2022-03-29,24.959999,4.20896156,4.08,4.31,0.43575679,1.255,28.51007345,8.73416674,3.7,9.584,23.75,3.1300908,2.75,17.0,5.15355714,4.32,1.91666475,11.73999543,2.44286921,5.72,9.92250013,0.225,70.0,4.04,8.79,1.597,1.09,0.96761304,8.34,1.247072,20.19088412
2022-03-30,25.4,4.25126268,4.18,4.31,0.43612639,1.268,28.64301693,8.92000008,3.75,9.58933333,23.27,3.19332496,2.74,17.299999,5.42963999,4.0,1.95999804,11.8799947,2.45144068,5.76,10.07250013,0.226,75.0,4.22,8.71,1.581,1.125,0.97257515,8.35,1.261351,20.84337195
2022-03-31,25.370001,4.25126268,4.1,4.31,0.43834398,1.286,27.91787669,8.77133341,3.8,9.54133333,22.18,3.07476091,2.81,17.41,5.321372,3.85,1.9333314,11.70666078,2.44286921,5.76,9.56250013,0.228,76.0,4.21,8.82,1.574,1.145,0.94280245,8.36,1.261351,20.84337195
2022-04-03,24.870001,4.19083251,3.92,4.31,0.43797438,1.349,27.91183265,8.92743341,3.755,9.44533333,22.17,2.93248406,2.82,17.49,5.36467919,3.99,1.94333139,11.79332874,2.5028695,5.816,9.81750013,0.22,79.800003,4.2,8.9,1.564,1.17,0.96265092,8.45,1.256591,19.9280757
2022-04-04,25.4,4.32982191,3.92,4.31,0.45830231,1.366,29.05392939,8.92743341,3.755,9.456,22.530001,3.01152676,2.88,17.459999,5.3321988,4.27,1.97999802,12.86666026,2.54572686,5.96,10.17750014,0.224,79.389999,4.2,8.94,1.622,1.18,0.98845393,8.8,1.255639,20.84337195
2022-04-05,25.309999,4.32982191,3.84,4.31,0.46236789,1.352,28.96932795,8.94230008,3.755,9.48266667,22.450001,2.96410114,2.95,17.18,5.21,4.32,2.04999795,12.53332708,2.51144097,5.96,10.18500014,0.221,78.190002,4.34,8.91,1.688,1.2,1.00234786,8.98,1.24612,20.69837465
2022-04-06,25.0,4.27241324,3.8,4.31,0.45904151,1.345,28.11124665,8.77876674,3.755,9.44,22.110001,2.89296271,2.88,17.16,5.44,4.29,2.05333128,13.06666084,2.48572656,5.672,9.99000013,0.224,77.010002,4.4,8.94,1.625,1.2,1.00929483,8.84,1.208993,19.80120378
2022-04-07,24.92,4.20594005,3.81,4.31,0.45830231,1.435,27.97830378,8.90513341,3.755,9.42933333,21.98,2.96410114,2.85,17.120001,5.38,4.25,2.02666464,13.12666148,2.46001215,5.76,9.99750013,0.221,76.279999,4.35,8.9,1.629,1.2,1.04452587,8.8,1.232792,19.03090482
2022-04-10,24.41,4.19989703,3.79,4.2,0.45017114,1.405,27.28338011,8.77133341,3.755,9.43466667,21.129999,3.06685664,2.81,16.9,5.06,4.11,1.98999801,12.66666102,2.36572597,5.76,9.81000013,0.215,76.559998,4.38,8.85,1.597,1.24,1.07677964,8.8,1.22232,19.08527904
2022-04-11,24.209999,4.14248837,3.7,3.93,0.43095201,1.351,26.71535224,8.77133341,3.755,9.44,19.92,3.14589934,2.76,16.9,4.7,3.98,1.9333314,12.46666177,2.22858243,5.816,10.13250014,0.206,76.099998,4.25,8.85,1.554,1.18,1.07181752,8.6,1.223272,19.12152789
2022-04-12,23.9,4.05788613,3.61,3.93,0.42614723,1.301,26.08085566,8.62266674,3.755,9.38133333,19.790001,2.95619687,2.7,16.709999,4.71,3.91,1.82999817,12.60666105,2.1514392,5.84,9.96000013,0.2,73.080002,4.05,8.59,1.501,1.195,1.03708269,8.5,1.223272,19.03090482
2022-04-13,24.75,3.88566013,3.61,3.93,0.41579847,1.331,26.58845341,8.39966675,3.7,9.41333333,20.33,3.03523956,2.72,16.799999,4.94,3.96,1.83999816,12.71999433,2.24572538,5.88,9.93750013,0.205,74.989998,4.11,8.57,1.526,1.17,1.01723422,8.7,1.240408,19.61995668
2022-04-14,24.99,3.93400427,3.61,3.93,0.41468967,1.302,26.29235352,8.39966675,3.7,9.38133333,20.049999,3.01152676,2.74,16.51,4.75,4.0,1.77333156,12.87999426,2.2371539,5.904,9.86250013,0.204,75.0,4.1,8.53,1.541,1.17,1.02715845,8.79,1.256591,19.74682955
2022-04-17,24.74,3.74667074,3.28,3.93,0.39953613,1.265,26.4675962,8.39223341,3.7,9.41333333,19.450001,2.86134563,2.7,15.66,4.88,3.78,1.67999832,10.30666207,2.18572508,5.864,9.47250013,0.201,74.0,4.0,8.19,1.471,1.065,1.01723422,8.7,1.266111,19.48402113
2022-04-18,24.209999,3.74667074,3.29,3.93,0.36590265,1.206,26.96915233,8.43683341,3.655,9.33333333,17.98,2.65583462,2.68,15.75,4.78,3.92,1.60333173,10.466662,2.06572449,5.92,9.03750012,0.192,73.349998,3.99,8.35,1.448,1.06,1.02715845,8.770001,1.254687,20.49900314
2022-04-19,23.799999,3.74667074,3.58,3.93,0.36442425,1.22,27.0839655,8.31790008,3.7,9.28533333,18.52,2.71906878,2.68,15.9,4.84,4.05,1.64666502,9.99999554,2.14286772,5.92,9.21000012,0.196,72.160004,4.0,8.44,1.448,1.075,1.02715845,8.7,1.268967,21.1243048
2022-04-20,24.0,3.72249867,3.58,3.93,0.37551221,1.272,26.34673899,8.32533341,3.775,9.22666667,18.67,2.75068586,2.72,16.299999,4.93,3.95,1.70999829,10.36666204,2.19429655,5.92,9.48750013,0.197,72.190002,4.08,7.37,1.499,1.075,1.06189328,8.8,1.189954,19.48402113
2022-04-21,24.4,3.73156319,3.49,3.93,0.380317,1.268,25.29528833,8.33276674,3.905,9.19466667,19.559999,2.84553709,2.66,15.26,4.83,3.88,1.73666493,10.45332867,2.17715361,5.96,9.54750013,0.195,71.32,4.02,7.5,1.466,1.1,1.04204481,8.6,1.190906,20.16369701
2022-04-26,24.73,3.82825147,3.53,3.93,0.41321127,1.325,25.37988735,8.18410007,3.975,9.28533333,20.030001,2.90086698,2.7,15.91,4.88,3.87,1.80333153,10.95999578,2.28001126,6.0,9.69750013,0.203,73.900002,4.13,7.51,1.536,1.115,1.07181752,8.59,1.189954,20.16369701
2022-04-27,25.950001,3.75875677,3.72,3.93,0.40914569,1.298,25.98417038,8.39966675,4.015,9.22666667,20.0,2.89296271,2.7,15.83,4.55,3.9,1.76333157,11.49999487,2.22858243,6.032,9.58500013,0.2,77.489998,4.08,7.59,1.5,1.115,1.0668554,8.45,1.218513,21.14242922
2022-04-28,26.299999,3.74969224,3.71,3.93,0.39879693,1.291,25.99625604,8.30303341,4.0,9.24266667,20.0,2.90877125,2.75,15.98,4.57,3.86,1.75333158,11.33332828,2.22858243,6.08,9.85500013,0.205,77.25,4.09,7.67,1.556,1.115,1.13136293,8.38,1.213753,21.01555635
2022-05-08,28.290001,3.81616544,3.89,3.93,0.42023365,1.326,27.07187923,8.00570007,4.0,9.31733333,21.610001,3.0273353,2.83,16.32,4.62,4.25,1.91666475,11.33999494,2.22858243,6.112,10.11000013,0.21,77.900002,4.39,7.72,1.667,1.115,1.10655234,8.7,1.228032,21.2964892
2022-05-09,28.34,3.87055259,3.91,3.93,0.41616806,1.338,27.19273644,8.41453341,4.0,8.976,21.389999,3.19332496,2.77,16.0,4.92,4.1,1.9333314,10.94666179,2.19429655,6.224,9.96750013,0.212,80.989998,4.29,7.97,1.634,1.08,1.1214387,8.5,1.247072,21.2964892
2022-05-10,28.1,3.8735741,3.82,3.93,0.41912485,1.35,26.05668374,8.29560008,3.92,9.41333333,20.17,3.16170788,2.75,16.059999,4.84,3.94,1.8999981,10.79999585,2.18572508,6.24,9.79500013,0.208,81.699997,4.51,7.87,1.599,1.08,1.11647658,8.48,1.251831,21.68616955
2022-05-11,27.040001,3.86753108,3.78,3.93,0.41173288,1.331,26.11106921,8.17666674,3.8,9.38666667,19.700001,3.09056945,2.72,15.87,4.71,3.94,1.88333145,10.5399953,2.14286772,6.256,9.72750013,0.206,79.360001,4.39,7.77,1.583,1.045,1.11647658,8.36,1.250879,21.1243048
2022-05-12,28.73,3.86753108,3.92,3.93,0.41764646,1.366,25.83914124,8.02800007,3.8,9.232,20.200001,3.3909317,2.73,16.200001,4.82,4.11,1.90999809,10.59999527,2.10858184,6.568,9.64500013,0.21,78.940002,4.37,7.85,1.569,1.045,1.16113564,8.15,1.250879,21.54117226
2022-05-15,27.950001,3.86753108,3.85,3.93,0.4072977,1.312,25.44031444,7.9908334,3.8,9.088,20.01,3.24075058,2.67,16.049999,4.85,4.0,1.83999816,10.25332876,2.05715302,6.568,9.66750013,0.201,81.0,4.28,7.74,1.49,1.045,1.1214387,8.11,1.229936,21.2964892
2022-05-16,27.16,3.84940203,3.84,3.93,0.40175372,1.289,25.07774583,8.09490007,3.85,9.072,19.809999,3.20122923,2.63,16.07,4.71,3.87,1.80999819,9.79999563,1.96286684,6.632,9.61500013,0.2,79.199997,4.3,7.47,1.462,1.045,1.11647658,8.1,1.228032,20.97024482
2022-05-17,27.0,3.82522996,3.83,3.93,0.40286251,1.293,24.71517722,8.11720007,3.89,9.072,19.67,3.20122923,2.65,16.1,4.63,3.84,1.78999821,10.11999549,1.92858095,6.64,9.60000013,0.2,75.559998,4.11,7.4,1.473,1.045,1.10159023,7.72,1.27563,21.15149096
2022-05-18,27.49,3.82522996,3.85,3.93,0.40397131,1.289,24.35260559,8.1023334,3.965,9.06666667,19.65,3.23284631,2.65,16.209999,4.55,3.78,1.7999982,10.12666215,1.86858066,6.688,9.75000013,0.2,76.0,4.11,7.34,1.49,1.03,1.10655234,7.93,1.283246,21.43242381
2022-05-19,27.200001,3.82825147,3.89,3.93,0.4065585,1.288,24.72121884,8.1023334,3.965,9.06666667,19.48,3.20122923,2.65,16.4,4.47,3.78,1.78333155,10.03332886,1.92858095,6.728,9.75000013,0.201,75.32,4.19,7.3,1.486,1.03,1.08670387,7.9,1.277534,21.49585977
2022-05-22,26.950001,3.837316,3.81,3.93,0.40175372,1.276,25.44031444,8.12463341,3.85,9.06133333,19.0,3.14589934,2.66,16.25,4.4,3.7,1.7666649,9.89332892,1.94572389,6.72,9.72000013,0.2,77.5,4.11,7.21,1.458,1.01,1.07181752,7.98,1.28515,22.11209874
2022-05-23,26.34,3.837316,3.73,3.93,0.40286251,1.278,25.24694448,8.12463341,3.85,9.05066667,19.01,3.11428226,2.66,16.219999,4.35,3.63,1.75333158,9.9533289,1.95429537,6.896,9.74250013,0.202,74.370003,4.1,7.19,1.46,1.01,1.0668554,7.89,1.288958,21.67710686
2022-05-24,26.5,3.81616544,3.71,3.93,0.40877609,1.273,25.53095811,8.23613341,3.85,9.06666667,18.57,3.1300908,2.7,16.200001,4.25,3.53,1.75999824,10.11332882,1.97143831,6.96,9.76500013,0.201,73.32,4.17,7.21,1.448,0.995,1.07181752,7.87,1.276582,21.95803876
2022-05-25,26.1,3.77084281,3.62,3.93,0.39916653,1.26,25.53095811,8.13950007,3.85,9.06666667,18.48,3.0273353,2.65,16.15,4.1,3.36,1.69666497,10.10666216,1.83429477,7.08,9.66000013,0.2,69.559998,4.12,7.23,1.362,0.995,1.11151446,7.72,1.270871,21.27836383
2022-05-26,25.969999,3.64696095,3.53,3.3,0.38290419,1.229,25.01731874,8.02800007,3.85,8.96,17.620001,2.93248406,2.64,15.96,4.0,3.0,1.64333169,10.07332884,1.71429418,7.032,9.48750013,0.195,68.470001,4.03,7.14,1.283,0.95,1.04204481,7.65,1.266111,21.11524211
2022-05-29,25.25,3.59861681,3.51,3.3,0.37329462,1.201,25.15025919,8.02800007,3.85,8.848,17.49,2.81392001,2.63,15.54,4.0,2.75,1.59333174,10.37999537,1.71429418,7.032,9.36000012,0.196,68.400002,3.97,7.03,1.169,0.95,1.03212057,7.55,1.264207,21.11524211
2022-05-30,25.110001,3.59861681,3.54,3.3,0.37107703,1.187,24.67287741,8.02800007,3.85,8.69333333,18.209999,2.78230293,2.65,15.41,4.03,2.95,1.51999848,10.01999553,1.69715124,6.68,9.34500012,0.191,66.639999,3.97,6.65,1.174,0.95,1.00730998,7.5,1.283246,20.84337195
2022-05-31,25.23,3.59861681,3.63,3.3,0.37440342,1.185,24.67891903,8.1023334,3.85,8.53866667,17.73,2.86134563,2.66,15.5,4.05,2.98,1.54999845,9.86666227,1.6800083,6.608,9.28500012,0.192,67.110001,3.94,6.71,1.183,0.95,1.03212057,7.75,1.27563,20.83430926
2022-06-01,26.0,3.62278888,3.67,3.3,0.37588181,1.193,24.89646153,7.8793334,3.845,8.88533333,17.9,2.86134563,2.65,15.1,4.1,3.0,1.48333185,9.47999577,1.62,6.608,9.24750012,0.196,67.980003,4.0,6.75,1.072,0.95,1.02219634,7.93,1.276582,21.33273805
2022-06-02,25.73,3.64998246,3.59,3.3,0.36848984,1.172,24.77560432,8.02800007,3.8,8.592,17.309999,2.7902072,2.59,15.06,4.05,2.89,1.45333188,9.17999591,1.55,6.624,9.10500012,0.193,67.290001,4.02,6.64,1.131,0.95,1.04204481,7.8,1.279438,21.65898244
2022-06-05,25.84,3.62581039,3.57,3.3,0.38475218,1.183,24.17132128,8.07260007,3.8,8.46933333,17.309999,2.82182428,2.55,14.95,4.06,2.91,1.46333187,8.99999599,1.66,6.624,8.99250012,0.193,67.849998,4.02,6.53,1.172,0.9235,1.04204481,7.8,1.276582,21.38711227
2022-06-06,25.65,3.65300397,3.57,3.3,0.43058241,1.182,23.9960786,8.07260007,3.8,8.41066667,17.4,2.86134563,2.52,15.08,4.09,2.9,1.48999851,8.80666274,1.67,6.624,9.01500012,0.195,66.099998,3.93,6.57,1.187,0.9235,1.04204481,7.89,1.279438,21.38711227
2022-06-07,25.73,3.62581039,3.58,3.28,0.42171204,1.199,23.99003698,8.00570007,3.8,8.37333333,17.07,2.8692499,2.49,15.13,4.06,2.95,1.50666516,8.83999606,1.623,6.504,9.12750012,0.194,66.0,3.95,6.62,1.208,0.922,1.05196904,7.8,1.28039,21.2964892
2022-06-08,25.780001,3.62581039,3.65,3.28,0.41653766,1.23,24.14110774,7.91650007,3.8,8.48,17.35,2.95619687,2.5,15.14,4.09,3.2,1.49666517,8.97332933,1.629,6.472,9.24000012,0.194,66.690002,4.0,6.74,1.249,0.9395,1.04204481,7.8,1.282294,21.56835842
2022-06-09,25.85,3.76479979,3.79,3.53,0.42910402,1.258,24.58827597,8.13950007,3.8,8.4,17.75,3.01152676,2.61,15.42,4.3,3.24,1.57666509,9.38666248,1.642,6.424,9.52500013,0.206,68.690002,4.07,6.85,1.3,0.986,1.0668554,8.1,1.260399,21.55929668
2022-06-12,25.530001,3.71343414,3.75,3.53,0.42466883,1.273,24.58827597,8.52603342,3.8,8.42133333,17.73,3.00362249,2.55,15.39,4.24,3.32,1.57333176,9.21332923,1.677,6.424,9.58500013,0.215,67.949997,4.12,6.84,1.278,0.9875,1.07181752,8.15,1.258495,21.50492246
2022-06-13,24.690001,3.71343414,3.7,3.53,0.42060325,1.262,24.05046407,8.18410007,3.8,8.33066667,17.48,2.93248406,2.53,15.36,4.25,3.25,1.65999834,9.08666262,1.664,6.104,9.44250013,0.21,66.32,4.16,6.77,1.281,0.969,1.05693116,8.18,1.265159,20.93399502
2022-06-14,24.5,3.74364923,3.63,3.53,0.46754227,1.265,24.05046407,8.32533341,3.8,8.15466667,17.200001,2.8692499,2.48,15.2,4.21,3.04,1.61666505,8.979996,1.586,6.104,9.33750012,0.206,65.580002,4.04,6.69,1.269,0.969,1.07677964,8.08,1.266111,20.68931196
2022-06-15,24.35,3.77688582,3.64,3.53,0.47197746,1.255,24.05046407,8.19896674,3.87,8.0,17.139999,2.90086698,2.47,15.2,4.14,3.07,1.62999837,8.92666269,1.586,6.104,9.60000013,0.206,65.080002,4.05,6.6,1.26,0.969,1.07677964,7.81,1.271823,21.13336653
2022-06-16,25.0,3.71645565,3.6,3.53,0.48417421,1.308,23.99003698,8.0354334,3.87,8.0,17.08,2.90086698,2.51,15.12,4.19,3.08,1.68666498,8.73332944,1.592,5.744,9.51750013,0.206,65.419998,4.03,6.49,1.245,0.969,1.07181752,7.89,1.260399,20.78899772
2022-06-19,24.700001,3.68751822,3.58,3.53,0.49674057,1.287,23.56703825,8.06516674,3.805,7.89333333,17.110001,2.8692499,2.52,15.2,4.25,3.14,1.68333165,8.60666283,1.589,5.704,9.43500013,0.203,64.620003,4.12,6.55,1.233,0.964,1.09166599,7.74,1.247072,20.17275875
2022-06-20,24.08,3.81673045,3.52,3.53,0.5141117,1.227,23.26489674,7.9016334,3.805,7.68,16.67,2.80601574,2.42,15.08,4.15,3.0,1.61999838,8.37999626,1.569,5.704,9.28500012,0.199,63.939999,4.02,6.46,1.238,0.964,1.09662811,7.51,1.249927,20.25432008
2022-06-21,23.9,3.81673045,3.5,3.53,0.52704765,1.218,23.26489674,7.93880007,3.75,7.472,16.389999,2.77439866,2.44,14.94,4.03,2.95,1.61999838,8.33332962,1.556,5.704,9.24000012,0.196,63.029999,3.94,6.46,1.241,0.964,1.10655234,7.6,1.249927,20.08213568
2022-06-22,23.799999,3.66432628,3.55,3.53,0.54663638,1.233,23.47639459,7.80500008,3.75,7.63733333,16.1,2.8692499,2.44,14.5,4.01,2.97,1.69666497,8.2999963,1.569,5.72,9.33750012,0.206,63.360001,3.97,6.44,1.227,0.964,1.09166599,7.59,1.247072,19.82838994
2022-06-23,23.6,3.70739702,3.48,3.53,0.54330999,1.207,23.20446964,7.80500008,3.705,7.472,15.98,2.83763282,2.43,14.46,4.0,2.99,1.65666501,8.27332964,1.559,5.76,9.41250013,0.2,62.040001,3.92,6.4,1.236,0.964,1.08174175,7.51,1.242312,19.71057975
2022-06-26,23.6,3.80347791,3.5,3.53,0.54330999,1.18,22.51558457,7.61916674,3.705,7.36,15.43,2.91667552,2.36,14.19,3.93,2.91,1.63666503,8.16666303,1.523,5.76,9.35250012,0.2,61.16,3.81,6.39,1.228,0.964,1.09166599,7.41,1.242312,19.38433632
2022-06-27,23.309999,4.05196297,3.5,3.53,0.54330999,1.181,22.78147091,7.61916674,3.705,7.14133333,15.11,2.87715417,2.29,13.96,3.84,2.72,1.67999832,8.16666303,1.529,5.76,9.48000013,0.2,60.209999,3.77,6.4,1.252,0.964,1.10655234,7.3,1.237552,19.38433632
2022-06-28,22.17,3.82004358,3.47,3.21,0.54515799,1.175,22.59414197,7.66376674,3.605,7.072,15.62,2.79811147,2.25,13.95,3.47,2.42,1.62333171,8.15999636,1.509,5.76,9.34500012,0.195,56.200001,3.5,6.45,1.219,0.964,1.08670387,7.02,1.235648,18.71372312
2022-06-29,22.299999,3.79022537,3.44,3.21,0.53924441,1.148,22.58810034,7.65633341,3.605,6.96533333,15.94,2.82972855,2.35,13.98,3.5,2.55,1.65999834,8.0066631,1.456,5.672,9.08250012,0.187,54.0,3.62,6.43,1.194,0.964,1.04700693,6.76,1.209945,18.60497467
2022-07-03,22.700001,3.76040717,3.56,3.21,0.54848438,1.153,22.52767083,7.65633341,3.605,7.2,16.530001,2.83763282,2.34,13.86,3.55,2.67,1.63999836,7.95332979,1.47,5.8,8.93250012,0.188,52.990002,3.7,6.61,1.197,0.964,1.08670387,7.03,1.216609,18.84965773
2022-07-04,21.82,3.68420508,3.56,3.18,0.55070197,1.095,22.02611712,7.50766674,3.54,6.84266667,15.7,2.78230293,2.32,13.62,3.39,2.48,1.62999837,7.67332991,1.406,5.712,8.73750012,0.183,50.98,3.55,6.58,1.164,0.964,1.09166599,6.84,1.199473,18.84965773
2022-07-05,21.360001,3.61131613,3.48,3.18,0.56437712,0.984,20.99883536,7.47050007,3.54,6.56533333,14.35,2.57679192,2.31,13.32,3.2,2.4,1.57666509,7.53332997,1.19,5.744,8.51250011,0.172,50.43,3.43,6.4,1.127,0.964,1.04204481,6.68,1.156635,18.57778852
2022-07-06,21.18,3.53180092,3.51,3.23,0.56289872,1.009,20.90215008,7.50766674,3.55,6.336,14.19,2.608409,2.35,13.29,2.95,2.41,1.60999839,7.6933299,1.113,5.6,8.66250012,0.17,52.990002,3.48,6.42,1.15,0.964,1.0668554,6.7,1.172818,18.56872583
2022-07-07,21.309999,3.57155853,3.57,3.29,0.56696431,1.005,21.02904891,7.42590007,3.55,6.11733333,13.98,2.64793035,2.33,13.22,2.86,2.65,1.64666502,7.99999643,1.129,5.68,8.72250012,0.172,53.189999,3.53,6.4,1.144,0.964,1.09166599,6.72,1.17853,18.33310451
2022-07-17,21.379999,3.63119494,3.57,3.29,0.5677035,1.03,21.51247473,7.4333334,3.56,6.176,14.02,2.65583462,2.35,13.22,2.9,2.62,1.62999837,8.0066631,1.14,5.736,8.94750012,0.173,54.0,3.5,6.45,1.193,0.964,1.09166599,6.8,1.179482,18.57778852
2022-07-18,21.120001,3.54836659,3.54,3.29,0.5691819,1.01,21.75418915,7.29210006,3.56,6.08,13.85,2.61631327,2.33,13.36,2.84,2.57,1.63666503,8.19999634,1.152,5.736,8.76750012,0.174,54.0,3.43,6.35,1.199,0.964,1.09166599,6.71,1.181386,18.36029162
2022-07-19,21.389999,3.50860898,3.57,3.29,0.5691819,1.024,21.75418915,7.29210006,3.7,6.21333333,14.06,2.66373889,2.35,13.22,2.88,2.7,1.69666497,8.376,1.16,5.936,8.87250012,0.176,55.040001,3.52,6.38,1.199,0.964,1.08670387,6.9,1.189954,19.03090482
2022-07-20,21.530001,3.51854838,3.64,3.29,0.57213869,1.043,22.29804509,7.50766674,3.755,6.352,14.64,2.71906878,2.45,13.32,2.88,2.82,1.74999825,8.72,1.161,5.936,8.98500012,0.179,54.619999,3.69,6.46,1.24,0.964,1.10159023,7.07,1.189954,19.45683497
2022-07-21,22.030001,3.54836659,3.73,3.29,0.57953066,1.087,22.35847219,7.4333334,3.755,6.74666667,14.75,2.72697305,2.46,13.25,3.06,2.83,1.78999821,8.528,1.24,5.88,9.11250012,0.184,55.93,3.65,6.47,1.248,0.9185,1.11647658,7.07,1.189954,19.4658967
2022-07-24,22.5,3.61131613,3.91,3.29,0.58174825,1.194,22.78147091,7.3887334,3.83,6.92266667,15.27,2.81392001,2.44,13.48,3.14,2.95,1.79666487,9.104,1.375,5.952,9.35250012,0.185,57.029999,3.83,6.69,1.27,0.957,1.176022,7.11,1.189954,19.47495939
2022-07-25,22.51,3.67426568,3.87,3.29,0.59098822,1.2,22.35847219,7.42590007,3.91,6.98666667,16.059999,2.79811147,2.37,13.61,3.26,3.03,1.80666486,9.176,1.47,5.96,9.33000012,0.189,56.619999,3.78,6.64,1.258,0.957,1.16113564,7.09,1.199473,19.30277498
2022-07-26,22.540001,3.78028597,3.81,3.29,0.62831768,1.178,22.29804509,7.4333334,3.95,6.86933333,16.040001,2.78230293,2.35,13.5,3.23,2.93,1.77666489,9.04,1.566,5.992,9.24750012,0.186,57.02,3.74,6.65,1.243,0.912,1.13136293,7.1,1.206137,19.16683943
2022-07-27,22.809999,3.96250835,3.86,3.44,0.61722972,1.22,22.63040016,7.35900006,3.945,7.2,16.059999,2.8692499,2.37,13.7,3.24,3.01,1.79666487,9.424,1.528,5.992,9.24000012,0.191,58.0,3.79,6.68,1.244,0.9125,1.16609776,7.2,1.182338,19.38433632
2022-07-28,22.440001,3.99232655,3.83,3.8,0.59320581,1.189,22.61831389,7.3218334,3.98,7.27466667,15.78,2.82182428,2.36,13.53,3.11,2.9,1.7666649,9.24,1.53,5.992,9.28500012,0.188,57.990002,3.8,6.6,1.229,0.9125,1.19090835,7.15,1.199473,19.47495939
2022-07-31,22.860001,4.16460952,3.83,4.0,0.61427293,1.2,22.90232812,7.3218334,4.04,7.30666667,15.94,2.82972855,2.37,13.35,3.13,2.89,1.79333154,9.168,1.504,5.968,9.41250013,0.187,58.02,3.8,6.57,1.23,0.9125,1.23556742,7.16,1.203281,20.29963162
2022-08-01,23.190001,4.08840744,3.9,4.0,0.60651136,1.217,23.18633934,7.24750006,4.04,7.44,16.110001,2.85344136,2.43,13.57,3.18,2.83,1.85333148,9.472,1.541,5.968,9.54000013,0.189,58.799999,3.85,6.6,1.235,0.9405,1.20083259,7.17,1.208993,20.29963162
2022-08-02,23.190001,4.08509431,3.89,4.0,0.60946815,1.197,22.9567136,7.28466673,4.07,7.6,15.76,2.81392001,2.37,13.59,3.1,2.9,1.78333155,9.352,1.572,5.968,9.35250012,0.183,58.650002,3.74,6.55,1.228,0.9405,1.19587047,7.13,1.208993,20.29963162
2022-08-03,23.290001,4.0751549,3.89,4.0,0.63312246,1.264,22.48537102,7.37386673,4.07,7.68533333,15.8,2.81392001,2.38,13.41,3.15,2.9,1.78666488,9.36,1.683,6.192,9.55500013,0.182,59.66,3.7,6.48,1.231,0.9405,1.20083259,7.25,1.209945,20.29963162
2022-08-04,23.559999,3.99563969,3.87,4.0,0.65197199,1.271,22.78147091,7.18060006,4.4,7.98933333,15.98,2.84553709,2.38,13.55,3.28,2.93,1.78999821,9.504,1.683,6.192,9.60000013,0.181,59.869999,3.92,6.52,1.235,0.9405,1.24052953,7.29,1.216609,19.91901396
2022-08-07,24.0,4.09172057,3.95,4.0,0.68153988,1.275,22.96275522,7.35156673,4.5100005,9.48266667,16.58,2.90877125,2.5,13.83,3.89,3.1,1.8999981,10.08,1.769,6.176,9.87000013,0.19,61.509998,4.13,6.68,1.317,0.932,1.30007495,8.01,1.220417,22.20272277
2022-08-08,24.190001,4.03871043,4.02,4.0,0.70667259,1.291,23.5186944,7.39616673,4.535,9.01333333,17.01,2.9482926,2.51,14.34,4.0,3.17,1.99333134,9.904,1.882,5.92,10.28250014,0.192,62.459999,4.1,6.74,1.349,0.9545,1.30503707,8.08,1.243264,22.20272277
2022-08-09,23.790001,4.14804385,3.97,4.0,0.76469958,1.249,23.50661116,7.58200007,4.42,8.736,17.02,2.94038833,2.53,14.06,3.83,3.12,1.97333136,10.0,1.79,5.76,10.36500014,0.19,60.639999,4.03,7.07,1.347,0.996,1.30007495,7.99,1.249927,22.20272277
2022-08-10,23.860001,4.27394295,3.93,4.0,0.86486081,1.191,23.198425,7.50766674,4.525,8.544,16.700001,2.90877125,2.47,14.35,3.9,3.11,1.91999808,9.928,1.732,5.664,10.18500014,0.187,61.959999,4.03,6.86,1.384,0.9655,1.2851886,7.92,1.253735,21.64991975
2022-08-11,24.200001,4.34351876,3.91,4.0,0.83270573,1.197,23.50661116,7.50766674,4.495,8.24,17.059999,2.92457979,2.48,14.11,3.84,3.11,1.91666475,9.832,1.745,5.664,10.22250014,0.185,61.959999,3.95,6.91,1.35,0.957,1.2851886,7.84,1.261351,21.64991975
2022-08-14,24.08,4.28056922,3.95,3.93,0.77615713,1.201,23.32532383,7.67863341,4.495,8.32,17.120001,2.89296271,2.49,14.45,3.9,3.21,1.8999981,9.92,1.753,5.664,10.35750014,0.184,61.959999,4.01,7.05,1.35,1.055,1.34969613,7.8,1.254687,21.65898244
2022-08-15,24.17,4.46941786,4.15,4.0,0.7576772,1.196,23.02922696,7.73066674,4.38,8.432,17.870001,2.93248406,2.49,15.01,3.91,3.18,1.91666475,9.76,1.69,5.664,10.25250014,0.19,61.689999,4.06,7.0,1.34,1.265,1.3397719,7.73,1.268967,21.16961633
2022-08-16,23.940001,4.38658951,4.04,4.25,0.74658924,1.173,22.9567136,7.68606674,4.19,8.32533333,17.559999,2.93248406,2.55,15.09,3.9,3.21,1.89333144,9.712,1.705,5.664,10.17000014,0.187,60.849998,4.08,6.95,1.31,1.405,1.30007495,7.74,1.264207,21.38711227
2022-08-17,23.799999,4.37333697,3.97,4.25,0.77246115,1.186,22.65457208,7.76040008,4.345,8.35733333,17.290001,2.91667552,2.6,14.94,3.72,3.19,1.85999814,9.832,1.744,5.736,10.86750014,0.186,60.790001,4.08,6.99,1.289,1.36,1.34473401,7.7,1.260399,21.30555094
2022-08-18,23.92,4.5025492,4.0,4.3,0.76137319,1.219,23.38575395,7.8793334,4.6,8.56,17.41,2.94038833,2.6,15.03,3.83,3.37,1.95666471,10.32,1.8,5.608,11.25000015,0.197,62.23,4.24,6.9,1.305,1.36,1.36458249,7.8,1.245168,21.70429397
2022-08-21,24.969999,4.71790291,3.99,4.3,0.77615713,1.22,23.45222508,7.81986673,4.74,8.544,17.4,2.95619687,2.7,15.22,3.8,3.33,1.94333139,10.336,1.857,5.608,11.19000015,0.203,58.349998,4.28,7.0,1.313,1.295,1.35962037,7.81,1.245168,21.74960551
2022-08-22,25.02,4.96638797,4.14,4.3,0.77985312,1.338,24.63661922,7.9462334,4.85,8.53866667,17.65,3.09056945,2.71,15.24,3.91,3.42,2.01333132,10.528,1.999,5.768,10.95750015,0.2,59.82,4.53,7.3,1.34,1.35,1.3943552,7.85,1.245168,21.51398514
2022-08-23,24.74,4.77422619,4.09,4.39,0.7576772,1.32,24.11089419,7.84216673,4.855,8.40533333,17.459999,3.04314383,2.72,15.22,3.82,3.38,2.0666646,10.416,1.951,5.888,11.00250015,0.198,59.259998,4.63,7.24,1.39,1.31,1.35962037,7.97,1.238504,21.51398514
2022-08-24,24.549999,4.78085246,4.03,4.39,0.73919727,1.291,24.0142089,7.79013341,4.835,8.288,17.51,3.11428226,2.61,14.9,3.69,3.24,2.01999798,10.504,1.934,5.864,11.04750015,0.195,58.139999,4.89,7.17,1.358,1.275,1.34969613,7.6,1.225176,21.2964892
2022-08-25,24.25,4.78747873,3.99,4.39,0.72071734,1.272,24.11693581,7.78270008,4.74,8.21333333,17.25,3.03523956,2.57,15.01,3.63,3.28,1.97999802,10.36,1.919,5.872,10.89000015,0.192,58.009998,4.87,7.17,1.33,1.205,1.38939308,7.57,1.225176,21.06086789
2022-08-28,24.91,4.76097366,4.05,4.3,0.86486081,1.305,24.35260559,7.8124334,4.75,8.26666667,17.389999,3.08266518,2.63,15.14,3.79,3.59,2.08999791,10.52,1.926,5.872,10.87500015,0.196,59.880001,5.26,7.21,1.387,1.215,1.4489385,7.83,1.232792,21.82210416
2022-08-29,24.690001,4.78747873,4.02,5.0,1.03487618,1.295,24.03837841,7.80500008,4.75,7.81333333,17.280001,3.06685664,2.7,15.16,3.73,3.59,2.06999793,10.36,2.05,5.872,10.74000014,0.198,63.040001,5.1,7.16,1.4,1.31,1.43901426,7.73,1.232792,21.74960551
2022-08-30,24.540001,4.6483271,4.03,4.98,1.01639625,1.341,23.95982343,7.63403341,4.75,7.84,17.360001,3.00362249,2.7,15.38,3.67,3.55,2.03666463,10.256,2.0,5.832,10.65750014,0.193,63.5,5.04,7.15,1.43,1.24,1.4241279,7.79,1.229936,22.05772452
2022-08-31,25.200001,4.64170083,4.1,4.99,0.98682836,1.356,23.7785361,7.71580008,4.735,7.648,17.49,3.01943103,2.69,15.56,3.73,3.77,2.00999799,10.248,1.998,5.808,10.42500014,0.201,62.91,5.05,6.92,1.483,1.295,1.4241279,7.76,1.253735,22.05772452
2022-09-01,25.280001,4.55224621,4.07,5.0,1.13466781,1.35,23.05339888,7.24750006,4.735,7.49333333,17.32,2.98781395,2.66,15.56,3.66,3.67,1.97999802,10.248,1.99,5.848,10.41750014,0.205,62.900002,4.96,6.92,1.529,1.26,1.41420367,7.68,1.248975,22.05772452
2022-09-04,24.709999,4.47604413,4.03,5.0,1.19749958,1.312,23.05339888,7.4333334,4.695,7.648,17.040001,2.94038833,2.59,15.43,3.63,3.66,1.96999803,10.104,1.949,5.904,10.65000014,0.209,62.32,4.87,6.85,1.468,1.24,1.41916579,7.55,1.232792,21.6136709
2022-09-05,24.940001,4.46610472,4.04,5.0,1.33425107,1.31,22.96275522,7.65633341,4.695,7.71733333,17.26,2.96410114,2.66,15.27,3.69,3.76,2.01333132,10.12,1.958,5.904,10.48500014,0.21,62.32,5.0,6.92,1.474,1.24,1.37946884,7.59,1.230888,21.77679262
2022-09-06,24.76,4.49923607,4.1,5.0,1.28989924,1.4,23.14403952,7.61916674,4.65,8.05866667,17.530001,3.0510481,2.68,17.68,3.81,3.74,2.0666646,10.408,2.0,5.904,10.65000014,0.21,63.029999,5.19,6.92,1.529,1.25,1.37946884,7.7,1.232792,21.46867266
2022-09-07,25.1,4.64170083,4.19,5.02,1.29729121,1.387,23.36158202,7.5225334,4.65,8.24,19.02,3.07476091,2.79,17.5,4.1,3.85,2.14999785,10.6,2.044,5.904,10.65750014,0.21,63.099998,5.3,7.01,1.52,1.27,1.36458249,7.82,1.238504,21.73148109
2022-09-08,24.93,4.6383877,4.25,5.01,1.45252264,1.414,23.23468319,7.65633341,4.725,7.95733333,20.440001,3.0273353,2.73,16.83,4.0,3.89,2.10333123,10.44,2.04,5.904,10.65000014,0.206,64.559998,5.23,7.01,1.484,1.235,1.3397719,7.7,1.228032,21.73148109
2022-09-11,25.08,4.63176143,4.18,5.22,1.4081708,1.402,23.34345413,7.5448334,4.85,7.99466667,20.219999,3.07476091,2.71,16.799999,4.07,3.85,2.12666454,10.32,2.02,6.144,10.73250014,0.205,66.32,5.21,7.0,1.483,1.235,1.35465825,7.67,1.228032,21.73148109
2022-09-12,25.4,4.62182203,4.25,5.22,1.45252264,1.394,23.69998112,7.61916674,4.85,8.21866667,20.75,3.18542069,2.84,16.82,4.04,3.85,2.17999782,10.416,2.0,6.016,10.81500014,0.203,68.699997,5.42,6.97,1.472,1.225,1.38939308,7.68,1.228032,21.36898785
2022-09-13,25.0,4.76759992,4.23,5.22,1.36012298,1.394,23.9356515,7.8347334,4.85,8.32,20.440001,3.16961215,2.76,17.33,4.18,3.84,2.17666449,10.592,1.98,6.184,10.61250014,0.203,67.029999,5.55,6.95,1.474,1.2,1.32488554,7.63,1.228032,21.74960551
2022-09-14,25.0,4.76759992,4.21,5.22,1.36751495,1.357,23.91147958,7.8124334,4.81,8.16,20.219999,3.11428226,2.76,17.219999,4.24,3.78,2.14999785,10.48,1.99,6.184,10.51500014,0.207,66.93,5.55,7.0,1.468,1.215,1.32488554,7.62,1.218513,21.2964892
2022-09-15,23.48,4.60525636,4.14,5.22,1.33794706,1.32,23.63350999,7.84216673,4.81,8.0,19.6,3.00362249,2.6,17.059999,4.01,3.7,2.05999794,10.24,1.98,5.928,10.63500014,0.203,65.989998,5.16,6.96,1.428,1.305,1.34473401,7.44,1.208993,20.74368619
2022-09-18,23.9,4.61850889,4.19,5.22,1.30468318,1.286,23.44618104,7.61916674,4.81,7.904,20.34,2.94038833,2.47,16.799999,3.96,3.66,2.05333128,10.0,1.97,5.808,10.68750014,0.203,66.0,5.08,6.65,1.361,1.31,1.36954461,7.6,1.169011,19.71057975
2022-09-19,23.639999,4.43628652,4.03,5.22,1.09401196,1.191,22.6606137,7.4556334,4.81,7.584,19.26,2.74278159,2.38,16.530001,3.6,3.34,1.87999812,9.6,1.85,5.8,10.48500014,0.193,64.889999,4.82,6.68,1.292,1.14,1.33480978,7.36,1.177578,19.44777228
2022-09-20,23.49,4.61188262,4.06,5.22,1.17162767,1.223,23.07152616,7.49280007,4.855,7.70666667,19.41,2.82182428,2.46,16.200001,3.7,3.43,1.90999809,9.784,1.881,5.8,10.62000014,0.193,64.480003,5.1,6.67,1.332,1.16,1.39931731,7.32,1.169011,19.34808652
2022-09-21,23.799999,4.71127665,4.07,5.22,1.18271563,1.22,23.57912391,7.39616673,4.9,7.84,19.559999,2.84553709,2.46,16.33,3.93,3.55,1.93999806,9.984,1.858,5.88,10.67250014,0.194,64.699997,5.07,6.66,1.351,1.165,1.41420367,7.44,1.157587,19.4658967
2022-09-22,23.74,4.66157963,4.05,5.22,1.15314774,1.213,23.8727034,7.28466673,4.91,7.90933333,19.6,2.81392001,2.37,16.34,3.69,3.54,1.91666475,9.8,1.838,5.88,10.87500015,0.194,64.949997,5.07,6.66,1.34,1.16,1.37450672,7.34,1.150923,19.58370688
2022-09-25,23.6,4.66157963,4.12,5.22,1.13097182,1.216,23.81815891,7.47050007,4.91,7.73333333,19.01,2.82182428,2.38,16.360001,3.7,3.39,1.90999809,9.656,1.849,5.88,10.88250015,0.193,68.699997,5.01,6.72,1.352,1.37,1.36458249,7.48,1.098565,19.62901937
2022-09-26,24.4,4.6383877,4.1,5.22,1.11618788,1.206,23.30906669,7.61916674,4.91,7.68533333,18.65,2.81392001,2.39,16.4,3.64,3.28,1.86999813,9.76,1.829,5.88,11.12250015,0.191,67.690002,4.91,6.66,1.326,1.42,1.34969613,7.46,1.136644,20.20900855
2022-09-27,24.5,4.60856949,4.12,5.22,1.3268591,1.216,22.83634171,7.37386673,4.9,7.52533333,19.370001,3.09847372,2.41,16.5,3.65,3.3,1.8999981,9.6,1.843,5.88,11.00250015,0.191,67.959999,5.11,6.67,1.327,1.46,1.3397719,7.43,1.153779,21.06086789
2022-09-28,24.52,4.60856949,4.12,5.22,1.37860291,1.272,22.47270389,7.5448334,4.9,7.52533333,19.309999,3.09847372,2.43,16.93,3.65,3.39,1.93666473,9.56,1.838,5.88,10.97250015,0.192,67.889999,5.11,6.68,1.343,1.47,1.34473401,7.39,1.138548,20.85243463
2022-09-29,24.4,4.60856949,4.1,5.22,1.43404271,1.238,22.363614,7.44820007,4.85,7.25333333,18.860001,2.96410114,2.4,16.74,3.57,3.44,1.91666475,9.32,1.869,5.88,10.87500015,0.19,66.989998,5.01,6.6,1.328,1.395,1.33480978,7.34,1.099517,20.84337195
2022-10-02,24.799999,4.522428,4.15,5.22,1.43404271,1.313,22.84543079,7.65633341,4.9,7.30133333,19.1,2.95619687,2.43,17.15,3.6,3.45,1.91666475,9.216,1.87,5.8,10.88250015,0.194,66.989998,5.1,6.62,1.333,1.375,1.3397719,7.33,1.132836,21.20586518
2022-10-03,24.719999,4.522428,4.06,5.22,1.36012298,1.314,22.636341,7.51510007,4.9,7.32266667,18.700001,2.9482926,2.4,16.940001,3.49,3.35,1.86999813,8.96,1.837,5.824,10.73250014,0.189,66.989998,5.1,6.55,1.29,1.31,1.29511283,7.16,1.104277,20.75274888
2022-10-04,24.99,4.43959965,4.06,5.22,1.37490692,1.304,22.38179671,7.61916674,4.85,7.30666667,18.549999,2.92457979,2.45,17.0,3.5,3.33,1.87999812,9.12,1.836,5.824,10.65750014,0.184,63.98,5.1,6.54,1.294,1.36,1.31992342,7.29,1.115701,20.85243463
2022-10-05,25.59,4.48929666,4.13,5.22,1.37860291,1.336,23.181795,7.74553341,4.85,7.53066667,18.790001,3.01152676,2.49,17.0,3.67,3.45,1.95333138,9.432,1.82,5.824,10.89000015,0.191,64.800003,5.25,6.65,1.331,1.39,1.32488554,7.3,1.118557,21.02461904
2022-10-09,25.67,4.48929666,4.21,5.22,1.35273101,1.378,23.75452079,7.71580008,4.85,7.60533333,18.700001,3.01152676,2.53,17.1,3.64,3.43,1.94666472,9.36,1.8,5.824,10.88250015,0.191,64.0,5.25,6.7,1.362,1.39,1.32488554,7.39,1.142356,21.02461904
2022-10-10,25.74,4.47604413,4.27,5.22,1.3268591,1.405,23.45452109,7.81986673,4.85,7.472,18.51,3.00362249,2.5,17.200001,3.55,3.38,1.8999981,9.288,1.81,5.776,10.78500014,0.195,64.0,5.25,6.7,1.346,1.33,1.36458249,7.23,1.151875,21.02461904
2022-10-11,25.84,4.41309458,4.24,5.22,1.35642699,1.376,23.45452109,7.81986673,4.85,7.46666667,18.32,3.03523956,2.5,17.139999,3.54,3.4,1.87999812,9.216,1.785,5.776,10.68000014,0.196,63.0,5.37,6.63,1.359,1.495,1.36458249,7.27,1.151875,20.85243463
2022-10-12,25.700001,4.33026623,4.22,5.22,1.33055509,1.333,23.44543201,7.79756674,4.85,7.41866667,17.67,3.12218653,2.55,16.889999,3.44,3.36,1.83999816,9.0,1.769,5.776,10.71000014,0.195,64.489998,5.46,6.53,1.339,1.435,1.36458249,7.21,1.132836,20.85243463
2022-10-13,25.67,4.26069041,4.16,5.22,1.27511529,1.312,23.45452109,7.8570334,4.85,7.296,17.0,3.03523956,2.49,16.92,3.29,3.28,1.7999982,9.104,1.742,5.776,10.62750014,0.19,64.489998,5.2,6.5,1.324,1.51,1.32488554,7.11,1.133788,20.84337195
2022-10-16,25.639999,4.17786206,4.22,5.22,1.36381897,1.331,23.63634,7.80500008,4.85,7.25333333,17.83,3.03523956,2.5,16.98,3.29,3.2,1.82333151,9.2,1.77,5.736,10.60500014,0.193,62.98,5.21,6.55,1.337,1.475,1.30999919,7.18,1.13474,20.79806041
2022-10-17,26.129999,4.20436713,4.28,5.22,1.31207516,1.34,24.4636119,7.80500008,4.85,7.46666667,18.25,3.13799507,2.55,16.940001,3.4,3.27,1.88333145,9.6,1.786,5.736,10.71750014,0.202,63.0,5.6,6.79,1.362,1.46,1.30999919,7.2,1.127124,20.84337195
2022-10-18,26.290001,4.23749847,4.27,5.22,1.29359522,1.339,24.20906579,7.80500008,4.8,7.87733333,20.09,3.16961215,2.57,17.969999,3.44,3.42,1.91666475,9.92,1.79,5.768,10.97250015,0.205,63.5,5.71,6.74,1.402,1.42,1.30999919,7.39,1.12998,20.92493328
2022-10-19,24.4,4.31038742,3.8,5.22,1.26402733,1.345,24.3272484,8.08746674,4.8,8.10666667,24.1,3.25655912,2.6,18.0,3.43,3.46,1.90333143,9.904,1.78,5.816,11.06250015,0.213,63.939999,5.72,6.86,1.398,1.39,1.30999919,7.47,1.131884,20.80712215
2022-10-20,24.43,4.31370056,3.81,4.59,1.17532366,1.32,24.4817937,8.02800007,4.86,7.89333333,25.5,3.4699744,2.55,18.799999,3.41,3.38,1.8666648,9.76,1.778,5.76,11.09250015,0.21,63.98,5.72,6.79,1.378,1.355,1.31496131,7.44,1.138548,21.04274346
2022-10-23,24.370001,4.31701369,3.85,4.59,1.26402733,1.329,24.72724891,8.13950007,4.81,8.17066667,25.0,3.37512316,2.59,18.51,3.6,3.43,1.89666477,9.896,1.777,5.76,11.10000015,0.217,64.199997,5.72,7.02,1.41,1.4,1.32488554,7.4,1.131884,21.13336653
2022-10-24,24.49,4.43297338,3.81,4.59,1.28250727,1.341,24.72724891,8.1023334,4.81,8.10666667,24.059999,3.31979327,2.59,18.15,3.66,3.5,1.8999981,9.816,1.781,5.72,10.72500014,0.219,64.199997,5.89,6.99,1.411,1.405,1.33480978,7.33,1.1395,20.34494315
2022-10-25,24.5,4.39321577,3.79,4.59,1.20858754,1.323,25.33633921,8.47400008,4.81,8.00533333,23.5,3.33560181,2.52,17.629999,3.62,3.41,1.89666477,9.776,1.74,5.72,10.61250014,0.209,63.389999,5.69,6.82,1.423,1.36,1.26534012,7.41,1.123316,20.97024482
2022-10-26,24.67,4.39321577,3.79,4.64,1.18271563,1.321,26.63633609,8.36250008,4.81,7.84,24.4,3.38302743,2.52,17.67,3.6,3.43,1.92333141,9.856,1.758,5.72,10.62000014,0.209,66.919998,5.99,7.07,1.447,1.325,1.27526436,7.5,1.128076,20.97024482
2022-10-27,24.690001,4.36008443,3.79,4.64,1.17162767,1.338,26.63633609,8.36250008,4.81,8.0,24.049999,3.33560181,2.58,18.01,3.67,3.56,1.999998,10.016,1.778,5.72,10.98750015,0.211,65.5,6.42,7.03,1.469,1.335,1.27526436,7.51,1.128076,21.28742652
2022-10-30,26.4,4.48598353,4.05,4.98,1.11618788,1.337,29.09088,8.54833342,5.025,8.26666667,25.15,3.41464451,2.61,18.35,3.81,3.8,1.97333136,10.4,1.817,5.92,11.49750015,0.218,68.889999,6.15,7.15,1.489,1.335,1.34473401,7.98,1.108085,23.35363938
2022-10-31,25.799999,4.42303398,3.96,5.0,1.10879591,1.293,28.90906109,8.39966675,5.025,8.12266667,25.040001,3.43045305,2.63,18.049999,3.85,3.94,1.9333314,10.272,1.817,6.16,11.34000015,0.214,69.0,6.0,7.16,1.471,1.285,1.34473401,7.95,1.106181,24.37768313
2022-11-01,27.0,4.39321577,4.02,5.03,1.13097182,1.307,29.45451782,8.83823341,5.075,8.53333333,25.370001,3.55692137,2.56,18.34,3.93,4.2,1.95333138,10.72,1.802,6.192,11.64750016,0.219,68.790001,5.98,7.7,1.475,1.325,1.31496131,8.25,1.100469,24.09675028
2022-11-02,27.5,4.24743788,4.05,5.0,1.13097182,1.311,29.545425,8.6152334,5.09,8.544,25.52,3.62805979,2.56,18.389999,3.98,4.24,1.95999804,10.656,1.833,5.904,11.63250016,0.219,68.93,5.92,7.66,1.46,1.36,1.31992342,8.44,1.103325,24.37768313
2022-11-03,27.700001,4.17454893,3.96,5.0,1.09031598,1.281,28.83633389,8.58550007,5.09,8.32,26.9,3.56482563,2.54,18.610001,3.8,4.06,1.90333143,10.4,1.812,5.888,11.56500015,0.215,68.0,5.71,7.51,1.428,1.355,1.31496131,8.26,1.105229,23.56207264
2022-11-06,27.37000084,4.2010541,4.01000023,5.01999998,1.07183608,1.29499996,29.44542455,8.59293373,5.24499989,8.32,27.89999962,3.73081513,2.53999996,19.39999962,3.78999996,4.0,1.9099981,10.46399994,1.78100002,5.72000008,11.40000001,0.214,66.51000214,6.0,7.42999983,1.44700003,1.33000004,1.33480981,8.13000011,1.099517,24.4683062
2022-11-07,26.790001,4.17454893,3.91,5.1,1.0570521,1.284,29.09088,8.54090008,5.1,8.21333333,29.360001,3.62805979,2.47,19.049999,3.69,4.22,1.8999981,10.432,1.754,5.624,11.36250015,0.214,66.489998,5.99,7.46,1.416,1.295,1.32984766,8.1,1.109037,23.45332419
2022-11-08,27.52,4.15798326,4.01,5.41,1.07922802,1.279,30.18178891,8.70443341,5.255,8.24,28.799999,3.58853844,2.51,20.01,3.71,4.44,1.8999981,10.56,1.749,5.608,11.49000015,0.212,67.68,6.25,7.62,1.411,1.295,1.3397719,8.48,1.1395,24.08768854
2022-11-09,26.889999,4.0353973,3.98,5.35,1.28989924,1.269,29.545425,8.62266674,5.315,7.99466667,28.129999,3.47787867,2.46,19.84,3.63,4.33,1.85333148,10.64,1.723,5.608,11.34750015,0.212,67.389999,6.08,7.48,1.391,1.26,1.31496131,8.3,1.127124,23.49863668
2022-11-10,27.389999,4.05858923,3.94,5.35,1.26402733,1.266,32.91814799,9.9681001,5.75,8.0,28.370001,3.40674024,2.45,20.610001,3.61,4.25,1.84999815,10.8,1.701,5.608,11.54250015,0.211,67.25,6.0,7.6,1.38,1.22,1.30007495,8.2,1.123316,23.56207264
2022-11-13,28.139999,4.16460952,4.01,5.39,1.22337148,1.274,31.3817868,9.55183342,6.1,8.17066667,28.85,3.55692137,2.47,21.5,3.77,4.44,1.90999809,10.808,1.73,5.664,11.70750016,0.212,67.989998,6.1,7.79,1.403,1.25,1.36458249,8.37,1.104277,24.4683062
2022-11-14,28.77,4.27062981,4.07,5.39,1.23076346,1.33,31.89087902,9.58900008,6.01,8.69333333,29.75,3.58063417,2.56,21.200001,3.96,4.44,1.95999804,10.928,1.73,5.704,11.96250016,0.216,68.980003,6.27,8.0,1.46,1.275,1.3397719,8.61,1.128076,25.6282855
2022-11-15,28.93,4.38327637,4.07,5.39,1.33055509,1.322,32.63633282,9.93093343,6.165,8.78933333,29.75,3.56482563,2.59,21.5,4.22,4.32,1.95666471,10.768,1.74,5.704,11.86500016,0.215,69.0,6.25,7.58,1.512,1.275,1.37946884,8.64,1.138548,25.37453976
2022-11-16,28.700001,4.3567713,4.01,5.39,1.27881128,1.315,32.63633282,9.84916676,6.375,8.83733333,29.57,3.5727299,2.59,21.540001,4.11,4.32,1.93666473,10.6,1.784,5.704,11.76000016,0.212,70.5,6.31,7.56,1.508,1.27,1.4241279,8.59,1.187098,25.78234453
2022-11-17,28.700001,4.59200382,4.26,5.39,1.32316312,1.36,32.85451169,10.10190008,6.31,9.11466667,30.51,3.63596406,2.7,22.23,4.43,4.36,1.95333138,10.88,1.825,5.768,12.10499941,0.213,74.5,6.39,7.6,1.547,1.32,1.51344603,8.65,1.156635,26.02702758
2022-11-20,29.450001,4.53568054,4.23,5.6,1.36012298,1.356,33.9454206,10.85266676,6.5,8.992,31.219999,3.59644271,2.69,22.059999,4.37,4.3,1.95999804,10.8,1.85,5.76,12.50250017,0.213,76.900002,6.37,7.57,1.628,1.325,1.51344603,8.57,1.155683,25.83671875
2022-11-21,29.809999,4.52905427,4.17,5.77,1.36751495,1.357,33.99996782,10.91956676,6.5,8.77333333,31.1,3.63596406,2.68,21.540001,4.38,4.31,1.94666472,10.808,1.849,5.72,12.78000092,0.215,76.489998,6.3,7.51,1.63,1.29,1.51840815,8.48,1.153779,26.42577062
2022-11-22,30.75,4.43297338,4.21,5.75,1.32316312,1.339,34.090875,10.10190008,6.35,8.688,31.23,3.5490171,2.66,22.0,4.26,4.22,1.93666473,10.712,1.83,5.72,12.57000017,0.213,78.980003,6.13,7.55,1.649,1.285,1.46382485,8.53,1.150923,26.58889234
2022-11-23,30.709999,4.29713489,4.23,5.75,1.25293937,1.346,34.59087359,10.33233342,6.305,8.89066667,27.469999,3.72291103,2.68,22.360001,4.45,4.34,2.04666462,10.944,1.818,5.616,12.38250017,0.214,78.440002,6.22,7.64,1.685,1.33,1.43901426,8.56,1.163299,26.59795502
2022-11-24,30.76,4.49923607,4.22,5.75,1.15314774,1.377,33.73633081,10.25800009,6.25,8.864,26.57,4.08650743,2.7,22.68,4.74,4.48,2.01666465,10.944,1.799,5.592,12.37500017,0.213,78.900002,6.15,7.76,1.689,1.335,1.41420367,8.58,1.151875,26.73389058
2022-11-27,30.809999,4.54230681,4.3,5.75,1.12357985,1.373,34.40905468,10.31003342,6.435,9.06133333,25.870001,4.38686968,2.7,23.379999,4.86,4.79,2.06333127,11.208,1.832,5.56,12.60749942,0.213,77.800003,6.29,7.8,1.714,1.325,1.41420367,8.65,1.142356,26.39858351
2022-11-28,32.07,4.71127665,4.7,5.9,1.21597951,1.423,35.09087218,10.31003342,6.35,9.38133333,28.15,4.88483867,2.75,23.25,4.82,4.75,2.06333127,11.416,1.975,5.568,13.11750017,0.22,77.5,6.19,8.35,1.747,1.33,1.40924155,8.78,1.137596,26.91513672
2022-11-29,32.5,4.87693335,4.68,5.9,1.18271563,1.454,34.82723881,10.29516676,6.25,9.22133333,28.540001,4.82160452,2.7,22.77,4.74,4.67,2.00999799,11.272,1.961,5.44,13.14750093,0.218,76.93,6.21,8.3,1.754,1.3,1.38443096,8.48,1.161395,26.61607945
2022-11-30,34.0,5.18174168,4.64,6.0,1.15684373,1.448,36.2181456,10.33233342,6.35,9.15733333,29.16,4.84531733,2.77,22.82,4.8,4.72,2.02999797,11.416,1.989,5.36,13.56000018,0.218,78.779999,6.41,8.39,1.745,1.33,1.37450672,8.7,1.167107,26.98763537
2022-12-01,33.810001,5.21487302,4.64,6.0,1.10879591,1.444,36.40905359,9.59643342,6.24,9.536,28.58,4.50543373,2.74,23.0,4.85,4.64,2.07999792,12.08,1.944,5.28,13.52250093,0.238,81.849998,6.57,8.38,1.707,1.325,1.40427943,8.7,1.180434,27.64012319
2022-12-04,34.950001,5.19168109,5.09,6.0,1.11618788,1.505,37.63632782,10.22083342,6.35,9.57866667,29.07,4.56076362,2.74,24.309999,4.86,4.75,2.17333116,12.36,1.932,5.32,13.46250093,0.236,81.830002,6.77,8.51,1.721,1.32,1.45886273,8.66,1.203281,30.42226079
2022-12-05,36.450001,5.25463063,5.65,6.0,1.09031598,1.532,38.49995968,10.10933342,6.525,10.08,30.1,4.81370025,2.84,24.77,5.28,4.81,2.34999765,12.88,2.05,5.576,13.97249944,0.242,82.699997,7.11,8.8,1.741,1.33,1.48863544,8.89,1.189954,31.21974591
2022-12-06,37.0,5.18174168,5.56,6.0,1.06444407,1.496,39.99996,10.0350001,6.54,10.13333333,29.52,4.71884901,2.95,25.0,5.2,5.04,2.3666643,12.92,2.03,5.68,14.15999944,0.24,81.599998,6.93,8.94,1.757,1.31,1.44397638,8.87,1.207089,31.97192044
2022-12-07,36.52,5.26788317,5.73,6.0,1.01270026,1.534,40.8272319,9.86403343,6.54,9.89333333,28.959999,4.86112587,3.19,24.360001,5.32,5.01,2.4666642,13.4479992,2.15,5.72,14.61750019,0.242,83.940002,7.11,9.020001,1.8,1.31,1.46382485,9.15,1.189002,32.10785505
2022-12-08,37.540001,5.44016614,5.72,6.0,1.04966013,1.625,41.71813919,10.31746676,6.59,10.13333333,29.209999,4.7741789,3.25,24.59,5.23,5.0,2.50666416,14.3600008,2.161,5.784,14.9250002,0.249,83.699997,6.98,9.26,1.861,1.38,1.3943552,9.71,1.184242,31.34661878
2022-12-11,38.889999,5.30764078,6.16,6.0,1.01639625,1.621,41.63632109,10.39923343,6.435,9.872,29.33,4.91645575,3.23,24.450001,5.11,4.96,2.4666642,14.1600008,2.22,5.832,15.21000095,0.249,84.010002,6.92,8.9,1.832,1.35,1.41420367,9.65,1.206137,31.7181747
2022-12-12,38.73,5.45341835,6.16,6.0,0.96095645,1.693,40.54541218,10.02756676,6.22,10.032,29.610001,4.97178564,3.2,22.799999,5.1,5.08,2.36999763,14.336,2.19,5.72,16.57500022,0.244,85.339996,7.01,9.08,1.811,1.37,1.40427943,9.39,1.184242,30.83006556
2022-12-13,37.849998,6.04646968,6.22,6.0,0.94247652,1.84,41.29086598,10.16136675,6.205,10.10666667,28.690001,4.9559771,3.23,23.559999,5.14,4.96,2.41333092,14.4,2.18,5.64,17.23500023,0.243,86.019997,7.2,9.06,1.8,1.43,1.38939308,9.35,1.153779,31.7181747
2022-12-14,39.630001,5.88930342,6.44,6.0,0.97943638,2.13,41.04541532,11.00133343,6.265,10.66666667,29.530001,5.08244542,3.45,23.219999,5.46,5.12,2.65666401,14.72,2.3,5.76,17.21250098,0.257,93.160004,7.43,10.6,1.919,1.47,1.43901426,10.1,1.161395,32.26191503
2022-12-15,38.610001,6.45174496,6.28,6.0,0.96095645,2.11,42.86359532,10.56276676,6.345,11.14133333,31.299999,5.01921126,3.39,23.35,5.47,5.61,2.72999727,14.536,2.3,5.88,17.13750023,0.255,92.099998,7.4,11.3,2.026,1.76,1.43901426,10.1,1.157587,32.61534558
2022-12-18,37.880001,6.49165942,6.09,6.0,1.04966013,2.1,41.363595,11.1500001,6.375,10.8,29.66,4.80579598,3.25,23.65,5.38,5.43,2.62999737,14.664,2.29,6.48,17.20500098,0.274,91.970001,7.35,10.91,2.05,1.625,1.4241279,10.35,1.180434,30.81194114
2022-12-19,37.220001,6.16508103,6.16,6.19,1.01270026,2.06,40.19996071,11.09053343,6.315,10.46933333,29.41,4.63980631,3.27,24.200001,5.18,5.3,2.65666401,14.48,2.22,6.6160008,16.61250022,0.277,88.699997,7.15,11.01,1.96,1.615,1.4241279,10.06,1.176626,30.18664043
2022-12-20,36.970001,6.34651367,6.17,6.2,1.11249189,2.28,38.72723218,10.93443343,6.38,10.28266667,28.92,4.70304047,3.2,25.25,5.25,5.49,2.71666395,14.584,2.22,6.4160008,16.91999948,0.272,94.599998,7.04,11.01,1.94,1.545,1.40924155,10.12,1.172818,28.79104076
2022-12-21,37.790001,6.48077418,6.09,6.2,1.06814006,2.25,37.27269,11.1946001,6.32,10.23466667,28.690001,4.62399777,3.18,26.48,5.18,5.52,2.71666395,13.984,2.15,6.608,16.74750022,0.27,93.480003,7.03,11.01,2.15,1.66,1.41916579,10.0,1.155683,27.83949471
2022-12-22,37.150002,6.42997232,6.02,6.15,1.04596414,2.28,37.99996109,11.16486677,6.32,10.13333333,28.41,4.75837036,3.13,26.49,5.14,5.5,2.7333306,13.8880008,2.08,7.12,16.96500098,0.268,91.940002,7.07,10.67,2.15,1.645,1.38939308,9.85,1.147115,27.64012319
2022-12-25,37.34,6.28482657,5.94,6.41,1.02009223,2.18,38.18178,10.77833344,6.82,9.87733333,28.58,4.67142339,3.06,26.07,5.08,5.31,2.60999739,14.0,2.01,7.128,16.50000022,0.262,91.370003,7.2,10.4,2.1,1.655,1.39931731,9.76,1.163299,28.75479096
2022-12-26,39.0,6.43360133,5.87,6.84,0.97943638,1.99,38.46359881,10.56276676,6.965,9.936,28.219999,4.53705081,2.96,24.9,4.95,5.09,2.53999746,14.0960008,1.9,7.272,16.50000022,0.26,88.989998,6.96,9.91,1.95,1.585,1.38443096,9.48,1.177578,27.73074721
2022-12-27,39.0,6.51343206,6.04,6.83,0.99052434,2.16,38.19086908,10.55533343,6.76,9.968,28.93,4.65561485,3.03,25.280001,5.16,5.44,2.64666402,14.3679992,2.0,7.48,17.00250023,0.265,92.879997,7.0,9.92,2.06,1.625,1.38443096,9.7,1.176626,28.18386352
2022-12-28,38.709999,6.6513205,6.14,6.81,1.03118019,2.1,37.50905158,10.55533343,6.75,10.13333333,28.84,4.63980631,3.03,25.0,5.14,5.39,2.64666402,14.32,2.06,7.424,16.41749947,0.261,93.75,6.88,9.82,1.99,1.595,1.38939308,9.79,1.164251,28.54635676
2022-12-29,38.689999,6.44811595,6.37,6.75,1.082924,2.11,37.45450891,10.55533343,6.835,10.18666667,28.799999,4.66351912,3.11,25.51,5.22,5.38,2.67999732,14.32,2.13,7.48,16.53000097,0.27,95.5,6.98,10.0,1.98,1.61,1.38939308,10.09,1.180434,28.58260655
2023-01-02,38.790001,6.52068864,6.32,6.86,1.06074808,2.08,37.7090532,10.6371001,6.945,10.13866667,28.58,4.66351912,3.1,25.1,5.24,5.36,2.65333068,14.3039992,2.16,7.832,16.68750022,0.275,95.949997,7.03,10.4,1.96,1.585,1.47374909,9.99,1.163299,28.56448213
2023-01-03,40.82,6.51343206,6.44,7.35,1.07183604,2.25,38.8635975,10.71143344,6.945,10.26666667,29.030001,4.79789171,3.18,24.73,5.36,5.58,2.8999971,14.4479992,2.21,7.672,17.11500023,0.279,95.790001,7.22,10.52,2.014,1.605,1.47374909,10.1,1.164251,29.54321434
2023-01-04,41.110001,6.42997232,6.57,7.54,1.07553203,2.23,38.8635975,10.54046676,6.96,10.45866667,29.129999,4.88483867,3.27,25.299999,5.44,5.67,3.0333303,14.5600008,2.2,7.52,17.00250023,0.281,94.120003,7.38,10.51,2.109,1.62,1.45886273,10.19,1.160443,29.69727432
2023-01-05,45.049999,6.3828002,6.91,7.48,1.05335611,2.24,40.46359408,10.56276676,6.855,10.85866667,29.5,5.05873261,3.34,25.620001,5.47,5.75,3.06333027,14.856,2.14,7.272,16.74000022,0.278,98.0,7.38,10.85,2.12,1.56,1.46382485,10.45,1.170914,31.7181747
2023-01-09,45.200001,6.37191387,7.2,7.43,1.02378822,2.21,41.45450218,12.07173345,6.805,11.11466667,31.24,5.216818,3.25,25.969999,5.91,5.98,2.97666369,15.4399992,2.12,7.096,16.56000022,0.28,96.400002,7.26,10.79,2.13,1.525,1.41916579,10.45,1.170914,31.7181747
2023-01-10,45.099998,6.2521687,7.26,7.61,1.0016123,2.35,42.36359218,12.15350011,6.77,10.992,32.91,5.49346744,3.16,25.790001,5.9,5.8,2.95666371,15.12,2.11,6.872,16.86000022,0.286,96.790001,7.15,10.95,2.12,1.525,1.40924155,10.24,1.180434,31.5459903
2023-01-11,44.290001,6.56786149,7.01,6.84,0.97943638,2.25,39.72723391,11.43246678,6.695,10.93866667,32.599998,5.41442474,3.07,24.35,5.67,5.49,3.02666364,14.1600008,1.99,6.52,16.36500022,0.271,96.0,6.78,10.33,1.98,1.44,1.36954461,9.99,1.175674,31.03849977
2023-01-12,46.0,6.66583547,7.5,6.34,0.95356448,2.29,38.18178,11.7075001,6.875,11.73333333,32.720001,5.46975463,3.04,24.5,5.64,5.41,3.10333023,13.8399992,1.94,6.4160008,15.80250021,0.27,103.9,7.03,10.1,1.91,1.345,1.36458249,10.4,1.176626,33.07752552
2023-01-15,45.0,6.85815371,7.84,6.5,0.92769258,2.28,37.90905391,11.87846677,6.695,11.46666667,32.959999,5.70688272,3.06,24.200001,5.76,5.38,3.4333299,14.32,1.92,6.264,15.69000021,0.264,102.49,6.76,10.01,1.92,1.27,1.3943552,10.46,1.158539,32.41597501
2023-01-16,45.009998,7.11578842,7.7,6.49,0.99052434,2.24,37.9545075,11.73723344,6.7,11.33866667,35.380001,6.11000048,3.01,24.4,5.79,5.37,3.53666313,14.0479992,1.921,6.72,16.59749947,0.262,101.49,7.0,9.94,1.954,1.28,1.38939308,10.22,1.156635,32.57909673
2023-01-17,45.099998,7.70725845,7.93,6.44,0.98682836,2.29,38.18178,12.52516678,6.7,11.344,35.459999,6.11000048,3.11,25.370001,6.3,5.5,3.48332985,14.48,1.944,6.712,16.62000022,0.264,100.06,6.85,10.2,1.994,1.405,1.37946884,10.32,1.171866,32.62440826
2023-01-18,44.209999,7.49316794,7.85,6.61,0.98682836,2.28,39.18177718,12.97859937,6.675,11.32266667,37.220001,6.03095778,3.23,25.34,6.29,5.73,3.63666303,14.72,2.03,6.976,16.93500023,0.266,99.610001,6.89,10.08,2.055,1.4,1.38939308,10.61,1.157587,32.31628925
2023-01-19,43.790001,6.99967153,7.36,6.42,0.99052434,2.28,40.4363232,12.89683345,6.71,11.168,35.93,5.78592542,3.15,24.42,6.44,5.49,3.55999644,14.52,1.991,6.896,18.01500024,0.262,101.8,6.81,10.41,1.982,1.375,1.36458249,10.5,1.147115,32.21660349
2023-01-22,43.799999,6.99604287,7.49,6.42,0.98313237,2.33,41.49996032,12.84480086,6.6,10.704,35.939999,5.78592542,3.16,24.15,6.37,5.47,3.79666287,14.2479992,1.989,7.072,17.72999949,0.261,99.800003,6.74,10.35,2.17,1.37,1.34473401,10.55,1.149971,31.72723739
2023-01-23,43.310001,6.95249868,7.45,6.42,1.00530829,2.36,41.22722968,12.59950085,6.63,10.58666667,35.84,5.87287239,3.24,24.280001,6.65,5.49,3.7333296,14.4399992,1.989,7.496,17.49000023,0.262,98.5,6.85,10.4,2.28,1.365,1.34473401,10.75,1.142356,31.89035911
2023-01-24,43.0,7.10490209,7.44,6.4,0.99422033,2.39,42.2090487,12.48799937,6.725,10.448,34.290001,5.85706385,3.21,24.5,6.6,5.4,3.8333295,14.7039992,1.961,7.248,17.31750023,0.259,98.599998,7.45,10.4,2.24,1.4,1.3397719,10.56,1.161395,31.44630454
2023-01-25,42.75,7.15207422,7.52,6.27,0.99052434,2.36,44.27268391,12.45083344,6.735,10.45333333,34.810001,5.83335104,3.19,24.280001,6.55,5.4,3.7666629,15.392,1.938,7.344,17.33250098,0.258,102.49,7.49,10.68,2.23,1.365,1.34473401,10.61,1.151875,30.92975132
2023-01-29,43.060001,7.7544313,7.63,6.27,0.99791632,2.35,46.27268282,12.04200085,7.25,10.40533333,35.169998,5.88077666,3.3,24.41,6.65,5.5,3.78999621,15.3759992,1.946,7.768,17.25000023,0.262,103.0,8.98,11.37,2.26,1.38,1.3943552,10.7,1.167107,31.7181747
2023-01-30,43.27,8.57813475,7.72,6.5,0.99052434,2.37,49.09086,12.63666678,7.31,10.45866667,35.34,5.87287239,3.45,27.99,6.71,5.51,3.72666294,16.192,1.954,8.552,17.09250098,0.264,105.38,8.96,11.64,2.3,1.375,1.37450672,10.96,1.176626,31.60942625
2023-01-31,43.029999,8.01932259,7.4,6.8,0.95726047,2.24,47.727225,13.19416678,7.51,10.36266667,34.860001,5.59622295,3.3,26.0,6.62,5.31,3.4666632,15.72,1.902,8.192,16.80000022,0.259,102.42,8.97,11.45,2.22,1.325,1.35465825,10.6,1.157587,31.6819249
2023-02-01,42.98,7.93223529,7.47,6.48,0.93878053,2.12,45.00904408,13.30566678,7.48,9.728,33.75,5.41442474,3.14,27.4,6.26,5.12,3.3666633,15.184,1.8,8.064,16.32000022,0.256,99.620003,7.97,11.09,2.13,1.27,1.32488554,10.15,1.167107,31.7181747
2023-02-02,42.34,7.77983187,7.54,6.48,1.0016123,2.1,45.54540718,13.38000012,7.55,9.33333333,32.919998,5.44604182,3.1,26.5,6.33,4.9,3.2999967,14.816,1.791,8.176,15.79499946,0.251,100.77,8.24,11.7,2.11,1.275,1.32488554,9.66,1.17377,31.7181747
2023-02-05,41.900002,7.71814441,7.4,6.48,1.07183604,1.99,45.99995218,13.37256679,8.38,9.26933333,32.34,5.31957351,3.0,26.030001,6.1,4.58,3.11999688,14.5119992,1.733,8.4,15.45000021,0.238,100.15,9.06,10.7,2.03,1.255,1.32984766,9.54,1.161395,30.8753771
2023-02-06,40.779999,7.65645731,7.42,6.5,1.00530829,1.91,46.64540881,13.00833346,8.3050005,9.06666667,31.870001,4.94807283,2.96,25.66,6.07,5.0,3.11333022,14.6240008,1.68,8.256,15.3150002,0.232,98.720001,9.3,10.41,2.24,1.225,1.29511283,9.84,1.163299,30.63069404
2023-02-07,40.0,7.78708845,7.67,6.61,1.01270026,1.921,48.07268011,13.23133271,8.3050005,9.6,31.85,5.05873261,3.02,27.25,6.21,4.99,3.14999685,14.48,1.698,8.616,15.0750002,0.226,99.290001,9.6,10.43,2.27,1.225,1.29511283,9.75,1.171866,30.63975673
2023-02-08,40.240002,8.26607134,7.73,6.68,1.00900428,2.04,49.55449408,13.41716605,8.51,9.49333333,33.509998,5.15358384,3.13,27.4,6.24,5.12,3.14999685,14.72,1.713,8.712,16.02000096,0.231,99.949997,9.19,11.33,2.23,1.26,1.31496131,9.84,1.170914,30.72131807
2023-02-09,41.099998,7.83788995,7.63,6.7,1.03857217,1.96,50.49994859,13.39486679,8.495,9.33333333,33.66,5.16148811,3.06,27.33,6.17,5.06,3.07666359,14.384,1.7,8.264,15.90749946,0.235,98.07,9.020001,11.23,2.15,1.25,1.30007495,9.73,1.181386,31.2650584
2023-02-12,42.0,8.09189528,7.99,6.7,1.06444407,2.01,53.62722092,13.51380012,8.6400005,9.53066667,33.880001,5.35909486,3.14,27.719999,6.3,5.32,3.25333008,15.5600008,1.695,8.48,16.41749947,0.24,97.970001,9.14,11.19,2.21,1.315,1.30503707,9.78,1.181386,31.50067876
2023-02-13,41.400002,7.74717363,7.91,6.7,1.2196755,2.0,51.09085891,13.38000012,8.6549995,9.83466667,33.66,5.35909486,3.09,27.030001,6.34,5.23,3.31666335,15.456,1.665,8.432,16.36500022,0.243,97.139999,9.05,11.01,2.14,1.315,1.30503707,9.75,1.180434,31.30130724
2023-02-14,41.27,7.87417684,7.77,6.7,1.28250727,2.0,50.91812908,13.38000012,8.7299995,9.70666667,33.049999,5.50137171,3.05,26.98,6.19,5.22,3.24666342,15.8479992,1.678,8.312,16.40999947,0.245,96.980003,8.92,11.0,2.11,1.32,1.30999919,9.770001,1.170914,31.2650584
2023-02-15,41.369999,7.99029337,7.85,6.75,1.33425107,2.09,51.17267701,13.41716605,8.76,9.62666667,33.139999,5.49346744,3.18,26.76,6.35,5.45,3.50666316,16.0,1.774,8.952,17.43000023,0.249,97.989998,9.6,11.25,2.19,1.355,1.31992342,10.28,1.170914,31.28318282
2023-02-16,41.630001,7.92860627,8.05,6.75,1.28250727,2.11,50.81813282,13.38000012,8.8999995,9.968,33.970001,5.61993576,3.18,26.77,6.55,5.47,3.5333298,16.5119992,1.78,9.408,17.21999948,0.247,97.32,10.02,11.55,2.18,1.39,1.30999919,10.06,1.170914,31.45536722
2023-02-19,42.099998,7.80523208,8.64,6.71,1.23076346,2.19,50.05449631,13.48406604,8.7749995,9.81333333,35.07,5.66736137,3.15,26.309999,6.48,5.51,3.50999649,16.728,1.766,9.24,17.10749948,0.242,99.239998,9.8,11.51,2.16,1.355,1.27526436,9.99,1.169011,32.32535099
2023-02-20,41.799999,7.72177343,8.42,6.71,1.21228352,2.17,50.1635862,13.48406604,8.4399995,9.808,34.5,5.54879733,3.09,25.889999,6.28,5.44,3.40999659,16.2320008,1.737,8.92,17.13750023,0.24,99.68,9.45,11.26,2.12,1.34,1.27030224,9.770001,1.161395,31.55505298
2023-02-21,41.18,7.52219716,8.34,6.72,1.26033135,2.1,48.36358891,13.37256679,8.34,9.62666667,33.330002,5.2958607,3.03,24.459999,5.98,5.19,3.23666343,15.5600008,1.704,8.928,16.89750098,0.24,99.0,9.07,10.96,2.05,1.3,1.21571894,9.75,1.161395,30.43132348
2023-02-22,41.599998,7.43873815,8.42,6.8,1.26402733,2.14,49.03631369,13.37256679,8.2,9.69066667,33.91,5.36699913,3.1,25.0,6.1,5.32,3.37666329,15.9679992,1.709,8.8,16.50000022,0.242,97.849998,9.44,11.23,2.1,1.33,1.21075682,9.9,1.169011,30.94787574
2023-02-23,41.0,7.30810629,8.35,6.8,1.18271563,2.07,48.4090425,13.38000012,8.2,9.55733333,33.029999,5.26424362,3.07,25.0,5.95,5.06,3.21666345,15.8399992,1.682,8.44,16.09499946,0.236,96.900002,9.09,11.02,2.0,1.3,1.21075682,9.65,1.170914,30.34976214
2023-02-26,40.82,7.22827629,8.33,6.91,1.18271563,2.08,49.80904201,13.38000012,8.2,9.50933333,33.110001,5.35909486,3.09,25.0,5.89,5.18,3.24999675,15.6399992,1.691,8.488,16.34999947,0.24,96.360001,9.15,11.09,2.04,1.325,1.21075682,9.65,1.19281,31.85410931
2023-02-27,41.830002,7.43148084,8.33,8.11,1.17532366,2.13,50.454495,13.38000012,8.2,9.63733333,35.049999,5.38280767,3.16,26.059999,5.86,5.24,3.26999673,15.872,1.697,8.744,16.77750097,0.238,96.43,9.21,11.3,2.05,1.33,1.20083259,9.69,1.220417,33.23158455
2023-02-28,41.540001,7.23190494,8.47,7.96,1.21228352,2.15,49.44540419,13.49150012,8.2250005,9.712,34.52,5.39861621,3.17,26.17,5.83,5.43,3.2999967,16.1679992,1.68,8.784,16.95750098,0.237,95.480003,9.16,10.97,2.05,1.335,1.23556742,9.6,1.208993,33.06846283
2023-03-01,41.700001,7.21738997,8.49,8.07,1.24924339,2.22,48.28177081,13.76653345,8.2250005,9.92,34.639999,5.36699913,3.15,26.08,5.78,5.45,3.24999675,16.52,1.694,8.536,17.13000023,0.238,94.989998,9.11,10.61,2.03,1.325,1.19090835,9.79,1.191858,32.42503675
2023-03-02,40.91,7.23190494,8.51,8.07,1.28989924,2.3,49.22722532,14.04156605,8.175,9.92,34.400002,5.3749034,3.21,26.219999,5.65,5.44,3.1999968,16.3119992,1.691,8.448,17.40749948,0.238,94.589996,9.3,10.79,2.11,1.395,1.17105988,9.6,1.18329,32.3525381
2023-03-05,40.970001,7.1121594,8.7,8.07,1.22706747,2.26,48.02722652,13.38000012,7.995,9.81866667,34.330002,5.41442474,3.16,25.809999,5.42,5.46,3.11999688,15.928,1.687,8.4,17.40000098,0.238,93.910004,9.18,11.03,2.07,1.37,1.19090835,9.55,1.189954,32.61534558
2023-03-06,41.09,7.18473209,8.6,8.07,1.19380359,2.21,47.8726794,13.33540086,7.995,9.76533333,34.48,5.33538205,3.14,27.799999,5.45,5.36,3.0666636,15.6880008,1.684,8.304,17.51250023,0.236,93.059998,9.01,11.02,2.06,1.36,1.18098412,9.38,1.191858,32.62440826
2023-03-07,40.990002,7.13393132,8.61,7.75,1.20489155,2.2,48.36358891,13.08266678,7.995,9.68,34.709999,5.28005216,3.13,26.76,5.48,5.35,3.10333023,15.72,1.673,8.432,17.28000098,0.235,92.599998,9.3,11.14,2.05,1.355,1.176022,9.2,1.161395,31.81786046
2023-03-08,40.150002,7.02870075,8.5,7.75,1.1642357,2.1,47.27268,12.63666678,7.68,9.328,36.299999,5.12987104,3.04,25.549999,5.43,5.12,2.98333035,15.528,1.633,8.248,17.32500023,0.231,90.720001,9.2,11.1,2.0,1.315,1.15617353,8.85,1.142356,31.7181747
2023-03-09,39.91,6.9198408,8.26,7.75,1.14945176,2.07,48.17268092,11.2615001,7.385,9.24266667,36.709999,5.00340272,3.0,26.77,5.27,5.07,2.93999706,15.4240008,1.555,8.24,17.02500098,0.227,89.410004,9.06,10.96,1.97,1.315,1.1214387,8.82,1.140452,31.2650584
2023-03-12,41.0,6.99241386,8.49,7.75,1.18271563,2.1,48.1999518,11.3061001,7.185,9.29066667,36.419998,5.24843508,3.06,26.389999,5.37,5.21,3.01666365,15.7679992,1.581,8.016,17.23500023,0.238,91.18,9.020001,11.49,2.01,1.33,1.15121141,9.0,1.154731,32.50659808
2023-03-13,40.0,6.70212128,8.31,7.75,1.12357985,1.97,47.31813359,10.77833344,6.995,8.56533333,34.48,5.01921126,2.99,25.450001,5.01,4.81,2.81666385,14.8880008,1.521,7.488,16.77750097,0.225,89.480003,8.28,11.29,1.95,1.275,1.11647658,8.7,1.190906,32.73315671
2023-03-14,39.200001,6.44448729,8.15,7.35,1.02009223,1.82,45.4545,10.41410009,7.025,8.688,31.879999,4.58447643,2.82,25.25,4.92,4.53,2.62333071,14.2399992,1.353,7.224,16.46999947,0.203,89.949997,7.79,10.81,1.77,1.15,1.07677964,8.73,1.167107,32.18035369
2023-03-15,39.799999,6.61866263,8.0,7.35,1.03118019,1.88,44.54541,10.31003342,7.005,8.50133333,33.360001,4.58447643,2.86,24.620001,5.0,4.6,2.71666395,14.3520008,1.347,7.296,16.46999947,0.209,88.0,7.79,10.86,1.8,1.175,1.0668554,8.95,1.151875,32.17129196
2023-03-16,39.599998,6.15056678,7.19,6.98,0.88334074,1.6,44.090865,10.55533343,6.93,7.552,31.219999,4.11812451,2.71,23.450001,4.6,4.13,2.35999764,12.52,1.236,6.528,14.8050002,0.17,87.980003,7.2,10.0,1.66,1.05,0.99738575,8.5,1.151875,31.27412013
2023-03-19,39.400002,6.179596,7.27,6.98,0.92399659,1.6,43.63632,9.88633343,6.9,7.78666667,31.379999,4.21297575,2.72,23.0,4.72,4.32,2.49666417,12.8,1.25,6.84,14.25000019,0.171,86.040001,7.25,10.01,1.67,1.045,0.98249939,8.51,1.113797,31.55505298
2023-03-20,39.43,6.47351651,7.07,6.61,0.91660462,1.58,43.63632,9.93093343,7.12,7.82933333,31.01,4.20507148,2.74,21.6,4.57,4.34,2.48666418,12.8,1.236,7.128,14.30250019,0.185,87.089996,7.07,10.1,1.632,1.03,0.98001833,8.47,1.1395,31.7181747
2023-03-21,39.360001,6.59326206,7.23,7.0,0.94986849,1.676,44.090865,9.92350009,7.285,8.304,32.400002,4.48172092,2.73,22.0,4.82,4.47,2.56999743,13.12,1.311,7.264,15.39750096,0.188,87.529999,7.54,10.79,1.666,1.12,1.01723422,8.48,1.131884,31.65473874
2023-03-22,39.810001,6.6513205,7.5,7.11,1.06444407,1.77,44.999955,10.05730008,7.395,8.56,33.540001,4.71884901,2.78,22.99,5.07,4.69,2.64999735,13.584,1.337,7.472,15.75000021,0.194,88.139999,7.81,10.95,1.732,1.165,1.04204481,8.7,1.132836,32.00816929
2023-03-23,39.66,6.43360133,7.23,7.11,1.01270026,1.734,45.31813468,10.31003342,7.3,8.63466667,33.75,4.62399777,2.71,22.030001,4.93,4.7,2.56999743,13.528,1.325,7.312,15.09749945,0.191,87.449997,7.87,10.84,1.686,1.125,1.02864709,8.36,1.128076,32.96877708
2023-03-26,39.939999,6.35014232,7.38,7.3,1.02009223,1.775,46.35450092,10.53303343,7.51,8.944,34.130001,4.70304047,2.91,22.4,5.03,4.79,2.6333307,13.2,1.341,7.504,15.87750021,0.191,92.040001,7.99,11.03,1.76,1.125,1.04204481,8.7,1.143308,36.2584052
2023-03-27,41.0,6.45900154,8.1,7.61,1.04226815,1.834,46.54540891,10.94186676,7.465,9.12,37.139999,5.07454115,2.9,22.690001,5.38,4.94,2.97999702,13.6,1.42,7.68,16.44000022,0.196,92.199997,7.99,11.38,1.826,1.17,1.03212057,8.94,1.142356,36.2221554
2023-03-28,40.950001,6.32837077,8.36,7.8,1.01639625,1.807,46.36359,11.7521001,7.475,9.088,36.860001,4.99549845,2.84,22.82,5.27,4.72,2.9333304,13.2,1.392,8.16,16.35749947,0.189,94.029999,8.24,11.83,1.785,1.14,1.02219634,8.78,1.141404,35.03498994
2023-03-29,40.75,6.31385579,8.74,7.9,0.99422033,1.827,44.54541,12.25756678,7.37,9.06666667,36.349998,5.17729665,2.84,22.809999,5.3,4.69,2.91333042,12.9759992,1.389,8.368,16.19250022,0.19,95.779999,7.91,12.26,1.857,1.12,1.00234786,8.74,1.137596,36.24934252
2023-03-30,43.169998,6.77469469,9.38,7.9,1.11988387,1.913,45.36359282,13.00833346,7.27,9.38666667,36.84,5.3749034,2.86,24.5,5.44,4.8,3.04999695,13.4399992,1.398,8.8,15.85499946,0.195,96.199997,7.96,13.29,1.865,1.155,1.0122721,8.67,1.146163,39.87427677
2023-04-02,43.810001,6.68760703,9.05,7.72,1.082924,1.863,46.37267908,13.00833346,7.265,9.19466667,36.200001,5.24843508,2.82,24.700001,5.3,4.72,2.96999703,13.4,1.367,8.768,15.57000021,0.194,95.849998,7.88,13.84,1.833,1.11,0.98249939,8.67,1.14426,39.71115505
2023-04-03,44.5,6.79646661,9.34,7.72,1.10879591,1.894,46.818135,12.85966603,7.495,9.46666667,37.740002,5.34328632,2.9,24.84,5.68,4.8,3.14999685,13.52,1.398,8.952,15.39750096,0.197,96.230003,7.82,14.42,1.87,1.15,0.99242363,8.64,1.151875,38.9680432
2023-04-04,47.52,7.03595733,9.62,7.72,1.1383638,2.06,47.727225,12.9860327,7.5,9.58933333,39.189999,5.6357443,2.95,25.24,5.8,5.25,3.2333301,14.2399992,1.483,8.92,15.39000021,0.201,100.98,7.99,14.38,1.951,1.21,1.03658648,8.81,1.151875,39.80177812
2023-04-05,46.869999,7.25730551,9.38,7.72,1.23445944,2.066,47.727225,12.63666678,7.405,9.41866667,39.23,5.64364857,3.06,24.92,5.73,5.29,3.19333014,14.064,1.524,9.024,15.04499945,0.213,100.01,8.3,14.29,2.01,1.2,1.08670387,9.11,1.151875,39.50272084
2023-04-06,46.18,7.08313018,9.19,7.72,1.17901965,2.04,48.44540701,12.59950085,7.455,9.392,38.490002,5.45394609,3.03,24.5,5.73,5.45,3.12666354,13.9759992,1.515,9.352,15.39750096,0.215,99.0,8.42,13.99,1.957,1.2,1.14079096,9.020001,1.151875,38.9680432
2023-04-09,44.810001,6.94887003,9.19,7.7,1.17162767,1.984,46.90904218,12.28730086,7.27,9.30666667,38.990002,5.35119059,2.96,24.0,5.61,5.36,3.04666362,13.72,1.494,9.608,15.10499945,0.219,98.510002,8.2,13.73,1.929,1.185,1.13136293,8.92,1.161395,37.527132
2023-04-10,43.68,6.80009526,9.07,7.7,1.25663536,2.07,46.99995391,12.22783419,7.26,9.20533333,39.049999,5.26424362,2.93,23.75,5.47,5.2,3.01999698,13.4399992,1.492,9.728,14.8650002,0.229,97.769997,8.2,13.7,1.928,1.185,1.1214387,8.83,1.167107,39.85615234
2023-04-11,44.09,6.79283759,9.16,7.7,1.24924339,2.19,46.818135,12.24269936,7.415,9.28,38.939999,5.28795643,2.94,24.540001,5.57,5.29,3.07333026,13.456,1.491,9.784,14.59499944,0.229,97.370003,8.26,14.12,2.03,1.18,1.09662811,8.89,1.165203,40.76238591
2023-04-12,45.43,6.88355391,9.51,7.75,1.25293937,2.168,46.99086119,13.00090012,7.25,9.34933333,38.91,5.57251014,3.0,24.860001,5.7,5.36,3.2333301,13.8399992,1.491,10.256,14.55750019,0.23,97.389999,8.49,14.3,2.035,1.19,1.09662811,8.98,1.170914,40.32739402
2023-04-13,44.799999,6.86541101,9.39,8.11,1.2455474,2.13,46.45449718,12.54746604,7.285,9.37066667,38.669998,5.54089306,2.99,24.82,5.51,5.33,3.18999681,13.5679992,1.464,10.096,14.28000094,0.226,97.919998,8.51,14.59,1.998,1.185,1.07677964,8.84,1.070006,36.61183575
2023-04-18,45.880001,7.05772997,9.6,8.22,1.21597951,2.16,53.181765,12.62180011,7.4,9.43466667,39.099998,5.65155284,2.95,25.799999,5.58,5.35,3.28666338,13.4399992,1.454,10.184,14.51250019,0.227,96.139999,8.33,15.59,2.02,1.18,1.06189328,8.84,1.08143,37.78993948
2023-04-19,48.720001,7.76168788,9.99,8.0,1.23076346,2.22,49.63631218,12.63666678,7.67,9.73333333,41.5,5.94401081,3.0,24.82,5.6,5.35,3.42666324,14.08,1.43,10.608,14.78999945,0.229,100.0,8.34,16.530001,2.04,1.19,1.08174175,8.96,1.094757,39.86521408
2023-04-26,48.43,7.68911555,10.13,7.87,1.23076346,2.21,48.72722218,12.64410011,8.0,10.24,41.25,6.06257486,2.99,24.809999,5.66,5.61,3.31666335,14.064,1.432,10.576,15.15000095,0.23,102.01,8.5,16.18,2.04,1.215,1.08670387,9.14,1.094757,39.79271543
2023-04-27,49.990002,7.57662659,10.18,7.92,1.22337148,2.22,47.63631782,12.89683345,8.04,9.94666667,40.82,6.11000048,2.95,24.5,5.84,5.79,3.3666633,13.864,1.493,10.624,15.89250096,0.229,102.05,8.91,16.6,2.01,1.23,1.08174175,9.17,1.085238,39.35772355
2023-04-30,50.389999,7.87417684,10.74,8.21,1.24924339,2.27,48.54540782,12.93400012,8.3,10.128,42.209999,6.29970295,3.08,24.540001,5.96,5.98,3.41332992,14.6,1.629,10.544,16.34250097,0.231,104.04,8.99,17.75,2.05,1.27,1.11647658,9.54,1.093805,39.77459101
2023-05-01,49.709999,7.61654213,10.52,8.54,1.23076346,2.23,48.91813381,12.73329936,7.985,9.952,43.950001,6.37084138,3.08,24.219999,5.85,6.13,3.32333001,14.5600008,1.682,10.784,15.84749946,0.235,103.27,9.41,16.889999,2.04,1.22,1.14128717,9.71,1.089046,38.78679611
2023-05-02,47.369999,7.64920001,9.39,8.46,1.20119557,2.13,48.18177,12.9191327,7.795,9.81866667,42.869999,6.22066025,3.03,23.23,5.73,5.92,3.1999968,14.328,1.649,10.728,15.45750096,0.231,101.85,9.0,16.83,2.0,1.19,1.10655234,9.39,1.085238,37.07401474
2023-05-03,48.41,7.74354498,9.42,8.46,1.18641162,2.1,47.9544975,12.93400012,7.795,9.76,41.57,6.11000048,2.99,23.26,5.83,5.84,3.17666349,14.416,1.726,10.72,15.3600002,0.228,102.2,9.01,16.129999,1.95,1.205,1.10159023,9.36,1.085238,37.8443137
2023-05-07,48.27,7.87417684,9.31,8.46,1.17532366,2.11,48.28177081,12.67383271,7.75,9.536,43.169998,5.97562789,2.96,23.32,5.8,5.81,3.1666635,14.5600008,1.836,10.848,15.38250021,0.226,100.05,9.28,15.79,1.94,1.195,1.10159023,9.2,1.065247,38.1614954
2023-05-08,48.0,7.6927442,9.09,8.46,1.17532366,2.13,48.19085908,12.44340011,7.82,9.44,43.68,5.97562789,2.95,22.969999,5.74,5.77,3.12999687,14.336,1.92,10.936,15.0600002,0.224,99.160004,9.67,16.0,1.931,1.195,1.09662811,9.21,1.066199,38.46961441
2023-05-09,52.5,7.97577876,9.75,8.15,1.22337148,2.25,48.36358891,12.56233344,7.845,9.6,46.0,6.2601816,3.02,23.389999,5.95,5.95,3.20999679,14.864,1.875,10.864,15.3675002,0.241,101.0,10.32,16.75,2.01,1.225,1.12640082,9.4,1.066199,39.87427677
2023-05-10,50.02,7.89231974,9.41,8.15,1.18641162,2.17,47.36358718,12.56233344,7.76,9.38666667,45.189999,6.10209621,3.08,23.139999,5.8,5.85,3.21666345,14.92,1.935,10.824,15.2400002,0.236,101.22,10.24,16.5,1.97,1.195,1.10655234,9.25,1.03764,38.99523032
2023-05-11,52.099998,7.79434612,9.6,8.15,1.19749958,2.24,47.63631782,12.50286678,7.75,9.424,46.34,6.23646879,3.08,23.139999,5.88,5.99,3.21666345,15.4320008,2.08,10.752,15.54750021,0.239,102.27,10.5,16.98,1.996,1.235,1.10159023,9.36,1.046207,39.04054185
2023-05-14,52.099998,7.80160342,9.32,8.05,1.18271563,2.18,47.09995381,12.33933344,7.71,9.14666667,45.549999,6.13371329,3.01,23.110001,5.76,5.86,3.13999686,15.1600008,2.05,10.6,15.3225002,0.25,100.63,10.98,16.92,1.967,1.195,1.12640082,9.13,1.009081,38.63273708
2023-05-15,52.150002,8.49830475,9.19,8.04,1.19380359,2.27,47.40904532,12.35420086,7.845,9.30133333,47.5,6.28389441,2.98,23.799999,5.78,5.89,3.13666353,15.3600008,2.0,10.16,15.33000095,0.248,100.97,11.08,17.040001,1.965,1.195,1.19090835,9.12,0.943395,37.4908822
2023-05-16,50.93,8.48378978,8.93,8.04,1.15314774,2.23,47.27268,11.89333344,7.695,9.17333333,46.419998,6.14161756,2.93,23.200001,5.56,5.72,3.0666636,15.0399992,1.92,9.984,15.0150002,0.238,100.05,10.85,16.309999,1.935,1.165,1.14128717,8.93,0.956723,37.15557608
2023-05-17,49.650002,8.37493056,8.7,8.04,1.16053972,2.19,47.27268,11.8190001,7.65,9.09866667,45.73,6.2601816,2.88,22.68,5.59,5.56,2.94666372,15.1520008,2.13,9.728,14.6775002,0.234,99.300003,10.6,15.52,1.927,1.16,1.16609776,8.9,0.97005,37.11932628
2023-05-18,48.799999,8.24792771,8.34,8.04,1.18641162,2.15,47.727225,11.65546677,7.65,9.14133333,44.130001,6.16533037,2.83,22.940001,5.5,5.32,2.88999711,14.72,2.07,9.696,14.35499944,0.23,100.58,10.11,14.47,1.86,1.14,1.14128717,8.57,0.96529,36.04090926
2023-05-21,48.380001,8.22252714,8.34,8.04,1.17162767,2.16,46.45449718,12.04200085,7.615,9.264,43.93,6.24437306,2.8,22.799999,5.48,5.38,2.87666379,14.88,2.18,9.56,13.97249944,0.228,103.0,10.51,14.6,1.855,1.13,1.14624929,8.54,0.980522,37.15557608
2023-05-22,48.880001,8.34590134,8.26,8.04,1.28250727,2.16,46.99995391,12.85223419,7.775,9.104,43.759998,6.16533037,2.81,22.9,5.5,5.35,2.8666638,14.816,2.3,9.824,13.87500019,0.229,101.9,10.44,14.58,1.842,1.14,1.18098412,8.57,0.981474,36.93808014
2023-05-23,47.93,8.20075523,8.15,7.51,1.44143468,2.13,47.27268,12.45826677,7.92,9.11466667,43.439999,6.07047913,2.79,22.84,5.47,5.36,2.82666384,14.68,2.2,10.112,13.89000019,0.233,100.99,10.31,14.9,1.843,1.15,1.16113564,8.54,0.971002,36.17684387
2023-05-24,47.43,8.09552393,8.2,7.5,1.45991461,2.14,47.31813359,12.56233344,7.925,9.14666667,43.07,6.08628767,2.76,23.0,5.55,5.42,2.80999719,14.6399992,2.28,10.24,14.01000019,0.234,100.09,10.1,15.6,1.846,1.16,1.16609776,8.54,0.971954,35.79622526
2023-05-25,48.0,8.12455316,8.5,7.55,1.37490692,2.2,47.727225,13.38000012,7.99,9.45066667,43.009998,6.1574261,2.77,23.6,5.63,5.5,2.8999971,14.9600008,2.16,10.064,14.15999944,0.237,106.65,10.32,15.83,1.88,1.205,1.16609776,8.68,0.97957,36.2584052
2023-05-28,47.919998,8.06649507,8.34,7.98,1.64840991,2.17,47.54540609,13.12726678,8.3,9.54133333,42.790001,6.07047913,2.79,23.4,5.7,5.45,2.8666638,14.856,2.11,9.992,14.39250094,0.235,104.05,10.16,15.49,1.87,1.185,1.14624929,8.67,0.972906,36.24934252
2023-05-29,47.130001,8.66885107,8.25,7.98,1.90343297,2.2,47.29995179,13.38000012,9.24,9.42933333,43.16,6.06257486,2.81,24.24,5.81,5.61,2.89333044,14.8479992,2.22,9.896,14.6850002,0.238,107.11,10.15,15.37,1.9,1.22,1.15121141,8.76,0.975762,36.21309272
2023-05-30,47.349998,8.66159449,8.24,7.93,2.0327925,2.24,47.01813571,13.73680013,9.3050005,9.392,43.060001,6.11000048,2.9,23.99,5.77,5.63,3.2333301,15.008,2.18,9.832,15.14250095,0.238,115.11,10.58,15.14,1.97,1.255,1.13632505,9.21,0.97957,35.60591643
2023-05-31,47.52,9.39821064,8.5,7.99,2.21759181,2.24,47.727225,14.20510087,9.4449995,9.472,43.939999,6.22066025,2.98,24.5,5.64,5.7,3.33333,15.256,2.15,9.896,14.90999945,0.24,125.5,11.0,15.6,2.01,1.265,1.13136293,9.54,0.980522,36.06809542
2023-06-01,47.470001,8.78859661,8.36,7.98,2.22498379,2.26,47.54540609,14.17536679,9.415,9.44533333,43.639999,6.14161756,2.97,24.23,5.7,5.6,3.3666633,15.1520008,2.11,10.088,14.90250095,0.237,117.06,11.26,15.35,1.997,1.25,1.13632505,9.45,0.980522,35.46998182
2023-06-04,46.299999,9.02083111,8.37,7.99,2.04358478,2.4,47.81813218,14.12333346,9.1850005,9.43466667,43.5,6.14161756,3.04,24.200001,5.71,5.59,3.52999647,15.408,2.21,10.16,14.77500095,0.241,121.09,11.24,15.72,2.07,1.275,1.15617353,9.55,0.97481,35.6240418
2023-06-05,44.66,9.2240353,8.36,7.88,2.45230173,2.64,47.49086342,13.66246604,9.205,9.32266667,43.099998,6.12580902,3.13,24.5,5.9,5.53,3.4999965,15.4399992,2.52,10.112,14.8800002,0.245,120.0,11.0,15.7,2.12,1.335,1.16113564,9.49,0.97957,34.98061572
2023-06-06,43.119999,9.07163189,8.17,7.88,2.94098505,2.62,47.31813359,13.49150012,8.915,9.41333333,42.5,6.12580902,3.05,24.950001,5.81,5.41,3.48666318,15.8479992,2.42,9.928,14.85749945,0.255,121.0,10.78,15.7,2.1,1.31,1.21075682,9.4,0.976714,34.43687539
2023-06-07,43.299999,8.91559982,8.26,7.88,3.52740503,2.81,47.63631782,14.12333346,8.9700005,9.76,42.470001,6.8609061,3.09,25.440001,5.85,5.39,3.72332961,15.8240008,2.57,9.88,14.6325002,0.255,116.23,11.02,15.48,2.16,1.285,1.20579471,9.56,0.980522,33.34939473
2023-06-08,43.0,8.58539242,8.15,7.88,4.22933197,2.74,47.727225,13.85573271,8.8999995,9.52,41.470001,6.59216093,3.0,25.83,5.77,5.32,3.61999638,15.6479992,2.54,9.744,14.26500019,0.25,117.17,10.7,15.0,2.1,1.27,1.26037801,9.36,0.978618,32.18941638
2023-06-11,43.049999,8.33864403,8.3,7.88,4.28264288,2.75,48.18177,13.99696679,8.7349995,9.6,42.0,6.68701217,2.98,26.85,5.79,5.36,3.72666294,15.7600008,2.65,9.76,14.01750094,0.247,117.0,10.68,15.07,2.1,1.265,1.24549165,9.35,0.98433,32.37972521
2023-06-12,43.540001,8.03746585,8.48,7.88,4.0960547,2.8,48.3908607,13.93750012,8.5600005,9.76,43.419998,6.84509756,3.05,27.0,6.15,5.61,3.73999626,15.9119992,2.58,9.64,14.07000019,0.248,119.0,10.79,15.59,2.25,1.26,1.25045377,9.38,0.980522,32.64253269
2023-06-13,44.599998,8.07738103,8.520001,7.88,3.6784526,2.78,47.40904532,14.11590013,8.5600005,9.6,43.799999,6.90042745,3.07,26.459999,6.09,5.74,3.69666297,15.8479992,2.54,9.8,13.61250018,0.247,121.15,11.01,15.51,2.21,1.265,1.24052953,9.36,0.97957,32.95065265
2023-06-14,46.52,7.98303606,8.54,7.5,3.55406048,2.91,47.37268081,14.10103272,8.6949995,9.616,43.299999,6.92414026,3.07,27.700001,6.13,6.11,3.65332968,15.808,2.57,9.856,13.91249944,0.244,122.51,10.67,15.38,2.21,1.23,1.24052953,9.16,0.971002,32.30722656
2023-06-15,45.799999,7.91046264,8.43,7.26,3.39412776,2.96,47.91813299,14.3091668,8.8,9.44,43.41,6.82928902,3.12,27.459999,6.06,5.95,3.63999636,16.0,2.59,9.944,14.61750019,0.241,122.94,11.0,15.07,2.17,1.22,1.21075682,9.2,0.980522,32.6697198
2023-06-18,44.900002,7.97577876,8.3,7.23,3.17199898,2.87,48.18177,14.8666668,8.9049995,9.53066667,43.0,6.73443857,3.15,26.610001,5.93,5.97,3.75999624,15.9039992,2.55,9.712,14.34000094,0.241,121.98,10.65,14.88,2.14,1.24,1.22564318,9.21,0.971002,33.05940015
2023-06-19,45.119999,7.9140913,8.4,7.38,3.54517533,2.88,48.09086282,15.66203347,8.9399995,9.46133333,43.099998,6.99527868,3.13,26.780001,5.95,6.0,3.81666285,15.944,2.57,9.848,14.28000094,0.274,119.12,10.8,15.5,2.18,1.26,1.26037801,9.21,0.971002,33.16814859
2023-06-20,45.25,8.22252714,8.31,7.49,3.60737139,2.84,47.55449881,15.64716607,9.0600005,9.46666667,43.599998,6.80557621,3.08,26.32,5.87,6.07,3.7999962,15.608,2.51,9.8,14.07750019,0.26,119.22,10.78,15.39,2.12,1.25,1.2306053,9.18,0.976714,32.61534558
2023-06-21,44.959999,8.09552393,8.3,7.7,4.05162895,2.8,47.23631549,15.89246606,9.165,9.392,44.139999,6.77395913,3.03,26.0,5.82,6.35,3.81332952,15.6,2.51,9.824,14.13750019,0.256,119.0,11.07,15.18,2.11,1.24,1.22068106,9.11,0.972906,32.36160079
2023-06-22,43.709999,8.17535502,8.15,7.71,3.86504077,2.78,46.90904218,15.61000014,9.2,9.32266667,42.98,6.64749082,2.97,25.459999,5.68,6.41,3.71666295,15.4240008,2.41,9.84,13.91249944,0.248,116.21,10.89,14.91,2.07,1.215,1.20579471,9.09,0.973858,31.73629912
2023-06-25,44.5,8.09552393,8.15,8.0,3.66956745,2.98,46.64540881,15.61000014,9.2749995,9.184,43.0,6.70282071,2.98,25.24,5.66,6.62,3.80999619,15.344,2.5,9.832,13.87500019,0.248,118.28,11.0,15.0,2.08,1.205,1.19090835,9.0,0.971002,31.76348624
2023-06-26,43.959999,8.06649507,8.07,7.95,3.57183078,2.85,44.54541,15.61000014,9.2749995,9.072,42.57,6.91623599,2.95,25.799999,5.46,6.37,3.7333296,14.8,2.51,9.84,13.81500018,0.246,123.57,11.0,14.62,2.02,1.165,1.15617353,8.93,0.97005,31.5459903
2023-07-04,44.549999,8.43661766,8.12,8.5,3.74953381,2.91,46.36359,15.86273348,9.1499995,9.09866667,42.77,7.13755554,2.95,25.879999,5.62,6.48,3.81666285,15.0399992,2.59,9.832,14.02500094,0.247,123.0,10.87,14.85,2.12,1.18,1.18098412,9.0,0.97005,32.17129196
2023-07-05,44.990002,8.44387496,8.08,8.3,3.64291199,2.86,45.44541092,15.37213347,9.2,9.20533333,42.099998,7.23240678,2.98,25.25,5.52,6.36,3.71666295,14.872,2.57,9.784,14.29499944,0.246,123.01,10.81,14.82,2.1,1.18,1.17105988,8.92,0.966242,32.42503675
2023-07-06,45.470001,8.57813475,8.08,8.3,4.01608834,2.87,44.99086592,14.71799939,9.2,8.96,42.07,7.16126835,2.95,24.5,5.56,6.27,3.70666296,14.872,2.5,9.792,14.32500019,0.243,126.99,10.49,14.5,2.1,1.165,1.16609776,8.89,0.964339,33.8296991
2023-07-09,44.549999,8.63256527,8.0,7.88,3.7139932,2.92,43.8635925,14.27200087,9.3199995,8.992,41.700001,6.97947015,2.9,24.48,5.55,6.34,3.61332972,15.184,2.4,9.528,14.26500019,0.236,125.65,10.1,14.22,2.08,1.15,1.13632505,8.76,0.96529,32.51565982
2023-07-10,43.41,8.13906813,7.66,7.88,2.97652565,2.45,43.31814032,14.20510087,9.21,8.90133333,39.0,6.6000652,2.82,24.280001,5.3,5.96,3.2666634,14.4479992,2.1,9.88,13.49250018,0.223,118.95,9.6,13.98,2.02,1.05,1.06189328,8.44,0.96529,30.74850518
2023-07-11,44.610001,8.34590134,7.88,7.88,3.53629018,2.64,43.99995782,13.86316679,9.21,9.00266667,41.990002,6.80557621,2.87,24.860001,5.43,6.15,3.38332995,15.0,2.26,9.872,13.89750094,0.23,118.93,10.16,14.25,2.07,1.115,1.09166599,8.5,0.966242,32.79659267
2023-07-12,45.82,8.30235714,8.14,7.88,3.58960108,2.6,44.44540919,13.49150012,9.26,9.01333333,41.02,6.88461891,2.87,25.16,5.54,6.16,3.52332981,15.536,2.22,9.872,14.00250019,0.232,117.09,10.29,14.41,2.12,1.125,1.08670387,8.66,0.963387,33.0231513
2023-07-13,46.599998,8.28421424,8.06,7.88,3.62514169,2.51,44.72722891,13.55840013,9.29,8.976,41.310001,6.81348048,2.85,24.43,5.45,6.12,3.41332992,15.4,2.17,9.864,13.88250019,0.229,116.94,10.32,14.63,2.09,1.11,1.09166599,9.16,0.962435,33.05033841
2023-07-16,47.52,8.30961481,8.68,7.95,3.64291199,2.45,45.09086218,14.12333346,9.25,9.06666667,42.330002,6.97947015,2.9,24.809999,5.65,6.32,3.42666324,15.528,2.17,9.912,13.88250019,0.23,117.99,10.34,14.64,2.06,1.115,1.10655234,9.01,0.962435,33.53064183
2023-07-17,48.299999,8.2261558,8.47,8.03,3.54517533,2.45,44.999955,14.05643346,9.205,9.12,42.16,6.97947015,2.89,24.9,5.59,6.26,3.58332975,15.544,2.24,9.824,13.72499943,0.233,117.69,10.26,14.53,2.05,1.115,1.10159023,9.1,0.967194,34.13781811
2023-07-18,48.310001,8.16809735,8.48,7.88,3.70510805,2.45,45.4545,14.21996604,9.205,9.456,41.919998,6.89252318,2.88,25.1,5.63,6.43,3.55332978,15.672,2.23,10.176,13.67250018,0.232,117.71,10.32,14.98,2.07,1.11,1.10655234,9.25,0.971002,34.50937404
2023-07-19,48.459999,8.26969999,8.57,7.71,3.61625654,2.55,45.54540718,14.27200087,9.2299995,9.45066667,42.52,7.19288543,2.9,25.459999,5.72,6.54,3.74999625,15.6960008,2.32,10.384,13.73249943,0.231,120.92,10.8,15.17,2.11,1.125,1.12640082,9.31,0.966242,34.22844214
2023-07-24,47.82,8.19349792,8.5,7.67,3.82061502,2.51,45.77267968,14.11590013,9.295,9.392,43.299999,7.02689576,2.9,25.549999,5.71,6.5,3.67999632,15.8479992,2.3,10.424,14.05500019,0.244,123.7,10.74,15.0,2.09,1.12,1.1214387,9.32,0.967194,33.92032217
2023-07-25,47.150002,8.171726,8.4,7.67,3.46520897,2.48,46.36359,13.84829938,9.3,9.472,42.700001,7.02689576,2.87,25.290001,5.66,6.49,3.58999641,15.9600008,2.23,10.36,14.03249944,0.242,121.98,10.65,14.82,2.05,1.115,1.11647658,9.13,0.961483,32.8419042
2023-07-26,47.150002,8.12455316,8.44,7.41,3.27862079,2.39,46.5908625,13.5881342,9.3999995,9.46133333,42.240002,6.92414026,2.87,25.0,5.56,6.43,3.4999965,15.744,2.16,10.4,13.92750019,0.238,120.72,10.52,14.67,2.01,1.095,1.10159023,9.04,0.948155,33.08658726
2023-07-27,47.009998,8.38218786,8.48,7.17,2.63888991,2.33,46.20904652,13.18673345,9.3999995,9.45066667,43.490002,6.90833172,2.86,24.83,5.52,6.43,3.50999649,15.856,2.16,10.512,14.09999944,0.236,119.55,10.32,14.62,2.0,1.09,1.09166599,8.92,0.951011,32.75128113
2023-07-30,46.52,8.49830475,8.54,7.22,2.78993748,2.36,46.5272262,12.89683345,9.3999995,9.37066667,43.110001,6.8609061,2.85,24.709999,5.54,6.36,3.48666318,15.88,2.18,10.512,13.80000018,0.238,118.16,10.45,14.41,2.0,1.09,1.07677964,9.0,0.937684,32.72409402
2023-07-31,47.0,8.8865706,8.89,7.2,2.67443051,2.29,46.1363175,14.01183346,9.3999995,9.43466667,43.220001,6.9399488,2.87,25.4,5.63,6.49,3.53999646,16.6,2.12,11.128,13.71750093,0.236,119.71,10.99,14.8,2.02,1.1,1.08174175,9.3,0.941491,32.51565982
2023-08-01,47.209999,8.85391272,8.87,7.1,2.77216717,2.28,45.909045,13.88546679,9.4449995,9.58933333,43.150002,6.88461891,2.9,26.200001,5.63,6.7,3.69666297,16.48,2.21,11.352,13.73249943,0.234,119.98,10.89,14.63,2.04,1.105,1.09166599,9.38,0.938636,32.90534112
2023-08-02,47.509998,8.58539242,8.4,7.26,3.04760686,2.3,46.18177109,13.04549937,9.5,9.56266667,43.400002,6.71072498,2.89,26.0,5.55,6.79,3.5999964,16.34,2.17,11.512,13.73249943,0.24,121.0,10.69,14.68,2.02,1.115,1.07677964,9.05,0.937684,32.6697198
2023-08-03,46.669998,8.71602392,8.07,7.0,3.10980292,2.28,46.51813348,13.38000012,9.6099995,9.40266667,43.150002,6.49730969,2.86,26.0,5.43,6.39,3.57332976,15.9,2.1,11.304,13.38750018,0.248,118.57,10.56,14.59,1.96,1.09,1.0668554,9.1,0.92626,32.63347095
2023-08-06,46.939999,8.71239526,8.08,7.0,3.17199898,2.28,46.27268282,13.19416678,9.75,9.32266667,43.84,6.52892677,2.87,25.91,5.44,6.37,3.62999637,15.9,2.12,11.192,13.26000018,0.248,118.05,10.49,14.9,1.96,1.09,1.06189328,9.16,0.925308,32.53378519
2023-08-07,47.450001,8.71965293,8.18,7.15,3.3141614,2.34,46.1363175,13.57326679,9.925,9.344,44.16,6.63958655,2.96,26.450001,5.54,6.6,4.03999596,16.15,2.19,11.232,13.31250018,0.245,120.0,10.91,15.3,1.99,1.115,1.07181752,9.3,0.923404,32.77846825
2023-08-08,47.91,8.99905847,8.21,7.25,3.50963472,2.35,46.03631669,13.61786679,9.84,9.38666667,44.27,6.61587374,3.0,27.26,5.65,6.59,4.0666626,16.139999,2.22,11.28,13.38000018,0.244,118.9,10.92,15.32,2.004,1.185,1.07181752,9.38,0.920548,32.88721574
2023-08-09,47.84,9.04623132,8.19,7.1,3.42078321,2.29,46.06358848,13.23133271,9.7299995,9.24266667,44.07,6.60796947,2.97,26.9,5.65,6.75,3.9333294,16.15,2.19,11.168,13.40250093,0.243,118.13,10.93,15.9,1.99,1.155,1.06189328,9.51,0.913884,32.93252728
2023-08-10,48.599998,9.04260267,8.1,7.12,3.26085049,2.26,46.04541032,13.52866753,9.675,9.17333333,43.400002,6.56054385,2.96,27.07,5.6,6.8,4.08666258,16.139999,2.17,11.28,13.58250093,0.244,117.99,10.93,15.92,2.008,1.155,1.06189328,9.47,0.923404,32.67878249
2023-08-13,48.610001,8.95914401,8.1,7.09,3.23419504,2.22,46.26358919,13.37256679,9.675,9.15733333,43.900002,6.48150115,2.93,26.52,5.58,6.72,4.01999598,16.1,2.15,11.28,13.42500018,0.242,117.51,10.83,15.71,1.975,1.15,1.05196904,9.42,0.922452,32.67878249
2023-08-14,49.810001,9.07163189,8.22,7.1,3.35858715,2.24,46.2999537,13.41716605,9.6899995,9.184,43.93,6.63958655,2.92,26.700001,5.58,6.75,4.0999959,16.1,2.16,11.232,13.35749943,0.242,117.83,10.71,16.1,1.983,1.14,1.05693116,9.51,0.913884,32.63347095
2023-08-15,49.810001,9.07163189,8.21,7.15,3.28750594,2.27,46.90904218,13.23133271,9.7,9.17333333,44.540001,6.58425666,2.93,26.440001,5.64,6.6,4.10999589,16.040001,2.19,11.304,13.63500018,0.242,117.96,10.7,15.94,1.982,1.2,1.06189328,9.48,0.913884,33.08658726
2023-08-16,49.810001,8.93374345,8.18,7.09,3.23419504,2.26,47.26359092,13.38000012,9.865,9.22666667,44.18,6.52892677,2.92,26.48,5.64,6.5,4.02332931,15.95,2.16,11.36,13.48500018,0.24,117.99,11.01,15.8,1.97,1.185,1.05693116,9.69,0.909125,32.94158996
2023-08-17,49.330002,9.15871955,8.15,7.11,3.02983656,2.2,48.06358739,13.01576678,9.965,9.22666667,44.959999,6.48940542,2.93,26.27,5.58,6.45,4.06332927,15.95,2.18,13.6320008,13.65749943,0.238,117.46,10.86,15.73,1.96,1.225,1.05693116,9.66,0.907221,33.9746964
2023-08-20,49.470001,9.06800323,8.12,7.03,3.05649201,2.17,47.99995109,13.00833346,9.7799995,9.22666667,45.25,6.44197981,2.9,26.0,5.59,6.41,4.11666255,15.82,2.17,12.544,13.49250018,0.237,116.59,10.8,15.45,1.953,1.215,1.04700693,9.31,0.905317,33.53064183
2023-08-21,49.32,9.05348899,8.12,7.23,3.12757322,2.2,48.23631631,13.38000012,9.96,9.14666667,45.169998,6.42617127,2.9,25.969999,5.63,6.47,4.1666625,15.89,2.17,12.448,13.53749943,0.239,116.56,10.72,15.45,1.942,1.195,1.04204481,9.62,0.902461,33.25877166
2023-08-22,49.299999,8.91559982,8.1,7.16,2.99429595,2.21,47.31813359,13.56583346,10.1549995,9.11466667,45.0,6.63168228,2.92,26.01,5.67,6.48,4.27999572,15.63,2.13,12.176,13.81500018,0.238,116.94,10.69,15.9,1.937,1.24,1.03212057,9.63,0.904365,32.72409402
2023-08-23,49.700001,8.90834215,8.14,7.13,3.03872171,2.22,47.81813218,14.71799939,10.74,9.232,46.0,6.71862925,2.95,26.299999,5.7,6.45,4.29666237,15.81,2.14,12.04,14.25750019,0.241,118.0,10.74,15.72,1.946,1.255,1.03212057,10.06,0.904365,32.80565536
2023-08-24,49.700001,8.78496796,8.19,7.1,2.91432959,2.18,47.81813218,14.71799939,10.25,9.21066667,45.610001,6.57635239,2.98,26.190001,5.61,6.3,4.17666249,15.73,2.08,12.36,14.15250094,0.238,118.0,10.57,15.3,1.962,1.26,1.0122721,10.3,0.904365,33.08658726
2023-08-27,50.970001,8.77771138,8.17,7.39,2.84324838,2.14,47.727225,14.39093421,10.5,9.33333333,45.439999,6.63958655,2.99,26.280001,5.66,6.41,4.0999959,15.7,2.02,12.24,14.13000019,0.237,119.0,10.51,15.08,1.95,1.23,1.00730998,10.3,0.903413,33.53970451
2023-08-28,50.669998,9.06437458,8.29,7.47,2.86101869,2.17,49.09086,14.57676754,10.5950005,9.65333333,45.810001,6.6791079,3.0,26.43,5.68,6.38,4.06999593,15.8,2.05,12.224,14.42250019,0.238,123.0,10.69,15.2,1.937,1.23,0.99242363,10.6,0.900557,33.98375813
2023-08-29,50.779999,9.25306453,8.270001,7.43,2.9676405,2.19,49.7726775,14.71056755,10.615,9.47733333,46.029999,6.62377801,3.15,26.43,5.71,6.2,3.98666268,15.92,2.04,12.016,14.15999944,0.24,122.83,10.5,15.2,2.02,1.2,1.00234786,10.6,0.900557,33.52157914
2023-08-30,51.110001,9.06800323,8.26,7.35,2.9676405,2.33,49.18176718,14.89640087,10.38,9.49866667,46.98,6.60796947,3.1,26.780001,5.72,6.43,3.999996,16.059999,2.12,12.04,14.31750019,0.239,123.22,10.34,15.44,2.011,1.21,1.04204481,10.68,0.904365,33.16814859
2023-08-31,51.5,9.07163189,8.24,7.54,2.89655929,2.28,50.81813282,15.18630014,10.6049995,9.54666667,46.580002,6.60796947,3.11,26.700001,5.69,6.34,4.0999959,16.01,2.09,11.984,14.44500019,0.24,119.0,10.21,15.67,1.986,1.215,1.05693116,10.77,0.903413,33.20439744
2023-09-03,52.75,9.0172021,8.270001,7.32,2.83436323,2.32,51.81813,15.08966605,10.54,9.344,46.0,6.56844812,3.05,26.299999,5.65,6.24,4.02666264,15.94,2.09,11.928,14.31750019,0.243,115.6,10.32,15.89,1.964,1.23,1.05196904,10.9,0.910077,33.07752552
2023-09-04,52.09,8.77771138,8.34,7.18,2.78993748,2.27,51.1363125,15.98166682,10.505,9.36,45.599998,6.44988408,3.04,26.01,5.55,6.19,3.9333294,15.75,2.04,11.8,14.28749944,0.245,115.05,10.2,15.89,1.962,1.225,1.05196904,10.76,0.904365,33.13189879
2023-09-05,52.700001,8.78134003,8.31,7.26,2.87878899,2.29,51.09085891,16.13033423,10.55,9.41866667,47.080002,6.54473531,3.17,26.9,5.57,6.07,4.02332931,16.049999,2.03,11.712,14.6850002,0.241,114.8,10.06,16.51,1.951,1.205,1.05693116,11.3,0.904365,33.14096148
2023-09-06,52.380001,8.63256527,8.270001,7.37,2.81659293,2.36,51.86358359,17.31223423,10.6949995,9.38133333,48.48,6.47359688,3.23,26.52,5.51,6.07,3.98666268,15.9,2.03,11.592,14.49750019,0.243,114.67,9.84,16.799999,1.952,1.195,1.09166599,11.44,0.904365,33.07752552
2023-09-07,52.5,8.46201822,8.38,7.81,2.78993748,2.45,53.63631,16.96286682,10.62,9.59466667,46.970001,6.27599014,3.27,27.290001,5.51,6.1,3.94999605,16.0,2.03,11.72,14.71500095,0.241,115.72,10.24,16.530001,1.961,1.215,1.09166599,11.22,0.892941,33.35845742
2023-09-10,53.700001,8.61079299,8.54,8.0,2.85213354,2.47,53.74539989,17.4014335,10.62,9.744,47.639999,6.32341576,3.25,28.389999,5.66,6.13,3.96999603,15.9,2.02,11.728,14.66999945,0.239,116.98,10.1,16.65,1.958,1.195,1.08670387,11.36,0.875806,33.9746964
2023-09-11,57.0,8.70876661,8.79,7.94,2.84324838,2.5,53.45449109,18.21166684,10.505,9.85066667,47.439999,6.47359688,3.27,29.6,5.7,6.18,4.08332925,15.9,2.06,11.704,14.64750095,0.239,119.01,10.5,16.4,2.028,1.19,1.07677964,11.4,0.875806,34.43687539
2023-09-12,57.07,8.5563632,8.79,7.74,2.77216717,2.4,52.62721919,17.76566682,10.375,9.49866667,46.150002,6.37874565,3.29,28.799999,5.57,6.17,4.12666254,15.71,2.12,11.44,14.39250094,0.237,117.6,10.26,16.25,2.014,1.17,1.07181752,11.57,0.875806,34.18312965
2023-09-13,56.599998,8.70876661,8.86,7.77,2.72774142,2.43,52.01813071,18.03326683,10.49,9.28,46.470001,6.31551149,3.28,28.1,5.54,6.1,4.04332929,15.6,2.09,11.48,14.47499944,0.235,117.63,10.3,16.26,2.005,1.155,1.0668554,11.43,0.875806,34.43687539
2023-09-14,56.5,8.70876661,8.9,8.01,2.76328202,2.44,52.63631282,18.11503424,10.4049995,9.376,46.650002,6.44197981,3.3,28.52,5.63,6.2,4.07999592,15.75,2.1,11.312,14.55000019,0.235,119.0,10.5,16.450001,2.003,1.185,1.07181752,11.83,0.894845,34.17406791
2023-09-17,58.0,9.01357344,8.79,7.92,2.72774142,2.43,53.4090375,18.21166684,10.3549995,9.296,46.75,6.50521396,3.24,28.9,5.56,6.29,4.10666256,15.77,2.09,11.512,14.58750094,0.237,120.0,10.61,16.389999,2.04,1.2,1.11151446,13.21,0.880566,33.76626219
2023-09-18,59.490002,8.8248835,8.83,7.79,2.87878899,2.41,53.36358391,18.33803349,10.3500005,9.296,47.080002,6.5210225,3.25,28.65,5.55,6.27,4.04999595,15.71,2.12,11.584,14.56500019,0.236,120.95,10.62,16.5,2.11,1.185,1.11647658,13.6,0.885326,35.16186186
2023-09-19,59.200001,8.81762583,8.87,7.79,2.84324838,2.36,53.6544918,18.40493349,10.2650005,9.488,47.040001,6.61587374,3.25,28.780001,5.6,6.25,4.02332931,15.65,2.11,11.48,14.18250019,0.236,121.99,10.89,16.51,2.11,1.21,1.11647658,13.35,0.894845,34.79936862
2023-09-20,62.43,8.71602392,8.9,7.74,2.78993748,2.32,54.20903761,18.70970017,10.3,9.52,47.150002,6.55263958,3.21,29.35,5.54,6.1,4.05999594,15.51,2.09,11.384,14.00250019,0.237,122.73,10.6,15.73,2.06,1.195,1.14128717,13.0,0.88247,34.06531947
2023-09-21,61.700001,8.67248008,9.35,7.61,2.70997112,2.21,53.64539908,18.35290091,10.005,9.97333333,46.5,6.53683183,3.19,29.190001,5.3,5.81,3.98666268,15.36,2.07,10.992,13.62750018,0.233,122.17,10.38,15.51,2.01,1.16,1.11058218,12.89,0.871046,34.54562384
2023-09-24,62.349998,8.74505314,9.59,7.61,2.69220081,2.17,54.40903468,18.4718335,10.0,10.13333333,45.810001,6.62377801,3.18,30.5,5.38,5.9,3.98666268,15.4,2.05,11.024,13.74750018,0.235,126.0,10.6,15.69,2.03,1.16,1.13324712,13.68,0.870094,37.60869334
2023-09-25,67.0,8.81036925,9.53,7.63,2.74551172,2.16,54.64540081,18.21166684,9.9750005,10.18666667,45.880001,7.48534341,3.1,30.75,5.46,5.61,3.91666275,15.02,2.02,10.944,13.51500018,0.235,128.02,10.47,15.68,2.02,1.155,1.1022717,14.0,0.893893,36.91995571
2023-09-26,68.480003,9.39821064,9.53,7.63,2.73662657,2.25,54.5454,18.21166684,10.0,9.97333333,46.630001,7.19288543,3.23,30.4,5.36,5.67,3.91999608,15.07,2.06,10.88,13.50750018,0.234,131.98,10.86,15.65,2.16,1.14,1.08565074,13.96,0.888181,37.29151068
2023-09-27,69.5,9.71753244,9.31,7.6,2.72774142,2.19,54.90903782,18.0258335,10.0,9.968,45.810001,7.60390745,3.14,30.26,5.39,5.65,3.80666286,15.18,2.02,10.832,13.68000018,0.233,136.0,10.7,15.58,2.09,1.145,1.08036225,13.63,0.885326,36.63902286
2023-10-01,67.0,9.56150001,9.6,7.98,2.69220081,2.13,54.5454,17.89946683,10.1099995,9.88266667,45.0,7.92798251,3.22,29.889999,5.17,5.54,3.74999625,14.75,1.99,10.4,13.73249943,0.228,141.00999,10.51,15.31,2.15,1.125,1.08111775,13.75,0.884374,36.15871944
2023-10-02,67.5,9.98242373,9.6,7.98,2.59446415,2.11,54.99085592,18.53873424,10.2200005,9.744,46.110001,8.15720633,3.18,29.16,4.8,5.45,3.64999635,14.35,1.971,10.344,13.50750018,0.226,169.21001,10.79,15.15,2.16,1.125,1.06751879,13.32,0.864382,37.14651339
2023-10-03,67.010002,9.71027477,9.29,7.98,2.55892355,2.1,55.49994359,18.06299941,10.0,9.6,45.009998,7.825227,3.17,28.5,4.63,5.55,3.75332958,14.81,1.865,10.024,13.35749943,0.228,155.2,10.56,15.49,2.12,1.09,1.0629858,13.0,0.862478,37.04682763
2023-10-04,66.209999,9.80099109,8.56,7.98,2.47895718,2.07,55.91812408,17.90690016,10.0,9.54133333,43.98,7.70666296,3.14,27.75,4.68,5.59,3.70999629,15.0,1.92,9.968,13.25250018,0.224,148.60001,10.0,15.37,2.07,1.09,1.05014233,12.99,0.866286,36.24934252
2023-10-08,66.410004,9.70664612,9.06,7.98,2.59446415,2.11,56.0544894,17.51293275,9.9399995,9.54666667,44.02,7.74618431,3.18,28.59,4.67,5.58,3.73666293,15.18,1.999,9.84,13.61250018,0.227,153.0,9.99,15.13,2.11,1.105,1.05618632,12.9,0.865334,37.15557608
2023-10-09,67.0,9.39821064,8.85,7.41,2.44341658,1.99,54.5454,17.4683335,9.83,9.088,42.470001,7.43001352,3.05,27.4,4.45,5.4,3.70332963,14.7,1.908,9.28,13.01250017,0.217,145.62,9.5,14.65,2.0,1.05,1.00632344,12.51,0.856767,36.71152151
2023-10-10,65.610001,9.47804136,8.79,7.41,2.45230173,1.99,55.46357908,17.20816682,10.0,9.10933333,41.220001,7.4616306,3.05,27.99,4.42,5.33,3.67332966,14.55,1.896,9.992,13.38750018,0.216,148.00999,9.25,14.86,1.98,1.05,1.01312293,12.5,0.856767,36.7205842
2023-10-11,67.610001,9.82276301,8.97,7.43,2.55003839,2.03,55.11812761,18.1373335,10.1499995,9.06666667,41.32,7.61181172,3.11,28.299999,4.52,5.53,3.67332966,14.9,1.901,10.0,13.84499943,0.217,151.02,9.29,14.94,1.99,1.06,1.01538942,13.2,0.857719,36.70245977
2023-10-12,68.0,9.76107591,8.64,7.37,2.47007203,2.01,54.19085581,17.85486683,10.3199995,8.95466667,41.689999,7.55648183,3.05,27.6,4.52,5.48,3.666663,15.0,1.892,10.008,13.95750094,0.221,151.99001,9.06,14.73,2.0,1.065,1.08413974,13.11,0.861527,37.94399946
2023-10-15,69.809998,10.34166035,8.6,7.31,2.47007203,2.0,54.45449282,18.24883275,10.99,9.22666667,43.52,7.74618431,3.13,27.93,4.5,5.37,3.60332973,14.8,1.872,9.968,13.78499943,0.219,164.50999,9.11,14.99,2.0,1.075,1.08791724,13.15,0.860575,39.76552832
2023-10-16,74.010002,10.34166035,9.06,7.31,2.5678087,2.07,54.09994408,18.16706757,11.5,9.27466667,44.119999,8.07025936,3.05,28.530001,4.46,5.31,3.55666311,14.39,1.903,9.88,14.05500019,0.219,187.60001,9.16,15.9,2.02,1.08,1.12418114,13.07,0.857719,42.04923713
2023-10-17,87.800003,10.88595826,9.37,8.0,2.63000476,2.17,53.64539908,18.50900016,11.75,9.51466667,45.98,9.2084742,3.14,29.620001,4.55,5.47,3.56332977,14.62,1.895,10.4,14.51250019,0.222,188.10001,9.020001,16.200001,2.0,1.08,1.12267015,13.5,0.86343,44.41450727
2023-10-18,88.0,11.97455409,9.85,8.0,2.64777506,2.21,54.27267391,19.99566684,11.9849995,9.88266667,46.0,9.56416634,3.2,30.76,4.96,5.64,3.62666304,15.7,1.951,10.8,14.84999945,0.223,182.64999,9.75,18.52,2.12,1.11,1.13475812,15.56,0.866286,47.23289372
2023-10-19,87.110001,11.97455409,10.26,7.99,2.70997112,2.2,54.3363093,20.29299943,12.0,10.21333333,44.959999,10.40201893,3.23,31.5,5.0,5.56,3.56332977,15.84,1.959,10.824,14.7450002,0.221,179.0,9.26,17.6,2.1,1.105,1.1400466,15.4,0.879614,43.58077235
2023-10-22,84.809998,11.43025618,10.51,7.83,2.68331566,2.21,53.63631,19.32666684,11.875,9.87733333,43.259998,10.6707641,3.18,30.83,5.0,5.56,3.51999648,15.6,2.09,10.864,14.6400002,0.22,176.0,9.08,16.940001,2.12,1.09,1.17479951,15.73,0.888181,42.82859782
2023-10-23,85.510002,11.79312145,10.61,7.83,2.72774142,2.23,53.63631,20.65723427,11.9799995,9.85066667,46.029999,10.90789219,3.21,30.879999,5.15,5.63,3.61999638,15.7,2.1,10.76,14.70750095,0.227,186.11,9.57,17.860001,2.16,1.115,1.1808435,17.01,0.890085,44.36919478
2023-10-24,92.110001,11.84755197,11.49,7.8,2.72774142,2.21,52.77267359,20.29299943,12.9049995,9.72266667,53.990002,11.50071241,3.24,30.809999,5.18,5.88,3.56999643,15.47,2.17,10.904,14.84250095,0.225,184.11,9.62,17.51,2.14,1.125,1.18764298,16.950001,0.894845,44.14263711
2023-10-25,89.25,12.37733491,12.16,7.8,2.64777506,2.17,52.45449391,18.06299941,12.705,9.58933333,63.25,11.38214837,3.23,31.07,5.06,5.83,3.54332979,15.66,2.12,10.808,15.22499945,0.226,182.60001,9.68,17.549999,2.11,1.115,1.16800003,19.25,0.889133,43.95232732
2023-10-26,96.199997,12.91074723,12.08,9.36,2.69220081,2.27,52.7454018,18.37519942,13.71,9.86666667,67.800003,11.30310567,3.48,32.189999,5.26,5.96,3.7333296,16.469999,2.3,11.136,15.84,0.23,179.00999,10.64,19.98,2.31,1.195,1.18613199,23.1,0.88723,48.59224358
2023-10-29,92.0,12.518852,11.69,10.17,2.70108596,2.35,53.99994782,18.85093425,13.385,9.84,67.099998,10.86837084,3.58,32.25,5.46,5.98,3.95999604,16.91,2.24,11.2,16.309999,0.235,178.00999,10.29,19.16,2.44,1.175,1.19897545,25.25,0.894845,47.57726253
2023-10-30,86.0,12.61682563,11.32,9.53,3.12757322,2.39,54.32721658,18.62793276,13.3900005,9.83466667,70.440002,10.42573173,3.58,33.040001,5.44,6.44,4.21666245,17.309999,2.32,11.2,16.59,0.235,175.3,10.26,19.129999,2.56,1.175,1.20124195,23.85,0.889133,47.64069849
2023-10-31,87.0,12.88171728,11.9,9.15,3.15422868,2.42,55.36358282,20.79103278,13.5,9.76533333,71.559998,11.0343605,3.5,32.700001,5.41,6.23,4.04332929,17.0,2.33,11.232,16.540001,0.261,170.55,10.18,18.65,2.47,1.185,1.18990948,25.02,0.893893,46.21791171
2023-11-01,77.0,11.98543969,11.25,9.020001,3.13645837,2.25,54.86357968,19.54966609,13.495,9.37066667,67.0,9.730156,3.43,34.0,5.16,5.91,3.91666275,16.700001,2.37,10.968,16.17,0.253,167.95,9.9,18.5,2.41,1.14,1.16422254,22.51,0.884374,43.39952526
2023-11-02,75.709999,11.96729679,11.51,9.18,3.12757322,2.25,55.54539718,18.76916684,13.2299995,9.69066667,65.82,9.64320903,3.45,32.950001,5.14,5.9,3.87999612,16.549999,2.44,10.856,16.18,0.245,168.11,9.48,19.0,2.64,1.21,1.14911258,22.4,0.866286,42.75609917
2023-11-05,74.900002,12.03986984,11.28,9.18,3.14534352,2.42,56.08176119,19.32666684,13.25,9.70133333,67.459999,9.81710297,3.45,33.450001,5.31,6.04,3.9333294,17.0,2.53,11.464,16.0,0.254,167.75,9.43,18.9,2.64,1.2,1.15591206,22.450001,0.864382,43.17296663
2023-11-06,77.0,12.518852,11.2,9.23,3.42078321,2.54,57.26358092,19.69833352,13.7700005,9.79733333,68.5,10.04632679,3.54,34.299999,5.35,6.14,3.91666275,17.83,2.53,11.608,16.5,0.274,168.44,9.63,18.73,2.64,1.215,1.15289007,22.940001,0.852959,43.75295676
2023-11-07,77.199997,12.56602485,10.27,9.48,3.34081685,2.46,57.63630782,19.40100018,14.25,9.81333333,69.050003,9.90404993,3.55,33.810001,5.6,6.23,3.88999611,17.9,2.45,11.552,16.809999,0.276,177.25,9.69,18.17,2.66,1.23,1.15440107,22.549999,0.852959,43.9342029
2023-11-08,78.5,12.65674117,10.18,9.91,3.349702,2.55,59.63630218,20.00310018,14.0600005,9.33333333,72.599998,10.25974207,3.68,33.799999,5.6,6.29,3.94999605,18.4,2.45,11.264,17.290001,0.276,178.0,9.76,17.809999,2.7,1.23,1.21559641,22.0,0.847247,43.04609376
2023-11-09,80.0,13.39698525,10.16,9.75,3.3319317,2.49,63.72720718,19.99566684,14.5,9.38133333,77.699997,10.5917214,3.67,33.849998,5.45,6.13,3.91332942,18.16,2.49,11.2,17.25,0.269,172.75999,9.76,18.120001,2.63,1.21,1.17706601,22.6,0.828208,42.75609917
2023-11-12,82.209999,13.42601519,9.95,9.74,3.32304655,2.45,66.36357,20.07000018,15.0,9.024,76.019997,10.81304095,3.74,35.119999,5.2,6.26,3.84999615,17.870001,2.39,11.248,17.379999,0.293,171.69,9.61,17.879999,2.59,1.185,1.16271155,23.0,0.821544,43.24546528
2023-11-13,81.639999,12.93251806,9.770001,9.68,3.26085049,2.38,64.69084804,20.09230092,14.8500005,8.96,74.529999,10.55220005,3.75,34.0,4.94,6.2,3.6999963,17.690001,2.32,11.152,17.629999,0.322,168.02,9.48,18.219999,2.63,1.24,1.13400262,22.879999,0.828208,43.40858795
2023-11-14,79.0,12.62771122,9.72,9.61,3.26973564,2.39,64.36357473,21.55666686,14.75,8.81066667,75.370003,10.29135915,3.72,38.200001,4.9,6.14,3.59332974,17.700001,2.48,11.208,17.58,0.32,168.99001,9.47,17.709999,2.6,1.255,1.14684609,22.959999,0.825352,42.3845442
2023-11-15,81.25,12.73294252,10.02,9.61,3.3141614,2.38,63.181755,21.00660019,14.5550005,8.48,74.800003,10.30716769,3.72,36.700001,4.82,6.18,3.53999646,17.77,2.44,11.152,17.49,0.348,165.08,9.68,17.860001,2.65,1.225,1.1423131,24.120001,0.8244,42.56579034
2023-11-16,82.0,12.58416775,9.88,9.61,3.32304655,2.4,64.72720527,20.59033427,14.75,8.90133333,75.599998,10.27555061,3.73,35.650002,4.92,6.42,3.54666312,17.549999,2.41,11.12,17.950001,0.363,165.55,9.71,18.0,2.8,1.235,1.1408021,24.51,0.804409,42.40266863
2023-11-19,83.550003,12.84543148,9.88,9.89,3.40301291,2.52,65.45448,20.77616759,14.8199995,9.072,75.230003,10.37830612,3.77,36.360001,5.05,6.66,3.6333297,17.68,2.43,11.208,17.83,0.369,171.7,10.25,18.309999,2.94,1.29,1.14382409,24.42,0.773946,43.04609376
2023-11-20,85.349998,13.16838121,10.22,10.14,3.37635746,2.57,67.96357022,20.81333352,14.7749995,9.2,77.080002,10.58381713,3.75,36.299999,5.12,6.55,3.63666303,17.77,2.5,11.176,17.540001,0.372,175.09,10.23,18.33,2.87,1.31,1.14835708,24.860001,0.776802,43.59889678
2023-11-21,84.989998,12.92889013,10.11,9.88,3.2963911,2.49,68.49992968,20.81333352,14.675,9.27466667,76.809998,10.37040185,3.68,35.68,5.05,6.38,3.56999643,17.91,2.53,11.488,17.74,0.36,171.27,10.11,17.9,2.84,1.28,1.16271155,24.030001,0.797745,42.19423442
2023-11-22,85.43,13.14660893,10.0,9.66,3.23419504,2.52,67.71811228,20.81333352,14.545,9.33333333,70.599998,10.52058297,3.7,37.299999,4.96,6.66,3.5666631,17.860001,2.6,11.64,17.57,0.432,175.0,10.13,17.9,2.86,1.295,1.19973095,24.0,0.787273,42.6654761
2023-11-23,84.330002,13.24821048,10.06,9.93,3.30527625,2.56,68.59083777,20.30786685,14.615,9.60533333,70.93,10.45734881,3.76,37.009998,5.24,6.65,3.6999963,18.219999,2.64,12.08,18.209999,0.435,183.0,10.39,17.84,2.99,1.3,1.21030792,25.0,0.765378,42.61110188
2023-11-26,84.25,13.91951233,10.11,9.94,3.35858715,2.64,72.09083973,20.07000018,15.0,9.55733333,68.730003,10.44944454,3.79,36.77,5.32,6.69,3.6999963,18.82,2.62,12.992,18.370001,0.465,185.07001,10.5,18.200001,3.03,1.355,1.2178629,24.51,0.77585,42.52047881
2023-11-27,84.0,14.4601805,10.05,9.82,3.30527625,2.71,70.66356843,20.21866759,15.0,9.30666667,67.910004,10.3308805,3.9,36.799999,5.16,6.8,3.62666304,19.049999,2.64,12.76,18.209999,0.504,186.28,10.53,18.67,2.99,1.34,1.22466239,24.379999,0.772042,43.00078223
2023-11-28,82.0,14.19528921,9.95,9.87,3.24308019,2.85,76.41810358,19.87673351,14.5950005,9.488,68.879997,10.14117803,3.99,36.459999,5.2,7.45,3.69332964,19.459999,2.67,13.12,18.870001,0.487,192.0,11.96,19.07,3.02,1.35,1.25034932,24.52,0.76157,42.3120446
2023-11-29,79.25,14.02474362,9.91,9.69,3.13645837,2.8,72.7272,19.0070335,14.7299995,9.38666667,67.5,10.15698656,4.13,36.200001,5.2,7.2,3.60332973,19.23,2.78,12.704,19.67,0.488,198.00999,12.0,18.469999,3.03,1.35,1.28056925,23.66,0.751099,41.68674389
2023-11-30,80.0,13.91588259,10.25,9.59,2.97652565,2.7,70.90902,19.47533425,14.6800005,9.44,65.110001,9.88824139,3.99,35.799999,5.25,7.78,3.51999648,18.75,2.75,12.296,19.66,0.462,188.06,11.83,18.0,2.88,1.405,1.23826135,23.01,0.731108,40.32739402
2023-12-03,79.349998,13.99208539,10.63,9.68,3.01206626,2.79,70.18174527,19.2523335,14.75,9.45066667,67.269997,9.96728409,4.06,35.990002,5.32,7.95,3.5333298,18.459999,2.7,12.496,19.379999,0.443,187.00999,13.0,18.23,2.86,1.47,1.26319279,22.25,0.733012,40.4180171
2023-12-04,77.209999,13.78888047,10.87,9.71,3.01206626,2.95,68.74538853,19.34896758,14.285,9.45066667,66.760002,9.95937982,4.14,36.0,5.3,8.53,3.52666314,18.5,3.12,12.56,20.9,0.427,182.37,12.89,18.01,2.97,1.41,1.34478658,23.49,0.762522,39.76552832
2023-12-05,78.050003,14.21343212,10.75,9.89,3.18088413,3.07,70.64538299,19.98079944,14.5,10.34666667,66.870003,10.03051825,4.55,37.52,5.61,8.99,3.67332966,18.75,3.2,13.144,21.209999,0.459,187.62,13.35,18.299999,3.11,1.425,1.43544635,24.299999,0.759666,39.76552832
2023-12-06,77.809998,13.86508181,10.58,9.81,3.18088413,3.13,70.31810968,19.92133277,14.455,10.66666667,65.5,9.96728409,4.42,37.419998,5.61,8.65,3.78666288,18.51,3.35,13.008,20.82,0.464,187.03,12.85,18.9,3.07,1.425,1.43544635,23.690001,0.740627,39.14022761
2023-12-07,73.5,13.69816415,10.22,9.83,3.09203262,3.01,69.59084223,19.92133277,14.6499995,10.30933333,64.949997,9.73806027,4.32,36.790001,5.66,8.7,3.68332965,17.9,3.38,12.776,20.6,0.428,184.0,12.51,18.139999,3.14,1.355,1.42033639,23.219999,0.728252,37.87150081
2023-12-10,74.830002,13.78888047,10.22,9.58,3.13645837,2.96,69.81811473,19.99566684,15.0,10.30933333,62.919998,9.61159196,4.31,36.060001,5.79,8.58,3.6333297,17.5,3.45,12.384,19.93,0.433,177.63,12.94,18.09,3.07,1.35,1.38558348,23.18,0.747291,38.7958588
2023-12-11,71.0,13.64736337,9.93,9.94,3.00318111,2.85,68.19992907,20.04769944,14.76,10.352,62.549999,9.26380409,4.34,35.84,5.85,8.6,3.63999636,17.6,3.18,12.416,20.17,0.404,174.17,12.05,17.75,2.9,1.355,1.378784,22.74,0.743483,38.58742555
2023-12-12,71.5,13.40424291,9.6,9.69,2.91432959,2.79,69.89992919,19.94363351,14.83,10.24,59.59,8.93182476,4.25,35.849998,6.03,8.69,3.74999625,17.52,3.19,12.056,19.440001,0.396,173.00999,11.6,17.1,2.95,1.335,1.33420961,22.09,0.743483,37.81712659
2023-12-13,71.900002,13.02686412,9.53,9.44,2.89655929,2.75,68.96356831,20.07000018,15.51,9.85066667,59.919998,8.99505892,4.13,36.490002,6.0,8.58,3.72666294,17.32,3.09,12.016,19.200001,0.387,174.12,11.51,16.959999,2.9,1.33,1.30474518,22.030001,0.746339,39.01335474
2023-12-14,78.050003,13.15386624,9.96,9.35,2.90544444,2.79,68.90902473,21.22216611,15.7,9.99466667,61.810001,9.64320903,4.16,36.709999,5.91,8.81,3.78332955,17.4,3.34,12.768,19.4,0.395,177.07001,11.85,17.49,2.99,1.375,1.39691595,23.290001,0.756811,38.88648187
2023-12-17,76.940002,13.61107576,9.86,9.46,3.03872171,2.82,68.45447973,20.81333352,16.5249995,9.89866667,62.970001,9.52464499,4.14,36.700001,5.93,8.91,3.77666289,17.4,3.28,12.792,19.58,0.405,180.0,11.9,17.74,3.0,1.39,1.39464946,22.75,0.763474,37.33682317
2023-12-18,76.709999,14.67427138,9.99,9.63,3.00318111,2.78,68.49992968,20.64236685,17.215,9.696,66.0,9.57997488,4.23,36.759998,5.91,9.24,3.7999962,17.450001,3.31,13.5520008,21.690001,0.406,179.91,12.4,17.889999,3.01,1.4,1.375762,22.950001,0.776802,38.02555984
2023-12-19,78.099998,14.95004971,10.06,9.82,2.99429595,2.77,70.18174527,21.09579944,17.4300005,10.28266667,66.389999,9.88033712,4.22,37.59,6.09,9.6,3.8999961,17.67,3.25,14.5600008,22.68,0.429,180.53999,12.86,17.940001,3.08,1.415,1.37500651,23.52,0.77109,38.09805944
2023-12-20,78.010002,15.04076603,9.97,9.74,2.91432959,2.76,68.45447973,20.59033427,17.2800005,9.92,64.540001,10.44154027,4.14,37.900002,5.91,9.28,3.82999617,17.6,3.21,13.6960008,21.92,0.417,180.16,12.31,17.6,3.02,1.4,1.32363264,25.0,0.769186,38.14337098
2023-12-21,77.139999,14.73232946,9.96,9.93,2.92321474,2.74,67.27266,20.15176759,16.7250005,10.08,63.919998,10.08584814,4.1,38.41,5.86,9.21,3.7666629,17.52,3.18,13.6399992,21.83,0.407,176.61,12.23,17.639999,2.96,1.375,1.26848128,25.27,0.76157,38.06180964
2023-12-24,77.0,14.47832522,9.83,9.68,2.87878899,2.66,65.71811701,19.58683351,16.0,9.664,63.0,10.23602926,3.89,37.48,5.8,8.770001,3.62332971,17.200001,3.1,13.3520008,22.799999,0.401,176.66,11.9,17.1,2.81,1.38,1.22919538,24.299999,0.763474,36.11340791
2023-12-25,76.0,13.90499736,9.34,9.6,2.76328202,2.6,63.6363,19.43073276,16.4349995,9.168,62.0,10.14908229,3.78,36.970001,5.52,8.26,3.42666324,16.84,2.99,12.928,23.299999,0.379,171.87,11.38,16.700001,2.74,1.345,1.22919538,23.66,0.767282,35.75091372
2023-12-26,77.010002,14.51461102,9.16,9.63,2.79882263,2.71,65.89993228,19.66116759,15.995,9.35466667,61.68,10.06213533,3.87,36.610001,5.55,8.23,3.44999655,16.719999,2.99,12.872,22.950001,0.397,179.89999,11.12,16.549999,2.75,1.345,1.21559641,25.200001,0.769186,35.32498453
2023-12-27,79.610001,13.78888047,9.38,9.5,2.94098505,2.65,64.89993419,19.17799943,16.049999,9.32266667,61.779999,10.0700396,3.83,35.43,5.43,7.94,3.38332995,16.450001,3.06,12.472,21.9,0.393,178.0,10.9,16.0,2.65,1.31,1.2208849,24.5,0.768234,34.7449944
2023-12-28,82.629997,13.64373363,9.91,9.57,2.94098505,2.7,65.36357282,19.89160017,15.9849995,9.32266667,62.650002,10.72609398,3.79,35.610001,5.46,8.23,3.46332987,16.690001,3.14,12.672,22.1,0.391,181.0,11.29,16.709999,2.69,1.335,1.31305566,24.16,0.769186,34.52749846
2023-12-31,83.349998,14.16626072,9.84,9.64,2.9854108,2.7,66.30902642,20.86536685,15.8500005,9.33333333,64.400002,10.5126787,3.73,36.669998,5.5,8.12,3.44332989,16.67,3.16,12.64,22.049999,0.388,181.71001,11.35,16.969999,2.68,1.345,1.28812423,23.85,0.752051,35.43373202
2024-01-02,84.0,14.51098309,9.86,10.0,2.9676405,2.71,66.04539032,21.11066686,15.59,9.33333333,64.860001,10.71028544,3.74,37.650002,5.51,7.9,3.4666632,16.32,3.14,12.536,21.719999,0.387,180.17,11.1,16.91,2.66,1.395,1.24657183,24.15,0.748243,36.50308826
2024-01-03,83.400002,14.22794709,10.06,11.14,3.14534352,2.83,68.08174919,23.04333354,15.9300005,9.44,66.129997,10.73399825,3.95,38.5,5.67,8.39,3.57332976,17.02,3.24,12.92,22.129999,0.425,181.86,11.42,17.200001,2.88,1.415,1.29567921,24.33,0.752051,36.92901745
2024-01-04,83.510002,13.97031311,10.05,11.62,3.23419504,2.95,67.18175282,23.05820021,15.9799995,9.648,65.209999,10.63124275,3.93,38.310001,5.72,8.79,3.5999964,16.85,3.26,13.0960008,22.5,0.414,183.0,11.6,17.280001,2.9,1.45,1.30550068,24.24,0.750147,36.61183575
2024-01-08,82.0,13.92676964,10.03,11.0,3.14534352,2.92,68.18175,22.52299945,16.0,9.43466667,64.099998,10.48896589,3.87,38.240002,5.61,9.0,3.64332969,16.9,3.35,13.192,22.27,0.418,183.0,11.49,17.129999,2.95,1.465,1.30852267,23.99,0.749195,36.62089844
2024-01-09,82.199997,14.15537367,9.97,10.95,3.10091777,2.96,67.9544775,22.37433354,16.290001,9.46666667,63.209999,10.47315735,3.91,37.959999,5.55,8.99,3.64666302,17.26,3.33,12.9600008,21.93,0.44,180.86,11.49,17.299999,3.1,1.755,1.30927817,23.65,0.752051,36.61183575
2024-01-10,84.949997,14.51461102,10.13,10.68,3.19865443,2.95,67.88174848,22.99130021,16.1900005,9.6,63.360001,10.54429578,4.06,38.330002,5.7,8.98,3.73666293,17.290001,3.38,13.0,21.66,0.441,181.11,11.7,17.16,3.08,1.815,1.34100909,23.879999,0.774898,37.02870321
2024-01-11,85.610001,15.00447842,10.17,10.58,3.18088413,2.91,66.68174968,22.48583354,16.2700005,9.70666667,63.27,10.5917214,4.02,38.080002,5.64,8.95,3.69666297,17.1,3.31,13.4320008,22.08,0.438,181.44,11.65,17.139999,3.14,1.74,1.39767145,23.91,0.799649,37.25526184
2024-01-14,87.589996,14.97544992,10.1,10.49,3.10091777,2.89,67.09993108,22.42636687,16.3500005,9.68533333,65.0,10.63124275,3.98,38.299999,5.7,9.03,3.666663,16.809999,3.28,13.608,22.4,0.432,184.35001,11.74,17.66,3.2,1.735,1.39464946,23.6,0.810121,37.73556525
2024-01-15,89.099998,15.07342391,10.15,10.75,3.14534352,2.91,67.41811804,23.04333354,16.4349995,9.76,66.970001,10.82884949,4.13,38.310001,5.74,9.09,3.7999962,17.08,3.3,13.68,22.48,0.431,186.0,11.85,18.34,3.32,2.07,1.40069344,25.01,0.815832,37.92587504
2024-01-16,89.309998,15.33468582,10.13,10.62,3.15422868,2.9,68.72720218,24.15833356,16.6550005,9.70666667,70.169998,10.74980679,4.11,38.599998,5.75,9.1,3.70666296,17.15,3.28,13.68,22.25,0.44,186.0,12.15,17.969999,3.33,2.015,1.43091336,25.32,0.818688,37.8080639
2024-01-17,90.0,16.3470803,10.5,10.46,3.34081685,2.94,69.53629228,25.60039948,16.6100005,9.77066667,84.199997,10.74980679,4.15,39.5,5.78,9.35,3.74332959,17.4,3.35,13.9119992,22.6,0.44,186.60001,12.44,18.98,3.35,2.105,1.42638038,28.299999,0.809169,40.23677
2024-01-18,90.0,15.96607212,10.4,10.4,3.25196534,2.89,68.26356446,25.57066838,16.2749995,9.99466667,80.5,10.5917214,4.06,39.82,5.64,9.43,3.71666295,17.299999,3.44,13.7520008,22.110001,0.435,192.0,12.2,18.700001,3.27,2.01,1.40900392,28.0,0.799649,39.34866086
2024-01-21,90.0,16.51037004,10.37,10.39,3.27862079,2.9,68.49083696,25.06520097,16.34,10.02666667,92.599998,10.53639151,4.07,38.900002,5.61,9.3,3.69666297,17.34,3.4,13.792,22.200001,0.434,190.50999,12.29,18.959999,3.46,2.055,1.4180699,28.1,0.799649,40.50864017
2024-01-22,94.0,16.95669432,10.94,10.46,3.26973564,2.98,68.09084282,27.33236691,16.004999,9.86666667,104.3,12.63892725,4.09,39.459999,5.79,9.65,3.82999617,18.0,3.44,14.1119992,22.790001,0.436,192.09,13.18,20.469999,3.58,2.02,1.43620185,31.48,0.811072,42.90109647
2024-01-23,94.0,17.05466795,10.78,10.43,3.49186442,3.05,69.99993,26.98299949,16.120001,9.62133333,98.519997,12.77329984,4.04,39.049999,5.7,9.5,3.77332956,17.940001,3.37,14.136,22.610001,0.434,194.06,13.15,19.99,3.49,2.0,1.43544635,32.849998,0.805361,42.59297746
2024-01-24,92.019997,16.82243454,10.56,10.2,3.50074957,2.92,69.99993,25.65243208,16.0650005,9.70133333,102.02,12.338565,3.9,37.82,5.51,9.020001,3.66999633,18.0,3.28,13.792,22.26,0.432,193.13,12.43,20.690001,3.38,2.075,1.43544635,32.049999,0.778706,41.45112353
2024-01-28,92.0,17.05104002,10.72,10.2,3.54517533,2.92,68.71810946,26.0166669,15.92,9.62666667,100.94,12.4176077,3.84,38.5,5.44,8.85,3.61666305,18.0,3.26,13.872,22.25,0.428,194.41,12.6,20.49,3.3,2.3,1.4165589,34.75,0.78061,41.83174119
2024-01-29,98.989998,16.6482592,11.36,10.32,3.50963472,2.96,70.36356782,27.16883283,15.6949995,9.58933333,117.0,13.16060905,3.87,39.0,5.46,8.58,3.61666305,18.299999,3.23,13.88,22.49,0.43,203.10001,12.6,23.700001,3.27,2.375,1.41278141,35.040001,0.792033,45.31167814
2024-01-30,106.01,17.308674,11.07,10.3,3.40301291,2.92,76.36356,26.4403669,15.7749995,9.76,114.95,12.97090658,3.81,39.07,5.5,8.93,3.5666631,18.299999,3.18,13.984,22.09,0.433,214.5,12.44,24.799999,3.34,2.57,1.51099616,33.990002,0.78061,45.31167814
2024-01-31,106.7,18.14326377,10.8,10.4,3.41189806,3.01,80.90901,27.65200099,15.63,9.65866667,116.65,12.40179916,3.94,39.32,5.5,8.770001,3.62332971,19.15,3.22,14.32,22.190001,0.435,211.0,13.6,28.52,3.5,2.525,1.64018633,38.950001,0.770138,48.06662863
2024-02-01,96.889999,16.3361947,9.63,9.98,3.01206626,2.71,80.09082718,24.71583356,15.0,9.38666667,102.2,10.931605,3.72,36.560001,5.19,8.03,3.3999966,18.1,2.89,13.264,19.91,0.389,192.0,12.4,24.0,3.13,2.25,1.47397675,33.0,0.752051,43.72576965
2024-02-04,98.949997,16.98209453,10.0,9.99,3.03872171,2.76,77.27265,24.15833356,15.5,9.48266667,114.5,11.30310567,4.09,37.0,5.28,8.18,3.42666324,18.379999,3.0,14.1679992,20.42,0.4,200.0,12.9,24.6,3.22,2.285,1.51855114,33.900002,0.760618,40.10989713
2024-02-05,91.309998,16.19104823,9.770001,9.7,3.02983656,2.72,73.76356169,24.2326654,15.505,9.42933333,129.7,10.90789219,4.9,36.889999,5.19,8.0,3.5333298,18.200001,3.33,15.592,19.969999,0.4,195.0,12.7,22.25,3.46,2.22,1.79053045,34.0,0.753003,39.23991337
2024-02-06,91.0,17.23610059,9.84,9.96,3.13645837,2.82,70.81811282,24.0840017,16.245001,9.70666667,123.99,11.01855196,5.31,37.009998,5.35,8.46,3.71999628,18.209999,3.46,15.0,21.129999,0.405,193.58,13.6,22.25,3.61,2.35,1.74520056,37.5,0.760618,44.26044729
2024-02-07,85.029999,16.87686324,9.47,9.91,3.03872171,2.73,67.29083907,23.04333354,16.504999,9.65333333,122.01,10.74980679,6.2,37.790001,5.5,8.32,3.64999635,18.799999,3.42,14.9119992,20.67,0.402,193.5,13.2,20.790001,3.65,2.215,1.69987068,44.599998,0.752051,45.7647954
2024-02-08,86.650002,16.87323531,9.8,9.99,3.02983656,2.67,70.54538218,23.3332328,16.6499995,9.568,118.05,10.6707641,6.05,39.709999,5.42,7.8,3.68999631,18.959999,3.25,14.32,20.620001,0.4,196.28,13.41,22.5,3.55,2.175,1.66209578,46.0,0.742531,46.21791171
2024-02-11,89.0,17.06192525,9.9,10.14,3.07426232,2.73,73.17265228,24.1137328,16.75,9.58933333,115.8,10.79723241,5.89,41.580002,5.48,7.93,3.7666629,19.01,3.43,14.8399992,20.870001,0.399,199.28999,13.8,22.66,3.56,2.22,1.83586033,43.0,0.752051,48.33849784
2024-02-12,90.5,17.07644023,9.69,10.29,3.00318111,2.82,72.31811223,23.93533429,16.6550005,9.28533333,123.7,10.5917214,6.03,40.560001,5.36,7.75,3.75666291,18.9,3.39,14.6399992,20.52,0.392,195.48,13.39,22.790001,3.54,2.225,1.82830535,43.25,0.748243,47.09695816
2024-02-13,90.239998,17.09821142,9.6,10.32,3.01206626,2.8,75.56356353,23.41500022,16.1049995,9.44,121.12,10.52058297,6.69,40.0,5.3,7.75,3.71332962,19.02,3.41,14.464,20.059999,0.39,193.25,13.2,24.42,3.65,2.205,1.73764558,45.200001,0.742531,45.33886526
2024-02-14,90.0,17.14538427,9.71,10.54,3.00318111,2.94,73.69083358,23.78666688,17.75,9.728,118.42,10.55220005,6.62,39.84,5.68,8.3,3.74999625,18.950001,3.81,16.416,20.459999,0.394,196.45,13.02,24.139999,3.65,2.345,1.94163007,45.549999,0.742531,45.22105507
2024-02-15,91.150002,17.64976664,10.18,10.31,3.10980292,3.38,74.53628728,23.82383281,17.700001,9.73866667,120.5,10.74980679,6.55,40.509998,5.71,8.28,3.81666285,19.700001,3.82,17.3520008,21.370001,0.441,197.00999,13.22,24.1,3.69,2.385,2.00206991,44.419998,0.738723,45.31167814
2024-02-18,90.800003,17.83845694,10.05,10.23,3.15422868,3.51,73.63629,23.97250022,17.5300005,9.85066667,122.7,10.98693488,6.88,40.16,5.85,8.29,3.97666269,19.780001,4.05,17.6240008,21.6,0.471,198.99001,13.62,24.0,3.76,2.42,2.11539462,45.259998,0.749195,46.21791171
2024-02-19,90.959999,18.05254746,9.91,10.32,3.3319317,3.48,73.93629152,23.78666688,18.035,9.86666667,119.92,10.98693488,6.82,40.16,5.82,8.5,4.08332925,20.299999,3.89,17.6960008,22.379999,0.464,196.94,13.56,25.209999,3.71,2.43,2.00962489,45.25,0.755859,47.12414527
2024-02-20,90.0,17.94731616,10.05,10.23,3.26973564,3.44,74.999925,23.90560022,17.8449995,9.82933333,119.06,10.89998792,7.03,40.610001,5.8,8.96,4.17999582,20.1,3.81,17.6399992,22.290001,0.472,200.99001,14.61,24.6,3.85,2.365,1.96429501,48.310001,0.76157,48.02131615
2024-02-21,89.269997,17.79128409,10.0,10.22,3.15422868,3.52,73.63629,24.1137328,18.0149995,9.68533333,117.98,10.80513668,7.0,41.5,5.83,8.68,4.19332914,20.200001,4.05,17.52,22.15,0.473,204.02,14.9,24.4,4.24,2.32,2.22116436,48.0,0.76157,47.07883373
2024-02-22,88.82,17.70782508,9.93,10.17,3.11868807,3.46,73.19992407,24.53000022,18.115,9.44,118.69,10.75771106,6.8,41.369999,5.75,8.6,4.2333291,20.049999,3.95,17.328,22.540001,0.496,201.07001,14.61,24.879999,4.24,2.295,2.32693409,48.060001,0.752051,46.77071377
2024-02-25,90.82,17.41753322,9.96,11.01,3.10980292,3.38,73.59083277,25.4591669,17.9400005,9.35466667,123.55,10.82884949,6.84,41.290001,5.71,8.55,4.10666256,20.049999,4.0,17.32,25.950001,0.486,198.06,14.2,25.35,4.48,2.295,2.27404922,47.099998,0.747291,46.21791171
2024-02-26,72.790001,17.05466795,9.0,12.71,2.95875535,3.2,66.36357,24.53000022,21.5249995,9.46666667,104.11,10.08584814,8.0,38.5,5.69,8.8,3.94999605,18.6,3.83,17.72,25.110001,0.461,237.67,15.0,20.940001,4.94,2.09,2.49314366,56.52,0.847247,40.64457572
2024-02-27,72.209999,17.14538427,9.32,13.05,2.9854108,3.25,67.727205,26.20993208,20.4349995,11.2,104.0,9.81710297,7.93,40.5,6.67,10.25,3.94999605,18.6,3.8,17.4479992,24.73,0.462,260.0,15.05,20.799999,5.06,2.175,2.36470899,62.259998,0.883422,39.87427677
2024-02-28,69.709999,16.87323531,9.2,15.66,3.02095141,3.34,67.99084201,25.29563282,19.6949995,11.46133333,102.99,9.74596454,7.7,40.709999,7.21,10.35,4.08666258,19.4,3.65,16.744,26.700001,0.457,293.25,16.09,19.620001,5.1,2.49,2.22116436,64.5,0.862478,40.68988726
2024-02-29,66.300003,16.30353683,9.270001,16.0,2.9498702,3.1,67.26356728,25.19900171,18.785,11.76,105.0,9.48512364,6.92,40.509998,7.55,10.03,4.0333293,19.0,3.6,16.792,25.709999,0.442,297.0,14.81,18.52,4.83,2.37,2.19094443,66.0,0.87295,41.69580658
2024-03-03,67.0,16.12936186,9.24,16.040001,2.91432959,3.2,66.45447718,26.88636542,19.0,11.49866667,107.99,9.4693151,6.85,38.599998,7.4,9.89,4.02332931,18.809999,3.8,16.0,25.040001,0.443,289.0,14.43,18.959999,4.77,2.395,2.19094443,66.900002,0.871046,40.78051033
2024-03-04,63.799999,15.62134975,8.92,15.71,2.94098505,3.13,64.78175522,26.24710098,18.7649995,12.912,107.3,9.1294315,7.22,39.41,7.55,9.84,4.06999593,19.01,3.65,15.8880008,24.43,0.425,319.98999,14.19,18.41,4.84,2.535,2.16072451,72.800003,0.869142,40.59926324
2024-03-05,68.0,16.90589319,9.35,15.69,3.13645837,3.3,67.73629772,25.87543432,18.5,12.53866667,107.79,9.72225173,7.4,39.080002,7.55,11.51,4.45999554,20.0,3.68,15.8,24.0,0.434,310.20001,15.0,19.719999,4.98,2.5,2.19094443,84.029999,0.854863,42.54766592
2024-03-06,69.529999,16.50311273,9.25,15.89,3.04760686,3.41,69.09084,25.71933208,18.1800005,12.8,106.3,9.57207061,7.08,38.650002,7.51,11.32,4.44666222,20.700001,3.72,15.6880008,23.809999,0.433,310.0,14.64,19.49,4.86,2.605,2.22116436,79.989998,0.847247,40.5539517
2024-03-07,70.0,18.50250112,9.37,13.54,2.97652565,3.13,68.90902473,26.7525684,17.1550005,11.2,101.98,9.72225173,6.41,38.970001,6.8,11.4,4.09666257,20.15,3.4,15.4880008,22.690001,0.45,310.0,13.85,20.49,4.3,2.51,2.0851747,71.510002,0.847247,40.5902015
2024-03-10,69.0,20.3168275,9.25,12.97,2.97652565,3.11,75.45447,26.38833358,17.495001,12.20266667,104.5,9.47721937,6.54,37.82,7.0,11.5,4.02999597,21.299999,3.26,14.8,22.02,0.448,320.20001,13.54,20.24,4.3,2.45,2.10783964,75.699997,0.856767,42.54766592
2024-03-11,73.010002,20.67969278,9.34,14.54,3.25196534,3.23,80.59083032,25.86056765,17.495001,14.64,104.0,9.57997488,6.73,39.200001,8.4,11.12,4.20332913,22.889999,3.25,15.3600008,22.629999,0.484,319.0,15.0,21.52,4.21,2.53,2.09272968,77.110001,0.891037,40.77144764
2024-03-12,70.050003,20.04830647,9.17,14.2,3.15422868,3.14,87.727185,25.20643356,17.5149995,16.69333333,101.71,9.33494252,6.41,41.0,8.6,11.42,3.99332934,23.0,3.15,15.92,22.209999,0.463,303.0,15.05,20.6,4.04,2.41,2.07006474,73.849998,0.880566,39.29428759
2024-03-13,65.699997,19.2318596,8.9,13.32,3.10091777,3.01,85.46355272,23.63799947,18.75,16.0,96.800003,9.12152723,6.11,39.0,8.35,11.2,3.80332953,22.030001,3.0,18.4,21.530001,0.446,298.0,14.62,19.700001,3.9,2.25,2.00962489,78.0,0.876758,37.97118657
2024-03-14,61.0,17.7803985,8.2,12.8,3.04760686,2.88,79.63628218,21.92833354,17.4400005,14.76266667,92.440002,8.37852588,5.6,39.279999,7.8,11.5,3.51999648,20.530001,2.86,18.1600008,20.549999,0.438,283.47,14.0,18.559999,3.66,2.245,1.97940497,77.980003,0.865334,37.59963065
2024-03-17,63.200001,17.87474275,8.17,13.22,3.14534352,2.98,81.8181,21.9209002,18.3150005,14.29333333,91.419998,8.18091914,5.75,40.099998,8.06,12.65,3.54999645,20.52,2.93,17.784,20.99,0.454,282.5,14.23,18.51,3.74,2.35,2.13805957,77.029999,0.856767,34.70874555
2024-03-18,61.25,17.41753322,7.84,12.96,3.19865443,2.83,83.31810032,20.81333352,18.0,13.49333333,88.150002,8.07025936,5.69,39.459999,8.55,12.8,3.52666314,19.83,2.91,17.6240008,20.57,0.445,282.03,13.79,19.25,3.6,2.25,2.21360937,76.0,0.858671,36.24934252
2024-03-19,61.599998,17.13812696,7.04,11.77,3.02983656,2.6,80.454465,19.77266684,16.7199995,11.568,77.110001,7.35887509,5.07,38.23,8.0,12.0,3.20333013,18.209999,2.66,16.792,18.75,0.385,252.14999,12.05,18.35,3.28,2.09,1.96429501,68.389999,0.842487,35.25248588
2024-03-20,65.099998,16.69180267,7.3,11.15,3.05649201,2.53,77.54537973,19.56453351,16.5,12.79466667,78.160004,7.4616306,5.25,38.0,7.78,11.88,3.28333005,17.719999,2.61,16.0,18.35,0.391,252.5,12.8,18.4,3.3,2.015,1.98695995,64.110001,0.823448,36.31277847
2024-03-21,64.0,16.78251899,7.21,11.39,2.99429595,2.56,77.44537892,19.78010092,16.3500005,12.10666667,83.989998,7.54067329,5.24,37.639999,7.64,12.1,3.26999673,17.74,2.56,15.872,18.389999,0.392,265.01001,12.3,18.799999,3.2,2.1,2.14561455,64.550003,0.82916,36.82933169
2024-03-24,67.099998,16.78251899,7.4,12.33,3.17199898,2.82,77.09083473,19.85443277,15.535,13.25333333,89.0,7.62762026,5.38,37.919998,8.24,13.1,3.35999664,18.5,2.66,15.52,18.950001,0.416,275.0,12.47,19.059999,3.3,2.265,2.19094443,62.400002,0.832968,36.92901745
2024-03-25,68.0,16.3289374,7.75,12.06,3.13645837,2.79,77.09083473,20.21123425,15.785,14.61333333,90.980003,7.65923734,5.5,38.09,8.83,13.0,3.37666329,18.309999,2.69,15.92,19.0,0.437,268.0,12.2,19.6,3.27,2.26,2.15316953,59.799999,0.838679,36.24934252
2024-03-26,68.989998,16.86960738,7.78,12.6,3.16311383,2.81,77.27265,20.73156611,16.24,13.92533333,92.0,7.61971599,6.02,38.5,8.45,13.0,3.4333299,18.9,2.83,16.384,19.0,0.439,270.16,12.71,20.540001,3.64,2.26,2.17583447,60.950001,0.83392,36.27652963
2024-03-27,67.989998,16.50674211,7.6,12.48,3.18088413,2.8,76.27265282,20.44166686,16.995001,13.872,94.5,7.51696048,5.71,38.5,8.39,12.88,3.34999665,18.92,2.77,15.864,19.280001,0.438,265.5,12.3,20.15,3.49,2.47,2.11539462,60.380001,0.837727,36.24934252
2024-03-28,65.019997,15.96244419,7.52,11.4,3.15422868,2.71,75.01810407,20.14433352,16.459999,12.26666667,96.0,7.31935374,5.51,38.299999,8.05,12.2,3.2666634,18.1,2.7,14.992,18.07,0.43,268.14999,11.8,19.35,3.3,2.35,2.16827949,58.98,0.828208,35.36123338
2024-03-31,63.09,15.09519474,7.49,11.54,3.06537716,2.71,72.7272,20.07000018,15.99,11.792,93.360001,7.23240678,5.36,37.779999,7.53,12.32,3.21333012,17.65,2.56,14.1119992,17.790001,0.416,269.10001,11.03,19.030001,3.38,2.325,2.03984482,58.490002,0.837727,35.34310895
2024-04-01,61.5,14.33317838,7.33,10.74,2.89655929,2.62,69.98175093,18.85093425,15.41,11.01866667,91.029999,6.93204532,4.89,35.549999,7.06,11.5,3.02999697,17.35,2.39,13.3600008,16.940001,0.396,267.0,10.58,18.0,3.29,2.12,1.96429501,61.5,0.845343,32.97783976
2024-04-02,66.0,14.80490288,7.56,11.41,3.19865443,2.76,74.54538,19.57196685,15.87,12.31466667,94.110001,7.12965206,5.22,36.040001,7.42,12.07,3.38332995,17.799999,2.5,13.1600008,17.549999,0.414,273.0,11.47,18.5,3.6,2.315,2.03984482,65.209999,0.855815,34.17406791
2024-04-03,65.699997,14.51461102,7.77,11.25,3.10980292,2.75,72.7272,19.77266684,15.88,11.76,92.260002,7.29564093,5.27,36.080002,7.42,11.3,3.39332994,17.32,2.45,13.28,17.51,0.409,276.73001,10.92,18.99,3.58,2.22,2.00962489,64.0,0.854863,34.4278127
2024-04-04,65.0,13.9811987,7.84,11.25,3.14534352,2.75,72.89992892,19.10366759,15.9049995,11.872,92.300003,7.0427043,5.43,36.189999,7.46,11.1,3.45332988,17.15,2.47,12.864,17.549999,0.409,280.0,11.32,18.75,3.56,2.315,1.96429501,64.599998,0.856767,33.55782894
2024-04-07,65.400002,14.22431916,7.95,12.26,3.14534352,2.76,73.8635625,19.69833352,16.2199995,12.08,93.0,7.54067329,5.57,36.360001,7.68,11.9,3.5666631,17.360001,2.51,12.8,18.059999,0.417,284.60001,11.32,19.0,3.61,2.3,1.98695995,68.0,0.855815,33.25877166
2024-04-08,70.25,14.84119049,8.21,12.17,3.06537716,2.76,72.7272,19.52736685,15.6800005,12.112,109.09,8.15720633,5.4,36.5,7.5,11.63,3.4999965,17.15,2.53,12.288,18.379999,0.417,285.01001,11.13,19.01,3.52,2.26,1.94918505,63.5,0.856767,33.82063641
2024-04-15,71.5,14.96093531,8.31,12.24,3.07426232,2.75,72.78174358,19.6165661,16.0200005,12.18133333,108.0,8.52870701,5.41,37.990002,7.49,11.6,3.52332981,17.209999,2.64,12.8479992,18.41,0.421,291.0,11.14,19.799999,3.65,2.27,1.93407508,65.089996,0.856767,35.16186186
2024-04-16,75.5,15.74835368,8.47,13.89,3.09203262,3.29,75.01810407,19.49763351,16.200001,13.62133333,114.0,8.46547285,5.68,39.0,7.77,12.05,3.62666304,17.6,2.81,12.816,19.15,0.434,288.89001,11.9,20.870001,3.85,2.29,1.97184999,68.620003,0.853911,36.07715811
2024-04-17,73.550003,15.49797555,8.35,13.27,3.13645837,3.31,74.54538,19.45303351,16.1499995,13.17333333,111.08,8.32,5.7,38.400002,7.71,11.75,3.65332968,17.76,2.82,13.08,19.18,0.452,284.54999,11.73,21.889999,3.87,2.26,1.99451493,66.870003,0.855815,37.41838355
2024-04-18,72.25,15.23671364,8.35,13.14,3.11868807,3.4,74.63628718,19.89160017,16.004999,13.344,111.03,8.8,5.95,39.0,7.75,11.7,3.72999627,17.610001,2.89,13.12,19.35,0.449,286.70001,12.4,22.08,4.07,2.3,1.97184999,68.57,0.831064,37.89868792
2024-04-21,69.0,14.72144423,7.8,12.92,2.9676405,3.31,72.7272,19.31923351,15.58,13.344,104.04,8.43,5.46,37.5,7.1,10.97,3.47999652,17.1,2.66,12.392,18.03,0.418,270.0,11.9,20.27,3.86,2.155,1.88119022,65.05,0.831064,37.89868792
2024-04-22,69.0,14.96456396,8.03,12.65,3.00318111,3.58,73.7726535,19.65373352,15.655,12.46933333,108.03,8.34,5.56,36.8,7.35,11.0,3.4999965,17.4,2.74,12.32,18.13,0.427,274.0,11.94,20.7,3.94,2.15,1.91896512,64.16,0.845343,36.79308284
2024-04-23,67.32,14.42752263,7.9,12.63,2.95875535,3.49,73.77265532,19.17056759,15.4750005,12.18133333,104.11,8.1,5.41,34.900002,7.08,10.71,3.41666325,17.120001,2.9,11.952,17.93,0.427,266.25,11.97,20.9,3.84,2.11,1.89630018,62.5,0.847247,36.02278389
2024-04-24,63.0,13.42601519,7.27,11.82,2.88767414,3.33,70.48174679,18.67253424,15.0,11.59466667,99.0,7.41,5.15,33.509998,6.47,10.16,3.16333017,16.51,2.82,11.12,17.09,0.412,249.0,10.94,21.0,3.68,1.98,1.79053045,58.5,0.840583,35.25248588
2024-04-28,63.0,12.88897459,7.16,13.1,2.6211196,3.2,67.45447527,18.67253424,14.505,11.62666667,95.120003,7.34,4.87,32.009998,6.1,9.8,3.0999969,16.23,2.58,11.112,16.469999,0.387,236.0,10.38,20.0,3.43,1.93,1.67720574,56.490002,0.828208,34.98061572
2024-04-29,62.900002,12.55150988,7.01,11.85,2.48784234,2.93,64.24538848,17.84000016,13.38,11.46666667,89.900002,7.02,4.42,31.0,5.95,9.3,2.92666374,15.7,2.43,10.4,15.74,0.337,225.03999,9.89,17.799999,3.2,1.79,1.61676589,51.0,0.77109,30.16851505
2024-04-30,64.550003,12.68576967,7.21,12.1,2.59446415,3.08,68.18175,17.84000016,14.5,11.952,93.0,7.07,4.67,32.169998,6.14,10.31,3.10333023,15.94,2.55,11.44,16.030001,0.353,253.89,10.48,18.24,3.36,1.84,1.62432087,58.0,0.773946,31.52786587
2024-05-01,62.200001,11.37582639,6.89,11.12,2.44341658,2.75,65.36357282,16.35333348,13.875,11.99466667,84.0,6.83,4.23,30.91,5.52,10.03,2.90333043,14.8,2.37,11.096,15.39,0.335,250.0,9.8,17.49,3.1,1.68,1.55632604,51.02,0.77109,29.63383741
2024-05-02,62.450001,12.06164248,7.02,11.29,2.585579,2.93,66.37266272,17.10410015,13.7749995,12.64533333,88.610001,7.0,4.55,33.0,5.89,10.46,3.1333302,15.14,2.43,11.888,15.17,0.342,253.0,10.18,17.73,3.2,1.695,1.55632604,55.060001,0.772994,29.86945778
2024-05-07,67.0,12.55513781,7.11,11.57,2.5678087,2.95,66.56357071,18.66510091,14.2250005,13.94666667,90.0,7.03,4.76,36.0,5.93,10.7,3.23666343,15.38,2.46,12.144,15.42,0.346,259.97,10.36,18.280001,3.26,1.78,1.56388103,59.0,0.779658,29.75164759
2024-05-08,65.959999,13.66187835,7.18,11.4,2.5678087,3.21,69.97265821,18.32316683,14.29,13.41866667,90.32,7.16,4.82,34.0,6.07,10.62,3.33333,15.89,2.46,12.208,15.52,0.344,261.73001,10.21,19.07,3.27,1.76,1.57899099,58.02,0.783466,29.8150845
2024-05-09,64.5,13.42601519,7.15,11.03,2.52338294,2.8,66.46357081,17.51293275,14.05,13.072,86.059998,7.12,4.75,33.700001,6.07,10.2,3.28333005,14.72,2.44,12.008,14.86,0.335,263.53,10.11,19.040001,3.25,1.74,1.55632604,62.349998,0.78061,27.75793433
2024-05-12,66.529999,13.44415809,7.12,11.12,2.50561264,2.59,66.6544788,17.84000016,14.04,12.96,87.800003,7.17,4.72,33.02,6.07,10.01,3.34666332,14.76,2.42,12.048,14.89,0.335,254.89999,9.98,19.35,3.22,1.765,1.5336611,61.509998,0.78061,29.74258586
2024-05-13,63.07,13.7634799,6.85,10.37,2.39899082,2.2,66.18175473,17.46090016,13.825,12.0,84.900002,7.08,4.35,32.5,5.8,10.0,3.11333022,14.27,2.23,11.76,14.45,0.319,241.96001,9.31,19.23,3.07,1.645,1.4958862,57.66,0.77585,28.22917506
2024-05-14,62.560001,13.78888047,6.8,10.03,2.41676113,2.27,67.48175343,16.83650015,13.5150005,12.288,84.0,6.99,4.64,31.719999,5.77,9.78,3.1333302,14.12,2.29,12.096,14.09,0.314,249.97,9.57,18.700001,3.07,1.595,1.50344118,59.5,0.76633,28.15667641
2024-05-15,61.700001,13.70179208,6.64,9.84,2.39010567,2.13,68.18175,16.47226682,13.6499995,12.00533333,81.309998,6.79,5.28,31.639999,6.0,9.95,3.08999724,14.25,2.24,12.304,13.99,0.312,250.35001,9.57,18.709999,3.02,1.53,1.50344118,59.650002,0.76157,27.29575533
2024-05-16,62.0,13.78888047,6.58,9.85,2.43453143,2.35,67.727205,17.09666682,13.6949995,12.16,79.0,6.66,5.45,32.330002,6.0,10.11,3.10999689,14.38,2.24,12.632,13.97,0.326,243.0,9.8,18.82,3.0,1.515,1.4958862,58.849998,0.737771,27.55856281
2024-05-19,64.949997,14.15174574,6.84,10.1,2.51449779,2.45,68.28175081,17.84000016,14.0950005,13.328,83.160004,7.11,5.93,33.349998,6.2,10.35,3.2333301,14.81,2.37,12.664,14.44,0.331,250.0,10.34,19.1,3.15,1.625,1.54877106,59.650002,0.720636,27.73074721
2024-05-20,68.959999,14.8956192,8.2,10.59,2.585579,2.66,69.06356821,18.1373335,14.05,13.65866667,89.470001,8.0,5.95,31.709999,6.31,11.95,3.31999668,15.55,2.47,12.72,15.1,0.343,263.0,10.9,19.9,3.32,1.675,1.6545408,60.900002,0.745387,28.35604793
2024-05-21,67.660004,14.70330096,8.3,10.7,2.55003839,2.6,69.34538429,17.27506683,14.0649995,13.20533333,95.5,7.86,5.94,32.310001,6.17,12.02,3.28333005,15.12,2.46,12.808,15.1,0.345,277.0,10.48,19.799999,3.32,1.925,1.62432087,62.700001,0.756811,27.67637299
2024-05-22,68.0,14.48195315,8.76,10.74,2.51449779,2.4,69.46357054,17.02233348,14.25,13.81866667,93.5,8.020001,5.8,32.040001,6.07,11.44,3.2666634,15.37,2.56,12.568,14.93,0.338,273.0,10.7,19.73,3.5,1.85,1.61676589,61.049999,0.742531,28.19292621
2024-05-23,66.0,14.29689258,8.59,11.01,2.50561264,2.38,69.53629228,17.63186608,15.25,13.69066667,93.800003,8.04,6.23,31.950001,6.09,11.21,3.40332993,15.6,2.54,12.4,14.85,0.337,271.0,11.4,19.91,3.57,1.785,1.60165593,60.610001,0.742531,28.6551052
2024-05-26,65.0,14.34769336,8.44,11.03,2.53226809,2.32,69.09084,18.56103276,14.9849995,13.6,94.900002,8.14,6.3,31.879999,6.15,11.36,3.41332992,16.120001,2.61,12.408,15.61,0.35,268.0,11.13,19.67,3.55,1.78,1.62432087,59.5,0.742531,29.24415706
2024-05-27,65.370003,14.33317838,9.08,10.94,2.67443051,2.5,69.99993,19.10366759,14.6949995,13.48266667,95.239998,8.08,6.23,32.209999,6.21,11.34,3.47666319,16.5,2.7,12.632,16.16,0.35,275.73999,11.38,19.790001,3.75,1.805,1.71498064,59.889999,0.749195,29.42540416
2024-05-28,65.25,14.55089682,8.86,10.75,2.63000476,2.47,69.545385,19.02190016,15.1000005,13.57866667,92.830002,8.13,5.99,32.189999,6.06,11.18,3.41666325,16.25,2.66,13.2320008,15.82,0.356,273.45001,11.25,20.1,3.63,1.775,1.77542049,58.389999,0.746339,29.01759844
2024-05-29,63.700001,14.30052051,8.87,10.51,2.61223445,2.09,69.73629299,19.10366759,15.115,13.33333333,93.18,8.0,6.09,32.09,6.1,11.22,3.45332988,16.32,2.63,13.1600008,15.77,0.359,269.88,11.11,19.870001,3.76,1.85,1.71498064,57.299999,0.742531,29.17165842
2024-05-30,63.439999,14.10820227,9.09,10.17,2.71885627,2.03,69.59084223,19.10366759,14.795,12.90666667,91.949997,7.9,5.9,32.299999,6.05,11.61,3.54332979,15.96,2.64,13.136,15.62,0.361,269.70001,11.25,19.77,3.77,1.84,1.6923157,56.759998,0.740627,28.83635229
2024-06-02,62.0,13.84693891,9.1,9.96,2.63888991,2.0,71.09083527,20.51600018,14.59,12.928,92.809998,7.76,6.01,31.52,5.77,11.22,3.51666315,15.4,2.62,12.784,15.32,0.358,266.75,10.99,19.7,3.73,1.78,1.77542049,54.080002,0.730156,28.22917506
2024-06-03,61.970001,13.95942751,9.62,9.91,2.6211196,1.78,70.60901848,19.32666684,14.35,13.30666667,92.989998,7.7,6.05,30.61,5.86,11.0,3.69332964,16.25,2.6,13.08,15.52,0.36,268.0,10.83,20.0,3.7,1.77,1.71498064,52.970001,0.725396,27.7035601
2024-06-04,61.099998,13.80702337,9.35,9.94,2.55003839,1.97,69.56356407,19.62400018,14.625,13.22133333,91.300003,7.74,5.97,30.89,5.8,11.18,3.71666295,17.02,2.75,13.0479992,15.24,0.351,265.84,11.41,21.02,3.7,1.775,1.69987068,53.91,0.7273,27.79418317
2024-06-05,61.799999,14.00659891,9.3,10.14,2.5678087,1.93,69.18174718,20.20380018,14.46,13.072,91.360001,7.78,5.97,31.25,5.91,11.2,3.80332953,17.6,2.72,13.056,15.47,0.356,266.0,11.32,21.6,3.85,1.785,1.67720574,53.5,0.731108,28.75479096
2024-06-06,58.779999,13.61833343,9.1,9.95,2.51449779,1.87,68.78175304,19.77,14.585,13.16266667,88.239998,7.51,5.8,30.99,5.74,11.06,3.7999962,17.209999,2.65,12.9600008,15.15,0.345,264.42999,10.91,21.06,3.92,1.75,1.66965076,53.0,0.733012,27.7035601
2024-06-09,57.720001,13.52035944,8.82,9.81,2.47007203,1.8,68.29992897,20.73,14.03,12.336,88.040001,7.3,5.67,30.9,5.75,10.69,3.7666629,17.0,2.6,13.0,15.0,0.34,260.70001,10.9,20.6,3.79,1.74,1.63187585,51.849998,0.752051,27.77605875
2024-06-10,55.52,12.70028464,8.73,9.46,2.36345022,1.73,66.38174907,19.58,14.0,11.87733333,84.050003,7.12,5.51,29.6,5.56,10.4,3.64999635,16.99,2.46,13.0399992,14.74,0.325,251.55,10.1,19.8,4.05,1.655,1.54877106,49.799999,0.747291,26.61607945
2024-06-11,55.200001,13.06314992,9.19,9.45,2.37233537,1.724,66.99993027,19.33,14.1,12.19733333,89.620003,7.18,5.48,29.49,5.57,10.98,3.65332968,17.139999,2.55,13.5520008,14.74,0.326,257.5,10.1,20.62,3.95,1.7,1.57899099,50.240002,0.742531,26.76107674
2024-06-12,53.0,13.44415809,9.15,9.56,2.45230173,1.79,66.82720772,18.700001,14.585,12.82133333,88.480003,7.13,5.46,29.55,5.6,11.4,3.24999675,17.35,2.55,14.12,14.67,0.333,260.94,10.23,20.9,4.12,1.755,1.58654597,52.400002,0.744435,26.63420482
2024-06-13,52.91,13.59656224,9.1,9.8,2.53226809,1.81,67.27266,18.0,14.6,12.74666667,88.25,7.16,5.42,29.89,5.59,11.39,3.2333301,17.1,2.54,13.944,14.77,0.342,269.89001,10.49,22.05,4.04,1.9,1.60165593,53.400002,0.744435,26.67951636
2024-06-23,57.0,14.0936873,9.2,9.7,2.52338294,1.825,67.27266,17.049999,14.71,13.06133333,91.349998,7.17,5.68,30.22,5.65,11.94,3.2333301,17.4,2.61,14.1520008,14.87,0.35,271.0,10.5,22.36,4.01,1.905,1.64698581,54.5,0.742531,26.40764619
2024-06-24,57.459999,14.47832522,9.31,10.0,2.61223445,1.88,67.88174848,17.77,14.755,13.36,92.699997,7.27,6.2,32.1,5.85,12.6,3.31999668,18.49,2.72,14.408,15.35,0.42,282.0,10.98,23.4,4.12,1.955,1.71498064,55.650002,0.733012,27.42262725
2024-06-25,56.610001,14.51461102,9.25,9.84,2.57669385,1.854,67.74538407,17.68,14.615,13.38666667,96.309998,7.23,6.11,30.65,5.85,12.76,3.29333004,18.32,2.81,14.72,15.28,0.411,275.01999,10.84,22.71,4.04,2.08,1.78297547,55.360001,0.72254,27.12357093
2024-06-26,57.599998,14.8774763,9.22,9.99,2.585579,1.856,67.9544775,17.75,15.055,13.33866667,97.050003,7.26,6.4,30.97,5.99,14.4,3.30999669,18.459999,2.82,14.5600008,15.91,0.392,275.23001,11.45,24.3,4.11,2.025,1.74520056,57.75,0.701597,26.8970123
2024-06-27,57.970001,15.13873966,9.520001,9.770001,2.71885627,1.847,69.04538277,17.85,15.09,13.57866667,97.949997,7.32,6.44,30.91,6.14,14.6,3.35999664,18.83,2.82,15.5039992,15.83,0.401,273.01001,11.88,23.85,4.31,2.06,1.75275555,57.060001,0.704453,26.97857363
2024-07-01,58.599998,15.29477209,9.7,9.79,2.63000476,1.836,70.36356782,18.18,15.01,13.76,97.0,7.38,6.48,31.66,6.5,14.39,3.30999669,19.700001,2.86,15.5119992,15.96,0.395,272.20001,11.63,23.44,4.21,2.08,1.79808543,56.889999,0.704453,27.05107228
2024-07-02,59.119999,15.60320685,9.5,9.87,2.64777506,1.859,70.92719907,18.049999,15.055,14.18666667,97.510002,7.42,6.5,31.09,6.52,15.4,3.2999967,19.379999,2.93,16.2399992,16.139999,0.396,275.0,11.62,23.37,4.43,2.1,1.79053045,57.119999,0.707309,27.01482248
2024-07-03,58.400002,15.53063343,9.2,9.79,2.6211196,1.926,70.11810897,17.52,14.925,14.30933333,96.5,7.43,6.84,31.05,6.58,15.83,3.27666339,19.4,3.08,16.384,16.4,0.394,276.10001,11.8,23.7,4.37,2.0,1.82830535,59.0,0.698741,26.56170618
2024-07-04,59.970001,15.556034,9.13,9.75,2.6033493,1.922,70.6817475,17.85,14.85,14.24,95.839996,7.47,6.82,30.94,6.5,15.01,3.24333009,20.040001,3.0,16.128,16.48,0.396,274.03,12.52,23.85,4.38,1.98,1.77542049,60.209999,0.702549,26.46202042
2024-07-07,60.02,16.11484688,9.22,9.73,2.64777506,1.9,72.7272,18.4,14.745,14.34666667,95.150002,7.54,6.8,30.67,6.45,14.41,3.24333009,20.09,3.03,16.6399992,16.030001,0.407,274.5,12.65,23.6,4.3,1.97,1.76786551,60.200001,0.694933,26.11765161
2024-07-08,58.200001,16.27813662,9.020001,9.85,2.68331566,1.91,73.62719728,18.52,14.655,14.45333333,104.03,7.54,6.83,30.65,6.56,14.33,3.25333008,21.719999,3.05,16.5039992,16.02,0.406,272.28,12.5,23.95,4.48,1.985,1.79808543,61.209999,0.686365,26.10858892
2024-07-09,56.279999,15.8680985,9.06,10.27,2.64777506,1.874,72.63629282,18.459999,14.515,15.19466667,105.02,7.46,6.72,30.0,6.67,13.69,3.20999679,21.66,2.98,16.4320008,16.950001,0.405,264.0,12.61,22.75,4.56,2.033,1.74520056,60.610001,0.680654,26.10858892
2024-07-10,54.700001,15.64675032,8.83,10.2,2.61223445,1.837,71.54538027,18.280001,14.635,15.664,102.7,7.4,6.7,31.1,6.71,14.6,3.18666348,22.799999,2.94,16.256,16.99,0.398,261.12,12.9,23.4,4.6,2.051,1.75275555,61.990002,0.679702,26.28077332
2024-07-14,54.0,15.81948194,8.7,10.0,2.71885627,1.841,71.81811,18.469999,14.55,15.21333333,105.8,7.37,6.63,30.8,6.76,13.77,3.17999682,22.4,2.94,16.3520008,16.83,0.402,263.69,12.66,23.0,4.57,2.01,1.75275555,61.0,0.685413,26.73389058
2024-07-15,53.43,16.24621124,8.54,9.83,2.72774142,1.882,71.61810929,18.790001,14.545,15.33333333,104.0,7.25,6.61,31.0,6.5,13.5,3.24999675,21.549999,2.92,16.0,17.030001,0.408,259.73001,12.6,23.0,4.53,1.98,1.74520056,58.599998,0.694933,26.64326656
2024-07-16,54.34,15.56692673,8.62,9.770001,2.70997112,1.88,71.363565,18.52,14.615,15.42,103.0,7.23,6.57,32.06,6.51,13.43,3.21333012,21.0,2.99,15.8240008,17.24,0.407,258.07999,12.36,23.01,4.57,1.98,1.74520056,58.799999,0.693029,26.21733736
2024-07-17,53.830002,15.35356099,8.65,9.95,2.66554536,1.866,70.55447581,18.700001,14.7,15.73333333,100.7,7.15,6.61,32.34,6.64,13.57,3.21333012,21.5,2.98,15.984,18.610001,0.407,260.0,12.7,23.01,4.77,2.0,1.73764558,58.029999,0.703501,26.04515296
2024-07-18,56.529999,15.41016843,8.8,10.06,2.66554536,1.892,70.91811272,19.860001,14.7,16.49333333,104.87,7.39,7.15,32.92,6.77,14.62,3.29333004,21.5,3.0,15.6320008,18.48,0.418,263.0,13.13,23.55,4.9,2.13,1.7300906,59.049999,0.723492,26.84263808
2024-07-21,56.709999,15.61917892,8.75,10.0,2.69220081,1.93,70.65447571,21.0,14.775,16.66666667,104.01,7.6,7.15,33.1,6.94,14.43,3.28666338,21.200001,3.05,15.2,18.200001,0.415,269.0,13.7,24.21,4.75,2.12,1.76031053,59.650002,0.752051,27.09638382
2024-07-22,59.950001,15.64095041,8.84,10.25,2.74551172,2.18,71.363565,21.0,14.83,16.4,104.98,8.05,7.05,32.93,6.82,14.51,3.34666332,21.129999,3.03,15.2479992,19.110001,0.442,269.70001,13.32,24.4,4.8,2.11,1.71498064,58.68,0.764426,27.18700689
2024-07-23,59.049999,15.53644604,9.1,10.26,2.70997112,2.152,73.27265218,21.24,14.635,16.66666667,103.9,8.17,6.83,32.5,6.75,14.1,3.33999666,21.219999,3.0,15.1119992,18.59,0.426,268.51001,12.86,23.95,4.7,2.08,1.72253562,58.68,0.752051,28.13855198
2024-07-24,58.32,16.49876471,9.08,10.5,2.78105233,2.2,73.81810527,21.799999,14.685,16.76666667,103.05,8.11,7.12,32.91,6.82,14.06,3.4333299,21.549999,3.01,14.9679992,18.870001,0.432,265.10001,13.59,25.0,4.72,2.08,1.7300906,58.0,0.742531,29.90570758
2024-07-28,58.099998,16.23750247,8.93,10.41,2.78105233,2.23,73.95446968,22.49,14.715,16.33333333,102.9,8.1,6.95,32.8,6.75,14.01,3.41999658,21.120001,2.97,15.2,18.719999,0.43,262.0,13.01,24.1,4.65,2.07,1.72253562,58.139999,0.745387,30.1322662
2024-07-29,59.639999,16.10687136,8.91,10.21,2.83436323,2.3,74.54538,22.48,14.725,16.0,103.5,8.49,6.85,34.08,6.71,13.9,3.3999966,21.030001,2.97,15.2240008,19.5,0.43,260.0,12.91,24.25,4.61,2.12,1.71498064,56.599998,0.741579,29.74258586
2024-07-30,60.25,15.89350562,8.9,10.05,2.78993748,2.24,74.54538,21.9,14.71,15.56666667,104.0,8.43,6.8,33.93,6.73,13.83,3.35999664,21.1,2.96,15.0240008,20.07,0.423,259.07999,12.68,24.18,4.65,2.37,1.70742566,55.110001,0.735867,29.47071569
2024-07-31,60.259998,16.59456205,9.07,10.08,2.78105233,2.24,74.73628799,22.0,14.7,15.53333333,106.9,8.56,6.93,33.9,6.77,13.72,3.34666332,21.0,2.96,17.0960008,20.35,0.435,263.60999,12.9,23.99,4.72,2.31,1.69987068,56.029999,0.736819,29.72446048
2024-08-01,62.0,17.19546763,9.24,10.1,2.77216717,2.22,75.71810701,22.35,14.72,16.22,113.0,8.71,7.01,34.21,6.89,14.1,3.34666332,21.120001,2.95,17.0479992,20.719999,0.447,264.13,12.8,24.8,4.63,2.26,1.70742566,56.25,0.730156,29.99633065
2024-08-04,60.509998,16.99951987,9.14,10.02,2.74551172,2.17,75.909015,22.959999,14.64,16.80666667,110.45,8.56,6.92,32.75,6.85,13.59,3.28666338,20.549999,2.95,17.0479992,20.52,0.436,268.0,12.55,23.23,4.42,2.31,1.76031053,55.52,0.72254,30.31351235
2024-08-05,58.279999,16.53360066,8.8,9.3,2.5678087,2.04,75.45447,22.299999,14.29,15.46,106.0,8.25,6.46,31.75,6.55,12.85,3.12333021,19.190001,2.77,16.456,18.98,0.409,260.39999,12.02,21.8,4.27,2.21,1.69987068,53.66,0.710164,28.24730043
2024-08-06,56.470001,16.70342168,8.29,8.88,2.43453143,1.92,74.54538,21.0,14.445,15.33333333,102.16,7.73,6.19,34.0,6.26,13.37,3.05666361,18.450001,2.63,16.0,17.24,0.389,254.0,11.3,23.71,4.03,2.06,1.66965076,52.509998,0.694933,27.59481166
2024-08-07,56.360001,16.88195103,8.91,9.09,2.51449779,2.04,74.74538071,21.299999,14.625,15.34,104.19,8.04,6.3,33.71,6.2,13.43,3.09333024,18.799999,2.67,17.3119992,17.780001,0.4,255.12,12.06,23.89,4.16,2.16,1.67720574,54.200001,0.700645,27.82137029
2024-08-08,55.950001,16.98210189,8.87,9.58,2.55892355,2.11,74.89992419,21.68,14.69,15.47333333,108.91,8.1,6.5,33.51,6.35,13.87,3.10333023,19.07,2.81,17.6240008,20.17,0.403,260.0,12.04,23.4,4.19,2.25,1.79808543,56.349998,0.707309,28.10230314
2024-08-11,55.599998,17.4175404,8.81,9.46,2.52338294,2.12,74.81810973,22.049999,14.84,15.46,110.02,8.25,6.41,33.95,6.35,14.02,3.03666363,19.299999,2.8,17.1520008,19.4,0.398,258.16,12.01,23.6,4.13,2.25,1.86608026,56.380001,0.705405,28.09324045
2024-08-12,56.599998,17.85297891,9.0,9.520001,2.61223445,2.25,75.50901358,23.4,14.7,16.1,112.25,8.5,6.65,33.9,6.5,14.12,3.09333024,19.65,2.88,17.3600008,20.1,0.411,265.29999,12.68,23.5,4.38,2.27,1.86608026,58.91,0.70826,28.35604793
2024-08-13,55.650002,17.32174349,9.05,9.37,2.57669385,2.28,76.7544687,23.35,14.825,16.4,111.8,8.31,6.41,33.78,6.52,13.92,3.07666359,19.209999,2.81,17.0399992,19.440001,0.406,265.23001,12.55,23.6,4.43,2.26,1.80564041,59.650002,0.702549,27.80324586
2024-08-14,55.130001,16.97774838,8.92,9.270001,2.55892355,2.31,75.48174179,22.790001,14.95,16.46666667,110.55,8.29,6.41,33.7,6.43,13.89,3.04999695,19.5,2.81,16.9520008,19.709999,0.401,265.0,12.46,24.17,4.36,2.21,1.77542049,59.0,0.698741,27.54950012
2024-08-15,57.900002,17.15192247,9.2,9.14,2.5678087,2.28,76.36356,22.129999,14.09,16.64666667,111.73,8.58,6.49,33.91,6.49,13.63,3.07999692,19.5,2.83,20.2479992,19.790001,0.4,268.5,12.4,24.71,4.42,2.3,1.76031053,58.049999,0.699693,27.82137029
2024-08-18,58.599998,17.5351088,9.36,9.44,2.61223445,2.24,77.27265,22.1,13.84,15.60666667,113.0,8.520001,6.61,32.95,6.8,13.61,3.09666357,19.43,2.91,20.384,22.0,0.398,256.98999,12.45,24.75,4.67,2.28,1.78297547,57.700001,0.694933,27.36825398
2024-08-19,57.41,17.757182,9.28,9.6,2.69220081,2.23,77.09083473,22.24,13.89,15.4,115.11,8.46,6.67,32.5,6.73,13.64,3.13999686,19.200001,2.95,20.8320008,21.34,0.399,254.28999,12.41,24.24,4.74,2.21,1.76786551,56.860001,0.693029,27.16888246
2024-08-20,57.389999,17.52640003,9.51,10.08,2.70108596,2.24,76.38173907,21.969999,13.945,15.36,114.5,8.42,6.86,32.33,6.78,13.72,3.10999689,19.280001,2.91,21.0880008,21.299999,0.406,251.02,12.59,24.5,5.04,2.21,1.76786551,55.880001,0.689221,27.07825844
2024-08-21,58.5,17.85297891,9.54,10.16,2.72774142,2.27,78.53628419,22.0,13.84,15.53333333,113.27,8.46,6.89,31.8,7.05,14.12,3.13999686,20.52,2.96,20.392,21.790001,0.414,252.99001,13.2,25.27,5.02,2.25,1.79808543,56.799999,0.689221,27.30481707
2024-08-22,57.560001,18.67595726,9.47,11.3,2.86990384,2.24,79.09083,22.690001,13.83,15.53333333,112.02,8.36,6.99,31.64,7.01,14.63,3.11333022,21.120001,3.04,19.864,22.65,0.412,250.0,13.32,24.51,5.2,2.3,1.79808543,55.919998,0.687317,27.25044285
2024-08-25,57.009998,18.66724849,9.44,11.71,2.82547808,2.24,80.71810201,23.5,13.8,14.80666667,109.1,8.36,7.02,31.38,7.04,14.7,3.1666635,21.610001,3.3,19.464,22.42,0.413,250.0,13.74,23.8,5.36,2.23,1.81319539,56.900002,0.685413,27.45887705
2024-08-26,57.900002,18.48436518,9.45,11.5,2.84324838,2.09,79.8362838,22.799999,13.85,15.2,106.12,8.55,7.06,31.21,7.1,14.3,3.28666338,21.799999,3.63,20.2399992,21.879999,0.418,246.0,14.09,23.85,5.99,2.36,1.82075037,55.5,0.680654,27.19606957
2024-08-27,57.099998,18.52355465,9.36,11.31,2.81659293,2.08,79.99082728,23.0,13.775,14.98666667,106.02,8.49,7.21,31.27,7.62,14.45,3.30333003,23.190001,3.63,20.68,21.9,0.413,256.91,13.9,23.63,5.91,2.32,1.79053045,55.990002,0.675894,26.91513672
2024-08-28,57.299999,18.91980369,9.4,11.88,3.02095141,2.16,80.13628532,23.0,13.805,15.06,110.78,8.4,7.37,32.19,7.75,15.08,3.3999966,24.0,3.5,20.672,22.49,0.419,261.0,14.1,24.1,5.92,2.32,1.77542049,57.5,0.67875,26.77920212
2024-08-29,58.360001,19.20719311,9.4,11.68,3.00318111,2.12,80.454465,24.65,13.805,15.18,110.9,8.42,7.38,32.5,7.59,15.05,3.33999666,24.32,3.5,19.9600008,22.23,0.424,266.0,13.9,24.11,6.3,2.45,1.78297547,56.810001,0.677798,26.81545096
2024-09-01,58.0,18.74998268,9.35,11.44,3.11868807,2.11,79.16355902,25.450001,13.815,15.53333333,110.42,8.51,7.75,32.36,7.6,14.94,3.32666334,23.9,3.42,19.4880008,21.99,0.42,259.95999,13.85,24.04,6.37,2.61,1.76786551,59.0,0.684461,27.36825398
2024-09-02,60.900002,18.50613668,9.39,11.5,3.24308019,2.11,78.67264951,25.32,13.805,15.46666667,109.32,9.12,7.98,32.19,7.58,15.0,3.37332996,24.299999,3.37,19.2399992,21.84,0.42,268.04999,14.7,23.97,6.89,2.7,1.79053045,60.0,0.685413,27.8485574
2024-09-03,62.24,18.29277181,9.62,11.3,3.14534352,2.09,78.3090126,25.0,13.8,15.24,110.01,9.02,7.63,32.33,7.54,15.22,3.33333,23.42,3.36,19.368,21.51,0.418,268.0,14.9,23.75,6.58,2.78,1.81319539,59.82,0.686365,28.00261738
2024-09-04,65.28,18.28841742,9.71,11.37,3.12757322,2.11,79.0271937,24.6,13.975,15.40666667,113.5,9.0,7.75,33.4,7.7,14.93,3.33333,23.81,3.47,20.008,21.73,0.416,265.08,14.89,23.75,6.47,2.88,1.8509703,61.0,0.686365,28.09324045
2024-09-05,64.5,18.65853928,9.67,11.25,3.05649201,2.19,79.09083,24.5,14.2,15.4,114.98,8.81,7.95,33.88,7.7,14.85,3.31999668,23.57,3.62,19.744,21.809999,0.418,265.0,14.8,24.07,6.41,2.75,1.9265201,60.860001,0.680654,27.75793433
2024-09-08,63.599998,18.24487444,9.770001,11.07,3.04760686,2.17,79.45446782,24.5,13.925,15.16666667,117.22,8.75,7.81,33.6,7.76,14.62,3.31333002,23.450001,3.69,19.872,22.629999,0.423,259.79999,14.85,23.83,6.44,2.75,1.94918505,61.200001,0.683509,27.90293162
2024-09-09,63.0,17.72670174,9.59,11.09,2.99429595,2.12,77.3726499,23.99,13.815,14.71333333,114.23,8.57,7.65,32.25,7.43,14.1,3.26333007,23.46,3.6,19.272,22.28,0.419,255.0,14.08,23.5,6.31,2.87,1.89630018,59.01,0.685413,28.09324045
2024-09-10,61.0,17.83556137,9.48,11.14,3.01206626,2.14,77.727195,24.0,13.805,14.75333333,113.94,8.49,7.64,33.3,7.37,13.97,3.27999672,23.36,3.6,19.088,22.21,0.418,253.11,14.22,23.88,6.54,2.78,1.88119022,59.66,0.739675,28.9722869
2024-09-11,59.51,17.19982115,9.22,11.51,2.94098505,2.1,77.727195,24.0,14.05,14.43333333,112.21,8.49,7.42,33.3,7.21,14.08,3.23666343,22.81,3.62,19.52,22.06,0.413,254.16,14.21,24.1,6.35,2.78,1.87363524,58.81,0.76157,28.74572827
2024-09-12,59.82,17.3870597,9.03,11.15,3.02095141,2.16,77.636286,24.3,14.175,14.58666667,110.83,8.44,7.79,34.79,7.6,14.01,3.24999675,23.49,3.7,19.624,22.0,0.415,252.37,14.2,25.84,6.53,2.83,1.84341532,58.94,0.828208,30.08695467
2024-09-16,59.0,17.07354398,8.72,11.4,2.94098505,2.11,78.454467,25.39,14.025,14.58666667,111.99,8.45,7.8,34.4,7.64,14.05,3.22333011,23.15,3.65,19.84,21.76,0.411,249.3,13.86,25.68,6.42,2.74,1.94163007,58.4,0.839631,31.17443437
2024-09-17,57.68,16.9777475,8.6,11.2,2.90544444,2.13,77.6908314,25.7,14.025,14.93333333,110.84,8.52,7.54,34.25,7.7,13.89,3.30333003,22.82,3.88,20.168,21.82,0.41,244.0,13.64,25.85,6.28,2.64,1.94918505,57.0,0.812976,30.99318823
2024-09-18,58.7,16.9777475,8.57,11.06,2.81659293,2.09,77.27265,25.5,13.975,14.82,111.0,8.55,7.46,33.7,7.8,13.56,3.2999967,22.91,3.83,19.888,20.59,0.407,242.01,13.3,24.78,6.06,2.56,1.89630018,57.7,0.785369,30.08695467
2024-09-19,58.7,17.04741767,8.69,10.87,2.87878899,2.17,77.4999225,25.5,14.17,14.77333333,111.8,8.67,7.4,35.05,7.95,14.05,3.32333001,23.65,3.75,19.744,20.87,0.409,240.88,14.0,25.35,5.94,2.75,1.93407508,57.5,0.786321,29.72446048
2024-09-22,61.45,17.13885975,8.81,10.84,2.85213354,2.21,78.909012,26.0,14.135,15.33333333,116.1,8.62,7.58,34.95,8.4,14.5,3.30666336,23.0,3.7,20.0,20.75,0.41,250.0,14.1,25.15,6.37,2.75,2.00206991,59.99,0.799649,29.91477026
2024-09-23,60.5,17.26513692,8.92,10.81,2.97652565,2.23,77.6908314,26.0,14.065,15.73333333,115.41,8.8,7.92,34.9,8.34,14.29,3.37999662,23.79,4.1,20.2,20.8,0.416,248.07,14.25,24.99,6.45,2.96,2.18338945,60.23,0.810121,31.5822401
2024-09-24,60.26,17.19982115,8.89,11.32,2.91432959,2.25,77.7726495,25.71,14.075,15.46666667,116.25,8.64,7.77,34.6,8.4,14.15,3.4999965,24.35,4.4,20.056,21.33,0.415,249.08,14.9,24.7,6.35,2.86,2.10783964,59.66,0.808217,31.45536722
2024-09-25,59.85,16.99516505,8.89,11.06,2.89655929,2.23,77.27265,25.84,14.0,15.13333333,116.06,8.6,7.86,34.31,8.33,14.79,3.45666321,23.67,4.64,19.984,20.97,0.417,247.0,14.55,24.91,6.33,2.85,2.10783964,59.5,0.804409,31.44630454
2024-09-26,60.48,17.28690885,8.91,11.13,2.94098505,2.24,77.5999224,25.8,14.275,15.20666667,116.2,8.59,8.35,35.5,8.6,14.92,3.56999643,23.8,4.83,20.0,20.91,0.428,247.01,14.89,24.73,6.47,2.94,2.09272968,61.0,0.807265,32.0353564
2024-09-29,61.55,17.5917158,8.91,11.3,2.94098505,2.26,77.636286,26.02,14.01,15.16666667,117.25,8.73,8.21,34.02,8.37,15.0,3.5333298,23.95,4.89,20.48,20.46,0.426,249.0,14.62,24.28,6.52,2.88,2.07761972,61.1,0.804409,31.400993
2024-09-30,64.0,17.54381757,8.91,11.25,3.00318111,2.24,77.27265,25.56,14.25,15.26666667,124.99,8.77,8.12,33.88,8.36,15.03,3.56999643,24.59,4.84,20.672,20.32,0.425,251.99,14.37,24.35,6.51,2.83,2.15316953,62.09,0.816784,31.39193031
2024-10-01,63.62,17.72234736,8.89,11.28,2.97652565,2.22,76.818105,26.0,14.225,15.18666667,122.0,8.73,8.55,34.18,8.39,15.03,3.51999648,24.45,5.1,20.328,21.87,0.423,253.5,14.26,24.13,6.65,2.81,2.34959903,63.7,0.809169,30.80287845
2024-10-02,63.29,17.62655088,8.91,11.35,2.99429595,2.26,78.4999215,26.0,14.5,15.5,119.2,8.7,8.34,34.01,8.5,15.16,3.51666315,24.93,5.25,21.376,22.1,0.421,258.0,14.4,24.09,6.56,2.82,2.34204405,63.0,0.817736,30.49475944
2024-10-03,61.7,17.23901061,9.13,11.01,2.90544444,2.24,77.8090131,25.8,14.795,14.84,118.1,8.5,8.25,34.05,8.26,14.9,3.47999652,24.35,5.05,20.72,21.21,0.411,253.76,13.91,23.34,6.74,2.72,2.27404922,60.8,0.806313,30.21382659
2024-10-07,62.0,17.15627729,9.23,11.14,2.87878899,2.21,77.27265,26.74,14.71,14.68666667,119.02,8.53,8.32,34.21,8.5,15.01,3.50666316,24.65,5.61,21.352,21.62,0.412,255.74,14.05,23.32,6.77,2.71,2.37226397,61.8,0.801553,31.17443437
2024-10-08,62.13,16.84276157,9.2,11.45,2.81659293,2.18,77.27265,27.6,14.65,14.21333333,119.63,8.43,8.28,34.27,8.61,14.9,3.44332989,24.5,5.55,23.976,22.65,0.409,288.15,14.28,23.5,6.46,2.77,2.46292374,60.38,0.791081,30.74850518
2024-10-09,61.0,16.11557926,8.78,11.37,2.71885627,2.12,75.909015,27.0,15.15,13.53333333,118.06,8.24,7.85,33.51,8.36,14.1,3.28333005,23.45,5.5,23.304,23.26,0.394,284.0,13.76,22.89,6.23,2.68,2.30426914,57.94,0.785369,29.79695913
2024-10-10,61.5,16.54666338,8.93,11.58,2.76328202,2.13,74.999925,27.25,16.09,13.78,118.0,8.19,7.98,34.99,8.59,14.6,3.27666339,23.75,5.81,23.0,23.4,0.399,284.55,14.0,24.42,6.27,2.69,2.33448907,59.6,0.799649,30.19570216
2024-10-13,62.99,16.35507044,8.28,11.65,2.66554536,2.1,73.6453809,27.5,15.25,13.38666667,115.54,8.06,7.9,34.4,8.25,14.4,3.21999678,23.3,5.52,23.544,22.88,0.392,289.0,13.9,24.35,6.09,3.06,2.28915918,58.17,0.792985,30.15039063
2024-10-14,63.6,16.60327039,8.02,11.89,2.57669385,2.0,72.7272,26.51,14.0,12.9,114.53,8.07,7.55,33.52,7.7,14.35,3.15666351,21.6,5.15,21.72,23.4,0.384,280.52,12.85,24.2,5.71,3.22,2.28915918,57.1,0.790129,29.18978284
2024-10-15,63.98,16.11122487,8.13,12.71,2.585579,2.02,73.4362902,27.15,14.095,12.87333333,113.0,8.08,7.57,33.6,7.9,14.3,3.1333302,21.43,5.3,21.72,25.66,0.38,283.0,12.7,25.16,5.84,2.94,2.42514884,57.89,0.790129,29.44352858
2024-10-16,64.4,16.1025161,8.04,13.63,2.585579,2.05,72.6817455,28.2,16.775,13.54666667,113.21,8.31,7.59,33.81,8.15,14.2,3.16999683,21.5,5.51,23.384,28.3,0.383,295.5,13.1,24.99,5.9,2.96,2.76512297,59.98,0.781562,29.38915436
2024-10-17,63.6,16.05897225,8.04,13.22,2.57669385,2.16,72.3726549,28.81,15.31,13.86666667,113.1,8.44,7.47,33.94,8.0,14.7,3.15666351,21.53,5.54,28.056,26.51,0.38,288.5,13.01,27.35,5.66,3.05,2.73490305,58.53,0.785369,30.72131807
2024-10-20,65.09,16.11122487,7.87,13.6,2.52338294,2.11,71.81811,27.0,14.945,13.72,116.69,8.5,7.4,32.91,8.04,14.6,3.12333021,21.1,5.28,24.824,27.0,0.372,283.5,12.92,28.0,5.35,3.44,2.66690822,58.35,0.797745,30.01445602
2024-10-21,64.0,16.02413717,7.6,14.95,2.51449779,2.03,69.5544759,27.54,14.55,13.53333333,120.0,8.05,7.41,31.81,7.8,14.15,3.06999693,20.3,5.25,24.856,29.8,0.36,281.07,12.5,29.27,5.14,3.18,2.51580861,56.0,0.786321,29.09009708
2024-10-22,57.0,16.08074417,7.7,14.43,2.57669385,2.15,72.272655,27.97,16.3,13.75333333,120.1,8.16,7.9,32.31,7.97,14.77,3.21666345,21.0,5.31,26.888,29.08,0.376,285.5,12.6,33.9,5.6,3.29,2.65935324,58.99,0.791081,29.36196725
2024-10-23,57.48,16.77744579,7.83,15.39,2.70997112,2.23,72.090837,27.5,15.9,13.82,113.0,8.28,8.11,32.52,8.0,14.72,3.21333012,21.19,5.31,27.592,30.7,0.384,292.1,13.23,32.1,5.75,3.24,2.90866761,58.49,0.788225,29.73352317
2024-10-24,56.96,17.42189479,7.89,14.73,2.63888991,2.3,71.5090194,27.5,15.505,13.93333333,112.01,8.3,8.07,32.9,7.89,15.75,3.25999674,21.83,5.2,27.472,29.0,0.38,305.01,12.81,30.75,5.79,3.5,2.78778792,58.52,0.788225,29.63383741
2024-10-27,56.92,17.52640003,7.97,14.7,2.63888991,2.33,71.727201,27.7,15.5,14.0,110.66,8.26,8.1,33.5,7.8,15.19,3.25333008,22.0,5.29,27.216,28.48,0.381,305.22,12.85,30.0,5.89,3.38,2.93133255,59.5,0.789177,29.53415165
2024-10-28,57.0,18.15778587,7.85,14.96,2.70997112,2.33,73.545381,27.5,15.445,14.0,112.01,8.62,8.04,33.5,7.89,15.2,3.25666341,21.85,5.09,26.096,29.56,0.405,312.0,13.09,30.88,5.95,3.4,2.82556282,59.37,0.787273,29.99633065
2024-10-29,56.82,18.10117886,7.68,14.83,2.70108596,2.34,73.5362901,27.5,15.295,13.91333333,111.32,8.57,8.04,33.0,7.75,14.9,3.24999675,21.71,4.86,25.424,29.21,0.408,310.4,13.19,30.83,5.89,3.67,2.77267795,59.99,0.78061,29.45259032
2024-10-30,55.36,17.67880351,7.52,14.6,2.63000476,2.35,72.7090182,27.78,15.1,13.98666667,111.4,8.57,8.2,33.03,7.69,14.53,3.28999671,22.0,4.66,25.112,28.65,0.426,303.0,12.9,29.71,5.65,3.45,2.65179826,59.85,0.781562,29.90570758
2024-10-31,55.12,17.5046281,7.54,14.8,2.61223445,2.32,72.4908366,27.5,15.275,14.0,110.51,8.38,8.11,33.3,7.66,14.38,3.38332995,21.85,4.8,25.184,28.16,0.418,298.06,12.8,29.55,5.67,3.3,2.65935324,58.5,0.769186,29.90570758
2024-11-03,57.0,17.96619292,7.76,15.17,2.63888991,2.45,72.7272,27.3,15.275,14.32666667,111.1,8.38,8.5,33.7,7.9,14.48,3.37332996,22.14,5.2,24.904,30.66,0.423,298.01,13.2,29.88,5.65,3.34,2.71223811,59.11,0.76157,29.73352317
2024-11-04,56.33,18.54968053,7.9,15.21,2.65666021,2.46,73.6453809,27.2,15.2,14.49333333,111.83,8.39,8.41,33.99,8.0,14.49,3.37999662,22.0,5.35,24.608,31.5,0.418,297.61,13.89,29.49,5.74,3.34,2.68957316,59.25,0.76157,29.90570758
2024-11-05,55.88,18.34937881,7.8,14.78,2.6211196,2.44,72.909018,27.02,15.125,14.39333333,111.17,8.34,8.36,33.7,7.93,14.35,3.39332994,22.0,5.38,25.32,30.76,0.416,295.41,14.11,29.49,5.76,3.31,2.64424328,58.75,0.752051,30.1322662
2024-11-06,55.88,18.702084,7.75,14.71,2.6211196,2.41,73.363563,27.98,15.15,14.23333333,112.29,8.28,8.22,34.0,7.91,14.25,3.42999657,22.24,5.51,25.624,30.7,0.415,303.62,14.0,28.79,5.69,3.28,2.78023293,58.89,0.753003,30.35882483
2024-11-07,55.9,18.95028396,7.79,15.02,2.68331566,2.43,73.63629,28.0,15.845,14.16666667,111.33,8.35,8.6,33.52,8.16,14.78,3.41332992,22.5,5.46,25.488,31.2,0.427,309.0,14.63,30.1,5.72,3.39,2.78023293,59.3,0.750147,31.2650584
2024-11-10,56.07,18.9067401,7.8,14.8,2.66554536,2.42,73.6453809,28.2,15.75,14.04,111.5,8.34,8.5,33.9,8.18,15.02,3.40332993,22.78,5.75,26.0,30.61,0.421,311.0,15.38,29.3,5.81,3.4,2.74245803,60.71,0.750147,31.2288086
2024-11-11,55.81,18.79788048,7.75,14.63,2.67443051,2.46,74.6453799,27.68,15.74,14.17333333,113.55,8.33,8.47,33.75,8.27,14.75,3.44666322,22.87,5.68,26.824,29.5,0.431,309.51,15.33,29.47,5.8,3.4,2.76512297,61.31,0.752051,31.24693302
2024-11-12,55.2,18.54097176,7.73,14.84,2.71885627,2.6,74.9635614,27.37,15.655,14.68,112.0,8.33,8.57,36.02,8.41,14.83,3.48999651,23.29,5.52,27.2,29.57,0.439,310.0,15.25,29.2,5.81,3.37,2.76512297,61.95,0.752051,30.92068958
2024-11-13,55.01,18.51919983,8.04,15.02,2.73662657,2.54,74.5908345,27.0,15.5,14.56666667,111.2,8.33,8.6,36.15,8.44,14.62,3.55666311,23.35,5.59,26.416,29.1,0.454,310.89,15.4,28.61,5.89,3.34,2.70468313,62.4,0.760618,31.33755704
2024-11-14,54.68,18.47130159,7.95,14.82,2.70108596,2.51,74.999925,27.0,15.25,14.5,112.76,8.45,8.4,35.42,8.44,14.36,3.46999653,23.08,5.46,26.016,29.07,0.45,305.25,14.78,28.0,5.76,3.27,2.70468313,61.5,0.756811,31.20162148
2024-11-17,54.81,18.54968053,8.02,15.0,2.68331566,2.5,75.1090158,27.4,15.3,14.46666667,114.95,8.4,8.49,34.4,8.4,14.5,3.43666323,23.08,5.66,25.68,29.35,0.451,304.2,14.86,27.89,5.78,3.27,2.68957316,60.98,0.76157,30.61256962
2024-11-18,54.51,18.72385593,8.1,15.0,2.68331566,2.48,74.2908348,27.45,15.0,14.29333333,113.6,8.34,8.29,33.74,8.46,14.7,3.39332994,22.69,5.78,26.544,29.0,0.444,304.12,15.0,27.55,5.7,3.25,2.68957316,60.7,0.759666,30.25007639
2024-11-19,53.61,18.50613668,8.1,15.36,2.63000476,2.44,73.6544718,27.7,14.525,14.0,113.0,8.21,8.02,33.49,8.35,14.32,3.31999668,22.19,5.61,27.68,27.74,0.445,300.01,14.8,26.65,5.47,3.18,2.64424328,59.0,0.757763,29.88758315
2024-11-20,53.1,18.46259282,8.01,15.09,2.585579,2.4,72.909018,27.46,14.9,13.72,106.89,8.1,8.0,33.45,8.32,14.25,3.25666341,21.71,5.51,27.6,26.99,0.47,298.0,14.53,26.4,5.41,3.19,2.61402336,59.0,0.756811,29.61571299
2024-11-21,53.06,18.44952967,7.9,15.0,2.5678087,2.38,72.7272,27.01,15.0,13.67333333,107.0,8.06,8.09,33.29,8.24,14.21,3.25999674,21.45,5.52,26.688,27.6,0.46,296.2,14.4,26.31,5.6,3.15,2.55358351,59.6,0.750147,29.6066503
2024-11-24,53.25,18.53661737,7.87,14.97,2.57669385,2.3,72.5544729,27.5,14.97,13.69333333,106.87,8.09,7.95,33.19,8.38,14.35,3.24999675,21.42,5.45,26.8,27.3,0.454,297.51,15.2,26.61,5.58,3.17,2.54602853,58.61,0.751099,29.79695913
2024-11-25,52.7,18.48436475,7.77,15.0,2.55892355,2.23,72.5908365,27.17,14.65,13.59333333,106.41,7.96,7.84,32.8,8.24,14.23,3.19333014,21.22,5.4,26.896,26.33,0.464,295.0,15.05,26.2,5.45,3.12,2.43270382,57.6,0.747291,29.78789739
2024-11-26,52.29,18.59322438,7.72,14.78,2.54115324,2.19,72.0453825,27.0,14.45,13.55333333,107.59,7.84,7.85,32.74,8.23,14.2,3.17999682,20.65,5.39,26.296,25.88,0.454,296.4,14.8,25.87,5.41,3.05,2.56869347,59.0,0.742531,29.83320893
2024-11-27,52.37,18.78481732,7.74,14.85,2.53226809,2.22,72.7272,27.44,14.2,13.63333333,111.67,7.89,7.83,33.15,8.16,14.22,3.20333013,20.63,5.68,25.992,27.0,0.449,294.55,14.84,25.51,5.38,3.04,2.53091857,58.8,0.733012,30.05976756
2024-11-28,51.7,18.72385593,7.63,14.72,2.49672749,2.18,71.454474,27.23,14.02,13.52666667,112.7,7.76,7.6,32.99,8.09,14.24,3.18666348,20.4,5.56,25.376,26.3,0.436,296.0,14.77,26.32,5.28,3.03,2.49314366,57.33,0.723492,29.63383741
2024-12-01,52.79,18.61064192,7.63,14.66,2.54115324,2.21,73.999926,27.13,14.23,13.53333333,111.55,7.79,7.8,33.0,8.31,14.28,3.1999968,20.45,6.15,25.608,26.26,0.427,294.93,15.3,26.45,5.45,2.99,2.61402336,57.99,0.733012,29.19884553
2024-12-02,53.95,18.71514716,7.68,15.0,2.55892355,2.24,73.8544716,27.92,14.2,13.60666667,112.0,8.01,7.9,32.96,8.5,14.7,3.25666341,21.01,6.77,26.784,26.43,0.431,294.41,15.8,26.2,5.91,3.17,2.70468313,57.62,0.738723,29.52508992
2024-12-03,53.5,18.50613668,7.73,15.02,2.54115324,2.27,74.0817441,29.49,14.15,13.56,112.0,7.98,8.0,33.0,8.4,14.65,3.21666345,20.75,6.51,26.632,26.65,0.421,288.51,16.0,25.67,6.18,3.16,2.6366883,56.88,0.737771,29.38009167
2024-12-04,53.25,18.79352609,7.66,14.87,2.53226809,2.24,74.8635615,30.0,14.795,13.74,112.41,7.92,7.9,32.91,8.41,14.36,3.17666349,20.58,6.42,26.0,26.15,0.439,286.1,15.81,25.5,5.96,3.16,2.6366883,57.2,0.730156,29.63383741
2024-12-05,52.8,18.98947342,7.67,15.36,2.55003839,2.27,74.818107,29.5,14.5,14.08666667,116.76,7.92,8.1,33.1,8.87,14.38,3.1999968,21.0,6.48,26.032,25.91,0.432,291.85,17.35,26.43,6.23,3.35,2.59135841,57.86,0.728252,29.56133876
2024-12-08,53.45,18.85448748,7.79,15.74,2.61223445,2.26,74.54538,28.9,14.505,14.21333333,117.62,8.02,8.1,33.55,8.75,14.7,3.20999679,20.83,6.5,26.4,25.94,0.434,290.0,17.64,26.63,6.17,3.35,2.62157834,57.4,0.729204,29.45259032
2024-12-09,53.52,18.77175417,7.81,15.63,2.63000476,2.32,74.727198,29.34,14.475,14.38666667,119.18,8.08,8.16,34.9,8.85,15.0,3.20999679,20.95,6.43,26.072,25.45,0.446,294.0,18.1,26.4,6.45,3.46,2.60646838,57.75,0.728252,29.45259032
2024-12-10,52.85,18.87625941,7.71,15.27,2.59446415,2.26,74.54538,29.54,14.445,13.88666667,116.0,7.95,8.09,34.41,8.89,15.14,3.24333009,21.7,6.5,25.32,24.91,0.47,290.0,17.8,26.2,6.5,3.38,2.60646838,57.21,0.758715,29.72446048
2024-12-11,52.4,18.11424202,7.65,15.47,2.5678087,2.23,73.454472,29.0,14.5,13.58,117.09,7.78,7.82,33.9,8.95,15.0,3.21333012,21.43,6.41,25.176,24.46,0.504,288.5,18.5,25.7,6.46,3.3,2.52336359,56.51,0.76157,29.47977743
2024-12-12,52.02,17.98796485,7.6,15.63,2.57669385,2.25,74.5362891,30.24,14.435,13.41333333,115.36,7.77,7.64,34.2,8.76,14.53,3.20333013,21.4,6.36,24.512,24.63,0.506,287.01,19.0,26.32,6.56,3.52,2.59135841,56.5,0.76157,29.28040686
2024-12-15,52.1,17.80072629,7.62,16.36,2.5678087,2.35,75.4453791,30.0,14.45,13.25333333,116.37,7.8,7.75,34.22,8.8,15.2,3.20999679,21.15,6.23,25.0,24.65,0.536,287.0,18.9,26.04,6.64,3.47,2.56869347,56.53,0.756811,29.18072111
2024-12-16,51.86,18.34937881,7.63,17.01,2.55892355,2.39,75.8999241,29.75,14.49,13.28666667,119.24,7.74,7.89,34.29,8.79,15.16,3.20999679,21.16,6.54,24.536,24.55,0.571,285.3,18.9,26.0,6.73,3.42,2.64424328,55.51,0.750147,28.84541403
2024-12-17,51.39,18.3537332,7.6,16.83,2.57669385,2.39,76.090833,30.0,14.245,13.13333333,118.78,7.7,8.03,34.2,8.69,15.96,3.19333014,21.13,6.6,24.24,23.69,0.557,283.5,19.5,25.5,6.66,3.33,2.66690822,56.88,0.750147,28.49198348
2024-12-18,49.55,17.91829469,7.79,17.59,2.55003839,2.35,74.5726527,29.56,14.0,13.11333333,116.6,7.71,8.0,34.06,8.66,17.4,3.1666635,21.22,6.9,23.776,23.65,0.586,288.0,19.99,26.6,6.48,3.43,2.65179826,57.49,0.750147,28.81822692
2024-12-19,48.99,17.11708783,7.62,17.0,2.50561264,2.3,75.545379,29.88,13.625,13.6,115.09,7.53,7.8,33.9,8.65,16.5,3.1333302,20.66,6.72,24.72,24.21,0.565,284.0,18.5,26.7,6.35,3.34,2.56113849,56.26,0.749195,28.09324045
2024-12-22,50.51,17.20417553,7.66,17.13,2.48784234,2.28,76.3544691,29.45,14.15,13.32,116.01,7.6,7.99,33.53,8.5,16.8,3.1333302,20.95,6.7,24.8,23.97,0.558,283.5,18.76,26.7,6.37,3.33,2.56113849,55.7,0.752051,27.82137029
2024-12-23,49.62,17.20417553,7.63,17.77,2.45230173,2.29,75.9362877,29.27,14.0,12.99333333,116.5,7.54,7.81,33.5,8.33,16.4,3.13999686,20.65,6.6,24.808,23.86,0.559,283.0,18.84,26.32,6.39,3.11,2.57624845,55.54,0.749195,27.78512144
2024-12-24,48.9,16.9211405,7.7,16.5,2.37233537,2.19,75.090834,29.53,13.875,12.67333333,117.36,7.3,7.65,33.1,8.23,16.29,3.06999693,20.11,6.65,24.68,23.01,0.54,284.89,18.6,25.7,6.2,2.96,2.49314366,56.4,0.742531,27.42262725
2024-12-25,49.15,16.73825632,7.6,16.39,2.39010567,2.23,74.0453805,29.46,13.76,12.66666667,115.0,7.28,7.57,33.0,8.24,16.38,3.07333026,20.53,6.59,24.848,22.79,0.551,281.19,18.8,25.97,6.13,2.92,2.57624845,56.5,0.748243,27.54043839
2024-12-26,49.08,16.66423178,7.77,16.51,2.40787598,2.22,74.181744,29.4,13.775,12.6,115.77,7.32,7.58,32.52,8.3,15.76,3.07333026,20.4,6.47,24.576,22.56,0.534,281.63,18.75,25.51,6.26,2.89,2.51580861,56.75,0.750147,27.45887705
2024-12-29,49.1,16.66423178,7.69,16.87,2.35456507,2.21,73.5362901,29.41,13.725,12.87333333,116.55,7.23,7.5,32.9,8.39,16.1,3.0666636,20.61,6.68,25.2,23.0,0.524,280.25,18.4,25.5,6.3,2.89,2.52336359,56.2,0.752051,27.69449742
2024-12-30,48.69,16.72519317,7.58,16.8,2.27459871,2.2,71.8635645,28.5,13.67,12.6,116.06,7.11,7.44,33.2,8.52,16.6,3.0333303,20.13,6.8,25.664,22.5,0.538,279.0,18.8,25.25,6.5,2.79,2.51580861,55.5,0.755859,27.43168994
2024-12-31,48.11,16.63810547,7.25,16.29,2.11466599,2.21,71.4635649,28.89,13.475,12.66666667,114.22,6.89,7.37,33.14,8.43,16.99,2.98666368,20.2,6.9,26.224,22.35,0.556,280.74,18.15,24.08,6.4,2.73,2.48558868,53.65,0.755859,27.18700689
2025-01-02,48.91,16.78615456,7.37,17.0,2.16797689,2.25,71.363565,29.5,13.57,12.48666667,115.46,7.08,7.56,33.1,8.55,17.2,3.01333032,20.7,7.0,26.8,22.65,0.547,284.5,18.5,25.24,6.54,2.81,2.52336359,56.0,0.764426,27.73980895
2025-01-05,49.96,17.25207377,7.52,16.9,2.28348386,2.33,71.9181099,29.23,14.075,12.60666667,117.0,7.29,7.66,34.59,8.64,17.88,3.07999692,20.93,6.95,27.048,23.54,0.559,286.5,18.7,25.87,6.94,2.97,2.57624845,55.25,0.785369,28.45573368
2025-01-06,49.59,17.1257966,7.52,17.2,2.2390581,2.32,71.8453827,29.23,14.25,12.71333333,117.76,7.7,7.75,35.5,8.81,17.7,3.08999691,20.9,7.44,26.768,23.89,0.556,285.11,19.05,26.37,7.06,2.95,2.71979309,54.98,0.782514,28.00261738
2025-01-08,49.24,17.04741767,7.43,17.29,2.19463235,2.39,71.6817465,28.02,14.255,12.59333333,117.0,7.7,7.6,35.19,9.05,17.32,3.04666362,20.63,7.4,26.28,23.51,0.552,283.29,19.2,25.75,7.15,2.88,2.71979309,54.2,0.778706,27.93011873
2025-01-09,48.65,16.77744579,7.44,15.8,2.15020659,2.46,71.909019,27.55,14.01,12.53333333,120.01,7.86,7.52,35.2,8.93,17.36,3.01999698,20.8,7.3,26.096,23.67,0.546,283.1,18.75,25.05,7.11,2.89,2.66690822,53.5,0.770138,28.09324045
2025-01-12,48.12,16.56843531,7.45,15.5,2.15020659,2.56,70.454475,27.4,13.645,12.4,122.07,7.87,7.4,34.79,8.76,16.8,3.01333032,20.7,7.15,26.712,23.3,0.537,269.94,18.42,24.49,7.01,2.88,2.66690822,52.5,0.770138,27.79418317
2025-01-13,51.0,16.89501419,7.76,15.0,2.12355114,2.45,69.3272034,27.8,13.755,12.16,121.78,8.35,7.2,34.73,8.68,17.05,3.00666366,20.3,6.62,26.248,22.71,0.521,262.0,18.3,24.46,6.83,2.82,2.57624845,51.8,0.760618,27.36825398
2025-01-14,51.5,16.29846343,7.53,14.51,2.07912538,2.4,66.999933,27.7,13.665,11.66666667,122.0,7.91,6.95,34.5,8.35,16.7,3.00999699,19.26,6.35,25.944,22.01,0.498,257.11,17.4,23.33,6.52,2.66,2.49314366,48.7,0.760618,28.02980449
2025-01-15,53.13,16.05026348,7.54,14.29,2.07912538,2.44,68.18175,27.52,13.73,11.65333333,125.96,8.01,6.8,34.5,8.2,16.5,2.98666368,19.45,6.5,25.568,21.78,0.505,255.16,17.49,23.6,6.56,2.67,2.49314366,52.72,0.755859,28.99947401
2025-01-16,54.01,16.19831257,7.8,15.54,2.08801053,2.47,68.636295,28.0,13.695,11.68666667,144.9,8.06,7.13,33.6,8.38,16.39,3.2666634,19.7,6.48,25.288,22.57,0.516,260.0,17.5,24.81,6.61,2.75,2.44781378,55.01,0.756811,29.73352317
2025-01-19,56.08,16.48570199,7.8,16.3,2.15909174,2.53,69.363567,27.52,14.25,11.74,149.3,8.38,7.15,34.5,8.43,16.6,3.23999676,20.12,6.51,25.6,23.68,0.52,260.2,18.37,24.9,6.6,2.71,2.46292374,55.19,0.770138,29.55227608
2025-01-20,56.04,16.55972654,7.81,17.34,2.19463235,2.66,69.5272032,27.96,14.495,11.85333333,155.05,8.3,7.19,34.21,8.41,16.7,3.35666331,20.0,6.5,25.648,24.81,0.534,261.86,18.0,24.5,6.78,2.73,2.4780337,54.64,0.762522,29.29853129
2025-01-21,55.0,16.11122487,7.69,16.6,2.16797689,2.66,68.9181129,27.65,14.235,12.06666667,148.99,8.2,7.02,33.8,8.41,16.56,3.32999667,20.0,6.38,25.6,24.12,0.537,262.0,18.1,24.33,6.74,2.68,2.46292374,54.0,0.764426,29.15353399
2025-01-22,54.0,16.11993364,7.7,17.95,2.23017295,2.59,69.454476,27.94,14.055,12.53333333,159.06,8.11,7.01,33.45,8.44,16.53,3.28333005,20.45,6.46,25.44,24.45,0.537,271.49,17.82,26.42,6.81,2.77,2.51580861,54.65,0.764426,29.8150845
2025-01-23,54.6,16.50311953,7.75,17.63,2.19463235,2.68,69.2272035,27.75,14.47,12.52666667,159.06,8.24,7.05,33.7,8.52,16.48,3.3666633,20.54,6.72,27.024,24.0,0.545,269.01,17.61,27.3,6.9,2.79,2.5989134,55.0,0.769186,29.45259032
2025-01-26,54.51,16.32894413,7.7,18.8,2.17686204,2.66,69.5362941,28.75,14.5,12.38666667,156.53,8.13,7.03,34.03,8.62,16.54,3.3666633,20.33,6.7,27.84,24.0,0.54,266.5,17.41,26.53,6.88,2.76,2.56113849,54.5,0.76633,29.04478555
2025-01-27,54.88,16.24185642,8.27,19.3,2.17686204,2.59,70.1090208,28.15,14.265,12.14666667,165.15,8.16,7.01,33.98,8.5,16.9,3.31333002,20.52,6.75,28.568,24.16,0.564,267.19,17.4,26.42,6.7,2.68,2.53091857,54.6,0.768234,28.72760385
2025-01-28,53.79,16.02413717,8.0,19.36,2.13243629,2.55,69.545385,28.41,14.075,11.82,160.1,7.93,6.85,33.5,8.43,16.37,3.24999675,20.8,6.77,28.352,25.61,0.541,262.1,17.43,25.9,6.61,2.62,2.53091857,54.02,0.760618,28.56448213
2025-01-29,53.4,15.98059332,8.27,18.85,2.12355114,2.58,69.4090215,28.4,14.05,11.75333333,157.25,8.01,6.9,33.79,8.38,16.49,3.33333,20.96,7.02,28.04,27.25,0.544,264.88,18.25,26.1,6.6,2.65,2.75756799,53.06,0.756811,28.60979367
2025-01-30,54.52,16.11122487,8.13,18.2,2.16797689,2.61,69.1908399,28.8,13.95,11.86,155.26,8.03,7.01,33.76,8.5,17.0,3.55666311,21.41,7.02,28.0,25.87,0.545,264.46,18.25,26.1,6.64,2.66,2.80289788,54.2,0.756811,28.79104076
2025-02-02,55.89,16.54666338,8.0,20.07,2.19463235,2.73,69.272658,29.13,14.0,12.07333333,152.9,8.03,6.93,34.16,8.6,16.97,3.67999632,21.4,6.76,28.024,25.6,0.537,263.57,17.9,25.2,6.55,2.62,2.71979309,54.67,0.756811,28.09324045
2025-02-03,55.7,16.85147034,8.04,20.05,2.13243629,2.7,69.4090215,28.51,13.89,12.0,157.58,8.74,6.86,33.74,8.47,16.55,3.58666308,21.7,6.9,28.464,27.63,0.521,265.92,17.81,25.15,6.51,2.64,2.81800784,54.0,0.753003,27.72168453
2025-02-04,55.38,16.76438264,7.92,19.75,2.23017295,2.65,69.7181121,28.4,13.805,11.81333333,158.02,8.53,6.83,33.25,8.33,16.54,3.59332974,21.41,6.74,28.0,26.1,0.52,269.46,17.34,25.07,6.34,2.58,2.76512297,53.7,0.745387,27.31387976
2025-02-05,54.52,16.93855804,7.92,19.45,2.24794325,2.66,69.5999304,27.9,13.85,11.84666667,154.0,8.6,6.86,33.3,8.4,16.29,3.5333298,21.5,6.67,27.616,26.1,0.533,267.0,17.66,25.4,6.4,2.65,2.80289788,53.0,0.746339,27.44075263
2025-02-06,54.43,16.93855804,7.88,18.63,2.24794325,2.69,70.454475,28.1,13.855,11.68666667,153.0,8.63,6.8,33.4,8.34,16.13,3.53666313,21.69,6.64,28.0,25.8,0.527,268.02,17.82,25.4,6.43,2.64,2.77267795,52.8,0.742531,27.27762996
2025-02-09,55.19,16.75131948,7.8,18.82,2.2035175,2.65,70.90902,29.95,13.9,11.73333333,152.58,8.56,6.77,34.04,8.31,16.26,3.5333298,21.65,6.58,28.392,25.9,0.54,266.3,17.9,25.32,6.48,2.62,2.71223811,52.8,0.752051,27.33200418
2025-02-10,55.75,17.19111237,7.75,19.44,2.19463235,2.68,70.3999296,30.45,13.79,11.68666667,154.22,8.77,6.78,33.88,8.38,16.28,3.48332985,21.99,6.45,30.016,25.5,0.539,268.52,17.63,25.39,6.4,2.58,2.69712815,51.9,0.752051,27.45887705
2025-02-11,56.1,17.01258259,7.75,20.4,2.21240265,2.77,70.0453845,30.0,14.15,11.56666667,146.65,8.84,6.81,33.95,8.4,16.01,3.5333298,22.48,6.34,30.0,25.6,0.59,269.0,17.51,25.07,6.44,2.56,2.61402336,51.2,0.751099,27.4951259
2025-02-12,57.5,16.57278969,7.66,19.83,2.15909174,2.65,70.1908389,29.93,13.68,11.06666667,144.0,8.5,6.68,34.2,8.16,15.63,3.35332998,21.6,6.12,28.888,24.09,0.544,267.0,17.11,24.5,6.1,2.42,2.49314366,50.9,0.747291,27.32294149
2025-02-13,56.0,16.71213001,7.8,20.5,2.14132144,2.66,70.545384,29.92,13.56,11.02,144.6,8.33,6.64,34.5,7.98,16.21,3.3666633,21.99,6.2,28.416,23.72,0.541,265.31,17.45,24.3,6.29,2.36,2.50069864,51.65,0.742531,27.18700689
2025-02-16,56.75,16.79050895,7.8,20.09,2.12355114,2.64,70.8999291,31.55,13.75,11.10666667,142.95,8.55,6.93,35.0,8.2,15.9,3.41332992,22.89,6.15,30.24,23.69,0.539,264.99,17.45,24.03,6.19,2.35,2.53091857,51.22,0.743483,27.13263266
2025-02-17,57.9,17.07354398,7.8,20.59,2.1857472,2.74,71.3726559,31.91,13.85,11.73333333,147.35,8.74,7.41,34.99,8.3,16.18,3.45332988,23.63,6.4,29.04,24.36,0.544,269.15,18.06,24.93,6.45,2.46,2.64424328,51.7,0.749195,27.44075263
2025-02-18,57.4,17.81378944,7.75,21.53,2.34567992,2.78,72.454473,31.0,13.995,11.6,145.47,8.6,7.51,35.01,8.08,16.8,3.45332988,23.21,6.45,29.44,24.61,0.55,269.23,18.28,24.75,6.37,2.43,2.64424328,50.77,0.748243,27.4951259
2025-02-19,58.0,17.8573333,7.98,21.75,2.38122052,2.88,72.0453825,31.0,14.0,11.54,142.43,8.57,7.55,36.49,8.05,16.65,3.45666321,24.25,6.42,30.024,24.6,0.553,268.34,18.2,24.52,6.35,2.44,2.72734807,51.0,0.759666,28.63698078
2025-02-20,59.35,17.90087715,8.01,21.46,2.31902446,2.87,72.6999273,31.0,14.065,11.58,139.4,8.62,7.55,37.04,8.27,16.7,3.51999648,25.16,6.51,29.232,24.51,0.553,268.13,19.2,24.96,6.36,2.5,2.77267795,51.39,0.751099,28.45573368
2025-02-23,59.0,17.69622105,8.11,23.0,2.24794325,2.93,71.81811,31.2,13.97,11.5,147.08,8.86,7.64,37.17,8.31,16.63,3.55666311,25.59,6.52,29.08,24.34,0.551,269.0,20.1,25.32,6.65,2.51,2.84822776,51.89,0.753955,29.01759844
2025-02-24,58.51,17.76153682,8.08,22.99,2.2390581,2.9,72.4908366,31.26,14.025,11.4,152.0,8.73,7.56,37.71,8.3,17.37,3.54999645,25.8,6.45,30.8,25.01,0.55,269.0,20.06,24.95,6.54,2.48,2.88600267,51.5,0.750147,28.27448754
2025-02-25,58.5,17.89216838,7.96,23.56,2.21240265,2.88,72.3999276,31.3,14.0,11.39333333,150.72,8.65,7.49,38.0,8.25,17.23,3.52332981,25.2,6.43,30.032,24.7,0.543,272.29,21.19,24.6,6.47,2.48,2.8331178,51.3,0.753003,28.12949025
2025-02-26,57.48,18.24051918,8.0,22.97,2.24794325,2.87,70.545384,31.3,14.495,11.26666667,152.0,8.69,7.69,38.01,8.15,17.2,3.45332988,25.1,6.59,29.48,24.54,0.53,268.91,20.76,24.66,6.37,2.5,3.11265209,50.76,0.753955,27.72168453
2025-02-27,58.22,18.33196127,7.9,22.93,2.221288,2.85,69.5544759,31.5,14.35,11.09333333,156.4,8.61,7.6,38.0,8.01,17.0,3.40332993,25.9,6.65,29.2,24.72,0.523,269.5,20.9,24.5,6.28,2.48,3.0673222,51.94,0.754907,27.32294149
2025-03-02,58.8,18.07505255,7.9,23.0,2.29,2.91,68.818113,31.0,14.25,10.68666667,157.98,8.54,7.67,38.0,8.0,17.19,3.4333299,26.0,6.64,28.624,24.59,0.524,269.0,22.01,24.5,6.25,2.43,3.12020707,54.0,0.753955,27.28669265
2025-03-03,58.75,18.02715431,7.95,23.26,2.35,2.94,69.545385,31.2,14.04,10.97333333,158.32,8.51,7.88,37.9,8.35,17.2,3.4666632,26.05,6.61,28.168,24.51,0.517,271.97,22.72,24.15,6.4,2.43,3.14287201,54.01,0.752051,28.18386352
2025-03-04,61.0,17.78330875,7.94,23.08,2.36,2.89,70.0999299,31.01,14.0,11.08666667,157.11,8.58,8.08,37.04,8.5,17.5,3.59332974,26.2,6.86,28.48,25.02,0.522,271.97,22.45,24.2,6.46,2.44,3.15798197,53.61,0.735867,27.984492
2025-03-05,60.2,17.70057543,7.88,23.73,2.26,2.87,69.3181125,30.8,13.945,11.00666667,159.0,8.65,8.11,37.6,8.42,17.3,3.57332976,26.02,6.73,28.696,25.05,0.527,277.01,22.9,24.24,6.4,2.43,3.24108676,53.07,0.737771,27.46793974
2025-03-06,60.94,17.77459998,7.74,22.88,2.26,2.86,70.454475,31.49,13.825,10.86666667,161.0,8.53,7.92,38.02,8.24,17.02,3.52999647,25.9,6.7,28.52,24.76,0.525,274.16,23.5,24.4,6.5,2.38,3.24108676,52.88,0.730156,27.44981436
2025-03-09,61.5,18.07069817,7.76,22.6,2.26,2.84,70.454475,31.25,13.75,10.73333333,161.0,8.57,8.37,37.7,8.26,17.1,3.5333298,27.0,6.68,28.24,24.55,0.533,273.0,23.2,24.62,6.54,2.37,3.18064692,52.93,0.723492,27.28669265
2025-03-10,60.5,18.07069817,7.76,22.67,2.25,2.89,70.7362929,30.65,13.85,11.07333333,160.1,8.52,8.6,37.9,8.39,17.03,3.56999643,27.8,7.3,28.072,24.4,0.54,269.0,23.8,24.6,6.76,2.41,3.30152661,53.0,0.719684,26.91513672
2025-03-11,59.95,17.91829469,7.86,23.96,2.17,2.86,70.818111,30.7,13.875,11.2,159.34,8.55,8.9,36.61,8.42,16.99,3.6333297,27.55,7.4,28.232,24.24,0.531,269.0,23.41,24.27,6.68,2.4,3.20331186,53.86,0.718732,27.09638382
2025-03-12,59.3,17.84862452,7.9,23.72,2.16,2.84,70.1726571,30.7,13.89,11.0,158.5,8.54,9.1,36.67,8.46,17.0,3.6333297,27.8,7.3,28.136,24.22,0.527,268.48,23.3,24.38,6.84,2.36,3.18064692,52.25,0.714924,27.40450283
2025-03-13,59.52,18.07069817,7.81,22.6,2.17,2.81,69.99993,30.7,13.86,10.76,163.77,8.56,9.07,36.98,8.62,18.55,3.5999964,27.85,7.57,28.64,24.27,0.526,268.9,24.71,24.33,6.94,2.35,3.34685649,52.2,0.714924,27.44981436
2025-03-16,58.73,18.53661737,7.82,22.79,2.14,2.94,70.0453845,31.11,13.85,10.91333333,174.0,8.55,9.3,36.75,8.9,18.7,3.59332974,27.35,8.0,28.424,24.31,0.527,272.39,25.3,24.39,6.81,2.34,3.49795611,53.53,0.709212,27.55856281
2025-03-17,59.2,18.81094363,7.94,22.85,2.22,3.08,69.7362939,30.25,13.8,11.52,173.09,8.5,9.31,36.61,9.14,18.46,3.6999963,27.8,7.82,28.464,26.28,0.526,270.0,25.0,24.35,6.85,2.36,3.39974136,54.0,0.700645,27.32294149
2025-03-18,58.21,18.72385593,7.85,22.59,2.19,3.0,70.8453837,30.88,13.81,11.46666667,176.0,8.37,8.95,36.7,9.26,18.4,3.6333297,28.2,7.76,27.216,26.2,0.522,276.01,25.51,23.9,6.73,2.35,3.29397163,53.8,0.705405,26.92419941
2025-03-19,57.43,18.72821032,7.78,22.28,2.24,3.01,70.90902,31.25,13.735,11.3,189.01,8.3,8.8,37.0,9.38,18.2,3.78332955,28.3,8.25,26.472,25.7,0.523,278.87,25.64,23.78,7.2,2.39,3.28641665,54.4,0.700645,27.08732113
2025-03-20,56.05,18.78917171,7.73,23.41,2.21,2.93,70.999929,31.0,13.8,11.08666667,186.0,8.07,8.66,37.1,9.25,17.98,3.73666293,28.0,8.53,26.16,25.33,0.57,276.5,24.78,23.3,7.35,2.39,3.33930151,53.6,0.685413,26.93326115
2025-03-23,57.08,18.83271556,7.69,22.64,2.19,3.01,71.727201,33.0,14.1,11.18,178.65,8.13,8.65,36.7,9.09,19.5,3.71332962,28.46,8.59,25.2,25.5,0.588,275.0,24.98,23.21,7.28,2.38,3.23353178,53.95,0.695885,26.82451365
2025-03-24,57.0,19.03737166,7.73,22.49,2.18,3.04,74.3544711,32.27,14.06,11.18666667,183.45,8.2,8.8,36.83,9.3,18.85,3.71332962,28.1,8.51,25.2,26.62,0.616,279.96,24.8,22.98,7.48,2.36,3.29397163,53.53,0.703501,26.87888788
2025-03-25,55.74,18.98511904,7.68,22.51,2.14,3.0,74.454471,32.35,13.985,11.5,181.99,8.07,8.55,36.34,9.25,18.75,3.65332968,28.0,8.5,24.96,26.0,0.634,284.0,24.3,22.82,7.27,2.35,3.24108676,53.2,0.699693,26.67951636
2025-03-26,55.26,19.06349797,7.68,22.46,2.1,2.96,74.2817439,32.75,13.88,11.41333333,174.0,8.0,8.26,36.4,9.2,18.78,3.62332971,27.8,8.62,25.968,25.77,0.66,285.25,23.9,23.05,7.02,2.32,3.28641665,53.09,0.704453,26.24452352
2025-03-27,56.0,19.1113962,7.7,22.5,2.12,2.92,74.454471,32.53,13.895,11.30666667,171.21,8.05,8.32,36.24,9.35,19.66,3.64666302,27.32,8.73,25.176,25.64,0.663,282.01,23.9,23.23,6.96,2.36,3.2259768,52.92,0.701597,26.28077332
2025-04-03,56.86,18.71514716,8.0,22.67,2.09,2.97,74.9544705,33.25,13.88,11.36666667,174.5,8.05,8.29,35.5,9.6,20.25,3.64332969,27.5,8.87,26.4,26.09,0.655,290.06,23.5,23.03,7.07,2.36,3.32419155,53.1,0.705405,26.45295773
2025-04-06,56.15,18.58016122,7.93,22.6,2.12,2.99,72.454473,32.82,13.825,11.3,171.5,8.07,8.3,34.9,9.8,20.98,3.7333296,27.5,8.95,26.72,26.17,0.664,291.8,24.5,22.57,7.1,2.36,3.3846314,51.93,0.705405,26.67045367
2025-04-07,54.3,17.85297891,7.54,21.0,2.03,2.8,71.454474,32.13,13.575,10.80666667,162.7,7.72,8.0,33.66,9.07,20.99,3.82666284,26.15,8.6,26.2,24.94,0.615,280.0,23.0,21.97,6.77,2.26,3.17309194,49.6,0.684461,25.60109839
2025-04-08,52.75,17.61348773,7.57,21.14,2.03,2.79,71.0453835,31.77,13.525,10.90666667,160.05,7.77,8.1,33.95,8.81,21.14,3.79332954,26.7,8.8,25.2,25.24,0.633,278.02,23.09,22.04,6.65,2.26,3.28641665,48.02,0.687317,25.95452894
2025-04-09,52.2,17.71363859,7.67,21.65,2.04,2.78,69.4726578,34.01,13.635,11.00666667,161.1,7.84,8.2,34.15,9.08,21.2,3.7999962,27.23,8.8,25.048,25.05,0.641,277.07,23.13,22.9,6.66,2.28,3.32419155,48.0,0.685413,25.96359162
2025-04-10,51.21,17.3304527,7.42,20.0,2.0,2.63,69.09084,33.6,13.6,10.73333333,158.54,7.36,8.11,34.0,8.9,21.6,3.58332975,26.11,8.85,24.16,24.54,0.608,270.0,21.75,22.9,6.29,2.29,3.27886167,46.9,0.690173,25.02110826
2025-04-13,52.04,17.64396843,7.55,20.62,2.02,2.71,71.8090191,33.52,13.645,11.2,160.0,7.66,8.32,34.29,9.19,21.76,3.64999635,26.53,9.44,25.08,24.73,0.661,272.0,22.3,22.8,6.41,2.33,3.37707642,47.8,0.690173,25.69172146
2025-04-14,52.68,17.7397649,7.63,21.57,2.04,2.75,71.363565,34.83,13.745,11.24666667,160.0,7.75,8.55,34.0,9.32,21.29,3.70999629,27.96,9.58,25.32,25.0,0.653,272.81,22.56,23.4,6.53,2.57,3.43751626,48.14,0.693029,26.15390045
2025-04-15,52.81,17.84427014,7.69,22.66,2.02,2.85,70.181748,34.0,13.87,11.54,160.25,8.05,8.46,34.68,9.6,22.95,3.72666294,28.62,9.51,26.368,26.25,0.644,272.55,22.3,23.75,6.52,2.61,3.40729634,47.96,0.694933,26.19015025
2025-04-16,52.85,18.39727705,7.71,22.61,2.05,2.86,69.818112,33.5,13.78,12.03333333,161.0,8.02,8.35,35.28,9.77,23.0,3.72666294,28.64,9.4,25.84,26.38,0.65,274.03,23.08,23.5,6.66,2.72,3.34685649,48.7,0.694933,26.73389058
2025-04-17,52.06,18.13165956,7.68,22.11,2.05,2.84,69.99993,33.8,13.705,11.90666667,159.06,7.96,8.16,34.85,9.7,22.35,3.67666299,28.06,9.08,25.256,26.12,0.683,273.91,22.8,23.07,6.54,2.68,3.26375171,48.39,0.700645,26.53451906
2025-04-22,52.11,17.96183854,7.64,21.88,2.03,2.82,70.636293,33.8,13.6,11.91333333,159.01,8.0,8.2,34.0,9.5,23.69,3.68332965,28.2,8.8,24.96,26.78,0.662,273.43,23.1,23.01,6.52,2.8,3.24864174,48.55,0.698741,26.55264349
2025-04-23,51.65,17.7963719,7.65,22.05,2.05,2.82,70.2362934,33.02,13.77,11.79333333,160.51,7.97,8.4,33.9,9.58,22.7,3.66999633,27.76,8.89,24.88,26.67,0.67,272.39,22.8,23.19,6.53,2.78,3.23353178,48.28,0.697789,26.63420482
2025-04-27,52.6,18.02279993,7.73,22.98,2.17,2.86,72.2635641,34.13,13.75,12.19333333,167.0,8.08,8.37,34.06,10.2,22.99,3.70332963,28.45,8.88,24.728,26.66,0.675,274.0,23.3,23.49,6.62,2.86,3.29397163,49.99,0.700645,26.65232925
2025-04-28,53.23,18.14472271,7.8,23.08,2.22,2.91,72.6544728,34.49,13.5,12.53333333,170.63,8.3,8.58,34.58,10.2,23.0,3.71332962,28.57,9.0,25.12,26.45,0.671,275.0,24.12,22.3,6.86,2.85,3.35441148,50.51,0.662566,25.60109839
2025-04-29,52.91,18.17955779,7.8,24.0,2.2,2.95,73.181745,35.1,13.645,12.47333333,169.05,8.25,8.92,34.65,10.35,22.9,3.73999626,29.19,8.93,25.328,27.0,0.69,274.1,24.21,22.22,6.86,2.96,3.51306607,50.23,0.66447,25.32922823
2025-04-30,54.0,18.26229111,7.8,24.1,2.17,2.92,72.6908364,35.0,13.645,12.53333333,174.97,8.27,8.9,34.4,10.66,22.5,3.70999629,28.85,8.85,25.208,27.23,0.681,277.0,23.8,21.98,6.76,2.92,3.43751626,51.65,0.66923,25.07548249
2025-05-04,53.97,18.03586308,7.75,23.94,2.18,2.84,73.6090173,35.0,13.575,12.53333333,171.1,8.39,8.92,34.59,10.66,22.51,3.71666295,28.51,8.81,25.12,28.14,0.673,275.6,24.0,21.87,6.72,2.94,3.57350592,51.93,0.663518,25.1026696
2025-05-05,54.99,17.75718244,7.77,24.04,2.23,2.98,73.363563,35.48,13.625,12.86,174.21,8.42,8.93,35.11,10.66,22.64,3.82666284,28.7,8.84,25.04,27.79,0.674,276.02,24.8,22.3,7.03,2.88,3.55084098,52.78,0.66447,25.17516824
2025-05-06,54.99,17.46108425,7.74,24.5,2.24,2.94,73.5181083,34.51,13.65,12.63333333,168.26,8.3,8.78,35.8,10.6,22.27,3.77666289,28.5,9.2,24.64,27.61,0.688,275.0,24.67,23.05,7.08,2.88,3.51306607,53.4,0.66447,25.01204653
2025-05-07,55.2,17.46979302,7.72,24.45,2.25,2.89,74.4453801,34.82,13.685,12.64666667,167.6,8.31,8.9,35.99,10.71,21.99,3.77666289,28.25,9.2,23.992,27.75,0.685,277.96,24.76,22.9,7.07,2.86,3.52817603,52.6,0.663518,25.02110826
2025-05-08,53.87,16.92549488,7.66,25.0,2.33,2.83,72.7272,34.68,13.62,12.38666667,164.37,8.15,8.71,35.2,10.23,21.6,3.7666629,28.0,9.14,22.608,27.7,0.7,274.94,23.81,22.5,7.01,2.81,3.45262623,53.5,0.66447,24.80361232
2025-05-11,53.4,17.03435451,7.62,26.78,2.38,2.86,72.5908365,34.68,13.55,12.3,161.0,8.17,8.8,35.27,10.22,21.32,3.7666629,27.8,9.0,22.544,29.05,0.717,272.0,23.3,22.56,6.9,2.8,3.43751626,53.6,0.665422,24.6404906
2025-05-12,53.38,17.03000013,7.56,26.4,2.32,2.81,71.454474,34.22,13.5,12.22,155.85,8.04,8.7,35.0,9.8,21.34,3.69666297,27.7,9.16,22.416,28.54,0.7,269.0,22.7,22.39,6.73,2.75,3.44507124,53.6,0.66447,24.54080484
2025-05-13,54.01,17.63525966,7.56,25.53,2.31,2.73,72.2272005,34.5,13.55,12.36,157.99,8.0,8.62,35.21,9.9,21.59,3.6999963,27.93,9.24,22.24,28.69,0.736,266.0,22.6,22.25,6.76,2.82,3.47529117,53.0,0.666374,24.45018177
2025-05-14,53.55,17.76589121,7.52,25.79,2.33,2.72,72.7272,34.54,13.5,12.52666667,157.76,8.0,8.8,35.4,9.7,21.75,3.6999963,28.0,9.5,22.088,29.95,0.747,269.17,23.4,22.2,6.84,2.78,3.52817603,53.2,0.665422,24.16924892
2025-05-15,52.31,17.53075441,7.5,26.09,2.4,2.72,73.9908351,34.8,13.5,12.5,156.36,7.96,8.84,35.1,9.92,21.74,3.70666296,28.0,9.7,21.68,29.67,0.751,269.0,23.27,22.2,6.89,2.77,3.58861588,52.93,0.663518,24.23268583
2025-05-18,52.8,17.72234736,7.47,25.86,2.37,2.69,73.818108,34.89,13.48,12.57333333,157.17,7.92,8.94,35.25,10.14,20.99,3.71666295,28.75,9.5,22.752,29.82,0.75,268.0,23.1,22.0,6.87,2.72,3.57350592,52.99,0.666374,24.35049602
2025-05-19,51.95,17.4480211,7.43,25.86,2.37,2.63,73.3453812,34.05,13.305,12.63333333,154.41,8.03,9.1,35.03,9.95,20.53,3.65999634,29.55,9.39,22.136,29.5,0.757,265.0,22.85,21.87,6.79,2.7,3.48284615,53.0,0.65971,24.19643603
2025-05-20,51.0,17.14321414,7.4,25.82,2.36,2.67,72.090837,33.98,13.255,12.3,150.94,7.85,9.11,34.91,9.9,20.31,3.69332964,29.7,9.41,22.024,28.71,0.745,262.54,22.65,21.68,6.64,2.76,3.46773619,52.0,0.658758,23.60738417
2025-05-21,51.04,17.16063168,7.42,26.27,2.55,2.78,72.5181093,33.0,13.245,12.4,150.0,7.78,9.17,35.91,10.67,21.26,3.68666298,30.3,10.0,21.928,29.76,0.758,261.13,22.9,21.56,6.74,2.77,3.47529117,51.6,0.661614,22.90958481
2025-05-22,49.81,17.96183854,7.42,26.49,2.66,2.83,72.8271999,32.6,13.325,12.66666667,148.0,7.63,9.45,37.01,11.2,21.85,3.6999963,30.81,9.9,21.688,33.62,0.752,258.28,22.8,21.35,6.82,2.76,3.40729634,51.0,0.658758,23.10895538
2025-05-25,49.0,18.15778587,7.44,26.5,2.8,2.79,72.636291,32.56,13.49,12.76666667,150.0,7.7,9.5,37.0,11.5,21.4,3.80332953,31.75,9.75,21.696,36.12,0.762,256.08,22.52,21.44,7.05,2.7,3.40729634,51.01,0.655903,23.38082554
2025-05-26,48.5,18.04892624,7.53,26.51,2.94,2.77,72.636291,32.58,13.52,13.18,151.5,7.67,9.7,36.31,11.65,21.0,3.80666286,31.11,9.5,21.84,35.72,0.8,256.26,22.87,22.17,7.29,2.69,3.43751626,51.01,0.650191,23.37176381
2025-05-27,49.0,18.24051918,7.52,26.53,2.81,2.75,72.636291,32.6,13.56,13.08666667,159.0,7.63,9.71,36.26,11.21,21.6,3.90666276,30.31,9.3,21.728,37.6,0.785,256.53,23.2,22.27,7.36,2.63,3.41485132,51.13,0.651143,23.29020247
2025-05-28,49.4,18.38856828,7.52,26.76,3.0,2.81,73.8635625,32.21,13.49,12.93333333,156.56,7.65,9.85,37.9,11.31,22.96,3.92666274,30.35,9.5,22.232,37.95,0.81,259.9,23.48,22.5,7.7,2.82,3.45262623,53.9,0.652095,23.29020247
2025-05-29,49.0,18.59757876,7.5,26.51,2.94,2.77,73.999926,32.49,13.355,12.80666667,154.5,7.6,9.9,36.99,11.54,22.5,3.89332944,30.82,9.43,21.992,38.0,0.833,257.52,23.76,22.2,7.67,2.74,3.44507124,55.0,0.657806,23.78863126
2025-06-01,48.32,18.78917171,7.46,29.0,3.05,2.81,75.3181065,33.35,13.11,12.83333333,156.0,7.58,9.67,36.13,11.41,22.45,3.95999604,31.33,9.3,21.808,39.21,0.843,257.73,23.8,22.01,8.02,2.74,3.40729634,55.0,0.652095,23.40801265
2025-06-02,48.4,19.03737166,7.45,31.01,3.08,2.84,73.3181085,32.61,13.255,12.57,157.31,7.57,9.65,37.0,11.4,23.71,3.90999609,30.35,9.16,21.648,42.42,0.87,259.0,23.55,22.12,7.99,2.75,3.42996128,56.9,0.653047,23.20864114
2025-06-03,49.0,19.69923819,7.45,34.28,3.05,2.82,73.0544724,32.17,13.355,12.32,162.0,7.58,9.36,37.55,11.19,23.02,3.49332984,29.87,9.37,21.6,44.44,0.851,269.4,22.8,21.98,7.95,2.74,3.40729634,56.4,0.653047,23.24489094
2025-06-04,49.09,19.81245221,7.48,33.92,2.95,2.82,73.63629,32.17,13.42,12.35,163.21,7.83,9.4,37.77,10.93,22.37,3.44999655,29.7,9.24,21.88,46.12,0.835,274.01,22.66,22.21,8.04,2.8,3.39974136,56.96,0.649239,23.34457669
2025-06-10,49.89,19.75149081,7.49,32.19,3.13,2.92,74.4453801,32.3,13.5,12.6,159.11,7.89,9.35,37.5,11.06,24.0,3.4333299,30.0,9.28,22.16,44.3,0.865,272.03,22.78,22.37,8.23,2.86,3.3846314,57.12,0.654951,23.66175839
2025-06-11,50.76,20.85750463,7.56,31.87,3.24,2.95,73.545381,31.8,13.6,12.63,162.94,7.97,9.56,37.15,11.45,23.54,3.4999965,30.61,9.45,22.328,42.64,0.91,277.0,22.95,23.1,8.57,2.9,3.45262623,58.5,0.653047,24.10581296
2025-06-12,50.45,20.94459233,7.54,31.17,3.3,2.86,75.0453795,30.9,13.45,12.44,166.0,7.91,9.34,37.5,11.2,24.49,3.46999653,30.58,9.33,22.168,42.0,0.93,278.98,23.3,23.21,8.5,3.03,3.51306607,57.7,0.656854,24.06050143
2025-06-15,49.9,20.047589,7.44,31.5,3.2,2.79,74.090835,31.24,13.21,12.34,167.55,7.68,9.55,37.37,11.1,24.09,3.37666329,30.7,9.23,21.776,42.02,0.903,274.42,22.71,22.6,8.15,2.88,3.42996128,55.99,0.648287,23.29020247
2025-06-16,47.19,19.34217861,7.22,30.68,3.09,2.59,70.90902,30.23,12.59,11.59,157.05,7.27,8.88,36.79,11.0,21.82,3.19666347,26.9,8.89,20.528,40.07,0.87,270.0,20.2,21.41,7.94,2.67,3.21842182,54.0,0.635911,22.28428315
2025-06-17,47.0,19.33346984,7.19,31.46,3.07,2.59,71.909019,30.0,13.0,11.41,159.0,7.34,8.85,36.38,10.9,22.0,3.20666346,26.48,8.7,20.96,42.54,0.855,284.96,19.55,21.32,7.83,2.74,3.27886167,53.91,0.623536,22.15741028
2025-06-18,46.15,18.46259282,7.09,31.55,3.04,2.51,72.545382,29.89,12.85,11.07,157.0,7.08,8.99,35.88,10.62,21.86,3.04666362,25.23,8.52,20.48,45.72,0.812,282.0,18.87,21.16,7.71,2.63,3.20331186,53.73,0.613064,22.0758499
2025-06-19,46.24,18.72385593,7.06,31.7,3.12,2.55,72.7362909,29.0,12.79,11.21,156.91,7.04,8.93,36.04,11.06,21.88,3.03999696,24.73,8.52,20.416,47.75,0.801,290.0,19.39,22.0,7.83,2.72,3.18064692,54.47,0.617824,22.12116143
2025-06-22,45.97,18.72385593,7.01,32.5,3.04,2.46,71.4726558,27.85,13.0,11.2,155.51,6.92,8.88,36.0,11.06,21.8,3.00333033,24.06,8.4,20.08,49.47,0.858,284.5,19.0,21.0,7.75,2.65,3.17309194,51.3,0.614016,21.47773535
2025-06-23,46.84,19.39443124,7.05,33.0,3.23,2.59,72.545382,29.05,12.92,11.3,158.36,7.09,8.85,36.34,11.71,22.64,3.06333027,25.65,8.75,20.2,48.8,0.919,289.99,19.4,22.2,7.96,2.77,3.28641665,53.0,0.62544,21.96710145
2025-06-24,46.41,19.38572247,7.61,32.8,3.39,2.69,71.9272008,29.15,13.24,11.54,159.23,7.23,8.9,37.49,12.01,22.5,3.0999969,27.5,8.7,21.16,49.05,0.934,300.0,19.65,23.0,8.22,2.79,3.33174653,53.0,0.629248,22.0758499
2025-06-25,47.89,20.03017146,7.55,34.62,3.55,2.71,75.272652,30.5,13.32,12.47,160.11,7.45,9.27,37.4,12.35,22.8,3.20666346,28.1,9.26,21.816,51.39,0.994,310.0,21.4,23.69,8.67,2.8,3.41485132,54.88,0.646383,22.57427774
2025-06-29,48.89,20.30014334,7.54,37.0,3.67,2.82,76.272651,30.5,13.48,12.68,157.0,7.59,9.5,37.93,12.65,23.69,3.2333301,27.39,9.47,22.144,57.68,1.05,315.0,21.4,24.25,9.06,2.85,3.47529117,55.69,0.647335,23.10895538
2025-06-30,50.39,20.94459233,7.65,37.22,3.64,2.89,77.2181046,30.1,13.26,12.9,159.0,7.62,9.47,38.3,12.47,23.49,3.25999674,27.01,9.4,21.84,55.13,1.01,328.98,21.41,24.04,9.03,2.89,3.41485132,56.85,0.647335,23.1995794
2025-07-01,50.0,20.11725916,7.43,37.0,3.72,2.86,76.636287,30.0,13.27,12.8,158.34,7.55,9.32,38.0,12.05,22.9,3.21333012,26.21,9.14,21.784,52.73,0.97,331.0,21.47,23.91,9.0,3.15,3.36196646,55.55,0.653999,23.24489094
2025-07-02,49.0,20.11725916,7.36,36.21,3.47,2.85,77.2362864,30.99,12.81,12.46,158.02,7.5,9.27,37.88,12.05,21.55,3.15666351,25.75,9.09,21.32,53.7,1.03,340.0,21.09,23.59,8.8,3.2,3.27130669,55.0,0.658758,22.565216
2025-07-06,48.6,20.30014334,7.39,36.26,3.52,2.89,76.7635596,31.25,12.87,12.4,158.1,7.45,9.17,37.16,12.2,21.9,3.18999681,26.02,9.19,21.328,54.4,1.12,355.0,21.72,23.65,9.17,3.19,3.33174653,55.51,0.653999,22.65583907
2025-07-07,48.51,20.32626965,7.41,36.36,3.56,2.91,75.727197,31.8,12.9,12.61,163.0,7.59,9.3,38.2,12.56,22.2,3.2333301,25.6,9.62,21.6,55.0,1.11,358.97,21.81,23.5,9.2,3.18,3.34685649,56.29,0.644479,22.69208887
2025-07-09,49.55,20.32626965,7.7,34.82,3.5,3.02,75.9271968,31.97,12.9,12.42,166.98,8.44,9.12,39.25,12.86,21.94,3.19333014,25.08,9.5,21.912,53.31,1.16,358.98,21.6,23.13,9.16,3.3,3.32419155,56.5,0.650191,23.47144956
2025-07-10,49.1,20.02146269,7.7,33.87,3.5,3.19,76.36356,31.9,13.34,12.5,172.0,8.37,9.3,38.35,13.01,23.0,3.18999681,24.47,9.5,22.8,52.76,1.14,354.99,21.45,23.0,9.44,3.35,3.47529117,56.77,0.649239,23.65269571
2025-07-13,50.25,19.60344172,7.6,33.99,3.48,3.26,77.2181046,31.99,13.69,12.54,171.0,8.32,9.18,38.7,13.02,23.56,3.23666343,24.75,9.47,23.2,51.1,1.15,360.02,21.45,23.11,9.16,3.32,3.4224063,56.58,0.654951,24.10581296
2025-07-14,49.61,19.62956803,7.55,34.98,3.41,3.16,76.4726508,32.03,13.68,12.19,170.0,8.4,9.05,37.25,13.25,23.75,3.20999679,24.53,9.5,23.032,52.26,1.14,359.97,21.17,23.51,8.96,3.28,3.46773619,55.56,0.653047,23.38082554
2025-07-15,49.99,20.02146269,7.64,34.9,3.54,3.29,79.0726482,33.5,13.65,12.3,166.73,9.26,9.2,38.44,13.16,23.5,3.22666344,25.35,9.51,22.904,53.53,1.14,375.5,21.31,23.97,9.15,3.38,3.43751626,56.31,0.653047,23.81581838
2025-07-16,51.69,20.84008709,7.71,34.66,3.56,3.23,80.90901,33.0,13.7,12.23,173.69,9.62,9.06,39.35,12.65,24.0,3.35666331,24.91,9.53,23.4,53.0,1.09,378.0,21.3,23.61,8.92,3.25,3.35441148,56.49,0.647335,23.54394821
2025-07-17,51.66,20.82266955,7.87,33.87,3.46,3.17,79.9817382,32.1,13.55,12.13,175.85,10.2,9.09,38.25,12.29,24.13,3.30333003,24.92,9.6,23.328,52.3,1.12,374.44,21.02,23.3,8.8,3.38,3.30908159,54.7,0.649239,23.35363938
2025-07-20,51.8,20.90104848,7.77,32.86,3.37,3.21,81.7999182,32.5,14.6,12.13,177.0,10.52,9.1,38.37,12.45,24.81,3.32999667,25.01,9.67,23.112,53.8,1.14,374.99,21.34,23.2,8.83,3.27,3.37707642,55.0,0.650191,23.19051671
2025-07-21,52.7,21.07522388,7.75,33.39,3.51,3.22,81.8181,33.01,14.88,12.11,178.0,10.5,9.0,38.32,12.69,24.88,3.37999662,25.0,10.0,23.32,61.0,1.22,385.0,22.3,23.55,8.77,3.26,3.41485132,55.2,0.650191,23.38082554
2025-07-22,51.55,20.90104848,7.68,33.5,3.49,3.09,83.181735,33.0,15.49,12.46,175.26,10.03,8.88,37.63,12.53,24.01,3.32333001,25.01,10.33,23.04,58.3,1.2,378.27,22.22,23.28,8.73,3.24,3.40729634,54.98,0.652095,23.15426786
2025-07-23,50.5,20.59624152,7.52,35.51,3.49,3.1,82.363554,32.6,15.91,12.27,175.0,9.72,8.81,37.61,12.5,23.41,3.29333004,25.0,10.23,22.48,60.0,1.22,380.1,21.76,23.08,8.56,3.18,3.36196646,54.22,0.653,24.37
2025-07-27,50.55,20.50915382,7.5,36.92,3.54,3.09,83.63628,33.0,15.93,12.3,173.02,9.79,8.57,38.93,12.39,23.43,3.28333005,24.81,10.35,22.64,59.0,1.35,393.8,22.6,23.25,8.6,3.19,3.35441148,55.5,0.66,23.55
2025-07-28,51.3,21.15360282,7.65,36.98,3.6,3.09,86.3544591,33.0,16.3,12.39,175.0,9.94,8.42,39.77,13.01,23.6,3.29666337,24.51,10.34,22.896,60.09,1.34,393.98,22.66,23.23,8.51,3.16,3.35441148,54.62,0.65,23.19
2025-07-29,50.85,20.63978537,7.55,36.5,3.51,2.99,86.272641,32.46,15.71,12.04,170.0,9.61,8.41,38.99,13.05,24.1,3.22999677,23.8,10.27,22.808,61.0,1.27,386.01,22.0,22.7,8.19,3.05,3.28641665,52.7,0.653,23.03
2025-07-30,50.2,20.82266955,7.47,36.5,3.54,3.03,85.181733,33.0,17.0,12.3,168.61,9.93,8.38,40.19,13.04,24.5,3.1999968,23.36,10.3,22.752,63.13,1.26,383.25,22.5,22.49,8.07,3.13,3.31663657,53.13,0.658,23.1
2025-07-31,50.01,20.11725916,7.25,38.0,3.22,3.02,85.727187,34.0,17.4,11.9,166.02,9.95,8.31,40.14,12.5,24.3,3.1666635,23.11,9.9,22.92,75.7,1.13,395.0,22.09,22.33,8.16,3.12,3.27130669,52.53,0.657,22.8
2025-08-03,49.7,20.77041693,7.37,39.03,3.37,3.06,85.545369,33.95,17.05,12.2,168.48,10.15,8.51,41.0,12.85,25.49,3.22999677,23.79,10.0,22.96,79.0,1.16,393.99,22.5,22.45,8.29,3.17,3.40729634,53.3,0.66,23.01
2025-08-04,50.51,20.67462045,7.31,39.0,3.26,3.07,84.999915,35.04,17.24,12.35,165.5,10.2,8.5,41.9,12.84,25.23,3.25666341,23.5,9.95,23.36,83.88,1.12,393.99,22.13,22.26,8.15,3.15,3.4224063,53.68,0.66,23.01
2025-08-05,50.76,20.90104848,7.4,38.61,3.25,3.22,86.909004,36.0,17.5,12.84,167.5,10.5,8.36,42.55,12.66,25.09,3.28333005,23.25,10.02,23.2,83.1,1.11,389.0,22.17,22.38,8.23,3.14,3.39974136,54.94,0.661,23.2
2025-08-06,51.26,20.89233971,7.43,39.0,3.24,3.25,88.999911,37.97,18.2,13.0,169.9,10.88,8.44,42.22,12.85,24.8,3.31999668,23.56,10.25,23.352,79.15,1.08,390.0,22.41,22.54,8.26,3.15,3.43751626,55.28,0.665,23.98
2025-08-07,51.79,20.53528013,7.39,39.0,3.13,3.22,90.454455,38.49,17.99,13.0,168.25,10.91,8.5,44.26,13.1,24.21,3.29666337,23.45,10.15,23.472,71.63,1.16,394.25,22.22,22.39,8.28,3.22,3.3846314,55.26,0.661,23.8
2025-08-10,53.1,20.77041693,7.38,38.5,3.1,3.15,90.999909,39.2,17.3,13.82,169.0,10.9,8.73,44.5,13.02,24.5,3.29333004,23.44,10.15,23.6,74.79,1.19,386.0,22.2,22.5,8.28,3.21,3.4224063,55.93,0.664,23.79
2025-08-11,54.21,20.72687308,7.37,38.95,3.15,3.17,90.9180909,38.97,17.68,13.95,171.34,10.9,8.85,45.0,13.34,24.5,3.36332997,24.25,10.2,23.36,78.0,1.21,387.19,23.4,22.89,8.35,3.29,3.4224063,56.79,0.672,23.7
2025-08-12,53.6,19.82986975,7.31,38.99,3.07,3.1,89.99991,38.41,17.75,14.22,169.02,11.4,8.71,45.15,13.38,24.8,3.29666337,24.04,10.6,23.288,76.1,1.16,393.0,23.1,22.75,8.31,3.2,3.43751626,56.45,0.68,23.7
2025-08-13,53.57,20.03017146,7.3,39.0,3.11,3.05,90.454455,38.7,18.05,14.11,168.17,11.59,8.8,44.8,13.4,24.9,3.28666338,24.06,10.7,23.52,76.05,1.15,392.98,23.26,22.6,8.21,3.24,3.39218638,56.3,0.697,23.81
2025-08-14,52.61,19.85599606,7.26,39.08,3.08,2.86,90.7726365,38.27,18.29,14.16,164.0,11.41,8.65,44.8,13.13,24.51,3.25666341,24.21,10.7,23.44,79.1,1.13,389.5,22.8,22.73,8.19,3.21,3.30908159,56.0,0.704,24.17
2025-08-17,52.49,19.94308376,7.27,40.91,3.0,2.78,89.363547,38.0,18.24,13.95,163.39,11.51,8.62,45.0,13.2,24.98,3.24333009,24.05,10.61,23.44,79.01,1.14,394.0,23.12,22.65,8.08,3.2,3.27130669,55.5,0.695,23.88
2025-08-18,52.89,20.10855039,7.27,41.47,3.01,2.7,90.909,38.23,17.85,13.95,164.0,11.41,8.49,46.07,13.29,25.3,3.23666343,24.68,11.03,23.432,77.55,1.19,395.0,23.25,22.7,8.17,3.2,3.31663657,55.85,0.708,24.28
2025-08-19,52.4,19.76890835,7.5,43.8,3.04,2.69,90.545364,36.78,17.93,13.6,162.74,12.03,8.56,46.4,13.49,26.51,3.2666634,24.7,10.8,22.808,86.52,1.19,393.0,23.68,22.7,7.94,3.22,3.28641665,55.11,0.719,24.87
2025-08-20,52.5,19.59473295,7.48,45.73,3.1,2.76,91.7999082,36.9,17.7,13.77,162.97,12.1,8.47,46.8,13.78,26.47,3.2666634,24.89,10.8,22.8,84.5,1.25,385.1,24.05,23.1,7.96,3.24,3.30152661,55.21,0.715,25.01
2025-08-21,51.9,18.98511904,7.44,43.0,3.07,2.75,90.4635459,36.52,17.13,13.63,159.05,11.66,8.3,46.19,13.66,25.79,3.23666343,25.9,10.6,21.624,86.5,1.23,380.5,23.7,23.1,7.95,3.21,3.24864174,55.05,0.71,24.61
2025-08-24,52.26,18.81094363,7.41,41.93,3.05,2.76,89.99991,36.5,18.0,13.6,159.05,11.75,8.35,46.0,13.59,26.09,3.23666343,25.75,10.69,21.632,83.5,1.19,382.0,23.65,22.95,7.9,3.16,3.1882019,55.01,0.71,24.91
2025-08-25,51.86,18.53226299,7.45,41.37,3.09,2.76,89.5544559,37.84,17.66,13.95,159.1,11.6,8.3,46.2,13.72,26.0,3.2666634,26.3,10.71,21.52,91.0,1.18,386.0,23.3,23.1,7.85,3.16,3.15042699,55.26,0.71,25.58
2025-08-26,52.25,18.50613668,7.42,41.76,3.1,2.8,90.0180918,37.5,17.3,14.08,159.1,11.06,8.32,46.23,13.72,25.8,3.32333001,26.18,10.71,21.6,89.75,1.15,385.54,23.15,23.0,7.86,3.12,3.25619672,54.77,0.709,25.52
2025-08-27,52.2,18.5583893,7.33,40.45,3.17,2.84,88.18173,37.48,17.2,13.85,159.24,11.0,8.3,46.0,13.4,25.59,3.30333003,25.75,10.5,21.208,84.2,1.15,380.0,23.2,22.74,7.78,3.05,3.31663657,53.9,0.706,25.34
2025-08-28,52.11,18.42775774,7.38,40.17,3.15,2.84,89.0817291,39.0,17.03,13.7,158.09,10.87,8.27,46.79,13.49,25.17,3.2999967,25.8,10.65,21.104,83.73,1.17,388.0,22.85,22.6,7.75,3.17,3.25619672,55.0,0.715,25.07
2025-08-31,52.59,18.46259282,7.4,40.71,3.14,2.8,88.2999117,38.7,17.11,13.89,159.6,11.2,8.34,46.33,13.8,25.5,3.31999668,26.09,10.78,21.696,81.4,1.16,389.99,23.18,22.7,8.09,3.17,3.23353178,55.46,0.711,24.99
2025-09-01,52.13,18.05328062,7.36,39.1,3.07,2.72,87.7362759,37.99,16.99,13.42,157.0,11.01,8.0,45.5,13.32,24.97,3.25666341,25.61,10.21,21.016,77.0,1.13,400.0,22.3,22.27,7.71,3.07,3.15042699,54.72,0.707,24.31
2025-09-02,52.63,18.04457185,7.38,39.11,3.09,2.73,86.3726409,38.4,16.86,13.44,157.5,11.05,8.05,45.9,13.3,24.99,3.28999671,26.09,10.39,21.04,77.16,1.14,405.0,22.7,22.29,8.0,3.11,3.09754213,55.0,0.71,24.33
2025-09-03,53.89,18.11424202,7.37,39.1,3.07,2.7,87.27264,37.6,16.99,13.3,157.25,11.06,8.1,46.19,13.32,24.94,3.34999665,25.71,10.58,20.824,77.61,1.14,396.6,22.3,22.24,7.96,3.14,3.08243217,54.5,0.715,24.26
2025-09-07,52.82,18.04457185,7.31,38.15,3.01,2.63,87.27264,37.23,16.98,13.08,155.25,11.0,8.19,45.05,13.05,24.17,3.32999667,25.48,10.15,20.84,75.0,1.14,393.7,21.79,22.16,7.71,3.07,3.0673222,53.2,0.715,24.1
2025-09-08,52.21,17.94877538,7.31,37.0,3.08,2.63,85.545369,37.03,16.86,12.87,158.0,11.24,8.51,45.0,13.05,23.6,3.2999967,25.15,10.55,20.64,73.49,1.17,393.38,22.1,21.77,7.52,3.02,3.10509711,52.61,0.717,24.01
2025-09-09,53.41,17.52204564,7.32,36.99,3.09,2.46,87.1635492,37.18,16.9,12.38,155.6,11.21,8.7,45.73,13.14,23.26,3.29333004,25.0,10.38,20.4,70.72,1.26,392.0,22.08,21.8,7.49,3.14,3.12776205,52.78,0.714,23.98
2025-09-10,52.5,17.49591933,7.31,38.04,3.1,2.46,85.45446,38.99,16.6,12.27,152.23,11.2,8.57,44.1,13.15,23.5,3.31333002,25.0,10.25,20.32,74.94,1.2,392.0,22.0,21.71,7.3,3.06,3.0673222,52.35,0.713,23.76
2025-09-11,52.88,17.80943506,7.42,38.03,3.15,2.52,86.2544592,38.5,16.25,12.46,152.66,11.23,8.5,44.8,13.3,23.46,3.31666335,25.71,10.5,20.8,74.95,1.17,394.45,21.8,21.5,7.26,3.14,3.08243217,52.9,0.715,24.0
2025-09-14,53.5,17.7397649,7.41,38.63,3.12,2.45,87.2635491,38.23,16.39,12.74,156.74,11.5,8.47,46.02,13.65,23.78,3.36332997,25.7,10.49,21.512,75.07,1.19,400.0,21.95,21.73,7.1,3.06,3.15042699,52.99,0.715,23.96
2025-09-15,54.05,18.07069817,7.43,39.0,3.12,2.41,87.727185,38.0,16.15,12.62,155.0,11.7,8.48,46.96,13.7,23.6,3.4666632,25.5,10.62,21.136,75.08,1.28,418.99,22.01,21.6,7.32,3.04,3.18064692,53.9,0.718,24.28
2025-09-16,54.48,18.02715431,7.39,40.15,3.08,2.39,89.0362746,38.0,16.28,12.3,154.2,11.5,8.3,47.71,13.41,22.27,3.44666322,25.43,10.41,20.848,75.41,1.23,423.95,22.0,21.31,7.21,2.95,3.16553696,54.18,0.722,24.31
2025-09-17,52.9,17.75718244,7.35,38.9,3.08,2.5,88.1908209,38.3,16.5,12.0,156.0,11.25,8.15,46.9,13.46,22.0,3.35666331,25.1,10.25,20.512,72.51,1.2,413.1,21.3,21.07,7.05,2.84,3.09754213,53.7,0.724,23.91
2025-09-18,53.5,17.67009474,7.44,38.35,3.05,2.63,89.454456,38.19,16.0,11.96,159.97,11.31,8.2,46.5,13.3,22.0,3.35666331,25.21,10.3,20.824,72.66,1.18,413.44,20.8,21.05,7.07,2.83,3.11265209,53.63,0.726,23.86
2025-09-21,52.3,18.07069817,7.43,37.25,3.08,2.59,89.9817282,41.0,16.04,12.0,159.9,11.22,8.18,47.25,13.11,22.0,3.316663,26.39,10.28,21.24,71.96,1.16,429.9,20.71,21.05,7.17,2.83,3.08998715,54.0,0.727,23.89
2025-09-22,51.75,18.06198939,7.42,37.5,3.09,2.55,88.18173,40.75,16.08,12.1,158.12,11.26,8.03,46.83,13.5,21.6,3.306663,26.2,10.62,21.12,72.17,1.13,446.0,20.75,21.1,7.13,2.8,3.08243217,54.51,0.727,23.91
2025-09-23,51.5,18.01844554,7.39,37.52,3.1,2.55,87.27264,42.0,16.0,11.93,155.85,11.2,8.14,46.5,13.47,21.83,3.31333,26.05,10.9,21.48,71.76,1.14,438.8,20.99,21.32,7.16,2.86,3.08243217,54.6,0.728,23.99
2025-09-24,50.98,17.66138597,7.38,37.0,3.1,2.5,87.0090039,43.43,15.9,12.4,153.58,11.03,8.02,46.69,13.83,21.45,3.346663,26.0,10.65,22.2,70.0,1.1,441.0,20.55,21.05,7.08,2.87,3.0673222,54.29,0.727,23.8
2025-09-25,51.48,17.93135784,7.48,36.85,3.17,2.55,89.7726375,43.94,17.9,12.4,154.13,11.19,8.12,46.94,13.75,21.5,3.35,26.2,10.97,22.328,70.32,1.13,433.51,20.9,21.4,7.3,2.84,3.08998715,55.5,0.73,24.18
2025-09-28,51.91,18.03586308,7.52,38.7,3.17,2.52,88.636275,42.54,18.14,12.46,153.28,11.22,8.16,47.0,13.8,21.85,3.28,26.2,10.8,22.576,70.73,1.11,425.3,21.0,21.33,7.3,2.78,3.0673222,55.11,0.73,24.07
2025-09-29,53.14,17.98361046,7.58,38.53,3.12,2.48,90.363546,43.22,18.46,12.69,152.01,11.46,8.1,48.5,13.9,22.15,3.28,26.7,10.91,22.28,71.0,1.15,431.18,21.38,21.31,7.29,2.81,3.17309194,55.61,0.728,24.6
2025-09-30,52.88,17.98361046,7.55,39.0,3.13,2.47,90.6817275,43.0,19.5,12.57,152.19,11.75,8.58,49.99,14.27,22.7,3.29,26.65,10.96,22.656,72.7,1.13,427.99,21.45,21.5,7.42,2.91,3.17309194,56.24,0.726,24.7
2025-10-01,53.3,18.72385593,7.57,38.67,3.15,2.47,91.81809,42.6,19.56,12.8,152.29,12.26,8.76,51.0,14.2,22.4,3.29,26.79,11.06,22.72,72.7,1.12,420.05,21.5,22.05,7.38,2.91,3.20331186,56.88,0.726,24.82
2025-10-02,53.3,18.91544887,7.55,38.5,3.13,2.53,92.7362709,42.0,20.0,12.85,153.0,11.85,8.7,51.0,14.2,22.86,3.29,26.61,11.37,22.8,71.59,1.13,423.0,21.35,21.85,7.36,2.9,3.27886167,57.16,0.727,24.88
2025-10-05,53.43,19.15929444,7.56,38.44,3.09,2.54,93.8999061,42.5,21.9,12.8,156.5,11.87,8.54,49.8,14.51,22.5,3.27,26.3,11.5,22.88,71.82,1.12,421.0,21.29,21.58,7.43,2.87,3.26375171,57.0,0.725,24.78
2025-10-06,53.86,19.94308376,7.69,39.0,3.11,2.54,95.4999045,42.55,22.0,12.8,160.0,12.17,8.6,49.0,14.61,23.0,3.26,26.6,11.35,23.272,74.5,1.11,427.99,21.69,21.94,7.5,2.88,3.23353178,56.8,0.724,25.33
2025-10-07,54.0,19.77761712,7.7,38.95,3.06,2.48,95.0453595,42.17,21.4,12.71,160.69,12.05,8.71,49.0,14.78,22.7,3.24,26.75,11.4,23.44,73.81,1.08,445.9,21.5,21.92,7.41,2.85,3.21842182,56.01,0.723,25.18
2025-10-08,53.88,19.85599606,7.68,39.29,3.03,2.46,95.45445,42.0,22.4,12.85,165.91,11.95,9.1,47.82,14.6,22.61,3.2,26.76,11.6,23.736,73.52,1.06,440.0,21.31,22.3,7.4,2.9,3.24864174,56.24,0.72,25.14
2025-10-12,53.5,19.94308376,7.62,39.75,3.0,2.5,96.272631,42.4,22.6,12.7,165.29,11.91,9.1,48.03,14.72,22.79,3.18,27.33,11.67,23.512,74.72,1.02,450.0,21.4,22.35,7.31,2.87,3.25619672,57.79,0.715,25.06
2025-10-13,53.0,20.24789072,7.56,47.7,3.0,2.76,94.5908145,42.26,23.38,12.6,165.19,11.6,9.2,50.0,14.69,23.46,3.14,27.31,11.77,23.48,87.98,1.04,469.05,21.8,22.02,7.41,2.87,3.24108676,58.5,0.712,25.2
2025-10-14,52.57,20.5439889,6.9,49.23,3.06,2.67,94.6453599,42.02,22.76,12.86,175.2,11.41,9.25,48.9,14.6,22.95,3.19,27.9,11.9,24.0,82.05,1.04,476.0,22.21,22.89,7.52,2.88,3.24108676,58.6,0.712,25.21
2025-10-15,53.2,20.18692932,6.88,47.44,3.05,2.7,95.0453595,41.8,22.2,13.01,174.0,11.5,9.15,49.55,14.4,22.91,3.16,28.8,11.62,24.0,81.82,1.02,466.0,22.97,23.17,7.64,2.86,3.30152661,57.8,0.713,25.7
2025-10-16,53.1,20.18692932,6.86,48.2,3.03,2.67,96.36354,42.12,22.0,13.01,171.0,11.38,9.13,50.0,14.25,23.0,3.19,29.02,11.48,23.952,84.0,1.03,474.49,22.81,23.63,7.75,2.84,3.30908159,57.86,0.711,25.5
2025-10-19,53.38,20.4569012,6.84,47.3,3.07,2.64,95.6817225,42.5,22.5,12.97,173.25,11.57,9.1,50.33,14.33,23.19,3.19,29.79,11.41,23.896,82.5,1.07,473.0,22.8,23.53,7.73,2.9,3.30908159,57.27,0.71,25.92
2025-10-20,53.87,20.41335735,6.91,46.8,3.08,2.69,95.4999045,43.0,22.6,13.35,182.0,11.68,9.1,50.4,14.36,23.9,3.25,29.8,11.38,23.792,81.81,1.11,475.98,22.96,23.45,7.97,2.91,3.30908159,58.0,0.71,26.1
2025-10-21,53.89,21.11876774,6.9,47.41,3.07,2.77,95.7362679,43.22,23.3,13.4,184.6,11.5,9.05,50.02,14.25,24.5,3.22,29.9,11.45,23.8,84.1,1.09,472.0,22.99,23.3,8.03,2.87,3.3846314,57.78,0.71,25.91
2025-10-22,48.4,21.09264142,6.88,46.7,3.02,2.81,94.6089963,43.0,23.4,13.2,184.1,11.53,9.04,50.5,14.31,24.47,3.19,29.5,11.3,23.608,84.08,1.08,467.99,22.66,23.19,8.01,2.83,3.3846314,57.1,0.709,25.89
2025-10-23,49.9,21.29294314,6.85,46.72,2.99,2.74,94.6908144,43.0,23.53,13.15,196.1,11.44,9.01,50.67,14.3,24.8,3.2,28.71,11.15,23.496,86.0,1.05,468.01,22.51,24.0,7.97,2.82,3.36196646,56.5,0.71,26.0
2025-10-26,49.19,21.67612903,6.9,47.4,3.06,2.69,94.4271783,43.19,23.71,13.3,205.0,11.3,8.98,50.8,14.4,25.17,3.24,28.8,11.39,23.992,92.58,1.1,460.25,22.99,23.81,7.93,2.87,3.35441148,56.43,0.709,26.15
2025-10-27,49.23,22.08544123,6.98,48.0,3.07,2.79,95.45445,43.27,23.91,14.14,203.5,11.33,9.6,50.53,14.37,25.34,3.27,29.2,11.3,25.76,94.5,1.12,463.0,23.9,24.03,8.07,2.86,3.39974136,57.08,0.708,26.26
2025-10-28,48.31,21.79805181,6.94,47.1,3.15,2.8,95.2362684,43.3,24.39,14.23,191.6,11.27,9.7,50.51,14.66,24.93,3.31,29.26,11.44,25.92,92.52,1.11,461.15,24.58,23.96,8.01,2.98,3.36196646,58.0,0.709,26.31
2025-10-29,48.55,21.71096411,7.02,47.0,3.13,2.87,95.818086,45.15,23.59,14.1,194.0,11.43,9.5,50.41,14.6,24.43,3.28,29.0,11.35,25.872,93.16,1.13,460.93,24.55,23.65,8.0,2.94,3.31663657,58.1,0.708,25.94
2025-10-30,48.5,22.55571482,7.01,47.0,3.09,2.93,95.0544504,44.99,24.0,13.89,204.89,11.4,9.88,50.4,14.57,24.51,3.33,28.81,11.38,26.144,93.57,1.13,467.01,24.79,24.0,8.0,2.91,3.32419155,57.91,0.71,25.84
2025-11-02,48.6,22.851813,7.0,46.44,2.98,2.85,95.8999041,44.99,23.69,14.34,206.0,11.3,9.8,50.1,14.6,24.59,3.29,28.15,11.22,26.08,93.51,1.13,470.0,24.74,23.9,7.86,2.89,3.27886167,57.51,0.709,26.14
2025-11-03,48.61,22.64280252,6.95,45.39,2.8,2.7,94.54536,44.63,23.46,14.6,200.05,11.3,9.7,49.7,14.45,24.82,3.25,28.5,11.25,26.0,91.04,1.09,472.0,25.01,23.45,7.77,2.87,3.24864174,59.15,0.709,25.98
2025-11-04,47.6,22.77343407,6.94,46.51,2.81,2.72,96.3544491,45.0,23.0,14.76,205.51,11.2,10.18,51.83,14.3,25.03,3.27,28.5,11.3,26.192,93.5,1.1,471.0,25.28,23.62,8.12,2.9,3.21842182,62.01,0.709,26.0
2025-11-05,47.46,22.64280252,6.93,46.6,2.79,2.8,97.27263,45.0,23.15,14.81,203.2,11.06,10.11,53.5,14.57,25.69,3.33,28.59,11.16,25.648,95.6,1.07,466.0,26.4,24.2,8.2,2.92,3.19575688,64.99,0.71,25.81
2025-11-06,46.41,22.88664809,6.87,45.25,2.71,2.75,97.181721,44.95,22.95,14.5,201.03,10.81,10.05,53.8,14.3,25.91,3.28,28.6,11.15,25.48,96.55,1.07,465.9,26.0,24.12,8.35,2.86,3.14287201,68.68,0.708,25.53
2025-11-09,46.73,22.56442359,6.9,45.28,2.79,2.76,99.0999009,47.01,23.04,14.75,208.8,10.65,10.1,52.86,15.38,26.0,3.31,28.6,11.3,25.85,94.13,1.05,477.9,25.75,24.25,8.28,2.9,3.23353178,70.9,0.708,25.0
2025-11-10,46.59,23.07824103,6.88,47.5,2.87,2.75,101.363535,49.49,23.0,15.4,217.85,10.56,10.36,52.48,16.0,27.47,3.27,29.45,11.15,26.6,96.1,1.05,485.0,26.5,24.5,8.3,2.85,3.1882019,71.2,0.708,25.4
2025-11-11,46.39,22.86052178,6.88,48.52,2.94,2.73,100.0998999,46.5,22.79,15.5,214.01,10.6,10.26,52.49,15.5,27.14,3.31,29.76,11.05,25.9,96.0,1.04,500.0,26.8,24.92,8.07,2.96,3.15798197,71.86,0.703,25.25
2025-11-12,46.25,23.818486,6.88,48.5,3.05,2.71,100.181718,47.0,23.0,15.42,210.4,10.44,10.05,53.43,15.15,27.31,3.42,29.17,10.64,24.94,101.59,1.04,486.99,25.66,24.74,7.9,2.96,3.17309194,70.2,0.697,25.6
2025-11-13,46.3,24.367138,6.87,55.02,3.07,2.74,100.3544451,45.37,23.99,15.58,210.61,10.38,10.11,52.64,15.17,27.31,3.39,28.66,10.51,24.97,119.3,1.03,485.1,25.61,24.53,8.16,2.98,3.15042699,70.3,0.697,25.8
2025-11-16,46.2,24.184254,6.87,53.0,2.94,2.7,98.636265,45.2,23.95,16.11,212.0,10.42,10.0,56.0,15.22,27.75,3.39,27.99,10.6,24.21,132.5,1.03,488.0,25.02,24.26,8.18,2.92,3.15798197,71.6,0.696,25.8
2025-11-17,46.18,24.82,6.87,52.5,2.98,2.81,99.9817182,48.53,24.0,16.59,214.09,10.3,9.85,62.68,15.7,28.09,3.38,27.6,10.57,24.25,129.36,1.03,505.0,24.77,23.69,8.17,2.9,3.14287201,75.0,0.692,25.4
2025-11-18,46.04,25.68,6.86,52.9,2.9,2.77,98.5908105,47.7,23.5,16.26,202.5,10.0,9.7,61.1,15.96,27.82,3.58,28.15,10.7,24.25,133.01,1.04,503.0,25.45,23.73,8.36,2.9,3.24108676,76.7,0.679,25.03
2025-11-19,46.6,25.3,6.85,51.01,2.86,2.7,97.27263,47.7,23.26,16.3,199.0,10.42,9.35,60.66,15.51,26.69,3.55,27.45,10.8,24.8,128.0,1.04,490.05,25.18,23.6,8.23,2.87,3.18064692,74.6,0.679,24.88
2025-11-20,46.65,24.99,6.86,50.75,2.97,2.73,96.818085,47.89,23.34,16.68,196.66,10.44,9.49,60.0,15.55,26.56,3.54,26.75,10.95,24.31,135.76,1.03,488.0,25.4,23.14,8.24,2.84,3.16553696,75.19,0.678,24.81
2025-11-23,46.5,25.31,6.85,51.01,2.9,2.7,96.3817218,47.5,23.47,16.29,191.1,10.37,9.4,62.9,15.3,26.5,3.66,26.5,11.2,24.32,145.01,1.04,486.86,24.9,22.8,8.14,2.81,3.15798197,73.6,0.68,24.7
2025-11-24,46.6,24.9,6.84,51.33,2.9,2.75,96.8635395,47.99,23.21,16.05,191.3,10.31,9.35,65.27,15.37,26.83,3.81,26.81,11.42,24.11,148.27,1.04,493.0,25.39,22.3,8.09,2.84,3.15042699,72.55,0.677,24.85
2025-11-25,46.48,24.35,6.81,50.28,2.92,2.9,95.0089959,44.96,23.14,15.8,191.51,10.22,9.15,65.8,15.0,26.85,3.66,27.3,11.19,23.88,148.0,1.03,465.0,24.99,22.34,7.9,2.79,3.14287201,71.0,0.676,24.61
2025-11-26,46.12,23.79,6.79,49.6,2.91,3.27,98.0362656,45.16,22.02,15.55,187.01,10.01,9.05,63.53,14.78,26.6,3.53,26.6,11.01,23.22,146.36,0.99,477.74,25.9,22.08,8.0,2.71,3.12020707,71.05,0.676,24.29
2025-11-27,46.01,23.87,6.77,48.67,2.92,3.28,96.181722,45.35,22.08,15.1,183.0,9.96,8.8,63.99,14.64,26.19,3.56,26.5,10.7,23.02,135.26,1.0,484.11,25.06,22.03,7.92,2.67,3.12020707,71.0,0.675,24.21
2025-11-30,46.0,24.55,6.77,51.0,3.04,3.22,97.7453568,46.1,22.51,15.6,192.0,10.06,8.9,63.5,14.95,26.14,3.55,26.8,11.02,22.6,140.59,1.04,480.62,25.01,22.0,8.09,2.71,3.120207,72.0,0.671,24.1
2025-12-01,45.94,25.97,6.76,51.8,3.18,3.69,97.908993,45.99,22.95,16.2,199.0,10.8,9.0,65.0,15.5,26.01,3.53,26.7,11.2,22.87,137.8,1.05,478.0,25.2,22.79,8.29,2.78,3.12776205,76.44,0.67,24.13
2025-12-02,45.62,27.1,6.76,51.2,3.27,4.08,97.9908111,45.77,23.08,16.2,200.11,10.66,8.99,63.62,15.45,25.6,3.47,26.74,11.05,22.8,136.21,1.05,476.71,25.2,22.79,8.16,2.77,3.11265209,75.45,0.669,24.2
2025-12-03,45.57,26.9,6.72,51.49,3.26,3.89,99.7726275,45.75,23.33,15.84,195.0,10.5,8.98,61.96,15.25,25.33,3.43,26.02,10.83,23.03,131.01,1.04,477.69,25.2,22.92,8.05,2.78,3.15,74.99,0.666,24.27
2025-12-04,45.37,27.5,6.68,51.68,3.21,3.85,104.5362591,45.29,23.6,16.0,206.95,10.75,9.15,61.95,15.21,25.0,3.53,26.3,10.63,23.44,137.15,1.03,473.25,25.04,23.3,8.1,2.79,3.17,77.15,0.66,24.31
2025-12-07,45.64,27.71,6.69,50.8,3.2,3.93,106.181712,45.49,23.79,16.52,207.0,10.61,9.15,61.0,15.21,26.26,3.56,26.29,10.63,23.99,136.95,1.07,474.93,24.9,22.82,8.08,2.78,3.09,75.11,0.657,24.28
2025-12-08,47.0,26.97,6.82,50.82,3.42,3.9,105.636258,45.9,24.55,17.08,205.22,10.93,9.36,62.01,15.71,25.99,3.65,26.1,10.69,23.85,132.24,1.08,492.79,25.22,22.79,8.6,2.8,3.11,75.12,0.656,24.2
2025-12-09,47.01,27.59,6.87,51.16,3.38,3.8,107.090802,44.7,24.89,17.35,205.0,10.86,9.71,64.0,16.05,26.05,3.72,25.91,10.72,24.17,132.54,1.05,489.81,25.42,23.3,8.63,2.81,3.12,74.1,0.655,24.46
2025-12-10,47.32,28.0,6.9,51.86,3.52,3.91,106.6998933,42.0,25.37,17.65,203.1,10.84,9.9,64.01,15.89,26.0,3.76,26.3,10.85,24.03,134.5,1.06,480.5,25.61,23.64,8.6,2.92,3.13,75.95,0.665,24.55
2025-12-11,47.79,28.91,7.05,52.09,3.49,3.98,106.018076,41.95,25.3,18.0,204.98,10.88,10.0,63.65,16.2,25.89,3.8,26.43,11.0,23.94,132.32,1.05,476.05,25.46,23.5,8.5,2.94,3.17,77.05,0.661,24.55
2025-12-14,48.26,29.4,6.99,51.54,3.48,3.95,106.172621,42.15,25.58,18.0,208.0,10.7,9.85,64.65,16.2,26.3,3.83,26.0,11.28,23.58,131.68,1.03,449.83,25.69,23.45,8.5,2.94,3.19,75.85,0.674,24.6
2025-12-15,47.85,28.95,7.02,51.38,3.6,3.87,105.908985,42.4,25.57,18.6,206.0,11.63,9.8,66.0,16.25,26.49,3.79,25.7,11.39,23.81,130.79,1.08,439.0,25.82,23.27,8.43,3.39,3.17,74.18,0.693,24.71
2025-12-16,47.7,28.71,7.0,51.14,3.55,3.92,107.363529,42.4,25.71,18.6,208.15,11.54,10.03,66.15,15.94,27.64,3.74,25.4,11.3,23.98,126.9,1.13,439.22,26.0,22.91,8.67,3.3,3.2,76.01,0.692,24.62
2025-12-17,47.0,28.25,6.94,50.9,3.46,3.88,106.82,43.15,26.09,17.86,204.23,11.75,9.75,64.01,16.13,27.4,3.62,25.22,11.24,23.74,125.26,1.12,436.1,26.19,23.28,8.55,3.29,3.17,75.55,0.683,24.7
2025-12-18,46.6,28.2,6.86,50.6,3.58,3.85,103.8,42.27,25.6,17.91,206.51,11.77,9.7,63.0,16.2,26.95,3.59,25.06,11.0,23.6,133.0,1.12,436.99,25.3,22.98,8.45,3.45,3.15,74.7,0.686,24.43
2025-12-21,48.62,27.99,6.95,50.35,3.55,3.88,101.03,39.9,25.59,17.7,213.11,11.76,9.4,63.13,16.18,26.99,3.57,24.8,10.9,23.67,129.81,1.14,433.0,25.3,22.9,8.3,3.46,3.16,74.2,0.688,24.5
2025-12-22,49.58,29.0,6.94,50.59,3.46,3.87,104.25,38.75,25.55,17.8,225.0,12.21,9.65,64.0,16.23,26.92,3.57,25.01,11.03,23.7,129.31,1.15,430.0,25.48,22.75,8.3,3.37,3.15,74.66,0.685,24.41
2025-12-23,51.13,29.0,6.93,48.8,3.46,3.85,101.8,38.5,26.21,17.6,225.0,12.5,9.8,62.8,16.27,26.51,3.56,25.06,11.04,23.79,135.26,1.15,428.5,25.4,22.6,8.37,3.33,3.16,75.5,0.689,24.36
2025-12-24,52.4,29.5,6.94,49.08,3.48,3.74,103.95,37.95,26.75,18.0,227.92,12.4,9.6,63.0,16.21,27.0,3.53,25.2,11.4,23.73,141.77,1.15,425.5,25.32,23.1,8.25,3.23,3.21,75.0,0.686,24.18
2025-12-25,52.1,29.7,6.9,49.07,3.51,3.69,104.88,37.88,26.76,18.01,224.61,12.41,9.6,63.0,16.3,26.8,3.56,25.04,11.4,23.76,143.85,1.17,420.15,25.31,23.25,8.35,3.37,3.28,74.61,0.687,24.15
2025-12-28,51.91,29.57,6.95,48.73,3.52,3.61,103.0,37.7,26.65,17.7,222.46,12.15,9.7,62.83,16.1,26.99,3.55,24.85,11.41,24.6,143.0,1.16,433.0,25.41,23.4,8.4,3.31,3.32,75.0,0.705,24.29
2025-12-29,51.6,29.4,6.95,48.97,3.47,3.74,103.5,37.87,26.56,18.29,226.0,12.49,9.75,64.22,16.17,27.2,3.64,25.0,11.4,24.47,156.06,1.16,437.99,25.39,23.7,8.55,3.32,3.34,76.1,0.706,24.26
2025-12-30,51.48,29.4,6.96,50.49,3.45,3.74,103.92,37.9,26.8,18.24,226.46,12.34,9.73,64.8,16.25,27.0,3.65,25.2,11.5,24.5,161.32,1.14,431.11,25.22,23.42,8.49,3.37,3.3,77.0,0.704,24.2
2025-12-31,50.78,29.15,6.92,50.91,3.53,3.75,103.0,37.3,27.13,18.38,226.95,12.37,9.56,64.79,16.24,26.49,3.62,24.97,11.65,24.77,158.3,1.14,429.73,25.3,23.65,8.51,3.35,3.31,79.26,0.703,24.07
2026-01-04,51.0,29.9,6.93,50.8,3.42,3.76,103.0,37.1,27.5,18.49,235.5,12.49,9.7,65.77,16.12,27.0,3.6,24.92,11.72,25.28,170.98,1.18,430.0,25.4,23.25,8.61,3.46,3.33,80.0,0.699,24.22
2026-01-05,50.0,29.03,6.95,50.16,3.39,3.7,100.52,36.0,27.77,17.65,253.0,12.0,9.46,65.31,15.51,26.0,3.54,24.8,11.35,25.17,181.98,1.16,420.01,24.06,22.9,8.48,3.6,3.3,77.0,0.697,24.1
2026-01-06,49.02,28.2,7.12,48.97,3.21,3.62,101.0,36.0,28.2,18.05,261.0,11.7,9.3,63.98,15.25,25.83,3.47,24.45,10.93,24.41,179.11,1.15,420.92,23.05,22.61,8.4,3.6,3.24,77.0,0.695,23.66
2026-01-08,50.5,28.74,7.15,50.0,3.26,3.71,103.01,37.52,28.6,18.9,271.01,11.62,9.41,65.25,15.7,26.6,3.48,24.73,11.0,26.0,177.0,1.14,430.25,23.79,22.7,8.37,3.79,3.3,77.85,0.693,23.64
2026-01-11,52.23,29.77,7.11,49.07,3.14,3.62,104.3,37.8,28.5,19.25,255.01,11.52,9.49,68.72,15.7,26.2,3.47,25.61,10.9,26.86,173.02,1.17,420.01,23.3,22.97,8.2,3.7,3.21,77.72,0.685,23.7
2026-01-12,53.25,32.3,7.09,49.09,3.2,3.61,108.47,37.14,28.22,20.0,268.0,11.71,9.53,71.0,15.93,26.07,3.51,26.8,11.2,27.71,175.24,1.17,423.0,23.8,23.0,8.79,3.86,3.26,77.99,0.68,23.85
2026-01-13,52.03,31.97,7.07,48.75,3.21,3.57,115.1,36.2,27.52,20.05,258.0,11.5,9.48,69.15,15.85,27.11,3.43,26.07,11.0,27.5,175.0,1.17,420.0,23.81,22.9,8.7,3.8,3.22,77.8,0.681,23.68
2026-01-14,51.01,31.65,6.91,47.53,3.2,3.36,120.33,36.0,27.16,19.05,257.0,11.15,9.2,69.01,15.83,28.0,3.35,25.71,10.77,27.0,171.9,1.17,409.0,23.1,22.5,8.4,3.7,3.15,78.48,0.674,23.25
2026-01-15,50.23,31.5,6.84,45.98,3.07,3.35,117.75,35.89,27.49,19.75,250.31,10.8,9.1,68.5,15.62,27.32,3.3,25.3,10.39,25.99,165.0,1.16,407.0,23.0,22.07,8.44,3.66,3.12,76.5,0.68,23.06
2026-01-18,50.02,32.51,6.8,45.4,3.05,3.34,121.71,36.57,27.28,19.57,242.0,10.5,8.97,68.25,15.42,26.0,3.28,24.3,10.25,26.02,164.61,1.14,396.1,22.99,21.52,8.46,3.72,3.1,76.15,0.674,22.8
2026-01-19,51.8,32.99,6.84,47.13,3.07,3.36,123.05,36.99,27.39,19.94,258.0,10.68,9.16,67.95,15.5,26.89,3.31,25.3,10.85,26.97,174.0,1.14,405.0,22.9,21.97,8.5,3.95,3.1,76.2,0.675,22.87
2026-01-20,53.03,34.0,6.91,47.65,3.1,3.37,124.9,37.5,29.0,19.79,265.91,10.72,9.38,73.88,16.14,28.0,3.45,25.42,10.75,27.28,174.0,1.15,416.0,23.28,21.93,8.57,3.93,3.13,82.02,0.677,22.86
2026-01-21,53.5,35.8,6.95,46.89,3.09,3.38,126.7,37.7,29.1,21.18,258.99,10.55,9.33,80.11,16.24,29.31,3.46,25.77,10.98,26.89,172.96,1.16,417.0,23.8,22.35,8.73,3.97,3.1,83.75,0.671,22.9
2026-01-22,55.4,36.0,6.95,48.35,3.04,3.37,127.0,37.43,28.8,21.57,253.5,10.99,9.32,80.11,16.58,28.91,3.44,26.14,11.16,26.71,173.53,1.17,405.44,23.49,22.04,8.97,3.96,3.11,82.95,0.674,23.03
2026-01-25,58.94,36.3,7.08,48.0,3.04,3.27,127.74,37.7,28.8,22.2,252.81,10.95,9.25,78.51,16.75,29.36,3.41,27.03,11.4,27.31,172.0,1.16,408.0,23.47,22.34,8.8,3.89,3.2,83.5,0.679,24.09
2026-01-26,58.8,36.25,7.2,48.04,3.13,3.38,128.9,37.0,29.09,21.99,252.0,10.8,9.1,77.99,16.43,30.0,3.39,28.1,11.4,28.65,168.22,1.21,410.0,23.65,22.37,8.85,4.14,3.2,86.44,0.698,24.45
2026-01-27,59.0,38.01,7.17,47.35,3.06,3.33,130.98,38.0,29.31,22.0,250.99,10.85,9.24,81.23,17.6,31.6,3.56,27.78,11.3,28.5,169.0,1.24,405.1,23.61,22.2,8.71,4.4,3.19,86.47,0.698,24.35
2026-01-28,63.0,39.96,7.12,47.18,3.06,3.33,132.85,37.0,29.08,22.2,245.0,11.38,9.12,79.66,17.32,31.4,3.54,29.01,11.23,28.22,171.0,1.22,405.0,23.7,22.18,8.7,4.41,3.17,87.21,0.699,23.9
2026-02-01,64.16,39.2,7.07,46.4,3.0,3.36,134.0,37.8,28.85,21.65,236.0,11.11,9.05,78.5,17.14,31.03,3.53,28.78,10.9,27.75,167.35,1.19,401.99,24.01,22.0,8.6,4.49,3.09,86.49,0.699,23.7
2026-02-02,65.45,38.96,7.0,46.73,3.05,3.52,131.5,38.0,30.28,21.93,246.0,11.25,9.07,79.28,17.1,30.4,3.51,28.4,11.07,28.4,166.0,1.24,402.5,24.18,22.17,8.7,4.6,3.18,86.0,0.7,24.25
2026-02-03,66.49,38.29,7.04,46.44,3.03,3.5,129.3,39.83,29.19,21.8,238.1,11.65,9.05,78.4,17.36,31.0,3.63,28.35,10.95,28.74,166.2,1.29,417.0,24.41,22.2,8.7,4.58,3.2,86.78,0.698,24.18
2026-02-04,67.1,39.0,7.04,46.89,3.18,3.55,133.0,40.7,29.51,22.25,239.89,11.72,9.39,83.25,18.75,31.79,3.61,29.29,11.0,30.09,168.93,1.28,427.0,24.46,22.37,9.05,4.9,3.29,88.44,0.7,24.45
2026-02-05,65.97,39.0,7.1,47.0,3.22,3.54,136.5,41.0,29.49,22.42,245.98,12.3,9.51,83.3,18.6,31.5,3.56,29.38,11.79,31.08,168.04,1.31,440.0,24.35,23.1,8.86,4.93,3.32,90.2,0.706,24.25
2026-02-08,65.66,39.0,7.02,46.7,3.1,3.46,137.25,41.3,30.0,22.9,241.5,12.14,9.4,84.89,19.0,30.76,3.57,29.62,12.75,30.8,164.03,1.29,433.0,24.2,23.25,8.83,4.67,3.48,88.02,0.705,24.4
2026-02-09,69.45,39.28,7.17,48.49,3.1,3.4,136.0,40.02,32.2,22.9,246.0,12.42,9.53,88.75,19.53,29.7,3.87,30.8,12.63,31.0,166.99,1.27,449.1,24.5,23.34,8.91,4.59,3.52,88.6,0.708,26.37
2026-02-10,68.8,39.0,7.21,47.94,3.07,3.43,136.0,41.11,31.59,22.8,245.0,12.33,9.75,90.89,19.75,31.14,3.84,30.0,12.6,29.99,175.7,1.27,457.99,24.93,23.42,8.91,4.59,3.59,89.97,0.708,26.72
2026-02-11,69.3,38.45,7.19,47.79,3.06,3.38,136.6,40.7,30.85,22.8,242.0,12.3,9.7,92.89,19.99,31.4,3.99,30.61,12.35,29.89,175.8,1.27,463.1,25.04,23.24,8.89,4.62,3.66,88.97,0.71,27.0
2026-02-12,69.55,37.53,7.11,47.52,3.11,3.38,134.0,40.0,29.66,22.45,241.74,12.6,9.6,93.15,19.6,30.6,3.92,30.6,12.63,29.75,171.02,1.24,457.0,26.08,23.29,8.96,4.62,3.63,87.21,0.708,27.0
2026-02-15,69.72,36.65,7.1,48.04,3.11,3.45,137.87,40.66,29.5,22.8,243.7,12.46,9.5,94.94,19.89,30.42,4.01,30.1,12.74,29.8,173.69,1.24,480.0,25.91,23.25,8.85,4.62,3.79,88.87,0.709,26.75
2026-02-16,71.87,39.8,7.11,49.15,3.14,3.45,142.99,40.55,30.4,23.1,239.0,13.28,9.68,112.98,20.2,30.72,4.29,30.77,12.47,29.95,174.59,1.23,494.99,26.2,23.6,9.3,4.88,3.85,91.6,0.71,27.72
2026-02-17,70.3,41.0,7.24,51.02,3.1,3.44,140.55,41.48,29.5,22.8,224.75,13.01,9.64,99.01,20.21,30.5,4.24,30.16,12.51,28.5,176.4,1.24,484.0,25.78,24.15,9.38,4.81,3.93,92.0,0.709,27.78
2026-02-18,68.99,41.59,7.41,51.8,3.11,3.44,141.69,40.97,29.0,22.6,226.39,13.03,9.8,97.34,20.25,30.66,4.36,30.01,12.52,29.0,180.88,1.23,487.13,27.32,23.9,9.7,4.87,4.08,95.7,0.709,28.33
2026-02-19,68.7,44.0,7.45,51.9,3.31,3.5,140.74,41.19,29.0,23.28,227.0,13.15,9.8,97.7,20.59,31.03,4.33,30.86,12.45,29.25,192.5,1.24,488.7,27.97,23.7,9.74,5.48,4.14,96.37,0.71,28.93
2026-02-22,67.65,42.5,7.22,49.9,3.16,3.41,138.0,40.04,28.51,22.5,225.6,12.83,9.45,94.1,19.59,30.57,4.24,29.51,11.78,28.42,190.07,1.23,471.01,27.14,22.98,9.4,5.19,4.24,91.55,0.706,27.8
2026-02-23,67.0,40.65,7.15,48.39,3.1,3.37,135.0,39.51,28.74,21.59,222.54,12.88,9.34,91.89,18.55,29.15,4.22,28.51,11.37,27.94,194.0,1.23,472.6,26.39,22.5,9.26,5.01,4.0,90.49,0.702,27.3
2026-02-24,70.1,41.98,7.25,49.78,3.16,3.43,139.39,40.3,29.0,22.23,227.8,13.01,9.38,92.5,18.99,30.2,4.62,28.7,11.9,27.99,197.01,1.24,488.0,26.79,22.88,9.44,5.35,4.38,92.97,0.704,27.61
2026-02-25,69.02,41.15,7.33,50.11,3.14,3.37,137.55,40.89,28.0,21.5,225.0,13.0,9.2,93.9,18.6,30.01,4.78,28.51,11.9,27.3,202.98,1.25,481.75,26.47,22.51,9.25,5.45,4.63,91.5,0.707,27.53
2026-02-26,68.3,40.7,7.13,49.4,3.0,3.26,132.05,42.8,26.58,20.8,219.72,13.04,9.08,89.78,18.2,28.92,4.68,27.4,11.68,26.5,192.85,1.23,473.02,26.0,22.8,8.99,5.5,4.53,87.85,0.708,26.81
2026-03-01,69.7,40.7,7.11,50.64,3.0,3.19,133.5,41.0,27.22,20.73,229.0,13.09,8.95,92.79,18.45,28.55,4.82,27.06,11.79,27.0,193.61,1.24,498.08,25.9,22.75,9.05,5.7,4.51,87.1,0.701,27.23
2026-03-02,68.8,39.8,7.03,49.85,3.0,3.06,130.0,40.5,26.48,19.62,224.07,12.42,8.75,90.3,17.78,27.8,4.89,26.91,11.21,26.5,185.75,1.19,479.0,24.93,21.89,8.9,5.7,4.43,85.24,0.686,26.8
2026-03-03,67.8,39.99,7.04,50.78,2.97,3.14,128.25,39.99,27.54,20.07,237.22,12.22,8.81,88.83,17.7,28.17,5.17,26.4,11.58,26.78,196.61,1.17,474.0,24.79,22.0,8.85,5.42,4.66,83.22,0.686,26.73
2026-03-04,77.89,38.5,7.39,50.4,2.92,3.25,123.9,39.29,27.5,19.33,252.0,13.2,9.05,86.6,17.34,27.82,5.14,26.0,11.31,27.13,190.0,1.15,468.0,23.93,21.9,8.72,5.38,4.71,78.0,0.695,28.6
2026-03-05,78.64,37.81,7.53,50.02,2.94,3.38,121.5,37.85,27.5,19.2,271.03,12.55,9.0,88.0,17.69,26.84,5.15,25.78,11.2,26.5,189.6,1.17,467.44,23.6,22.01,8.67,5.43,4.57,79.0,0.699,28.74
2026-03-08,77.93,38.65,7.61,49.77,2.96,3.58,126.0,38.35,29.0,20.0,267.5,12.13,9.27,88.0,18.2,27.0,5.07,26.1,11.21,26.67,188.99,1.18,467.57,24.61,22.33,9.24,5.34,4.55,80.59,0.7,28.5
2026-03-09,87.0,37.69,8.81,49.04,2.94,3.72,121.91,37.89,27.5,19.77,302.85,12.86,9.11,86.0,17.48,25.69,5.2,26.01,10.82,26.5,185.2,1.19,464.0,24.2,23.0,8.75,5.37,4.4,77.89,0.705,30.5
2026-03-10,84.1,36.55,9.31,48.55,2.9,3.72,123.0,37.59,27.55,18.6,285.0,12.5,8.92,82.13,17.57,24.64,5.48,25.78,10.3,26.33,182.35,1.19,458.0,25.02,23.0,8.67,5.49,4.37,76.5,0.705,30.99
2026-03-11,79.9,38.97,8.57,49.25,2.96,3.61,129.5,37.85,28.1,19.0,277.0,12.15,9.21,84.01,17.9,25.9,5.64,26.68,10.65,26.58,183.69,1.22,464.97,25.37,23.06,8.9,5.83,4.59,79.8,0.71,30.01
2026-03-12,,41.0,,,,,,,28.3,19.22,295.0,12.36,9.22,,,,5.61,26.58,10.67,,,1.23,,,22.87,,,,,,
2026-03-15,,39.05,,,,,,,28.4,18.95,309.0,12.29,9.16,,,,5.55,25.91,10.5,,,1.22,,,22.88,,,,,,
2026-03-16,,38.0,,,,,,,27.95,18.65,304.0,12.09,9.13,,,,5.49,25.42,10.46,,,1.22,,,22.5,,,,,,
2026-03-17,,37.5,,,,,,,27.69,18.25,299.5,12.0,9.0,,,,5.29,25.02,10.23,,,1.23,,,22.1,,,,,,
2026-03-18,,39.8,,,,,,,27.29,18.4,308.7,11.92,9.04,,,,5.5,25.53,10.34,,,1.23,,,22.25,,,,,,
2026-03-24,,40.9,,,,,,,27.75,18.64,305.1,11.65,9.1,,,,5.68,26.38,10.4,,,1.26,,,22.41,,,,,,
2026-03-25,,39.89,,,,,,,28.15,18.48,295.1,12.02,9.13,,,,5.9,26.11,10.33,,,1.29,,,22.57,,,,,,
2026-03-26,,39.35,,,,,,,28.82,19.0,283.5,11.89,9.21,,,,5.76,26.17,10.7,,,1.31,,,22.7,,,,,,
2026-03-29,,39.4,,,,,,,27.82,18.77,281.62,11.64,9.21,,,,5.9,25.9,10.5,,,1.3,,,22.4,,,,,,
2026-03-30,,38.87,,,,,,,26.64,18.7,299.0,11.42,9.41,,,,5.75,25.7,10.23,,,1.35,,,22.0,,,,,,
2026-03-31,,38.11,,,,,,,25.25,18.25,296.14,11.17,9.2,,,,5.6,25.2,9.9,,,1.38,,,21.96,,,,,,
