datetime,ABUK,ADIB,AMOC,ARCC,BTFH,CCAP,COMI,EAST,EFID,EFIH,EGAL,EGCH,EMFD,ETEL,FWRY,GBCO,HELI,HRHO,ISPH,JUFO,MCQE,OIH,ORAS,ORHD,ORWE,PHDC,RAYA,RMDA,TMGH,VLMR,VLMRA
2014-11-11,930.00093023,,,,,,,,,,,,,,,,,,,,,,,,,,,,,,
2014-11-12,22500.02250565,,,,,,,,,,,,,,,,,,,,,,,,,,,,,,
2014-11-13,840810.8410211,,,,,,,,,,,,,,,,,,,,,,,,,,,,,,
2014-11-16,1650.00165041,,,,,,,,,,,,,,,,,,,,,,,,,,,,,,
2014-11-17,7350.00735185,,,,,,,,,,33643.51622454,,,,,,,,,,,,,,,,,,,,
2014-11-18,5250.00525132,,,,,,,,,,40702.21962859,,,,,,,,,,,,,,,,,,,,
2014-11-19,0.0,,,,,,,,,,3960.00190971,,,,,,,,,,,,,,,,,,,,
2014-11-20,0.0,,,,,,,,,,107068.55163365,,,,,,,,,,,,,0.0,,,,,,,
2014-11-23,15915.015919,,,,,,,,,,21648.01043972,,,,,,,,,,,,,0.0,,,,,,,
2014-11-24,3255.00325582,,,,,,,,,,33947.11637095,,,,,,,,,,,,,0.0,,,,,,,
2014-11-25,4590.00459115,,,,,,,,,,990.00047743,,,,,,,,,,,,,0.0,,,,,,,
2014-11-26,15360.01536386,,,,,,,,,,22935.01106038,,,,,,,,,,,,,0.0,,,,,,,
2014-11-27,17100.01710429,,,,,,,,,,12061.50581664,,,,,,,,,,810.0,,,0.0,,,,,,,
2014-11-30,2700.00270068,,,,,,,,,,4969.80239668,,,,,,,,,,256.0,,,0.0,,,,,,,
2014-12-01,0.0,,,,,,,,,,4290.00206885,,,,,,,,,,37.0,,,0.0,,,,,,,
2014-12-02,213285.21333855,,,163208.0,,,,1114509.02570746,,,4735.50228369,,,,,,,,,,51976.0,,,0.0,,,,,,,
2014-12-03,6525.00652664,,,37020.0,,,,988407.86869776,,,14190.00684311,,,,,,,,,,10152.0,,,0.0,,,,,,,
2014-12-04,3390.00339085,,,131041.0,,,,1348126.0995915,,,14246.10687016,,,,,,,,,,580.0,,,0.0,,,,,,,
2014-12-07,13695.01369844,,,28991.0,,,,2541395.37746873,,,3300.00159142,,,,,,,,,,953.0,,,0.0,,,624035.3335545,,,,
2014-12-08,665340.66550704,,,273208.0,,,,30390.19722462,,,13530.00652483,,,,,,,,,5261740.0,0.0,,,0.0,,,4938936.72540737,,,696010.0,
2014-12-09,10530.01053264,,,1189304.0,,,,6666713.30510638,,,313.50015118,,,,,1994355.0,,,,1093208.75,0.0,,,0.0,,,1871341.00148048,,,1467653.0,
2014-12-10,288555.28862745,,123330.12414594,960792.0,2394107.86877692,7719911.0,3141122.68929792,1212459.90042743,,,0.0,,,597209.0,,6307807.0,,,,1503821.25,1549.0,,,0.0,,7602807.48304721,1601092.29009561,,2761108.0,1680580.0,
2014-12-11,208380.20843232,,263745.26548991,164666.0,4945971.95738171,8548330.0,4719949.68358133,827860.45228406,,,14440.80696406,,,829409.0,,6763.0,,,,1561496.25,610.0,,,0.0,,12259744.37246056,2202585.64772406,,3000359.0,3250850.0,
2014-12-14,1260.00126032,,266160.26792089,1386692.0,2932727.46986685,11753680.0,3738224.94462151,4202080.41783848,,,37329.61800215,,,872309.0,,639263.0,,,,152827.5,5461.0,,,0.0,,10094548.91466635,2221812.62719039,,1017415.0,1788990.0,
2014-12-15,1800.00180045,,582750.58660542,232543.0,2015926.55819139,10065950.0,6056843.95734441,5302786.72448775,,,6600.00318284,,,869736.0,,0.0,,,,297773.75,280104.0,,,0.0,,7117310.61056596,894131.04510277,,2221729.0,2877401.0,
2014-12-16,1680.00168042,,260520.26224358,18785.0,2099080.09435799,11207180.0,9375329.04307361,1133760.18649915,,,10560.00509255,,,2414776.0,,0.0,,,,606958.75,954.0,,,0.0,,6268278.93579198,2396232.44091681,,5039925.0,4208991.0,
2014-12-17,85350.08537143,,499845.50315193,518955.0,3144022.3060915,12341240.0,9436899.94477185,6214311.02650172,,,18470.10890718,,,2285996.0,,18231.0,,,,537471.25,8981.0,,,0.0,,13809824.58082048,1133524.78943954,,4501362.0,3565041.0,
2014-12-18,50685.05069773,,308670.31071213,401135.0,2809286.80238825,11869350.0,9125387.52000862,5222089.24859051,,,11190.30539651,,,1701891.0,,481081.0,,,,372860.0,453.0,,,0.0,,8574829.57385467,316556.66192978,,5952614.0,3572853.0,
2014-12-21,1365.00136534,723277.75536334,529590.53309372,308577.0,1599803.75998657,10388320.0,43033368.08721737,1569393.37221294,,,8778.00423318,,,1426219.0,,0.0,,,,4245.0,1240.0,,,0.0,,14397158.04902622,1269235.64450562,,2518719.0,1171436.0,
2014-12-22,12930.01293325,1298212.39782283,191970.19324006,8540.0,2328028.00203899,10820510.0,5367814.57716042,3523144.03960332,,,9216.90444484,,,1187503.0,,11481.0,,,,3240647.5,129.0,,,0.0,,13250090.75140581,585020.37522096,,2981834.0,3397036.0,
2014-12-23,75000.07501883,2419569.43612928,713970.71869356,6185.0,1270320.25530846,8224553.0,2716276.91711735,478191.56947655,,,1452.00070023,,,2207296.0,,367713.0,,,,97692.5,71985.0,,,0.0,,11797718.57685408,2032449.82942251,,1924251.0,2794502.0,
2014-12-24,21765.02177046,1035757.41597488,12855.01294005,793002.0,1428702.60313399,5563852.0,1521596.63602198,3390.14152306,,,10896.60525487,,,1921137.0,,1925.0,,,,625.0,392.0,,,0.0,344417.00481318,7666053.91470768,241229.742376,,1441558.0,1883816.0,
2014-12-25,33945.03395352,509844.64198026,404595.40727176,98408.0,1128946.16055364,11811210.0,948751.77833257,48006.82549625,,,1650.00079571,338551.62661635,,1864722.0,,0.0,8619137.712112,1555765.48559037,,414258.75,22808.0,119067856.76430625,,0.0,804292.45631609,3838618.98316023,463385.50512228,,2687794.0,1271359.0,
2014-12-28,21225.02123033,343867.95392242,0.0,51356.0,1667378.85776368,19719430.0,968199.75730563,13318.41312633,,,541.20026099,652708.95943608,,1811636.0,,32345.0,11307479.23658646,1795282.61625281,,102037.5,128.0,229149483.5370203,,0.0,92666.75764632,17775546.09851601,834665.10861008,,5942291.0,1652320.0,
2014-12-29,1500.00150038,446114.88913396,3600.00362382,266799.0,4024386.30638085,19129640.0,6253588.82812182,519478.65016816,,,1518.00073205,549890.8166366,,1487173.0,,6996.0,9456031.43190762,4967269.16548838,,16848725.0,88.0,148586785.4253916,,0.0,852875.83734829,10467340.09444181,332417.64499086,,5505464.0,1299835.0,
2014-12-30,15000.01500377,228882.3492725,12660.01274376,618477.0,4724817.94149245,23026000.0,2710353.91979849,13015.72191891,,,8877.00428092,433812.91726749,,1469622.0,,25994.0,7961452.36058509,3383134.99143263,,1523256.25,2450.0,171212024.05192924,,0.0,162975.16000802,12364916.4515715,794120.15191052,,4427135.0,348119.0,
2014-12-31,600.00060015,2427565.44167958,74220.07471103,58978.0,6821458.94021777,10117870.0,8348223.38810203,2874961.08804168,,,17985.00867324,468605.43962022,,1185505.0,,99954.0,11582483.80171395,2839189.49911091,,1303471.25,3657.0,116241322.93580176,,0.0,339875.33368753,6890267.53248526,51434261.07020654,,1705261.0,1016382.0,
2015-01-04,0.0,167446.152654,750.00075496,0.0,2305393.94218335,5471677.0,845764.71435755,2574207.10435267,,,1669.80080526,704762.10715739,,276406.0,,0.0,2218828.55963709,1077974.062644,,209570.0,140.0,94512732.46014258,,0.0,64450.06327668,1590289.41631268,576452.38437124,,373779.0,173712.0,
2015-01-05,295290.29536414,338082.76447626,69105.06956219,29785.0,2921830.9736688,5243179.0,5522722.67700394,2908923.04151381,,,11833.80570684,822233.56756883,,1990844.0,,13327.0,2830325.81624862,1267197.49502276,,1487172.5,1044.0,103148542.89778727,,0.0,2207543.83401972,3574084.9200306,194054.79275702,,2198559.0,504620.0,
2015-01-06,765000.76519206,2062069.21943298,36975.03721962,434771.0,3266911.6071244,7837059.0,1785897.46283147,6217459.01505885,,,2227.50107421,547292.80962109,,1038493.0,,177252.0,5244130.77655733,2278047.97121607,,3038770.0,1664.0,125842514.494515,,5830204.84293629,425950.41819552,5139800.28581931,763265.18486242,,1067688.0,610746.0,
2015-01-08,255.00025506,447875.5989654,40050.04031497,161697.0,2203073.41313321,4041524.0,10051340.2405591,9242433.86549614,,,0.0,324471.85470591,,1113162.0,,0.0,2979834.12348445,2222251.74782922,,1889636.25,724.0,91064637.04937498,,2099479.94344073,725859.04597731,6470142.08676847,533255.43050391,,1435248.0,1217015.0,
2015-01-11,0.0,810737.37567474,18330.01845127,6928.0,996496.72606395,3538565.0,663717.01329511,923874.10327657,,,0.0,187750.9604528,,681877.0,,0.0,3135246.44285287,633749.58992869,,10288.75,72485.0,60952299.99561678,,3875889.89558486,133166.79740901,4500699.15414874,371279.6034878,,399742.0,93992.0,
2015-01-12,0.0,180459.51930292,84525.08508421,218105.0,1352511.23649359,5673592.0,6465568.69607737,7357878.40812116,,,6111.60294731,184356.18994923,,803532.0,,196410.0,11650667.94183065,4017722.59479081,,350893.75,30541.0,108722719.7488016,,2767394.92544733,1041976.02300569,10621383.26631035,61097.93474978,,3846405.0,237099.0,
2015-01-13,0.0,455358.61574903,61230.06163509,517093.0,3787448.25783421,6563383.0,7515528.57062214,5805980.5876969,,,7425.0035807,518872.84504924,,2444770.0,,464262.0,13927420.62050035,9633098.45413218,,107012.5,19080.0,139906450.66684732,,1413069.96193238,597908.92035666,8765072.29029525,3576677.18024767,,5572256.0,256538.0,
2015-01-14,0.0,1695404.70664032,83295.08384607,197702.0,2953754.15635537,7002200.0,11952484.47543654,338166.61692569,,,35435.41708868,788374.2195737,,2142825.0,,1773409.0,18971606.98617692,6257288.98932472,,666465.0,86253.0,128297410.75164272,,2564134.93092309,606392.26201889,8006056.92597983,10331721.96612216,,2960109.0,266938.0,
2015-01-15,126075.12610665,1597612.49968652,139440.14036252,271407.0,2312982.23970721,8122556.0,12766200.18916769,27000.05570155,,,11187.00539492,369817.61796652,,1418654.0,,2610716.0,11195843.00717681,9056568.42116904,,63282.5,232.0,119976983.0688126,,1051259.97167942,1382551.35738048,13863796.92670568,2040558.82076242,,7158806.0,231762.0,
2015-01-18,5385.00538635,1687951.47630122,241950.24355072,3500.0,1813958.22557365,4041884.0,2174929.44214339,60114.47379291,,,34815.01678949,263725.61429785,,519229.0,,1340132.0,8735705.95165681,1591423.60164087,,45780.0,212.0,69628819.12040709,,1913274.94845703,561600.55137599,5339538.44169181,17532812.27563735,,1434939.0,365283.0,
2015-01-19,3195.0031958,432224.47717426,224625.2261111,188844.0,1499389.6505114,18899670.0,5042391.03820533,2830707.6335174,,,14850.00716139,192995.02831287,,1427631.0,,4512754.0,14536217.87156344,2446810.98340098,,1278482.5,512.0,73626082.19734854,,376699.98985183,1587643.22540509,12790105.20407476,2161989.69107897,,3959712.0,1439657.0,
2015-01-20,202455.20250583,1603864.34343012,105960.10666102,454394.0,2200101.64144284,8562022.0,4929343.84257929,3143811.41846899,,,10725.00517212,497792.71533328,,2781821.0,,2954560.0,10685433.958299,7386100.81435584,,82556.25,30257.0,140059024.45438862,,2110339.94314817,1270001.24687947,23561819.22521187,13762692.30197908,,6279975.0,1439878.0,
2015-01-21,525.00052513,546442.25347664,822255.82769497,69881.0,1126366.88701105,7233035.0,4957859.04096364,133365.7459877,,,15823.50763086,359996.03535895,,1457814.0,,3252605.0,10150328.85867143,2996266.73633445,,217453.75,397.0,192609762.9872847,,1087144.97071269,1294567.93766556,11757658.62450979,4719177.9601012,,6254143.0,91071.0,
2015-01-22,9090.00909228,471866.92522126,316590.31868453,4074.0,25019093.54105081,28843340.0,5078173.80256649,1472895.41528857,,,3207.60154686,1269197.73275971,,1022106.0,,2634832.0,6581533.52488646,3967049.85658672,,450895.0,7602.0,148120685.13729444,,328994.99113699,1317176.29319564,11007644.13231342,9785818.54912581,,4285465.0,323371.0,
2015-01-26,16860.01686423,1853024.64220871,186480.18771374,50682.0,2741496.76514926,21553830.0,13273998.95231984,7826807.62665076,,,0.0,291962.66429461,,487930.0,,819108.0,5926008.1777983,4890997.05089052,,134470.0,785.0,66561152.70743594,,1560429.95796255,3203519.81186285,7574861.2676737,35798850.76821757,,2058827.0,584116.0,
2015-01-27,4170.00417105,1789665.5651164,3377388.39972948,61699.0,2684360.24906445,24981070.0,9023127.90215367,26152.52032078,,,26419.81274092,1259548.2138626,,841006.0,,1597642.0,21753116.70210968,4856086.70066941,,499518.75,938.0,92017307.9850333,,1092094.97057934,762447.51496163,5882373.50051762,38140615.26730402,,2964301.0,3176008.0,
2015-01-28,7500.00750188,976767.01741172,210225.21161583,362510.0,7162913.63840335,15775160.0,12237257.22196629,12713.03071149,,,330.00015914,516930.54028168,,554934.0,,4833668.0,11970996.60009802,10425062.40104565,,334367.5,53564.0,75189744.37851901,,2336854.93704593,275108.63941771,6790972.07673928,14428649.59076255,,3610787.0,198257.0,
2015-01-29,120.00012003,266932.87734032,241005.24259947,365755.0,2342036.44783735,17221930.0,3908326.67029986,640676.20961771,,,1501.5007241,520686.48956485,,960941.0,,1796865.0,7596843.61132324,4637607.57484145,,582916.25,4554.0,86992247.23757456,,274394.99260789,653625.72722044,1693480.69641597,14282687.74664413,,3549213.0,520878.0,
2015-02-01,0.0,507653.68350579,2415887.43186828,12617.0,2447082.65846933,9281431.0,3261923.5641848,4358.7533868,,,17160.00827539,359135.71680668,,285870.0,,1100547.0,5857464.03694181,2009146.22196143,,42522.5,314.0,63959973.30219918,,459334.98762567,298198.66510755,5042079.60323075,9193556.18163901,,4025079.0,133553.0,
2015-02-02,5610.00561141,519164.48950909,341580.34383986,101387.0,738008.66016508,5871688.0,3627594.52496784,97648.18351255,,,379.50018301,663576.87541804,,491866.0,,1155249.0,9381583.27891853,2837283.9854974,,359620.0,15576.0,83502953.29478756,,1165344.96860601,645957.38535535,9591471.50233372,3916183.81766776,,5322196.0,479159.0,
2015-02-03,0.0,842079.33451637,167355.16846221,774578.0,1799610.23772682,18728780.0,8881337.96575501,5879110.78340871,,,14015.10675876,1428694.59185705,,982976.0,,4599115.0,9346879.20760254,2989570.36440712,,1077781.25,84.0,143157783.12619293,,993829.97322656,386767.09698164,9171225.89320331,14550335.46080677,,6858334.0,13173382.0,
2015-02-04,0.0,851905.55160198,134910.13580255,534875.0,3583489.39889556,11782400.0,6758388.16888316,44011.30155836,,,396.00019097,1042445.66460388,,537889.0,,1380200.0,16613494.14031412,1383250.75174421,,423382.5,909.0,100716772.47496584,,761894.97947481,308003.67601655,4427300.81135457,8308503.12684131,,6503941.0,1682338.0,
2015-02-05,0.0,1310553.91466765,87720.08830035,541599.0,2222187.44991744,9036047.0,3397435.39923443,1707662.71576079,,,7012.50338177,379850.01737249,,2021809.0,,1163325.0,12338881.35609197,3072149.49700046,,1661391.25,312.0,89732078.52341238,,590544.98409092,1158312.95539937,5651615.47563905,3067034.72452602,,5500568.0,1227430.0,
2015-02-08,30.00003001,456993.56059251,155625.1566546,184891.0,2687646.64228599,5477487.0,1814547.11808162,2457186.68356546,,,7342.50354091,667940.47312011,,372493.0,,1202868.0,7226438.85015074,1657278.56468446,,209397.5,26.0,53018746.63787024,,367499.99009968,332553.70333078,2812662.4928087,1775002.10436668,,2967514.0,92789.0,
2015-02-09,270.00027007,247604.78445382,258435.26014478,110300.0,1605797.14440197,8546598.0,6266951.77201467,30269.12074165,,,6963.0033579,412436.71395966,,304903.0,,2170955.0,10006364.56282841,2256873.30573001,,1391761.25,241.0,63058607.17174656,,1230959.96683836,511642.23591704,8048351.91781741,2007816.85572957,,3872582.0,199049.0,
2015-02-10,300.00030008,932487.81283493,45000.04529772,116971.0,1780539.8118479,7147570.0,3933445.97091991,709023.88425235,,,20469.90987158,312698.66658967,,420812.0,,609890.0,12020892.70263325,3748261.31041556,,1044472.5,354.0,164437675.69743025,,54499.99853179,432968.81505209,4484258.26940967,2921480.87997187,,3136146.0,143252.0,
2015-02-11,3270.00327082,504688.27747389,319320.32143259,737825.0,1547470.67361515,6661840.0,5026749.22281785,5206.28876756,,,1287.00062065,457193.43028358,,420860.0,,656109.0,9089190.67805907,3230090.53268208,,4954135.0,781.0,92140723.11192754,,1918389.94831923,128765.1432634,3582932.74190702,7962417.49644732,,2923381.0,374626.0,
2015-02-12,0.0,263106.97402237,2520.00253667,60157.0,1806874.56852552,6780857.0,5727459.11226629,646245.72783418,,,0.0,297961.64230776,,399677.0,,202214.0,13832056.42452932,4162100.70542901,,2455433.75,14490.0,76803525.42467435,,5583529.84958163,1468941.63433649,3925523.6936451,10774758.49297635,,3553847.0,210676.0,
2015-02-15,10500.01050264,460366.0480328,14865.01496335,721828.0,1075357.70312223,5760045.0,638959.71192913,633230.00591526,,,6682.50322263,210599.78110235,,231979.0,,246028.0,3141258.4552074,1596598.65688083,,39100.0,74356.0,38725769.31506194,,32599.99912177,4435163.26787191,1822693.04751881,3427043.3400508,,1719046.0,178486.0,
2015-02-16,7500.00750188,565955.68424013,21390.02153151,734406.0,1586589.65567779,6585526.0,2576090.1202724,2602720.61609131,,,5593.50269746,297717.12837698,,385126.0,,425067.0,10702785.993957,2388683.79342872,,230873.75,724.0,85987111.33779891,,560164.98490935,219773.57785222,6096780.44699783,3183671.59996236,,2262034.0,532346.0,
2015-02-17,27495.0275019,832064.46994881,72690.07317091,74455.0,2209870.48423217,10716170.0,5488515.47130093,1373733.77573893,,,2557.50123335,654508.06609232,,925539.0,,262421.0,13533183.81035358,1622855.55150389,,4416921.25,52.0,159334136.64492324,,1700994.95417578,1265911.40844616,5450278.51392641,3334223.43917885,,3926419.0,587883.0,
2015-02-18,15390.01539386,547213.39142913,124950.12577666,20400.0,1757868.37121628,10605570.0,5703215.50507988,6718291.88685015,,,0.0,689840.82153295,,816349.0,,208532.0,12968918.65080282,2023732.81264027,,1562633.75,153.0,73796857.58914874,,311134.99161813,1251518.05909886,3172478.55366945,7778766.69257925,,4505172.0,94140.0,
2015-02-19,2130.00213053,687011.10436159,149475.15046391,33251.0,2235214.65034633,11931290.0,5813414.97324062,1150.22658818,,,1650.00079571,360208.22189053,,687227.0,,492043.0,6237840.81860656,2291108.08820181,,246127.5,25697.0,85654480.88716394,,962599.97406789,601230.66892598,6732008.52211577,4639669.04501364,,2237867.0,962802.0,
2015-02-22,0.0,281667.23856132,157275.15831552,15320.0,396871.69857532,8082715.0,626165.62400695,1150.22658818,,,9570.00461512,371930.78549063,,474765.0,,75125.0,3252786.68439512,435377.62940276,,29270.0,2356.0,47221303.64962922,,254399.99314655,49335.05488991,2786655.33546757,3247829.53144418,,639163.0,387792.0,
2015-02-23,0.0,301140.95406546,72750.07323131,254116.0,1829352.87514792,11429690.0,6999765.82388059,1001181.43765073,,,3300.00159142,498574.02840271,,340515.0,,258109.0,15311155.46404077,922389.77857638,,959786.25,944.0,150713717.64884025,,262499.99292834,198258.55391472,6857999.22885559,11795981.40234994,,3147301.0,560118.0,
2015-02-24,79260.0792799,11583.61731211,83805.08435945,90815.0,491158.47585451,8149556.0,3767898.54061887,3200475.21249736,,,1650.00079571,497188.08025159,,632171.0,,244882.0,3432607.05392147,932525.87331892,,510368.75,113.0,73524452.27668485,,35869.99903367,237745.26451409,3526936.59116087,8990015.39901267,,1450151.0,242727.0,
2015-02-25,37050.0370593,944217.05276468,5640.00567731,90000.0,1306271.21660683,7422664.0,4271536.03615527,6301001.7883058,,,3300.00159142,285561.82774686,,400551.0,,213856.0,3509251.2114233,1441581.64344241,,448025.0,0.0,67013846.71477584,,1010314.97278246,312585.34778076,2120989.23524108,17822134.96665195,,1043553.0,1526762.0,
2015-02-26,57000.05701431,44517.49613292,145965.14693069,158123.0,851446.85500448,7390730.0,7778864.06608746,2020645.42422942,,,11606.10559703,286550.72851992,,1171185.0,,248287.0,5432555.16376472,2472853.86228666,,434035.0,117.0,71718548.91475432,,1266249.96588766,940751.04667451,13511174.22724754,13850718.20797082,,4224797.0,675473.0,
2015-03-01,0.0,207442.72843025,2010.0020233,10007.0,999804.92473815,5441752.0,3010540.93932745,382783.30089888,,,0.0,191690.60774727,,356382.0,,307927.0,3818167.84623924,2796814.3831102,,6640.0,1417.0,61639114.07133493,,15749.9995757,104985.11680587,3772073.74957642,1265053.64897183,,1579447.0,207674.0,
2015-03-02,0.0,112867.45748428,56220.05659195,261693.0,551378.90595764,4517647.0,5432002.21632375,1384449.04448147,,,0.0,353407.85612327,,673111.0,,252645.0,4300064.83652548,2951712.78541706,,283810.0,113.0,44951310.9417151,,682664.98160924,146618.49646028,7805165.20133659,5322252.31604121,,4195635.0,2324415.0,
2015-03-03,0.0,265642.13141125,254355.25603779,212756.0,1756983.69285143,5747585.0,4944916.7057279,1413325.78566901,,,1785.30086096,201252.46033495,,401274.0,,321334.0,9405235.3275229,3682537.85101783,,260897.5,8682.0,60386219.79064142,,242149.99347656,314683.68344869,6115948.40878701,18844479.87482729,,2730320.0,220044.0,
2015-03-04,3000.00300075,171910.80972659,35040.03527182,234357.0,843148.32273701,8549567.0,2711853.63099389,1038472.99440444,,,0.0,381489.66394065,,461431.0,,470586.0,7210346.81708202,3646281.52230382,,0.0,14988.0,44949403.12483812,,103424.99721377,1152112.94850128,3169280.94198917,1385056.52081342,,2617067.0,1837353.0,
2015-03-05,2505.00250563,150206.42048863,47655.04797028,295778.0,1713347.86702458,5650149.0,4908337.54300779,391561.34591396,,,3045.90146888,752391.39779976,0.0,1335791.0,,277207.0,3399306.98549067,4461472.62297989,,192300.0,304.0,61021213.43497093,,232659.99373222,539502.26691396,3319825.46120435,19249317.44247649,,2300846.0,721176.0,
2015-03-08,990.00099025,13185.46610613,37395.0376424,460772.0,654699.37076523,8128148.0,1588211.3939935,428368.5967358,,,8250.00397855,377035.89278978,0.0,742497.0,,460577.0,8113732.67351731,2779102.64696508,,1201691.25,69.0,74297453.2688867,,15974.99956964,519865.57839962,2724866.04330698,5240397.40345908,,2126729.0,654213.0,
2015-03-09,2970.00297075,231295.05127837,3945.0039711,422561.0,1412451.31077686,6874824.0,6371197.21434905,275691.15171492,,,16622.10801599,191421.44828874,0.0,581892.0,,818369.0,17334611.62219248,3344158.34220135,,4136445.0,785.0,66722853.07841582,,44684.9987962,379290.42199646,6086825.85683808,17645879.15488631,,3451809.0,693829.0,
2015-03-10,0.0,327435.76536395,102825.10350528,452149.0,1511516.59725211,14572870.0,2962122.67719351,52062.88767563,,,4210.80203065,456479.57098444,0.0,1986801.0,,613288.0,16773730.46959576,2764748.12154363,,4048.75,369.0,82182795.57852541,,28824.99922346,484802.20605497,8428928.42191731,27384471.7544476,,2455042.0,601490.0,
2015-03-11,43500.04351092,29028.54498415,16440.01654877,67023.0,2569143.35230136,7216617.0,4206127.94236395,3583076.89867178,,,16500.0079571,484202.99521339,0.0,1613303.0,,765572.0,9804872.14876655,3315928.89289042,,1741202.5,113.0,54081091.26264659,283698.0,143974.99612136,267843.6313347,6971140.03960649,993988.93845841,,2859205.0,545556.0,
2015-03-12,17880.01788449,121740.50834535,372210.37467251,70534.0,1387387.50048254,8101219.0,10353113.16158206,139237.95541158,,,957.00046151,352181.02433714,0.0,947617.0,,1678692.0,14095036.96494774,3350857.29263155,,89185.0,56.0,47676111.72431931,71429.0,44999.99878772,296130.329473,5439222.21499548,6494843.06375983,,1947025.0,268348.0,
2015-03-15,17880.01788449,1330994.03481611,28485.02867345,156786.0,1001985.47000362,8237075.0,3908499.05089704,2300.45317637,,,957.00046151,167371.08407403,0.0,278253.0,,386991.0,18303193.61260419,3808126.41131544,,57377.5,56.0,77550719.32641847,55881.0,19384.99947777,22956.69220816,18776456.73883535,201857.78442373,,2381610.0,535457.0,
2015-03-16,1035.00103526,809165.31332524,1230.00123814,100989.0,1440331.13952831,5507072.0,4461375.34020992,51457.5052608,,,0.0,241654.63342277,0.0,429288.0,,994922.0,8904690.29891541,1821093.4298811,,583638.75,256.0,67692333.42763901,399665.0,100439.99729418,186213.54051351,7802097.87209423,10360740.93513102,,2058867.0,311306.0,
2015-03-17,705.00070518,251099.72727713,21855.02199959,54421.0,1332923.70988028,4795406.0,6568186.86557444,0.0,,,3300.00159142,140551.79769475,0.0,462944.0,,1916544.0,7197710.7911153,2955149.9297294,,1249030.0,241.0,75380654.97276425,348400.0,99394.99732233,422067.13625627,6609861.7797337,4215553.49795257,,2987872.0,1230112.0,
2015-03-18,0.0,559190.85172985,34860.03509063,829863.0,1766515.79072622,5197807.0,7008067.67344045,4116.60042087,,,0.0,356799.86012832,0.0,660853.0,,1028353.0,8380385.22148161,2803196.17768862,,683268.75,921.0,62641465.58972254,397504.0,154494.99583796,959419.40077815,4484320.24843354,10511904.77369391,,1509766.0,781548.0,
2015-03-19,0.0,28793.56303296,10500.01056947,146202.0,2401527.95280887,6414025.0,8773441.5023725,1375913.15243233,,,0.0,320363.69961458,0.0,1553541.0,,1710777.0,4974958.22341448,6573733.17431144,,1079648.75,909.0,104483627.99204645,347992.0,235089.99366676,872354.30391,7459538.5423071,1183198.7363897,,3840274.0,3808715.0,
2015-03-22,0.0,118616.24127603,11430.01150562,46802.0,1223285.89393214,6241160.0,1716028.15918532,162484.64014117,,,62.70003024,280489.43596201,0.0,142611.0,,541541.0,4811517.88754868,707368.42508364,,637352.5,5354.0,54387966.18544213,85320.0,73979.998007,59691.73307936,6246066.41256512,132089.85893316,,999210.0,3235064.0,
2015-03-23,10245.01024757,252618.83594749,37905.03815578,56782.0,2451468.6695176,4487154.0,6160948.04758911,428731.82618469,,,0.0,160564.77003145,0.0,1489691.0,,1584681.0,3852979.91777717,1346135.78157782,,72581.25,16088.0,53724870.91414067,73109.0,44999.99878772,837410.93169886,6421493.61254557,1591198.30066201,,1535068.0,672566.0,
2015-03-24,4110.00411103,157216.16376493,266670.26843427,29155.0,3763795.57183312,5035420.0,3499788.10261185,963889.88089703,,,3989.70192403,183913.2377576,0.0,1050755.0,,647646.0,7649727.71999876,1724556.86130675,,873647.5,4084.0,50318438.09895719,94192.0,65754.99822858,2614632.90902638,9817325.59505862,1253833.66095434,,2477958.0,3195914.0,
2015-03-25,3300.00330083,175147.60336408,38220.03847286,616181.0,9717500.29352538,10641170.0,8398079.3044164,60538.24148329,,,36729.01771251,441995.52056391,0.0,2839045.0,,1323959.0,47169204.93153405,2686459.61770928,,5610955.0,6546.0,143539346.50159192,254358.0,1864784.94976334,1427184.92121153,23298964.92011681,2303922.5395002,,3510176.0,1558421.0,
2015-03-26,6315.00631659,113023.00891675,292605.29454085,404917.0,3615057.46421033,6357975.0,4961982.38484802,166116.93463016,,,8250.00397855,296096.22335045,0.0,813273.0,,208325.0,11199407.01450075,4452584.52362157,,1675080.0,29058.0,80429176.7115482,250813.0,37744.99898316,2068048.96756672,7388384.09315251,94349.89923797,,2543583.0,1147435.0,
2015-03-29,37605.03761444,82511.76091665,7605.00765531,6465.0,1638299.72911622,3624562.0,858158.87929429,166116.93463016,,,8250.00397855,307241.80424387,0.0,241394.0,,692306.0,6363409.07664618,1016698.52067972,,6125.0,14348.0,46902414.63677044,75336.0,25369.99931654,278463.64315047,4708344.06263733,133517.85740811,,963574.0,1034716.0,
2015-03-30,37605.03761444,187489.1202089,14475.01457077,481406.0,1321734.39760372,5639968.0,3617103.44182389,2931382.72910411,,,462.0002228,370757.48818244,0.0,748769.0,,2020.0,29727457.08917934,2917908.61292288,,2053916.25,48.0,45391165.85709902,106843.0,140509.99621471,506963.89737861,6838952.69535807,1965486.90093632,,1516426.0,816313.0,
2015-03-31,15000.01500377,245738.1672641,296385.29834586,636501.0,1841570.15876391,4416297.0,5663112.88295356,1180132.47947535,,,2187.90105511,208225.32608668,0.0,1254263.0,,637138.0,23126519.52441806,1887146.9376449,,1339653.75,128.0,36436595.3131413,133021.0,122524.99669922,242028.60261304,10444023.3326877,6969907.5564094,,1869209.0,931478.0,
2015-04-01,17610.01761442,85007.20304617,57165.0575432,73164.0,588273.73184949,3037626.0,3085843.6793965,2979510.63108333,,,33.00001591,300805.77034037,0.0,275497.0,,400326.0,9084402.66821983,1187132.40271789,,83767.5,61.0,32110388.5127731,93579.0,1455254.96079593,195470.2174791,12075258.11597133,12014822.1686365,,728587.0,95272.0,
2015-04-02,31875.031883,19857.62967791,7515.00756472,14635.0,1740118.7327553,36837420.0,3621381.92824573,1574962.8904294,50509040.0,,986.70047583,263878.87711218,0.0,899319.0,,720428.0,15632924.12526731,2749055.35313787,,518302.5,796.0,79484111.26208875,180397.0,1074069.97106492,288760.32127317,7136789.73235252,1967985.89826748,,983719.0,3182563.0,
2015-04-05,48510.04852218,40476.46849347,25080.02524593,2760.0,1496626.58815357,5693749.0,5336755.04116179,1574962.8904294,5360932.0,,986.70047583,227644.95795955,0.0,761166.0,,273990.0,10000892.55158357,2382454.13051904,,27041.25,373.0,96468296.3216806,61299.0,102694.99723343,485833.87386946,10601133.8337986,1522603.37391872,,1389768.0,500453.0,
2015-04-06,48510.04852218,54323.85558886,165000.16609163,35750.0,1508800.26086426,7997015.0,7550090.88035532,1574962.8904294,1698232.0,,1980.00095485,301683.14095106,0.0,814560.0,,144324.0,18306001.61837457,4794029.87233856,,142820.0,26.0,124239406.9103472,82795.0,178739.99518481,455692.17366731,14373138.01508293,2071311.78791945,,1979578.0,462190.0,
2015-04-07,48510.04852218,17312.54347419,34320.03454706,59454.0,1445446.07570818,7213095.0,3879190.90176569,6359481.72957866,3541748.0,,1980.00095485,259547.04560551,0.0,569844.0,,296240.0,7910008.25486874,3771916.49565291,,142820.0,26.0,97114530.6167989,99792.0,29.99999919,1449201.61237385,8795902.4275956,600524.35866331,,1155840.0,1774331.0,
2015-04-08,46740.04675173,23597.48326725,88290.08887412,359479.0,1495062.82569176,11048260.0,5014589.49549327,1513456.03708237,2705484.0,,1980.00095485,256098.53298485,0.0,872557.0,,165615.0,10310097.18699134,2945501.1720274,,33332.5,1072.0,165830742.95596457,332743.0,60549.9983688,1562003.40454317,6048158.53521373,76499.91830106,,1946211.0,5499601.0,
2015-04-09,54135.05414859,163848.61207735,72090.07256694,399368.0,1458946.76596614,6124709.0,3479067.95483166,208917.47135885,1852164.0,,1980.00095485,48189.95255931,0.0,398619.0,,199756.0,7179098.75286803,1581024.49960662,,14676.25,2280.0,74609664.922676,162607.0,103899.99720097,530187.25655013,5289423.97382277,1791730.08650185,,884696.0,697903.0,
2015-04-14,13935.0139385,8826.71639183,86265.08683572,25215.0,765695.3549073,17276230.0,10051329.89772327,8999009.5964918,2370480.0,,1980.00095485,322252.27703081,0.0,1421445.0,,335223.0,7088414.5665143,905273.67659191,,52021.25,425.0,103830278.05560316,123499.0,103899.99720097,1505208.3413533,2814638.23230419,342719.63398874,,2642642.0,768381.0,
2015-04-15,29565.02957242,221687.2681192,73380.07386548,69736.0,812726.60121895,38375310.0,3302281.30959494,1682236.6543378,7545024.0,,1980.00095485,535326.93457759,0.0,973170.0,,470046.0,7237994.87389808,2076917.01262997,,1757346.25,104.0,84907905.73683938,290417.0,224999.99393858,943309.38285423,7103089.58678374,1622614.26711097,,1898536.0,1055388.0,
2015-04-16,255.00025506,28628.08278565,85500.08606566,26087.0,485246.08312041,9967807.0,4197429.61743061,7492091.68948963,1866360.0,,1650.00079571,116844.94638016,0.0,1101791.0,,120761.0,3952484.12225582,1959030.44037509,,1277798.75,26.0,84468566.44763844,266735.0,28099.999243,145878.49563696,7000719.21252717,13278294.81929678,,2725956.0,1099979.0,
2015-04-19,75225.07524389,18699.2679467,160080.16113908,267000.0,1277581.47104249,9365633.0,2394749.17965837,667070.88290443,178916.0,,1650.00079571,267321.44145751,0.0,127897.0,,103143.0,11048134.70363995,2026035.41569422,,1722.5,866.0,112733982.07661074,180926.0,329044.99113564,1463033.29442957,16170947.11695843,167942.82064359,,1629991.0,378081.0,
2015-04-20,26370.02637662,10412.01716112,56670.05704492,20500.0,1841028.13751221,4628693.0,3385885.89922383,1204832.08200054,616196.0,,1650.00079571,113127.27430097,0.0,890443.0,,395017.0,8877366.24276516,3252685.95324398,,750183.75,12.0,98327334.96176638,110264.0,39659.99893157,3574310.64342528,4248258.06315653,629849.32734538,,1187841.0,719019.0,
2015-04-21,31500.03150791,54793.81949124,58605.05899273,102937.0,1880209.42086815,7133451.0,2687985.81350932,1917669.87546634,841844.0,,1650.00079571,122146.34676508,0.0,677505.0,,229126.0,10324533.21665702,8332764.61885597,,170271.25,54953.0,89382870.69099487,49396.0,39659.99893157,660675.73506424,5229090.18108571,1232260.68399344,,4422898.0,835891.0,
2015-04-22,31500.03150791,69475.2270331,3345.00336713,29924.0,1839520.44621437,11394300.0,4396908.44447917,2376368.13118526,1205796.0,,24020.71158395,245851.14166577,0.0,2025960.0,,518268.0,6269340.8833384,2231222.35927905,,50572.5,54953.0,70455445.23563798,100795.0,310774.99162783,47166.7191441,5755997.92071497,4692861.98820564,,2192887.0,373137.0,
2015-04-23,21585.02159042,992.8814839,20760.02089735,37192.0,2882849.05445142,21413070.0,4492834.79919399,3850474.3113035,729720.0,,5362.50258606,74026.28644086,0.0,1228354.0,,207309.0,6993806.37209683,2329365.33513515,,233055.0,26132.0,54538967.31312536,56247.0,7499.99979795,3475037.19964085,3584515.55205106,18100441.6694312,,2207481.0,454193.0,
2015-04-26,21585.02159042,57368.69213947,555.00055867,153181.0,2225022.15876256,4004831.0,1361761.89871125,5327.36525053,326528.0,,2930.40141318,124843.88962575,0.0,697793.0,,492286.0,3279210.73869589,455219.20891021,,16901.25,709.0,84196496.29219349,109831.0,740049.98006331,100173.44478576,4510462.46530501,8116845.33152439,,576182.0,512953.0,
2015-04-27,3135.00313579,40618.78150616,23250.02340382,40791.0,2854776.09169075,7668120.0,5655045.47100586,713140.48467322,459144.0,,1155.000557,160310.48126123,0.0,798874.0,,389951.0,10417161.40700563,3767904.3452028,,551530.0,480.0,145084136.76446563,150906.0,15009.99959564,218888.57686758,7810621.06347351,1372816.53388525,,1776733.0,440371.0,
2015-04-28,20130.02013505,40618.78150616,16455.01656386,705658.0,1559376.45076465,12978440.0,3963436.74721606,895965.97395276,842200.0,,1326.60063975,282694.75903938,0.0,1074554.0,,415608.0,6609541.58244231,3076244.15954209,,2153055.0,796.0,102150367.95148171,146200.0,4229999.88604526,1150144.61297799,12802219.95288242,369749.60512178,,2819051.0,451557.0,
2015-04-29,20130.02013505,12212.44225191,93885.09450613,250105.0,2075573.81639616,8030260.0,6749303.71141214,192087.8402265,1382496.0,,3960.00190971,543702.1062376,0.0,2768311.0,,600204.0,14222261.2263904,5147496.20138871,,115096.25,6026.0,142721821.18849045,180448.0,58129.998434,1393501.55040226,10203018.02778761,3477533.2861295,,2365349.0,178070.0,
2015-04-30,13725.01372845,76491.5895193,99930.10059113,389346.0,2369031.59822394,13988470.0,5541856.92329014,1988378.54151883,141244.0,,42.90002069,281357.88415971,0.0,847089.0,,366468.0,12168385.00572624,5633206.20661805,,511843.75,69837.0,171520342.7280371,402024.0,1709844.95393737,1435303.26357728,10733755.98079822,6491783.06702778,,3041050.0,958886.0,
2015-05-03,6090.00609153,31874.80523799,167250.16835651,133026.0,994328.64105714,12310500.0,982648.69896067,774889.49098618,57784.0,,33.00001591,1113549.85667373,0.0,401813.0,,164474.0,4806765.87778342,1361764.08741209,,22670.0,244.0,100038492.01257586,61917.0,1249999.96632543,1956738.84372368,7011455.80685128,151214.83850842,,1199305.0,278403.0,
2015-05-04,6090.00609153,9928.81483895,79035.07955789,74099.0,869570.30122525,9273204.0,3909798.80059972,12047.11005518,25640.0,,33.00001591,615960.2678376,0.0,331095.0,,288876.0,9769736.0765628,2871570.33802639,,64406.25,297.0,90168865.4630076,106464.0,6949.99981277,125136.8058932,10336768.44158114,746639.20261833,,2145161.0,301010.0,
2015-05-05,18300.01830459,146317.63467671,313575.31564958,44957.0,1310912.66295763,10694950.0,3142436.22944838,2515182.31890646,4370740.0,,33.00001591,354094.8819235,0.0,790579.0,,144275.0,7904428.24340195,2396829.28396336,,899988.75,20441.0,114886102.63909754,129785.0,1516559.9591444,65316.73933772,8545323.98825836,2382258.45584048,,2861510.0,1909770.0,
2015-05-06,18300.01830459,9568.0678998,227970.22947823,138892.0,1621578.06199469,6322982.0,3002763.12678301,4418625.70762422,932372.0,,33.00001591,256068.79160822,0.0,348858.0,,70171.0,4460589.16639895,2991777.56285525,,16400.0,453.0,90817342.73202182,110260.0,177499.99521821,3120.0034713,7600127.19815464,1621543.26825476,,2103783.0,367456.0,
2015-05-07,6660.00666167,11749.09755943,71850.07232535,443107.0,586466.99434381,5240250.0,2153430.13406398,78699.71392828,1552088.0,,6600.00318284,336351.17662394,0.0,1015622.0,,540150.0,4783725.8304367,2482492.30597722,,2250.0,610.0,84833114.15899935,140680.0,1358084.96341366,21055.0234257,5931430.19336122,1686058.19935532,,2439657.0,508675.0,
2015-05-10,6660.00666167,14893.22225843,51480.05182059,9941.0,703618.34626385,3623549.0,1038806.84990768,78699.71392828,395988.0,,12401.40598056,751708.83320603,0.0,880879.0,,48905.0,3164658.50329392,109408.45485131,,2621.25,437.0,64214073.88516758,20836.0,9999.9997306,97650.10864498,10060194.09879941,6658552.88892409,,590518.0,52044.0,
2015-05-11,6660.00666167,33625.58625459,2773982.79233241,56483.0,1160442.57938111,13532060.0,5359909.20297406,35051.64181883,1161156.0,,12401.40598056,569740.68148025,0.0,1137828.0,,208008.0,3261858.70303789,1038755.03414388,,39646.25,440.0,68891138.52173878,111518.0,173409.99532839,1330301.4800862,11964502.88140787,2578455.24630993,,1921423.0,213948.0,
2015-05-12,6660.00666167,33625.58625459,253425.25510164,45045.0,1081513.07090021,18197880.0,3946729.61973806,1452.9177956,2491756.0,,33.00001591,634266.08515553,0.0,378712.0,,121146.0,2693201.53446166,997934.75536773,,281540.0,440.0,58913797.66254777,47949.0,251409.9932271,32300.03593684,11249745.75296373,5611932.00667455,,612826.0,249857.0,
2015-05-13,33645.03365345,47559.02307859,96465.0971032,459101.0,1258959.61447533,21595090.0,4170193.48307727,42437.30727979,520016.0,,33.00001591,565917.42751401,0.0,9043807.0,,361684.0,6972962.32926284,2846682.62842198,,315748.75,56.0,102023730.16094393,147850.0,46199.99875539,69248.41037874,4586350.62646365,3543833.21532375,,2488203.0,1296631.0,
2015-05-14,31230.03123784,243206.31948016,420150.42292968,92773.0,1390053.99583576,13320160.0,6715248.20063465,321760.75348371,1013268.0,,33.00001591,507010.16988481,0.0,5761529.0,,140146.0,21313627.798971,3751461.23246478,,544143.75,41708.0,113348608.48671287,174746.0,38799.99895474,751740.83638277,9926258.81478997,776219.17102807,,4072689.0,1995424.0,
2015-05-17,19770.01977496,4997.50346894,27435.02761651,15689.0,1721827.07304262,26921690.0,2208285.08769636,1521931.39089004,293532.0,,1897.50091507,232785.75491065,0.0,2765307.0,,59343.0,7425699.25962589,663453.94287552,,103126.25,2845.0,100407164.73340055,105800.0,2499.99993265,26790.02980644,18564273.9668772,737867.21198647,,1587580.0,1134161.0,
2015-05-18,69495.06951245,420342.99541698,506820.51017308,237569.0,944693.20068557,34387000.0,8333519.32316318,2217757.93849903,916280.0,,16292.10785685,246157.47784509,0.0,8517281.0,,205202.0,15771272.40956957,3666857.97512637,,2362250.0,2845.0,87045588.76620299,354099.0,266079.9928319,103741.78208921,19676502.05952832,5630852.98646768,,2076958.0,2713642.0,
2015-05-19,15870.01587398,46334.46924845,191805.19307396,42827.0,2500144.66997236,22703410.0,6147285.16145718,5570850.05777578,533960.0,,16292.10785685,871496.68880407,0.0,3046806.0,,151850.0,10399881.37149559,4548007.17896042,,2237037.5,8298.0,228197586.04063645,226896.0,9999.9997306,664732.40624433,13793262.43158687,901169.03758646,,4096306.0,1773952.0,
2015-05-20,16785.01678921,153539.19266958,147045.14801784,58060.0,1558055.6633467,23471460.0,1461390.98865335,119320.87396357,608576.0,,2590.50124927,2579996.01779264,0.0,4746694.0,,14411.0,8564885.60062527,4160352.48048995,,20625.0,289.0,160953924.73611018,147842.0,506404.98635762,3124855.14336353,9013225.1923646,705329.24673575,,3387964.0,413633.0,
2015-05-21,120.00012003,199651.91838662,278700.28054385,527790.0,1881386.91531151,17002490.0,3168544.9946962,945365.17900314,2166544.0,,1650.00079571,1489015.40477726,0.0,2154810.0,,26015.0,12496669.68034302,3614671.65574347,,313350.0,289.0,213707201.23367748,258137.0,41089.99889305,193316.88174998,14685186.85027831,2034234.8275162,,2919627.0,2196173.0,
2015-05-24,120.00012003,126463.31460375,97530.09817525,292753.0,2386338.89750249,23709270.0,2578896.47639437,1452.9177956,680456.0,,5791.50279294,1874594.50800502,0.0,3314027.0,,40600.0,9328555.1699471,4523849.18566538,,560991.25,4.0,149945408.85490343,56979.0,72174.99805563,134218.48266409,16312416.61566506,4935978.7285664,,4417056.0,640840.0,
2015-05-25,18585.01858967,85387.807615,132420.13329608,28561.0,5657287.62843275,17522840.0,2125070.07821708,186034.01607816,1952312.0,,5791.50279294,1371273.7558916,0.0,1518957.0,,23232.0,4473441.19280955,3272594.5738258,,260220.0,3458.0,121485911.53066064,91009.0,1525199.95891164,37925.0421952,13953440.78647552,4516147.17693019,,3098937.0,395332.0,
2015-05-26,120.00012003,28561.89068672,40500.04076794,57678.0,7245453.50683102,14608800.0,5309932.62024168,80455.3229313,1563688.0,,5791.50279294,792279.04507183,0.0,5850348.0,,91038.0,7925560.28682777,2248988.24398423,,312625.0,596.0,107096125.39199942,21729.0,2574.99993063,70525.07846582,11144114.73649365,2251647.59532781,,1593775.0,63340.0,
2015-05-27,15450.01545388,242190.27076164,63450.06386978,238099.0,6491420.95402935,27185150.0,5386259.30105793,473166.89543344,1376404.0,,993.30047902,887698.30372519,0.0,4718836.0,,41711.0,9003078.5011007,1174198.63237229,,34446.25,1009.0,138950273.4731448,84687.0,39999.99892241,33398.37049218,12491606.11597809,310181.66873802,,2571019.0,157702.0,
2015-05-28,31140.03114782,229289.4306809,134745.13563646,96104.0,3806154.22114733,24271130.0,8882968.68620426,97284.95406366,1706540.0,,993.30047902,444774.85221031,0.0,9144845.0,,71510.0,5911392.14776272,3796889.2958517,,545478.75,52320.0,94437915.1009934,93939.0,224.99999394,678297.4213367,10458557.53991077,1211095.70659682,,3467969.0,508143.0,
2015-06-02,6000.00600151,576854.21332835,96855.09749578,55000.0,2692699.27717256,6270003.0,4675285.87085381,3831102.07402884,579320.0,,993.30047902,397590.15818121,0.0,27165200.0,,63004.0,4717809.69498069,1611260.02414261,,345240.0,1621.0,76907759.25756206,38342.0,4249.99988551,860434.29064785,7711154.51247878,651371.30436074,,6021118.0,276985.0,
2015-06-03,6000.00600151,146790.90818403,302760.30476303,13564.0,2585497.44179243,17766570.0,2804422.01167578,3228141.18885523,449392.0,,993.30047902,295672.40873343,0.0,3652656.0,,65834.0,3653611.50808009,526684.99417709,,228950.0,23145.0,57601477.46426679,66458.0,4249.99988551,689180.76677878,7831031.160299,651371.30436074,,3616988.0,297182.0,
2015-06-04,6000.00600151,77921.33885611,315765.31785407,1948.0,3482766.89801856,8176243.0,2369026.54694822,375337.09719643,1562176.0,,993.30047902,241181.7455343,0.0,4594113.0,,1043.0,1754823.60611853,1518346.25208652,,66677.5,4445.0,67689342.79577777,95115.0,36999.99900323,26171.69578515,4810066.96211012,4352182.35203826,,3358704.0,323425.0,
2015-06-07,19530.0195349,4964.40741948,158610.15965935,14907.0,2042385.91745561,21213240.0,814470.74074677,1886734.83406837,98544.0,,1254.00060474,291664.75823206,0.0,1801265.0,,2100.0,1514667.11260296,887592.88248111,,503.75,3800.0,56941243.91828082,48110.0,399999.98922414,113236.79265331,6316949.40435684,4352182.35203826,,1392557.0,422150.0,
2015-06-08,10755.0107577,31520.67750873,61275.06168039,254803.0,2314524.19671637,7509951.0,3440964.94763254,280897.44048249,611484.0,,1254.00060474,530705.12464874,0.0,4240416.0,,3550.0,14485169.76666087,1024619.68146554,,82960.0,140.0,63824466.74131426,41648.0,1337964.96395568,149810.16667798,5595685.69429066,3231968.5483831,,2286319.0,164258.0,
2015-06-09,15000.01500377,5119.95885195,220500.22195881,72000.0,3764343.82321416,7126244.0,5236726.02823426,1637983.19981351,419924.0,,1640.10079094,240719.26712765,0.0,3055024.0,,2000.0,1970104.04851445,1641286.68994694,,69100.0,781.0,64827901.0746861,124443.0,1337964.96395568,32850.03654877,6774466.00219695,2946980.85273889,,3116360.0,271662.0,
2015-06-10,196830.19687942,257169.54274868,43050.04333481,20841.0,3167634.49625194,17505910.0,6082287.33348714,769198.89628674,602012.0,,1320.00063657,888310.97608384,0.0,2058962.0,,9999.0,5574215.45487307,1482675.24352172,,1710970.0,412.0,65128614.26459513,76349.0,49.99999865,487075.5419176,7156895.54314736,2889401.91423096,,3105962.0,97775.0,
2015-06-11,32595.03260318,89028.37305595,52875.05322482,87990.0,1828842.00454286,6477375.0,2507954.96543381,3933290.62565264,607000.0,,8250.00397855,479283.7715182,0.0,2101773.0,,9999.0,6144636.62707428,1463651.04942087,,295400.0,837.0,47905616.93835996,110739.0,499.99998653,75081.75020221,4359086.6951222,2368539.47049182,,2102158.0,110479.0,
2015-06-14,32595.03260318,40708.14083971,219630.22108305,26826.0,1064274.30304428,8660654.0,649905.87984961,6053.82414833,158216.0,,2508.00120948,307179.34735294,0.0,619039.0,,920.0,5587931.48305916,512593.47604737,,81258.75,31064.0,58145385.74337436,146481.0,135694.99634442,2790.00310414,3070752.72225652,1676725.20932259,,987367.0,167467.0,
2015-06-15,57390.05740441,69005.26313073,88350.08893452,37072.0,1301555.00870407,7864135.0,2311996.15017951,6970191.50966214,1462172.0,,2458.50118561,180928.69061243,0.0,1511618.0,,7610.0,4411845.06623105,726673.67599622,,408875.0,31064.0,74888206.18671726,101185.0,239754.99354108,171416.85738413,6378204.13170093,355520.62031778,,3039622.0,529867.0,
2015-06-16,57390.05740441,29541.53375083,127500.12834353,5900.0,1782807.57892399,7793685.0,526488.26749765,349729.421049,1157992.0,,29700.01432279,510350.12648075,0.0,986443.0,,186570.0,2846921.85035306,1400552.50593459,,36111.25,3009000.0,67889560.44262563,110066.0,101249.99727236,555.00061749,5186151.4172593,242810.74068756,,2613838.0,76260.0,
2015-06-17,465.00046512,93198.47528831,611340.61538457,13522.0,862187.59796928,14328110.0,5065986.49434637,349729.421049,2460860.0,,29700.01432279,863989.96534177,0.0,3333799.0,,135261.0,2174512.46856863,1086542.42764767,,619831.25,329.0,70257805.71970497,44997.0,1080699.97088631,16565.01843015,3753328.62098971,622199.33551527,,4407402.0,433445.0,
2015-06-18,0.0,28859.75513189,398535.40117167,5555.0,570524.09338852,4116040.0,3415397.45745985,181614.72444988,627460.0,,9144.30440983,387198.52118546,0.0,3644168.0,,74035.0,401400.82486864,1997112.34911396,,787787.5,113.0,52866688.47651191,104391.0,2833709.92366083,39200.04361376,6250447.12530941,243269.74019736,,4563654.0,314152.0,
2015-06-21,0.0,424456.83436526,64785.06521361,2775.0,893618.60043879,3148338.0,836597.51419989,0.0,488220.0,,10797.60520713,245311.33567987,0.0,640368.0,,50.0,1266122.60185022,301793.13173639,,8987.5,0.0,38985490.22342474,19595.0,101464.99726657,71375.07941153,1898173.00389076,321809.65631978,,1532275.0,1676128.0,
2015-06-22,8250.00825207,263414.76728238,662085.6664653,109234.0,1192166.39792913,8046582.0,5213144.36254099,1407756.26745255,872056.0,,2640.00127314,278416.46201065,0.0,1869930.0,,123521.0,3205266.58674251,3275956.9415552,,421228.75,10505.0,42396486.33032751,41634.0,124759.99663901,462950.51507623,8254321.2688556,197624.7889444,,2675651.0,607932.0,
2015-06-23,300.00030008,12463.97222783,36390.03663075,68018.0,1103997.60765193,4000342.0,2697828.7456079,1606140.0847933,1212080.0,,3168.00152776,85096.02682386,0.0,1492876.0,,73898.0,1936515.97949181,2384411.21418975,,169613.75,269.0,49984312.33239162,12294.0,690739.9813917,803107.56019978,4760758.67561485,312017.66677725,,3567654.0,870466.0,
2015-06-24,48915.04892728,269037.78608617,564660.56839574,1476.0,1175918.22063666,11260470.0,4838923.32413818,602234.42627582,2757816.0,,0.0,260535.94637857,0.0,912522.0,,113764.0,2019928.15090173,2148996.48157752,,82971.25,84.0,56364541.81393626,147135.0,0.0,1017041.13155444,6301546.74044851,1030453.89951525,,2260612.0,218085.0,
2015-06-25,0.0,253353.56824557,883275.88911867,41906.0,1054698.59426418,5399095.0,4105761.06346596,1952842.59376813,601088.0,,2785.20134316,150214.77096298,0.0,1309625.0,,108494.0,3407839.00302375,2488260.41687497,,344051.25,12940516.0,88738131.7118072,157012.0,245334.99339076,281125.3127785,8878096.75173179,347105.62930467,,2795941.0,626356.0,
2015-06-28,8295.00829708,63047.97422735,497805.50109843,3750.0,1643838.31409053,14199250.0,1624687.12835531,556164.82450703,5204.0,,14160.30682879,246005.79682426,0.0,1100127.0,,24850.0,3473503.1379619,1310807.7138934,,284848.75,0.0,126293584.27937856,163966.0,52999.9985722,35273.3725783,5437436.78947151,163199.82570892,,1557339.0,153797.0,
2015-06-29,235500.23555913,118003.96436096,421395.42418291,215895.0,1771450.05315553,15242580.0,10723590.09341427,711021.6462213,226444.0,,1399.20067476,322812.90198036,0.0,939503.0,,236796.0,1784055.66618969,1601564.85338913,,1337536.25,312.0,126216807.54073408,87386.0,11334.99969464,33695.03748892,6313053.31768016,546719.41612489,,2857796.0,2098001.0,
2015-07-02,0.0,6288.249398,1659526.67050427,777509.0,1124413.74146612,10378750.0,14961174.04715035,1767535.03658777,832936.0,,0.0,237064.05193939,0.0,5415567.0,,558350.0,21487976.1572525,11578511.82090377,,520677.5,3097672.0,64968306.08430926,233541.0,1635444.95594168,1149351.27876199,6283728.01406327,425237.54586281,,8955616.0,3839184.0,
2015-07-05,0.0,171940.5961711,7425.00747412,94032.0,1007455.5235553,6415687.0,1289861.9516304,539698.42282357,407216.0,,495.00023871,526758.44396947,78473480.0,1427034.0,,43865.0,1486335.05438129,2103676.71531072,,9275.0,0.0,143075050.90513515,28597.0,24999.99932651,219396.91076648,9802004.7802482,81599.91285446,,1242071.0,235157.0,
2015-07-06,1065.00106527,524903.344486,20145.02027828,407667.0,1105779.42464029,6988216.0,5685829.19804901,0.0,2228300.0,,3135.00151185,238106.48719039,28086360.0,2016397.0,,383427.0,2098408.31217649,6874144.22851489,,4256298.75,26.0,79938223.24143182,69390.0,9999.9997306,87560.09741889,6046730.77210141,512549.45261709,,1274348.0,1644829.0,
2015-07-07,0.0,57163.4966328,289350.29126431,214294.0,926713.04743939,7155062.0,1806300.43031287,216363.6750613,574588.0,,858.00041377,302129.26160057,15819030.0,3157218.0,,150511.0,6651157.66796233,2879914.37328125,,128201.25,84.0,64700103.12523659,64624.0,16944.99954351,93575.10411115,7770499.97673098,81599.91285446,,1408513.0,898368.0,
2015-07-08,8280.00828208,420273.49371311,1159816.16748823,120.0,933559.95957298,5057152.0,4300857.97573439,35172.71830179,12472.0,,21450.01034424,364749.73010247,18675800.0,2659816.0,,1193.0,4797009.85773504,6308433.59355218,,1873642.5,0.0,84779927.31822582,51260.0,20809.99943939,1541588.38182953,7761291.52752814,235517.74847619,,1686965.0,1760952.0,
2015-07-09,0.0,75214.08201002,83550.08410276,122793.0,784821.85195019,5223293.0,7421443.24068513,3972822.09734124,202852.0,,0.0,133964.08277042,22943910.0,1125325.0,,55950.0,5411891.12130063,5750138.73281474,,359688.75,48280.0,67029263.93764669,59576.0,9979.99973114,984021.09481653,3707944.04545626,560999.40087443,,2201696.0,738598.0,
2015-07-12,30750.03075772,39715.25935581,84000.08455574,1475.0,825261.62143077,6107095.0,2918155.28207857,0.0,252832.0,,0.0,402540.61032186,14980140.0,254785.0,,65550.0,3758983.72461735,2453736.84208286,,1345.0,1421.0,55793588.94153182,47455.0,3249.99991245,11075.012322,5447063.85284141,1839670.03530384,,1884527.0,41507.0,
2015-07-13,7500.00750188,104186.36371008,253155.25482985,177019.0,857053.97140142,4182769.0,5871121.10195024,605382.41483295,354176.0,,0.0,173991.51451266,10165810.0,621703.0,,77246.0,8480609.42743985,2953546.1009505,,7270.0,113.0,69813903.13878474,93232.0,0.0,178613.53205778,8593491.17928302,1899900.97097954,,3194316.0,201471.0,
2015-07-14,3510.00351088,22680.72269712,288930.29084154,500.0,1938012.56079126,3247332.0,5048782.9107485,2997006.182872,0.0,,1650.00079571,151927.87425707,14560590.0,1254295.0,,16080.0,3759271.72520919,2431025.38889226,,391522.5,340.0,70057278.69714732,61470.0,0.0,8168.34242139,5027373.40113254,2595642.2279549,,2589925.0,49536.0,
2015-07-15,0.0,21333.71348396,102825.10350528,43384.0,1200440.00967928,14591850.0,3323725.45588326,1228078.76673012,814624.0,,0.0,191814.0344603,16008920.0,1530568.0,,12836.0,9368839.25272988,5328958.34015897,,12967.5,23348.0,147717826.40053874,27200.0,1319744.96444652,214313.57177745,8156303.930358,2495172.33525284,,2052481.0,164362.0,
2015-07-16,0.0,164983.80657394,210435.21182722,136000.0,1988513.98913969,14766950.0,4721563.16597087,33296.03281581,212860.0,,2376.00114582,241659.09462927,8989736.0,1158079.0,,1581.0,3869647.95202957,3803314.92497874,,413087.5,1216744.0,138384064.3616237,5978.0,584479.98425431,199575.22204631,14125486.95924759,7916262.54573902,,2501429.0,1429025.0,
2015-07-21,0.0,435785.6120965,733260.73811118,206331.0,2023147.27808478,5920973.0,5688714.84924569,899719.34492473,115088.0,,6880.50331811,457691.53208225,7444031.0,2923995.0,,9350.0,6974042.33148222,5861970.98035442,,1572756.25,1216744.0,89497313.92230542,46879.0,1169.99996848,838369.26609843,5252875.75306032,22993631.44369454,,2901267.0,902490.0,
2015-07-22,960.00096024,106403.79902412,189495.19074868,107250.0,3525405.90315261,6520983.0,3151865.44811374,845234.92758976,276060.0,,825.00039786,307759.30419729,3018100.0,1147044.0,,44005.0,4619925.49383111,3107232.60691318,,624600.0,226.0,108491719.21883032,12156.0,558119.98496444,249450.27753702,7577783.40136962,12407215.7495754,,1587106.0,112495.0,
2015-07-26,960.00096024,135611.06267537,701985.70662927,20671.0,2022667.55812638,16115020.0,1192770.3040787,9867.73336178,3332.0,,825.00039786,919832.37410889,3255450.0,401829.0,,29425.0,3403626.99436818,2718943.59673916,,88412.5,8.0,97495990.86696126,10083.0,14999.99959591,24031.6934042,6329608.76425667,4383955.31810596,,3115844.0,338886.0,
2015-07-27,1500.00150038,90173.49636737,890685.89657769,598297.0,1914095.09429365,6874419.0,2929932.32447742,194872.59933473,1054728.0,,10843.80522941,344231.15436299,1925587.0,547884.0,,652287.0,5425535.14933877,3324871.14080879,,13286.25,5665.0,82229253.49761115,5485.0,14999.99959591,11550.01285048,24884179.1697436,1632967.25605438,,2214366.0,328377.0,
2015-07-28,300000.30007532,122587.76721161,483630.48682965,27897.0,4931004.07166654,4886319.0,2882958.61174779,444956.07490222,200.0,,7883.7038019,384618.4567625,7103860.0,364346.0,,10581.0,5970072.2683489,3398966.99899284,,1042427.5,859070.0,113364953.83671306,88401.0,13179.99964494,46413.38497261,8235167.01453129,3003692.79217274,,2210974.0,218775.0,
2015-07-29,360000.36009038,272727.99560132,381705.38423033,51706.0,108783.47560438,10187730.0,3641333.25856253,30087.5060172,294628.0,,13566.30654233,254230.77453226,10233530.0,540276.0,,1004793.0,9256447.02176666,7382467.70382615,,107860.0,164.0,152267505.5886068,110410.0,14499.99960937,26710.02971743,8814486.5228436,1644748.24347275,,1892142.0,432669.0,
2015-07-30,360000.36009038,77775.71623847,631575.63575344,133631.0,2370277.08233955,12055580.0,2314681.83988347,130157.21918908,250192.0,,3894.00187788,795190.72584425,5696807.0,591710.0,,2226404.0,5500091.30254979,2637692.81159222,,71540.0,1322.0,222092778.28472608,153966.0,105454.99715908,616449.01919117,11866776.66037671,4556998.13330296,,2656980.0,455605.0,
2015-08-02,360000.36009038,110838.66965218,115755.11652082,75266.0,1422372.83688064,5772377.0,1679648.95795794,100614.55734524,1338720.0,,3894.00187788,742038.42459363,2511946.0,329590.0,,2103552.0,4382829.00660377,2475940.18516811,,71875.0,854612.0,146092675.7970489,90402.0,105454.99715908,197583.55316372,10494953.59804997,3238445.54146592,,3075516.0,713621.0,
2015-08-03,8040.00804202,110838.66965218,910350.91637279,679277.0,1843150.35432048,5185695.0,2379903.76262983,395920.09930075,1919368.0,,3300.00159142,292079.6504361,4075742.0,316117.0,,1507944.0,5988324.30585638,3131844.94781619,,2179345.0,468.0,113483625.20272398,87111.0,105454.99715908,437982.15396323,8456740.34313472,9274391.09531047,,2969259.0,159392.0,
2015-08-04,31605.03161293,58745.48779714,61530.06193708,33553.0,1303299.71579164,4882994.0,4112883.82974115,1401460.29033828,803596.0,,27720.01336794,177847.48399319,3039277.0,592252.0,,66000.0,4016888.2546047,2898886.5157384,,155081.25,260.0,156701091.54157883,74469.0,15124.99959254,89850.09996673,5322889.50373753,2083092.77533781,,2532336.0,72838.0,
2015-08-05,368085.36817741,80559.09399832,248685.25033028,72631.0,1230809.90374465,8943803.0,3765550.71688537,1611770.14125124,17152.0,,6517.50314306,274414.75978461,16155530.0,312537.0,,114378.0,10072856.69946809,3344357.6139138,,575591.25,260.0,128237572.33310886,62618.0,79504.99785816,731034.14667796,5025319.64177993,2369253.4697293,,3073815.0,996821.0,
2015-08-09,34860.03486875,231765.01518074,280455.28231047,61894.0,875230.2382839,5403335.0,799783.91386763,1038594.07088741,126052.0,,1897.50091507,153977.05510712,8943592.0,524377.0,,866463.0,4143068.51390197,1362540.3149468,,315687.5,585.0,96639896.71537356,94727.0,79504.99785816,27371.69712027,5089568.41664376,3663479.0875466,,2750599.0,321372.0,
2015-08-10,7500.00750188,154197.80405389,47325.0476381,21100.0,1579025.37575396,3649930.0,4341615.64412997,7287048.6655857,126052.0,,330.00015914,100536.26250316,9752386.0,1065339.0,,163930.0,3423967.03616645,980008.51596407,,496937.5,3509.0,70541477.46426679,86549.0,79504.99785816,753947.50550457,5342731.17777272,1235014.68105228,,2107129.0,138206.0,
2015-08-11,20865.02087024,157868.15593936,35295.03552851,74965.0,645304.15515223,4847840.0,4140454.38245299,4591946.69299089,764660.0,,330.00015914,172772.11807068,6315120.0,1258553.0,,692526.0,8827542.14037788,1386714.33384095,,747353.75,45760.0,88874643.74374893,77695.0,20469.99944855,40883.37881996,7081756.42510491,2163570.68939052,,3027606.0,13930.0,
2015-08-12,22305.0223106,164603.20200512,34950.03518123,643636.0,720145.1638333,4429625.0,1558644.6739664,2965707.91202514,764660.0,,825.00039786,76463.59225598,11283000.0,304202.0,,212826.0,14442905.67980923,2551873.24451657,,21037.5,354.0,92571812.38220094,110157.0,34054.99908257,66648.40748599,4541557.8481156,267188.71465283,,1839699.0,195236.0,
2015-08-13,1860.00186047,244996.81575612,231570.23310205,563409.0,563395.10989222,5152663.0,5838651.49266674,270363.7864644,4454400.0,,297.00014323,136895.09543765,7145849.0,299253.0,,107359.0,9185022.87499183,2892528.01076866,,3703023.75,135441.0,99899917.47590224,37001.0,16219.99956304,1596320.10939042,6780297.91377816,1805908.07136031,,5021458.0,164009.0,
2015-08-16,30045.03005254,106297.89166583,156495.15753036,1735.0,607255.22037494,5798751.0,1613213.47580747,270363.7864644,8024.0,,1650.00079571,175944.03588865,5631213.0,477237.0,,41120.0,5359979.01462255,1829431.42986385,,939263.75,15772.0,152997039.29358417,15940.0,355619.99041972,10000.01112596,11062049.36018959,1688965.19625076,,2674037.0,323119.0,
2015-08-17,4680.00468117,30054.52251751,41145.04141721,1950.0,755181.96651717,4372750.0,2855598.36336449,1215850.04195049,921812.0,,4752.00229165,114693.15778072,8497940.0,744646.0,,84992.0,7743219.91212287,5115003.24783131,,1272947.5,104549.0,104645740.86397272,28075.0,58944.99841204,2098495.66810822,18820319.21591285,988378.94444967,,2943637.0,225462.0,
2015-08-18,165.00016504,252314.35229243,90900.09150139,54717.0,458284.70184062,5555516.0,5384756.14225058,1476043.4038457,11800.0,,2640.00127314,272536.5918502,9718184.0,994355.0,,158893.0,6253752.85130539,6592982.15300366,,3723998.75,118533.0,104110727.1365214,120757.0,262499.99292834,535842.26284186,15047659.97016296,3605339.1496378,,3667143.0,1034427.0,
2015-08-19,750.00075019,98636.15621511,37800.03805008,54717.0,1103249.36009023,9559297.0,5736398.77003568,872174.44504983,2275344.0,,2376.00114582,190328.45269746,15956360.0,323519.0,,181665.0,2894549.94822761,5844786.81822227,,1531835.0,852.0,122361212.75756404,27458.0,262499.99292834,437960.48727246,29807942.37711101,5095965.55770668,,2851308.0,185825.0,
2015-08-20,48555.04856719,295034.7329395,540420.54399537,94993.0,1414864.17666213,6481898.0,5627440.44217458,987015.48914364,266912.0,,2376.00114582,229789.31121483,13473380.0,340264.0,,1300570.0,3699799.60299547,7573247.16916821,,997066.25,269.0,166908195.42790198,25990.0,17999.99951509,1010811.12462297,17558473.74507509,18911850.80287775,,2098968.0,817860.0,
2015-08-23,29730.02973746,733425.00412875,130980.13184655,1810.0,1171527.96587711,8058245.0,3624429.61720374,987015.48914364,454104.0,,4379.10211182,176544.81169665,5834873.0,1438035.0,,138140.0,12349609.37813779,5342325.42550387,,1326671.25,3760.0,190196838.70145085,30560.0,1999.99994612,105165.11700614,19897336.96974061,7000201.52405661,,4188811.0,532944.0,
2015-08-24,60060.06007508,171983.6210354,159210.16026332,236762.0,1790232.17754242,14119900.0,5346732.43012616,1237159.50295262,49480.0,,5850.90282159,486210.53813615,6288767.0,2818784.0,,765310.0,10580925.74353724,6577326.64076748,,488902.5,4041.0,130285897.34496348,32413.0,1999.99994612,289570.32217437,12930694.12821497,12812563.31667994,,3962207.0,602624.0,
2015-08-25,32460.03246815,74565.39944054,104865.10555878,216370.0,3720752.42091819,14555730.0,2766450.01373052,74825.26647335,484872.0,,1574.10075911,359131.58405639,3769065.0,1171070.0,,925475.0,3370398.92608533,4855312.54485986,,190111.25,79504.0,146690956.85715082,144116.0,1999.99994612,47531.7195502,16274454.47305315,91747678.01704276,,1738227.0,416178.0,
2015-08-26,32460.03246815,35283.69833269,249210.25085875,15281.0,3532645.85518437,7400808.0,3023359.16053323,1156885.79474577,178176.0,,1574.10075911,171911.10521714,5866008.0,568966.0,,690266.0,1067042.19274497,3671894.86991338,,133286.25,644.0,115035505.32561356,8550.0,24999.99932651,119336.79944014,8989047.56803556,6885553.6464961,,1204634.0,93985.0,
2015-08-27,1650.00165041,228227.04749313,226875.22837598,19385.0,2212461.58599132,7209526.0,3136495.9940698,62596.54169372,258552.0,,1881.00090711,424767.82814893,11521960.0,1673915.0,,179801.0,5692727.69841276,3522949.2534991,,111175.0,8712.0,128819894.76284784,60870.0,33249.99910426,451358.83551272,16931763.71313945,13228314.87267341,,2032526.0,636265.0,
2015-08-30,31500.03150791,19692.14943059,61785.06219376,300.0,2124430.76147667,8470948.0,2075255.53324603,613494.53919171,929216.0,,445.50021484,213114.80840524,15193530.0,1464639.0,,106872.0,5998368.32649659,3513775.99632938,,559556.25,300.0,97600946.57650514,36548.0,128499.99653825,451358.83551272,12838747.75761227,17759507.03353615,,1698118.0,627347.0,
2015-08-31,900.00090023,70484.65654173,399840.40248531,511772.0,3980323.0846528,9512107.0,5933205.69782806,1904290.92409853,919952.0,,495.00023871,677533.839882,8840638.0,1503772.0,,133062.0,14907630.63480736,4878510.06299079,,184700.0,1152.0,174269558.41040498,127361.0,36499.9990167,16253.35141672,20685914.68784822,10099060.21459587,,5454282.0,652545.0,
2015-09-01,900.00090023,261568.00772233,692025.69660338,288750.0,2636955.51101405,6399732.0,5522450.31566041,216605.82802723,4000.0,,495.00023871,1502101.61049602,6661510.0,636286.0,,253850.0,4024052.26932657,2057739.10830667,,184700.0,1152.0,128390171.9019593,11792.0,10999.99970366,357493.73107892,14898095.71560158,96436715.00933334,,3981968.0,311698.0,
2015-09-02,42300.04231062,77643.33204062,842790.84836582,288750.0,3604749.21862944,12380860.0,3187017.29948926,1005176.96158863,14780.0,,5372.40259083,502538.55390796,4776558.0,757409.0,,29031.0,15001986.82870698,3144973.70807749,,199142.5,1892.0,159707063.28175744,11664.0,76179.99794774,69593.41076258,21565036.31285161,909329.02887191,,4595688.0,1239526.0,
2015-09-03,37095.03710431,127419.79043323,446475.44942884,141608.0,3163453.80859637,7298529.0,5066713.94046644,343978.28810808,65596.0,,6270.0030237,512284.80303077,4955539.0,1396118.0,,1031206.0,8200024.85084557,2198836.71858704,,634088.75,1805.0,103502906.9920345,51485.0,155249.99581762,21423.35716884,10585314.75967487,620669.33714925,,5584278.0,780956.0,
2015-09-06,33075.0330833,127419.79043323,343380.34565177,4281.0,2516643.58739742,5633097.0,5421821.41825471,10646012.99428633,2400.0,,6270.0030237,174809.40237008,1589769.0,845564.0,,93352.0,2075584.26527365,2110215.89932196,,5825.0,1805.0,84534772.849532,4260.0,155249.99581762,7475.00831665,4819518.71751666,25163016.12687595,,1888570.0,46345.0,
2015-09-07,30345.03035262,157285.66546881,237060.23862837,318436.0,1974333.4021592,5951121.0,3588271.06314074,4479.82986976,1083624.0,,6270.0030237,152238.67164289,6839893.0,1143572.0,,131701.0,4204268.63966669,2144393.42603475,,9193.75,2576.0,135028369.16284463,15150.0,14249.99961611,6000.00667557,19447486.11102575,2179737.67212481,,8166609.0,1240277.0,
2015-09-08,30345.03035262,25431.00440751,533070.53659674,437087.0,1770086.28687438,11981710.0,4125712.39378276,4367410.35532935,2002400.0,,3003.00144819,531992.92625698,6438585.0,2225210.0,,653307.0,12130332.92753018,4181538.26824516,,48632.5,8953.0,116569544.78257231,45733.0,5124.99986193,611077.346548,15592740.23952169,6082202.50444392,,5259378.0,519142.0,
2015-09-09,17790.01779447,26675.41586732,86760.087334,259628.0,1245357.70718869,3775392.0,3318064.4770721,425220.60817867,769144.0,,0.0,258564.09310777,3519392.0,508817.0,,455945.0,7159550.71269729,3391265.65057662,,141387.5,13808.0,85753919.39655001,31057.0,3454.99990692,15025.01671675,13938768.04117827,3212435.56924356,,2973746.0,120660.0,
2015-09-10,30.00003001,69501.70387267,194490.19577673,6180.0,873496.63707905,2967154.0,3289697.52600131,226049.79369862,37452.0,,0.0,424207.20319939,2844540.0,725797.0,,96050.0,7013714.41300735,2155551.18475553,,867763.75,1421.0,111302113.9478078,21160.0,21334.99942524,54410.06053634,7484396.31804983,1344256.56438619,,2812967.0,185880.0,
2015-09-13,30075.03008255,12411.01854869,127905.12875121,500.0,1174327.00948911,2526228.0,1525547.59930918,0.0,141072.0,,82.50003979,122187.98469237,4483428.0,452345.0,,1283675.0,3957524.13261292,626877.48996068,,7500.0,0.0,66676498.28456668,4625.0,0.0,6010.0066867,6370966.5689953,2223342.62555642,,1822540.0,356684.0,
2015-09-14,30075.03008255,228584.48482733,63345.06376408,138665.0,1256806.69847905,11942110.0,6981700.33729686,486122.07911086,156960.0,,2517.90121425,154069.25337469,7151652.0,1076235.0,,440109.0,6074472.48288872,2384578.86376109,,190152.5,362.0,90234324.20693584,50902.0,645159.98261961,483250.53766192,16105160.10406962,188699.79847594,,4109792.0,396784.0,
2015-09-15,30075.03008255,221776.62745276,343905.34618025,6301.0,3992595.53651547,21339830.0,3270115.09016246,210975.77156929,156960.0,,2517.90121425,849534.16922904,2994526.0,768564.0,,350447.0,1789167.67669474,1626312.52110831,,145821.25,84.0,71717620.78762497,28840.0,11444.99969168,4167594.63684317,6684535.14193667,271574.70996876,,1948102.0,901858.0,
2015-09-16,2175.00217555,207608.20867757,188640.18988803,305256.0,3186691.28807972,15409760.0,2564719.89608287,4798321.55820745,245200.0,,2517.90121425,203993.12819173,2409854.0,3224773.0,,998557.0,5707883.72955802,4097831.45282082,,360693.75,1425.0,112619281.03220873,25340.0,15249.99958917,867309.29829695,11897928.35423009,382499.59150529,,1611869.0,108563.0,
2015-09-17,4125.00412604,58930.82567413,61635.06204277,594963.0,2547978.42917509,16453140.0,7828968.21046176,117807.41792649,104076.0,,33000.01591421,210097.54574576,5766203.0,5191859.0,,840547.0,18021673.03408646,5794263.02873342,,1602403.75,1508.0,122656254.0594604,10066.0,41014.99889507,4198376.33775739,14739436.69639541,477869.48965394,,3156130.0,6392160.0,
2015-09-20,16875.01687924,1985.76296779,2283047.29814942,444386.0,5929486.76431907,6269744.0,2208443.67784576,117807.41792649,20800.0,,2395.80115537,563111.32862864,1021545.0,641983.0,,491631.0,4985074.24420264,1296196.76309339,,1602403.75,1117.0,86413843.5668262,15988.0,2249.99993939,37000.04116604,4451003.31649476,2910056.89217225,,814956.0,160018.0,
2015-09-21,7500.00750188,14893.22225843,2662232.67984308,73650.0,5847621.05908918,5914010.0,2882069.12786638,243545.3454873,159200.0,,2395.80115537,246929.26656873,1369702.0,624501.0,,448661.0,5884752.09301808,744712.33205912,,1162170.0,1973.0,36773015.6162211,2700.0,2249.99993939,849687.61202449,6372152.28831114,1912497.95752645,,3039310.0,481606.0,
2015-09-22,11415.01141787,128187.61878078,3976234.00253639,332733.0,3099028.8538211,8102171.0,2634516.79987821,412628.65395014,529372.0,,2778.60133998,197908.04253251,2318433.0,454619.0,,327617.0,4463901.17320504,4821049.51808025,,150573.75,18092.0,63784505.71213395,12085.0,2249.99993939,65791.7398662,3595618.38973072,402389.57026357,,2666639.0,145273.0,
2015-09-28,0.0,117160.01509965,1577731.58816812,9739.0,1468862.24252405,6767435.0,8247563.46218884,1269123.6944558,1042648.0,,0.0,55021.54677203,2530120.0,798693.0,,173261.0,1912251.92962979,1050667.57119043,,116411.25,28509.0,131292915.280307,38268.0,137499.9962958,6846.67428424,9435032.08930389,1986345.87865974,,3238787.0,220429.0,
2015-09-29,17535.0175394,525158.18406687,4696069.72713375,82898.0,2485738.53425178,11698610.0,5297762.55008126,175560.90030156,981912.0,,0.0,187427.18140685,1659451.0,980922.0,,757100.0,2654177.45426815,2196210.96653478,,1604338.75,4322.0,137261211.00427565,25515.0,0.0,161333.51283212,4768792.0302269,9451615.90604125,,2153424.0,192625.0,
2015-09-30,34185.03419358,234028.78496402,4350889.37967007,519321.0,1769490.36146021,12294850.0,4810425.36381354,393256.41667549,439676.0,,0.0,153654.36117065,1325788.0,1252560.0,,713402.0,2390476.91237015,3028135.6167581,,717886.25,5812.0,111771746.27525832,14937.0,2727984.92650902,146906.83011441,15376580.20833242,156722.8326261,,2337574.0,1752430.0,
2015-10-01,1800.00180045,53009.94242517,5556725.59348277,203394.0,2291795.51112829,9078250.0,3978868.25827499,534915.9017464,80752.0,,1155.000557,152986.66726523,386886.0,549390.0,,148600.0,2242948.60920318,2262390.26825981,,58026.25,176.0,44351740.81615574,0.0,9999.9997306,16666.68520993,5846987.00359045,841448.1013661,,781971.0,6320.0,
2015-10-04,27180.02718682,100082.45357665,5748935.78696441,6216.0,1297802.75530459,3506966.0,1339941.9627211,242.15296594,59068.0,,3036.00146411,75873.2259298,1647664.0,193184.0,,49172.0,1546599.17822255,939301.4841479,,0.0,26.0,40523113.28235514,7303.0,624.99998316,46666.7185878,2974595.77311558,20963425.61187553,,1414227.0,861787.0,
2015-10-05,0.0,17762.64974689,3378693.40104311,270605.0,1026779.48861044,5359689.0,9702765.98740368,2426978.1010653,509932.0,,2475.00119357,122802.14411985,1139821.0,947773.0,,605110.0,852409.75168068,7891473.9178908,,35150.0,12941.0,30719641.57206214,34050.0,0.0,245481.93978854,2885330.02064358,2614971.2073123,,1993163.0,812256.0,
2015-10-07,0.0,107777.28507684,3355038.37723161,5000.0,1258121.3460594,10148200.0,5091412.63242938,1289464.54359419,739524.0,,3709.20178876,113198.65360489,1206625.0,2617886.0,,1079900.0,1530759.14567168,5316331.15518703,,429788.75,282.0,89339042.46544228,19683.0,26499.9992861,27466.69722596,17438764.9679107,901322.03742307,,2194141.0,269381.0,
2015-10-08,9375.00937735,410199.05625652,2330462.34587812,77932.0,2958144.86257358,28746580.0,5151001.15726013,2303843.31788828,1180780.0,,8203.80395627,332939.84072407,3579980.0,1075867.0,,845945.0,6773593.91956576,9721087.5978971,,421050.0,338172.0,314723268.9265492,112314.0,104149.99719423,126191.80706699,14187577.8524533,1744198.13726412,,6764405.0,694386.0,
2015-10-11,4560.00456114,1109511.96220358,3742593.76735064,410.0,8320000.02905608,21472900.0,2316884.86391534,4056.06217938,18920.0,,3834.60184923,366974.38507466,4656578.0,597467.0,,408762.0,6783745.9404279,3949425.83682859,,20455.0,668.0,223672760.0345876,32000.0,7550294.79659766,62050.06903657,16943790.90189867,462263.50632053,,6644409.0,74721.0,
2015-10-12,0.0,805888.80442838,1843366.85556054,322678.0,4131438.93467813,21655040.0,5925245.16185062,4750133.11798674,735376.0,,2904.00140045,349151.86512701,7775072.0,1410925.0,,2081152.0,16364085.62778588,4534563.54416591,,243485.0,98.0,283829268.3607152,232181.0,8299.9997764,777920.86551053,12086729.71840966,4657417.02605948,,10765100.0,366932.0,
2015-10-13,2745.00274569,405651.65906028,1153501.16113145,265098.0,3422760.82048107,7560464.0,3570215.91939284,75370.1106467,2917696.0,,8250.00397855,3125820.17125304,6507661.0,298366.0,,910366.0,12536449.76209009,2992025.3385347,,408083.75,26.0,124608646.81997314,4360.0,31269.9991576,356500.39664041,11287474.15162449,1297999.61378682,,5454110.0,39495.0,
2015-10-15,0.0,71288.89054369,773865.77898482,4810.0,3889005.6411873,7384965.0,4935801.21974939,1546570.45517374,24892.0,,17856.30861118,1065349.4946326,2173622.0,506647.0,,747895.0,5229514.74652175,1447315.88120647,,220343.75,392.0,107126495.77417646,16800.0,80219.9978389,354513.72776338,17853841.10152935,547025.4157981,,3422850.0,547405.0,
2015-10-18,1815.00181546,92668.9384969,2988903.0086743,66932.0,1663173.65590357,8769718.0,1436492.33519768,60962.00917368,87040.0,,5610.00270542,200372.1155866,1692920.0,375842.0,,535219.0,2392600.91673492,2312711.55759038,,139027.5,73.0,111920994.27391943,390.0,749.9999798,6426.67381695,8445359.13765868,83486.91083922,,1747850.0,528979.0,
2015-10-19,0.0,372810.44917797,2330312.34572712,5510.0,1446636.0304102,9912948.0,5081538.67182331,196507.13185478,2892056.0,,2508.00120948,410891.98888056,5989965.0,706990.0,,1227342.0,9848756.23894726,5503169.05121751,,322770.0,768.0,170620781.28922486,7324.0,46119.99875754,124430.1384403,11443094.49946569,287384.69308431,,6764558.0,257186.0,
2015-10-20,0.0,364761.48994852,609465.61349717,142700.0,2081246.03313001,12518950.0,7822817.67075463,0.0,938392.0,,6273.30302529,469977.69476957,8411264.0,512786.0,,1548442.0,8530361.52967917,7315736.71790083,,5292.5,2802.0,219989693.77223983,164348.0,69849.99811827,89535.09961627,14252250.55384672,1831102.04445412,,6876053.0,221014.0,
2015-10-21,0.0,401779.42127309,948810.95508724,18330.0,1092363.78919144,8588251.0,4595866.68212428,956504.21543606,1416212.0,,2237.40107898,790051.41596197,9263547.0,674260.0,,1224954.0,9392959.30229598,5024980.67747064,,274862.5,304.0,151282427.54734877,74477.0,34999.99905711,390800.43480244,18059482.65491683,1676980.20905026,,6231969.0,1056788.0,
2015-10-22,1110.00111028,6811.16697952,696405.70101235,4565.0,3662124.19517165,7751319.0,7812974.73865605,555196.2126433,185520.0,,2108.70101692,365778.78173399,1754385.0,190014.0,,269054.0,5249926.78846799,4508432.02374179,,24375.0,682.0,203840745.7851345,5525.0,7249.99980469,1063979.51711117,9735574.74933113,600779.35839098,,2409722.0,24787.0,
2015-10-25,4515.00451613,173089.02908747,455190.4582015,20088.0,3851939.08042609,8774078.0,952954.41729165,0.0,444708.0,,8151.00393081,308327.36449099,6329543.0,265986.0,,1565483.0,8191312.8329426,1310884.77457339,,0.0,565.0,209989974.7367079,790.0,0.0,500.0005563,9420480.46587224,659531.29564619,,2267339.0,278967.0,
2015-10-26,2565.00256564,11087.17657016,597825.60178016,99765.0,1955661.07251529,10601150.0,6052368.9570418,0.0,1490324.0,,5867.40282955,326237.62149971,1946633.0,634645.0,,1547929.0,7399563.20591695,2163162.9407048,,52173.75,896.0,173692134.42940426,8590.0,338999.99086746,67083.40796997,9177497.2538159,642599.31372889,,4548821.0,575890.0,
2015-10-27,1500.00150038,7943.05187116,556785.56046864,38714.0,1841326.46138621,5804294.0,6880316.41287555,1029.15010521,45060.0,,1650.00079571,261785.08419718,2048000.0,469148.0,,4082613.0,2948910.05993627,2479519.93796601,,227980.0,2301.0,186828845.81820792,28843.0,9999.9997306,116440.12955066,12367445.57901678,861848.07957972,,2334175.0,27982.0,
2015-10-28,12525.01252814,96868.82717378,939000.94521234,7505.0,2639996.53646089,6191092.0,12621052.2787361,212912.99529675,1600.0,,4709.10227096,483246.80995462,3294900.0,542352.0,,9920188.0,2157556.4337244,1684227.56637408,,6990.0,4596.0,136301991.6160936,15477.0,2428684.93457206,701502.44715448,10707215.41761755,102509.89052342,,5311196.0,283762.0,
2015-10-29,1395.00139535,74350.27511903,761295.76633166,71100.0,8518464.86198889,5151985.0,6623145.24756513,116172.88540645,628880.0,,4547.40219298,432921.42655302,1619930.0,993043.0,,5558728.0,2895953.9511128,4638884.87570233,,662502.5,296.0,119413738.80784358,57886.0,1147999.96907328,236828.59682754,12392934.29441728,11515226.70218506,,5044453.0,658141.0,
2015-11-01,0.0,105083.26665054,1146946.15453309,2710.0,6074950.35208275,11613300.0,1081695.14248432,79002.4051357,2000.0,,726.00035011,346073.63264544,2202594.0,456595.0,,2572081.0,1796187.69112069,3689258.13348432,,1311275.0,189.0,189365262.57486343,55109.0,13499.99963631,1576.66842086,5995663.03113747,1361698.54575883,,1953039.0,554586.0,
2015-11-02,0.0,262441.74342816,144000.14495269,22792.0,2148498.92487068,12036620.0,4983450.66441994,463117.54734721,2200.0,,1039.5005013,231535.13002321,1678008.0,321528.0,,2964404.0,1812207.72404146,1491568.91579416,,1027100.0,140816.0,75810816.1159083,2726.0,249349.9932826,1334193.15108272,6340220.73963892,73949.92102436,,3325866.0,2574.0,
2015-11-03,375.00037509,4663.23336936,351810.35413754,77728.0,2838179.65919791,7427220.0,2093934.6947557,2351668.52866008,908556.0,,0.0,282849.41419788,1769143.0,1088660.0,,1537529.0,2190424.50126746,4342861.14433338,,982432.5,56.0,67282436.39348574,14653.0,42499.99885506,703847.44976352,15565052.20603537,66350878.13983878,,2652180.0,125235.0,
2015-11-04,450.00045011,661.92098926,169035.17015332,40456.0,2374062.11163681,13497640.0,2214494.23680653,3026.91207417,42500.0,,825.00039786,186389.20736234,1665913.0,524013.0,,526782.0,984422.02296259,6960348.94013358,,323782.5,490.0,80714369.55334978,54400.0,23249.99937365,194243.54944765,15909484.5427812,275858.70539362,,6974958.0,260636.0,
2015-11-05,19395.01939987,30117.40501149,228975.23048988,11346.0,1785858.44616934,18261440.0,2471006.90823575,948513.16756026,43240.0,,1237.50059678,315475.70436486,7095564.0,762446.0,,7108722.0,3474619.14025526,6520095.59603632,,1898822.5,169.0,114099643.80352011,9835.0,0.0,61261.73482614,29017452.20849398,2310297.53269195,,11592310.0,603567.0,
2015-11-08,4650.00465117,118851.22322722,363810.36621693,22220.0,4271510.30036088,16577810.0,2756648.45297526,988165.71573182,25600.0,,7662.60369528,383088.2629347,4483607.0,632389.0,,2261152.0,3123366.41843972,6590927.90139808,,1024606.25,29340.0,91309688.39283223,18909.0,24249.99934671,35008.37228346,17943471.28207064,701555.25076624,,6067797.0,173291.0,
2015-11-09,7500.00750188,45176.10751724,1158226.16588771,21500.0,964705.73046925,10908810.0,14766477.05786736,6053.82414833,1519084.0,,59.40002865,271736.54881876,1499074.0,586759.0,,4055563.0,4246064.7255566,4517110.28052462,,5069433.75,77570.0,84639109.80765629,47443.0,5124.99986193,16671.68521549,20451033.89111677,1266634.64728338,,6177256.0,478037.0,
2015-11-10,13035.01303827,53294.56845056,2116757.13075926,145264.0,4604452.02342162,12710650.0,6246173.01483143,838454.64454364,1780704.0,,2616.901262,254822.62792727,2924259.0,799482.0,,4850664.0,6472921.30169106,8039881.78388479,,467016.25,741.0,118478496.03716972,40204.0,2499.99993265,105270.11712296,13897788.47665151,1792189.08601165,,8496504.0,1815289.0,
2015-11-11,555.00055514,92867.51479368,238695.24027418,51423.0,208107.98963479,8330864.0,14596840.75980138,490965.13842953,436.0,,775.50037398,214851.70480063,3290929.0,797611.0,,2601208.0,1452962.98580252,11581029.05160726,,26701.25,20248.0,157578223.2414318,9490.0,0.0,166528.51861206,17921053.11221027,766529.1813766,,6868411.0,393639.0,
2015-11-12,1905.00190548,167796.97077831,403425.40609402,6341.0,125686.08735167,9430160.0,9571477.4769848,217937.66933986,3000.0,,0.0,110392.55471951,3133948.0,614326.0,,2688726.0,3454063.09801311,5295192.3886652,,3097236.25,18.0,111791185.38235636,16142.0,0.0,430862.14604155,10365350.01444436,922283.01503756,,3329230.0,860337.0,
2015-11-15,3495.00349588,14893.22225843,255300.25698904,1150.0,108.3500753,4593654.0,3168972.49857719,1500864.08285385,0.0,,330.00015914,378931.90555017,1914505.0,400240.0,,1070519.0,3453595.09705138,6024028.70831579,,0.0,285.0,147587733.914575,19968.0,0.0,191110.21262818,12137898.39426159,63749.93191755,,2349961.0,1228194.0,
2015-11-16,7680.00768193,670638.48869216,461385.46443748,345642.0,46633.87241048,18106640.0,42405454.52395509,2807763.63999523,18000.0,,22321.21076437,1053708.71981823,3266351.0,4974485.0,,3963606.0,5830391.98130941,10511819.2159244,,1853693.75,852.0,394533178.5923485,26270.0,0.0,634147.37221559,40006445.95922389,11772266.42767661,,10731560.0,649402.0,
2015-11-17,2025.00202551,212291.29967661,748290.75324062,1930.0,24198.18348437,13079510.0,20316694.44012039,1235948.73812295,373968.0,,7260.00350113,472892.34967965,2604423.0,2572992.0,,4018092.0,4804209.87253089,7440913.3157375,,2292555.0,500932.0,225420010.9182051,20813.0,0.0,242601.93658426,13375519.49198009,1305700.60556246,,3896601.0,1051128.0,
2015-11-18,0.0,38225.93712997,505665.50901043,463947.0,170062.66652667,12938620.0,8269142.06534296,2141782.4454375,468508.0,,0.0,272756.67803729,1959837.0,1077832.0,,501137.0,7241414.88092611,9540320.20661126,,638698.75,91704.0,171368207.22275132,60726.0,0.0,755120.84014335,11088547.42447006,755462.19319571,,1927993.0,116280.0,
2015-11-19,18495.01849964,131626.29832,136905.13781075,318147.0,14746.44524876,7974308.0,11157985.75067823,2218726.55036276,204016.0,,9784.50471856,815368.76282127,3921920.0,410020.0,,1159160.0,10019864.59057063,12591534.09140709,,14000.0,33437.0,116711574.01467185,77997.0,9614.99974098,293400.32643561,14561355.67979362,629543.32767217,,3366322.0,280464.0,
2015-11-22,1815.00181546,15720.62349501,106095.10679692,31220.0,25343.08261341,9139472.0,2107942.34208197,451009.89905055,0.0,,1254.00060474,1141631.66449111,882008.0,1675329.0,,1348733.0,3447511.08454888,9129998.63590835,,36202.5,84.0,201115738.75205716,945.0,13999.99962284,81345.09050411,10952604.06742574,1663465.22348374,,1138540.0,21042.0,
2015-11-23,12825.01282822,402514.15357117,645225.64949375,31470.0,16328.35634819,7886481.0,10134527.66914283,0.0,3820.0,,0.0,958451.55166753,1543120.0,360359.0,,2019187.0,13421583.58101791,4816923.01485502,,347323.75,256.0,303459672.7726264,27366.0,0.0,246433.60751403,21185627.38123358,3127316.66014725,,4630689.0,369932.0,
2015-11-24,8220.00822206,69624.15925569,273375.27518362,100000.0,22901.59424991,6143997.0,4551919.972681,5290194.77025922,392864.0,,3300.00159142,300505.38243638,1240231.0,350151.0,,545894.0,3237738.65347179,6271375.90163969,,1576023.75,113.0,157212850.52817813,6435.0,0.0,58883.39884668,10704782.35558057,1872208.00055456,,3019160.0,408812.0,
2015-11-25,22995.02300077,145493.54304508,153150.15416323,0.0,6139.83760051,5362788.0,6771664.92247742,6924908.90503264,475444.0,,2484.90119834,556705.03610178,1408458.0,1627319.0,,1643934.0,1599879.28771184,5058258.20348,,2336265.0,49732.0,120742997.32623518,15758.0,124649.99664197,1661963.51575825,12743571.47059366,326552.65125445,,3801486.0,572193.0,
2015-11-26,2715.00271568,237596.53909615,279930.28178199,156120.0,18058.34588386,9853256.0,5154910.74920402,1110695.11649402,309640.0,,0.0,320971.91076674,779762.0,2255674.0,,1176600.0,2636789.41853618,12452859.73302071,,650592.5,33.0,197915221.25304332,6031.0,123379.99667619,989896.10135303,6987293.05713731,2794695.01537425,,2493868.0,595685.0,
2015-11-29,525.00052513,155054.99173499,187305.18854419,319000.0,4319.55633542,7675078.0,3068698.70520167,60538.24148329,2704.0,,7590.00366027,489880.62401273,442256.0,1264053.0,,179249.0,598609.23012697,1344547.05088346,,261075.0,281.0,134323405.04548588,9006.0,0.0,1344748.16282617,2857604.80061957,996793.93546279,,708263.0,642901.0,
2015-11-30,33975.03398353,31381.67410099,3757233.7820875,77328.0,7931.22551219,12855950.0,14209539.48168508,266731.4919754,0.0,,0.0,390971.21481142,2775014.0,1593687.0,,76629.0,1161506.38686652,3142876.7064385,,1663656.25,29.0,141955549.1179764,21801.0,0.0,184165.20490121,10389808.13151478,1218592.69859032,,6725144.0,449161.0,
2015-12-01,0.0,2184.33926457,110670.11140218,0.0,16610.06654398,15953750.0,4200601.42041859,1826196.59258508,720.0,,0.0,282492.51767828,407242.0,1027204.0,,118200.0,1843239.78781157,5425361.74040415,,91250.0,32250.0,202025097.08834583,22013.0,0.0,482693.87037591,5170857.12554649,313802.66487094,,1777606.0,185266.0,
2015-12-02,0.0,89690.29404521,328845.33102061,141753.0,10246.3054545,24000240.0,9890260.91533678,1122076.30589288,6157732.0,,6722.10324172,507600.53621098,3238334.0,2775945.0,,619285.0,6022524.37613667,42117377.91848782,,77420.0,2817.0,140684504.7956423,351541.0,12729.99965706,2193537.44051785,16338192.19864197,3478706.28487678,,7828920.0,496387.0,
2015-12-03,22095.02210055,47658.31122698,287550.28945241,96584.0,3611.66917677,12188010.0,5449947.03648945,67379.06277091,150600.0,,4389.00211659,779453.07639862,3893698.0,1634257.0,,2562292.0,11675363.99258042,31924239.95164124,,209465.0,9721.0,155750534.67327073,157632.0,101789.99725781,2744013.05297403,19248676.25584689,1548205.34657681,,5912864.0,139838.0,
2015-12-06,3000.00300075,34793.87680064,180120.18131166,88872.0,9751.50677728,15304770.0,1026516.11332925,1513.45603708,0.0,,0.0,1521268.4406675,2613523.0,1460541.0,,1007429.0,5416391.13054804,26120855.41577855,,0.0,46405.0,138993921.22953334,96426.0,0.0,66185.07363715,15589319.07805485,231284.75299687,,4749685.0,240753.0,
2015-12-07,23100.0231058,41277.39289048,185610.18683798,0.0,17274.6136725,18151980.0,4725807.17627327,2058.30021043,1320000.0,,5966.40287729,974201.09766381,2094883.0,1600005.0,,1767736.0,7905328.24525143,14726027.50970409,,16012.5,8.0,108349947.79982229,138462.0,14599.99960668,66866.74106224,21010351.2920456,1052740.87571363,,2833451.0,242737.0,
2015-12-08,1575.0015754,8935.93335506,213285.21469607,6446.0,86383.90337004,14380130.0,4064962.02372706,97103.33933921,2557096.0,,7425.0035807,413134.48867873,2299951.0,2473619.0,,1218423.0,1614387.31752548,7151981.58991159,,821112.5,0.0,124196687.281088,233080.0,2499.99993265,17948.35330257,14301283.65996314,1242205.67337258,,2800114.0,390732.0,
2015-12-09,45.00004501,7943.05187116,131850.13272231,4890.0,14515.29842145,11077220.0,6154669.94624007,19674.92848207,258700.0,,2310.00111399,515807.66909301,1693547.0,1583671.0,,1749948.0,2342272.81331193,7399670.78350279,,269267.5,0.0,86839853.91919734,98594.0,0.0,12630.01405209,9187479.18300255,1381537.52457157,,4913607.0,170664.0,
2015-12-10,3165.00316579,24487.76699781,287415.28931651,16172.0,3640.56253019,9675630.0,5491047.27801102,926719.40062628,29540.0,,0.0,302365.7055448,2330024.0,564646.0,,822271.0,2817905.79072578,4371845.66698737,,63750.0,41.0,57212334.38397814,222604.0,13349.99964036,33225.036966,7058442.59092262,1150984.88608621,,3419177.0,269574.0,
2015-12-13,10740.0107427,39056.6479715,824955.83041283,0.0,361.16691768,8249125.0,2404447.25972754,0.0,195408.0,,0.0,718202.19829069,1478175.0,760104.0,,303094.0,902917.85547357,3842242.50305525,,3236.25,256.0,144553608.98480618,106178.0,34999.99905711,18868.35432616,5244043.41912433,1083749.89274051,,2206035.0,819736.0,
2015-12-14,0.0,213893.14847063,232500.2340382,23921.0,10.83500753,13661680.0,2772354.33361038,0.0,317396.0,,0.0,341350.70203604,728265.0,746841.0,,747492.0,1797087.69297017,3890887.54107569,,1851.25,1041.0,82798504.80361179,44666.0,0.0,51958.39114196,6232874.8925454,359549.96441509,,2427392.0,214927.0,
2015-12-15,3000.00300075,30835.58928484,895065.90098667,157142.0,46951.69929804,13942740.0,5028934.89934573,34385.72116251,232000.0,,330.00015914,226932.65198918,1273020.0,559748.0,,1711948.0,491041.00907697,8984848.77246079,,551197.5,1701304.0,136189997.60915217,116914.0,0.0,36970.04113267,14483476.44516017,536264.94692548,,5681278.0,11391607.0,
2015-12-16,300.00030008,77467.92297846,262140.2638743,126771.0,19864.18047225,33212520.0,2365627.15008903,1056876.61981537,345808.0,,0.0,333549.53894506,2576403.0,1528212.0,,2485151.0,2207812.53699944,12770217.98106449,,1198287.5,79148.0,89458074.76978128,199849.0,6839.99981573,183193.53715347,10751095.5320836,1274.99987381,,4702924.0,171651.0,
2015-12-17,6540.00654164,211957.02957703,367485.36991625,303880.0,90280.89441177,21030660.0,13025174.1720588,314919.9321961,148840.0,,1181.40056973,851920.91470388,2410161.0,978942.0,,3330330.0,2821649.79841962,20480040.25697833,,3618718.75,26.0,339784506.1106086,184490.0,54999.99851832,602860.67073951,19758142.44683028,980687.40294068,,4914247.0,1072180.0,
2015-12-20,16065.01606903,134598.3235618,88005.08858723,13397.0,268726.24509773,11519350.0,2744260.43401692,0.0,1600.0,,8250.00397855,372913.73798837,2620924.0,686651.0,,377311.0,2566481.2740547,4589803.33734073,,0.0,226.0,140718123.62277204,64038.0,2499.99993265,285268.65072169,11900297.66791676,2894377.21354145,,2735600.0,456822.0,
2015-12-21,4260.00426107,288809.36603548,391410.39399953,32294.0,20659946.76530332,14416230.0,4892486.69586178,261585.74144932,6412.0,,102.30004933,848989.90203664,1528808.0,519133.0,,788414.0,2350408.83003124,8974357.01426054,,75741.25,442.0,269697243.7509215,117498.0,15259.9995889,141463.49072485,13255513.22251423,2508009.75178051,,3114447.0,458061.0,
2015-12-22,8280.00828208,769059.52058576,303090.30509522,716200.0,176437.26262367,25209910.0,3313607.33223785,960499.73937396,181376.0,,0.0,961787.04705698,1565200.0,825890.0,,910291.0,9681715.89568354,18330413.32685313,,122407.5,12.0,155286522.6712146,430032.0,35139.99905334,1332988.14974204,11758797.57967007,1084769.89263956,,3886471.0,105818.0,
2015-12-24,300.00030008,129521.38957415,402120.40478039,361691.0,251758.62330526,13264560.0,5814706.32212969,111087.67312185,29140.0,,0.0,1358346.66653784,719991.0,877436.0,,675790.0,6374317.0990619,4371017.66634021,,24138.75,898.0,253024522.6871536,359773.0,35589.99904122,266480.29648453,13340564.14655798,736184.92713926,,3573554.0,8132.0,
2015-12-27,8490.00849213,11841.76649793,226905.22840618,23289.0,58086.47537003,25116710.0,1607370.42810463,398402.16720157,2728.0,,495.00023871,741452.51947395,489410.0,662388.0,,809194.0,1926867.95966537,2347075.83444913,,15800.0,12.0,239436148.543376,253500.0,54999.99851832,35573.37291207,6733585.24761317,212499.97896873,,2030382.0,939027.0,
2015-12-28,2370.0023706,4954.47860464,129345.13020074,137033.0,29019.76183536,20603730.0,2002386.7636313,2147957.34606879,0.0,,0.0,417683.43223483,1031182.0,665981.0,,4940698.0,1875891.85491075,2788109.92915662,,233830.0,1052.0,99163835.31840114,413552.0,51999.99859914,243123.60383133,4828233.11700457,1285412.37278183,,2427016.0,122860.0,
2015-12-29,10065.01006753,12162.79817772,321060.3231841,323111.0,108617.33882225,12793080.0,3101827.43038396,605.38241483,204168.0,,7012.50338177,1817914.87948567,1557285.0,922995.0,,9616268.0,8914302.31866787,4549607.05592375,,145572.5,540.0,100073528.81170878,325891.0,12589.99966083,27751.69754305,12595717.79676569,2760502.22679115,,5376840.0,147042.0,
2015-12-30,0.0,299211.45438175,271920.273719,190593.0,190995.90107524,20883410.0,6209427.54208042,5085.2122846,50780.0,,4583.70221048,1392727.6979262,2485050.0,3050669.0,,9474489.0,4884238.03698677,9597652.50142156,,470892.5,0.0,297061525.2812235,461715.0,225439.99392672,1968097.18969425,15105129.10797091,4639002.0408747,,6367206.0,375980.0,
2015-12-31,5985.0059865,465148.42718023,2364437.38007789,89750.0,124378.66310968,12694350.0,5355288.59690076,2669736.44941331,588012.0,,0.0,542049.9727656,1864081.0,2459805.0,,3596118.0,9323767.16010786,5533622.82501985,,92256.25,2308.0,143083532.95584503,322729.0,32189.99913281,1123022.91613587,11501902.35263024,1527534.8488188,,2805467.0,137845.0,
2016-01-03,0.0,6807.85737458,1201066.20901114,13757.0,72742.62888937,8209498.0,3874713.05904848,1389413.18028311,74108.0,,23331.01125135,3924667.59935438,653939.0,1158946.0,,866177.0,4450689.14605466,2073057.12027906,,0.0,184.0,84326356.74637488,189824.0,2499.99993265,957889.39907588,8865003.90304983,15724.99844369,,3433335.0,41852.0,
2016-01-04,1875.00187547,453720.3613006,907065.91306606,9100.0,81255.33313902,18392690.0,8150239.95774157,3026.91207417,18964.0,,1155.000557,3930465.68072909,1016570.0,950704.0,,1017783.0,3042186.25161651,4883887.56719379,,261438.75,2845.0,164573053.35176942,358800.0,31999.99913793,729337.47812359,9266632.32216976,864662.41442375,,4061278.0,66356.0,
2016-01-05,2250.00225056,424575.98014332,3923913.94987024,134100.0,245340.68717813,10178530.0,10066927.3645922,5738238.29547708,227120.0,,18569.10895493,4857114.77836238,2912572.0,5188561.0,,820023.0,1253126.57514371,6311151.43272781,,151382.5,282.0,98291988.78692366,209196.0,999.99997306,1042057.82605455,10309593.58231484,2178592.28438319,,3160098.0,95243.0,
2016-01-06,555.00055514,144427.85025236,1825681.83775854,0.0,78972.7582193,9866177.0,6171969.92865231,2595274.41238886,111320.0,,333.30016073,2907713.27277986,2443427.0,4281363.0,,794481.0,964981.98301379,4075938.93570986,,192416.25,632.0,66443950.8760465,364083.0,11999.99967672,72883.41442302,13786993.84380601,1914709.81049982,,1079772.0,1876535.0,
2016-01-10,4410.00441111,77444.75574384,2050127.06368845,22852.0,204474.65044295,14132240.0,1849671.34830735,203953.33555722,4000.0,,0.0,2604248.62336845,2694334.0,1515351.0,,632928.0,2542757.22530238,5720251.47088678,,762.5,705.0,78738154.86318374,114509.0,16649.99955145,231650.25773282,11878357.61068373,585649.94203781,,2258143.0,37860.0,
2016-01-11,8895.00889723,191179.32972405,1371976.38105187,221512.0,156670.5972192,10898580.0,5366025.83930379,5390748.78936297,182404.0,,0.0,1654749.22606762,2363611.0,1709983.0,,1914265.0,4277276.78969661,11762649.1935596,,2175170.0,605.0,129748357.0492156,239478.0,43664.99882368,671464.08040062,18088849.39496142,1975782.30445543,,5947216.0,298982.0,
2016-01-12,3330.00333084,106900.23976606,728595.73341532,206537.0,0.0,12275930.0,8614837.37504163,1836185.40242982,221960.0,,1702.80082117,2056757.46574774,4893572.0,1217059.0,,1277425.0,1063982.18645673,13294358.14072678,,4157.5,437.0,148611432.35693765,170486.0,0.0,75048.41683179,20652170.56108207,2594199.74325022,,4705469.0,405311.0,
2016-01-13,39375.03938489,56263.2840874,934275.94045608,38524.0,46590.53238036,17958750.0,5857423.61222428,918304.5850601,40528.0,,89.10004297,2004980.70316643,6926984.0,1944349.0,,1658390.0,6523825.40629772,15140196.58341417,,6575000.0,0.0,176847921.35704523,288555.0,0.0,231091.92377829,33335659.21150491,2479619.75459029,,10329930.0,1201361.0,
2016-01-14,42000.04201054,112781.40775567,1122961.1303894,9599.0,50155.24985783,17098620.0,4375844.12979591,135968.89037148,16400.0,,4290.00206885,893140.97564912,6101916.0,2326234.0,,795740.0,2153884.42617852,8570049.69825831,,182075.0,2276.0,153241678.13609505,261544.0,0.0,90161.76698016,14411929.54665791,535457.4470054,,7565125.0,2059139.0,
2016-01-17,1425.00142536,357371.1421034,914295.92034389,56260.0,88507.56484598,17265430.0,5051744.29946726,80515.86117278,82864.0,,0.0,1002656.15975795,2374925.0,1401968.0,,777885.0,1658091.40733629,9216198.4532812,,131.25,245.0,129940453.58368167,120755.0,18199.9995097,334942.03932136,13692391.29194023,2739209.72889848,,3023558.0,1237784.0,
2016-01-18,975.00097524,367068.28459611,542730.54632065,5000.0,79713.15040054,22780790.0,4303041.59949266,0.0,422840.0,,0.0,963269.65468216,4943019.0,1143474.0,,1324859.0,2499701.13682319,6299802.42385755,,1876846.25,357.0,139353647.83608347,105248.0,57149.9984604,567507.29807221,17708654.23368951,516842.44884774,,2669557.0,74998.0,
2016-01-19,22500.02250565,333270.59888431,1732096.74355439,575884.0,58574.05070889,19678920.0,5881581.71810874,5112938.79919613,19800.0,,3927.00189379,2796163.77850931,3683802.0,2091106.0,,1318714.0,3085746.3411314,6161011.06537973,,2938673.75,76901.0,244011480.13404688,182543.0,0.0,949644.38990253,12276115.44246712,778472.42295404,,4409160.0,25530.0,
2016-01-20,22395.02240062,82832.79259644,552960.55661833,25250.0,40801.02668999,17660270.0,12145911.78967152,0.0,880.0,,1468.50070818,1753846.00594172,3521522.0,1359527.0,,1414876.0,2533505.20628971,7861267.64428191,,1150.0,10937.0,155726506.49314424,99473.0,0.0,112103.45805903,26562365.11648123,1060119.89507919,,4007557.0,628270.0,
2016-01-21,1500.00150038,1154823.76352361,392040.3946337,10740.0,38139.22650671,6860990.0,6991707.22356403,3916884.76221067,151020.0,,1650.00079571,1574466.84105189,7121608.0,1218691.0,,2954443.0,2191828.50415265,6734703.01377116,,51417.5,482.0,148458832.78808722,152892.0,0.0,563097.29316566,14316742.63491425,5554536.95026356,,6993916.0,641366.0,
2016-01-24,900.00090023,426508.78943197,1367131.37617481,2000.0,82508.58234336,8154908.0,4653145.20568692,0.0,76072.0,,498.3002403,3507421.36535607,5194242.0,486387.0,,2771390.0,2343892.816641,5255648.6077582,,122772.5,113.0,159279557.61345568,189070.0,8304.99977627,289395.32197966,15442995.36463442,853654.91551317,,5294489.0,67550.0,
2016-01-26,0.0,307131.33901829,3311643.33354952,825.0,225577.63344283,8471347.0,7566774.39939705,2033176.84021647,369116.0,,1650.00079571,2231932.68705041,3746614.0,852683.0,,4685891.0,1170614.40558327,8132233.10606559,,1617091.25,465380.0,183547014.0701395,172918.0,160919.99566487,3252080.28491354,22800500.59138449,2250502.2772662,,5417185.0,4921632.0,
2016-01-27,7650.00765192,615586.52001511,840630.84619153,2500.0,65327.87206945,9101140.0,9084512.43510151,3533253.92593103,0.0,,165.00007957,3807132.65303633,16230620.0,860328.0,,5531946.0,958789.97028936,17790802.15509886,,575921.25,146.0,93312767.2071311,201350.0,5899.99984106,349820.38920827,13514809.63741589,148749.98527811,,8027470.0,49967.0,
2016-01-28,12435.01243812,44348.70628066,2410997.42694593,3844.0,78954.69987342,11382310.0,5972256.66833793,1412115.02083934,296856.0,,1547.70074638,2485698.00903836,8348964.0,1682028.0,,2257330.0,1665111.42176224,5655478.42026087,,1297892.5,2845.0,92128734.80317344,202517.0,1749.99995286,193666.88213939,11906576.88042267,211649.97905285,,6296840.0,141253.0,
2016-01-31,0.0,92351.21642205,1250266.25853664,4436.0,112135.10460042,9173488.0,6917266.3881009,15437.25157824,0.0,,412.50019893,2193612.41032694,5123454.0,872200.0,,2967034.0,665173.3669146,7374884.7641303,,95310.0,0.0,163327042.68061858,213512.0,3999.99989224,140230.15601931,26031925.71824459,7000684.30713734,,14435940.0,245629.0,
2016-02-01,10650.01065267,208382.65623501,568785.57254803,3767296.0,10293.2571538,3627909.0,4102120.29597958,1377668.76143534,76916.0,,0.0,1082107.27329676,3691286.0,385801.0,,1969467.0,516673.06175019,5984824.67767435,,35726.25,4986.0,70031291.13752556,56712.0,33149.99910695,390363.76764994,9465523.98773152,790372.42177628,,7167308.0,136250.0,
2016-02-02,1725.00172543,802542.79382766,763275.76832476,51000.0,122009.40812972,6629400.0,7871854.95267912,4238161.20976252,0.0,,3630.00175056,2421194.91139556,11078910.0,1184556.0,,2224379.0,1888203.88021165,8339899.26837522,,155253.75,140.0,194011131.8273649,70654.0,0.0,307050.34162254,24950573.07659549,9328749.07672713,,5990540.0,373923.0,
2016-02-03,750.00075019,1063657.38567234,2035547.04901199,8170.0,47811.27656211,5633751.0,4371660.10803238,75127.95768077,50292.0,,0.0,1896026.14400715,7251296.0,698633.0,,6061000.0,1299062.66954123,5357355.43725116,,10181.25,306.0,128535681.61079387,166631.0,2402499.93527748,44793.38317021,13915064.27958657,614932.4391397,,7485189.0,130546.0,
2016-02-04,14190.01419356,415180.01170073,1157176.16483077,29820.0,127094.63833061,15570010.0,5751932.20522932,2218000.09146496,41068.0,,4620.00222799,996968.12147678,11050220.0,930757.0,,2812649.0,2467517.07068574,8910931.71468801,,286483.75,6348.0,149574364.25363708,94734.0,923874.97511113,412128.79186559,35537973.46979812,6672074.3396601,,10161740.0,507922.0,
2016-02-07,7500.00750188,106420.34704885,658755.66311326,4220.0,18928.75815546,6279382.0,2142795.58362971,540364.34347989,0.0,,0.0,402134.64053082,5130552.0,335041.0,,4836819.0,623233.28072877,1864256.95708311,,8873.75,226.0,98646765.38211726,28445.0,0.0,85383.42833047,29242632.63125268,578892.44270661,,3794747.0,134893.0,
2016-02-08,1365.00136534,54807.05791102,1049551.05649373,25033.0,24700.20549994,9714581.0,3423147.61461108,1966887.46579226,427936.0,,0.0,689989.52841612,9500018.0,371064.0,,9510305.0,3048738.26508073,6835413.09248507,,710293.75,61.0,210179157.98324016,70226.0,573749.98454337,101696.77981395,33852382.08969902,867212.41417138,,6387180.0,809880.0,
2016-02-09,10575.01057765,381150.65364269,441600.44452159,61753.0,71763.86654246,6934517.0,5266571.89021284,576929.4413358,400.0,,0.0,585377.21024533,6594358.0,884330.0,,2032395.0,3866155.94485358,18188840.9662017,,42973.75,5501.0,236123095.62992865,47622.0,4058969.89065275,56038.39568135,14441041.29330125,615272.43910605,,7696473.0,297716.0,
2016-02-10,7095.00709678,56250.04566762,254880.25656626,100.0,765778.60388182,3507112.0,2623232.70889808,324121.74490156,0.0,,0.0,861659.72848253,4252385.0,1497953.0,,1925292.0,4553289.35689552,3658291.35928103,,251545.0,384.0,82221673.79272147,235616.0,182234.99509065,13826.68205016,10509309.72654065,521219.94841449,,2907919.0,47407.0,
2016-02-11,5565.0055664,238725.11438285,1024261.03103641,2000.0,632887.23652249,8439665.0,6504300.40614244,214365.91309235,3200.0,,12309.005936,1228590.98856107,5630772.0,1475039.0,,4583400.0,3404058.99525593,4709908.43121357,,0.0,640.0,126340970.32559364,195367.0,56439.99847953,123661.80425212,21518776.25997385,876052.41329648,,6041045.0,325396.0,
2016-02-14,0.0,73142.26931362,275835.2776599,2775.0,63962.66112063,6089845.0,2146822.39429203,0.0,0.0,,8745.00421727,1132034.12225147,3702620.0,676455.0,,2157325.0,956413.96540673,1926523.50574997,,1312.5,256.0,90641823.5793383,81630.0,0.0,20166.68910402,16757188.85580492,500564.95045873,,2907512.0,371337.0,
2016-02-15,0.0,251642.50248833,279285.28113272,767.0,65840.72909256,8813007.0,2643736.346202,764961.21938292,0.0,,0.0,927994.89492596,3304761.0,407290.0,,3063210.0,549361.12892335,2202006.97106487,,629485.0,0.0,94800658.1207139,108082.0,69824.99811894,142416.82511885,11199968.91609365,1271982.37411101,,3973950.0,602455.0,
2016-02-16,10275.01027758,1472151.99538151,2844602.86341962,1000.0,186893.04489043,6871809.0,4699147.38036975,2946456.75123345,4002000.0,,8052.00388307,735702.02430186,3840474.0,1027717.0,,3109067.0,1454942.98987138,4200782.53328627,,0.0,232.0,171768668.2977562,99889.0,9999.9997306,88986.76567286,10399358.6968643,1869107.31501313,,9077883.0,166966.0,
2016-02-17,0.0,437470.20101418,1208986.21698354,0.0,54175.03765158,7949208.0,8098321.68109252,905470.47786564,1255660.0,,0.0,411653.36812238,8245106.0,563857.0,,2994785.0,2172784.46501763,6049820.47847436,,14267.5,106.0,111529659.78235316,85988.0,16399.99955819,396077.10733991,24561856.88583162,3791764.62472638,,8617952.0,278604.0,
2016-02-18,0.0,1000344.64304928,314745.31682733,15328.0,2604493.82845322,6482713.0,1970525.31378802,30269.12074165,1161600.0,,0.0,589140.98145831,1611889.0,340535.0,,2724401.0,1299602.67065092,3427090.17857668,,1491435.0,29.0,62950067.86023102,90837.0,77109.99792268,253166.94833884,11434180.3551468,11892901.32295118,,5191677.0,777503.0,
2016-02-21,0.0,1566972.17709351,500415.5037257,858936.0,937668.77501194,8494956.0,2437616.04399133,562642.41634574,21160.0,,3844.50185401,1378001.25528611,2435768.0,389976.0,,1223220.0,2691221.5303928,3155773.71651866,,487.5,84.0,53896600.21437934,57756.0,8999.99975754,114433.46065138,7686666.64617822,14651023.54997787,,1889993.0,42051.0,
2016-02-22,0.0,2018316.24204266,294585.29653395,693784.0,230171.67663569,16404710.0,5740582.66695846,1373067.85508261,594860.0,,7771.5037478,541175.57629258,3765772.0,690693.0,,3614185.0,2578901.29957754,6383392.23919045,,348768.75,332.0,187331632.9092235,91664.0,112349.99697333,108436.78731285,11840565.46367266,2836832.21923672,,3292937.0,374395.0,
2016-02-23,8475.00847713,1626128.055904,1722346.73373988,61647.0,164637.93942316,11168630.0,2198533.81422898,439810.32437614,200000.0,,2310.00111399,5461171.0602024,4357600.0,903921.0,,3878290.0,1432910.94459608,33983599.06121409,,1139815.0,709.0,143500983.91357884,248313.0,34249.99907732,465208.85092218,8920370.40776992,1550654.8465306,,6527900.0,2037180.0,
2016-02-24,0.0,1047572.70563324,204585.20593852,2500.0,13724.34287173,6474494.0,1572726.06596116,1320520.66147511,15232.0,,0.0,3476859.12672745,1597665.0,210080.0,,3189126.0,974666.00291421,5132202.26127387,,3797.5,149.0,55736225.52867622,125473.0,139874.99623182,850190.94591783,9512731.76608395,2128229.7893676,,2620422.0,853099.0,
2016-02-25,3075.00307577,5547172.58723916,410925.41364364,73463.0,376491.22999426,4906844.0,3259860.44225378,4289981.94447222,400000.0,,3402.30164075,2143535.36742023,3775410.0,691765.0,,1806108.0,1083674.22692338,4026072.14673452,,5412.5,64.0,62964763.20644573,36450.0,16624.99955213,252620.28106395,12516510.47150071,5329966.97248941,,3200201.0,76915.0,
2016-02-28,0.0,3691199.08702329,320700.32282172,2434049.0,0.0,6065229.0,1189547.45054593,842329.09199856,6928.0,,4950.00238713,5175884.34018941,6485879.0,2335287.0,,3140446.0,1588143.26359461,4684118.91105676,,679266.25,730.0,0.0,76858.0,108634.99707341,2947893.27981006,10573739.12173037,252959.97496437,,3100429.0,598360.0,
2016-02-29,0.0,2029231.31915561,1030606.03742339,137000.0,70131.39207456,6870558.0,7204584.84503682,8898273.9626636,525744.0,,6600.00318284,3284932.07503594,7866108.0,2736516.0,,8860055.0,1537095.15869203,7199449.87701229,,635272.5,568.0,119523799.21659888,193016.0,39.99999892,851389.28058442,13588194.61335221,368899.96348971,,6255858.0,1030012.0,
2016-03-01,1800.00180045,1205980.32717885,3571278.59490224,7300.0,84318.02860092,4609080.0,3847882.36444361,1958714.80319201,2920.0,,0.0,1876997.61123701,3368947.0,1054281.0,,1455414.0,813925.67259686,3989424.11809081,,412291.25,26.0,51526808.0587511,406142.0,0.0,501333.8911147,5587011.66875795,427337.45770611,,2924362.0,407148.0,
2016-03-02,0.0,2020513.81972701,3169623.19058993,15500.0,1456831.77249623,6482501.0,5653051.93875327,2002302.33705998,2521000.0,,0.0,1709772.25990848,6964480.0,1576889.0,,2475076.0,1873983.85098985,8318499.50164939,,12912.5,397.0,48964584.21163786,239369.0,34999.99905711,183665.20434491,11636421.99651755,4937097.01137203,,3090947.0,267989.0,
2016-03-03,10980.01098276,2243475.28575055,402750.40541456,19354.0,563391.49822304,5602838.0,2945857.46945621,406816.98276774,2012300.0,,1692.9008164,1777027.92195872,3539546.0,933327.0,,1949848.0,403416.82901147,2862731.23747982,,2225115.0,12.0,38727960.72633957,603582.0,4999.9998653,236215.26281182,6310267.51477144,4152419.58903211,,1844067.0,806943.0,
2016-03-06,3195.0031958,949710.99697557,672600.67704986,0.0,38944.62873313,3507535.0,1593875.09620685,484305.93186636,107044.0,,1650.00079571,1582262.05586754,2288955.0,912449.0,,2211216.0,5138686.5598721,889502.19522531,,32975.0,56.0,294372019.1108437,169278.0,9999.9997306,470723.85705814,8867466.71431695,4104267.09379779,,2567954.0,458918.0,
2016-03-07,15300.01530384,1516100.23946366,314205.31628375,1900.0,27217.53891615,5638357.0,5168684.53595489,3083454.79171015,29208.0,,0.0,2303981.17194515,11162260.0,1669676.0,,2569955.0,6191652.72369118,2938797.04693204,,705427.5,256.0,247106242.7029332,198371.0,8799.99976293,187761.87556951,12854004.86278739,331244.96721645,,3541783.0,260178.0,
2016-03-08,9330.00933234,1217878.35696086,1771696.78341638,16011.0,3140299.39750408,19211430.0,6716700.87813264,2948091.2837535,21264.0,,0.0,1217506.37748975,9431052.0,945448.0,,2212050.0,15974492.82718243,5679731.18921657,,2512.5,41.0,203492105.1415183,180210.0,559569.98492538,856830.95330547,12102050.57193509,1503437.35120375,,8054057.0,304455.0,
2016-03-09,24285.0242911,1674613.76836755,729165.73398909,70228.0,652455.26012224,12781900.0,7318747.68540325,1376397.4583642,1882928.0,,4141.50199723,528807.62481952,5141310.0,1147761.0,,1443538.0,4848525.96359935,11294223.57744319,,13250.0,3116.0,188869539.5625545,346524.0,364869.99017053,1326356.47569701,10242572.81668486,2735427.22927284,,2856742.0,119333.0,
2016-03-10,22725.02273071,2391216.05055418,1340416.34928307,515987.0,25187.78083881,17969740.0,14197513.90224703,8574031.14127908,790232.0,,21598.51041585,1846543.92863311,13382810.0,4488993.0,,9986350.0,4117076.46048895,15025340.74364409,,130147.5,98.0,330920892.0253271,239676.0,79699.99785291,2339155.93586553,23985295.55614289,2568954.74574874,,8141005.0,2405612.0,
2016-03-13,0.0,3438116.90638331,504135.50747031,60118.0,4174573.09965632,7396352.0,4948478.67069457,0.0,145968.0,,910.80043923,899038.69063555,8889923.0,1909157.0,,4583245.0,1650963.3926884,7667515.49284732,,9375.0,297.0,145464694.6688078,216899.0,89289.99759456,63063.40349733,14734347.45309535,1539604.84762422,,3276261.0,674354.0,
2016-03-14,10395.01039761,2881745.83806772,1871011.88338844,3676295.0,216721.82062139,45434750.0,13908466.1231979,484305.93186636,796548.0,,15727.80758471,3676774.71218272,30162300.0,4125677.0,,10288040.0,19937488.97104019,4250752.82234251,,1041731.25,41082.0,441897568.5077524,623040.0,3228234.91303246,2612897.90709603,60020495.53366414,6322596.87424813,,11555290.0,847817.0,
2016-03-15,14760.01476371,1912931.80134201,709410.71410339,440939.0,3233090.40199371,20569770.0,7169002.73246514,1866091.29372257,108000.0,,9170.70442256,3098658.85904247,16629360.0,2763458.0,,7254564.0,5081194.44172724,35542580.27969697,,2408252.5,14973.0,184772786.4136087,188163.0,805979.97828718,720780.80193681,38919015.97484486,15263150.98939519,,15232540.0,2751964.0,
2016-03-16,15000.01500377,3369220.86021581,1308046.31669891,1387748.0,1831863.88814307,28575280.0,5407631.619332,4559013.88962398,2137388.0,,204.60009867,1823864.64188121,13667350.0,1338058.0,,5441787.0,12473629.6329963,10123439.66237113,,311038.75,0.0,332839794.86525583,409375.0,433999.98830819,717122.46453323,37932000.26693525,2920174.71098825,,11833480.0,2209550.0,
2016-03-17,57000.05701431,1967781.88411733,1943701.95655935,584341.0,3138977.52658538,38537840.0,12215550.7913243,1761723.36540537,379320.0,,2517.90121425,1697188.68345484,21905350.0,2270403.0,,6802750.0,22562254.3648673,42332455.58659019,,653767.5,340.0,344114476.98211247,354413.0,921464.97517605,4158084.62626238,63244844.59363939,9756256.53441642,,9419296.0,12308403.0,
2016-03-20,31380.03138788,628361.5951079,879450.88526836,535167.0,1688838.17707371,32058830.0,4321625.60650824,665.92065632,117852.0,,11015.40531216,688312.11477399,10841080.0,1097685.0,,2795469.0,20755698.65244058,14548034.37058658,,178540.0,673.0,153828718.5454082,207542.0,546139.98528718,1000604.44660041,24866797.11955801,4974624.50765791,,5401921.0,65524376.99999999,
2016-03-21,4830.00483121,741695.7068896,971160.97758511,1635994.0,913116.64794824,19601240.0,4189984.75301362,3450.67976455,1636000.0,,6517.50314306,689351.57588733,8737031.0,770874.0,,2144410.0,9087642.67487796,9125676.38253012,,81886.25,15500.0,226218226.03075427,137202.0,172999.99533944,773594.19403003,20441110.3979179,975204.90348328,,5425968.0,925813.0,
2016-03-22,0.0,730135.25681211,2131097.14519414,6246843.0,635588.76506672,30951850.0,9246111.65668803,352937.94784761,2000.0,,0.0,908499.42254268,10659920.0,1413860.0,,2979905.0,5538539.38155963,10772729.41984899,,350068.75,1242.0,457232033.3762358,187447.0,537834.98551091,1444613.27393555,23353634.40233288,4732502.03162094,,3768104.0,335783.0,
2016-03-23,258525.25858991,674672.89712172,2802707.82124745,3486987.0,825663.69050188,32610430.0,6692377.2868785,2497202.46118592,2078920.0,,0.0,1865452.00882788,10112940.0,711295.0,,6308055.0,7066670.52183083,9546782.21166189,,726910.0,2717.0,266602713.2138175,330217.0,234624.99367928,356548.73002751,14955405.48253374,3332807.17014973,,3970769.0,305955.0,
2016-03-24,1830.00183046,589338.04318586,1315996.32470151,2599917.0,3041632.20726384,32922400.0,6316786.17566331,113024.89684931,48744.0,,11589.60558907,1671944.2029683,17333730.0,2454284.0,,4033810.0,9564139.65406731,15783262.83602781,,555710.0,1066.0,252368311.0253948,268147.0,217724.99413456,1903878.78491187,27044153.89870335,3838344.62011633,,7419457.0,181490.0,
2016-03-27,420.00042011,1183240.0315927,1260331.26866823,1514054.0,3070243.85048223,30079060.0,4922114.09321431,31116.65612242,20556.0,,0.0,1064753.1800311,20604950.0,1742433.0,,3173251.0,4312412.86190036,7917879.93852947,,45386.25,2538.0,260863020.35806933,305745.0,88249.99762258,236405.26302321,19173293.83160074,4948189.5102742,,5535783.0,198900.0,
2016-03-28,30735.03074272,949287.36754244,194925.19621461,706972.0,1946194.88760297,19659720.0,1874290.05513743,2810548.39910346,232000.0,,6105.00294413,481407.30580983,14271770.0,1044372.0,,3244522.0,3634099.46798333,7284776.69370281,,396443.75,1610.0,159510764.39390016,88572.0,260354.99298613,277521.97543611,18618651.30969493,4838242.02115578,,5581779.0,80787.0,
2016-03-29,750.00075019,1210766.01593122,893655.89956734,2053431.0,2184279.73140496,38974130.0,10703000.72195945,5448.44173349,383280.0,,3960.00190971,1022300.33902439,19999940.0,1376690.0,,7193202.0,8324729.10710969,16192128.65559292,,811726.25,384.0,288272676.9924728,233608.0,430784.9883948,1114704.57354759,27721798.86253977,3899374.61407615,,7574561.0,151578.0,
2016-03-30,705.00070518,718276.94228946,413310.41604442,687471.0,1623903.97694453,18561240.0,9961455.26422371,2138573.91863888,118756.0,,0.0,2032197.03692377,7143723.0,3994235.0,,5315333.0,5757383.83127949,11660001.86333155,,276301.25,768.0,146490326.70935658,116608.0,660699.98220097,1295636.44151807,10897833.60978107,7250881.78237512,,7485736.0,349354.0,
2016-03-31,15090.01509379,256411.64321597,375450.37793394,2361257.0,854910.98749538,63979830.0,5605149.44040857,8001944.75926193,88008.0,,0.0,2552428.73579102,16780620.0,1586905.0,,2849832.0,8716409.91200393,15854011.89132451,,1071626.25,528.0,132576179.94317752,146793.0,2452649.93392645,1882853.76151954,33445773.86194707,4745209.53036327,,7813432.0,4144297.0,
2016-04-03,15000.01500377,765763.15405923,429705.43254789,664702.0,1111957.09447543,35943290.0,1266120.2891885,968.61186373,20000.0,,6930.00334198,1941668.7476578,7299322.0,1117318.0,,2277949.0,3553495.30234379,8189266.150642,,640058.75,1704.0,176481981.4549903,160797.0,333699.99101024,344632.05010241,12351529.74088842,1721802.32959201,,2044128.0,52078.0,
2016-04-04,0.0,3043863.52675815,240555.24214649,774436.0,529012.01932935,35483390.0,11235030.6693165,2843420.66422888,24000.0,,19694.4094976,1202715.99088989,8117452.0,2017247.0,,6615642.0,27513236.5390116,17627368.7773611,,654545.0,297.0,83521825.2130843,129246.0,386919.98957651,620344.02352473,17870915.03468841,2337499.768656,,7504272.0,98415.0,
2016-04-05,12495.01249814,2318854.84800788,524145.5276127,751664.0,1589145.27278727,23726020.0,11898500.12963504,75370.1106467,98320.0,,1435.50069227,653104.27311521,12777110.0,1001834.0,,4364240.0,11180542.97573563,14445902.29076125,,150266.25,4201.0,138142441.93228322,350211.0,977029.97367915,2257582.51177405,32304901.51055492,1585292.3431025,,10666330.0,60334.0,
2016-04-06,11250.01125282,1528176.98791278,1474471.48422496,808518.0,3113439.41383642,31281170.0,6633927.85430589,252141.77577793,420884.0,,5111.70246511,1170693.45066857,13211460.0,1993335.0,,4785041.0,11403671.43425902,13846600.82235369,,68832.5,3597.0,238178407.3765625,168721.0,1217499.96720097,564112.29429494,20944021.13354402,4222162.08212964,,6888658.0,11784843.0,
2016-04-07,7500.00750188,476957.0976287,5309135.34425473,1109388.0,3937235.87137391,19779190.0,3395244.02319276,418924.6310644,490720.0,,18262.20880692,538323.37827342,4260380.0,745847.0,,3969382.0,3317010.8163741,8231118.43335329,,147571.25,1280.0,203276728.08489105,182175.0,228549.99384294,1555906.73109338,16054586.41282062,608642.43976223,,3822663.0,581465.0,
2016-04-10,360.00036009,753967.72203055,268650.27042736,314261.0,2036006.26502176,13887080.0,2375098.42941398,24820.67900815,0.0,,5280.00254627,840727.74760785,5082862.0,1316645.0,,2068835.0,4304420.84547697,6388344.49306108,,43781.25,36.0,123766783.95103544,56773.0,1877164.94942982,150720.16769044,13583477.23542898,1144482.38672977,,4986921.0,154075.0,
2016-04-11,5595.0055964,242527.85046617,778800.78395247,1753943.0,1962906.08088389,16544890.0,10386024.52868656,615371.2246777,115140.0,,2270.4010949,253402.47719302,4281554.0,853519.0,,1302061.0,6124836.58638569,6030882.21367242,,186236.25,56.0,109932791.2749993,123533.0,2090999.94366918,382713.75913858,13022173.01091537,323127.46801985,,4378960.0,703611.0,
2016-04-12,15000.01500377,424175.51794482,113985.11473911,643159.0,2093063.41467641,16525080.0,2503766.06243326,354148.71267728,6360.0,,5352.60258128,247974.6759574,3963680.0,592320.0,,2515550.0,5761271.83926925,7384730.77182583,,207692.5,657.0,141388025.1596887,104834.0,1391484.96251387,321083.6905693,11335731.65281209,1651422.33655757,,3307160.0,552213.0,
2016-04-13,7740.00774194,1307661.31994457,832230.83773596,1014522.0,202737.43756893,13243800.0,5128543.3014484,142628.09693464,476164.0,,2013.00097077,906938.00026942,3699424.0,374653.0,,2164443.0,2786981.72717761,6548306.11808536,,36596.25,14162.0,112129771.31540464,71241.0,1713149.95384833,218353.57627234,14322235.6177663,876902.41321235,,2639560.0,357723.0,
2016-04-14,3960.00396099,1026526.9277796,1953676.96660034,2123495.0,4472438.29167225,12254250.0,11668847.80785522,35959.71544108,215704.0,,4620.00222799,431719.87493702,4604770.0,504917.0,,1011146.0,2874317.90665127,13170491.04391359,,88065.0,2120.0,365678995.2063501,104813.0,8517064.77055321,284196.98286269,19231623.57213793,662022.43447917,,2809879.0,381802.0,
2016-04-17,0.0,577158.69698341,1806061.81800873,2652635.0,200444.02764168,10553240.0,2495502.82630701,1210.76482967,5684.0,,0.0,972513.27453986,10550840.0,946052.0,,1590427.0,2075980.26608742,9154388.65497133,,695.0,0.0,212381474.75463924,70846.0,5350349.85586342,1688676.87881273,14313480.84432319,1808204.82104069,,3417833.0,1268078.0,
2016-04-18,2385.0023856,1797545.73449358,1054591.06156707,8354362.0,1998611.04236546,21382920.0,10912596.2169335,197596.82020147,422480.0,,13150.50634181,731868.3608538,12842560.0,1259187.0,,8779901.0,13274775.27933053,17977257.55083039,,6655.0,180.0,163849655.59836945,297481.0,8403604.77360978,1558105.06687257,14026273.27670911,3301187.17327918,,6960959.0,223246.0,
2016-04-19,22335.02234061,908575.91709778,455655.45866957,1292023.0,416786.6229995,14940180.0,14118028.52109801,625783.80221282,31408.0,,9946.20479654,2512976.79968664,15238740.0,2057769.0,,3723923.0,6379717.11015878,17739297.36484328,,237301.25,4266.0,158538164.50627,513189.0,4504869.87864036,2797134.77874364,23549448.08504697,1228462.37841821,,11779790.0,805989.0,
2016-04-20,20460.02046514,1186533.08851428,483945.48714674,5726050.0,1191377.69967265,17262830.0,9826441.26727702,183733.5629018,46320.0,,14985.30722664,1173625.95040464,11062460.0,1348278.0,,2634005.0,6692737.75340836,22435210.7851185,,463751.25,12557.0,147331132.5446192,257124.0,1841984.95037756,563222.29330473,24339056.40148466,2550127.24761211,,13088280.0,140446.0,
2016-04-21,5250.00525132,624267.6137893,1730881.74233135,714122.0,1482832.17889981,20264540.0,7896316.448408,0.0,0.0,,1831.50088324,666107.20297939,8967961.0,1025915.0,,1609028.0,4774077.81061026,12758974.72227688,,281030.0,1436.0,249023547.10169476,199238.0,1125009.96969262,2061148.95988981,11328496.21505146,5105354.49471947,,7476143.0,780196.0,
2016-04-24,3150.00315079,722364.30439816,558960.56265803,337900.0,1022264.90213947,8157127.0,1222881.7201794,1210.76482967,21000.0,,0.0,188857.74162293,3096360.0,1353352.0,,1273276.0,1532307.14885279,3706362.64685303,,10312.5,27045.0,84168729.82224046,281603.0,791314.97868225,700902.44648692,6159475.04199401,5818334.42415534,,4014854.0,148996.0,
2016-04-26,1185.0011853,1047532.99037388,80025.08055444,2559951.0,784768.76041329,16982840.0,13768639.26008288,6057456.4428185,1584536.0,,495.00023871,316888.41975496,14127710.0,1572802.0,,3435132.0,1693371.47983595,10194586.9679791,,50136.25,596.0,106307191.55074376,771619.0,411784.98890665,1344871.49629673,10674969.37708379,7441791.76348062,,5831439.0,20711.0,
2016-04-27,36810.03681924,655784.98169309,404235.40690938,1034945.0,797171.23236632,12964590.0,11507816.75270461,744801.98496898,567880.0,,6857.40330697,562183.39767767,8516535.0,676323.0,,1824722.0,2552945.2462385,19549527.27969943,,281430.0,282.0,289004608.359201,445865.0,652024.98243467,974004.41700536,13843549.25525946,3808807.12303968,,10661490.0,545572.0,
2016-04-28,12495.01249814,500581.05773551,274695.27651236,550128.0,658306.16418861,7950031.0,11638428.83881769,3103856.17909002,1600000.0,,0.0,303879.54161545,4313200.0,682688.0,,1058357.0,1452638.98513671,5989279.68115633,,310593.75,0.0,106480828.66785944,106052.0,512444.98619491,2794659.77598996,7103684.79514037,1621587.33951036,,4407698.0,151335.0,
2016-05-03,10980.01098276,1087168.81921099,538365.54192678,680327.0,807840.10311451,12733420.0,10097434.59249356,4312138.9408551,1002256.0,,0.0,231905.4101623,5650648.0,1459587.0,,2343003.0,6112920.56189856,10158593.68984714,,1951026.25,56.0,114703545.18901645,171546.0,602629.98376536,1151952.94832326,18408345.50200948,786249.92218429,,3914151.0,45620.0,
2016-05-04,18315.0183196,386876.27019982,502650.50597549,211563.0,780990.95445438,6365854.0,10119309.00027637,4457551.79689798,336400.0,,990.00047743,158644.96416975,2285570.0,870477.0,,1594477.0,2015392.14158034,8761358.34778308,,860996.25,88.0,201599189.8612113,200696.0,275179.99258675,896354.3306123,13287451.14602148,329374.96740153,,4551599.0,687951.0,
2016-05-05,38070.03807956,933308.59486162,235905.23746573,1796558.0,153012.29645254,7652828.0,7334899.05748447,8790515.89282334,598332.0,,13464.006493,172248.66984193,3536781.0,1032468.0,,1205106.0,2825033.80537367,10741969.64580749,,25903.75,84.0,103659734.6955853,226308.0,708544.98091204,366005.40721563,13311399.27628939,699549.93076505,,1835876.0,151411.0,
2016-05-08,11025.01102777,466157.85668886,89775.09036894,226605.0,508354.61470594,7013006.0,2724016.0571255,0.0,2000.0,,9985.80481564,194294.46527154,2074894.0,1996019.0,,628613.0,978266.01031214,5658106.42231488,,22625.0,548.0,127975969.38917825,100325.0,454749.98774919,949699.38996372,9502383.28388299,466012.45387842,,1480113.0,429766.0,
2016-05-09,1650.00165041,783608.54392977,442140.44506516,331319.0,533751.12079578,7729259.0,7009717.5479647,371825.8791904,1201112.0,,0.0,195011.23244841,2536058.0,1549587.0,,1368336.0,1973092.05465473,6937275.17209937,,2582767.5,344.0,99461712.56430385,170479.0,733584.98023747,248780.27679159,14573276.62130231,1057059.89538204,,3254867.0,36148.0,
2016-05-10,0.0,620289.46864383,258915.26062796,799099.0,691133.60654121,7879916.0,5808952.94744365,915217.13474446,5060.0,,3300.00159142,269531.22574138,4211175.0,1087916.0,,3328041.0,4198616.62805195,5575567.35780324,,2178.75,369.0,112240398.91296118,250022.0,783564.97889103,882867.64894042,9831465.01787325,1487499.85278109,,2570413.0,105810.0,
2016-05-11,7500.00750188,530903.65825368,14265.01435938,273618.0,897879.05048594,8403187.0,6696042.78781701,870358.29780533,105304.0,,1580.70076229,174812.37650774,3275728.0,876057.0,,3049226.0,1235558.53904183,3470553.46254711,,197941.25,27866.0,57398011.3724662,87892.0,593699.98400593,379620.42236362,6984472.19263593,706562.43007102,,1292347.0,636839.0,
2016-05-12,7050.00705177,460650.67405819,127620.12846432,310369.0,900791.35019784,11643640.0,11430217.90477001,1107849.8191443,11592.0,,2280.30109967,196098.27976436,2906999.0,761072.0,,1088446.0,4654269.56440732,3746705.17838431,,67663.75,268188.0,123237931.95647064,201249.0,1010644.97277357,488558.87690129,10127341.29865751,2116924.79048646,,2311861.0,482984.0,
2016-05-15,0.0,344506.70767706,52335.05268124,465443.0,569446.79910456,7679695.0,1401219.78690952,0.0,14488.0,,0.0,205868.32198848,4021560.0,376567.0,,638705.0,3265206.70991796,2522240.72135611,,82586.25,136.0,63637449.12475046,143800.0,281354.99242039,450047.1673867,7681663.46315108,50694249.98275434,,2740263.0,916071.0,
2016-05-16,0.0,190689.50819199,383160.38569495,291048.0,565135.76046292,18514250.0,8103964.73219876,0.0,158844.0,,3696.00178239,178931.55717149,3454843.0,1173112.0,,637517.0,2842997.84228932,8370229.29208084,,514845.0,104.0,56355389.44918851,31625.0,360599.99028556,218823.57679526,13017763.75001866,1124592.3886983,,2567368.0,1103466.0,
2016-05-17,0.0,586435.51964794,965955.97234567,637225.0,538114.35118853,84869890.0,10697749.31956146,601023.66144615,2087924.0,,9230.1044512,320962.98835375,5628314.0,1490001.0,,736638.0,7866412.16527987,19210771.51493158,,1332093.75,212.0,174720009.44384894,109836.0,740349.98005523,397863.77599441,15157562.12610407,1042737.39679954,,3382727.0,578430.0,
2016-05-18,5415.00541636,548338.65711088,742500.74741231,282748.0,229323.59547466,30940590.0,10738268.41232874,397251.94061338,121920.0,,5306.402559,159568.43391423,4776809.0,1566493.0,,420583.0,2644709.43481161,12584325.08577261,,3053993.75,46905.0,112168958.90531048,174698.0,428289.98846202,363655.40460103,11593604.35455674,12569331.25600443,,3599179.0,2010664.0,
2016-05-19,11685.01168793,195193.88052393,591945.59586126,314276.0,318334.88726675,23507520.0,7012900.38324164,3545361.57422769,82180.0,,2620.20126359,310700.72634635,3495058.0,950277.0,,376180.0,1606035.30036229,8528123.16548898,,1568831.25,394317.0,143432508.7564802,80265.0,174919.99528772,535008.92858136,10680345.48796025,3544287.1492194,,2539385.0,1839865.0,
2016-05-22,1125.00112528,790002.70068606,693555.6981435,362640.0,335666.02808515,12549180.0,4583649.62468787,1227170.69310788,480.0,,2970.00143228,555100.4888324,2325222.0,480400.0,,195784.0,608401.25024932,4971284.3855022,,104275.0,1428370.0,87706698.8767,44787.0,173889.99531546,99511.77738293,6659660.5356442,33278006.70645222,,1394139.0,98543.0,
2016-05-23,8820.00882221,726325.9015189,1587061.59755985,272072.0,286946.76814954,10275010.0,10540844.36629499,575113.2940913,126060.0,,1811.70087369,173533.4973125,1736229.0,1625706.0,,140486.0,1041518.14029368,8278771.2205982,,887602.5,866.0,58613058.69132959,49600.0,572094.98458796,67495.07509465,6109145.71942121,2679242.23483351,,2098452.0,545792.0,
2016-05-24,5700.00570143,622195.80109291,1334176.34300178,105808.0,257785.49707967,17097400.0,7743890.632481,3329.60328158,1322856.0,,3300.00159142,263728.68316018,6521333.0,1585430.0,,788336.0,5104378.48936988,8620467.7376645,,8077.5,525.0,103155839.00827631,26625.0,507964.9863156,275218.6395401,7690853.85032133,996837.4013423,,2377146.0,382258.0,
2016-05-25,6945.00694674,596013.51636259,1895971.90851357,121285.0,163763.79718108,15261420.0,6184852.96468225,66955.29508053,662380.0,,9306.00448781,105782.64134131,8433764.0,1794655.0,,959780.0,2105932.32763816,9861228.95743008,,14155.0,237.0,104751005.94922636,59030.0,332374.99104593,897170.99818758,7474275.20496499,332264.9671155,,2021954.0,1122750.0,
2016-05-26,10200.01020256,352499.40362242,514050.51745091,918952.0,173207.02468181,8704148.0,9303237.20630316,173139.37064222,60082.0,,4950.00238713,229511.2293433,4013247.0,1502206.0,,765100.0,1093502.24711971,8503523.89626246,,64587.5,474.0,54835271.89916998,141452.0,205694.99445865,552840.61508747,8554147.82241431,168469.98332641,,1133632.0,580665.0,
2016-05-29,0.0,58166.30693154,513975.51737541,118476.0,466535.10426699,8209604.0,821800.34585379,1937.22372747,4656.0,,102.30004933,233666.09965901,689320.0,1367579.0,,255348.0,740197.52108736,4351305.40093332,,309445.0,1556.0,55792248.31345609,70543.0,152344.99589588,33371.70379584,4769215.95675649,0.0,,602905.0,570882.0,
2016-05-30,10380.01038261,306303.93778171,191400.19266629,128956.0,161843.14074025,16125140.0,4141748.52584005,308139.64914997,20134.0,,330.00015914,427664.63823304,971397.0,4472428.0,,554888.0,1491519.0650343,5828640.80560272,,13312.5,1024.0,70226249.39730711,232345.0,214679.99421659,407642.12020708,3894106.22793284,258824.97438391,,1115953.0,1064039.0,
2016-05-31,15.000015,563039.92228242,1522561.53263312,258195.0,278957.95077972,20476070.0,12559228.04899581,110603.36718998,101596120.0,,330.00015914,150663.86575015,1942191.0,2852025.0,,3592726.0,2475725.08755301,11827460.49421542,,692725.0,2261.0,94212328.64594331,161166.0,200799.99459052,1712790.23897445,9072267.8519528,408764.95954424,,13290480.0,7795963.0,
2016-06-01,16095.01609904,598260.73812114,671670.67611371,56130.0,325234.63676341,32163430.0,9321084.80342364,83240.08203953,310716.0,,3960.00190971,185116.27644243,5138036.0,2285643.0,,6674642.0,5221594.73024632,10460989.42619638,,412303.75,3309.0,45615721.05978315,282829.0,307844.99170676,27300.03037387,9120750.59731151,771544.92363966,,1423588.0,435056.0,
2016-06-02,0.0,205682.01859881,352215.35454522,176650.0,267378.34093358,21862590.0,4154904.61272998,205648.40631875,58758.0,,0.0,135248.91024099,7577094.0,1217783.0,,1470385.0,3492871.17776274,8381294.80072952,,180402.5,768.0,74254501.60784517,129958.0,996249.97316137,91055.10130741,12837717.15928219,458617.45461031,,2345293.0,329841.0,
2016-06-05,1020.00102026,264698.89400155,743265.74818238,16827.0,186508.96231456,9087238.0,641368.88919716,71011.35725991,42802.0,,0.0,1231584.45811923,1194222.0,555868.0,,244918.0,669781.37638394,6604695.66215882,,2878.75,172.0,40439788.09118694,21550.0,797589.9785132,52883.39217111,11411464.69298496,1138829.8872892,,791160.0,177146.0,
2016-06-06,900.00090023,73277.96311642,502275.50559801,13872.0,92393.31726398,19007100.0,16091143.6809216,75309.57240522,152012.0,,8118.0039149,103470.24930806,1399908.0,359207.0,,347000.0,2845085.84658012,14443782.78910467,,6930.0,768.0,19503364.43295066,203903.0,254499.99314386,99233.44373992,7606770.83872985,35699.99646675,,3645516.0,1997929.0,
2016-06-07,1875.00187547,234065.19061843,107250.10795956,178768.0,89244.41494704,22957920.0,5467689.01808004,0.0,74000.0,,0.0,240030.75425858,9731945.0,1098185.0,,1462155.0,2965434.09389275,7380824.76877294,,10000.0,1400.0,56384934.82947278,155711.0,1199419.96768804,78638.42082601,20692544.51628086,218619.97836303,,3651440.0,430337.0,
2016-06-08,0.0,1386231.34137015,1270351.27875452,173770.0,152963.5841515,25743720.0,3197626.91089438,28210.82053122,2862.0,,990.00047743,478269.590575,12503430.0,2121211.0,,2342579.0,4997746.27024334,8804101.63119077,,85135.0,373.0,83085914.83800013,109217.0,219149.99409617,478070.53189868,18816674.93521991,134597.48667879,,5021771.0,1847340.0,
2016-06-09,0.0,96276.40788838,475410.47855527,34321.0,205447.60906714,9077176.0,6957346.94463852,17796971.69301758,68400.0,,0.0,104466.58542528,4358379.0,3059055.0,,339575.0,1154918.37332831,4410059.69685504,,117.5,84.0,71717440.31846094,171183.0,786764.97880482,63500.07064983,11308606.72975353,2294744.77288749,,2097594.0,772869.0,
2016-06-12,11445.01144787,291245.23527597,630105.63427372,104681.0,342892.84588877,12713930.0,3626035.43593391,8354.27732469,59502.0,,1980.00095485,64822.81744161,2317603.0,1443027.0,,313090.0,537733.10502806,9829422.93257083,,1250.0,113.0,210682099.76211065,39401.0,152999.99587823,217133.57491497,3562800.73898914,678894.93280929,,858645.0,221967.0,
2016-06-13,15075.01507878,187340.18798632,1489516.4993695,266709.0,231613.07362333,20363910.0,9751710.83241695,1390442.33038832,24056.0,,0.0,101291.69346965,2591547.0,660936.0,,669005.0,1756155.60885577,12911178.34123759,,1965.0,256.0,123404504.9948796,39683.0,507899.98631735,897509.33189734,12235624.61529275,2035154.7985793,,1226993.0,473882.0,
2016-06-14,2640.00264066,354994.84575194,674745.67920905,2305306.0,161916.2091918,10890410.0,7286056.05062205,0.0,11450.0,,0.0,88177.2334431,3920881.0,1321464.0,,1297191.0,1733151.56158303,9403470.59965109,,0.0,128.0,98988341.94702676,91047.0,405129.98908594,865342.62944218,7005175.53187286,161924.98397417,,2193197.0,559429.0,
2016-06-15,210.00021005,278149.12850339,1267051.27543269,25713.0,143391.61699803,10007260.0,6379778.18163376,3753.37097196,4794.0,,0.0,198345.24076902,2086041.0,660416.0,,1718473.0,2317072.76152646,9610655.26158438,,393750.0,140.0,80107322.84813733,49957.0,386314.98959281,196258.55168953,4997555.11027323,1123529.88880346,,1689634.0,887576.0,
2016-06-16,1245.00124531,217275.56472576,990645.99719902,1046672.0,324959.76020757,9406967.0,8078758.5523063,0.0,62532.0,,0.0,109559.79617377,2206289.0,4227967.0,,461213.0,2832989.82172309,7846694.3828916,,115541.25,472.0,83043117.86481349,12903.0,213494.99424852,375502.08444825,4247785.2628917,21249.99789687,,2343055.0,1120723.0,
2016-06-19,3000.00300075,337897.42659926,726285.73109004,112940.0,170642.6699773,10200450.0,1654861.97111462,0.0,2908.0,,0.0,66953.78707741,2173008.0,1600254.0,,319886.0,824365.69405084,4136929.73337961,,338.75,570.0,106953786.78419012,100916.0,173099.99533675,149778.49997608,3842250.13237003,731637.42758933,,1958494.0,574704.0,
2016-06-20,14640.01464368,201058.50048881,1644166.65504265,120439.0,184737.92222692,17207280.0,4304382.0309871,53757.95843717,5190.0,,0.0,74627.06224886,3472559.0,2777475.0,,625607.0,1678611.44950446,4859580.79819588,,820790.0,497.0,89141789.66914651,162026.0,175884.99526172,2159120.73555934,9327006.25980702,666612.4340249,,2323007.0,451240.0,
2016-06-21,3105.00310578,259261.21307475,457815.46084386,514886.0,118920.64462786,17573380.0,5232520.51731073,2413417.53497304,7000.0,,0.0,257839.89058674,5902879.0,2053851.0,,103561.0,3239214.65650494,4853298.79328593,,3127955.0,10248.0,57590829.78358842,61572.0,225249.99393184,981382.7585478,8388872.78691807,360102.46436041,,1963504.0,1016186.0,
2016-06-22,0.0,127979.11366916,1064251.07129098,137697.0,77602.17499957,22279150.0,3325500.21413918,60538.24148329,2994.0,,3118.50150389,209954.78713792,3303514.0,776027.0,,440725.0,933985.91931766,5642039.15975689,,136250.0,50384.0,64342284.33556346,47338.0,358699.99033675,914531.01750224,6572459.16724986,663212.4343614,,2299726.0,395460.0,
2016-06-23,3675.00367592,60625.34340665,274440.27625567,96563.0,225238.72108783,15751550.0,3218604.9395914,2542606.14229839,94338.0,,0.0,118633.49407373,7616575.0,457616.0,,306200.0,1455914.99186882,2633368.30821224,,588955.0,0.0,16417795.47890675,31500.0,320599.99136315,33446.70387929,7591898.9234194,1065432.39455341,,1806628.0,181103.0,
2016-06-26,21435.02144038,185006.91649916,1083226.09039152,170650.0,288373.34267986,19638790.0,5929202.89132498,0.0,149734.0,,1650.00079571,304282.33918405,2736104.0,2030554.0,,3434941.0,5921544.16862487,12093136.20186468,,35782.5,0.0,105051822.264372,135938.0,357614.99036598,1297776.44389903,12671437.69257738,397629.96064628,,5509836.0,1316899.0,
2016-06-27,0.0,220254.20917745,83100.08364978,153301.0,6628.3523909,15203870.0,2503426.81742541,18361490.79484932,7336.0,,2970.00143228,71309.06623359,3129774.0,387742.0,,1367896.0,1807491.71435018,7901792.42595564,,178937.5,0.0,77738484.60094757,24205.0,518454.986033,423138.80411527,5867089.05661668,213349.9788846,,3845722.0,218864.0,
2016-06-28,2010.0020105,66069.64354334,337650.33988386,304968.0,7132.87265162,15420900.0,4210259.46888948,121076.48296659,124646.0,,0.0,159169.73523298,1927821.0,996641.0,,316327.0,1218386.50375373,5811097.54189109,,0.0,282.0,34054402.34781258,114213.0,615179.98342726,220368.57851422,5768491.71828192,650249.93564431,,2059975.0,85175.0,
2016-06-29,14250.01425358,23183.78264896,878415.88422652,1065596.0,50305.88916934,16756030.0,4251520.48773085,151345.60370824,3097152.0,,7642.80368573,511332.10871578,1860098.0,576257.0,,668740.0,2398972.92982925,2961585.06474291,,43468.75,5608.0,77783318.29755694,152634.0,407259.98902856,321583.6911256,4931459.61183811,56354.99442251,,3268416.0,525293.0,
2016-07-03,1380.00138035,0.0,478605.48177141,58470.0,14171.80015125,18957660.0,2198497.95906555,1768079.88076112,319068.0,,1188.00057291,49971.47519089,1546506.0,335021.0,,133500.0,890713.8303946,2418173.64001841,,57787.5,241.0,63608393.58934001,63548.0,548724.98521754,120646.80089764,6399655.33458939,253894.97487184,,2362318.0,446027.0,
2016-07-04,795.0007952,371820.87729902,379740.38225233,486491.0,64773.44257687,14847000.0,11077579.61433007,12107.64829666,6200.0,,0.0,49515.18698524,9750321.0,2689660.0,,2199828.0,5813795.94720498,7569071.1659043,,2500.0,66434.0,77685607.13588384,210718.0,389424.98950902,476052.19631976,10462337.20887146,472387.45324748,,4562996.0,598352.0,
2016-07-10,3750.00375094,384996.41459031,646080.65035441,1331282.0,44554.35819708,23511600.0,7700105.96175195,4156374.04551859,7410.0,,660.00031828,216427.42776454,14273650.0,2189149.0,,1404000.0,6107232.55020984,13021579.17752569,,809006.25,169.0,145054359.35239902,444054.0,1216314.96723289,594250.66116006,23553784.9917197,524874.94805276,,4581733.0,2243953.0,
2016-07-11,5280.00528133,767212.76102571,3509358.53257258,184852.0,77177.68209054,20885100.0,8253786.91164273,6849417.71790296,10500.0,,3366.00162325,208168.17942381,13375920.0,2470498.0,,2442115.0,5155786.59501225,7090633.04196222,,1006508.75,320952.0,171823066.8600597,233342.0,848449.97714305,3308235.34739135,25248366.03170169,311099.96921022,,9156053.0,3791772.0,
2016-07-12,1530.00153038,1461984.88898642,2270867.28588884,51500.0,63357.30639677,14210470.0,5111081.83685717,57874.55885803,540.0,,1650.00079571,232518.42413978,9805459.0,4605420.0,,2634130.0,3746491.69894655,10921290.28596256,,5385.0,67146.0,72499851.48850203,363452.0,793094.97863429,964791.07342131,19074173.18211228,169999.98317498,,5448552.0,1482968.0,
2016-07-13,45750.04576149,450483.5676631,1083286.09045192,69675.0,88217.97717522,13321970.0,3874070.4241962,2062174.65788696,68880.0,,1650.00079571,126363.04506532,6264967.0,2816024.0,,877200.0,8204344.85972308,9998312.56457314,,16815.0,212.0,62346733.66353599,334957.0,207599.99440733,918166.02154653,20417086.33452383,790839.92173002,,7730192.0,152064.0,
2016-07-14,600.00060015,284248.73041945,720405.72517114,1168629.0,92170.63245924,8558464.0,3841731.82487033,738566.5460962,837654.0,,0.0,128376.75862905,5628872.0,2967216.0,,632976.0,7356435.11728981,6574487.13854816,,325.0,50210.0,67287669.9992429,95598.0,332849.99103314,317112.01948378,17070230.85057563,383817.46201332,,7276616.0,1337382.0,
2016-07-17,10500.01050264,504413.58026335,546960.55057864,12320.0,84453.2121952,12923020.0,1095802.74670909,0.0,0.0,,0.0,372364.28189378,16277790.0,2288884.0,,423290.0,3177906.53051828,4293610.85583988,,0.0,26.0,42206735.89499396,70635.0,974639.97374353,624727.36173494,25412785.99789643,145137.48563564,,5995169.0,2033698.0,
2016-07-18,26595.02660168,563261.66581383,159540.1605955,326715.0,127988.0915206,15509360.0,3841312.59526713,16950.70761532,13480.0,,0.0,151687.76017632,13906210.0,4249640.0,,494467.0,2283268.69205994,3872052.77635464,,187802.5,596.0,142499199.58399248,197151.0,793839.97861422,88626.76527232,14965384.10012741,24522.49757299,,4247135.0,2276850.0,
2016-07-19,15000.01500377,750039.22095927,246705.24833718,85992.0,194041.97172469,12132040.0,4333143.38823829,62959.77114263,3342454.0,,6600.00318284,58984.96649616,12558460.0,2281441.0,,736416.0,1526151.13620234,7528163.88393161,,142240.0,869.0,84140602.41395938,84956.0,4290304.88442066,111666.79090653,15894368.54571833,137572.48638435,,3056716.0,1403341.0,
2016-07-20,0.0,631763.86899271,442590.44551814,213230.0,95817.09613675,16606440.0,2420982.00624853,10242949.38249055,39110.0,,0.0,72372.77911679,13308450.0,2084468.0,,921368.0,1379522.83488485,5354189.68477685,,0.0,608.0,90824123.2163279,88881.0,2204944.94059954,383693.76022893,13797384.08302525,873034.91359512,,4382001.0,683837.0,
2016-07-21,33300.03330836,314822.86091353,156690.15772665,310003.0,64536.83997184,10066310.0,4191658.91333693,0.0,49330.0,,0.0,104130.15035096,6233401.0,2060464.0,,2341326.0,1803243.70562063,6887291.38303258,,27716.25,12760.0,60215779.55586017,43188.0,629499.98304149,504917.22843483,14184993.85747635,90099.99108274,,3136183.0,1406774.0,
2016-07-24,32520.03252816,198973.44937263,81570.08210966,71190.0,172911.27142552,8357109.0,151863.16567008,60538.24148329,3000.0,,0.0,131913.35207157,4056375.0,2761231.0,,969772.0,5635271.58034188,2123517.90971867,,8821.25,226.0,26756873.88676148,45215.0,3637994.90199367,295188.66175864,4504405.84266588,599929.94062451,,2349154.0,216310.0,
2016-07-25,15705.01570894,188349.61749495,238980.24056107,154521.0,131968.58240522,16589210.0,4007606.0851737,40257.93058639,3130000.0,,11371.80548404,292306.57302948,8624247.0,1955171.0,,1159356.0,9096282.69263298,4328220.38289032,,12251.25,340.0,35468790.74901278,209871.0,2065019.94436907,913384.3495598,14244461.89497567,45559.9954909,,3895604.0,528570.0,
2016-07-26,12000.01200301,353452.56984695,1048396.05533109,150035.0,143993.56186083,18575740.0,4026650.69313491,0.0,346554.0,,6600.00318284,623037.79479648,9294048.0,2825051.0,,2213682.0,7338363.08015223,5056768.70231582,,190291.25,239802.0,173981142.90495983,115429.0,2417199.93488147,438758.82149402,12508353.40461131,525002.44804014,,5269293.0,847106.0,
2016-07-27,6450.00645162,789397.04298088,384240.3867821,864480.0,85135.18440969,27873420.0,12091715.33109981,3995.5239379,27590.0,,22077.01064661,948018.63365634,18515400.0,4603727.0,,4749531.0,26157941.75391478,26210877.98613922,,1912351.25,10.0,181773131.09417152,460379.0,1418974.9617733,2385899.3212053,42359942.19471942,942352.40673472,,12127240.0,1095498.0,
2016-07-28,16530.01653415,1057835.79057177,1921891.93460505,246350.0,50358.08092045,10937880.0,8883133.2887323,765384.9870733,1000268.0,,165.00007957,338188.72710917,8432456.0,7319875.0,,7779896.0,10339437.24728443,7254588.42010798,,1861376.25,397.0,82223298.01519781,814141.0,2758689.92568184,3797432.55833618,21934376.32719841,952977.40568315,,3355542.0,701294.0,
2016-07-31,0.0,265105.97540995,1061611.06863352,28590.0,13531.58133764,8035304.0,2321872.81834442,32206.34446912,10454.0,,8580.00413769,61606.10473745,3705048.0,2385996.0,,1762318.0,2407360.94706642,4617615.6090785,,138190.0,48.0,41583421.18370878,150856.0,704699.98101563,2096523.99924789,11971987.526829,476934.95279741,,2627800.0,217176.0,
2016-08-01,885.00088522,220101.96734992,924750.93086806,600.0,32205.78988459,6279649.0,4834257.91044875,253231.46412462,96678.0,,3300.00159142,111686.97394609,9369286.0,1113741.0,,2874644.0,6767005.90602755,10629908.30822155,,880356.25,570584.0,56655690.13815116,101995.0,242289.99347279,2103169.00664108,21236180.88948303,128054144.82639104,,6942190.0,69536.0,
2016-08-02,11340.01134285,169170.45683103,484770.4879772,120659.0,7644.35181249,7837169.0,3828950.83815169,2300453.17636521,853720.0,,4125.00198928,114739.93067852,8402120.0,1076480.0,,3316598.0,10599897.78252431,8583187.45852664,,1809208.75,297.0,47870760.60839108,289706.0,5160019.86099084,8887189.88783922,23590212.57977442,666824.93400387,,8881530.0,95916.0,
2016-08-03,3000.00300075,919123.6280617,106380.1070838,679607.0,70608.4803509,17149690.0,4617011.47521628,75067.41943929,105164.0,,1650.00079571,308470.97854821,11200720.0,1488357.0,,5107478.0,8443781.35175907,7001782.72251777,,1138936.25,508.0,144722811.7167483,252632.0,630854.98300498,2771163.083181,15282142.21581208,1426512.35881707,,11212280.0,291382.0,
2016-08-04,16200.01620407,1155161.34322814,200955.2022845,426504.0,85069.07485829,19723140.0,7058047.5501811,111693.05553668,19612.0,,5115.0024667,373613.67672817,15236920.0,1485410.0,,3884883.0,7609047.63640221,12266521.33738063,,965696.25,932.0,218596162.4501409,397293.0,685574.98153085,8852528.18260813,21519132.17969803,7431039.26454481,,6631640.0,1044086.0,
2016-08-07,12000.01200301,1321703.9737318,883260.88910357,47605.0,122219.16329798,19413460.0,1367113.25221752,1366045.41907055,19428.0,,0.0,1381151.29241473,15380720.0,603002.0,,12492130.0,3104142.3789348,5098652.48505173,,892127.5,1450.0,54958377.65035446,96139.0,2913629.92150781,7586276.77378368,5819789.85728252,4450642.05951682,,5636201.0,67484.0,
2016-08-08,0.0,3129602.15249746,976875.98333792,97194.0,141975.48081793,21639780.0,2859948.49787394,7567.28018541,99324.0,,3636.60175375,676842.37879381,13527950.0,2397523.0,,2509292.0,8117368.68098922,10949599.80808898,,1022915.0,233460.0,399213001.8289986,224610.0,531499.98568157,8026865.59731375,11852636.58207751,4861829.51882131,,5073740.0,112014.0,
2016-08-09,13500.01350339,373508.77582164,2071592.08529546,73100.0,40650.41521409,47204320.0,3810143.42588703,0.0,185120.0,,2689.50129701,343193.5034216,15653850.0,6197442.0,,4883588.0,3112494.39609798,8509630.40103524,,397095.0,354.0,406823902.10275066,145881.0,1113904.96999178,7622731.81434336,19024368.57422192,185281366.66257256,,2510691.0,48928.0,
2016-08-10,1080.00108027,1147406.93883892,345975.34826394,37049.0,3681.25817825,45458660.0,7850802.45556575,9449716.80433494,509728.0,,0.0,398703.77045898,19372910.0,3207732.0,,4488043.0,5336362.96609216,15242999.16376356,,806323.75,212.0,153241265.63514864,330541.0,5333149.85632678,7649833.51116323,22346938.99946698,800912.42073313,,8621651.0,167707.0,
2016-08-11,1050.00105026,1501124.27708158,472560.47568642,308451.0,5222.65456102,28723700.0,5435377.99964912,0.0,840538.0,,20136.60971085,305625.29469153,10799700.0,5032397.0,,9205540.0,10647921.88121262,10659738.83153677,,1086662.5,596.0,296102202.76780486,237501.0,4439324.88040612,7121536.25671591,17637995.28550621,1495659.85197349,,14340830.0,278996.0,
2016-08-14,17655.01765943,303100.24019368,176265.17743115,128231.0,45507.72751734,13151490.0,1912506.1431766,1816.1472445,602428.0,,4167.90200996,83634.605366,6890733.0,2164946.0,,3908120.0,1347842.76978311,6628169.93050605,,1758302.5,468.0,167018023.80487496,79345.0,2990679.91943211,8171604.09168235,10447169.16595645,283262.47196531,,2831301.0,107155.0,
2016-08-15,5565.0055664,1377464.19786736,305460.3074809,3488194.0,96895.72565968,16482620.0,10393854.74476213,257892.90871884,650844.0,,2679.60129223,317067.04531204,6606722.0,8579092.0,,2689596.0,3498127.18856371,10364102.10047029,,5070578.75,1832.0,157213701.31138003,115683.0,2470409.93344801,6154030.1802739,7634222.72135175,5391846.96636511,,4169020.0,45782.0,
2016-08-16,6135.00613654,497655.36696297,1407271.41658037,3721908.0,115862.20801285,13044230.0,7704419.61372173,0.0,944376.0,,16671.60803986,277263.45619277,9542240.0,6379837.0,,2523890.0,3384762.95560305,6900296.39319715,,2120942.5,1139440.0,130407946.06247286,266231.0,394654.98936813,7551586.73518773,12486345.07016158,732274.92752623,,2796488.0,219663.0,
2016-08-17,1350.00135034,63544.4149693,1320991.32972955,1302985.0,132473.10266594,9535705.0,3600043.20053545,1041923.67416899,2607470.0,,0.0,361702.68334728,8221275.0,5800424.0,,1207830.0,14827746.47064741,11703683.39747257,,1107836.25,260608.0,157933386.55626264,107032.0,1186324.96804081,6172376.86735299,9522243.36080129,8231441.68532842,,5012390.0,136562.0,
2016-08-18,1350.00135034,244321.65634707,673665.67812191,2932419.0,151530.05072103,12494870.0,7345663.88078245,0.0,2522108.0,,3910.50188583,183964.75299483,7292317.0,2504426.0,,1171382.0,6923714.22805923,12726900.94720836,,3860818.75,1461.0,45237999.09944732,206964.0,2864779.92282381,6153226.84604678,18267818.16419778,2056999.79641728,,5631087.0,43227.0,
2016-08-21,2025.00202551,2521674.05832813,163500.1645817,1588212.0,260422.92023573,14532140.0,1118435.62910296,0.0,693510.0,,3316.50159938,162353.67690773,2332493.0,4483767.0,,2852577.0,7854820.14145855,3476889.46749927,,2462241.25,98.0,83842931.41852987,93209.0,932604.97487594,3083596.76412635,13788995.61899821,1554012.3461983,,2267705.0,135580.0,
2016-08-22,8085.00808703,4077479.62833277,285525.28741401,656241.0,385022.02738429,10407920.0,5015221.67837787,6384423.48506978,1994908.0,,1320.00063657,920554.97761918,3781088.0,3065020.0,,3956019.0,9044262.58573296,9068173.08758617,,3996248.75,12594.0,104005874.55221412,179776.0,457569.98767322,3099346.78164974,10472203.01396961,1650189.83667955,,4048517.0,275796.0,
2016-08-23,1215.00121531,641308.76965789,461160.46421099,1686885.0,223822.58490773,8092056.0,4826242.90237703,0.0,340178.0,,6006.00289639,930424.9089319,2451011.0,3083401.0,,1633390.0,2551721.24372321,5683270.44198281,,1830345.0,2181.0,44364322.09502026,156538.0,209604.99435331,3007410.01269472,7517989.37101128,623729.93826901,,3833787.0,1088833.0,
2016-08-24,0.0,535189.59665916,610905.61494669,3062206.0,229737.65003346,14093710.0,1206895.83346787,0.0,1540528.0,,5765.10278021,1178860.16265548,16450600.0,3517781.0,,1810805.0,1877295.85779594,10343352.5842527,,2033562.5,0.0,63190117.62971346,246809.0,627974.98308257,2245245.83138165,8363387.68017832,445909.95586798,,3429616.0,235078.0,
2016-08-25,2295.00229558,1863621.99724682,5740355.77832765,2230647.0,100319.50453246,8407301.0,2287573.21738779,4497628.11275992,217006.0,,0.0,230186.60428756,8249899.0,1493846.0,,1692840.0,2980770.12540791,6455126.7952574,,1383862.5,3401.0,91139970.03470714,155405.0,512884.98618305,5166934.08203614,5445855.60651364,357424.9646254,,3891096.0,1098969.0,
2016-08-28,6900.00690173,341342.72534838,1075636.08275131,377875.0,41436.77093081,5245593.0,778170.12813644,0.0,88580.0,,34874.41681814,249401.08774878,3723808.0,843712.0,,267648.0,1146242.35549932,5803411.53588379,,676622.5,3444.0,47934749.81769786,46785.0,46249.99875404,3022961.6966641,4865056.16632415,335027.4668421,,2431407.0,145904.0,
2016-08-29,19800.01980497,441997.74058074,241680.24327893,427328.0,169602.31440518,10515410.0,5366530.56968133,484790.23779822,286282.0,,33000.01591421,432739.70393145,3692407.0,1499138.0,,420281.0,1315262.70283189,5722733.2228265,,6823146.25,1576.0,51286268.44439486,101493.0,729074.98035897,1271708.08156217,5199715.40590537,3071304.69603081,,2747867.0,177281.0,
2016-08-30,7890.00789198,654216.22894853,563865.56759548,579610.0,48691.42433502,12891910.0,2948990.65912224,238883.90089308,1218870.0,,25311.0122062,594013.8346113,9923386.0,1127831.0,,766485.0,2602049.3471462,20283615.10345455,,2083317.5,668.0,58902892.16877792,107808.0,426924.98849879,3080546.76073293,6189189.88521604,10479393.962847,,5012721.0,252540.0,
2016-08-31,2025.00202551,325006.51533335,622095.62621073,1667433.0,18573.30449481,10110730.0,4043364.71547306,5346495.33483868,285910.0,,0.0,334201.60304088,5480498.0,5066694.0,,1128113.0,2361748.85333471,5035942.68603843,,3959275.0,106.0,105102044.25459342,118866.0,157249.99576374,1575096.7524441,9152476.02135489,2454884.75703833,,2625356.0,177385.0,
2016-09-01,14070.01407353,371536.25127364,424125.42693097,695206.0,37118.77338902,8154242.0,1437965.81324799,323455.82424525,482296.0,,0.0,84380.21196071,4576386.0,1365643.0,,538973.0,1867611.83789552,6747906.02409049,,1504410.0,4600.0,23419875.29337695,214383.0,412219.98889494,1324724.80721496,17072092.7050762,228649.97737035,,1669212.0,69636.0,
2016-09-04,15.000015,540074.57355992,12270.01235118,798492.0,25667.90319561,9957982.0,2127438.54132298,13076.26016039,76690.0,,6600.00318284,218965.08109754,3738632.0,2569909.0,,517290.0,2520185.17891739,7631796.71492991,,1114138.75,266.0,32779104.10946896,181824.0,300254.99191123,6080000.09790843,18537058.51501996,382499.96214371,,3327736.0,35227.0,
2016-09-05,3690.00369093,573011.76198568,1904641.91724093,984922.0,283502.11257632,8643509.0,1006311.01687315,151285.06546675,456370.0,,29700.01432279,1606246.75669163,5618927.0,3671117.0,,364563.0,2053624.22014631,7929915.1979361,,983387.5,1194.0,55580738.45320114,215365.0,971624.97382476,3579368.9823865,9954396.99230118,1239979.87727832,,6790131.0,154571.0,
2016-09-06,15375.01537886,326502.45676909,480360.48353802,1300980.0,39422.16933798,8562194.0,2588999.30208932,28513.51173863,153846.0,,46764.32255203,1834750.70825868,4763090.0,472167.0,,1260016.0,4155164.538759,5056390.70202038,,921725.0,73644.0,48246213.81352184,509175.0,534659.98559644,2621841.25037967,9250539.08839818,2165332.28569554,,1597362.0,70273.0,
2016-09-07,4320.00432108,616635.66478309,1140991.14853869,484149.0,29658.83243045,5151673.0,2549456.57300318,46614.44594213,234174.0,,9735.00469469,1147941.95868912,2557630.0,628205.0,,505417.0,1365230.80551509,11992678.12334773,,3407890.0,41.0,22219848.16522352,117231.0,539544.98546484,3497908.89175444,12046775.38886023,510467.44947868,,2499250.0,58760.0,
2016-09-08,0.0,785660.49899649,673575.67803131,493209.0,44425.61854434,4850125.0,1202292.58210114,500530.18058388,1338448.0,,7920.00381941,158271.55277139,7066521.0,1206040.0,,251338.0,1698267.48989713,11843379.25665735,,2818657.5,266.0,35270119.98071383,23669.0,528474.98576307,4659040.18362281,7905341.11671365,533587.44719047,,4094663.0,45119.0,
2016-09-14,345.00034509,415759.19256633,26445.02661996,315052.0,44258.60494079,4215345.0,906079.28654467,908.07362225,25344.0,,0.0,129732.66869126,1263852.0,434882.0,,361275.0,146520.30109555,5274580.12255487,,610668.75,0.0,32988783.49677435,17809.0,451584.98783446,3255878.62247288,6598064.26419407,6455961.86104891,,1650142.0,40155.0,
2016-09-15,3075.00307577,688665.90683475,147990.14896909,253719.0,114703.55113822,6914175.0,3884352.58183261,313043.24671012,1523012.0,,247.50011936,264225.41654997,5980384.0,1078506.0,,279938.0,2022808.15682007,10891549.76271769,,5062218.75,0.0,70877072.76545385,149088.0,352529.99050296,1606761.78767444,6476478.08216445,9875086.52265573,,6579821.0,390878.0,
2016-09-18,3735.00373594,71960.74034779,24345.02450606,330824.0,71356.5621168,5273464.0,1415087.46088909,908.07362225,1189662.0,,0.0,302170.74676232,5312149.0,528057.0,,440503.0,1935399.97719845,3133935.19944991,,4434126.25,512.0,43864835.01157569,345509.0,290974.99216123,1855855.39814797,7311740.41495526,17697805.74843569,,3295091.0,65685.0,
2016-09-19,9945.0099475,1307797.01374737,113250.11399925,296292.0,140131.37227873,6948446.0,1034978.59908151,1876.68548598,87936.0,,0.0,263789.27987391,4041336.0,2738690.0,,223397.0,1712811.51978475,5973293.41866164,,4347880.0,0.0,84336875.5205075,303706.0,2296559.93813147,2339644.26974218,29522060.78105537,23929665.13166418,,5664521.0,274817.0,
2016-09-20,0.0,340359.77267932,190905.19216801,2838471.0,127807.16011676,6607549.0,1648104.6518525,1634.53252005,4134028.0,,0.0,26795.77677085,6781282.0,997716.0,,464240.0,691093.42017966,7538147.14173441,,974983.75,636.0,46155994.17430078,120341.0,809469.97819316,2119689.02502117,12001524.2294767,15019753.51348441,,10817470.0,1101422.0,
2016-09-21,5010.00501126,420114.63267569,370710.37316258,3237911.0,89432.30525104,9935728.0,4084021.71271507,1320702.27619956,888404.0,,4620.00222799,406184.30612067,4103323.0,510198.0,,229880.0,2249176.62200159,7097313.29718344,,3252433.75,108477.0,87611359.59546854,237566.0,866824.97664803,1831452.03766359,15983646.49277576,918424.90910284,,2872766.0,76709.0,
2016-09-22,0.0,419810.14902063,321555.32368238,1508773.0,52776.29872185,10231540.0,2455929.75823643,2161457.37391957,42094.0,,0.0,598606.94396217,3001294.0,1037923.0,,232481.0,616213.26630282,4609657.35285841,,1000415.0,8.0,56863023.42632403,98605.0,703024.98106075,1211284.68100209,6080292.64635881,11504408.86140055,,4060829.0,245921.0,
2016-09-25,1500.00150038,177523.89971554,2274872.28992034,543554.0,56106.13244263,8867773.0,363215.56365227,1116446.24943493,2095608.0,,7441.50358865,353945.78385125,3622089.0,194117.0,,115100.0,691309.42062353,2115429.15339658,,1069731.25,13892.0,31798666.70385764,16817.0,263324.99290612,1468599.96728968,3933556.19340256,171019.98307403,,3218776.0,70455.0,
2016-09-26,750.00075019,491678.22042992,834945.84046892,1051541.0,127967.21482016,21287730.0,9183902.94813409,0.0,102116.0,,3300.00159142,471265.11031691,6254670.0,2183169.0,,58500.0,2042536.1973607,6476625.56206061,,6821320.0,3349.0,44274216.41954598,119085.0,1018549.97256061,1821203.69292801,8826601.90175953,942904.90668004,,2709688.0,95886.0,
2016-09-27,11250.01125282,268541.34534423,86287286.85806848,1782906.0,117967.27530759,13229610.0,1856439.69992745,1752218.86149249,1512952.0,,3300.00159142,393434.14547197,2656593.0,514431.0,,372942.0,1460451.00119021,11226048.52415831,,3752015.0,0.0,28974453.19317652,359929.0,862024.97677734,3118680.13649325,21799260.33183879,271744.97310521,,4382107.0,384107.0,
2016-09-28,5835.00583646,112476.92410061,1040446.04732849,2711943.0,126766.80454464,13066430.0,1066288.43102584,1111724.26659923,3442.0,,0.0,2541024.39601433,3734608.0,720639.0,,188460.0,2440733.01564518,3896760.04566558,,2547232.5,0.0,60729523.70326391,77759.0,1184459.96809106,1881268.75975607,17366609.75449857,3206497.18265071,,2913182.0,623728.0,
2016-09-29,8160.00816205,247958.91218308,2568242.58523125,2065240.0,131443.18544405,24790360.0,5917279.6704392,246148.48987108,33354.0,,17820.00859367,790439.42986576,3081820.0,728975.0,,155842.0,1663419.41828522,7171203.35493511,,19521600.0,3002.0,47947434.22179896,116448.0,341199.99080819,1350786.50287773,7440382.4184156,3484999.65508713,,5124563.0,158008.0,
2016-10-03,19980.01998502,402623.3705344,1413646.42299755,3599240.0,92382.87891375,19920490.0,6194646.94047809,0.0,29956.0,,10560.00509255,1316506.62489456,9018149.0,2209453.0,,877388.0,3132546.43730443,22864022.87027339,,4603972.5,2900.0,117458329.63416044,126514.0,2086839.94378125,4632280.15384975,29213984.57385707,2500827.25249136,,6278639.0,227981.0,
2016-10-04,25530.02553641,339932.83364125,1246321.25456554,5121187.0,97400.24592041,19430900.0,3778759.12552635,3363323.08208742,23300.0,,6798.00327833,303982.94503018,6521618.0,774843.0,,478630.0,1144442.35180035,28328332.14111852,,3929585.0,5417.0,77847410.63210034,123964.0,499929.98653206,2569271.19189051,14787576.99532256,395292.46087763,,6296858.0,83320.0,
2016-10-05,6225.00622656,864799.77247284,1045741.05265852,4041879.0,106610.35026618,18348820.0,7910810.20870288,3203562.66281301,45074.0,,19965.0096281,830798.62544364,7008441.0,1103963.0,,4580409.0,6281436.90819543,15934426.95417605,,2282397.5,140.0,102609404.1608722,144937.0,1479369.96014628,6930019.3769686,33665132.27090952,1437094.85776971,,5090951.0,217005.0,
2016-10-09,170220.17026274,951892.02663519,1050286.05723359,1981494.0,97261.06791745,25718150.0,2992273.35756325,770046.43166751,55468.0,,29436.01419547,320085.45656518,3365783.0,942100.0,,1819942.0,4200992.63293458,8244609.44389772,,1099415.0,216.0,58910549.21759505,86247.0,198849.99464305,5651622.95463168,18351955.77382971,450499.9554137,,4402364.0,183404.0,
2016-10-10,19890.01989499,310987.02878075,971205.97763041,3302629.0,133969.26619774,41709600.0,5203033.78252243,2817268.1439081,2161650.0,,29931.01443419,585843.82875874,11825140.0,1311378.0,,1608844.0,2769629.69151961,10736380.64143918,,10704917.5,2049.0,60056579.9718677,156164.0,419364.98870245,7251823.06833897,19742406.92865266,1345974.86678792,,6222335.0,5457057.0,
2016-10-11,4500.00450113,390774.98482658,628110.63226552,1536013.0,155900.24001392,31968270.0,3589719.67155662,3918821.98593814,705906.0,,2310.00111399,315043.25598351,7637106.0,2064656.0,,1636030.0,3280146.74061935,25666670.06079218,,3032538.75,5549.0,53347226.2977323,148603.0,293404.99209577,4735038.60151157,7539565.63379158,0.0,,5270743.0,44448.0,
2016-10-12,22680.02268569,629486.86078964,828510.83399135,2637784.0,84522.80119668,37207210.0,6682398.51908652,5209618.37084495,2504848.0,,12408.00598374,934053.62365254,3289042.0,1818298.0,,1889709.0,2894297.94770975,12504101.27307054,,1705497.5,3936.0,11567134.9753145,341019.0,2008814.94588322,4645616.83535474,4176687.07048653,9349.99907462,,3402459.0,1043853.0,
2016-10-13,17190.01719432,791614.47829491,2946242.96573206,3006979.0,68562.56370741,27335790.0,10238312.28770607,4297185.99520873,1008478.0,,1890.90091188,1020263.30662076,21290840.0,2620287.0,,1345069.0,17322479.59726147,18323231.32123976,,1771030.0,1260.0,210785843.7501245,284722.0,535974.98556102,6528593.93034483,18212832.74378408,470687.45341573,,9084013.0,459587.0,
2016-10-16,12495.01249814,379767.23877513,3757878.78273677,1355322.0,73266.78020741,11708330.0,4418412.48305778,917457.04967934,33586.0,,7510.80362207,255599.12249176,5820148.0,1631850.0,,1088301.0,7921780.27905995,7838252.37629342,,1267592.5,186.0,91349855.67248572,126723.0,815864.97802088,3184630.20986895,6871545.3933923,212074.97901079,,2843726.0,841242.0,
2016-10-17,5250.00525132,722893.84118957,1839916.85208771,2019726.0,44216.8515399,29971070.0,8821200.38912784,1692830.84659738,853650.0,,19338.00932573,285059.21935301,9815644.0,3571910.0,,1480356.0,5441987.18314728,18222905.99282656,,7564321.25,986.0,228582629.89277047,192597.0,358079.99035345,3223273.58619669,33190976.6185051,929814.90797556,,4430334.0,1566878.0,
2016-10-18,525.00052513,306995.64521549,685935.69047309,2512947.0,91895.7559034,25105210.0,4506409.32838757,922602.80020542,186696.0,,3300.00159142,294822.63543791,7251163.0,825806.0,,1438065.0,7334439.07208849,17583513.99308468,,1956008.75,12.0,98563543.31618562,184736.0,329634.99111975,3089540.10407221,3807987.26174562,1018469.89920132,,3053102.0,142467.0,
2016-10-19,2520.00252063,505697.70698252,802890.80820185,1931776.0,40528.6344615,29151980.0,1185228.28239716,231679.85015657,1617000.0,,5154.6024858,1133211.19056101,23295910.0,1484767.0,,2222549.0,5351878.99797722,34017776.58792686,,640750.0,5458.0,163346662.25688067,259327.0,960844.97411517,2983179.98573652,18841906.83316564,1391662.3622662,,2821809.0,75555.0,
2016-10-20,3450.00345087,313065.46068704,697635.70225049,1249281.0,28193.98394931,11959280.0,3814801.83904366,1107607.66617837,786510.0,,5619.90271019,401356.57538961,4969920.0,847052.0,,382809.0,13694536.14192858,14952406.93663981,,1442735.0,63477.0,64089266.5675793,250586.0,401289.98918939,2224779.14194386,9344604.22765247,425509.95788698,,4827435.0,1154695.0,
2016-10-23,14925.01492875,53284.63963572,149115.15010153,795606.0,429558.988331,11039100.0,1060783.28439433,0.0,7350.0,,1280.40061747,568188.21005057,5508975.0,218178.0,,163539.0,10345017.25875122,4639186.37593798,,527481.25,140.0,84905997.91996238,26318.0,209084.99436732,620340.69018768,5071895.04693116,602734.9403469,,4461239.0,87316.0,
2016-10-24,1380.00138035,468348.81516332,300375.30236225,3859686.0,295057.36627194,12080810.0,4646500.96809408,4040382.77483659,48494.0,,1369.50066044,580169.73378502,7585648.0,320677.0,,295880.0,6377485.10557207,12770256.23109438,,6223826.25,516.0,14499307.71805529,30185.0,546599.98527478,1123459.58328837,7203947.13439158,33149.99671912,,3358329.0,289213.0,
2016-10-25,2685.00268567,633306.14489769,177855.17903167,1999661.0,206227.0058837,18262560.0,1123105.07461756,1507038.98348515,2193090.0,,2475.00119357,2474507.07563753,6246249.0,808511.0,,437289.0,10621389.82668992,27250671.29883044,,1481040.0,397.0,71873520.36404644,168498.0,288374.99223128,1612153.46033985,6536186.94649591,1997457.30231024,,7377282.0,1292289.0,
2016-10-26,8295.00829708,372168.38581838,470550.47366312,2419201.0,107626.34968778,38045080.0,1566539.67122445,2069681.39983089,8852.0,,13365.00644525,684977.83916709,6448185.0,479925.0,,1046562.0,5890152.10411497,10620460.55083729,,423093.75,625.0,40578388.4091697,147967.0,216779.99416002,1748721.94561854,6855808.67535266,278799.97240697,,3937275.0,60240.0,
2016-10-27,1815.00181546,494746.22421515,797490.80276612,1970958.0,68604.3171083,33123060.0,2910545.64965501,1136726.56033183,92588.0,,21143.11019623,1286381.52755694,12740820.0,1331383.0,,936269.0,9110394.72163284,11034625.12454385,,1338115.0,2736.0,146419814.82883522,4134.0,587249.98417969,1142394.60435537,24826868.48158525,318239.96850357,,2862873.0,148974.0,
2016-10-30,0.0,199489.74774425,253425.25510164,2191585.0,101773.91466338,17661530.0,446780.15916402,302.69120741,238104.0,,29663.71430528,1223485.72492592,8798432.0,107475.0,,285546.0,5834315.98937315,4364454.41121044,,695438.75,428.0,39359499.67524317,28652.0,323079.99129634,763834.1831711,14851062.18628236,895772.41134477,,1013616.0,159838.0,
2016-10-31,0.0,408018.0265969,569895.57366537,2038130.0,143861.34275802,18265130.0,2956230.64404594,409056.89770263,113780.0,,17067.60823083,406552.79123312,8476479.0,680649.0,,151894.0,9470539.46172126,8165159.6318006,,990357.5,413.0,53246086.22194241,117171.0,276099.99256196,2402857.6734064,9792332.67680064,2144082.28779867,,2604136.0,346267.0,
2016-11-01,7500.00750188,972620.08241398,1021996.02875643,892980.0,279643.40244429,26135800.0,1918044.38688204,95347.73033619,103252.0,,14718.00709774,715811.11883019,7352586.0,812501.0,,462468.0,6625381.61499319,7111465.80824489,,1931837.5,2146184.0,80796483.022988,156548.0,97499.99737338,1840075.38059121,23665253.41116713,2113354.79083979,,8947997.0,112411.0,
2016-11-02,8400.00840211,359247.68810796,108675.10939398,2661235.0,388254.43650301,26156290.0,4506875.44551219,836638.49729914,1371912.0,,0.0,908682.84790248,12433390.0,2312200.0,,1053003.0,8244880.94302372,13653759.92163133,,4875067.5,818.0,260075659.1766717,226444.0,1045044.97184685,1639473.49073597,20302137.05666228,446037.45585536,,8220902.0,2791901.0,
2016-11-03,22500.02250565,3654379.7319955,808575.81392446,5260307.0,167448.5348094,43533660.0,11431762.43488706,1864698.91416846,583554.0,,5478.00264176,1221312.23852047,27286910.0,3134251.0,,6673449.0,32013209.78634385,29815943.30381935,,7303757.5,1776.0,308923247.8073933,382136.0,1400854.96226145,5248372.50597742,31270089.18773319,1791629.82268113,,14452980.0,1936398.0,
2016-11-06,11970.01197301,1202842.82168974,222720.2241935,1812390.0,191651.58952388,36058590.0,8098774.00776966,2883194.28888341,50190.0,,11451.00552223,1259182.72019435,32023350.0,1029248.0,,2064244.0,15435571.71971306,22827145.34145032,,6632086.25,2085.0,346739787.6927123,121412.0,818019.97796282,7595346.78387493,35671189.42630824,758369.92494359,,14830990.0,216993.0,
2016-11-07,4965.00496625,1820276.10126489,823380.82882741,2700134.0,503305.93264862,40115810.0,19006822.13512632,4270730.78368053,3512558.0,,20087.10968698,1387890.53966662,37709750.0,1933883.0,,13319030.0,25474264.34897485,19560307.03812477,,9336305.0,98.0,443361173.4281172,133093.0,606989.9836479,10255631.41035983,45219497.73824012,4489019.55571857,,14656540.0,656684.0,
2016-11-08,34275.03428361,3418375.11287853,490395.49363941,2711658.0,167006.64465001,46684780.0,12133241.12653267,7252239.17673281,3760432.0,,4461.6021516,1206810.33419267,17120210.0,2161440.0,,11330690.0,20895990.94073772,19651337.60927328,,12497806.25,1521.0,274396918.595616,138272.0,1404489.96216352,5244870.83541482,37204305.1822377,5347731.9707312,,10719920.0,1854827.0,
2016-11-09,5040.00504127,2750844.34323096,2864432.88338082,3016225.0,606301.13428796,59926080.0,5346733.00328806,13834743.78793593,2406832.0,,19140.00923024,714534.37549136,19127610.0,1945103.0,,9858581.0,10401429.3746767,19217305.52003848,,5960533.75,8106.0,388350047.2192447,162188.0,808299.97822468,4330818.1517781,57012858.53953304,1244994.87678198,,22457850.0,1585456.0,
2016-11-10,15000.01500377,4845890.46634905,1579456.58990453,2160164.0,369486.28280406,36954580.0,8072003.99113367,10056431.06048052,2252988.0,,44896.52165128,2042901.61494284,31453030.0,5530013.0,,6926978.0,29202396.01019198,11952504.34194833,,2380442.5,5501.0,311471988.0298219,147236.0,795709.97856385,12449228.85094443,56617295.40835666,3266124.67674934,,18462350.0,3804111.0,
2016-11-13,5160.0051613,3995460.99855312,3915573.94147506,1272926.0,400599.52536542,44857090.0,6540188.66664804,6234712.41388159,212300.0,,11880.00572912,4192580.4275874,32119680.0,4158548.0,,6879709.0,21459212.09814309,17592072.9997743,,1936872.5,13821.0,290286197.23697686,175022.0,2887779.9222042,3016916.68993846,43101101.94879046,11041966.4071688,,11028330.0,2053965.0,
2016-11-14,0.0,8389448.0767171,1554946.56523238,3529569.0,164929.41295585,48254020.0,3813784.1040201,661925.13237835,1337456.0,,3620.10174579,1880162.18018302,28875860.0,3216638.0,,3522637.0,25867385.15682825,17962108.28898989,,7968605.0,1365.0,249279555.5015401,103301.0,5057284.86375849,4730920.2635962,34312490.98573965,5579229.44781973,,12282180.0,2311110.0,
2016-11-15,4710.00471118,4486298.57932667,1471576.48131081,2627865.0,535981.44829319,42611250.0,6583780.27111247,521658.02686155,226022.0,,48239.42326339,1250619.75951484,43490740.0,1420610.0,,5382230.0,9176670.85782864,11637101.34543276,,576815.0,801.0,206643895.96624124,155616.0,1797464.95157691,5015922.24735453,59099926.60325566,2085814.79356544,,14971340.0,1079942.0,
2016-11-16,106125.10615164,4202811.05804488,512670.51606178,2253032.0,396834.76038539,65737320.0,5983567.59335587,455610.80540328,217590.0,,8180.70394513,2393474.89637821,49895720.0,4520875.0,,12187210.0,14411081.61441157,17202271.44510962,,3865432.5,1480.0,276873471.1524285,75744.0,3666309.90123087,8418946.03354031,42604462.3795367,3415809.66193491,,19800620.0,5167996.0,
2016-11-17,30225.03023259,5257558.98720173,715995.72073196,2339504.0,202806.706461,78269970.0,6614025.48051183,1255260.43715613,938692.0,,22522.51086145,3638902.75823445,61385410.0,6859543.0,,16500070.0,17889372.76221271,18950945.81185462,,2660180.0,14932.0,293132453.76698,281409.0,3165684.91471754,4721176.91942247,42877679.40872152,5632694.44252826,,24495490.0,4377053.0,
2016-11-20,13500.01350339,1222422.44455215,555000.55867183,2044695.0,100048.10742669,50641940.0,3879567.29655922,406151.06211143,58176.0,,41603.12006304,1399847.59368657,18810110.0,2312183.0,,4243212.0,15883160.63949708,5342359.17553025,,2425530.0,2045.0,347775165.0681192,583925.0,6237134.83197373,4214834.68940219,19268504.24560973,329417.46739732,,15076430.0,2239865.0,
2016-11-21,99195.0992199,2289273.59899769,686820.69136394,1090491.0,477418.82409835,49862550.0,5227906.23358603,452402.27860466,1368088.0,,21605.11041903,1887723.32196306,25677570.0,3755828.0,,6869695.0,18569234.15931085,7057704.26622545,,7414532.5,325.0,299945422.52258354,124039.0,5486474.85219626,5409557.68531118,45057769.36605165,2599469.74272865,,22605730.0,3071307.0,
2016-11-22,132000.13203314,4163794.12533274,1102666.10996013,2215150.0,428076.7425995,52147590.0,3835079.31300901,2491693.48121094,96350.0,,18480.00891196,3685950.82224025,28091610.0,3250932.0,,11342880.0,28506946.58106083,10973071.82643446,,1814793.75,610.0,261304138.5576015,333186.0,2320429.93748842,7254469.73795031,44957117.91650158,2884687.21450047,,10102980.0,3058675.0,
2016-11-23,69000.06901732,2159795.23428785,988365.99490394,1356879.0,205137.93801055,36011600.0,2497510.71545918,5222815.70748831,1041216.0,,69375.93345644,3374268.55351285,17880640.0,1297200.0,,5303704.0,28199469.94920406,13481540.28702632,,1427166.25,8749.0,163108107.80332887,353142.0,1595924.95700633,3973206.08723419,24301451.11776828,2114204.79075566,,13618850.0,584780.0,
2016-11-24,130500.13053276,1538377.19035733,1539601.54978586,714673.0,222910.96898835,31655750.0,2867814.56911295,4836944.95627379,1619974.0,,30660.31478589,3413582.74834215,18159440.0,1778658.0,,4572422.0,28827779.2403639,9528451.44733476,,1384178.75,1137.0,263510760.8076284,273522.0,1684839.95461099,2654076.2862442,26316301.48817243,1232669.87800179,,16110870.0,1070214.0,
2016-11-27,21375.02138037,524936.44053547,270735.27252616,67055.0,392944.73520271,19499720.0,2558663.07573664,5327.36525053,33040.0,,17107.20824993,1849231.02166192,7745860.0,947242.0,,1673176.0,17271107.49169308,5768358.75848692,,514771.25,0.0,174970294.39306337,68468.0,645454.98261166,5083305.65565827,13082856.94333201,2443324.75818243,,7379262.0,598804.0,
2016-11-28,24900.02490625,612776.66541569,1060966.06798425,2724959.0,2291732.83231466,20263510.0,4653456.86979983,3796171.50869298,15182.0,,6689.10322581,2635769.69115762,18934770.0,3084175.0,,2639108.0,24430910.20490822,9813227.41991259,,2359420.0,825.0,158980649.11518708,169899.0,769069.97928152,4136904.6026976,38239121.88990202,3382659.66521579,,9971766.0,1128871.0,
2016-11-29,3915.00391598,466697.32229511,1205656.21363151,590892.0,575688.93253724,27106730.0,2491437.40239176,2280051.78898534,52278.0,,55393.82671359,4031097.58463682,20919390.0,1414158.0,,3531680.0,20837670.82089134,9440935.37893315,,1516166.25,212.0,161861297.91159442,16621.0,1038284.97202896,3457023.84626596,31248566.55445753,2159339.78628862,,8871505.0,593502.0,
2016-11-30,36255.0362641,823525.68918731,1828711.84080858,2293666.0,1359323.71929473,50087330.0,7103544.99448639,2733906.9853856,23712.0,,19123.50922228,2736214.9903841,21215140.0,2430317.0,,26298490.0,15088683.01926246,4709647.43100958,,1398963.75,489.0,419486907.71725833,69444.0,1926644.94809685,2414759.35331481,17388810.34566303,4322844.57216503,,18285190.0,1304513.0,
2016-12-01,32265.0322731,1912051.44642629,854910.86056601,1507270.0,1260872.67945198,55912560.0,2761628.12356532,8014112.94580008,63402.0,,8962.8043223,2308615.36589231,14149740.0,4058252.0,,6964187.0,21176358.13082427,11856368.51680961,,2168583.75,114.0,331815761.26587427,100685.0,589474.98411975,2013267.2399502,26535059.27321546,1260337.37526352,,7809832.0,740766.0,
2016-12-04,37470.03747941,686084.41497662,1495756.50565078,750205.0,815944.96014429,31892380.0,1953560.30530586,1210.76482967,226066.0,,5408.70260834,1817667.96874877,7160372.0,3533075.0,,32040810.0,9743707.38531739,4524938.03664271,,1264916.25,140.0,260042143.47477856,7449.0,1735564.95324448,3573030.64200116,29239139.84716374,3751729.62868868,,7722133.0,990860.0,
2016-12-05,15465.01546888,6103719.06461691,765750.77081613,362069.0,623117.31649541,31450400.0,6407290.12434383,1830313.19300594,48110.0,,35399.11707117,5170937.18903699,21548850.0,1658210.0,,19889530.0,21996997.76350464,9247435.22769552,,1865553.75,976.0,527255100.27614295,89305.0,1749379.95287231,2706998.01179129,23360283.66772795,1192167.38201035,,6571625.0,1224814.0,
2016-12-06,13980.01398351,1869738.14718761,480840.48402119,459343.0,548260.4276042,22291310.0,2670178.15018811,767261.67255928,457934.0,,10725.00517212,4853356.27972048,13575470.0,767200.0,,5058080.0,44169693.87656496,8537739.67300514,,3457738.75,197.0,215322297.12659937,54931.0,595424.98395946,3860354.29500923,16165369.5632965,1091994.8919245,,4131169.0,320848.0,
2016-12-07,13080.01308328,2175436.42726415,1243861.25208927,634717.0,735715.80033888,23955300.0,6327592.37030372,5006754.72363443,394080.0,,9837.30474403,3481598.47888324,16340140.0,3448757.0,,4120244.0,39704181.99233211,9264501.49103433,,3430715.0,113.0,352589566.7385249,109025.0,692634.98134065,5825161.48104304,28162664.14504906,4960429.5090628,,14841680.0,626652.0,
2016-12-08,25530.02553641,893841.55587678,3775443.80041798,412504.0,828766.73366684,21035350.0,2674560.75439526,318310.07371917,144298.0,,36834.61776344,2556446.07372828,8850049.0,6554896.0,,4367823.0,47293888.09221717,3844249.5046239,,3204403.75,12685.0,312135856.7403977,292197.0,680564.98166581,1162149.6263347,14650791.4021771,776942.42310546,,7970401.0,418974.0,
2016-12-12,600.00060015,479614.71040059,445185.4481303,597672.0,407186.12435543,28584620.0,4772096.08941622,1086358.74341773,8000.0,,14850.00716139,3038151.11576623,11996880.0,7897870.0,,3455810.0,21452442.68010047,7156873.09373473,,4443116.25,1536.0,180812648.4218412,47777.0,6172699.83370959,1868577.07896871,22754543.47225033,652247.43544661,,15172000.0,2420962.0,
2016-12-13,8025.00802701,2198587.11386364,289005.29091703,882887.0,1804501.95900774,24212350.0,2297361.67700463,265460.18890425,36520.0,,5214.00251445,1912511.14275006,12485700.0,6882554.0,,2761634.0,25785690.3011907,11466148.46181783,,3581868.75,796.0,200116506.7720765,35225.0,1294634.96512298,1890270.43643796,30095835.76801498,7080966.79919173,,10658530.0,228296.0,
2016-12-14,3165.00316579,6749297.22465555,215340.21676467,889196.0,2359289.8349507,24359810.0,1703249.8932104,385991.82769749,1721176.0,,3300.00159142,1914149.17422649,8030751.0,3407624.0,,7686211.0,32268232.19834854,4464169.98914706,,11869495.0,457.0,237853537.09998128,559076.0,2139249.94236934,5409084.35145122,9890812.63735167,3109257.19227462,,7406840.0,59206.0,
2016-12-15,20850.02085523,331212.0246077,112395.1131386,564994.0,1051329.75764779,28848700.0,3993644.63615131,638436.29468283,317264.0,,11460.905527,1330249.9680729,8178386.0,2655304.0,,3541414.0,31638896.9462724,3809234.97725693,,1402201.25,12170.0,248856948.2819766,107596.0,651839.98243966,5118912.36194077,14400726.12895594,828367.41801589,,7470294.0,1181865.0,
2016-12-18,414375.41447903,729228.42505682,64380.06480593,681468.0,1530213.43022728,18486990.0,2304289.99781543,788207.9041125,1063800.0,,6438.30310486,1564861.27249978,7530266.0,2365316.0,,2926016.0,28874901.44724334,2992317.83876331,,660643.75,0.0,147999487.202987,8782.0,348624.99060816,2341782.60545461,16727437.12820629,1131434.88802109,,4678395.0,713405.0,
2016-12-19,51300.05131288,2203899.02980248,1399381.40863817,1750681.0,1537516.79593252,33418220.0,6535088.95917227,1356056.60922581,179308.0,,6029.10290753,766443.27631254,17854470.0,6138340.0,,18270450.0,46886385.28148148,20728298.70101445,,1905066.25,1122.0,444574957.4628323,105751.0,656119.98232435,2365399.29839708,46940073.90980894,3722532.13157837,,24426680.0,1102662.0,
2016-12-20,110025.11005262,8453022.27813092,992475.99904113,863315.0,1158583.80617766,63241210.0,7388497.01063582,3184129.88729687,1353038.0,,2970.00143228,1157086.43493671,21620420.0,3632834.0,,15138390.0,22955877.67121703,9576700.48504569,,1634635.0,821.0,252521091.06340927,835270.0,974434.97374906,4022334.4752275,56521146.81344114,2302394.77213037,,18318230.0,1122924.0,
2016-12-21,23685.02369095,4520996.47758387,349365.35167637,579274.0,708750.06226568,91097060.0,4701160.78570091,1783396.05585639,221386.0,,10896.60525487,2152144.49622902,26538210.0,2297245.0,,3867181.0,23343436.44227362,16188398.1526772,,1024153.75,1020.0,503699233.733269,123518.0,1387214.96262891,2330122.59248175,49383464.49735342,1214564.87979366,,16796270.0,323515.0,
2016-12-22,62490.06250569,2866577.91859875,1742581.75410876,1260188.0,900499.07639163,38035180.0,4963399.93486113,1859250.47243496,28740.0,,8167.50393877,1773209.37629491,22163230.0,2701694.0,,4931474.0,24465972.67558383,20338175.39609828,,3766002.5,3160.0,432369312.2726205,358452.0,545859.98529472,2866179.85556281,57747562.51549882,829217.41793177,,19966110.0,1123255.0,
2016-12-25,1500.00150038,1057782.83689263,3889368.91509669,1745283.0,281887.647742,17128550.0,636878.71949972,0.0,10674.0,,2343.00112991,2107392.26720117,7630238.0,1570953.0,,1152259.0,14392711.63461228,5615520.6390303,,675948.75,2977.0,101284296.43325353,61878.0,281774.99240908,1556378.39828482,19765174.17118686,1954659.80654594,,13747740.0,371887.0,
2016-12-26,38160.03816958,4544934.85016059,969045.97545612,916571.0,803283.24132514,14682120.0,850798.89880153,345067.97645478,5000.0,,1485.00071614,4159890.32841235,7928091.0,2172277.0,,11404840.0,9560422.02066718,5369512.19675275,,979913.75,269.0,161693564.71427375,48299.0,2023564.94548586,1304248.11776604,19001641.80678556,1792309.82261383,,6806384.0,102522.0,
2016-12-27,21945.02195051,5508122.55847756,1958836.97179448,572859.0,572807.947876,84685040.0,1744957.72254992,515301.51150581,79332.0,,0.0,3924749.32663632,11429800.0,1983033.0,,1931252.0,12352785.5761351,14406939.01030797,,457572.5,3600.0,167302649.45787525,86959.0,2326809.93731654,3663990.74320287,18777946.05980623,506599.94986145,,8456664.0,308599.0,
2016-12-28,9000.00900226,3487327.42233011,1125736.13318276,360477.0,748648.9162638,69789790.0,3138151.46902973,1123044.91775661,9366.0,,2475.00119357,3779243.7678583,11475040.0,2488982.0,,1096030.0,17982242.77606242,13064002.96068366,,1363550.0,4593.0,148733713.10622936,63303.0,2104614.9433024,2104274.0078705,12631266.15797259,3453549.65819976,,5871158.0,3134102.0,
2016-12-29,17070.01707429,3951840.40536065,831615.83711689,400028.0,859403.29156807,50004570.0,4626846.82235454,835125.04126205,378966.0,,17061.00822765,3648077.46177642,6079602.0,1719533.0,,1539259.0,10897860.68153043,19169967.73303979,,829180.0,588.0,316579007.5590639,92462.0,1030299.97224407,1001891.11469861,30062120.01151545,1311889.87016134,,7206527.0,3909619.0,
2017-01-02,19035.01903978,5128107.09933146,1271086.27949439,230935.0,633625.25571878,123206700.0,1347017.81215882,149468.91822225,2800.0,,0.0,4020876.44095129,4931098.0,1883784.0,,845827.0,7464173.85013593,7572752.16878133,,893453.75,816.0,149521744.60166484,958677.0,788504.97875795,3142925.16346814,12129243.40070632,259334.97433343,,2883800.0,80165.0,
2017-01-03,50460.05047267,2516305.8791052,2728592.74664211,771001.0,314096.91707666,104578100.0,1253620.62759832,2745772.48071633,136436.0,,1650.00079571,4334831.51433711,12490520.0,2736278.0,,548946.0,10787403.4617734,12997065.40836599,,4375186.25,1749.0,182235106.3728049,246840.0,1161749.96870286,2785649.76596547,19346054.53306844,628277.43781894,,4609822.0,521731.0,
2017-01-04,6825.00682671,2718221.5672751,243480.24509084,740849.0,468379.21280619,75233190.0,2698200.3394547,1278930.88957609,2799462.0,,0.0,6143775.31016967,20564030.0,3767449.0,,3376729.0,28092700.89103836,10029713.58911585,,613662.5,938.0,168179626.46987334,53479.0,939449.97469154,2548969.5026363,66370174.98353917,253639.97489707,,8827250.0,3400263.0,
2017-01-05,24150.02415606,2414300.54505474,3235533.25693598,540167.0,570845.53803429,67253760.0,3409820.52617248,3986624.81639943,140294.0,,4620.00222799,3933800.24221083,26151280.0,2708625.0,,1910144.0,26338624.4012651,16333932.76642548,,2338035.0,3600.0,381208882.39817977,79665.0,489539.98681196,2089617.32489689,46983017.98861566,4285232.07588756,,20233800.0,4140966.0,
2017-01-08,34800.03480874,2291150.14500226,1499371.5092897,325910.0,300561.85628895,114406800.0,2017956.17882913,333202.48112406,15018.0,,1485.00071614,3344828.60818119,12809550.0,4859718.0,,9641378.0,11648993.17592484,13088874.48012296,,700277.5,1608.0,251324013.31702244,131575.0,904429.97563497,1547086.72128029,18847967.97906696,1784999.82333731,,5667762.0,774779.0,
2017-01-09,12750.0127532,5659930.82776021,1287991.29651123,378861.0,318449.70911919,86314650.0,2542627.5434142,532918.13977745,18000.0,,2310.00111399,1595625.46120431,9389906.0,1733439.0,,2377685.0,29804036.2957773,11556333.03230512,,342457.5,282.0,196251037.74750257,63926.0,191649.99483702,2632907.92935907,17438442.93438758,85042.49158328,,3238461.0,669517.0,
2017-01-10,15525.0155289,7761433.99012857,1027561.03435825,2366901.0,332729.37222273,59612270.0,6411747.19696733,143475.63231541,34250.0,,1155.000557,1537656.70755731,9429620.0,4274617.0,,4681862.0,28885395.46812142,17817079.92563729,,3332161.25,984.0,211467295.31353977,49831.0,586774.98419248,1292699.77158408,19526968.1016324,2311872.27119237,,6658823.0,1450034.0,
2017-01-11,37530.03753942,7668245.4436551,3142173.16295832,1789963.0,530135.97216894,52244900.0,2147964.24334286,103883.62238533,3382208.0,,4329.60208794,1073522.35992427,6173237.0,1714059.0,,3012453.0,28859007.41562182,14023144.96033869,,1020676.25,1744.0,105953111.05089717,71770.0,562824.98483769,902986.00465733,14618117.87944691,5982809.40787714,,8606731.0,178330.0,
2017-01-12,16695.01669919,7868612.23671012,3302778.32462587,1914100.0,659011.3234584,93890230.0,3531300.57796846,1365137.26122475,21324.0,,17945.40865415,1924459.56040019,28386130.0,2965310.0,,5196977.0,19373186.54337525,20609458.10812992,,3675735.0,994.0,158192746.52629733,252340.0,326894.99119356,3862307.63051583,24345467.78666773,7635974.24426225,,16152350.0,2025412.0,
2017-01-15,50010.05002256,2198140.31719589,1267576.27596116,869119.0,592226.75873878,86381190.0,991342.86518517,14741.06089172,10000.0,,17387.7083852,5351273.22731118,12458040.0,940681.0,,7761226.0,11154676.19247047,8663708.27146084,,1198845.0,344.0,385424642.0701554,56151.0,860444.97681991,2313245.90703817,32425471.09308417,8431489.16552958,,11832950.0,1042941.0,
2017-01-16,98820.09884481,6152284.20759918,698010.70262797,1618132.0,771303.61569536,87585660.0,3271226.52906162,5291980.32188877,11268.0,,6781.50327037,5357282.70131303,4559399.0,1855399.0,,2476820.0,8171449.25727571,19315997.34717496,,1314266.25,1820.0,211596253.42190096,69236.0,1646864.95563402,2687039.6562524,17524401.92342225,3680372.13575098,,4625968.0,2493353.0,
2017-01-17,255135.25519905,5105889.72132683,801450.80675232,1534848.0,1450739.31108792,112310900.0,2346361.89496825,877562.29439973,75640.0,,5725.50276112,1690599.62014791,11980190.0,1581391.0,,9427573.0,27522648.75690726,21835135.31610599,,2296211.25,785.0,195230149.46783715,123690.0,4547644.87748801,1295946.44186298,24725367.05498057,19365633.08336965,,11471430.0,2269888.0,
2017-01-18,16155.01615906,6529274.68782434,1249486.25775148,3291661.0,1408676.2391438,111036500.0,1586083.4933842,6749438.39567972,3110146.0,,18562.50895174,2534466.51252873,33473210.0,1902376.0,,7146188.0,27177345.06991807,17943408.52437436,,15375.0,568.0,298904115.44607246,139605.0,1657179.95535614,1812683.68344869,19100431.40183506,3994574.60465414,,16807150.0,966727.0,
2017-01-19,17175.01717931,7533173.84658598,753210.75819317,1161294.0,695194.12477753,82911470.0,3279920.02714905,149378.10164399,237266.0,,12540.0060474,2036529.41340843,6822779.0,1902918.0,,7583398.0,22497425.759117,11447682.69738519,,5700870.0,7025.0,206517155.0504668,51841.0,983849.97349542,1220299.69103214,15679041.02521712,3301484.67324974,,11668410.0,2804266.0,
2017-01-22,6900.00690173,6602039.66217409,1914286.92694974,1073230.0,477620.63220263,64530450.0,1855879.80776002,3760665.59804487,36620.0,,14025.00676354,1485485.8368515,4838123.0,816130.0,,1492211.0,13532183.92257372,8987409.27446205,,3185182.5,3441.0,171489224.68789473,448213.0,1337834.96395919,426827.14155223,14257009.17530563,1397399.86169835,,4494525.0,931612.0,
2017-01-23,1740.00174044,3432076.87735628,1897216.90976681,3356092.0,797677.84725599,47547800.0,3761187.33735534,1909406.28770107,34700.0,,9900.00477426,2541624.62371703,9208586.0,2047488.0,,1747409.0,14245201.34113735,15472492.59313314,,702482.5,12825.0,168552037.48052457,15086.0,606499.9836611,1546615.05408885,9620147.56308557,8664431.6424751,,35528190.0,901918.0,
2017-01-24,14610.01461367,2220864.06475731,2764847.78313697,853510.0,594791.11344329,42933860.0,3965539.70419988,2778705.11264815,420.0,,825.00039786,3004754.27366067,19400690.0,1629607.0,,744556.0,19628265.05085947,10318175.06457422,,1893155.0,1432.0,121957245.42451496,43097.0,591709.98405954,1283703.09490776,16842295.3370977,1449462.35654569,,4795282.0,688113.0,
2017-01-26,2985.00298575,4014471.36936477,1679821.69093354,2425848.0,227382.06233339,87926550.0,4621774.69577371,10475809.08204016,15220.0,,14543.10701339,5549559.9602625,20779550.0,1528153.0,,1723181.0,13969377.79238041,10258559.01797896,,4528522.5,0.0,225483329.81347403,173181.0,645204.9826184,643464.04924794,9915227.2163679,2140257.28817723,,3712965.0,1481318.0,
2017-01-29,32235.03224309,3151402.52027886,434985.43786282,1537068.0,672323.69944138,51609680.0,987324.32879133,0.0,37584.0,,11550.00556997,4372005.32884527,5658244.0,1444352.0,,3698228.0,13952565.75893251,5019153.17291593,,519733.75,14377.0,446126476.64739376,12081.0,1410794.96199367,4119506.25000696,8085166.9170232,7903001.71783435,,2060267.0,313686.0,
2017-01-30,19800.01980497,3652989.69791805,549375.55300962,1374585.0,816498.19270605,48593980.0,7130094.36396279,4207104.8323199,0.0,,149783.772233,5733683.04670409,5194137.0,2520348.0,,14859430.0,16118861.06882406,12694806.92212402,,907131.25,51274.0,290756963.9420299,26960.0,733124.98024987,2875668.19945283,21455839.24545296,819654.91887818,,4014826.0,952193.0,
2017-01-31,8445.00844712,4135053.51597891,655530.65986693,382558.0,581958.90157052,54427080.0,4339313.23443803,73735.57357746,18774.0,,150087.37237942,3027490.9566147,4036461.0,771317.0,,2810385.0,14559967.96737239,12524943.03936024,,1253681.25,1784.0,136828342.82367098,11852.0,236884.9936184,2233975.8188427,12640777.80596466,724412.42830439,,5211571.0,702667.0,
2017-02-01,11445.01144787,2403881.90868373,1253086.2613753,1002049.0,221056.42209893,49059800.0,2026740.69386989,14767546.37073222,48240.0,,112912.85445206,1668942.48342175,5841050.0,1238670.0,,2224275.0,11163109.20924814,9684896.31961039,,1163622.5,2301.0,167806106.86292872,12899.0,242339.99347144,720189.13461185,9676588.06326657,450117.45545156,,2008560.0,1716974.0,
2017-02-02,201300.20135054,4138982.01705019,2940482.95993396,1001436.0,254807.08781636,33609390.0,2326864.9603299,4808007.38020979,277364.0,,1765.50085141,7003646.83522749,6015765.0,712961.0,,807585.0,11684111.245793,20089221.70151877,,585030.0,25.0,130341481.84748782,146218.0,430249.98840921,3942857.72013543,8804294.0515858,1149624.88622082,,2520184.0,479658.0,
2017-02-05,729945.73012826,2391517.22460429,2773457.79180393,1709124.0,494697.77316564,41506390.0,1103638.47896366,6462608.22522815,16342.0,,63247.83050117,4182176.48074061,4027794.0,837849.0,,3216939.0,12839218.54390405,6642113.19140395,,509602.5,56.0,100689908.350833,183720.0,1023734.97242093,1705240.23057436,14885891.00797245,1211249.88012175,,3765214.0,199139.0,
2017-02-06,436215.43632452,1934083.48655392,3290553.31231999,923239.0,336591.56180482,25977580.0,2241424.86396174,12018535.26369963,85080.0,,13150.50634181,8602882.29901782,4906612.0,2130372.0,,2780304.0,14513887.87569504,15171926.10821363,,2184488.75,32401.0,164314621.50886407,163895.0,1993119.94630603,5006172.23650672,8566954.14912508,2466827.25585637,,8668237.0,294839.0,
2017-02-07,353145.35323366,6831070.94366917,3741948.76670138,3505499.0,526701.75494594,34774950.0,2007456.13212264,1356692.17705886,568748.0,,36465.0175852,5439145.41147034,11021070.0,2455157.0,,3401253.0,14072436.99741894,27511874.00298366,,2564903.75,44744.0,168074825.44818434,54895.0,771999.97920259,1655545.17528391,26234531.67176405,10874091.42378351,,9586794.0,138690.0,
2017-02-08,108030.10805712,5977818.38285404,5898545.93756422,7864657.0,548476.15350879,52301920.0,4506056.29293225,214365.89986682,60348.0,,69768.63364582,3891856.27277043,6174870.0,1614627.0,,2452141.0,10995789.87636269,15272026.43645096,,6099840.0,51292.0,122255638.2966006,63379.0,841124.97734038,2033448.9290709,12696775.10382432,2317822.2706035,,4778763.0,872262.0,
2017-02-09,60180.06019511,5377657.93149371,3688998.71340106,2157884.0,383814.65820863,28746020.0,4024893.79012676,5158917.27531796,752554.0,,8441.40407085,4003158.92825939,2532624.0,4129211.0,,1456855.0,4114475.18583771,8299246.23660125,,4807422.5,13533.0,67193258.8451408,27587.0,908149.97553475,767535.85395622,7329396.66450989,2103749.7917904,,2552280.0,982070.0,
2017-02-12,33495.03350341,4555178.07746944,3930453.95645351,996876.0,386601.69771787,20878280.0,2508358.28144201,121076.47549665,60.0,,7639.50368414,1691054.46895859,13287130.0,2227692.0,,269888.0,5289346.52326975,6258523.8915947,,1938610.0,44792.0,86048857.57320976,50146.0,2437419.93433675,821742.580933,7321533.36487731,717739.92896477,,2301426.0,979714.0,
2017-02-13,263685.2637512,5090943.54538926,3871863.89747588,1391877.0,489116.735247,46048420.0,2540239.03791175,3799773.29963029,0.0,,27937.81347297,1428924.81148566,3853275.0,2083627.0,,333222.0,8660870.23098937,21807741.54469532,,8329230.0,26728.0,116379433.40891068,43023.0,1149279.96903879,1176997.97618822,9893189.53747224,2229549.77933989,,3131011.0,2884157.0,
2017-02-14,797865.79806531,3418659.73890391,3373203.39551679,1385531.0,546478.94916633,25166530.0,5043114.23743821,4593611.21122409,1156492.0,,44952.62167834,6411499.89589293,2655780.0,3099965.0,,739566.0,6134907.20553108,11718639.15916183,,3503665.0,909.0,116650420.7493714,10259.0,1075604.97102357,2494699.44225572,6621332.38606402,3201482.18314705,,3309649.0,1962640.0,
2017-02-15,741660.7418462,2508673.93009899,2610392.62766011,897568.0,303780.34760737,28921680.0,2874715.3090288,0.0,86374.0,,64000.23086402,4994442.89593905,5157804.0,2319570.0,,570620.0,6751264.43178717,10465282.42955175,,2342097.5,114.0,103897103.20891628,62842.0,868299.9766083,2188987.43545554,20733490.29310241,425637.45787436,,2459983.0,525815.0,
2017-02-16,571920.57206359,2678413.63898079,3363438.38568719,917986.0,346901.17237397,38084030.0,3313146.73129222,85207.56963077,72272.0,,32280.61556728,6040422.43310278,6948004.0,2138179.0,,178350.0,6577537.08615284,6326923.94505544,,1671146.25,1553.0,81855862.79721227,13773.0,632034.9829732,249570.27767054,11554911.88115143,430312.45741167,,5931002.0,349093.0,
2017-02-19,117720.11774956,4513156.02346604,2941142.96059832,702440.0,563747.45988341,30375480.0,1041046.39596995,85207.56963077,27840.0,,13233.0063816,5813939.39207432,6891552.0,2373052.0,,1436146.0,4966893.88174322,10634448.81177036,,2198411.25,14404.0,113347525.67172864,24271.0,386214.9895955,904426.00625946,10167091.60768799,430312.45741167,,1650036.0,170649.0,
2017-02-20,91035.09105786,15807106.78186174,2415872.43185318,1159040.0,291160.38218911,28929300.0,3289109.98134553,18222.00956225,25786.0,,5794.80279454,5431001.31472724,6453959.0,1845593.0,,861500.0,7865682.6489464,13309961.90292251,,400232.5,2461.0,78291184.30647482,38532.0,1381069.96279445,1799580.33553664,16933121.45664746,1198584.88137521,,8609347.0,598225.0,
2017-02-21,128805.12883734,8896754.25170353,7281997.330167,1495493.0,547693.27724215,47468740.0,5936779.36316704,1301.57211159,238940.0,,742.50035807,2313182.56613371,7776734.0,1499052.0,,1765349.0,5404321.75201546,11616273.07915361,,1110886.25,132.0,267851302.0158832,93044.0,2356839.93650754,1469148.30123309,20936776.47199665,609109.93971596,,4919335.0,1076079.0,
2017-02-22,145695.14573158,7448308.95655249,10931561.00387217,1091823.0,379207.86631071,36969760.0,5321615.08225943,2815.0280553,14268.0,,3715.80179194,3969288.52520853,4216428.0,2258086.0,,1378768.0,5745080.42996225,7760955.81587927,,568757.5,2952.0,209237753.4796798,51636.0,2068114.9442857,1094164.55069487,19055888.55666371,0.0,,3309934.0,436563.0,
2017-02-23,280275.28034537,5010910.6785774,5996781.03644913,625706.0,500390.15348664,37070920.0,2537685.04703962,179768.29699365,25800.0,,14520.00700225,3741020.63441665,4903422.0,1482006.0,,2641197.0,15555513.94803273,7388954.02512668,,1763158.75,460.0,200788393.4697976,10552.0,1041734.97193602,1254421.39566243,26724654.75026579,1645769.837117,,6789165.0,782399.0,
2017-02-26,92940.09296333,2953286.25858733,4575574.60584157,549267.0,315857.51881409,33836600.0,574341.79829591,17798.24189801,15842.0,,33326.71607176,1301762.90221171,1800426.0,831512.0,,538162.0,5497219.93683842,3685370.1304455,,505702.5,2601.0,68507074.3593524,10419.0,930714.97492686,91416.76837647,9782757.28052948,1133007.38786546,,2094918.0,218351.0,
2017-02-27,335880.33596433,2544275.35050653,2923667.94300771,851426.0,248251.80387701,41628460.0,3072092.46754113,3026.91188742,10000.0,,35326.51703616,989778.36054052,1823759.0,1031975.0,,541027.0,5325976.59614607,6870792.12013694,,393416.25,5096.0,73868478.06596349,15939.0,685749.98152613,502280.55883462,20890867.59227324,2124999.78968727,,7165425.0,66305.0,
2017-02-28,64095.06411109,3061189.30865213,2197652.21218946,430517.0,297896.5975323,28523350.0,9952659.71682497,273844.71845455,55540.0,,28050.01352708,3143080.13032582,2031851.0,3954061.0,,830562.0,5965292.86807968,7952874.21588061,,501830.0,2116.0,116441669.48919536,196053.0,728549.98037311,188980.21025836,14900472.1619688,5312839.47418453,,6021569.0,52629.0,
2017-03-01,105240.10526642,2845806.83795566,1104796.11210423,524848.0,668430.19480862,21113460.0,1520060.34705903,971911.13793049,54276.0,,143127.66902311,4684921.15906238,3457810.0,2442677.0,,1734402.0,3963013.88450217,11152471.21665109,,501560.0,4109.0,76013534.54974358,12911.0,715024.98073747,243180.27056105,6358122.82481979,5616714.44410981,,8672427.0,857378.0,
2017-03-02,464715.46483167,4641581.93380296,5807270.84568535,1775389.0,1046990.88340556,35793090.0,2817906.93970556,1807369.08797627,73880.0,,152687.77363346,3848439.8022752,8332384.0,3091326.0,,2769866.0,10783056.45312493,13497382.54940846,,316222.5,8949.0,92856154.44080062,62298.0,886204.97612594,579327.31122309,16874877.79085775,16335553.38325877,,5342339.0,252728.0,
2017-03-05,682905.68307645,5477386.25734111,1260466.26880412,743425.0,767274.41250972,23789580.0,834603.39728839,7567.27971854,24256.0,,74662.5360059,4542573.63284965,7064406.0,1412570.0,,587735.0,6789055.50697333,6092530.01185567,,749791.25,2845.0,77899952.94014512,3960.0,360499.99028825,169828.52228363,21595528.92686834,9106219.09875108,,3675831.0,113424.0,
2017-03-06,527490.52762243,2988070.20657313,2692337.71014725,1925783.0,357262.97469423,28728230.0,2994865.96168831,45676.10038111,42700.0,,68204.43289149,5843752.14070334,14456220.0,3671478.0,,1429137.0,26529397.78081288,13119596.00413457,,241566.25,8697.0,64757827.47642027,26942.0,351109.99054122,1664321.85171546,25561309.36941508,6459361.8607124,,5644081.0,49611.0,
2017-03-07,513555.51368393,13789690.75236448,4526719.55666334,1543862.0,813185.75623564,60015500.0,4405838.35305124,5265040.80609077,13552.0,,23707.21143277,5294047.20146897,16370680.0,2524863.0,,7133267.0,18705124.21425074,23400265.78939508,,358715.0,212.0,261635170.5670693,86857.0,978839.97363039,2523166.14059428,18379215.75222399,2667809.73596499,,7227250.0,183001.0,
2017-03-08,1805791.80624337,3535856.15965797,7524847.57462367,1289571.0,367450.80451079,41902880.0,1488706.38568279,3738992.90893097,2041722.0,,13279.20640388,3726970.70010959,3518787.0,2864088.0,,1137538.0,11783147.44282767,8794606.62376958,,956051.25,1621.0,134059868.50336912,40459.0,426824.98850148,1503275.00586894,9532598.91458329,1693582.33238496,,4354959.0,212888.0,
2017-03-09,3050058.05082076,3239964.23903737,7399807.44875642,1139232.0,295165.22922424,33467940.0,3061289.03099022,567031.4038697,6470414.0,,20103.60969494,6002540.43626914,5001684.0,3499727.0,,941009.0,6893149.71407102,11391108.65316753,,849186.25,4153.0,89539595.26930909,11559.0,789554.97872966,1776075.30938508,12067255.78836654,37679943.7707894,,3291077.0,538868.0,
2017-03-12,1265911.26622782,3774597.82206555,2698682.71653423,4092798.0,296167.31084554,23413420.0,2787959.60397164,1320944.34766847,13070.0,,9840.60474562,2786066.99579244,3279503.0,1633219.0,,2351452.0,9444726.79048901,8443664.84947727,,882092.5,0.0,67083482.03078615,20068.0,219499.99408675,689797.43413155,12297134.10654072,20219585.49885338,,7183056.0,226273.0,
2017-03-13,1115716.11599511,2780855.84088417,5966886.00635635,2436571.0,322510.2273555,19899880.0,2150071.42371684,9389480.67476533,18782.0,,178081.28587944,1988325.51524132,4128015.0,4537325.0,,3275731.0,16839546.50264338,14887699.13606489,,1610575.0,354.0,143706821.88582107,141247.0,218749.99410695,4104686.23351829,8864721.34890389,12251686.28744197,,2573526.0,1057373.0,
2017-03-14,386355.386452,1694656.73592246,3736443.76115996,3394686.0,177037.89921324,23499460.0,1955559.92018955,4354878.67066356,39056.0,,399055.99244417,1320657.83998948,6286664.0,5659134.0,,825033.0,14617505.08184373,8319982.25280829,,1841582.5,362.0,53265576.89165873,39874.0,1673744.95490989,1820875.35922937,26257025.70738784,11375336.37417494,,10437820.0,493583.0,
2017-03-15,431745.4318534,2110214.04258706,4160464.18798524,3142704.0,310241.68639471,35611250.0,3051246.82713986,323153.11310056,264.0,,316866.15280824,1659963.53759576,3623493.0,2833498.0,,2752290.0,9687439.27337076,5371134.44802069,,526622.5,2348.0,212705210.65361795,98427.0,430864.98839265,2396292.66610221,20879231.00164465,7625051.74534326,,9334884.0,175174.0,
2017-03-16,766665.76685748,6384247.7990767,6398256.44058025,2928114.0,363512.06702706,57473900.0,3545375.10866014,256621.58981515,164180.0,,159772.87705024,1545576.25868501,10062050.0,1434803.0,,2028500.0,27521523.75466904,14603136.91365414,,759022.5,269.0,137665307.24387047,119148.0,862299.97676994,823740.91648967,14900765.60642813,8589249.14991596,,13889830.0,1707957.0,
2017-03-19,751845.75203376,3728365.95057044,4086499.11353089,970096.0,1634078.4943851,52549480.0,1901799.239758,12531.4152139,20000.0,,75923.13661382,2575336.69332114,5257621.0,1652167.0,,1499800.0,14155930.16353041,13930525.88794862,,723792.5,337.0,347859212.1359436,96894.0,662104.98216312,1154074.61735049,13865240.58455162,8748581.63414671,,4558879.0,400820.0,
2017-03-20,254520.2545839,12257406.54471333,6180396.22127891,1947557.0,1608076.56398239,25302480.0,2422435.51941226,2050187.9595848,2200.0,,401012.89338788,3565051.72048295,5935920.0,2464278.0,,2258523.0,7214198.35280425,6347650.96125545,,163743.75,12.0,177608469.97692832,85918.0,1162314.96868763,1055864.50808245,18491271.06059008,12465758.76625507,,4569021.0,831385.0,
2017-03-21,405540.40564182,9680190.69617609,4427104.4563893,2250510.0,691185.79829232,22367520.0,4632950.47440641,13439.48878013,21400.0,,173002.58343024,5058540.59337044,3770407.0,2038322.0,,2693181.0,7588950.09838099,9430999.37116728,,5966126.25,84.0,75413887.08025678,41350.0,996939.97314278,3040066.71569506,6815140.30892191,4050462.09912291,,3177235.0,861151.0,
2017-03-22,255360.25542411,2272646.14374739,3616548.64047174,2156102.0,485856.4905277,20851650.0,1997041.58619049,2532707.98355783,0.0,,168950.18147598,2314883.93098885,4928405.0,994641.0,,3869016.0,6152880.24128883,9065734.08567987,,561580.0,321.0,105923900.82763185,29147.0,904674.97562837,1371231.52562475,4061115.48799571,3157197.18752997,,4363233.0,618066.0,
2017-03-23,110130.11015765,9657979.93738135,3484083.50713037,1471453.0,593827.3057728,144333200.0,5171048.21865189,2161578.31704172,290.0,,197132.90317637,2238411.75499606,5496966.0,1999199.0,,1820287.0,5058460.06391612,22209045.10834986,,880756.25,282.0,226387222.5122232,93054.0,1295344.96510385,2234317.4858895,18796119.37873575,1272492.37406053,,4118106.0,531936.0,
2017-03-26,196500.19654933,3894676.90872785,2609597.62685985,694957.0,924249.80259649,71760070.0,1055018.87735032,1180495.63609235,0.0,,216017.89390084,1544734.21262727,7943596.0,1155507.0,,1162656.0,5065633.07818699,3437023.9363408,,379577.5,3668.0,110473476.89046332,9389.0,1074144.9710629,1002967.78256318,13946069.35493525,1598169.841828,,3601442.0,439187.0,
2017-03-27,276600.27666944,3434794.06301721,3850953.87642754,1148431.0,2044138.64450163,34769080.0,2398950.38736452,1024034.56063181,2200.0,,145250.92865868,1462459.8355084,7594525.0,1815235.0,,1127303.0,3992758.94368061,18226690.49578449,,734981.25,844.0,73058764.48953407,12362.0,1093219.97054903,2294410.88608243,6230011.04514113,8826526.62643244,,3987063.0,375437.0,
2017-03-28,244965.2450265,6227005.15847219,4893694.92606622,1169279.0,788349.4416077,28917980.0,793441.66966884,457608.53913959,5280.0,,506363.75129482,1346064.6006138,4252880.0,1221095.0,,2073450.0,6730987.39144555,16501533.14742013,,1984522.5,412.0,86018048.9087772,27463.0,785344.97884308,1306223.11996342,4575769.51141996,7470904.26059934,,6760136.0,192346.0,
2017-03-29,156135.1561742,2398553.44472016,4114789.14200805,3326370.0,522689.94901066,22457290.0,1962562.7094167,1461029.82981809,702562.0,,125723.93824954,1628514.19688528,5447603.0,784826.0,,1074276.0,4607370.16646298,7073787.27879576,,1757197.5,1508.0,159167202.6681862,5830.0,308784.99168144,1453971.61768093,6549989.96673631,22481860.27495445,,2065362.0,621074.0,
2017-03-30,313125.31320361,4794915.93096586,3598158.62196008,1629566.0,0.0,24789320.0,4690942.06412289,1928203.41052192,74544.0,,247169.87860026,1122468.98589616,5425928.0,2168877.0,,2432480.0,7411757.74585295,9856501.70373531,,964971.25,2524.0,105401159.00333524,41884.0,747949.97985048,4585003.43458326,5318827.54757962,36943078.84371745,,7599753.0,163901.0,
2017-04-02,402855.40295614,5524776.49056743,1544251.55446662,10794360.0,385317.78064058,20894400.0,2225284.5242385,0.0,44934.0,,78998.96119894,1061860.38187327,2897918.0,479859.0,,5939865.0,4061483.08040877,2404365.37922602,,258532.5,2213.0,90023845.59904686,2508.0,2008039.94590409,3511420.57345413,4807884.07874972,4057432.09843309,,2525384.0,55137.0,
2017-04-03,1472176.47254461,5298402.82184424,2992653.01244911,7560115.0,469471.76012942,25518990.0,4371977.28832428,68771.4380821,12080.0,,150494.92608304,2360601.9940419,5517360.0,1402222.0,,17314830.0,5905748.74961536,37127661.51857935,,1077572.5,2692.0,33445138.45001335,37755.0,298779.99195097,2212679.12848145,8603716.66861441,6405429.36605014,,2388874.0,90674.0,
2017-04-04,1421116.42147179,2905522.04000207,6352386.39440678,2752446.0,722379.06820539,41135250.0,3176665.43073433,5658781.50440588,34338.0,,130271.93601575,1447101.49117315,11146000.0,4191289.0,,7988371.0,9928216.75240278,9636278.28161106,,2451728.75,1706.0,206318690.53264105,26953.0,4249329.88552452,1786176.98729082,8204879.1020229,88278653.76299942,,3789969.0,167548.0,
2017-04-05,47850.04786201,2887100.77887086,3830688.85602847,2003883.0,457175.38356804,40120860.0,4493382.8717039,1097013.40623741,33760.0,,242756.88076774,967231.67772259,11378800.0,1760318.0,,8435904.0,9462762.82637209,13730338.7314845,,603991.25,380.0,185456120.0125918,31711.0,2343429.9368688,1668300.18947507,5552653.1996705,51396689.91323338,,4067942.0,112733.0,
2017-04-06,1901926.9024025,3542812.94925513,11532026.60830979,2069888.0,329114.22359588,20940820.0,1236297.06748183,3491391.51654032,30000.0,,263339.87065822,1526272.53273562,8393299.0,976077.0,,3767057.0,4043429.04448987,6252142.88660737,,225821.25,2032.0,60765050.34727066,30151.0,6073934.83637029,581583.98040051,4755275.55845659,72122662.86196923,,1518687.0,668264.0,
2017-04-09,1266901.26721807,2653177.90126512,6522411.56555665,2761277.0,478935.86433059,25307580.0,819635.24560042,9333059.03718389,400.0,,178169.91249022,931438.24299114,4682788.0,1308801.0,,3235638.0,5255479.45589048,3271624.05706604,,320448.75,1001.0,101829493.77781852,72127.0,6439849.82651266,2493347.7740852,4981249.04156678,52464884.80751338,,2612093.0,284271.0,
2017-04-10,998580.99883071,1107165.45229664,2943407.96287831,2567564.0,247757.72196651,29374950.0,1044640.1865816,0.0,988956.0,,118433.94183009,700786.7141281,2824659.0,994065.0,,2925762.0,4794615.53899171,3682325.87806615,,345297.5,41.0,80801484.59696282,87062.0,5745064.84522993,852047.61465022,4392608.56304852,48152537.73430942,,1009793.0,911576.0,
2017-04-11,827295.8275027,4912453.24102939,2605562.62279815,2826998.0,288195.89072609,31501200.0,1344143.8829053,12107.64754966,15534.0,,86705.95741358,842780.14917809,7673880.0,1268506.0,,1370435.0,5311279.56690601,3848988.00832747,,164381.25,1265.0,39511996.11885702,97345.0,9771019.73677209,1741566.93765792,1827680.36359179,19282078.09163914,,3060559.0,1581296.0,
2017-04-12,648975.64913793,3391914.82133272,14687999.78515941,2419639.0,761547.23768798,24461480.0,3717262.00406205,5331481.52201956,198578.0,,228092.88797009,2647745.45731219,11632930.0,4204154.0,,3207584.0,16192958.21624194,8889921.19826642,,838040.0,560.0,121651195.50361218,94576.0,2049434.94478893,8593692.89462939,2951906.56238153,35591493.97748476,,7506097.0,2419531.0,
2017-04-13,444435.44454658,1016561.70728624,3488088.51116186,694374.0,321160.2007268,8592458.0,823457.95764013,1034053.63897915,2000.0,,49601.97563754,3280050.07692876,12992510.0,1630875.0,,1371258.0,2883848.73747968,3628402.33592009,,45333.75,474.0,44093489.44241444,64367.0,796104.97855321,198253.55390916,3453451.71349331,13570291.15693872,,10165580.0,60518.0,
2017-04-18,357885.35797485,1220145.43634909,7320037.36845867,1762360.0,242444.60170357,17558720.0,1421996.47507342,510004.38391077,560.0,,25904.98727653,1368553.70763291,16225340.0,1151034.0,,5288690.0,6692215.31430767,4532095.29223674,,524600.0,0.0,66487753.32028994,81565.0,9484984.74447777,215726.90668325,14880275.08814735,11782443.83388323,,4745534.0,353929.0,
2017-04-19,297015.29708957,848758.11729804,1614522.16814099,1023569.0,247486.32486074,14527780.0,841487.58866727,393589.35272074,0.0,,20960.98970482,2608307.47451543,4808842.0,2665415.0,,2826218.0,7626651.1733881,11310182.83991678,,842250.0,412.0,82519473.6946967,30628.0,1675764.95485547,460422.17892988,4836796.45301326,27467067.281565,,7158670.0,814191.0,
2017-04-20,278340.27840988,3776140.09797053,5989663.68858241,992242.0,279841.73109851,23766300.0,2012693.74407316,373309.04307505,0.0,,237296.88344947,1098819.72653083,5625840.0,2865041.0,,2514124.0,6215268.36541136,6387221.74218355,,537937.5,1300.0,80128747.11603978,260699.0,2973774.91988753,668769.07740218,3732547.75063919,19487990.57125984,,4390251.0,323855.0,
2017-04-23,324600.3246815,1549044.04709931,3108646.7118859,779185.0,379218.30466093,17173350.0,2025218.22846879,3989681.75144679,0.0,,38294.98119107,426273.94172396,1911172.0,3122435.0,,29470430.0,7096658.11895541,4120635.220644,,10372.5,4233.0,59671252.52533302,63141.0,1098364.97041043,136395.15175251,13015263.52994159,5552199.45049491,,2801098.0,54308.0,
2017-04-24,568080.56822262,1961741.8550903,2603459.68992145,706064.0,205103.14350981,28770100.0,2067571.45075007,917911.02985899,12320.0,,164318.91929326,643041.06670154,2951626.0,2230005.0,,1555167.0,9553663.00721998,6808755.07164944,,351861.25,216.0,59531053.76618306,111513.0,441589.98810372,561662.29156908,6477213.71706766,12793943.73377437,,4090028.0,671147.0,
2017-04-26,387360.38745725,2834964.57215152,6738233.46201243,629652.0,302666.9235837,23291910.0,3184520.46961536,7141151.06303026,2229438.0,,86120.9577009,1035651.87825039,6849722.0,1524779.0,,1980865.0,15521817.88099367,4489295.75878509,,908873.75,89.0,31461627.64935826,227438.0,886979.97610506,1038167.82172655,4954918.97854535,21256542.89622496,,9234143.0,507968.0,
2017-04-27,574860.57500433,3488439.44959207,2626063.21327565,414870.0,125559.43536898,33016400.0,2227901.95116901,3207588.25797617,102510.0,,43856.97845924,681482.98817871,6395601.0,1543509.0,,1793397.0,7218977.3623122,4948653.86781443,,3630875.0,397.0,67960252.79231104,187138.0,477739.98712985,936944.37577256,8230032.35157468,20216142.99919408,,3896960.0,321783.0,
2017-04-30,2051897.05241015,2232507.25495845,5177262.84920147,1132648.0,456949.21931323,61252070.0,4543566.31006076,15431136.2638105,20400.0,,112343.94482125,2177459.13557523,8692855.0,1762938.0,,2327267.0,8839322.5860242,5613608.13753551,,861786.25,425.0,187269139.01584736,272302.0,788139.97876778,6123468.47960445,15397010.54347795,31369076.89538036,,5944385.0,375069.0,
2017-05-02,2295347.29592128,4375592.29387234,2700478.29016207,1133952.0,154303.17242998,35282520.0,4351749.45996983,11645740.79564544,1081444.0,,509303.74985081,1933605.47604275,15732680.0,2270090.0,,1705402.0,4087007.13118942,3175751.48213307,,6970836.25,56.0,201241139.03975585,31650.0,379749.98976967,275438.63978487,7437492.49642992,18036020.71496232,,5063928.0,1385547.0,
2017-05-03,311925.31200331,1905389.21166935,2922181.51922814,929628.0,181822.14306494,33537370.0,2552471.16482094,2527168.73480386,52808.0,,191519.90593325,1311834.34882031,10176870.0,435571.0,,8481042.0,6585124.10124737,2752458.65129196,,1717971.25,4373.0,71038128.60370502,15885.0,458454.98764938,823775.91652861,2410064.40386167,13699916.14410964,,1983342.0,159290.0,
2017-05-04,338100.33818488,9271646.44239273,2162217.7340257,2053443.0,424517.26517383,26529240.0,1140511.37741889,2621305.69450251,104924.0,,427904.78983065,1329950.57391904,21735410.0,712108.0,,2786479.0,12734188.33494417,5674110.68482364,,4383197.5,146.0,59967221.95435872,69756.0,397224.9892989,613434.01583669,6807473.31351384,43599428.18493386,,3150831.0,407692.0,
2017-05-07,386415.38651201,5138615.09503602,1775256.33421319,393056.0,231797.48447725,40378270.0,242157.49954899,1816.14713245,0.0,,334316.83579723,1171386.82396864,6124451.0,555949.0,,1867941.0,7136906.19902984,2977087.5768595,,455167.5,2477.0,233138599.7202708,73277.0,1634624.95596377,144196.82709927,5230582.72739452,29177012.11233055,,3124928.0,209522.0,
2017-05-08,409770.40987288,5300924.74081333,2496998.57992473,1807532.0,215297.93222652,29660520.0,3480201.45389935,1388293.13716348,34900.0,,120254.94093569,1538613.9052127,6587845.0,634379.0,,4903284.0,8924939.75636142,3785036.20834343,,718711.25,340.0,233938207.023514,27220.0,499134.98655348,847675.94311965,8592519.23279737,18478658.17115418,,4573586.0,1117401.0,
2017-05-09,266505.26657191,4898622.40195873,3644432.26546507,2273025.0,319002.94168095,42358720.0,2180942.71943151,6932021.72072867,2826.0,,82148.95965179,1172875.15836814,6570959.0,1096188.0,,935142.0,14207428.265987,9241504.22305992,,133638.75,4.0,203354536.07590145,84539.0,1536554.95860574,127841.80890277,14422309.47487836,55031629.55348084,,6163622.0,1805448.0,
2017-05-10,151515.15155304,3225431.76371809,3054183.15561359,1124210.0,279991.34745169,43759970.0,2912958.97796291,8543458.80223248,304660.0,,147680.92746516,2260897.98322523,6054808.0,2586026.0,,2963480.0,10030240.95538215,12160710.50468002,,4454558.75,12.0,231627608.75369087,93118.0,3462804.90671323,427192.14195832,14818115.45664176,36472008.89033958,,6508993.0,1857571.0,
2017-05-11,528840.52897277,2342508.59455922,2513651.5971308,749961.0,404092.89323968,21144790.0,4711864.93103001,70860.00728442,0.0,,130205.93604817,1469633.78004137,2418888.0,2035249.0,,1033780.0,9946036.78785613,4963980.87979386,,155975.0,216.0,120796287.29224528,10261.0,2389629.93562419,346113.71841758,4124454.9686033,14349868.57978339,,4568322.0,698168.0,
2017-05-14,674745.6749144,1193496.49732134,1215268.25562772,870939.0,106234.5696582,22198960.0,754467.10701862,1032086.14625233,4000.0,,52466.97423037,846984.62188693,1043020.0,520570.0,,828736.0,5012496.97247156,1727011.34981342,,85622.5,568.0,65561353.53865404,10050.0,626854.98311274,120241.80044704,2293256.30713188,16578610.8592032,,3232964.0,58355.0,
2017-05-15,740415.74060089,2537626.35416938,1344268.38891199,857340.0,75813.73766155,15171190.0,1811562.82575848,2031148.68381295,20400.0,,197984.90275791,951268.78749973,843137.0,2053118.0,,1307370.0,4612167.17600673,5177740.04686571,,177845.0,5690.0,143058473.52335262,11838.0,935944.97478596,551542.28030961,2738995.40522129,8405266.66812483,,3483872.0,725042.0,
2017-05-16,319380.31946018,3105260.00811729,894669.92438221,977883.0,207792.75841699,18053580.0,3977435.34419071,7600061.17428144,6412.0,,98534.95160366,1141942.56045207,5742826.0,3106269.0,,4476991.0,9194166.29199346,27876081.78764453,,528268.75,169.0,85838739.90364882,9282.0,5254444.85844706,504973.89516455,8244565.94733107,8858614.12325672,,22709660.0,678671.0,
2017-05-17,388605.38870256,3022298.14092794,1713489.27039482,1362057.0,207434.37505937,19254850.0,1402394.73303428,2864639.1411319,820712.0,,81983.95973283,6899811.76084549,7635991.0,2078132.0,,5760798.0,12203196.27852394,12456871.48615625,,502783.75,525.0,103672728.4753962,14691.0,6971974.8121774,685715.76292363,9831861.66922724,13485631.16531758,,7508436.0,829523.0,
2017-05-18,1733356.73379018,2821749.31960087,1277479.31990483,707411.0,155538.37720623,21618070.0,1528193.95297903,12491914.01377266,320214.0,,136490.93296123,4070837.84037738,3824592.0,589445.0,,3268133.0,13258772.37861551,11339435.11278004,,69143.75,610.0,63236111.48523452,5730.0,8637434.76731048,474922.19506252,3853522.75869146,11248261.38675164,,6579088.0,1617304.0,
2017-05-21,529050.52918282,1806481.66784864,2920408.51739625,2584781.0,277660.11590214,13475620.0,977249.02786703,8545517.10231592,9976.0,,288317.85839005,4726820.5072587,1194544.0,370229.0,,799013.0,5315905.57610956,9977162.54804252,,569431.25,1425.0,113827934.58640324,7224.0,7417579.80017295,100468.44511398,5613491.31923166,11729573.83911581,,4462090.0,90589.0,
2017-05-22,816135.8163399,6023977.44304033,2047055.1150385,1447437.0,528465.83613344,44799760.0,6069782.71287206,6410212.38045697,1679974.0,,290792.85717443,3543312.53824347,11889270.0,3172399.0,,6759944.0,9266580.43606297,15615518.45492061,,183270.0,7536.0,146511441.60154927,171207.0,6523619.82425593,1515288.35256826,30385414.85550104,14674058.54769808,,8811532.0,1623627.0,
2017-05-23,792600.79279899,5672980.60006354,1265606.80763803,520032.0,91968.82435495,53806200.0,2923795.51158776,2587192.39753133,7840.0,,119249.9414293,3704090.0776585,2052745.0,1777161.0,,2915189.0,6643381.21715117,35822390.49839362,,4355670.0,89.0,92011300.94000168,10661.0,6406459.82741218,450058.83406635,13851519.52638435,16820605.83525279,,3089008.0,85446.0,
2017-05-24,655680.65584462,8119179.1175909,5186295.85853447,1002751.0,358790.4532767,27950440.0,2507710.13041074,1204892.54590493,0.0,,145688.92844355,3127242.4674654,2800214.0,1898775.0,,2251018.0,6158946.25335729,11906503.05599423,,2897208.75,2205.0,232928172.6750001,91211.0,9625464.74069329,163006.8480272,13307898.48731448,16490550.86791856,,3704535.0,294884.0,
2017-05-25,675840.67600968,4335291.23444103,3219474.32639414,1132598.0,165159.05666074,19323940.0,4886697.46601231,481460.60481243,10080.0,,70922.96516554,1229141.10776502,1213037.0,4220231.0,,2406920.0,6781414.49177137,12423213.70984969,,174625.0,709.0,301728200.0502078,108450.0,7732239.79169612,47511.71952795,6042911.86974999,22755815.24784092,,5243835.0,554839.0,
2017-05-28,95010.09503385,973056.95026689,804596.33131724,511643.0,55159.72202251,30690150.0,3406855.57996563,27181.668749,0.0,,86621.95745483,542892.28283898,13596800.0,660805.0,,1444173.0,6294135.52231928,5485697.78756216,,1415535.0,577.0,189514226.97912392,8201.0,6771999.81756466,40341.71155064,13065331.22596791,9965951.51366275,,3732037.0,33800.0,
2017-05-29,555945.55608458,3078323.13345921,1396525.44290452,1352786.0,167305.87735637,20078640.0,1784999.6658346,2907379.13698222,200.0,,32504.98403488,806796.71431054,6082825.0,594756.0,,1261437.0,10095077.08437504,11960347.84807874,,323580.0,264.0,232293772.00078103,183470.0,3942424.89379243,312763.68131251,11298765.22448002,10497711.4610341,,9730649.0,576650.0,
2017-05-30,760950.76114105,1797151.89150497,514094.03116726,400343.0,44954.49495558,16704570.0,2626467.94787541,7642256.32599203,0.0,,31625.98446661,884279.34557261,16730170.0,1355080.0,,2806945.0,14443156.73497391,30956064.19492552,,396088.75,770.0,181145923.4052049,83503.0,2059279.94452371,171878.52456445,6081700.16788614,6931196.81401457,,6074705.0,1586548.0,
2017-05-31,681525.68169611,2499916.71541104,1452840.0010893,273353.0,131610.1990476,13401530.0,16907063.77997259,210309.83793768,10082.0,,45041.97787722,843747.42259827,6512149.0,3361637.0,,829862.0,23833424.41711534,86030189.74026738,,273066.25,0.0,87163770.28734006,43075.0,4828994.86990854,2575127.86507328,11550328.07632121,18866853.13273425,,91427940.0,541784.0,
2017-06-01,519465.51959542,1550579.7037944,758708.28390524,154869.0,269695.65468284,19769250.0,3147744.10429245,1641706.20037797,56428.0,,59852.97060267,970637.28622279,5730246.0,345618.0,,636163.0,33973150.5903207,17656738.0503158,,2436716.25,11817.0,77377520.49155831,10300.0,2446409.93409456,356627.063448,14000548.83662597,15040748.51140652,,21188800.0,151359.0,
2017-06-04,290265.29033787,1476143.37894677,274587.28370642,466280.0,1078114.56431715,17424090.0,794514.56648229,215758.27933503,33582.0,,81449.95999511,479738.82850825,3452014.0,16338.0,,1689064.0,13089896.04263238,6336333.45240981,,176875.0,58.0,41287786.91170201,15438.0,2890094.92214184,175476.86190127,12935406.16190609,20034583.0171632,,5524758.0,46576.0,
2017-06-05,334845.33492907,1128489.23696576,2747849.83910685,792900.0,1320047.68685985,10963860.0,3328931.27747064,4330542.29908874,0.0,,33314.98363704,747328.11110428,2243790.0,669911.0,,3027652.0,6798784.52632943,30634696.44374796,,43605.0,476.0,64763447.80181466,55045.0,3455699.90690463,1696883.5546101,8117874.84358655,7202346.78717866,,6071295.0,45102.0,
2017-06-06,338145.3382299,2070740.38439233,713166.73685124,512380.0,562595.76190893,12738830.0,6431828.84657856,1263887.05859067,16184.0,,29399.98555993,1026069.82593176,1934358.0,1020019.0,,1258811.0,10567209.02369178,12417707.95554645,,375437.5,1004.0,83546472.14463034,44213.0,9659674.73977169,348837.05478088,14707355.35140651,33417151.69268095,,9807366.0,672381.0,
2017-06-07,157950.15798966,7883661.01040103,1091054.62728891,610394.0,749546.61438288,10644730.0,2697805.93265695,11407946.59777001,8400.0,,42752.97900148,964380.23628602,5175273.0,1567613.0,,3650547.0,15467403.77273562,5055972.20169328,,166927.5,1322.0,124322680.53889713,17794.0,7228929.80525512,90183.43367093,5976231.16981584,9298276.57974301,,7156440.0,37828.0,
2017-06-08,241110.24117053,1918478.69923203,1296839.83990832,1183735.0,611864.77495622,37411870.0,3280990.16587301,2979086.67959511,8400.0,,59228.97090915,1641104.58469226,15732850.0,636572.0,,2463982.0,10105499.10510987,14310465.68490546,,655518.75,4548.0,66106525.10190989,14764.0,5553534.85038968,114036.79354338,8703988.66412224,16778403.3394296,,8569949.0,83811.0,
2017-06-11,176895.17693941,1620157.52858084,1115468.65251374,470890.0,479656.1104959,18668930.0,2382523.20633383,9141.2739,368.0,,106640.94762232,3832841.07897988,2692590.0,299640.0,,1080173.0,6293658.52137027,3260835.29863366,,282197.5,1892.0,163719898.26942465,42835.0,2090239.94368965,1061601.18113171,3582008.71924819,21311155.39081994,,1456280.0,74780.0,
2017-06-12,454755.45486917,772206.95488971,3638495.2593309,577404.0,380801.45444458,14151510.0,2923732.07552938,5653605.4850784,309938.0,,59381.970834,2229907.80951034,6208750.0,491636.0,,3129077.0,8801360.51049782,8457608.11037518,,444440.0,19429.0,99744610.8695912,99575.0,2272554.93877815,1287071.43198869,7657189.30374281,14545198.56045145,,4523434.0,818687.0,
2017-06-13,342585.34267101,4820300.60090412,3940012.07086118,1325915.0,1872462.57785236,15889730.0,4277675.4504095,626419.4151008,0.0,,75404.96296416,1544515.42459175,19827390.0,308097.0,,2866594.0,9374922.65161216,10081722.37976535,,2892110.0,26.0,76321311.81835933,161540.0,5074584.86329243,175755.19554428,8197160.50086508,6127989.39350857,,13362450.0,444854.0,
2017-06-14,945840.94607747,4481119.04758569,4982118.64757646,3809934.0,538403.14554467,16516960.0,4853586.60162792,1308231.31774132,1106.0,,30068.98523134,1104223.21525009,3488027.0,818608.0,,1544625.0,5757959.45558535,17052203.07781781,,2602710.0,12028.0,83795519.59100562,24704.0,3301914.91104755,177436.86408196,3369202.79734232,6388684.36770741,,8808751.0,53690.0,
2017-06-15,246150.2462118,1557523.25497178,7793943.55278301,833310.0,6055140.82681227,17943840.0,4235633.89224112,5485309.18413806,10000.0,,41609.97956288,536036.44459449,7136821.0,1068520.0,,2439723.0,4019893.99766639,17475059.40831774,,1810110.0,1152.0,101042699.78522216,19909.0,1269399.9658028,332348.7031027,25987208.58642146,8788744.1301718,,7174485.0,1668808.0,
2017-06-18,162480.16252079,2767587.63465438,1320995.86486658,199665.0,2349707.42944701,12951380.0,747792.53044134,6881623.63780319,3000.0,,494621.75706201,1379139.01824597,2117849.0,75535.0,,1112317.0,2194915.36683178,3166656.9750249,,6003558.75,37170.0,140990941.4361823,109674.0,1258204.96610439,266000.29595049,17453519.90833245,4096872.09452968,,1945045.0,116478.0,
2017-06-19,68370.06838717,3036208.41051732,708162.73168105,1185386.0,1465843.60385899,14741430.0,2345592.38799921,5387.9031596,0.0,,139676.9313964,2473669.3477647,3577616.0,420070.0,,900810.0,3135597.23833878,11719854.16011147,,725242.5,394.0,220479306.61428052,173650.0,1314449.96458917,381547.09117389,7528684.91561512,3336334.66980061,,2660047.0,86332.0,
2017-06-20,164625.16466633,2328095.265018,780135.80604438,637165.0,2068171.20616248,16771980.0,2458061.76141586,13136.79759138,353474.0,,55499.97274068,1203774.65019988,10967950.0,149418.0,,1238327.0,4210532.37694558,6401459.75331182,,454622.5,26669.0,213293153.4087513,107849.0,1998989.9461479,18533.35395344,3866743.94940043,2240344.7782715,,2086087.0,380960.0,
2017-06-21,95655.09567902,2346638.98153222,1045265.5799792,725608.0,1703664.01641426,7706514.0,6526061.73225597,98556.25105428,0.0,,56426.97228538,392718.76617163,2264243.0,567421.0,,2036724.0,9147015.19818533,6749472.02531446,,735383.75,30644.0,63410676.72947955,35185.0,4583824.87651334,565858.96290494,4706910.85217183,3950332.10903285,,2658740.0,962116.0,
2017-06-22,445275.44538679,4295979.74688867,682827.70550464,711489.0,4639843.19417772,9827653.0,3332345.79226513,281321.19081647,10000.0,,69584.96582271,985802.75163199,2247590.0,405860.0,,7146281.0,5486311.91513667,4374736.91924714,,176858.75,7033.0,87098208.41817524,144381.0,2143479.94225539,253005.2814923,25337573.1473379,1202112.38102609,,2238465.0,67643.0,
2017-06-28,228735.22879243,2150591.22293214,650376.6719759,538620.0,3130502.98494414,9406230.0,5275000.61170877,1860884.89014579,1399724.0,,37514.98157417,1534310.1142509,2154569.0,429137.0,,1762860.0,15054239.95073723,10961851.06766443,,347617.5,36689.0,126059180.61659966,133459.0,4132254.88867847,12161.68019769,9887548.32071099,10073349.00303355,,16302030.0,412739.0,
2017-07-02,391230.39132822,1242528.29460104,2260625.33570145,236427.0,1534510.55106862,25092310.0,1353212.48116401,1400249.43911877,100.0,,84941.95827998,1738711.39703691,5229551.0,290301.0,,2860431.0,2071552.12139792,2101647.8926253,,336251.25,6005.0,58271353.21987432,200693.0,2402939.93526563,29078.36568577,11235057.42048211,4199297.08439261,,4684406.0,415028.0,
2017-07-03,210510.21056285,683353.99089591,1166653.20539815,2103632.0,2224704.70608986,19224910.0,1714433.94611159,411660.01668862,5886.0,,421331.79305904,2532419.69288068,1638033.0,371777.0,,1779325.0,1233056.45319259,4189370.52436677,,1148187.5,32925.0,138299424.32368892,121507.0,3816679.89717996,121951.80234958,14998674.86809964,3995467.10456581,,3712031.0,472116.0,
2017-07-04,112020.11204812,2322326.62359657,2148236.21957986,1688153.0,1267758.51114835,53564100.0,704283.66866176,15134.55943708,4530.0,,517184.74597999,7174199.3058872,1579246.0,189594.0,,2527252.0,3241419.44887437,8613472.48219709,,6632727.5,49754.0,71825489.78510264,30490.0,1044869.97185156,1224554.69576624,6361602.67135646,5000337.00511312,,4117009.0,682806.0,
2017-07-05,142695.14273083,4702452.18797564,558276.57681713,2145983.0,2121316.32659217,75964210.0,2825439.28211571,66592.06152316,10002.0,,728822.6420321,3599971.44246731,1593468.0,930754.0,,1546699.0,2815007.60051874,9017001.29759085,,2749990.0,8888.0,77392963.49573831,23497.0,1935449.94785964,273288.63739279,2961016.49502755,24553395.06993319,,2771278.0,1972331.0,
2017-07-06,430935.43104319,1549305.50589007,1218880.25935968,1889710.0,1665849.35301045,36698210.0,6815117.78557358,3042046.44685337,0.0,,223574.89018915,1107637.46012012,2815152.0,308385.0,,1820336.0,2857082.68422803,16413202.57838191,,320718.75,10402.0,82913876.16205166,108983.0,783449.97889413,1279958.09074109,11265595.88180131,11177541.39375085,,3663140.0,2710420.0,
2017-07-09,668790.66895791,3957705.02532553,2480239.06260863,1236346.0,1436765.83959089,27179510.0,2547956.17231804,651875.74407397,140012.0,,148613.92700691,2376324.50530469,877247.0,250932.0,,2576057.0,4297805.55057745,7946659.71102343,,87808.75,15872.0,65589996.5731181,59001.0,850544.97708661,558045.62087853,11128081.73689476,10138076.49662742,,4914864.0,331414.0,
2017-07-10,586335.58648221,2188893.28097588,1332410.87666068,2999459.0,1277542.72475633,64641640.0,3999673.81978682,508521.19708594,1308400.0,,263624.87051824,6319549.90578235,2011184.0,681644.0,,2128030.0,5863133.66483172,6129673.04088626,,451866.25,18904.0,296168202.9192252,265190.0,1330094.9641677,649527.38932731,17984624.02339574,9590251.55084605,,6181744.0,1553539.0,
2017-07-11,192840.19288841,1952647.06069782,1931022.49515239,2161546.0,588270.62400469,69093060.0,4698121.3710777,328722.63097341,702602.0,,118514.9417903,3724245.92543043,4147104.0,1188694.0,,1806391.0,5674412.28936645,9047407.82135626,,831558.75,13610.0,320297961.4037465,197750.0,1858874.94992255,818934.24447513,32199781.94753628,18825288.13684797,,6213020.0,789846.0,
2017-07-12,274440.2745089,912726.16170047,787530.81368497,1570575.0,340519.86093833,66116880.0,1974331.47729077,1375095.80133435,61000.0,,176516.91330211,1676738.24658198,2158273.0,1126100.0,,2776379.0,2756120.48336154,4484341.2549127,,38050.0,661.0,243899743.94019693,126838.0,1937469.94780523,947769.38781641,38530198.55600812,25065945.01920576,,2828801.0,1270515.0,
2017-07-13,119895.1199251,1222925.50450399,3381267.49356051,1350448.0,280749.86756781,52830990.0,2437720.85139213,1685293.73155677,0.0,,241124.88156931,2194777.93586029,4697682.0,1520652.0,,3144906.0,9476838.85437666,6435907.28023564,,1219370.0,26485.0,142733809.49724457,42117.0,2102729.94335318,800134.22355833,30196284.84207586,11565778.85532672,,3245833.0,940934.0,
2017-07-16,224565.22462138,1812170.87875136,2205959.27921992,1607032.0,1059231.58876576,57388720.0,424373.44010872,0.0,5990.0,,57440.97178734,1720386.45966746,1545340.0,1570315.0,,1092273.0,1189946.36742413,1167849.91277888,,179832.5,1009.0,95085000.1793136,511493.0,479719.98707651,231855.2579609,18063307.61359393,6452264.36141485,,3484191.0,550583.0,
2017-07-17,180750.18079538,3652989.69791805,3224683.83177665,905778.0,958567.61867598,47068280.0,3923671.90566967,1288102.35369,1215912.0,,73994.9636567,1071838.26780878,443708.0,1713663.0,,1224922.0,3235380.43685962,7259160.42368141,,3275770.0,940.0,89713412.85558882,32314.0,1298399.96502155,1149636.27907908,8467283.20882015,23747255.14971742,,2636153.0,248125.0,
2017-07-18,138600.1386348,2592307.64709244,2387787.9670872,1904912.0,1376341.70960647,53224940.0,6028232.09463375,795775.13520175,114560.0,,145232.92866752,1606885.84805853,4163055.0,3204664.0,,3683910.0,4870836.69063535,10753145.40454234,,152517.5,1140.0,150959645.55680853,65888.0,1757539.95265248,739297.48920504,22750708.45673012,25646197.46177776,,13120670.0,520996.0,
2017-07-19,550275.55041315,2301764.0480651,963950.49596361,801328.0,1183935.07941654,24329940.0,2265618.82500963,1624483.07173858,20000.0,,251096.87667148,1011254.13350039,1834643.0,2449597.0,,5042287.0,3264009.49381775,3311107.08792555,,229136.25,3773.0,76511577.87987584,171176.0,1508819.95935291,731474.1471675,7140817.11241531,24564147.568869,,2651721.0,636167.0,
2017-07-20,495315.49543936,751525.23358017,788900.31509996,686451.0,639199.33473726,26792840.0,2994248.14964149,786785.20689612,0.0,,172967.91504523,777117.82941377,1517959.0,809664.0,,2825146.0,2718374.4082649,3473352.46473478,,276402.5,4749.0,49950384.12955206,46703.0,1718914.95369302,166416.85182115,2120230.32325921,12644386.24857618,,3153284.0,761042.0,
2017-07-24,93060.09308336,1206959.97024296,959163.99101815,385423.0,342965.91434032,29982060.0,3225831.13406763,1465055.62262836,0.0,,89348.95611544,1707729.85969184,606728.0,573790.0,,3526078.0,1968204.91578641,3174297.98099703,,41950.0,7356.0,40863993.75191766,37867.0,153659.99586045,1075259.52966125,4903901.12959727,4274564.57694333,,2426566.0,885225.0,
2017-07-25,356400.35648948,458777.43765857,1593924.1468589,821909.0,255854.40228862,68423050.0,1676234.40660939,1591671.34687898,0.0,,102431.94968961,2749611.43937456,895841.0,558991.0,,1180202.0,3041466.05106274,2239330.00023615,,489028.75,23045.0,71034364.53256933,12282.0,2019699.94558998,108050.12021598,7740286.70336029,25464297.47978053,,3035650.0,809090.0,
2017-07-26,383940.38403639,641219.41032434,1506877.55692146,564383.0,2189510.06859174,42516900.0,3270239.1330225,1536369.66669588,214502.0,,328892.83846128,2916004.05856951,1318832.0,556351.0,,14458260.0,3459165.88208563,2829021.71113282,,892341.25,28872.0,47975535.84877091,222715.0,836144.97747454,443740.49370326,5126062.87036852,47598805.28911268,,5507722.0,1113638.0,
2017-07-27,235845.23590421,1264983.9641618,1352155.39706093,1130540.0,985641.21970147,39105850.0,1874924.41572122,1816570.90011401,1950718.0,,206114.89876478,2211320.90225626,781025.0,1019194.0,,2486172.0,5905739.74959745,2822908.45635477,,879751.25,6040.0,73445613.0333085,78814.0,582569.98430577,633330.7046403,6786740.95652347,14122281.10230789,,2177365.0,589636.0,
2017-07-30,157410.15744952,2385788.29844221,979757.51229558,1107804.0,1773541.81224963,16494970.0,695954.23838763,112086.54719102,56440.0,,202424.90057716,1440162.16802036,420145.0,209296.0,,1286556.0,2313715.60318743,2801200.43938802,,1262295.0,3122.0,35680713.1102141,22525.0,577889.98443184,154841.83894286,5826848.71434557,42549975.7887989,,911615.0,568891.0,
2017-07-31,411150.41125322,866904.6812187,914244.94460732,738704.0,5668212.06078744,17195650.0,4292798.05510918,4207.40752351,44.0,,362054.82217347,2511806.11750813,6154015.0,2222443.0,,402668.0,1447580.87999359,2451858.41634606,,341126.25,1293.0,46757755.71113777,32922.0,879684.97630159,260925.29030406,8310376.43266169,5237826.98160857,,1355221.0,52192.0,
2017-08-01,303825.30390128,710400.08251722,2457188.53879259,822401.0,3718780.56784898,29228990.0,2671209.67565914,8201811.2574998,755344.0,,286664.85920194,737083.93709923,10738280.0,813065.0,,2664908.0,1823304.62750414,2869978.4931442,,878015.0,6736.0,28094949.61288189,6561.0,728089.98038551,321518.69105328,6448621.09607705,8660904.14282421,,852469.0,38545.0,
2017-08-02,559155.55929538,1018405.15724134,3378921.4911366,1236119.0,2491561.12951235,73101130.0,3066088.10671107,226110.31799,0.0,,183950.90965083,1265426.81557639,6452161.0,897310.0,,5035809.0,3800347.56087398,1731041.10296304,,404485.0,5625.0,70802977.28296083,28241.0,642994.98267794,860562.62412397,6431962.55768414,9170266.59241225,,790506.0,446477.0,
2017-08-03,210405.21045782,1036439.19459383,1474018.52297117,1008835.0,1231328.66887397,58825380.0,2811406.12276645,3028334.53600338,0.0,,272192.86630999,1838485.93820713,2568448.0,1019083.0,,2001638.0,16303127.43542599,2434695.40293164,,594283.75,9676.0,37602658.14462238,3215.0,1025589.97237096,629512.36705871,15664328.3271528,9388886.57077528,,2749272.0,424811.0,
2017-08-06,482505.48262614,730810.41622116,2418554.4988755,829482.0,994318.96818593,39438050.0,560730.62663935,31086.38508376,14000.0,,112901.94454718,1029731.64673671,2314973.0,709727.0,,1482926.0,12996430.85668136,2010070.57104945,,295095.0,18988.0,104636872.0936256,69183.0,1508189.95936988,423340.47100631,11674586.62668563,22289632.79397933,,5658745.0,655187.0,
2017-08-07,249190.0,872342.3621455,1632618.18683798,685537.0,2986446.79298198,65740940.0,3089931.79039313,315222.60395554,9600.0,,99395.95118077,1246349.07463736,1789102.0,704784.0,,7801846.0,6088017.11224222,8832035.40302351,,3027973.75,3905.0,114973887.99674845,97493.0,495349.98665544,858640.95531927,9610322.23308526,31937004.33917218,,8766570.0,808833.0,
2017-08-08,545940.0,854185.86941,2127648.69830862,639266.0,3279600.90006347,56289890.0,1509618.22023193,1724673.85521205,22580.0,,88325.9566179,737636.6647679,1267432.0,837669.0,,3006732.0,5323834.59188451,5488179.53950187,,1810531.25,5465.0,62369163.40249525,1130.0,836039.97747737,1107334.56534776,8769207.20114698,21648265.35745592,,2096207.0,366864.0,
2017-08-09,241350.0,9349862.33608906,1108030.14482819,698584.0,3341416.81007747,45957440.0,635916.14626606,862639.61879477,251032.0,,371591.81748928,1189359.10957031,9346476.0,286604.0,,5388258.0,1996833.97274454,3102322.6747419,,103153.75,1596.0,46474625.37406806,29304.0,1147019.96909968,530670.59042122,8020361.22599641,7986684.20955224,,1564213.0,51872.0,
2017-08-10,798290.0,7847195.7831025,862223.39085812,451774.0,1941418.31941813,55862570.0,1896848.46911494,364440.19124492,1439750.0,,259781.87240576,2496605.60346659,1179536.0,1134786.0,,3070049.0,3123726.21472112,3994196.37182076,,604792.5,3637.0,31329446.87735349,1330.0,1805024.95137325,302157.00284491,12527933.23319072,3389629.66452596,,1360477.0,41253.0,
2017-08-13,721880.0,3020772.41304769,814394.34144065,543501.0,1707595.79499784,22901430.0,455804.62799082,1513.45594371,0.0,,402086.80251139,731176.70830801,728629.0,616219.0,,1050366.0,1348445.68276196,7064416.02147129,,112687.5,4840.0,39501064.84377802,15139.0,1692159.95441379,22966.69221928,4434712.78357509,4877937.01722714,,3518181.0,25169.0,
2017-08-14,155940.0,3513612.30481377,1154360.69269739,275318.0,1682856.90497197,32599580.0,2395149.74004076,679208.75841734,2460.0,,287510.85878642,793815.78474054,528112.0,1055094.0,,3731305.0,3390999.74646762,5410165.22852673,,372993.75,5965.0,41857296.03079412,43209.0,1109024.97012325,88808.43214111,9755028.80287772,24178460.10704077,,1987325.0,1196522.0,
2017-08-15,186020.0,1698121.89230125,2686573.27579527,645595.0,2003971.87284781,37508610.0,1774414.11835378,911282.09282555,0.0,,415175.79608261,1450437.25464239,3076164.0,2019436.0,,4503136.0,2653736.27966595,8441822.098037,,230840.0,3700.0,123689620.49275374,127117.0,4256559.88532974,358680.39906586,12062752.933732,35775986.45922541,,3409053.0,229322.0,
2017-08-16,989990.0,2532519.63373721,1118567.65571566,416801.0,934378.4817618,26763470.0,2214210.7949171,2601025.38485682,7000.0,,282509.8612427,1315381.34260552,811134.0,981278.0,,2743060.0,1284707.55595358,5110129.74402223,,373913.75,596.0,33438125.93392494,35293.0,751079.97976616,11998.34668263,5927055.94969686,34967169.03927463,,1415175.0,352466.0,
2017-08-17,384270.0,2255413.03079192,1026604.06069792,525647.0,975679.55413972,28170620.0,4317259.55083806,2692256.50914355,1300.0,,260696.87195635,683434.93768952,1497050.0,2901491.0,,2010328.0,1495037.97441051,3082074.90891647,,1373593.75,3565.0,29532541.19231582,51639.0,845374.97722589,165586.8508977,6324980.80283212,14032478.61119571,,1280980.0,786825.0,
2017-08-20,235770.0,963614.64735505,916869.9473195,810680.0,1171551.71660331,20446620.0,489428.49702123,553319.4930197,100.0,,133940.93421369,632250.68911796,817871.0,423884.0,,2667616.0,1303706.59375257,2185768.70837322,,373583.75,5122.0,16561747.99666875,375.0,363019.99022037,94683.43867761,5024999.58669794,18001553.2183736,,1425073.0,494136.0,
2017-08-21,137120.0,479475.70699284,1211833.25207864,1185879.0,1593539.42157338,58599770.0,3683246.48632338,1544481.79055416,2450244.0,,215822.89399661,613578.57652196,5146771.0,1297835.0,,1211404.0,1600635.18449845,3095032.66904412,,1617715.0,2192.0,30800414.41362464,15735.0,394389.98937527,287936.9870238,6387624.11175688,18028115.71574468,,1559621.0,502599.0,
2017-08-22,347700.0,145357.84924228,219100.72637713,499484.0,1172933.05828268,36620000.0,444311.66906622,1035022.25078312,52134.0,,196664.90340624,1563639.39116046,2639523.0,581430.0,,5620729.0,1499915.98411542,2811471.69741592,,155496.25,9194.0,38707696.61734879,600.0,215349.99419855,211993.56919623,5177222.38215903,6903274.31677808,,764896.0,125699.0,
2017-08-23,748690.0,564956.18354634,775542.80129884,621016.0,2061396.71686848,24506780.0,584941.1362242,960045.64333183,4000.0,,552245.72875947,930353.85530956,928426.0,1857432.0,,3265327.0,2990732.95012814,3261976.04952526,,382710.0,14194.0,21944877.61249935,39599.0,317354.99145057,914566.01754119,3644304.95420898,16802415.83705306,,2615512.0,208054.0,
2017-08-24,373560.0,450956.84117042,822971.3503025,1720440.0,970707.41998403,15057230.0,2231710.87276125,829373.85715206,350.0,,238124.88304279,918411.05094037,983085.0,324214.0,,924966.0,3712939.38697352,5056534.70213293,,1310500.0,10749.0,47650846.0413537,30228.0,151179.99592726,10391.67822839,2877997.00997341,7956084.21258074,,1391221.0,104297.0,
2017-08-27,412120.0,272354.01024238,224266.7317147,427086.0,933056.29073369,12008700.0,443324.2730271,2128766.59218213,0.0,,721511.64562296,812855.28194904,2564275.0,119152.0,,1017328.0,1693155.36856937,5371438.1982581,,76043.75,852.0,32224831.74408365,11529.0,49999.99865302,185166.87268232,2581021.09835734,3308369.67256832,,1501496.0,721708.0,
2017-08-28,1468660.0,306883.11864732,421755.43576207,452522.0,816331.1791025,120747900.0,1043382.497772,3362596.41573075,901500.0,,519692.74474816,979971.81146826,10360420.0,1876860.0,,3334701.0,3886936.73314502,11658368.36205483,,160125.0,12905.0,39202955.566093,15020.0,304899.9917861,2083.33565124,5320521.43042416,3243557.17898286,,1570468.0,1862142.0,
2017-08-29,371020.0,911839.18757485,832836.86049565,520856.0,657814.39263296,58139150.0,2561051.58123908,570421.5451836,699046.0,,354101.82607965,1006284.6826656,8871735.0,921767.0,,13306050.0,3263163.49213462,9352541.80984569,,53632.5,16920.0,26275279.03186602,90603.0,918249.97526266,426452.141135,4751677.32225874,5947746.9113473,,3058505.0,112797.0,
2017-08-30,687080.0,556917.15313173,1309234.35271446,973604.0,843425.65682844,63195870.0,3080639.78688534,870842.55000966,24878.0,,288446.85832669,854915.21115577,10477930.0,1006231.0,,1908742.0,5400604.74462039,8910810.21459305,,4250936.25,7404.0,27589017.20215017,196357.0,466909.98742161,367840.40925724,5869754.34180935,13369521.17680907,,4525792.0,172229.0,
2017-09-05,322320.0,312817.24031607,1790245.84970051,802775.0,1434452.0052917,64832640.0,2931576.08205243,1666678.22344916,2.0,,215633.89408944,340192.54225659,4166250.0,985342.0,,9060968.0,1103717.19586932,2328207.3197017,,901250.0,14034.0,41729111.36170738,10926.0,121599.99672414,34523.37174385,10723280.16463673,9036774.1056241,,3739354.0,195493.0,
2017-09-06,391650.0,482573.4972226,660605.1825441,325727.0,1028779.44171845,66982700.0,4320985.72974546,12107.64754966,0.0,,211337.89619946,1914675.3884114,1784518.0,283540.0,,7530130.0,5789144.51762871,3088237.66373321,,2458152.5,12016.0,40265867.37967062,17156.0,1144019.9691805,96666.77421759,5129342.36517089,10471191.4636588,,2244552.0,349954.0,
2017-09-07,767350.0,2915960.53400275,2401167.98091157,669669.0,1160535.77766915,117356200.0,1301978.21070966,1525896.55156543,400186.0,,162107.92037921,1701240.35308932,1408353.0,575585.0,,7545349.0,11415154.71069814,7421300.05040799,,7679652.5,16185.0,97378866.37949929,4945.0,5395804.85463887,837564.26520279,10757167.94030208,13461873.66766887,,5349482.0,14947.0,
2017-09-10,2023560.0,1192639.30964024,809561.33644714,1484520.0,2304718.13999068,72143470.0,1085024.13296363,759149.501364,0.0,,148409.92710711,1207545.54544648,3403869.0,729930.0,,1985296.0,1826229.63332351,3836916.7488927,,447090.0,19772.0,110693649.27059218,8975.0,5627974.8483843,247445.27530627,6026869.56472168,16586813.3583914,,13548020.0,645166.0,
2017-09-11,1579460.0,820950.81653907,1999199.06559313,779658.0,2698821.53206802,63236370.0,3079782.02105247,2482673.13005884,1004.0,,266825.86894604,1667138.08676801,8800262.0,768858.0,,2960471.0,3613147.18843478,10239371.00298182,,384312.5,12249.0,130018055.3242189,16613.0,3191699.9140167,484032.20519827,10438092.62526615,9303376.57923826,,10673070.0,86873.0,
2017-09-12,774290.0,584357.08774165,8780620.5722279,476313.0,625973.94500614,102148900.0,3179164.25981657,824318.91430008,6380.0,,389609.80863958,780769.42430249,15535320.0,1105661.0,,6799421.0,6319686.57315365,4874041.55949826,,1631603.75,19057.0,182255679.85750547,10547.0,1479714.96013699,657549.06491885,11736442.69495743,10206161.489889,,7146856.0,738229.0,
2017-09-13,1406350.0,1963055.76825399,12078784.97992544,323173.0,845468.09402186,66505490.0,2507128.17352735,950662.21648083,88.0,,780569.6166161,2396782.15621545,5619351.0,1643031.0,,4666196.0,3206859.38011636,2641036.31420547,,247792.5,6948.0,89185360.08160762,8942.0,704019.98103394,743009.16000129,6065743.87244073,7723354.23561419,,4475713.0,1101857.0,
2017-09-14,979710.0,1326261.29974288,6554151.77181733,535217.0,1028929.05807163,105590000.0,3017995.30019123,793989.25718817,117440.0,,294644.85528249,1584967.32992473,20069270.0,1445905.0,,2948822.0,6618199.16705093,8086110.32001651,,1900915.0,14185.0,55603297.09870616,76476.0,1699874.95420595,157425.1751504,13826607.1036647,11094326.4019867,,8813419.0,365232.0,
2017-09-17,1118580.0,391006.65717282,2505514.08872304,351419.0,1650379.71798161,120316700.0,2808705.9531511,0.0,0.0,,356990.8246607,1040556.61897971,4508614.0,706978.0,,4547276.0,1654383.29143148,2244597.25435298,,137875.0,3704.0,84008911.48682842,160738.0,3496489.90580576,82625.09192823,11503235.29998603,17474510.77053535,,3512560.0,3225130.0,
2017-09-18,932160.0,2400410.13309505,1848061.90943666,397795.0,1218353.79954817,122223100.0,5454179.89573479,0.0,175588.0,,284531.86024958,1329097.96962669,6127263.0,489191.0,,14954380.0,3256629.47913505,2098628.39026529,,1111912.5,42132.0,122176386.55227788,35821.0,2982209.91966029,306055.34051551,17065525.62045189,12125546.29992614,,5781716.0,250228.0,
2017-09-19,1345510.0,6075825.71412935,1461414.00994805,1078642.0,1024854.62203502,81356600.0,4768720.18787465,6354638.27820401,403238.0,,521519.74385081,1981564.62805198,12115360.0,3036899.0,,12164720.0,10412237.715373,9651711.04367314,,1593658.75,7848.0,66607095.0003387,30589.0,4557154.87723182,195608.55096635,22643773.24824061,7017556.80546746,,5900466.0,722478.0,
2017-09-20,1129120.0,7518786.99388433,2262761.33790839,1064166.0,3836706.08975568,59016410.0,3126468.20193,3384148.02836916,664.0,,524042.74261162,844541.50366214,4946872.0,1105420.0,,9345040.0,2360704.69667325,2896017.76349621,,652817.5,7017.0,215912560.1995561,77174.0,8206464.77892066,46500.05173571,9303046.42094672,15390353.47680587,,3803571.0,2245967.0,
2017-09-24,1669910.0,3262393.43175857,1800354.36014473,241181.0,2032931.3358134,37732110.0,790647.72501066,7506.74148079,24786.0,,593993.70825456,2412250.17018709,2010735.0,398203.0,,6989141.0,1500113.98450934,1514309.6835681,,20741.25,10746.0,81219734.77528024,2374.0,973764.97376711,102380.11390756,2902591.70317501,36622288.87546626,,1488280.0,1371257.0,
2017-09-25,1219230.0,7894178.93492043,1290130.33297599,675904.0,842914.17766757,71685630.0,2943609.626518,1100312.7401947,12250.0,,350018.82808505,2617571.8949444,5153107.0,533295.0,,7389725.0,5041666.03050403,4059639.92297073,,333905.0,14250.0,112279870.09726766,19597.0,2318269.93754661,507377.23117182,9738829.65684528,45406995.50603766,,3023432.0,1041565.0,
2017-09-26,975250.0,4158455.73255433,3146374.7508669,1155296.0,2875869.86963148,94350980.0,3400793.29925618,1338046.39983237,60480.0,,285017.86001087,2220597.39658522,10699370.0,752272.0,,5447442.0,3104520.1765103,2476993.18599113,,954335.0,18129.0,477121797.7581817,61996.0,5244209.85872279,760170.84576196,8458811.77084254,20574630.46371432,,4633128.0,238444.0,
2017-09-27,884500.0,5381420.95231768,2274983.3505363,607017.0,2740286.13859942,52393530.0,4133948.64874892,39682.81484403,1105440.0,,595073.70772411,1862471.71765169,12308330.0,2197634.0,,9031652.0,5295898.53630512,6014412.20079964,,785151.25,15637.0,146977877.04666537,37499.0,1067514.97124151,119951.80012439,11174881.06877061,17049510.8125979,,4359072.0,288297.0,
2017-09-28,2414730.0,3345408.25262706,1220761.26130315,1122629.0,2054702.25492617,56362240.0,3087085.44203456,948240.6869709,303036.0,,414611.79635963,2068645.99906703,30255300.0,1700542.0,,3999736.0,11177824.23852401,10275092.03090099,,269520.0,12482.0,199445548.2014847,25443.0,1483889.96002452,1660796.84779356,32963273.83683974,19441283.07588251,,12007600.0,200641.0,
2017-10-01,1570050.0,2551268.5457581,3152470.75716536,803492.0,1102536.82438629,54258330.0,691847.44312996,106789.45138805,0.0,,329645.83809144,7932059.54328405,6992274.0,1015175.0,,3880092.0,10827048.54064814,1142373.14286651,,71958.75,1493.0,97065030.50323364,11050.0,1230464.9668517,435305.48431852,5946065.07939675,17368430.78103416,,9987305.0,751662.0,
2017-10-02,1749450.0,5045429.85816749,1382630.92854856,3357221.0,1702136.53783179,44348680.0,5185834.33643321,16809410.32262663,45884.0,,654680.6784476,10112473.19620275,9558942.0,1133736.0,,3328908.0,8315539.54394646,6370328.72898015,,292076.25,34592.0,121778941.89044338,61619.0,976164.97370245,229213.58835513,13045781.75371188,51465497.40642345,,11264850.0,5432958.0,
2017-10-03,699140.0,5034564.42512873,910356.9405902,5206136.0,999298.06124177,53283120.0,3387667.5513507,11624158.91388815,1303428.0,,839912.58746926,6528376.88839295,7046283.0,2906301.0,,17073470.0,5546828.03553481,12636606.1266349,,722886.25,12544.0,77490030.12468272,33747.0,638259.9828055,303527.00436916,5138233.73228858,19416888.0782969,,3722171.0,1350568.0,
2017-10-04,809110.0,11736643.51601517,3219894.32682809,2185289.0,1263322.21230405,65068720.0,4518398.74342122,1786543.93419084,3168.0,,902165.55689315,6619248.49073474,5517664.0,2473155.0,,5392739.0,5237551.42022227,4709910.68121533,,5150.0,12066.0,76196478.7194619,37658.0,789919.97871983,478590.53247723,4723474.27408482,41945455.8486287,,2734245.0,2029641.0,
2017-10-08,588530.0,5814621.7629511,2831987.92603919,1241396.0,572299.9481652,92270680.0,1326765.16099892,2500259.48812473,7930.0,,563867.72305122,5167272.98830639,3089778.0,995187.0,,2055844.0,3857947.67547066,1303977.26917455,,277725.0,14736.0,117284589.39180817,22153.0,794944.97858446,211335.23513044,26425999.12208942,31467166.88567231,,1981840.0,1449007.0,
2017-10-09,426710.0,4450789.82785763,3739938.86414348,1051539.0,3510271.04271675,91712310.0,6695212.6028791,4157221.32441528,145600.0,,398306.80436797,4938256.3582737,5992435.0,1449178.0,,3168749.0,8051542.01871766,4152639.245658,,1812478.75,10885.0,112059826.62368454,66590.0,1663884.95517551,450963.83507325,20446511.73065247,17794960.7388202,,2235624.0,1302833.0,
2017-10-10,419740.0,7171205.66321214,2234901.80912364,1147497.0,1259341.72141944,50955470.0,2662342.41793354,996489.66245632,10166028.0,,205061.89928197,6108128.15416201,2364190.0,1182121.0,,10471520.0,7809990.53814574,2659016.07825826,,1936410.0,45857.0,89831800.62719908,69431.0,2292959.93822845,289798.65576174,10531944.25837934,9746396.53539227,,1056408.0,1536991.0,
2017-10-11,226330.0,5170860.57602799,2238465.81280601,372035.0,1139164.99531488,44754930.0,3444613.82514867,7122414.47844716,1603102.0,,317789.84391462,4596567.63517152,2409628.0,3276526.0,,4326475.0,5034916.01707473,7647627.72730326,,1388777.5,12913.0,69222634.59477122,2345.0,1474644.96027357,707425.78707809,4300439.68212796,7157636.79160364,,2426615.0,368598.0,
2017-10-12,645530.0,5237823.81290684,1125664.16304784,606655.0,753151.32465951,40211750.0,2809332.03946641,1160881.24706189,9650494.0,,242750.88077069,4192782.49916749,2050899.0,2154120.0,,2069207.0,6553687.03870265,2492844.4483803,,390678.75,18962.0,52281066.03920194,190330.0,533499.98562769,1418984.91208824,4323121.9269567,9738279.03619566,,1328282.0,681869.0,
2017-10-15,876260.0,4288188.93684504,2133960.70483025,535354.0,724866.87500827,31836950.0,749554.94962848,250325.61308933,35194.0,,551444.72915288,6270596.28677106,2951296.0,681883.0,,8455796.0,3169941.30666705,1581373.23598425,,63926.25,11922.0,29393322.12291349,3715.0,351384.99053381,806347.56380459,5116588.66184196,9046336.60467769,,5366451.0,2696053.0,
2017-10-16,433820.0,4131247.47029065,2276201.35179475,683815.0,1088685.13364184,59770330.0,7878372.3181552,269183.27414793,15662.0,,404777.80118969,6248292.39499036,3706607.0,171967.0,,7515518.0,4432121.81780258,2947385.30364453,,402413.75,20882.0,137550528.855541,16463.0,383094.98967955,317145.3528542,5971209.22205152,13893673.62493333,,3101248.0,603542.0,
2017-10-17,554520.0,2455336.33678414,1626865.68089443,1002522.0,1158239.34062034,36396800.0,5019645.65392743,327965.90300155,7000.0,,294065.85556687,5823635.04540934,1694186.0,1579775.0,,4597843.0,2131312.24029198,2472724.93265511,,3000958.75,10652.0,65017264.79038242,3641.0,1813649.95114089,522932.24847825,19097709.45150542,15429155.97296556,,2714203.0,790884.0,
2017-10-18,456310.0,3958135.27396855,1184474.72381152,1101696.0,866692.73947302,45374200.0,2602483.60162912,528892.31408825,2548.0,,623189.69391469,10196644.93717599,13765640.0,1260709.0,,2330502.0,2757767.48663829,2115156.9031838,,1606902.5,19960.0,63391985.28034683,3257.0,1746524.95294922,231301.92401193,49493708.54509125,8827759.12631046,,9023864.0,1387037.0,
2017-10-19,357590.0,6726613.19235349,1453804.50208583,840723.0,4381949.83414576,45567060.0,2420648.27741967,1988257.34236826,1014682.0,,1121543.44914369,6418479.81115611,2653774.0,890416.0,,2910405.0,4895757.74021632,3477235.96777009,,176407.5,5380.0,132949390.17441235,1124.0,766089.9793618,533237.25994355,22007454.11634595,14601128.55491602,,2853483.0,2355369.0,
2017-10-22,356540.0,2334039.31550159,673913.19629408,554782.0,2430047.93165478,32968000.0,2725099.98629694,234888.3624635,268440.0,,1357631.33318697,8341983.64811845,1523473.0,228242.0,,1103451.0,2611418.1954732,1223420.45621222,,1215711.25,10133.0,34305331.82975569,9554.0,583749.98427398,176233.5294098,7818815.47630924,6733231.8336073,,3350985.0,107140.0,
2017-10-23,698360.0,2669030.90895798,2671846.26057916,241032.0,2732878.38939196,37366340.0,3582634.13964463,2529105.95841181,57832.0,,652643.67944809,3832278.63587209,12885800.0,657766.0,,1394662.0,8001618.91939457,5694041.20040112,,1493083.75,19677.0,64862138.65323542,1744.0,633749.98292699,564708.96162546,28449824.84543928,5315601.97391113,,4618119.0,335983.0,
2017-10-24,341220.0,2306099.63054477,2830907.92492332,3117704.0,1697641.08833623,46335620.0,2285609.45766753,338832.51667738,27002.0,,692714.65976687,3225085.8208973,9269216.0,523920.0,,1471808.0,9939304.77446264,6995804.46784524,,1402462.5,9410.0,112741871.1572102,73801.0,611479.98352694,393625.43794553,13917291.56037203,4397814.56474519,,5004634.0,455453.0,
2017-10-25,119160.0,1358821.19320475,1444339.49230649,1168158.0,1127815.02917362,64877600.0,813912.20989883,100160.5143546,86842.0,,1466120.27990163,2703189.33643479,10211000.0,213000.0,,683280.0,12438843.7473497,6995919.21793492,,454485.0,56106.0,93681697.74104728,53955.0,307174.99172481,195130.21710082,8626374.62838444,12655691.24745732,,3669753.0,631634.0,
2017-10-26,366470.0,1404358.04766114,3022998.1233929,1945868.0,1570902.11939218,58413270.0,2023326.17907539,898992.83056264,82410.0,,490859.75890975,3087232.45732625,6420585.0,590027.0,,888805.0,5576762.09508927,8068166.55599186,,1448983.75,29762.0,170830641.1456943,10095.0,1886214.94918602,258336.95409096,33198009.16675455,12600951.25287497,,3878142.0,1634982.0,
2017-10-29,424500.0,1858952.14466756,995336.52839199,2603932.0,2292807.98238751,32607640.0,621609.93605682,0.0,59800.0,,659471.67609446,2095828.25369855,6478549.0,336631.0,,1601298.0,15939742.7124642,2308834.80456035,,32687.5,42424.0,113596521.5554856,127341.0,718624.98064049,137015.15244231,19345315.86253288,2690249.73374409,,2416576.0,252130.0,
2017-10-30,1273660.0,1691234.60440796,2851919.94663316,1865698.0,1527228.06206382,31302430.0,3757530.11068531,204316.5524006,1034.0,,701375.65551294,9429024.23619977,3380344.0,720088.0,,873816.0,21775165.32216418,5235988.09239176,,3890300.0,12853.0,378735939.22464806,167180.0,421034.98865746,245996.94036153,5634516.1088039,8608331.64802735,,3694433.0,64102.0,
2017-10-31,314850.0,11051753.86842416,1636309.69065208,4358986.0,1440224.41296441,44768180.0,4209120.37792815,3478103.37335456,400.0,,465929.77115434,7641828.5038658,12753940.0,998469.0,,3269894.0,13590162.03792244,4061860.67470644,,1001783.75,23569.0,176169434.6441821,192884.0,921999.97516164,266756.96345902,12205549.07890649,5288869.47655686,,2744200.0,542419.0,
2017-11-01,1916060.0,3424607.09899244,1111729.14865004,2175617.0,1011670.98570478,28486320.0,3212520.594166,1951661.9776494,2077600.0,,211013.8963586,7083113.63096585,10009840.0,818942.0,,1663806.0,6697093.32401257,3134022.9495185,,3658930.0,8073.0,91074253.47768742,27688.0,605659.98368373,214008.57143811,9356728.54321002,5462821.95934066,,2160182.0,277413.0,
2017-11-02,1205040.0,1537007.01390955,1138661.67647701,1553608.0,800043.87330629,38388310.0,3194515.78594431,756788.51009182,13752.0,,715898.64837984,5862234.2676555,5902645.0,520053.0,,1267494.0,9880642.65775309,2248899.25771538,,1821503.75,49666.0,92902225.64024912,91634.0,797194.97852384,191181.87937459,17352716.67716549,3259027.17745178,,12768790.0,941514.0,
2017-11-05,967390.0,1484933.68968419,764843.29024399,2299981.0,883230.56567456,36148220.0,403114.08628324,0.0,2000.0,,374648.81598781,6800081.64727513,1419034.0,266395.0,,1193083.0,7474676.87103192,1736706.60739113,,370982.5,28053.0,89476070.12356699,35171.0,735399.98018858,140516.82300492,8658485.54725468,7363846.7711949,,9294794.0,572457.0,
2017-11-06,477230.0,2357226.40775549,1427419.47482455,2022603.0,1049342.99165556,27187420.0,3455522.06910038,7035935.60582367,102526.0,,194138.9046469,4368906.96284987,4833515.0,741992.0,,1891826.0,11521777.92282733,5829275.30609864,,285886.25,54472.0,218391097.91717303,87071.0,534279.98560668,361160.4018251,14686854.71435127,3616324.6420898,,7082589.0,1985043.0,
2017-11-07,828640.0,3857569.61806974,1409485.45629494,2422450.0,761808.19644352,36937280.0,1939891.21376991,6759427.20490819,4931482.0,,350798.82770195,3725849.27675254,7279667.0,620761.0,,3066687.0,7142720.21059694,3426291.42795238,,2606150.0,38668.0,72378653.55419454,16670.0,2868379.92272683,969451.07860601,6823135.15262247,4863147.01869091,,6973792.0,854168.0,
2017-11-08,1172550.0,1257467.85132871,1131707.66929206,1054237.0,1174916.34482484,60888130.0,4159270.66840016,4038082.07252657,3433706.0,,339371.83331442,9019303.45491047,10396400.0,1908310.0,,1160595.0,6112902.16175157,10051095.3558276,,7405713.75,10105.0,186417530.81205148,13084.0,6619354.82167686,1725208.58612437,20603413.4474237,5172674.48805676,,9378471.0,427060.0,
2017-11-09,1426009.0,1333896.55835403,1183351.22265071,1905434.0,788217.22250489,125548100.0,3201237.250043,3139513.00962818,721718.0,,581474.71440338,3104795.40492799,2440414.0,2271099.0,,903163.0,7705320.32990209,10117639.15783752,,6844390.0,74452.0,100189080.63931271,12268.0,1399939.9622861,911494.347457,15216643.38873481,7034769.30376392,,4260396.0,71103.0,
2017-11-12,765425.0,5472203.41599517,1097654.63410811,933610.0,849375.51645491,62614370.0,685655.53221426,1787603.35335144,65198.0,,825905.59434892,2763026.75463912,1913853.0,510726.0,,2728704.0,3943465.84561092,3010758.85317661,,197917.5,25565.0,53458137.48968947,77651.0,266264.99282691,393220.43749492,5648464.83939652,4822772.02268686,,3429582.0,60891.0,
2017-11-13,501685.0,3814091.33788996,1149247.18741407,740374.0,291967.61460627,56859740.0,2382964.50065299,258952.31196847,2788548.0,,516728.74620396,2324066.64533452,3702180.0,751755.0,,564098.0,3514884.99294001,1996255.56025179,,1021187.5,7697.0,61634370.3104516,52652.0,387219.98956843,142616.82534137,8016676.98021566,3412749.66223776,,2536416.0,109197.0,
2017-11-14,464198.0,6931782.22218562,1186384.22578444,756343.0,343592.21535363,41281130.0,2438468.29364521,3157856.09566592,98582.0,,552677.72854728,2287105.22929984,3765510.0,606862.0,,1270765.0,2787908.54660458,5666537.17890427,,273511.25,29017.0,231719957.4030611,36391.0,263154.9929107,205833.56234264,5178137.11937018,1241297.37714792,,3915191.0,149713.0,
2017-11-15,225573.0,5478101.13200951,4331378.97522551,711971.0,654481.0794621,59819070.0,3502434.41331647,2705847.34351804,2000.0,,360167.82310028,2317905.24080262,3963253.0,431690.0,,1309721.0,2822873.61616835,2818163.20264593,,1891867.5,11480.0,89126166.19580247,63535.0,311614.9916052,397772.10922576,9500507.22138453,1646152.33707914,,2645742.0,1352081.0,
2017-11-16,148951.0,3354546.07188384,1218104.75855842,682776.0,516120.74727102,41075150.0,4709432.29609565,3976272.53178553,62084.0,,214343.89472304,3005050.4826322,3029226.0,429817.0,,574539.0,4181129.31844756,3400666.15792395,,579938.75,12402.0,52484480.56838423,30191.0,759409.97954176,3222443.58527324,5547732.43965077,1247162.37656746,,1344887.0,866711.0,
2017-11-19,172965.0,3463445.31303748,1435633.48331135,921856.0,247635.94121392,43234390.0,729575.34932856,320852.66006613,54700.0,,260819.87189594,2213921.37314954,2868626.0,100903.0,,1232313.0,2289568.55514635,1022792.29940342,,210046.25,1805.0,60538329.51461805,73138.0,1143389.96919747,1707333.56623672,4436502.794777,1093694.89175625,,2496157.0,320275.0,
2017-11-20,137740.0,3819151.72385288,1314281.8579296,429232.0,513587.70761718,39750370.0,1834471.51710182,2439206.67535554,0.0,,412544.79737485,2365293.64912205,1755665.0,2245188.0,,248292.0,5665619.27187255,4315255.8727574,,922162.5,2760.0,63334724.99272784,68067.0,433419.98832381,1289581.4347813,7932305.62689371,1698427.33190545,,1969400.0,840100.0,
2017-11-21,199142.0,1601835.55559803,1579186.63163194,1230962.0,348268.59625304,35169790.0,3892444.81641018,2617189.09433562,10406.0,,293615.85578789,2002174.62436739,2104406.0,1988528.0,,412644.0,7106333.13820407,3379957.14173801,,1904015.0,40552.0,60111081.65940778,90416.0,229499.99381735,2186945.76651732,5679075.14401439,1799237.32192821,,4502036.0,1178643.0,
2017-11-22,928794.0,2821904.87103335,802581.82923584,973959.0,872416.43484469,41358050.0,2107996.76847453,8244218.2930425,29148.0,,320615.8425266,5344167.27699742,5420720.0,288140.0,,241490.0,1406711.79868367,1478662.90570696,,1526712.5,18473.0,63221880.2025845,36200.0,229999.99380388,679114.08891198,5002258.65297734,914684.90947299,,4489144.0,2979364.0,
2017-11-23,489192.0,2838184.81776429,2070740.13951011,734635.0,714672.08629156,45477170.0,2598773.97125869,7105070.27333226,5194856.0,,239867.8821867,2492267.09968377,3820321.0,2066870.0,,3203281.0,9152892.20987777,1464787.14486182,,1430797.5,14624.0,91442900.41720292,102897.0,382494.98969572,274903.63918963,17504204.8496008,2005574.80150685,,6627773.0,9973059.0,
2017-11-26,60601.0,1770893.48586089,718632.74249877,517096.0,177006.58416257,43030690.0,956974.31199117,1929293.09880139,776.0,,197081.90320142,1686888.51526866,2165433.0,961269.0,,5635464.0,7608345.13696784,593444.71382998,,517500.0,15009.0,71806772.55466077,181597.0,344674.99071457,662869.07083786,9708942.84460128,4374694.5670334,,4546868.0,590372.0,
2017-11-27,835203.0,1495157.05936336,2560391.6454231,845053.0,866591.83542088,46743680.0,7462510.34222726,7528595.78461954,2898388.0,,943055.53680966,4629950.55681261,2016262.0,1280897.0,,4549837.0,2055541.08954363,1941225.01724051,,944000.0,2800.0,48627880.31415741,267619.0,2290804.9382865,193926.88242866,3933968.02752307,6319706.87453416,,5265889.0,891254.0,
2017-11-28,334968.0,2638228.4157226,3949375.08053514,3476500.0,766314.0842893,47354700.0,5032765.88565393,3499473.37127972,440092.0,,610946.69992795,2745919.53222465,4166357.0,1256678.0,,8348175.0,6386007.70510098,7455673.32727377,,5266631.25,13042.0,56969680.7022717,476921.0,4027744.89149394,3025533.366192,9903947.81847773,23806712.64383287,,16500870.0,802665.0,
2017-11-29,225737.0,1630887.2678168,1953555.51843375,4728081.0,621388.02980865,39900750.0,4888721.90370145,2030058.99553348,5449664.0,,306173.84961992,3656472.47870513,6099145.0,3102574.0,,4003470.0,18234495.27792425,12459265.48802737,,4666506.25,24461.0,103053745.02404794,86420.0,1356794.96344841,2635864.59931531,10029224.31755279,9401339.06954285,,9321397.0,456516.0,
2017-12-03,174904.0,664184.75904684,472116.48779563,2086858.0,312270.20578783,26780580.0,1475633.0414777,1053395.60593974,7226.0,,151355.92566015,3858025.00560587,6983921.0,579869.0,,2530190.0,4538259.02896487,3785922.70903631,,251500.0,15960.0,113660433.42086494,134249.0,2051384.9447364,1393078.21659793,7800395.25928291,4008259.60329972,,8410792.0,3422.0,
2017-12-04,160987.0,2185649.86812848,837090.86489093,6885519.0,640598.073667,29969380.0,5051181.64921033,548476.43399983,7600.0,,236489.88384583,2091984.73758067,5775527.0,1084428.0,,3124867.0,6743254.41585107,2305795.05218452,,1855915.0,31977.0,61821955.11581666,23083.0,324709.99125242,2222535.8061146,9866817.98747552,13297568.68393026,,4003967.0,170509.0,
2017-12-05,142750.0,660693.12582847,2171178.74328431,2359592.0,1640915.61378044,20051600.0,5790399.27941251,12325918.16586675,4024534.0,,464417.77189697,3372356.57018438,1619936.0,1300855.0,,950470.0,2557850.08889829,2580023.01651813,,1777012.5,9981.0,78307374.96862014,86671.0,3310189.91082462,981072.75820289,9946641.96355531,6071931.89905662,,2876656.0,121623.0,
2017-12-06,89386.0,961436.92730037,3435701.04980182,576773.0,544673.11457795,24848560.0,4551407.55849432,2223418.12690163,13746.0,,205289.89916999,4303658.33388346,1216986.0,3284249.0,,3424953.0,3776983.51439071,6589787.15050648,,4082882.5,16457.0,73504188.16769408,46794.0,2353919.93658621,293786.99353248,7371337.97276767,9001286.60913632,,2780648.0,127822.0,
2017-12-07,115810.0,1679879.34983715,1378496.92427727,609718.0,394962.8162456,34419680.0,2277815.09675538,2203289.16285032,589260.0,,104363.94874069,1777429.19101293,720044.0,1293859.0,,6594755.0,2575994.12499624,1442662.87756973,,920703.75,9369.0,37538256.43436924,59495.0,903349.97566406,116908.46340506,5403532.82045874,2523692.2502284,,4171663.0,231246.0,
2017-12-10,89560.0,1746296.50189985,567656.08650813,468876.0,545845.68925287,29035360.0,580773.66299765,6063509.89287231,0.0,,149732.92645731,1799504.51908432,1454211.0,571676.0,,7248059.0,6905758.73915695,1519790.68785199,,1483912.5,41164.0,36203016.65225517,122816.0,2988879.9194806,796589.21961417,3878017.27602592,12603246.25264784,,5083939.0,435278.0,
2017-12-11,186445.0,6325406.33273612,1581033.13353977,425848.0,1294612.90681919,24464220.0,2427118.75537434,267064.43582674,29640.0,,414656.79633753,4524783.20590397,1181575.0,343075.0,,4492027.0,3428952.82197609,3021306.86142082,0.0,3061428.75,44200.0,11899226.59658826,233215.0,4165459.88778394,1018066.13269485,3869413.28210288,1075377.39356914,,3294970.0,1134237.0,
2017-12-12,181369.0,1758945.81200468,1627866.18192816,1536572.0,729845.96806411,24386110.0,3446453.47084166,3352910.29769103,3818344.0,,370814.81787091,3601360.58013496,9549688.0,1214438.0,,1560545.0,21795379.36238045,2010844.57165441,82436821.6390712,2248302.5,22664.0,73702601.12290154,225722.0,804064.97833877,1622928.47232807,7680157.90988875,7993229.20890447,,4228049.0,1341335.0,
2017-12-13,1817204.0,9365334.7392131,2523752.60756727,1305002.0,353383.38786176,31792240.0,2149914.21261564,91382.4698811,1951334.0,,343430.83132081,2706052.6928422,4177566.0,6279753.0,,3076083.0,10422587.73596459,3562405.28433751,52455904.80150066,7789906.25,8008.0,112057532.08717032,254177.0,5447624.85324286,609482.34477341,4804375.89964456,10965466.41474006,,4127196.0,2178142.0,
2017-12-14,3440613.0,1652896.14070982,2477680.05996464,788472.0,427895.81119565,39248400.0,18611309.3434906,2785424.85703822,3450018.0,,200576.90148482,3684730.24477861,5360951.0,3620827.0,,3827818.0,5444668.83228685,2713484.12082989,16506289.43166683,4373427.5,19941.0,155246742.11119834,187174.0,1246694.96641447,1174289.63984161,9304102.8210003,6163051.89003841,,3479288.0,1197075.0,
2017-12-17,1184958.0,1126850.98251734,944118.97547348,537944.0,764463.01684996,37375230.0,620275.02074136,30329.65711191,97822.0,,320066.84279625,2103003.47149321,1115048.0,944144.0,,2199659.0,3965596.88964111,707139.55269264,10362313.41296815,705643.75,2496.0,40579754.81855458,67245.0,1294449.96512796,149228.49936415,5479470.17526858,1801914.82166322,,7234986.0,942968.0,
2017-12-18,1061759.0,1089290.27598157,8736489.02663073,553308.0,1253934.6560045,28535360.0,2596683.33942168,809033.00926862,4402.0,,704486.65398494,1689406.92276508,1265530.0,819097.0,,7199745.0,2287867.55176217,2425825.89599933,10707009.35983476,2796482.5,8941.0,54404827.1616253,154760.0,346929.99065383,908076.01032044,5116566.40053815,6746661.83227813,,3911044.0,558383.0,
2017-12-19,537335.0,3122926.67932074,9658248.97900264,451876.0,5714005.10321085,24386380.0,2730982.99118923,1134668.19011687,46100.0,,473501.76743528,3149826.66235572,2710700.0,784204.0,,3916795.0,5816297.5716503,3110544.18116775,9073701.54040725,2243168.75,13637.0,71493916.36814275,203425.0,789689.97872602,478045.53187086,10341286.31001074,15089113.5066198,,2156004.0,571700.0,
2017-12-20,477160.0,669963.32928311,3004231.60400313,252995.0,4777563.30755519,19697710.0,2990910.86135285,686473.34694714,105038.0,,339551.83322602,1208177.95178328,5009102.0,253215.0,,565057.0,8524807.96029052,4599822.59517167,3930122.02373672,99448.75,1917.0,29363441.58561028,220688.0,1904539.94869235,170115.18926924,7913773.09147087,23401560.18393109,,1490816.0,203144.0,
2017-12-21,107479.0,1846177.06957478,1290457.33331385,564742.0,4444322.4561716,15699970.0,2327742.03278923,1737689.57632794,851622.0,,172190.91542686,1518671.23414327,1314073.0,572858.0,,265950.0,5484304.91114369,866153.92697656,7335843.38086034,531250.0,21026.0,89718698.02396427,108049.0,568149.98469423,28131.69796584,2653231.70853369,8480236.660705,,1696682.0,118142.0,
2017-12-24,55477.0,2419923.56385854,1191205.23076555,202911.0,1035324.28730757,12693250.0,1104134.93507271,258135.04575886,0.0,,215399.89420437,1003457.78427317,940490.0,155318.0,,157609.0,3239358.44477396,1252382.47884862,2676793.05995673,53862.5,22229.0,59105816.85308639,82366.0,280974.99243063,26925.02995664,4966350.15805241,2871894.71576656,,1246710.0,108825.0,
2017-12-25,261099.0,609410.79718528,1337963.88239811,154129.0,1037293.65604943,19452580.0,370287.3051168,1767777.08048886,0.0,,514331.74738126,667466.32712755,4099957.0,3062782.0,,392515.0,7785069.48856477,830788.39933524,1114117.76132595,177916.25,18837.0,52711046.71318194,51135.0,1040059.97198114,144085.16030837,5709846.33714616,2698792.23289863,,2550914.0,136851.0,
2017-12-26,279130.0,1440452.59920568,1676392.73206629,365564.0,374253.12940538,19818350.0,3024769.16799032,2856557.2863925,12150.0,,286508.85927856,1890894.94702393,2705467.0,364077.0,,2577158.0,3543748.05036369,1252868.47922848,1072138.15800966,809205.0,12196.0,29938803.06187913,89265.0,1277804.96557637,110530.12297521,4623743.63301058,1184092.38280954,,952893.0,539810.0,
2017-12-27,478483.0,751823.09802533,1508400.05849453,128600.0,690225.47007191,17094520.0,1178015.87836841,1945275.19356695,3116546.0,,1054343.48214957,1702388.78056125,960800.0,610672.0,,4287417.0,7460159.84214998,2764003.41031522,4500301.27557881,2632581.25,43204.0,87874741.44973046,39550.0,330494.99109658,57460.06392976,5444283.14896261,2899944.71299043,,2670503.0,1319138.0,
2017-12-28,187473.0,3026915.03982806,1463569.51217514,261411.0,256258.0184972,11535490.0,3073821.78965433,2517603.69323962,368988.0,,445340.78126681,1057478.41995898,2281333.0,525026.0,,5071677.0,2275834.5278222,3099208.67230803,2590063.34221916,402375.0,16858.0,109227517.78193076,128082.0,306919.99173168,704150.78343434,4768299.43306359,9540016.55581784,,4395442.0,981944.0,
2017-12-31,416204.0,1118732.52158402,772880.29854791,243227.0,282687.92125901,21523470.0,1045831.68124333,60992.27453144,46100.0,,275006.86492787,660493.64128475,163667.0,621441.0,,6942006.0,7047176.0205097,857068.41987542,2378007.55355089,75625.0,17477.0,44191458.41717904,28665.0,825049.97777344,22558.35843164,2806014.0722224,16714950.84570953,,876400.0,402587.0,
2018-01-02,286921.0,324725.19891292,1891188.45399545,197767.0,329413.45630224,18414330.0,997303.09658332,92502.42727944,146670.0,,224456.88975595,2228777.43898408,1879609.0,155343.0,,4928394.0,5183497.31268045,1244624.47278505,1540858.6871076,614523.75,6565.0,31485217.54722921,113766.0,343114.9907566,316258.68520103,4232298.84303928,7617019.24613824,,3330810.0,1710209.0,
2018-01-03,280195.0,762063.01572924,2554636.13947645,108997.0,2378461.60485823,23459720.0,1225292.29039781,2039018.65472023,53026.0,,913265.55144128,1908432.60919729,1535110.0,448125.0,,6935858.0,4216013.38785017,3361797.37754453,9446499.71525693,893966.25,14812.0,31931388.88335452,72916.0,260254.99298882,158458.50963341,3471215.22205722,3779609.62592937,,1716162.0,763637.0,
2018-01-04,101788.0,914559.68284073,2384814.0,164970.0,2455844.57450313,14191800.0,3675882.38737241,5365988.3175361,3000.0,,719027.646843,1144472.27411893,9721436.0,720642.0,,2133351.0,5446432.83579638,9572513.23177298,5167935.50483362,1608220.0,71592.0,33365087.48510701,48220.0,474249.98722387,551703.94715615,8466330.02026605,6295949.37688545,,5379467.0,299890.0,
2018-01-08,1181950.0,3488462.6168267,2372654.0,231664.0,9242748.54637026,30135560.0,10373571.75461779,1132367.73708243,144530.0,,469835.76923587,921256.8113535,14863030.0,2504033.0,,5798917.0,21797386.36637342,17703090.33654425,5884450.79535883,2470035.0,19548.0,77490880.90788461,198396.0,1739484.95313887,1637670.15539626,32676487.53110454,856459.91523556,,14842770.0,552134.0,
2018-01-09,1054154.0,1576649.46195655,1119613.0,362453.0,5801464.56026995,26730550.0,6188739.11278035,546751.09422401,2223600.0,,334103.83590185,2236743.49952092,11509360.0,488297.0,,2136207.0,11592176.06288596,11549742.77715424,2119757.44786407,2044710.0,28141.0,157355782.10609788,113824.0,944749.97454876,744975.82885606,14653452.63985999,10100124.00038361,,3262637.0,57771.0,
2018-01-10,840048.0,3392580.05192693,1434926.0,1661744.0,3967790.89184211,47234890.0,2580534.72542995,1327633.82293966,2242.0,,357773.82427612,4042810.58629856,9061578.0,1048821.0,,7389699.0,10251119.3948246,5854545.07584922,2137879.01042193,1764951.25,7690.0,43560306.18791267,61018.0,1533444.95868952,555148.95098904,5413773.0202119,6511466.85555554,,614160.0,387258.0,
2018-01-11,194905.0,1203031.46917168,2987175.0,615089.0,2692186.22077697,32429050.0,1245738.00782234,915035.46356594,371200.0,,437512.28965755,2583755.88456483,20090150.0,1260277.0,,2165396.0,16243637.31706911,4917030.09309763,1282523.26332963,503327.5,9456.0,60688325.17124448,143323.0,2111754.94311005,900381.00175901,12582179.98306886,1806589.82120053,,2949302.0,274622.0,
2018-01-14,753631.0,2148281.11867961,1060116.0,295778.0,1285503.70652556,25210840.0,588714.20265301,7627.81795629,0.0,,270721.3698455,3425174.48226374,19836680.0,202158.0,,4483209.0,8808794.52528796,3036408.87322439,402917.01225967,1654145.0,22909.0,142803341.68801826,7030.0,309159.99167134,649664.05614604,17951029.69218973,3221032.18121218,,5336712.0,257571.0,
2018-01-15,898808.0,1393092.15242387,1236599.0,481407.0,4624564.92890296,38929800.0,6272369.90243996,487817.11977601,8256.0,,724463.65170017,2249452.35910572,5400456.0,1736679.0,,3364853.0,10634493.15755503,7305152.70962848,9792402.52530364,8939728.75,26108.0,127511596.44879402,97807.0,210504.99432907,4253261.39882221,21395430.16192889,25992529.927501,,1055109.0,106328.0,
2018-01-16,818888.0,249991.00962011,1332016.0,127231.0,1288753.51289464,13387610.0,1218325.35633409,142567.54989731,576.0,,434224.29123832,851308.09019362,5603669.0,287201.0,,2559196.0,4311719.57825971,10747691.40027955,2503769.52236542,112797.5,3041.0,32227409.87499851,3796.0,237399.99360453,1916580.46571035,11651475.3458198,1817427.32012794,,1168218.0,1314790.0,
2018-01-17,416545.0,2207423.75907031,3821102.0,1428165.0,1975875.31350057,14790860.0,2574582.7683003,1075794.75390663,898136.0,,455383.28106573,1515585.44578125,2301109.0,864076.0,,2265429.0,9972379.84026621,5974807.66984516,2078370.41747168,816996.25,2098.0,79552998.92013372,105082.0,1908004.948599,193555.21534848,8118590.24094085,2156109.7866083,,2016185.0,3023124.0,
2018-01-18,379460.0,1460482.32834079,2833960.0,1270562.0,2155401.0195167,29247600.0,2220929.5009263,205557.58627444,55840.0,,180793.41308009,6360593.45773504,5255778.0,2176426.0,,2321511.0,12656230.17984473,9303811.27175843,6865689.50783127,2004388.75,7996.0,124755445.59426516,226403.0,2029764.94531883,306118.67391931,9103841.14379206,2156959.78652417,,8925383.0,4189893.0,
2018-01-21,300202.0,378830.62057532,955511.0,745143.0,1131405.82164995,19258590.0,1003260.56989196,67954.17187249,0.0,,164051.92112888,1727020.87451746,918877.0,581327.0,,2289670.0,1629129.241188,7430999.80798921,1677631.34339308,1348036.25,9656.0,194413861.6575748,141297.0,1646589.95564143,773987.52780099,10704014.01806557,2338264.76858029,,4322206.0,531051.0,
2018-01-22,282745.0,345767.66716161,2700624.0,1356232.0,1509629.00358972,40144830.0,3192794.73809959,4773167.62438562,542500.0,,151139.92733657,1353243.57856329,1004650.0,848100.0,,1960075.0,1834563.64990421,7866330.14823871,5716192.66096712,2102782.5,29261.0,103697426.96956052,154040.0,1382879.96274569,361023.73500638,9432217.63631129,4556212.04906848,,5697486.0,269913.0,
2018-01-23,165950.0,279678.16598858,933536.0,164998.0,2523759.96049679,20285380.0,3474861.79263752,1615735.29638394,600568.0,,136559.93434619,1100778.00449882,1163418.0,1556235.0,,903557.0,1829883.64059323,5584733.86496769,7077489.34222613,73666.25,17241.0,60255689.02242218,60656.0,883849.97618939,517282.24219208,2557099.3036573,1161524.88504306,,650944.0,1798321.0,
2018-01-24,629272.0,1876529.45653746,692665.0,265845.0,416107.43434507,12702820.0,3127414.2266267,3097832.43293846,206480.0,,217853.89526255,1323596.1509501,616583.0,385628.0,,630711.0,2908103.78573562,7765674.069567,8021430.08772875,107803.75,20620.0,62415724.44681758,433938.0,3924424.89427734,1177661.31025958,17370515.60144,12875968.7256563,,4317454.0,141621.0,
2018-01-28,745053.0,537612.22747986,959704.0,128211.0,563862.28173585,20180670.0,2485893.64250732,2486971.34493897,2473000.0,,570868.22554412,734576.03085202,618820.0,729027.0,,970800.0,7281554.48681074,4042238.40936989,461521.23344385,135652.5,17201.0,205511967.58807287,22205.0,960319.97412931,1407101.56553356,14325766.2477589,15843530.93195458,,4884078.0,420616.0,
2018-01-29,878795.0,1379506.22411924,2742790.0,284937.0,1342632.79728993,28374150.0,8020300.84546521,4237162.06736195,5066.0,,1242404.40269019,1506395.86149556,9679726.0,768103.0,,3165620.0,6202452.3399136,3388097.64810054,3682200.06079174,1094280.0,20185.0,55138589.00130302,837885.0,1199729.96767969,2780618.09370059,15756500.24370569,36896796.34829806,,5037753.0,283778.0,
2018-01-30,600032.0,1175396.26786992,6667663.0,490923.0,836915.60574006,27421140.0,1881422.47457084,1923481.42797756,230066.0,,1426488.81418807,2595184.64887261,14142070.0,789111.0,,1186964.0,1850763.68213453,4033033.65217555,1695586.92348273,2145028.75,142538.0,135922774.33982715,180846.0,289904.99219006,199466.88859244,9971588.79010811,50404740.01140736,,4547634.0,1293162.0,
2018-01-31,1325463.0,2028129.22070849,2896257.0,263531.0,613729.76019586,24125630.0,4458159.31076653,1777765.88971734,322180.0,,498011.76057127,1189608.45989897,7396218.0,1023876.0,,2506067.0,5512285.96681261,4248223.82036587,1430331.42689441,916553.75,40653.0,123395739.34976909,181486.0,597064.98391527,581098.9798609,9575915.36429013,17100638.30753778,,3647905.0,3302099.0,
2018-02-01,635742.0,1370570.29076418,1206552.0,220393.0,951434.74602436,16148515.0,1787275.08966777,1883616.99842028,96656.0,,1147179.94847118,586920.39547103,1378176.0,94379.0,,7553081.0,4466807.88681127,3877700.28076867,3500900.66835997,3516828.75,15018.0,64935733.97833094,116110.0,487544.98686571,470763.85710264,5014568.1421075,69133680.65779088,,3236136.0,4601097.0,
2018-02-04,475705.0,495550.45821711,1705029.0,416416.0,302482.51272978,22420332.0,1249395.23449237,10037875.47016877,44480.0,,382456.31612677,738170.29631638,1497076.0,264037.0,,2528886.0,2266123.50850192,2552721.49517956,1634854.40373414,43912.5,9760.0,57705265.28050622,56646.0,175834.99526307,160026.84471167,6351809.72143441,18171808.20152333,,2807109.0,247832.0,
2018-02-05,485731.0,535527.17636368,1201354.0,419878.0,426608.41466828,44590686.0,1209182.28965901,4188277.44038017,16702.0,,246686.88140054,599858.17240238,1390503.0,1299012.0,,1332671.0,2253253.48289673,3050919.13456545,4744788.79754594,1509622.5,9901.0,105872198.99026528,76506.0,1568379.95774838,1475546.64168518,3775281.35893716,26197379.90722685,,1872459.0,589656.0,
2018-02-06,469517.0,2117908.87408725,2182224.0,320816.0,1493693.12225098,33687948.0,1807356.73927899,2956717.8007471,1794.0,,264172.37299405,611396.1329157,3725383.0,2314934.0,,1115295.0,4188788.33368533,3493748.73067628,1195784.23816394,854762.5,21516.0,115096184.21482565,275082.0,1522379.95898761,1630228.48045002,18157193.65054028,9074046.60193522,,3807552.0,1032143.0,
2018-02-07,1244646.0,1233145.56457822,1324168.0,771693.0,2716434.50834241,42704643.0,4734130.98752108,3247997.53167318,0.0,,259958.87501977,1457027.33603806,6216169.0,2290950.0,,4718556.0,3192459.35146719,22913853.6592206,18142822.27493937,1319836.25,17736.0,149167238.7102173,201078.0,700014.98114184,174523.52750726,25700028.66035977,7186239.28877283,,7836513.0,1059682.0,
2018-02-08,204090.0,1845462.19490637,1611724.0,280380.0,935645.00158872,17909803.0,2862703.82927919,8902662.43591217,20400.0,,167693.91937792,2121131.03019037,886045.0,2328224.0,,7271058.0,1558101.09987597,4954348.62226539,4949012.38544769,464791.25,14397.0,90801554.25829925,133684.0,6398519.82762608,116290.12938377,8983886.10820533,4150762.08919615,,3894450.0,456141.0,
2018-02-11,219671.0,1548021.3791709,1232211.0,263857.0,607024.85990334,18578548.0,625515.39078138,797318.86026433,400.0,,97909.45292815,1135736.57767555,1147193.0,1152621.0,,4229341.0,737605.46748209,3787760.96047307,2092748.84268559,77637.5,17476.0,108370250.5807768,22920.0,654929.98235641,451792.16932818,7039524.1325645,21076470.41404686,,831949.0,706836.0,
2018-02-12,458882.0,2917545.83477204,2226390.0,92850.0,1254320.87496271,16646081.0,1593533.09310951,1347399.55756449,1030964.0,,112481.94592214,1649154.7706473,6495252.0,1970263.0,,3740594.0,1813359.60771831,9594324.74882063,848623.37408244,1181690.0,9521.0,168718014.9706922,150700.0,2556269.93113497,458068.84297824,12964069.61431792,5919994.41409398,,2252552.0,423565.0,
2018-02-13,755586.0,1311973.73518962,1658385.0,174642.0,714195.40163143,20230718.0,5165548.58819937,8040749.27597038,0.0,,162253.42199355,1541299.17876105,3702148.0,1119919.0,,2699049.0,1228439.44400694,5457575.0155817,1647000.59743626,1731987.5,6128.0,138194161.8165662,78423.0,971724.97382206,314558.68330962,4375978.35722409,4815802.02337668,,1860960.0,447999.0,
2018-02-14,258505.0,423242.20934996,1034005.0,174223.0,2198800.20028922,16413201.0,1435362.17676495,5911468.1087674,0.0,,91109.95619714,1264144.73730856,3348241.0,3945696.0,,1691042.0,1786098.55348185,6974852.45146937,4305983.89367728,527792.5,736.0,118671265.46380456,67845.0,1021339.97248545,82755.09207287,14216793.11809322,7749364.23303996,,1451965.0,402124.0,
2018-02-15,204654.0,1238047.08950372,1355290.0,182196.0,1017867.8862865,79231018.0,3287587.51594443,4127164.08937324,83000.0,,181093.41293586,960591.12645352,9046862.0,833423.0,,870329.0,3070635.10909522,8411150.07406408,2949103.58706322,955850.0,17369.0,125710867.39560962,108912.0,1488684.95989534,66188.4069742,28341292.89434004,4109749.59325519,,7484917.0,591363.0,
2018-02-18,830335.0,959219.49198634,1400706.0,418750.0,540797.00719556,87288947.0,2833059.88338968,3883255.52948523,0.0,,200711.90350389,1091076.6452257,12190658.0,1416400.0,,580486.0,11408224.69691072,4493692.26222135,6104185.21222959,3762.5,10740.0,144534138.94013715,91916.0,652199.98242996,42248.38033865,24179089.83761504,8692906.63965691,,7862346.0,2303902.0,
2018-02-19,1147171.0,1671711.24482963,1571157.0,157961.0,297447.74847276,67852557.0,3225298.82279514,3926752.25330741,0.0,,287932.36157098,3113437.73407771,16192717.0,2328947.0,,559397.0,7970550.85758398,4296853.10837399,4827758.31432133,281621.25,5122.0,110635233.98032331,47620.0,390099.98949084,202880.22572344,14521696.07762097,3594142.36716292,,5045385.0,1360565.0,
2018-02-20,613991.0,3544623.30316077,774392.0,316204.0,697156.53461924,46933722.0,6225918.15916949,3377670.43693009,0.0,,140236.43257864,1119261.10680801,3186468.0,1518938.0,,982666.0,1132823.25377646,3983166.86320021,11277855.64402575,3645863.75,31320.0,101672408.2611762,100017.0,452074.98782126,247603.60881576,9177598.91458329,2724081.79412632,,4375941.0,1911589.0,
2018-02-21,345443.0,2238199.77546612,755934.0,595186.0,643973.14023874,36247267.0,4587362.01314779,4190759.50812785,0.0,,161645.92228561,1395414.36377354,7578919.0,437765.0,,3970639.0,878986.74876322,2640116.06348621,9238945.61932474,7268182.5,5837.0,238461238.6504461,13976.0,204409.99449327,170811.85671101,9811008.8988208,7006758.61476967,,2751459.0,96887.0,
2018-02-22,991369.0,5754433.28739737,1789854.0,267149.0,614533.51316295,108388829.0,4043364.71547306,6329060.87275534,476500.0,,355301.82918181,1307587.72409422,6076217.0,488854.0,,2198564.0,463482.92210934,5926410.13201817,4876806.90929797,3440043.75,93553.0,175534995.29799926,24385.0,3507109.90551967,627722.36506716,9171037.90122366,12659636.3378505,,768816.0,1521859.0,
2018-02-25,575863.0,1901040.39076989,537315.0,2057055.0,2082986.70457741,59084528.0,1440867.32339646,647456.45271834,0.0,,97223.95325771,1091977.84282566,274459.0,795215.0,,922774.0,919504.82937482,1691526.5720789,2531415.6863704,1820.0,44072.0,201772999.71309823,8359.0,1511249.95928745,117531.79743191,8578331.69912751,2918153.9219455,,1168766.0,940563.0,
2018-02-26,942012.0,3591090.15660707,990915.0,391387.0,1292528.71622489,26970887.0,4590520.02561927,1529377.50023595,0.0,,176215.41528105,1757886.56341176,6322407.0,1330503.0,,1724502.0,6898927.7255665,7580429.1747816,4862654.96483508,558553.75,1211204.0,127562354.69024576,22915.0,823034.97782772,2516251.13290068,24435499.5824224,20211449.31160218,,3924547.0,695347.0,
2018-02-27,1089687.0,1202475.4555407,918652.0,172907.0,1100922.35955197,24221724.0,1136517.6638305,3722042.20236144,0.0,,194102.90668129,1533868.57431644,6908442.0,4049859.0,,1651038.0,7806516.53123413,12767189.47869744,3138723.82023805,2316825.0,126272.0,116365400.64234112,130725.0,550804.9851615,2445041.05367273,15236678.5621649,30619706.16665609,,3629530.0,1063160.0,
2018-02-28,763023.0,1455031.40899421,2094812.0,171411.0,712567.01899682,25905228.0,10168455.3969832,81642503.07888854,24794.0,,121958.94136589,1114607.76971159,1518526.0,890091.0,,1326363.0,2605073.18284966,116290420.64133708,2660216.53046749,239547.5,401754.0,80774579.22273538,178486.0,695249.9812702,884059.31693293,6654827.55328034,31819838.95708383,,2353454.0,988034.0,
2018-03-01,473631.0,923515.47382546,1328543.0,132792.0,159692.84059454,18827615.0,6934019.02369197,17687941.22883034,457044.0,,287576.86174189,728691.27630515,1672160.0,628549.0,,1244327.0,3648121.25801645,9139174.14307983,20824760.79141078,395435.0,248513.0,52043192.21221166,82469.0,237784.99359415,407060.45289325,6389970.65555407,7445732.90388556,,990413.0,1453716.0,
2018-03-04,318299.0,387018.58321251,1541763.0,76980.0,384653.20567645,17163851.0,1668600.01488794,6668196.08062146,14504.0,,231943.38848876,1351996.37370963,5423468.0,379055.0,,663783.0,13806990.46930731,10005854.57046789,20713896.9125471,13375.0,73408.0,48197592.84259854,74623.0,996604.9731518,119895.13339467,9003428.49731924,6644182.37597083,,3900088.0,610831.0,
2018-03-05,328146.0,322448.19070985,2395668.0,356283.0,1267253.99088763,18976012.0,4157042.13208841,9595401.49046626,6736.0,,182483.91226735,1768319.40570031,4950944.0,1502187.0,,752426.0,18748837.30121887,10786845.93088231,8131667.26643207,1376472.5,187756.0,29536447.06065183,174735.0,885734.9761386,310878.67921526,11627262.13041533,4197506.76454891,,3639681.0,591346.0,
2018-03-06,469059.0,857594.76250471,748528.0,147763.0,1173761.16740028,63749963.0,7256428.65326952,8062876.00186739,381400.0,,333829.33950513,988530.88328606,10311782.0,2295556.0,,3380399.0,5127940.20214837,19134491.9553123,4868239.42170962,760345.0,149861.0,115943546.23700476,25973.0,3067054.9173746,609827.34515726,17488311.29055704,6068731.99696948,,23721308.0,960743.0,
2018-03-07,1100114.0,850300.39320302,642846.0,1081978.0,1052745.8938279,56665283.0,8770997.64414452,6787849.90753103,1225792.0,,163064.9216034,894785.28301958,6660928.0,1753647.0,,2592331.0,3455295.87438616,11375237.14076252,6252534.75786359,3737388.75,409964.0,95921033.8942528,591158.0,1663239.95519289,2418107.69037349,9724106.8400065,6438992.24082914,,11403509.0,1930057.0,
2018-03-08,1183740.0,359876.51304776,1736865.0,3898078.0,1539907.17813333,71553753.0,4386553.791304,8362237.58753286,2220.0,,646999.1889427,1285126.19617588,1726539.0,776331.0,,2331950.0,1810992.6030091,17556304.72181821,3314120.75200104,1926985.0,192821.0,65682507.64473594,66700.0,1055464.97156614,500925.55732706,14585881.48777338,1793637.18131977,,4808625.0,1346018.0,
2018-03-11,679593.0,367726.89598042,367725.0,815377.0,1838092.57002177,92694459.0,2223166.31150653,5029032.48622892,20.0,,185369.91087985,1610375.64589353,6187795.0,271766.0,,1375072.0,2104276.18650316,8135387.60853111,2174047.67611267,1629441.25,453572.0,260563178.57640952,314399.0,216114.99417794,460377.17887982,19756966.83322264,8561647.63884587,,11239268.0,1861333.0,
2018-03-12,737745.0,2204441.80501368,2763130.0,2978494.0,5432695.04418113,106247465.0,5015991.1853469,7859770.21422176,976512.0,,160556.92280917,1313477.74110883,7189678.0,2284423.0,,2622976.0,3982570.92341132,10097373.39199802,3826417.10833858,5692606.25,120705.0,249671647.96359536,805212.0,1966444.94702465,2519151.13612721,24140109.28276416,4758065.13374213,,8345972.0,1710959.0,
2018-03-13,1669519.0,439085.28822798,4284035.0,1718018.0,1798733.03078512,51504206.0,4088754.59428805,7533832.34218478,931172.0,,116330.94407166,3235137.56296301,2143977.0,2411176.0,,2268984.0,3376464.71754986,23352988.75244386,3829092.9939243,4803375.0,169373.0,185684617.1774448,702869.0,1616684.95644706,2065987.29860625,13643458.29782261,16920077.14384883,,3065304.0,947365.0,
2018-03-14,574006.0,2176018.9177347,5199415.0,598045.0,1427430.47504245,39213294.0,5725487.64315372,15828357.91079614,0.0,,96236.95373223,1640733.5066512,2938918.0,1483027.0,,2039408.0,3638302.2384813,4604502.59882951,7063725.20726842,830746.25,100466.0,102120765.85231732,511201.0,350674.99055294,921697.69214251,7524370.27018553,6238936.10906879,,5343677.0,9558945.0,
2018-03-15,189499.0,1175412.81589466,1016782.0,647613.0,1100219.51063703,105112979.0,28246962.52805824,32045885.88295738,196762.0,,105689.94918752,748818.89978215,1036743.0,2565062.0,,691170.0,2528420.03034655,17112856.37522377,5170588.12184902,4191465.0,71001.0,114022663.3925334,340628.0,1308839.9647403,1684040.20698732,6568711.72324154,6512976.28955628,,10585026.0,13147554.0,
2018-03-18,432587.0,283404.78115814,1618440.0,722514.0,1409010.2663509,58213675.0,3211356.68039922,6466876.17098941,320.0,,112690.4458219,1238824.3737921,1486811.0,811878.0,,2091553.0,5305294.5549987,6633554.18471433,5093089.82157266,2272203.75,77740.0,423175622.6644405,177774.0,456024.98771484,807604.23186942,15269631.36307018,7331798.82884665,,8384868.0,1384085.0,
2018-03-19,962703.0,455557.19204581,2501976.0,450536.0,434986.93044638,48550194.0,2877746.44938352,3784305.77988559,6246.0,,819016.10624226,1541361.01275696,4192931.0,1339306.0,,2169027.0,7641654.20323695,4234210.80941345,6576616.30267306,400921.25,52960.0,202155315.9027244,168151.0,324639.99125431,780177.53468796,12921127.55926609,5422119.57109961,,2829878.0,2498854.0,
2018-03-20,354344.0,444271.43917886,8971286.0,1521259.0,683283.96717436,64297513.0,4492729.20449364,1900749.31970306,5180.0,,531070.24467777,1700078.35532108,5678170.0,889317.0,,1256267.0,2190964.35897116,10481576.94228736,6384067.33211513,4561166.25,22664.0,152991065.76425445,48655.0,1414829.96188497,1196777.99819537,5793202.77738981,9584606.31258374,,1377646.0,344678.0,
2018-03-21,397124.0,77610.23599115,5347004.0,952658.0,5471536.14535676,78701688.0,3010046.48626738,2616765.32667138,96548.0,,148718.92850052,2012396.60619204,2668430.0,1605228.0,,2520284.0,3425307.81472427,9338432.04881766,4270884.03098281,739735.0,115413.0,239625460.696454,338333.0,964694.97401145,508410.56565484,11153248.14085334,8627709.68235544,,3528547.0,2260863.0,
2018-03-22,262518.0,152413.92698783,3459323.0,260579.0,2511717.58379081,100291924.0,1637963.15678033,2833189.52662165,246764.0,,176672.9150611,1335534.05901143,747910.0,964622.0,,2366906.0,2397370.7696212,1696172.82571037,1332933.84528846,2343132.5,78193.0,411759068.5814701,92930.0,688579.98144989,2087092.32208759,8965224.05246941,3717834.44862862,,1324098.0,1099071.0,
2018-03-25,161922.0,60221.5716032,1980902.0,357290.0,493323.39038642,37939858.0,823543.45841447,738990.26819381,7200.0,,191428.40796711,1287981.08492319,1405344.0,315627.0,,460026.0,1192853.37320768,3086037.16201332,1297007.17272895,2945.0,8848.0,170488476.76693618,165700.0,865639.97667996,264006.96039938,3057820.78652806,3876206.55293516,,2015258.0,491324.0,
2018-03-26,251724.0,248250.15741835,788261.0,275316.0,548361.33165635,84495019.0,2057079.67831207,3586587.89539956,0.0,,294437.85844334,2091946.69973804,317468.0,775709.0,,2729150.0,17432692.68272058,8450750.10501504,2609332.82091235,2335046.25,80848.0,167173980.10017654,38510.0,542489.98538551,1096926.22043416,6621500.35772005,3039330.00175412,,1657275.0,4757945.0,
2018-03-27,584318.0,384218.65742793,2174242.0,517199.0,6973465.1259328,89161282.0,3155317.81804502,3599482.54003995,10000.0,,166327.42003489,1806609.12095455,6931006.0,961175.0,,1800446.0,12074730.02293754,10156597.93828728,2052157.59739782,332971.25,61269.0,546512335.706914,306773.0,1266609.96587796,765050.85119142,26316777.07057203,7143574.70487906,,3745679.0,603687.0,
2018-03-28,175111.0,847096.69561499,1134574.0,212197.0,3837332.39076899,87968002.0,1997904.86820234,5678607.77726845,189368.0,,147938.92887551,1324478.92991298,10467421.0,2741677.0,,1831635.0,6205089.34515997,6896034.88986641,4526217.80919071,1800.0,60148.0,508309364.93502873,91857.0,1264799.96592672,1070552.85775796,33371617.99203609,4980119.27999074,,5025317.0,2664806.0,
2018-03-29,201855.0,1077935.02141076,2679404.0,2318174.0,3995626.4924338,73695509.0,1667372.66506278,2325576.40310194,867580.0,,164966.92068898,7489374.36867924,4011824.0,2736539.0,,1377764.0,3597217.15674163,7197501.37548936,2793837.0710949,22862.5,113284.0,577635490.8609842,101464.0,2715034.92685789,1471708.30408134,21395933.06501954,2363817.5568502,,4704302.0,236837.0,
2018-04-01,208774.0,246486.13798196,3879099.0,2771821.0,988132.50595443,61536766.0,495201.17833373,202288.52143603,1044.0,,195803.90586351,8989815.74793041,6154087.0,1803271.0,,723911.0,4797909.54554521,4438870.96937362,876931.91672227,58050.0,21244.0,247062945.57234904,292121.0,248849.99329607,3332205.37406027,10213846.41695621,4358666.87069168,,4777602.0,530919.0,
2018-04-02,516446.0,590671.81397923,3654479.0,1287094.0,892986.94368195,51776151.0,2899742.2131041,232830.06238006,1300.0,,338558.83723133,15736404.63608794,2301889.0,6367418.0,,512330.0,13626810.11083457,10473816.68622203,6738751.70059705,1580450.0,27808.0,252289193.34387964,166427.0,790589.97870178,1673623.52873112,11238247.87006923,7905549.20672835,,21305256.0,1484062.0,
2018-04-03,269187.0,957673.90647641,3073978.0,253714.0,1619736.20118023,55378011.0,1035772.928856,530617.65386408,37836.0,,426010.29518736,5081521.73069055,6464002.0,1069489.0,,1140444.0,7412288.74690939,5929015.6340546,3378503.33481235,2694675.0,123477.0,342764374.2752743,147115.0,483774.98696727,1699215.22387097,11920845.21695507,2795277.84101724,,15453368.0,1547003.0,
2018-04-04,496710.0,483579.61712628,2591521.0,258725.0,1154926.90414993,57948106.0,2691120.3237217,719285.07180673,1120.0,,407999.80384625,5528226.30454373,9638296.0,2056580.0,,4758953.0,8217898.34968719,9834964.68690221,4544154.77442411,2588736.25,97637.0,356394380.077065,197410.0,1551079.95821444,1801100.33722779,17607198.79543828,6083250.00653129,,19017151.0,1871970.0,
2018-04-05,210382.0,862463.19138074,929620.0,156700.0,3228713.94273178,51866174.0,16154323.23697769,4778918.75697172,1466054.0,,629995.19711769,2894733.52177981,3454955.0,372043.0,,2791334.0,2261344.49899398,2319443.56285204,4092151.9374753,1883492.5,17250.0,223150304.38282257,62371.0,1670334.95500175,2006108.89865254,11030710.7940245,1708161.12502379,,17685830.0,1942199.0,
2018-04-10,520815.0,417758.19395391,3009038.0,48920.0,5910002.52587711,25767633.0,3288039.84262157,3757699.2243952,1017180.0,,735983.64616171,2831773.35777463,6638062.0,729869.0,,1970730.0,2466319.906797,4193526.27761486,2223389.45507523,2430641.25,13500.0,97067789.10331254,62225.0,2561739.93098761,3647127.39110747,12228792.91571773,3205522.11121105,,7235508.0,1670382.0,
2018-04-11,561348.0,1189872.47990512,4272579.0,280277.0,5293075.15106327,52796549.0,1314546.8245372,6678245.42808769,101561024.0,,468584.77471886,4773875.23555309,33033291.0,4210320.0,,2108464.0,16927683.6779942,13318709.90975985,1805920.27894333,5091486.25,52288.0,186357878.0189435,271754.0,1253144.96624071,2721649.69475934,26387484.03086368,3980348.62152489,,14049495.0,1691661.0,
2018-04-12,102515.0,448047.69842261,4255165.0,241031.0,2158156.74397527,38731960.0,2956150.65945059,1852016.03831566,0.0,,267292.37149405,1207916.5851559,6919061.0,5442440.0,,341655.0,2702831.37734171,4103685.95739663,1853180.2964821,6436053.75,21257.0,127225013.99442932,163755.0,826564.97773262,1439244.93462943,16898948.33154235,5106667.36333745,,7799519.0,545504.0,
2018-04-15,170368.0,329120.35428163,1339484.0,146665.0,1085007.35491367,23854550.0,2040994.50037872,492962.86998462,0.0,,97834.45296421,939250.50416315,2310170.0,9418486.0,,209885.0,1026371.04198747,854611.41795506,936150.42816265,94693.75,54650.0,135014400.84954792,71275.0,606549.98365975,3493220.55320489,6310275.18790992,3108248.04714471,,2377978.0,959174.0,
2018-04-16,111226.0,838488.41314961,838069.0,863602.0,2481505.5187986,68077140.0,1765135.90529346,414808.00505153,21188.0,,100057.45189546,727021.7584156,6210234.0,6902732.0,,737451.0,1581933.14729034,5544008.83313744,1021558.49110658,58567.5,38209.0,129135176.9705567,116933.0,576504.98446915,1866067.0761761,3640595.41149208,5682321.74247316,,3452739.0,2077370.0,
2018-04-17,196831.0,3282317.2535354,1808179.0,372802.0,763857.59253709,44523980.0,1284285.06660088,1199323.02803208,22088.0,,750839.6390194,3928987.35599858,2976243.0,8895266.0,,1264755.0,3933322.82543116,4102851.2067442,1798997.10365693,3325371.25,18898.0,119588386.55227788,122263.0,566329.98474327,3462008.85181225,3172211.50803944,7888277.19535271,,3567355.0,1520688.0,
2018-04-18,143520.0,2628885.40095915,1685270.0,175196.0,821157.17635509,39545096.0,1998475.79272776,1536975.04907337,0.0,,1362650.34487964,1363259.37028369,3908775.0,5985177.0,,2641808.0,4599990.15178028,7521544.37875787,4498010.09702223,2849161.25,33720.0,150667749.57462832,93887.0,1962399.94713362,1074291.19525055,7822275.08529699,11776723.75634934,,1985262.0,1981637.0,
2018-04-19,472548.0,1415640.49092313,1173380.0,202826.0,1436066.47012602,75501106.0,1340089.49134802,1494265.32234192,268334.0,,2502415.79691548,2098019.58750651,901290.0,7846148.0,,314295.0,3197679.36185252,4058724.17225499,4637672.70974028,60161.25,49768.0,93070489.93253824,32475.0,776069.97909294,5969638.30845384,5052694.67239399,19137252.60411807,,2677468.0,1196005.0,
2018-04-22,1340229.0,506144.50365027,1013496.0,203938.0,3199503.95936087,26957239.0,533375.89503048,714472.28190574,2.0,,621580.20116336,4441280.69649155,775248.0,4275509.0,,472950.0,2739290.44987782,1120048.62541791,2409683.83393367,79798.75,63226.0,394857530.6646159,62706.0,970879.97384483,656394.0636338,2514236.17504625,10034460.60886538,,2627493.0,1546042.0,
2018-04-23,384375.0,987341.2052152,1471209.0,180554.0,1180476.50604303,53972461.0,1598983.07795112,2031754.06619044,20000.0,,510619.25450997,2479431.4085301,4121109.0,7860676.0,,548261.0,3530338.02368415,13894746.35998372,4304756.86440291,2630985.0,78338.0,168561146.01704675,58425.0,1099549.9703785,471757.19154116,9669290.40312627,26325571.33846631,,6988867.0,1161076.0,
2018-04-24,382517.0,4197479.28447636,940235.0,756613.0,1057676.2745827,58424066.0,3581743.27673782,1012108.52779539,843830.0,,625186.19942971,1966947.30358165,1926083.0,2082234.0,,1621657.0,4580757.11351573,4548475.30503919,868922.87482138,1125416.25,16352.0,130480167.24379078,80743.0,775499.9791083,322198.69180985,4073963.29592712,26536541.4774148,,1815913.0,1383139.0,
2018-04-26,267866.0,4180729.37384304,954123.0,538550.0,1107501.99964183,32833971.0,3372426.34880275,2838910.39008886,1653224.0,,238996.38509789,2400387.82750379,7857063.0,1628537.0,,313855.0,3300945.56730287,11643500.35043415,1584740.10823728,7020783.75,21152.0,166179685.24089783,67093.0,170004.99542012,770330.85706593,34791347.82075802,8753883.76545583,,1227218.0,2989344.0,
2018-04-29,201171.0,883055.55335673,522961.0,1377932.0,1139109.3241137,23127712.0,423874.22591017,67197.44390064,2000.0,,245359.38203876,1474818.42383984,853322.0,7734630.0,,952324.0,1807689.5964377,882304.43959962,413994.40296552,78125.0,34304.0,366746423.90529054,62653.0,688559.98145043,210898.56797794,1481492.8042687,30656324.19077334,,5373314.0,1198420.0,
2018-04-30,182902.0,346561.97234872,576446.0,792181.0,1373220.64289013,27221177.0,772107.847427,2043304.71012776,1921546.0,,436220.79027847,1312650.21805719,987274.0,12505463.0,,1218241.0,3365151.69504236,3066054.8963954,657870.7371525,480796.25,30460.0,328704359.4400635,33965.0,6135259.83471821,931729.36997037,1865084.41338187,5964725.92846933,,5038999.0,1873764.0,
2018-05-02,251504.0,959193.01514677,748080.0,571682.0,628802.73791627,19394083.0,3597858.79365561,1204245.58486124,767934.0,,1488057.7845876,2197068.43963493,478873.0,8221015.0,,576981.0,4848489.64617542,2096938.6389446,1783585.55392123,440192.5,35789.0,145672659.5990548,264046.0,4734834.87244518,373987.08276266,2915144.0428922,23472323.45926902,,1016004.0,772415.0,
2018-05-03,499864.0,594649.9591247,607309.0,310762.0,1172696.45567765,26941275.0,3190447.60393957,588885.11118543,16000.0,,477737.77031838,1118345.43742178,1658577.0,3185294.0,,929675.0,9206406.31634525,3007750.60082539,2649852.70925116,2761717.5,26036.0,109034000.69733062,275827.0,2098944.94345515,789209.21140322,5111987.65509516,14568431.59501532,,2675279.0,1150761.0,
2018-05-06,444945.0,242815.7860965,1778335.0,195060.0,557922.86045959,25917263.0,972565.79190496,55190.63750851,0.0,,454783.28135419,1498841.58905913,2056406.0,1922104.0,,1949508.0,4807971.56556382,2080133.37580979,778927.80105023,123668.75,41565.0,99387003.48665307,102343.0,3889354.89522212,155515.17302534,4466981.55532689,24514186.1454574,,1721443.0,558734.0,
2018-05-07,273903.0,2005332.66183825,3229897.0,111039.0,255109.79997279,19774244.0,1300210.27534353,845940.29798696,47036.0,,308917.35148204,526719.08017696,4443991.0,4774322.0,,225867.0,4357547.6694357,1703530.33146091,547141.81599662,396250.0,24981.0,70045844.68653993,82311.0,2251756.0,248055.27598495,7324758.21829759,5739135.77989184,,2802307.0,133731.0,
2018-05-08,98955.0,1146397.50933029,2534768.0,478850.0,760990.52567614,52676565.0,1771940.11207699,892917.92289366,250.0,,174563.91607504,1251587.1736712,7798283.0,8980833.0,,181292.0,4660128.27142637,2391263.61898583,453555.62620754,939203.75,45898.0,88470024.14357838,81277.0,1077572.0,605342.34016727,8732963.77478743,5706189.75819304,,2676855.0,1123244.0,
2018-05-09,784093.0,1005868.37370469,3294771.0,534436.0,1379615.87212607,34689300.0,1193618.39064017,1738797.6827042,250.0,,237863.88564236,2100667.92439514,3850702.0,3013529.0,,2839667.0,2800121.57090266,6420701.76835117,2476217.98387969,2478042.5,24844.0,118270531.1069227,49873.0,2262297.0,1151252.94754445,8747612.72457266,15452840.17750176,,3291375.0,2151495.0,
2018-05-10,262625.0,1517910.5933693,2653850.0,220159.0,776046.10614617,66371593.0,3207429.1609587,1944304.61227886,4262.0,,299122.35619117,1012826.38121074,3588253.0,6413645.0,,850707.0,3228873.42391378,4707937.42967306,1210337.95327419,2876.25,47488.0,249951826.3407676,45232.0,1303257.0,203948.56024539,10837424.99992874,10615452.99151679,,2919123.0,674905.0,
2018-05-13,159416.0,144977.24467345,1167333.0,187052.0,579606.79332052,59820800.0,957101.18410793,432958.9481038,0.0,,167642.91940244,1380930.73694445,1284853.0,1153671.0,,724254.0,3182649.33194995,1185566.42662592,1612065.16597198,56250.0,16960.0,142051334.4158561,16598.0,1689452.0,568617.29930719,6954708.56504377,2952051.94427131,,2970734.0,250287.0,
2018-05-14,114130.0,1476328.71682376,1034856.0,4415166.0,626301.01331309,75080757.0,563372.87637531,9470027.29712789,204600.0,,192218.90758706,639312.20864342,2186137.0,2180738.0,,543686.0,1391249.76792162,6339224.70466958,964367.44775926,50312.5,21834.0,94181777.79460226,175932.0,1552848.0,426218.80754206,8056512.57150838,9601674.32382502,,3520439.0,773647.0,
2018-05-15,194346.0,694153.23183575,1686066.0,1399136.0,4660027.48405677,37229993.0,2122440.8831585,5224787.67524369,497782.0,,246427.3815253,483929.95500761,1792304.0,1515599.0,,638482.0,2644655.26159906,5453486.76238637,814286.72049416,2397978.75,18098.0,140348906.91632432,93961.0,1036476.0,171433.52406934,3668996.7876454,15534712.23142408,,3971692.0,208101.0,
2018-05-16,64316.0,384622.42923138,881413.0,585469.0,1232000.20273825,47343586.0,1213791.05720473,25637.91771648,3156936.0,,248078.88073131,718503.13876637,1757811.0,1327992.0,,687901.0,3573466.10948841,3556694.77987424,579627.8426262,17462.5,19658.0,126549956.19568291,12505.0,1082406.0,1163277.96092341,4125550.83187727,3490612.29897627,,4515757.0,3034105.0,
2018-05-17,139999.0,12728.74062354,1162294.0,352597.0,301042.02039916,16778473.0,2018267.84294204,332899.43216743,0.0,,273947.86829429,732160.55816075,67789.0,5070505.0,,505971.0,1368704.72306776,1152057.15043543,1507493.10852027,1653686.25,5376.0,52187595.90288376,85411.0,3421162.0,205988.56251509,2562741.53229599,970156.63896156,,962392.0,1031006.0,
2018-05-20,52071.0,284255.34962934,267824.0,358740.0,2692252.33032838,25740858.0,1618642.73986965,354864.70051406,0.0,,82967.96011156,251653.83841604,1396770.0,1339813.0,,197718.0,738145.46855644,1853000.19828495,603895.4102221,92453.75,24660.0,169067666.24162707,3795.0,2436963.0,101673.44645466,2596293.36464928,2699431.7778914,,1856429.0,663281.0,
2018-05-21,254204.0,588851.53125875,393437.0,151402.0,1978544.0517073,22872657.0,2897163.39942651,489693.30911118,3200.0,,417529.29926476,620756.74740285,1211452.0,1975387.0,,2427341.0,2153560.28455494,3684861.63004806,203359.54832421,183500.0,11036.0,99269438.13880466,37149.0,3841375.0,59243.39924722,2831832.12525618,6314994.15916191,,2034855.0,2306941.0,
2018-05-22,160833.0,2521462.24361157,2890533.0,297605.0,671680.0011777,42145965.0,1364542.71280842,972222.93401192,0.0,,266864.87169958,460243.58772348,2702416.0,1327081.0,,424517.0,3060222.08837829,2270863.77488261,103760.75996688,1133750.0,59189.0,81488244.53193177,70044.0,5421885.0,142205.15821669,4471519.82567204,13372072.8070732,,893039.0,855992.0,
2018-05-23,171524.0,183467.95019913,523544.0,378492.0,156662.23958012,44597815.0,1259622.23033888,810646.54113051,0.0,,122017.44133777,591479.00814818,497840.0,650670.0,,594408.0,775261.54239967,1525138.94203213,158598.57523679,341206.25,18484.0,46634662.85060787,46000.0,4087902.0,922269.35944522,3291629.23670236,6199258.08293617,,1869870.0,489757.0,
2018-05-24,213495.0,785650.57018165,511156.0,134767.0,216981.98606232,34068937.0,1346052.48083566,1764475.95920496,0.0,,254672.87756112,239748.82077807,1753190.0,804704.0,,478347.0,1222958.43310235,3384018.39491224,458538.20273004,1038740.0,14205.0,43509037.47653982,7094.0,4419061.0,76075.08464073,3793522.47365556,8137497.35949332,,1253767.0,43472.0,
2018-05-27,68182.0,9266.89384969,703881.0,87080.0,187149.18112817,13211562.0,1110859.1572609,134112.24017608,10000.0,,420313.2979263,1292105.54401204,5671702.0,338932.0,,533744.0,410139.81598207,936772.48217126,18289.0962641,17223.75,25796.0,84800472.44348633,6727.0,2277033.0,42666.71413742,2144716.7455741,3959302.60766363,,224772.0,171460.0,
2018-05-28,29849.0,613590.82823248,296259.0,38250.0,820332.54668756,19069675.0,1186279.11449466,625540.97701147,12000.0,,177490.41466807,561021.1605035,2620530.0,313249.0,,4749814.0,4637619.22664414,2150596.68088314,72055.00606171,252.5,8825.0,68143676.49437952,36834.0,742867.0,219743.57781884,10213428.51157103,5154403.39477721,,3398217.0,2881060.0,
2018-05-29,45615.0,599759.98916182,294572.0,214653.0,454245.68660576,13710769.0,2519616.80275955,1802988.32910806,78800.0,,224398.39211616,1172698.83544313,2240830.0,1209097.0,,3460316.0,1556157.09600833,3817780.483936,530676.97564486,69477.5,21745.0,68954189.29139255,131241.0,1570704.0,522847.24838368,5394924.77902592,9483082.24571827,,2159320.0,1254663.0,
2018-05-30,105911.0,134618.18119148,1602661.0,376662.0,394823.63824264,20142589.0,4047099.16864894,796480.60784679,4000.0,,128003.93845964,733598.52746988,1204426.0,270403.0,,1562601.0,2012539.00399004,2602079.78375746,831223.1372042,1903671.25,36400.0,93422817.30336273,40190.0,2938246.0,972726.08224976,6346297.0131088,10141900.67962723,,3108705.0,1257042.0,
2018-05-31,107669.0,493395.90539706,1563250.0,203916.0,964667.09465563,21955122.0,14248604.75204765,9755817.9383397,4800.0,,104425.44979546,686128.43724849,7822768.0,3114552.0,,982602.0,3096609.16077116,2308445.55425612,2065605.27979931,2323537.5,25793.0,81242821.93762279,94417.0,1741801.0,769397.52269417,8788960.06076965,16030092.55768994,,3403421.0,527738.0,
2018-06-03,69061.0,25318.47783933,160040.0,23093.0,187427.53713409,9327456.0,1407033.83956444,123881.28836006,14800.0,,55577.97327982,283265.48211206,698357.0,963594.0,,258684.0,662419.31789761,3881694.03389014,87254.03618857,54447.5,7357.0,56502549.16180858,2570.0,1617908.0,169650.18875188,5340265.18314982,30951206.38498774,,1247595.0,67274.0,
2018-06-04,335302.0,476871.04790009,256151.0,118031.0,191491.53482048,20498383.0,6197184.38281325,1122609.85395057,10000.0,,96004.45384401,920645.04947907,1413179.0,587856.0,,1017297.0,1812126.60526522,3433338.43346025,929228.80411427,153681.25,17914.0,82367137.09519958,12681.0,2828234.0,122278.46937969,5709152.18921823,10676041.0314211,,7331304.0,1357069.0,
2018-06-05,154446.0,53516.31198196,1294421.0,124750.0,325419.04761733,13876255.0,2726277.69051119,1306666.08967822,0.0,,78650.96218704,334239.06022934,1359558.0,695560.0,,1343850.0,2118370.21454353,3997076.37407173,3177452.02866295,615462.5,41937.0,59150204.5330475,52818.0,3483429.0,351650.39124432,6021008.77055465,14164409.32891943,,5900835.0,1857046.0,
2018-06-06,102787.0,1053046.79221445,671573.0,319269.0,869883.39519084,22886774.0,2019627.58106294,1386172.89471791,0.0,,105412.44932094,527588.70297049,1589188.0,850433.0,,754590.0,3856183.67196114,2123785.65992794,2630093.03934344,2043058.75,41208.0,112084398.78943405,239441.0,1850386.0,288195.32064455,3311627.9825444,25817543.00387025,,3568537.0,1589017.0,
2018-06-07,144695.0,295977.9703492,1587927.0,78440.0,382426.35762912,15099542.0,1627413.46446294,884240.78427258,1220.0,,87908.95773608,627997.90300892,2450212.0,1465482.0,,963541.0,2482456.93890198,11350073.1210946,1275423.24690887,742793.75,11305.0,86044482.48504724,6792.0,2050121.0,423270.47092843,2866006.26223873,17311077.40136821,,2942974.0,1665584.0,
2018-06-10,38646.0,23746.41548983,246134.0,50350.0,992714.94170184,7507501.0,199098.20635705,721433.4484705,0.0,,64412.96903223,207521.46835683,1828625.0,648518.0,,114660.0,1525908.03582717,1454873.63711353,28916.62794395,149410.0,14009.0,55157829.5923206,141720.0,1917409.0,522517.24801652,4814501.75724633,26622901.534293,,3753436.0,127556.0,
2018-06-11,56678.0,28005.87705574,367652.0,54295.0,82462.96675289,7728297.0,11549604.56663948,1074159.1334175,4067916.0,,200225.90373755,565835.0028659,726897.0,2277983.0,,519440.0,3208587.38355426,1828011.67875419,1679848.06252467,4898042.5,18729.0,45373804.72351837,63150.0,1307804.0,436575.48573152,2611842.88536141,9191736.05383275,,3846291.0,400011.0,
2018-06-12,8950.0,64656.44223126,112699.0,20812.0,541847.80111789,5601085.0,1257931.5214786,2155270.06742794,220.0,,41032.48027285,497055.86516056,398692.0,1486552.0,,194885.0,1035290.05973205,1850815.44657737,574203.1632678,1264832.5,58037.0,51134473.25238986,12260.0,1923749.0,64700.07198495,5316306.96086172,1156816.76189907,,2417173.0,73988.0,
2018-06-13,62583.0,434316.14750034,127547.0,167445.0,151634.43422325,14940971.0,1395529.84828186,489794.20607188,148620.0,,262907.87360198,458493.81720094,1414347.0,1237230.0,,369619.0,3990544.9392758,3352612.87036602,2832897.24445623,3521498.75,14196.0,56248262.95341433,0.0,1801460.0,117716.79763774,6080411.03601999,5512627.63070975,,6306665.0,297319.0,
2018-06-14,249743.0,95194.16707094,1134914.0,28779.0,100103.77862788,39260373.0,3771000.61977763,2399844.30018961,10000.0,,111731.94628272,262591.87760735,920608.0,549563.0,,297770.0,1574463.13242859,4621541.86214722,2477085.12593326,85587.5,17504.0,31679381.74268899,16230.0,1640231.0,298483.66542464,4119350.04688841,6690898.4067388,,2903120.0,1320721.0,
2018-06-19,42926.0,72622.66133705,243509.0,284638.0,379980.30422712,56754722.0,3163048.74289878,1326986.73756527,769584.0,,132292.43639787,363208.94512139,477337.0,520359.0,,546850.0,1373267.73214597,1586568.4900448,379860.96155794,1213188.75,24320.0,53982106.50430154,45452.0,1676162.0,71748.41316023,2379419.69541064,24530200.15600449,,1432060.0,153766.0,
2018-06-20,12287.0,932878.3462186,141082.0,120240.0,260262.86553233,43928498.0,1844179.99212332,467253.82504922,152176.0,,197278.40515461,756436.32183142,3373161.0,1276525.0,,178558.0,9294417.49144539,1477252.15460433,758836.16620607,1042445.0,12000.0,48365282.21169364,106156.0,1148198.0,428980.47728135,5827237.27528482,2052275.35166324,,1473775.0,418559.0,
2018-06-21,22360.0,174436.03830063,237438.0,152700.0,55845.17368708,42481105.0,1738172.82239285,423605.79984596,0.0,,150289.42774547,1276453.64934534,2763570.0,844083.0,,2145253.0,1492931.97022057,1366230.31783086,1410052.09224974,458062.5,17248.0,50254546.85862518,40887.0,1347381.0,755222.50692313,4854684.42250301,5435277.57976569,,1198422.0,101286.0,
2018-06-24,36702.0,97279.21818712,361681.0,136731.0,158349.77286599,41121718.0,1358143.94518062,389189.84654769,10184.0,,111445.44642046,1925015.96065343,2594031.0,1545520.0,,543525.0,4303358.56162529,1868738.96058619,127713.42624457,55773.75,75573.0,49831382.76278406,1224.0,3678260.0,118566.79858344,3230300.35657991,37789052.88850902,,839224.0,89378.0,
2018-06-25,397421.0,121244.06760341,1270055.0,122891.0,812757.78387654,39276220.0,3348886.05496511,977287.96143958,219694.0,,82264.46044978,839129.42423332,6408007.0,3702773.0,,255770.0,5140540.22721639,1429471.11725919,431507.88021927,395872.5,44592.0,52075766.89632089,6163.0,3112815.0,698720.77739294,3410105.91934054,4494360.9600621,,2070038.0,535348.0,
2018-06-26,310599.0,72609.42291727,628009.0,197220.0,262472.31632929,31588910.0,1415724.57956238,2675928.6537811,0.0,,98896.45245363,653760.31381529,3899870.0,3799327.0,,1172037.0,3849883.65942713,1363271.56551834,2155778.74594284,2103822.5,19636.0,45798616.24501409,15864.0,3743306.0,318963.6882106,1616899.2084553,5232977.44652741,,2569665.0,706824.0,
2018-06-27,318123.0,372012.83438591,930860.0,126728.0,73308.5336083,43207568.0,3564105.29441894,3418378.93916754,240.0,,96949.45338969,438585.90175196,3021204.0,2303601.0,,4456993.0,7627893.17585909,1564050.47244496,792462.35278087,2019178.75,66057.0,60235494.52296609,44529.0,2819156.0,896415.99734757,3800119.91460324,2829379.86347741,,3210841.0,612287.0,
2018-06-28,192232.0,367932.0914871,626994.0,66700.0,49289.88974774,41917825.0,1929689.04072885,2273380.04963537,3091480.0,,137512.43388825,906775.81575828,3022311.0,5097721.0,,605138.0,4804524.55870592,2265967.77105594,3363186.41059592,807215.0,84349.0,52826869.24453194,122217.0,3646320.0,3683559.09830785,3954918.95004176,15828234.42474276,,2148312.0,1389687.0,
2018-07-02,276137.0,57967.73063476,940754.0,83747.0,740719.24954524,36734267.0,1965778.64176757,641230.45440192,0.0,,84182.95952742,344820.56723146,1835990.0,4291890.0,,445834.0,7861533.64069186,1028437.55381569,564208.5367004,1342.5,45065.0,77578264.07711282,38701.0,1153637.0,684490.7615607,2287858.95283511,1601061.05448588,,774418.0,82287.0,
2018-07-03,99803.0,317556.59459919,308774.0,76679.0,357304.72809512,70260278.0,359610.74068265,1612091.27944426,0.0,,105403.44932526,1831530.85253993,1196742.0,861451.0,,1398056.0,3417045.7982868,926710.4743069,339210.76922539,1222188.75,18890.0,197962630.50243667,23550.0,752612.0,152736.83660084,7525432.74150379,72256779.5895365,,1526049.0,685673.0,
2018-07-04,133949.0,42197.46306555,213353.0,136250.0,439402.35259024,51487419.0,311807.53355975,1155593.07040675,0.0,,96814.45345459,1086361.47413337,1317534.0,756765.0,,187402.0,10003798.90277511,177304.63857939,354527.69344182,155261.25,26364.0,165475881.2824508,25435.0,1979671.0,526062.25196067,12732669.43246502,9102961.99536465,,898594.0,101551.0,
2018-07-05,95263.0,247574.9980093,1636656.0,93950.0,335025.80927154,27880527.0,2059677.79861611,654680.0192646,0.0,,79078.46198151,285359.94427137,1195632.0,6165126.0,,3595402.0,11178958.24078013,552895.1821369,509395.54123882,980520.0,14014.0,56008429.74692876,36318.0,716420.0,227598.58655829,14836190.62345902,6312852.15775115,,1101154.0,505324.0,
2018-07-08,380005.0,154558.55099304,477427.0,283600.0,188777.56376279,29314546.0,843619.59184671,97809.51371252,6130.0,,194701.40639355,845507.53513054,2609081.0,2098267.0,,462889.0,7147589.22028394,476914.87275151,340358.68536071,610.0,36885.0,150886323.51358998,48084.0,1069313.0,243205.27058886,9120796.16227664,13905907.15866553,,1010948.0,262190.0,
2018-07-09,100551.0,105334.79662646,521946.0,37647.0,322464.99450454,34150816.0,2795902.9017165,1305647.03037505,277648.0,,130283.93736349,683270.91726731,3680512.0,1898772.0,,1192895.0,5181103.30791752,1645113.53580298,617129.02177672,249347.5,9465.0,58802288.34421834,112663.0,2048153.0,666645.74170643,15168283.74183728,4433126.91973233,,1731789.0,1052529.0,
2018-07-10,157779.0,47989.27172161,883200.0,331035.0,1002123.37470183,58121581.0,1365234.9932716,2191804.85690113,0.0,,46961.97742213,1825515.85191657,1335912.0,8500157.0,,8216994.0,2607134.18695007,1104361.61315711,2376326.01153645,139346.25,21382.0,35178449.37977423,53439.0,1972515.0,525868.91841224,3692637.28041547,3441686.26675276,,1428836.0,977200.0,
2018-07-11,208688.0,353707.40942782,807728.0,1344555.0,531353.77969482,0.0,342910.50879197,2732844.62931775,20016.0,,67222.46768151,4468390.29903858,863376.0,2862471.0,,6065761.0,8175004.26434847,1255599.98136339,4958245.35414692,436271.25,15349.0,77391452.71102221,167897.0,2056309.0,1823805.36248928,10736493.26032614,3857642.54070859,,720957.0,141450.0,
2018-07-12,145766.0,43623.90279741,215015.0,406702.0,438904.79122966,0.0,866682.73620175,508944.44921469,43180.0,,352552.33050369,1635114.50672505,1286754.0,1600181.0,,4383494.0,2587631.14814835,339545.05889066,185819.70002411,6.25,28540.0,27625379.16057333,25449.0,300576.0,1496013.33112298,4861951.72631993,16170818.65037452,,607756.0,164002.0,
2018-07-15,182700.0,139774.54569784,231990.0,78210.0,431166.49426517,0.0,300819.30501269,448840.12971959,0.0,,265730.87224477,1661996.50754246,526450.0,563642.0,,2386484.0,1549578.08291924,981106.94805808,931343.14153649,692141.25,5633.0,31228134.06679232,220.0,101150.0,190241.87832875,4535654.64195215,785026.51703173,,729814.0,219552.0,
2018-07-16,50359.0,122984.91980517,193145.0,1474637.0,165976.72742812,0.0,10043108.50371559,992846.27278111,22000.0,,120253.44218585,571660.55465073,959209.0,2103458.0,,210790.0,5532473.00697517,1849233.20997254,1016834.97133354,28381.25,20664.0,40865432.34896815,58860.0,755652.0,361782.06918343,3571785.72141161,916810.60382696,,1473242.0,534108.0,
2018-07-17,41084.0,71328.60580304,304593.0,348540.0,42887.70161165,0.0,3735793.60737723,4260293.44842217,2000.0,,213961.39713394,1176143.12057698,6186615.0,3535696.0,,741564.0,15104541.05081236,3060050.93317667,465089.08089147,1330938.75,25281.0,55907039.59244014,97088.0,365040.0,683209.09346806,7271722.68572227,3278520.1592888,,2175404.0,641847.0,
2018-07-18,60942.0,4302.48643021,913736.0,121467.0,303554.18335256,0.0,1127661.43846287,1151284.77018442,0.0,,58670.9717928,1472720.01482972,10391708.0,2377262.0,,772353.0,20726519.23586002,1095362.0351734,81444.64980103,7445693.75,13697.0,54957645.46117462,65808.0,311031.0,1261968.07072549,6562893.42792725,923882.6084847,,5182494.0,188402.0,
2018-07-19,19427.0,23521.36235348,582082.0,146462.0,151860.59847805,0.0,1240743.10774736,2473892.57965487,0.0,,62032.4701767,631585.59038861,2901836.0,2863381.0,,198115.0,6990376.90750663,1400199.46760077,10703615.25104545,2360361.25,1736.0,48085083.20947413,1076.0,495400.0,290158.65616228,4154207.20114698,3942166.59637756,,2618076.0,275918.0,
2018-07-22,11114.0,36405.6544095,109582.0,276650.0,75504.06660497,38575125.0,65226.05846119,80828.55522499,0.0,,37742.98185434,595420.59648318,2932441.0,416726.0,,558897.0,9382068.66582931,269109.2051859,193116.7236735,1250.0,9400.0,24429765.26655961,580.0,1231811.0,252960.28144224,3402211.25150713,340000.2239299,,459512.0,281436.0,
2018-07-24,59051.0,19093.11093531,423679.0,234111.0,343533.06470238,72341803.0,1390402.55991114,833519.88212353,13460.0,,88732.45734016,1131525.28786903,4399102.0,523343.0,,1371843.0,16151837.13443066,5245677.39963673,747719.9945497,165948.75,18570.0,70275262.24412948,27841.0,1155683.0,532237.25883095,4307932.63461533,187000.12316144,,2097297.0,332821.0,
2018-07-25,98520.0,4302.48643021,547196.0,80790.0,197295.25754384,38090987.0,323910.03026268,485243.75314385,730754.0,,121201.44173008,1749616.5953631,1340322.0,543829.0,,1269593.0,8490445.89192644,4851662.49921481,1006756.57791302,10987.5,13093.0,49838271.52858856,26758.0,452452.0,338223.7096392,3186423.32676801,974576.64187265,,1631713.0,115310.0,
2018-07-26,97759.0,645455.70465563,301327.0,380970.0,344535.14632368,40017530.0,4909344.13885365,2712715.68565606,122380.0,,182824.41210365,646737.21869006,2235620.0,527290.0,,538560.0,23584132.92114448,23613179.40418372,810262.80906845,185300.0,13842.0,58020434.05045486,67717.0,1019703.0,290716.99011681,2160272.33755091,3699440.43651401,,1733860.0,1600211.0,
2018-07-29,100168.0,147949.26991524,360832.0,172705.0,181418.52685636,22781086.0,26643.14451922,320196.50481401,0.0,,88280.95755723,808769.60513431,2451361.0,546307.0,,218950.0,10599708.08834937,1219626.92992083,66067.22730179,32572.5,16157.0,108201127.77089302,1030.0,822807.0,577380.64239057,2788066.40196333,504084.33199846,,511958.0,25725.0,
2018-07-30,62868.0,442100.33833408,943442.0,355357.0,390021.99714058,22237780.0,1158659.6062943,950065.96143996,0.0,,403499.80600971,2266354.62511893,1113256.0,80454.0,,3247969.0,10946217.77773792,475038.36219934,165783.90974869,6593761.25,2981.0,34861532.63706531,0.0,974756.0,252733.61452338,1862428.23508621,3744456.46616233,,389604.0,42628.0,
2018-07-31,60165.0,398337.43212892,612866.0,346404.0,761999.56619759,14840768.0,5517858.66598943,1011592.92808107,0.0,,498271.26044651,2712532.40285195,1910902.0,1429477.0,,4430642.0,10778970.44499573,2805734.13926943,1535573.61917106,1067510.0,27084.0,68990801.32851444,2994.0,2705817.0,252376.94745989,8014853.57705803,9052165.96190953,,2354945.0,1147020.0,
2018-08-01,55527.0,170603.51577279,579162.0,469908.0,312510.28784294,30570087.0,5792804.33345193,545015.11266861,122850.0,,152221.42681662,2236357.82592896,4856967.0,354138.0,,1253393.0,7739250.3974067,4399124.15417091,378872.82293876,115741.25,61917.0,90183898.54437214,4474.0,718206.0,279515.31098722,7718841.98464797,491402.32364588,,3872224.0,309688.0,
2018-08-02,36690.0,185586.09736477,358333.0,55661.0,180263.3494318,35313178.0,1892967.83719583,598712.47515861,2072.0,,197912.90484956,805694.13217888,1361550.0,567584.0,,631273.0,4487381.92774377,2898833.81025452,453028.2052805,359285.0,16306.0,42385163.17934946,131841.0,4671708.0,114830.12775938,31222135.3036915,971414.6397901,,2775541.0,103489.0,
2018-08-05,73324.0,7909.9558217,998046.0,27248.0,182323.18387559,28376341.0,992424.03626711,309481.24758658,0.0,,154682.92563321,717419.05069668,596373.0,382577.0,,97357.0,3781321.52302127,799443.60954645,62763.09031769,97757.5,23332.0,29727605.15546488,0.0,5395004.0,61433.4016838,11892821.27108909,386410.25449633,,382665.0,344448.0,
2018-08-06,54478.0,41949.24269458,200004.0,130206.0,237663.83730195,24438615.0,1151455.47653403,1870347.14007824,0.0,,108136.44801132,627561.19442989,646562.0,792051.0,,410193.0,1810110.60125434,1010310.17032447,792400.30326004,382753.75,4626.0,32306393.4937061,26673.0,886756.0,191745.21333468,8324200.70232846,490518.32306366,,767719.0,541435.0,
2018-08-07,417862.0,67572.20418897,551463.0,115794.0,458535.84854696,31434517.0,1369043.91486384,161586.48257748,0.0,,115706.94437166,5345262.07314997,1009025.0,1330261.0,,1680100.0,3516585.99632419,2814006.94557714,523787.92759491,14155.0,14628.0,77390937.08483922,56749.0,203114.0,102415.1139465,3873849.35282599,1104388.72736909,,796423.0,1351530.0,
2018-08-08,377910.0,337146.14627645,982958.0,284685.0,1792737.93830768,21768843.0,983151.33938579,1297817.42622393,0.0,,126902.93898897,2004974.16774417,2405482.0,636424.0,,3461510.0,4204673.36528895,7841866.1791355,1043510.06033756,476045.0,41288.0,102735467.028216,24172.0,706280.0,1955203.84201585,6665456.31397274,399738.26327438,,656522.0,348882.0,
2018-08-09,120564.0,362762.48856095,602780.0,66485.0,387134.05357919,23874469.0,1312221.75509314,648575.75314163,2996.0,,128273.93832984,1240133.64033055,1133189.0,1124884.0,,7358495.0,12233391.33859767,1895635.44535254,580975.86846619,160995.0,13593.0,114790634.45132037,44776.0,852304.0,972811.08234433,11801225.11280296,1227604.80852128,,2261500.0,200873.0,
2018-08-12,36760.0,49998.20192402,645346.0,42430.0,662786.52678865,20231331.0,673514.4222584,24941.72868758,0.0,,233234.88786784,2049733.23712019,919348.0,330445.0,,152484.0,3430986.82602278,601661.25874465,93192.17533182,132.5,8942.0,61234618.2214483,1550.0,229424.0,240665.26776287,15682233.49855914,374000.24632288,,1226643.0,149184.0,
2018-08-13,53926.0,64457.86593449,621488.0,241070.0,266125.73890695,25184340.0,1072124.54839672,939915.7271925,0.0,,176149.41531278,1083061.9016868,2914581.0,1258680.0,,1810640.0,9270567.44399521,1721173.91233202,153299.54615806,2320262.5,16164.0,92086811.81636696,21818.0,733568.0,430917.14610274,14312661.42295622,1836307.20942297,,1945055.0,554496.0,
2018-08-14,57830.0,25914.20672967,519743.0,375522.0,215969.4660908,16220898.0,1504499.20612969,1568695.49664277,949188.0,,83383.4599118,1739823.36067928,2038099.0,2366829.0,,713458.0,5579048.09963732,2831277.95874566,139899.95213522,4903206.25,20158.0,34038704.10867201,110776.0,1002199.0,908244.34384106,9099667.14932746,2374901.56415032,,2178949.0,139158.0,
2018-08-15,549073.0,28803.4918478,516373.0,306580.0,575675.01473695,13748598.0,829705.03034573,1447074.30020262,0.0,,80359.46136564,752758.67989122,1298002.0,643076.0,,763956.0,10804251.49529292,2685843.24785702,191250.58433459,176232.5,29392.0,61946837.19920146,32800.0,694024.0,2133260.70678761,4277335.48440426,64668.04259147,,5342072.0,1405341.0,
2018-08-16,188100.0,165410.74561202,225090.0,403481.0,381904.44011803,16916222.0,2016930.16953708,100708.51815978,0.0,,94960.45434594,1188190.31760299,543519.0,127066.0,,332385.0,7230290.3848197,764683.78304335,191314.18509344,1375.0,31760.0,78237543.71466029,2396.0,298580.0,2332184.26144221,4843107.53264374,4703631.09789095,,910073.0,6364.0,
2018-08-19,74068.0,0.0,92716.0,84067.0,242667.2865083,5151483.0,346984.20697571,56630.0437074,0.0,,22729.48907236,1097266.98367633,163399.0,81268.0,,68042.0,5334589.61328186,123543.09419708,56797.02889006,0.0,2562.0,17785447.52288241,1138.0,239900.0,126520.14076562,2205448.61800344,68000.04478598,,560536.0,131959.0,
2018-08-26,14774.0,5096.79161733,76231.0,615210.0,231971.45698095,18129555.0,1159746.29355523,377764.56641539,0.0,,42896.97937645,1155865.68135179,884535.0,164931.0,,49570.0,2553854.08094814,644702.89156232,296426.07337635,62.5,10789.0,69506045.94811064,0.0,537550.0,66050.07348695,2957161.24195842,1105374.72801848,,2969044.0,27299.0,
2018-08-27,15144.0,23571.00642768,2326220.0,1066837.0,267357.46423314,14990383.0,3678036.45526781,957282.49201355,0.0,,54527.97378463,2471047.29583866,3068222.0,628890.0,,5357952.0,5561741.0652046,1318828.60555847,927246.32192381,270236.25,8810.0,102096729.93779811,27050.0,1014353.0,135321.81722499,2771497.92066311,1236580.81443303,,1240933.0,878783.0,
2018-08-28,46080.0,38722.37787192,999870.0,6107179.0,536659.94105762,22339662.0,1874532.76701297,1054486.52593868,0.0,,140350.43252383,3775282.02813647,7365121.0,916939.0,,4257652.0,10602516.09393596,4247627.03865991,993301.13932143,511163.75,15825.0,135455604.1274003,98235.0,929808.0,598407.33245142,14849489.72873133,989502.65170317,,3071529.0,85111.0,
2018-08-29,1051439.0,84428.02218057,1541588.0,6965532.0,946166.85861238,15995175.0,793874.68971951,1462957.3697652,0.0,,72842.96497934,744564.28165684,2198795.0,159842.0,,605484.0,12992182.84822986,4470937.00892558,2010750.40091117,4436416.25,20865.0,40809388.93914097,1450.0,1146656.0,1681746.87110244,4979062.37440606,603942.39776667,,401049.0,1766878.0,
2018-08-30,488121.0,60996.01916064,586574.0,3559527.0,1489361.20690889,12206498.0,2402635.1949295,1287699.52574616,0.0,,62327.97003463,1183161.4689378,3254177.0,589533.0,,236656.0,17405728.62907501,1041518.59411975,1388351.82357811,1729380.0,11670.0,43116241.1847448,25963.0,1125012.0,983522.76092875,6271721.64534123,302498.19923043,,1010054.0,1021801.0,
2018-09-02,351518.0,0.0,270023.0,1308743.0,197434.4355468,9033616.0,925115.62023739,70890.13310753,42202.0,,58381.47193198,69680.69478515,4297782.0,209008.0,,154500.0,18276408.36131124,1221405.33127679,299679.01950577,345725.0,8340.0,51598964.78679614,8344.0,704083.0,1475101.64119008,3495178.50373254,29241277.25879951,,435199.0,451326.0,
2018-09-03,138519.0,49644.07419477,562790.0,2343549.0,181881.29371619,19007862.0,1398056.25825905,735719.71618769,81900.0,,166009.42018778,1989197.89224895,2338746.0,786239.0,,45800.0,17806256.42593376,1768477.94839961,254665.19462098,122181.25,13877.0,41260873.8030818,44337.0,291441.0,3403633.78686447,9114421.33436706,2082433.37152582,,1047068.0,2954498.0,
2018-09-04,88249.0,8240.91631633,1070495.0,1291491.0,560435.02341299,15876262.0,2533898.19016333,1056464.10437436,0.0,,179432.91373418,2214258.17214798,2906099.0,931984.0,,82359.0,11675183.22803052,1500731.34425264,296413.66347219,157402.5,6453.0,167184813.40628076,162997.0,347315.0,690705.76847549,9276282.26250096,739738.48720427,,5482194.0,1924434.0,
2018-09-05,106424.0,586352.77952428,893022.0,932252.0,441869.28269268,18594520.0,4858653.21202976,728852.00332093,516258.0,,35515.48292525,1210389.05565911,2667416.0,284727.0,,381051.0,15822382.47897347,3002166.4890419,1003041.36285343,244902.5,7086.0,85201044.37812056,11832.0,485617.0,471158.85754212,4116342.747119,2944571.93934486,,2392154.0,262577.0,
2018-09-06,241213.0,658747.07812004,278725.0,1965537.0,245151.61386111,20402976.0,887619.39355635,338831.83177014,2586390.0,,33160.48405746,613201.6953882,2187543.0,340316.0,,196523.0,2760449.4919742,601115.85832881,3681.08782313,192722.5,27089.0,45848067.37409198,70.0,187250.0,6029755.04200606,831191.5498257,6658530.38542067,,454117.0,6368176.0,
2018-09-09,76802.0,310765.28524935,1536443.0,369866.0,359942.15125118,12598249.0,462953.59596119,381121.06859024,572.0,,71668.46554401,1152801.78967527,1479888.0,484287.0,,144374.0,1795476.57213962,356504.67182174,26243.84483427,454653.75,28097.0,43615833.97155688,1915.0,548613.0,802727.55977699,1890189.09281624,7606043.0094685,,625445.0,333637.0,
2018-09-10,286771.0,31358.50686636,2369333.0,578832.0,54001.06514788,12267053.0,1473707.89501037,1064354.23874528,0.0,,119869.44237046,1047107.17790117,1687579.0,408976.0,,526253.0,3653440.26859874,1202764.51706385,209429.54269922,580817.5,12893.0,35342127.17716581,33020.0,1791238.0,838254.26597048,2801566.87084738,8294543.46292654,,484036.0,1472035.0,
2018-09-13,209836.0,103656.82691867,1217642.0,491545.0,179111.65145732,17489303.0,2077384.73317237,3044522.36047025,2159392.0,,240923.88417121,1104030.45056074,982715.0,667521.0,,245626.0,3651010.26376419,1045699.99730792,678399.82111849,760431.25,12836.0,82844542.48735838,12643.0,420955.0,421228.80199021,8077275.28482212,3085094.03189508,,1298049.0,1197302.0,
2018-09-16,205260.0,8214.43947676,2167433.0,554438.0,194650.87548763,20215549.0,957666.59245436,495020.16944514,0.0,,394736.81022269,745225.70136357,678057.0,692925.0,,227068.0,10044514.98378064,4079060.51013411,139566.43596077,0.0,49441.0,150213580.87640512,0.0,412499.0,792914.21552538,5490765.76319787,2624461.72851486,,3587082.0,514747.0,
2018-09-17,98969.0,501153.61939123,1931056.0,988318.0,386619.09496824,14827457.0,1493800.57697958,1433845.2627257,0.0,,278737.36599165,980177.68026193,335966.0,1030852.0,,164647.0,4712598.37581679,2995004.28358098,2534468.52279515,26252.5,10774.0,84869316.27330579,2075.0,469211.0,2362940.96232862,3487720.96695579,815762.537275,,2368415.0,204843.0,
2018-09-18,172265.0,27502.8171039,1436678.0,745377.0,492648.37707208,29380193.0,2450013.6562702,1625307.14229422,10000.0,,394472.81034961,1298348.86899316,1158160.0,926663.0,,41326.0,7705680.33061832,1469171.92018973,164623.5837092,1989551.25,22845.0,96818617.90665331,28350.0,1558835.0,9429093.82409193,8822196.1873598,2774673.82744709,,1372514.0,261420.0,
2018-09-19,266053.0,131950.63960474,3008886.0,852720.0,818672.84900228,27275390.0,3551917.29694167,2346988.7421715,0.0,,214559.8968462,2963216.90574741,2360589.0,2083415.0,,639799.0,12694210.25540691,9825730.49175932,1256586.56362346,755902.5,30702.0,138983433.3929717,5155.0,749677.0,1879955.42496153,10526870.70486528,2097189.38124438,,1770072.0,1006934.0,
2018-09-20,3299465.0,56968.22994097,9317862.0,611896.0,497376.94972259,32130579.0,2952920.93665225,4641692.73202828,0.0,,341693.83572412,1888447.19976136,2305993.0,1602896.0,,54007.0,9951823.79936952,14176839.60932053,2907978.71589633,3750348.75,48000.0,160263761.66833362,48202.0,1268096.0,1287274.76554825,10615958.41896287,2522665.66147025,,5286432.0,4294933.0,
2018-09-23,36841.0,122514.95590279,163516.0,273739.0,188099.07099836,18942701.0,812734.50568457,200260.08567011,0.0,,287549.86175487,964319.04900556,745698.0,1441406.0,,25783.0,4987035.92181624,9939161.17824606,942209.56387152,0.0,7698.0,54662882.59741709,1.0,1326006.0,1556960.06559865,4423749.09144807,195296.12862533,,669275.0,643138.0,
2018-09-24,118703.0,201386.15137849,955506.0,516438.0,75521.46385534,21377496.0,1838203.21218821,1980672.60601979,0.0,,440024.78844962,755334.87104468,434956.0,523487.0,,926226.0,5490802.92407163,3600953.14559477,3230115.00822783,567102.5,3600.0,179087564.30782965,52.0,705339.0,570125.63431869,7586518.77103921,2170323.4294117,,1511793.0,685746.0,
2018-09-25,23422.0,116117.48954156,1007334.0,436513.0,285127.01576086,18469192.0,1708796.41118433,755125.54539494,8680.0,,742166.64318911,1260611.9150639,2859558.0,397193.0,,99643.0,11011152.90692778,2243532.5106113,264628.79642796,783153.75,28341.0,58510668.22204601,642.0,460325.0,1559223.40145016,10386628.5383644,1829201.20474284,,1008390.0,309983.0,
2018-09-26,84030.0,287750.29245265,1142694.0,727828.0,132514.85606683,36983096.0,1398450.6650568,1379529.12031719,380.0,,701857.16256867,1777656.82526613,2465103.0,1024888.0,,473612.0,11589314.05719194,3338280.7453167,3064486.22228121,264992.5,3532.0,39092516.17209322,92075.0,1068846.0,1131396.25878534,17135916.8749804,3354918.20960585,,2164153.0,1098935.0,
2018-09-27,47491.0,477913.57345818,911681.0,424008.0,115027.1399951,21641890.0,2995607.8877624,248759.19059409,50120.0,,215774.89626207,1017421.78643305,1608215.0,475930.0,,463741.0,7674711.2690047,2922826.02854771,45992.65607586,957152.5,6800.0,36281845.58310786,26743.0,251030.0,3429940.48279983,3186433.44554247,6621538.3610571,,1138198.0,1228856.0,
2018-09-30,104464.0,16107.84727373,1028227.0,636625.0,148743.01121178,21758608.0,782889.21926195,636107.61761339,6624.0,,139211.93307119,655393.58127214,1675769.0,559792.0,,219346.0,20445475.67671776,419551.51989265,91788.30492308,8051.25,7314.0,48683555.05126377,28208.0,508030.0,1718811.9123408,5058819.56657441,2690149.77177812,,2255191.0,76251.0,
2018-10-01,91320.0,8386.53893397,804772.0,212183.0,158342.81396584,12648459.0,4564698.79176948,1371098.19398118,0.0,,161530.42234114,672342.13955497,629916.0,1189992.0,,966099.0,14109310.07077872,1495183.74002279,1631.90239778,11432.5,8662.0,37750653.17165889,141276.0,3338017.0,347643.72011985,1734344.78797605,2073321.3655245,,1508203.0,1162304.0,
2018-10-02,94714.0,617003.03093213,716428.0,466320.0,93221.42638158,31503589.0,3142150.69879711,2077837.64952612,10300.0,,145219.43018297,1127344.85181868,1665742.0,337230.0,,330579.0,10855092.5964424,3640889.77604499,265450.95257893,58937.5,16010.0,41943170.99343713,18381.0,2689204.0,962709.40443859,4704176.75931284,1409640.92841334,,609519.0,67019.0,
2018-10-03,85357.0,549957.05392963,1013555.0,334867.0,105844.87124991,43786661.0,1131839.94404741,765730.486406,176204.0,,171205.4176897,930735.91377929,604483.0,183983.0,,3084564.0,17994149.7997517,641300.88896842,252235.95588055,718490.0,1466.0,39821013.46844282,2082.0,401219.0,1123927.91714277,5561041.66369754,1167356.7688409,,523553.0,19149.0,
2018-10-04,1109466.0,640636.91985379,537948.0,390748.0,16805.74385723,16403559.0,1291478.16400317,725966.3612021,0.0,,150535.4276272,433233.76833609,947047.0,308565.0,,1420516.0,18119673.04948294,4430418.97803207,401707.04660352,691901.25,8973.0,22524774.02104743,6060.0,1107996.0,1706650.23214312,4601268.82305826,305320.20108905,,1344367.0,269058.0,
2018-10-08,153867.0,833851.65661982,656034.0,242322.0,475640.82511055,22289757.0,3440316.72171586,626265.46523529,200400.0,,190970.90818706,738453.22681779,2922027.0,581279.0,,1955784.0,7773756.46605727,3289920.10844349,1485121.15378568,92712.5,22560.0,39810932.97656571,57618.0,1640375.0,1620018.46909042,8670137.31604496,1697757.11817154,,1997663.0,1124578.0,
2018-10-09,100291.0,84653.07531692,901832.0,233662.0,920408.48971484,28831367.0,4357182.89627447,1060839.00393866,7096354.0,,390725.81215105,623449.84041625,2267808.0,646316.0,,127810.0,19449020.69424893,2217157.09050101,1354185.8061721,10375.0,8837.0,66687202.68412517,105821.0,926359.0,1007727.78785913,4485776.16700823,634984.41821147,,1438165.0,1334008.0,
2018-10-10,27677.0,466525.2228379,1052633.0,173760.0,246877.4210978,13691343.0,1155722.2409824,4758460.04700933,0.0,,338774.83712748,382121.72407264,4946789.0,1176587.0,,604097.0,6183885.30297407,6114160.06182292,375123.48064271,95307.5,4093.0,57099108.0304594,62055.0,1776916.0,1289478.101333,45128913.45739995,182478.12018317,,948475.0,423405.0,
2018-10-11,153172.0,476281.93821965,469699.0,779249.0,809949.86766686,36128194.0,5225481.87292015,3285164.09609718,400.0,,619456.20218452,796710.92016973,3650777.0,1182854.0,,431159.0,7119203.16380926,805808.41439938,2054124.56720807,11183.75,5466.0,39001616.43229717,75051.0,4797226.0,2018300.5788836,14788530.18387666,1264018.83250417,,3804150.0,2647790.0,
2018-10-14,89514.0,1451701.94641821,662444.0,234839.0,223057.10589146,21901989.0,1043263.89992372,1047371.29105497,5340.0,,458224.27969987,308095.47607809,3929590.0,200350.0,,38100.0,17871416.55557125,253857.79355726,307098.5909588,3193.75,24381.0,31097822.43970083,140.0,1054835.0,413677.12692159,12434945.74341638,391034.25754177,,573736.0,605244.0,
2018-10-15,186574.0,264182.59562993,71609.0,371492.0,619108.99001021,13445166.0,2394653.28393171,4198043.90853772,0.0,,404647.30545803,379927.71512327,2502449.0,359709.0,,12296.0,8523295.95728236,789991.80233979,3105096.08242522,0.0,19666.0,65662877.75595022,103737.0,1123980.0,1892177.10522597,4982808.0,456960.30096178,,265792.0,2181786.0,
2018-10-16,33536.0,553660.50186456,267286.0,113269.0,482582.3280081,19432498.0,5679650.95384058,1043739.00409203,293148.0,,240514.38436808,388497.86151789,4711520.0,1060805.0,,171763.0,4991418.93053633,2680090.44347072,2814898.229702,3158111.25,12949.0,41982832.9594313,313456.0,2542195.0,2035180.59766422,6004123.0,1122340.73919258,,1187720.0,1855686.0,
2018-10-17,38918.0,614150.15146841,69047.0,533929.0,536826.95466117,34436375.0,1669126.80998144,1055469.94569085,155260.0,,267020.87162458,1090134.20267552,1002680.0,215371.0,,125364.0,1313975.61418301,2083906.58890239,1925385.77263182,7205.0,16554.0,62953736.54052288,60129.0,1048963.0,328328.69863006,5552828.0,1758583.1582326,,263792.0,652370.0,
2018-10-18,54829.0,42356.32410298,951777.0,598734.0,242068.82109558,42985734.0,2056365.33313293,1722082.04733559,0.0,,106303.44889257,577071.96561013,3391797.0,2513578.0,,307756.0,3379236.72306483,1206728.12008596,1465684.14138625,1781626.25,14282.0,34125703.13639388,60589.0,2533612.0,357763.73137932,4560994.0,252348.16620077,,1237660.0,414062.0,
2018-10-21,40727.0,2151.24321511,290415.0,675070.0,117194.83739117,17637575.0,1230579.54795923,1154266.80579133,0.0,,246373.38155126,615867.96315542,1102229.0,682130.0,,736.0,4057658.07279883,527645.20231013,201823.82268371,7222601.25,14604.0,22802204.11066438,5622.0,509635.0,135111.81699134,3460930.0,775030.5104482,,109804.0,68699.0,
2018-10-22,810715.0,153337.30676785,6106047.0,256941.0,175360.80427759,37597548.0,1126607.84827588,1808643.48153683,75384.0,,139121.93311446,1590904.84238933,2911276.0,810768.0,,2587637.0,8755865.41998436,626573.27773916,2616228.07391438,8499756.25,2170.0,28374952.67715186,33478.0,1881329.0,591095.65764982,6442090.0,1277142.84114787,,385558.0,146173.0,
2018-10-23,199313.0,129597.51048791,10635820.0,304843.0,144004.00021105,32326029.0,2779186.12128886,883980.26113022,4716.0,,298603.35644069,1483077.98848672,3584739.0,523839.0,,1036316.0,12890878.64668294,1914247.45954352,320181.73242541,1876690.0,67721.0,32948623.95151361,58368.0,7967626.0,1116352.90871485,12932751.0,4542402.9917034,,436058.0,204619.0,
2018-10-24,60611.0,52788.19889377,5133008.0,583234.0,126304.03768481,29653124.0,2037246.25675537,3030848.85174127,0.0,,355859.82891354,666053.50510594,2250136.0,3242995.0,,2379594.0,7436588.79525487,1686869.48617615,225875.76819473,735066.25,74904.0,16394246.83113043,37700.0,4058564.0,3026246.70031898,11556996.0,159868.10529184,,2579859.0,1647235.0,
2018-10-25,115872.0,84987.34541649,5588156.0,386771.0,1787845.83150369,35117174.0,1392236.68942514,1298012.54441244,0.0,,441215.78787703,731922.67232038,3949736.0,1557400.0,,508383.0,8515177.94113139,1845071.60679947,1417518.20084339,3869946.25,8502.0,41619729.00138271,73477.0,4382547.0,433550.48236591,14513607.0,546720.36007927,,1847207.0,1747404.0,
2018-10-28,56767.0,6145.93638531,3331424.0,118962.0,200875.61166995,35291694.0,1062959.41700569,176740.35715928,768.0,,229052.88987842,516821.00547661,4111701.0,393666.0,,875950.0,3414948.79411477,1996484.12224596,42863.8089881,0.0,2836.0,15740520.48757357,31995.0,2547545.0,509403.90009335,15102283.0,1073312.70690189,,793368.0,107115.0,
2018-10-29,9172.0,1173089.47322234,4024515.0,1499038.0,215329.24727719,35051141.0,1219089.34712413,329710.75937479,0.0,,494792.76211886,1035772.96627296,5134531.0,687133.0,,230747.0,3971167.90072476,2204749.68104081,117746.72196155,2131116.25,120650.0,19018461.83609144,4550.0,8235461.0,912459.34853065,12999441.0,802366.52845216,,555208.0,2115118.0,
2018-10-30,15718.0,12225.6806717,3039055.0,1096084.0,293227.17553304,42525978.0,1381281.55795202,518125.55589125,4060.0,,553256.73401119,2119513.01618047,2744703.0,401282.0,,26391.0,4274306.50382559,1998456.92375015,216014.54809711,1792376.25,243220.0,57519763.60492038,2420.0,7483170.0,452742.17038515,6419643.0,195840.12898362,,580102.0,80885.0,
2018-10-31,356405.0,56448.6219644,2380735.0,1232808.0,361928.91724341,73369530.0,8199673.19575586,2809689.66089964,6141914.0,,250117.37975126,2511800.52952001,3595412.0,678971.0,,351401.0,15798343.43114726,6377633.46271173,183590.57098835,284533.75,148394.0,43045236.8812187,22342.0,9403874.0,216291.90731187,9708030.0,68.00004479,,1636597.0,119701.0,
2018-11-01,94020.0,54277.52111961,1643007.0,1054593.0,259212.07160999,45706431.0,2171079.7913983,3194274.85924417,6940460.0,,186367.41040028,1208538.62465078,4927469.0,167488.0,,1723809.0,9828451.55391776,8570855.93496347,250611.80967288,1011232.5,68953.0,112086028.16817224,1401.0,4957212.0,643990.71650057,4211783.0,11900.00783755,,587535.0,102056.0,
2018-11-04,74025.0,27138.76055981,934473.0,643682.0,776909.00976452,27780572.0,475467.04799884,321904.03298741,160.0,,158552.92377263,1215819.38865991,1526334.0,76741.0,,239934.0,3779674.51974452,1450766.90615659,132260.10488325,1256.25,7897.0,70112723.98060225,250.0,5097218.0,735134.1512396,5389392.0,338980.22325811,,190934.0,848358.0,
2018-11-05,152265.0,42475.46988104,1543960.0,260760.0,702027.76472279,55905053.0,1821872.56428983,924433.17556562,100.0,,360457.32670321,1517273.64468654,3589210.0,276374.0,,720413.0,6610639.15201012,3198879.63902846,77437.80199355,18420.0,30148.0,59247461.94367959,300.0,6634401.0,2827594.8126333,20260498.0,3868046.54756084,,651125.0,236704.0,
2018-11-06,132265.0,42144.50938641,5300807.0,529576.0,1035139.87645365,37887905.0,3905109.96337004,170050.22269013,0.0,,397085.80909336,3144676.24416159,7031337.0,1165443.0,,3169541.0,14754224.35384968,6126068.87090295,251368.81382698,1136707.5,125037.0,83392039.52469946,12950.0,4131627.0,2036763.93275916,29886371.0,7158976.71502308,,1028918.0,109499.0,
2018-11-07,130664.0,208207.24717285,3733243.0,518117.0,1885921.09073844,42198434.0,1174333.82889293,1433812.99162499,0.0,,332542.34012387,2115193.19914642,8033552.0,1991165.0,,2850095.0,10057664.00994091,9668836.97213376,1342894.3446194,368432.5,143929.0,63128502.87897927,29678.0,2323730.0,784860.87323195,15080721.0,2134623.40589906,,2939293.0,780043.0,
2018-11-08,67700.0,830290.52169758,2625016.0,335934.0,939357.57481763,27211068.0,1669719.79922281,673743.4917153,0.0,,494753.76213761,2185778.52049545,1704980.0,1426534.0,,808842.0,5706065.35234091,4852665.09997926,403210.19624558,8860.0,44602.0,155426788.46176836,9600.0,3911663.0,469492.18902113,16038064.0,2248727.48104993,,1406682.0,875178.0,
2018-11-11,6465.0,103504.58509114,1050024.0,151417.0,2176629.14441794,24381781.0,875809.25433986,158514.34835413,2200.0,,147340.42916326,1790805.43725717,4596454.0,207212.0,,79450.0,4217516.39084043,1513842.55424946,66447.28061686,903493.75,31944.0,132211163.0119901,1793.0,1849640.0,217226.90835215,14779224.0,2583525.7015537,,1546530.0,109095.0,
2018-11-12,3178.0,183947.84291634,1160672.0,344720.0,1033187.90496216,19519063.0,8406518.87550365,2642465.89558327,198478.0,,142702.43139306,3298416.43490509,2518926.0,377788.0,,1520200.0,6593350.11761321,4306247.68335601,1020809.24314258,4604863.75,33732.0,130063827.46048129,11501.0,8174880.0,2260585.84844888,19005468.0,1741821.14719285,,985258.0,91377.0,
2018-11-13,90717.0,193462.95713701,1604023.0,1243553.0,272757.57074792,30329625.0,2352755.14641706,1104856.94076362,200000.0,,162719.92176927,3967717.84534136,3839307.0,628098.0,,1819671.0,5529611.00128114,4537731.4598539,1980349.23818141,2293536.25,17756.0,85240879.07888603,18012.0,6047693.0,8388212.6660132,28168175.0,2141627.41051202,,3158124.0,308989.0,
2018-11-14,76682.0,108310.1314732,1081559.0,1462195.0,332802.44067428,41289280.0,3731777.82907289,3885723.7319666,558.0,,146416.42960749,891082.90159454,2082654.0,248789.0,,29800.0,2443972.86233707,5525266.21281295,3494818.26408079,6245780.0,14989.0,36701222.40463506,4284.0,3043644.0,2999840.00427237,12935066.0,445740.29357209,,445348.0,172831.0,
2018-11-15,86044.0,132953.44990348,882659.0,305755.0,954642.79899255,28581366.0,2678764.08278524,1243762.32068374,400.0,,75907.46350603,1307339.80185491,6365301.0,3675684.0,,220333.0,5281615.50788872,5885649.88759229,438674.59987492,7770.0,13982.0,89214639.91440766,9308.0,1446124.0,452230.5031492,33678016.0,2037451.3418999,,703141.0,670846.0,
2018-11-18,34707.0,94714.27435372,1074814.0,1384736.0,1011911.06775988,9337371.0,1157272.28727844,334925.10910381,756.0,,372101.82110489,1627312.52286128,6780126.0,1049744.0,,254149.0,7460339.84250809,2496668.50361821,1320218.34723274,36302.5,23080.0,98579300.85233726,39280.0,4619051.0,660495.73486397,23853406.0,508368.33481998,,1162813.0,109108.0,
2018-11-19,39262.0,1492853.57432073,2154234.0,2585426.0,813324.9342386,18100174.0,4187535.56954229,701725.55424461,2654.0,,216178.39606808,3446776.47818974,2978918.0,1196620.0,,125463.0,4311215.57725699,5897834.0968823,172601.60084969,913.75,32489.0,56792542.48337365,79720.0,5646593.0,1029439.47868211,17302777.0,580346.38222594,,710036.0,256581.0,
2018-11-22,39077.0,415421.61286181,1971611.0,636475.0,691832.97600608,28008309.0,1612712.84745595,2010797.73981348,0.0,,81209.96095675,7215466.18500794,2923378.0,1345289.0,,70796.0,8322802.55839639,3366072.7665071,1779473.22192835,7220055.0,26762.0,113570588.13661306,5492.0,3623308.0,2255325.84259662,15346642.0,500106.32937848,,1446852.0,1494422.0,
2018-11-25,8930.0,1511211.95295795,1967716.0,553227.0,662254.17092733,24856283.0,6213332.99680498,94467.71215724,0.0,,258538.3757027,3118777.93089758,1637262.0,478612.0,,342918.0,2994413.95745158,1763493.74459934,170965.04473784,0.0,16065.0,58225251.08285484,1489.0,2542568.0,315617.01782045,11488867.0,211004.13897089,,395286.0,668641.0,
2018-11-26,41680.0,2055072.71457646,1438187.0,288774.0,294469.33920944,22163460.0,6559851.08665607,615536.76577994,1708436.0,,126194.93932936,1330270.73409999,1144193.0,1319341.0,,308635.0,4285187.52547362,636453.48527245,286654.82508394,12391106.25,6126.0,40153164.38672761,100.0,2231140.0,375257.08417566,9872066.0,0.0,,310468.0,522894.0,
2018-11-27,152557.0,1032288.94999114,1364660.0,432681.0,241153.72572613,24694712.0,7294305.49630083,103325.11118094,4297544.0,,170564.91799764,4885357.9062891,1432374.0,1399013.0,,348227.0,4547259.0468706,1857160.41601674,54448.45452671,0.0,112269.0,32527220.71908734,19412.0,2901989.0,1008586.12214744,10625864.0,68000.04478598,,2399363.0,300317.0,
2018-11-28,802892.0,211467.20804498,1562716.0,714693.0,428094.13984987,43821444.0,11236964.09005232,2079192.35803415,827020.0,,163763.92126735,2881312.8144754,1951522.0,3722687.0,,229780.0,7591263.10298276,4946797.97175212,689618.37448423,555.0,98362.0,36121828.73161538,134352.0,2279040.0,1434141.59561815,15357556.0,1183302.77934321,,2835322.0,47358.0,
2018-11-29,156810.0,186717.98225641,839024.0,463743.0,211950.70125537,13208540.0,7497231.93087659,2748460.06503623,58350.0,,92879.95534618,1865401.74153593,1714279.0,2109953.0,,7191585.0,22523480.81095409,17956279.09100459,405340.04604801,6338171.25,297458.0,29910482.29377942,83744.0,3570044.0,1150097.9462594,29639755.0,1365712.8994816,,3066575.0,14755953.0,
2018-12-02,26084.0,42472.1602761,581129.0,238753.0,254511.33456007,8519392.0,702912.89818287,57617.48827249,0.0,,50275.4758291,3388634.59762691,419929.0,215189.0,,766102.0,8823671.55488613,2317762.76720915,45517.97724152,3217.5,140890.0,45977234.31105728,18615.0,2882705.0,269466.96647415,6405388.0,782000.51503876,,394038.0,378428.0,
2018-12-03,35580.0,176802.40583724,1595641.0,610060.0,197371.80544547,15934318.0,10279239.57771857,3853509.38247973,660.0,,130042.4374796,2454766.5913064,1737667.0,1556062.0,,562275.0,4470875.89490466,2385073.81853136,66023.79263721,2620390.0,99472.0,28250297.46928757,3420.0,2254534.0,518485.57686424,14728332.0,4840209.18784359,,1457846.0,184095.0,
2018-12-04,138751.0,106605.68492584,1685294.0,344975.0,375380.47122935,21406783.0,3950637.74665978,513556.94606676,0.0,,299159.85617315,5240249.47002289,1141525.0,574138.0,,968980.0,4982283.91236202,2511559.91497237,213447.24917285,1168708.75,68950.0,54009888.44304004,34000.0,2105440.0,611775.6806583,7209234.0,374000.24632288,,1681361.0,679988.0,
2018-12-05,26304.0,70706.40007313,1678532.0,210999.0,143165.45274322,16789199.0,2774061.59100763,368370.40028368,310340.0,,191123.90811351,3733564.97468791,2556057.0,445626.0,,453235.0,6860641.64939552,2622934.99989179,373891.79765427,940693.75,45252.0,32106982.80183458,10600.0,1255525.0,716114.13007803,16705967.0,1044106.68766631,,1685607.0,501099.0,
2018-12-06,6666.0,263163.23730646,1522596.0,369237.0,343132.92794387,15518786.0,3015088.27386377,2392419.26105454,0.0,,235607.88672698,3078578.02498644,1456241.0,283847.0,,48450.0,7959939.83647313,4429650.37744604,177004.01435244,1192790.0,38905.0,24702271.12612918,45190.0,1252730.0,280998.6459709,10090311.0,1480666.9751923,,1431731.0,259724.0,
2018-12-09,152928.0,210325.3943385,552522.0,401810.0,236978.38563738,12200668.0,1605026.0520341,120375.33524327,48692.0,,82973.96010867,2378249.08153707,4397383.0,119815.0,,800.0,5466610.87594103,1471814.32220447,4881.74605116,7454516.25,6738.0,49239217.02921218,26637.0,1919047.0,1258266.39994037,7373152.0,1959557.29059756,,851518.0,309780.0,
2018-12-10,211198.0,499316.78864602,2456294.0,397043.0,163694.2081796,6783239.0,7768986.48879367,1963272.62813209,0.0,,117266.94362166,4170414.67566198,1195870.0,701600.0,,891987.0,7617597.15537493,6401697.68105982,8735.02129458,5497203.75,21524.0,30228626.2268038,143341.0,888734.0,677129.08670348,8008321.0,1319676.86916149,,911549.0,433214.0,
2018-12-11,271314.0,421637.05095099,1086879.0,724529.0,133499.54043776,17195848.0,7489216.92280486,810712.99721334,29840.0,,71075.96582886,3961875.73353481,1060573.0,1015347.0,,131937.0,9791362.48012824,4860471.70593151,73204.47343505,841770.0,34440.0,32285358.52357177,49153.0,2181756.0,677567.4205245,15806806.0,5063589.33496553,,3083016.0,295214.0,
2018-12-12,30608.0,127452.8864827,2064128.0,545016.0,502957.98764122,25971207.0,5357544.71410746,3901813.41792096,850.0,,71726.96551588,5364646.56043055,1884407.0,2067275.0,,110103.0,8757341.42292089,7969273.8762792,1087642.7820266,1152368.75,240868.0,45652157.78400284,144717.0,10232032.0,434142.14969087,30342199.0,4876589.21180409,,2303622.0,178637.0,
2018-12-13,157758.0,1843486.36075342,1822060.0,627271.0,247096.62645246,19985640.0,4286956.42155931,761217.03353169,0.0,,322057.34516474,4297761.13176581,5510563.0,547778.0,,836139.0,26959292.63609802,3370360.36977624,548255.60489548,2219063.75,78828.0,35431209.33466689,67687.0,8249767.0,1018312.79963596,13806572.0,1447482.95333674,,3290518.0,96825.0,
2018-12-16,62970.0,224232.35432292,1360717.0,717552.0,102219.28427284,15313568.0,599440.41269807,1054065.46139851,0.0,,46046.97786203,1636459.15958396,6178071.0,2421206.0,,312366.0,18807301.4175345,784546.79818817,41785.69856371,13156.25,34337.0,96239149.46783713,3845.0,2717132.0,1067549.52108313,8035873.0,1960985.29153806,,1248778.0,229770.0,
2018-12-17,104447.0,418132.17931284,1458586.0,794127.0,204292.43164258,19734146.0,3540769.09920391,1758825.99319438,37552.0,,109168.44751517,1124163.86054427,4753169.0,2293297.0,,1474086.0,11790491.45743874,4916782.94886677,1524736.67035842,866980.0,6549.0,131080384.48020975,8310.0,3464567.0,414988.79504761,17274747.0,1271770.83760977,,4137133.0,266493.0,
2018-12-18,236624.0,1860808.83304245,3410922.0,288173.0,1504601.19823285,29486230.0,2128177.70930757,651756.04796632,40.0,,52783.47462333,1905371.3086776,1797764.0,2041698.0,,430598.0,7450826.82358173,632641.08236563,608245.08163215,30742.5,11248.0,78780923.47693032,17358.0,4074551.0,262045.29155017,9359882.0,1542513.01592515,,806184.0,962928.0,
2018-12-19,57494.0,395189.99782497,1790343.0,575494.0,1331161.05039608,21568564.0,3199000.43946277,4576213.41187253,0.0,,282547.36415992,2822591.86996698,2030201.0,1616177.0,,998600.0,8758160.42455032,2155327.04335786,1562717.18205734,1215825.0,15941.0,61788686.91449134,9980.0,3029981.0,489515.54463234,7923696.0,297874.19618498,,999593.0,534588.0,
2018-12-20,634778.0,605601.44189207,1208538.0,219705.0,1098462.38834968,9493805.0,5895082.56618551,2637087.42029518,26326640.0,,133526.93580436,2647241.01277433,2696534.0,537714.0,,1021289.0,12541389.9513676,2436994.85811925,1830768.00955897,252533.75,11560.0,25113013.78722251,2700.0,3819755.0,971382.74742184,13540133.0,1407056.92671148,,546587.0,2015398.0,
2018-12-23,50927.0,336394.86595363,1205168.0,92324.0,942370.77858169,11748597.0,871627.99066583,292793.27091665,0.0,,313666.34919887,3250718.29430304,849947.0,696262.0,,220753.0,6966112.85923278,1376187.44929248,68726.04926928,377437.5,6772.0,28802236.62619493,11170.0,2961249.0,295670.3289612,5736325.0,984402.64834423,,260950.0,232228.0,
2018-12-24,52970.0,197599.9633199,925620.0,221844.0,448466.32003291,9290717.0,1080798.73985769,871369.49891148,0.0,,97421.0,2284340.35126873,965554.0,309219.0,,134119.0,2731037.43345827,1830478.99567313,271494.5759076,2125.0,11426.0,21563837.5976761,1910.0,2246057.0,381433.75771446,9451320.0,705704.46478889,,616013.0,128167.0,
2018-12-25,192151.0,611118.55333758,1468297.0,175913.0,164501.44059676,7416124.0,568960.76569166,600726.45201142,0.0,,143866.0,2388305.49205869,1986489.0,290264.0,,61792.0,7161467.24789458,958603.3308999,46650.38099664,2125.0,24230.0,22269062.10625725,12956.0,3473350.0,764735.85084096,8737087.0,9786872.44579963,,170837.0,55797.0,
2018-12-26,314676.0,363086.82984569,1281136.0,61659.0,138656.08544737,18456055.0,570298.43909661,378782.9562441,0.0,,58222.0,2829110.84318548,1553107.0,54483.0,,248570.0,3054309.07661422,1510687.15184358,186944.34758912,1017.5,38050.0,14364046.07960726,3500.0,2805551.0,432873.81494639,4535901.0,3508632.31084455,,1522279.0,484495.0,
2018-12-27,197327.0,182541.26081416,1344651.0,160047.0,618966.33255718,16087437.0,1663442.38753277,1191375.32563789,2492550.0,,81163.0,3509673.11715019,936414.0,328218.0,,54249.0,2533262.03997983,1521904.76039659,705729.53256726,1375.0,16757.0,15431941.42024331,4209.0,8363490.0,1561098.40353627,10559624.0,4608533.03525776,,246786.0,79120.0,
2018-12-30,354618.0,542004.07324363,516100.0,125998.0,82167.2134966,10486715.0,385103.76188256,208529.59454234,23710.0,,64779.0,2413241.27236426,157000.0,183607.0,,39400.0,1967358.91410327,964557.73543992,278284.34472422,239706.25,16989.0,39263688.59605431,14120.0,3628008.0,516795.57498395,21540909.0,2913699.91901202,,384415.0,24854.0,
2018-12-31,447455.0,907089.90447689,1234263.0,113858.0,355519.77020717,8927461.0,1962921.26105102,1078992.36700455,0.0,,95269.0,4688960.00488765,526031.0,1031622.0,,63101.0,3815764.5915465,2377414.81269165,614932.46873941,997433.75,10628.0,26017561.33122408,3000.0,3988744.0,636530.70820061,18955538.0,2094809.37967687,,425123.0,15697.0,
2019-01-02,107721.0,473475.39322517,2520824.0,256022.0,201828.98099022,12851464.0,1795190.80651768,179377.12843608,189000.0,,50694.0,2374840.32511074,506694.0,239199.0,,898804.0,2615684.20396051,856379.45295794,310092.48033876,992250.0,4765.0,28204293.30124284,0.0,5603445.0,2485701.09891088,7493752.0,2145435.41302003,,1509155.0,34032.0,
2019-01-03,63997.0,1745042.1616252,2718795.0,80112.0,157236.34884232,20009870.0,1957383.01734557,1728180.25355892,4.0,,174147.0,2275404.75118401,197651.0,749369.0,,102755.0,4489820.93259623,741326.96523464,475065.09260262,153541.25,22566.0,15804772.66623366,1767.0,4712432.0,2125532.36485577,27269238.0,550120.36231857,,1267723.0,167660.0,
2019-01-06,58082.0,1030356.14070249,1021300.0,239825.0,305092.10028525,9696101.0,1187338.22086064,343715.24355412,0.0,,401428.0,1443783.99594823,120024.0,58947.0,,222480.0,5079655.10608412,1407343.67304796,187358.52814064,0.0,15793.0,28322987.87043198,19200.0,6577769.0,2241109.16011255,17798463.0,1334160.87870091,,569029.0,120226.0,
2019-01-08,340098.0,368203.47909269,2281604.0,273464.0,254048.56770023,19494745.0,3406654.23943251,1358412.09544025,3416.0,,869066.0,5656287.61279271,389146.0,687240.0,,579195.0,5472946.88854666,7602998.79700788,161452.85319489,142962.5,13068.0,122922123.8100551,274.0,10604733.0,1635103.48587393,16304419.0,1495320.98484368,,3039385.0,311271.0,
2019-01-09,290274.0,641120.12217595,1583727.0,264609.0,808599.84103816,22023364.0,3208987.48152323,1226371.73788008,1138016.0,,282115.0,3338836.38511554,6725896.0,1267725.0,,524004.0,10547858.98519446,2433007.8550793,405746.47040943,250251.25,14226.0,31796418.57369988,3475.0,6507659.0,937917.71018882,25902543.0,1047778.69008476,,4885132.0,2043962.0,
2019-01-10,82877.0,2529799.13847134,576363.0,187387.0,400728.26501816,12469145.0,3540170.59378355,1500968.59640387,2527360.0,,183047.0,4372492.5509652,6826389.0,3036532.0,,146150.0,11385193.65108996,3797925.49577897,966202.56233775,455771.25,46605.0,26511866.37152978,79317.0,5702198.0,1408031.56656828,9421311.0,615910.405649,,2418387.0,588365.0,
2019-01-13,73741.0,1053834.47819167,641310.0,119783.0,300123.44557963,17735026.0,1888077.74452165,1198751.55875559,0.0,,359461.0,3292417.33242885,2523825.0,435894.0,,235311.0,7026691.97975625,2328987.57576765,92329.68699231,832.5,38341.0,32215143.12810562,0.0,2230140.0,4355936.51305798,7410884.0,2411995.58858107,,1791085.0,995854.0,
2019-01-14,84075.0,1627858.97929092,2241496.0,178660.0,218920.03975352,8748437.0,1628089.19638915,1329344.38269646,9090.0,,261970.0,2294753.20781908,3531465.0,940371.0,,137750.0,3806467.57304988,2593170.1771972,1422835.84477836,1301812.5,7136.0,18205216.22030866,62523.0,2699488.0,1236394.70893937,6854723.0,3115286.05178006,,2360836.0,28116.0,
2019-01-15,167947.0,1572939.39481173,355936.0,481562.0,92275.01596146,10583055.0,2609604.98870455,203073.09234912,0.0,,77938.0,3111018.47402677,3799116.0,1207973.0,,229793.0,2254522.48542143,859909.25564929,298228.61195641,1096602.5,39893.0,18544807.62441374,200.0,2070555.0,345445.38434066,6873763.0,802400.52847455,,1068246.0,1089853.0,
2019-01-16,116216.0,2039961.05839158,733285.0,468602.0,144532.87662229,35891279.0,3112200.60497369,189145.28978345,0.0,,79393.0,1677422.1430945,2389245.0,663224.0,,112201.0,4448897.85117887,1145780.07361531,329802.51062982,1251.25,144133.0,25437894.37632742,61540.0,2429068.0,1934698.81920207,25709183.0,356456.2347681,,303257.0,1363622.0,
2019-01-17,82326.0,2042274.47224905,703602.0,488695.0,135622.00498288,25563866.0,2034281.31054852,622812.10203756,1924.0,,333548.0,3559085.28703116,5159059.0,362559.0,,710373.0,4119227.19529194,1722808.31357819,131316.95216667,500.0,243464.0,34343771.76169623,44075.0,955816.0,519140.57759299,7772894.0,747524.49233227,,1011557.0,1397542.0,
2019-01-20,67065.0,1700547.8327269,582382.0,248150.0,313488.01331372,11638078.0,711713.9617606,1012769.04921283,1740.0,,334558.0,1354393.25126421,2332315.0,264043.0,,46373.0,2696846.3654344,96737.47375878,19499.06192025,0.0,60749.0,42097652.59785541,0.0,515241.0,767610.85403967,6390904.0,241400.15899023,,249125.0,102224.0,
2019-01-21,261780.0,8840563.77892494,375764.0,123591.0,415178.42117532,12785103.0,3642115.09768827,1387099.09069866,5207472.0,,268239.0,2103641.51683643,703265.0,407789.0,,221092.0,2826680.62374247,1639844.45032128,979673.51330955,0.0,141473.0,10669473.61898652,16805.0,1367511.0,337958.70934436,5656408.0,943126.62115914,,213569.0,8300991.0,
2019-01-22,95364.0,3617530.5905232,583671.0,434120.0,150040.84608937,13663820.0,1841366.74083868,1533511.19700887,1922.0,,325014.0,2446008.57083165,1501932.0,398365.0,,203660.0,1659117.30084989,2007487.53063565,436208.131422,59030.0,73505.0,35601561.91299705,120.0,1857923.0,575663.97381395,8514918.0,1579199.04008718,,736288.0,3717889.0,
2019-01-23,42623.0,1634133.99026914,8850026.0,219586.0,31516.85876994,14822144.0,3664306.68576297,1785665.90326757,1000.0,,84050.0,1164466.71115685,1469683.0,1207585.0,,105510.0,6810043.5487295,3065724.53750258,839007.2495921,2686332.5,30196.0,36489715.12251103,35.0,2783457.0,1259403.06787168,7241984.0,9775856.4385443,,215655.0,1213965.0,
2019-01-27,76867.0,3315261.06117105,2043221.0,436922.0,1023699.44461046,13768462.0,971696.99371412,609778.91829795,0.0,,466904.0,2536495.67658597,3688311.0,525933.0,,68012.0,4653207.25765687,4686739.17346682,4615282.14014944,566968.75,37562.0,68572118.02420335,8990.0,5101421.0,821724.24757927,10442445.0,221000.14555443,,2771057.0,1801721.0,
2019-01-28,70899.0,4526030.38670722,1904046.0,3029893.0,2966474.74955744,16455850.0,3488677.06291669,5537858.69472772,0.0,,169434.0,1258556.88146146,10159951.0,881879.0,,677779.0,11647310.17257647,3275962.89780162,3696500.92410461,3125.0,45612.0,51305137.7845607,15592.0,3613761.0,806489.23062887,27547891.0,341326.22480322,,1668714.0,235336.0,
2019-01-29,288314.0,4201354.8318685,1831083.0,525398.0,842660.17781217,8671835.0,3166008.17292664,2377786.52575976,630036.0,,71958.0,966991.75081662,12531163.0,249722.0,,63120.0,22929264.61826978,5842430.05463875,685215.96098147,124803.75,73126.0,40125165.88499225,349557.0,5397875.0,756392.50822486,18909406.0,680000.44785979,,2957985.0,2080126.0,
2019-01-30,63450.0,2934696.20760386,2896784.0,316224.0,718861.34418061,13660825.0,3073645.27192667,1700543.93093682,0.0,,107007.0,3277065.70382706,12582429.0,918342.0,,235261.0,18053045.91692681,1749898.33423333,1406101.08901101,3452458.75,74100.0,45441792.6138741,346580.0,3579375.0,873624.30532299,14781502.0,711518.46861809,,3607075.0,2863172.0,
2019-01-31,84289.0,1630394.1366798,1491874.0,1303345.0,613541.86989187,15302492.0,3125877.97077812,861527.34653339,957064.0,,325399.0,1967802.12286405,7490675.0,2809268.0,,180949.0,6252141.43877114,5414137.72808155,956966.49116248,152193.75,58645.0,94982052.8337524,345747.0,3048248.0,647229.05343686,80032328.0,952000.62700371,,2859524.0,3385615.0,
2019-02-03,128632.0,1710741.41596156,1194664.0,618445.0,572727.9205243,29863623.0,474176.2621153,357289.23446377,34964.0,,150071.0,1512922.94424206,2218029.0,2610036.0,,208269.0,17192797.20544332,1638021.04893101,701992.60017538,4276.25,79178.0,329135879.25819963,144482.0,2080135.0,1500361.66929425,28412676.0,1133186.74633595,,695113.0,1167374.0,
2019-02-04,151708.0,3323611.19445061,1813655.0,265464.0,138979.67430425,16469262.0,2543780.424823,511221.52007873,48604.0,,156757.0,2098522.59155748,10765768.0,790866.0,,365242.0,19745292.2836877,1292607.98556621,266862.57917777,16025.0,46757.0,103882322.7843814,34599.0,4025102.0,833164.26030737,28622006.0,105400.06941827,,986045.0,399664.0,
2019-02-05,129363.0,4849398.64759215,5966223.0,675082.0,780085.74768204,31958586.0,2961004.89696134,3832323.73244553,0.0,,131843.0,1003435.46193407,23832585.0,3068549.0,,4168556.0,20958152.69669982,9238384.64392964,4832939.44931048,237725.0,28312.0,163557470.86552677,205662.0,8278143.0,531700.59156719,72926170.0,1443640.95080633,,8690610.0,1013259.0,
2019-02-06,251180.0,12438484.96014121,2357137.0,1412135.0,588103.61040114,25895641.0,3569182.93717876,2048595.04889152,0.0,,295063.0,1243466.47503957,4380515.0,590410.0,,1300034.0,11527204.93362449,1530109.16665215,349649.04986671,2640103.75,48816.0,124049818.89726128,627228.0,9286835.0,250350.27853836,29345214.0,1509600.99424873,,1222122.0,1051329.0,
2019-02-07,1282592.0,2536153.57996827,2706608.0,679258.0,1189408.25438289,17711622.0,1396564.13184239,2748021.50001775,0.0,,242360.0,2651753.85112357,3040693.0,294264.0,,217078.0,11374141.62910172,438746.7345283,1294764.08255101,55021.25,79552.0,64896801.62338568,208368.0,3365039.0,259066.95490315,25117365.0,595102.3919445,,755722.0,1648438.0,
2019-02-10,256317.0,806097.30954,1989461.0,347297.0,311435.13777008,7775853.0,247784.00211827,2571644.37155476,9900.0,,237656.0,1271050.50778961,1074771.0,450077.0,,179734.0,2962985.89492477,550219.01952183,131853.68052183,788400.0,100040.0,50758630.74949094,515661.0,5861989.0,2438214.37941075,9859368.0,9347320.15630307,,356671.0,791973.0,
2019-02-11,290428.0,1178037.33261709,2138431.0,458230.0,259441.71531487,11296917.0,3869202.39623798,1563694.15637942,0.0,,91933.0,3327717.07055158,1527061.0,648511.0,,307148.0,9897895.69207838,1136940.26687528,72597.93936895,2450366.25,135126.0,40536261.75002092,308516.0,2743301.0,3918002.69248186,14211211.0,1524085.00378815,,1543455.0,666950.0,
2019-02-12,362054.0,1877062.30293381,1691396.0,4920409.0,951486.93777547,21191569.0,2412084.40953849,2425956.03205421,460308.0,,251896.0,1521718.28217108,1021445.0,1432188.0,,838441.0,4928841.80603779,2530776.72962449,1183189.73667385,3975005.0,254652.0,127273874.73152772,559526.0,3474089.0,879885.97895636,20810878.0,612000.40307381,,2633283.0,295775.0,
2019-02-13,140910.0,4383489.01127426,3554376.0,2261868.0,907569.31894192,15943652.0,5861668.31195669,4746983.36549791,4818.0,,222069.0,2109990.63129755,1759653.0,1890617.0,,234844.0,4529943.01241997,1331216.21500357,1475767.18852083,4579661.25,330372.0,166484701.33130378,91974.0,3865517.0,1661608.51536328,14571286.0,1804585.18853031,,14733847.0,178218.0,
2019-02-14,291395.0,815268.22484625,2237272.0,341752.0,204765.63685264,6966413.0,3626329.44677465,398226.45382757,38992.0,,126528.0,1753763.36006261,3245769.0,1172431.0,,657727.0,2161417.30018665,731824.75798955,809930.84413202,1587466.25,402669.0,53998985.52740111,95296.0,3506566.0,455572.17353379,14103178.0,2409519.89663149,,1137364.0,348299.0,
2019-02-17,79272.0,972186.52416601,1240030.0,207828.0,455720.97343712,24509644.0,2037793.46086854,1564195.9500969,10458.0,,266525.0,1604426.62892308,4005505.0,950350.0,,4500462.0,5635046.21104678,5517927.60721753,1464359.38411657,48835.0,135860.0,142830935.42319998,149422.0,5279381.0,1531565.03734428,56363398.0,2810239.87944058,,6939486.0,788499.0,
2019-02-18,132151.0,532694.15452963,1449521.0,292206.0,347896.29509512,12247577.0,1879920.4182547,2747882.93499657,417210.0,,491045.0,1333064.39593524,1358714.0,4328048.0,,4189296.0,9132741.16978684,3769562.87415351,625476.23356613,2698545.0,201456.0,242710122.14841583,140735.0,3861421.0,500147.22312775,12916151.0,2247759.903571,,4102372.0,1208596.0,
2019-02-19,122895.0,987523.23348725,718625.0,385823.0,586040.29650728,24945307.0,993949.25934673,746365.01572767,805542.0,,166743.0,1324229.16693441,1933605.0,4520254.0,,1218293.0,1499276.98284411,4719342.59832574,509145.79191749,1466972.5,52232.0,165221687.88676944,103637.0,2135267.0,1729163.59052469,19461729.0,2030999.91287001,,2352718.0,546543.0,
2019-02-20,31355.0,3767839.60876517,1661850.0,1280596.0,402989.90756623,27032143.0,6971775.05952075,5827595.46342964,500.0,,326194.0,2765384.21256969,1507809.0,3494647.0,,1736107.0,2982938.93462177,971160.14047401,10378170.16801579,298.75,142260.0,290350836.1352742,117836.0,3742064.0,1595258.44154255,16457960.0,1325299.94314457,,5570093.0,210728.0,
2019-02-21,39480.0,1160688.38348849,1371732.0,388951.0,114647.87993703,11932099.0,2729178.09629541,2954936.74479877,0.0,,141722.0,623821.72815019,980520.0,4823586.0,,3147300.0,3209811.38598944,1303924.59419471,1930366.7979163,2005673.75,24176.0,158267383.41628247,138205.0,5692262.0,604827.33959428,10428443.0,4082959.82484084,,1427468.0,577995.0,
2019-02-24,28669.0,664777.17833223,714036.0,241609.0,190722.57635413,10233107.0,600820.00881492,387820.62432448,17500.0,,103157.0,664167.0434521,502863.0,1514752.0,,440832.0,427662.85084453,1603396.22253084,1633341.94666396,0.0,70572.0,161271769.60594845,36705.0,4084993.0,3892460.99739764,9447542.0,1629659.93008752,,170113.0,553183.0,
2019-02-25,6610.0,755721.8126521,811316.0,356104.0,2372797.06013782,8716023.0,5029411.49513087,1850768.59326665,10000.0,,218143.0,511056.10219614,520043.0,1902559.0,,226575.0,1179920.34747715,2349944.99174691,4022648.71795765,324810.0,43240.0,423260092.5457349,66625.0,7625876.0,181150.20154673,14310639.0,3273719.85955727,,4883758.0,369859.0,
2019-02-26,41691.0,1177239.71782502,830943.0,308887.0,865099.15133915,14196983.0,4782156.49467993,1115468.59986127,19444.0,,416912.0,1063839.55231098,1542572.0,2477357.0,,527582.0,1929234.8382546,257398.39625684,527180.48514619,1788492.5,57452.0,531806630.5622079,57429.0,5700669.0,245616.93993874,16886523.0,1936959.91690433,,1507210.0,773925.0,
2019-02-27,39693.0,5775853.05060994,898816.0,387544.0,219375.8477132,4663777.0,972760.51262107,329017.9342689,490920.0,,165865.0,433386.89857948,580214.0,3753041.0,,300200.0,1533117.05016966,1078262.02213527,1048143.60830541,1599446.25,354044.0,295826265.4159876,45933.0,1723003.0,74235.08259355,9866918.0,580959.97507679,,875982.0,1152460.0,
2019-02-28,78457.0,3622243.46796676,831215.0,199320.0,582362.5177791,16748448.0,8504290.93810438,4007804.89679099,10000.0,,122676.0,861331.94569512,5847187.0,6092861.0,,1655896.0,4268618.49250917,4289576.07064451,470156.97550511,1643898.75,235386.0,666621112.8280941,104991.0,3643478.0,2559874.51476915,12150684.0,1096459.95296182,,2762560.0,11590148.0,
2019-03-03,16388.0,766673.29541946,1315749.0,212633.0,208714.81268659,20744155.0,568523.88408062,1353240.7950382,54000.0,,18375.0,2660303.96204725,3566006.0,445972.0,,1145860.0,2582420.13778093,2733734.08437203,410249.71438354,480.0,166596.0,211645771.58238265,121120.0,2037824.0,716834.1308791,7097244.0,148659.99362248,,1267210.0,240247.0,
2019-03-04,335499.0,3186318.85246251,1409011.0,465086.0,216849.76695951,24056058.0,2430854.31078091,2091852.89603719,1271220.0,,78567.0,809787.65185606,2022852.0,1653508.0,,992317.0,4463549.8803294,1933300.47407074,1444058.33213962,2421481.25,54373.0,159204626.81654626,110197.0,2946743.0,1151372.94767796,21696423.0,461819.9801879,,1729523.0,1641867.0,
2019-03-05,342894.0,2555488.29206466,1327913.0,443280.0,195381.56000317,19936090.0,2861835.58152294,1334098.64274351,46000.0,,16769.0,897206.22766705,1577594.0,972226.0,,458650.0,1744365.47045298,2557670.55013004,339942.95357116,63323.75,76560.0,120237518.66654448,91270.0,3128302.0,583333.98234756,9325288.0,1777439.92374775,,1333185.0,1905311.0,
2019-03-06,128850.0,2200331.27567035,975064.0,99303.0,124797.43580278,21826094.0,2482238.62128254,2213256.03396183,704634.0,,36015.0,1523643.60745434,9223532.0,1007574.0,,645434.0,1710633.4033423,3258180.68424334,764152.25890302,858676.25,121126.0,151832412.48102266,63378.0,2599200.0,533908.92735751,9879953.0,57439.99753582,,2264888.0,1182781.0,
2019-03-07,256080.0,770485.96031762,1354487.0,552697.0,22574.67207986,14274818.0,4108474.38085881,9069329.51507328,145250.0,,43110.0,1411604.16122947,5817531.0,3097259.0,,147242.0,4414949.78363845,3023239.105109,1671328.66331496,2781102.5,187438.0,122656769.68564336,94608.0,6911002.0,2914419.90923443,36089482.0,8769599.62378378,,1564308.0,1350388.0,
2019-03-10,77093.0,390377.83223302,920540.0,363927.0,69630.75488012,14223466.0,269853.68252573,7328675.71902533,10948.0,,23147.0,846837.24797498,1926010.0,1666603.0,,864681.0,4647087.24548097,174992.53342539,211565.59745373,3035390.0,46217.0,113802588.98137929,27642.0,1343296.0,336873.70813719,13899611.0,8854099.62015873,,691134.0,81211.0,
2019-03-11,209924.0,1023674.04831588,2120499.0,1142052.0,306957.08552489,16619916.0,8860177.15458617,10841597.66061348,6320.0,,52324.0,975592.97603421,2403528.0,1527752.0,,65401.0,19455527.70719478,3735438.44813489,5161265.18134459,1971676.25,61413.0,141709211.28719264,88223.0,3732163.0,629364.03356034,19412133.0,1399059.93998027,,2364476.0,1534852.0,
2019-03-12,1333224.0,1308468.86355147,1495659.0,197890.0,127890.66691853,25320506.0,3502976.65226274,14562334.84697458,1690458.0,,50091.0,4643659.86904521,8034571.0,2709724.0,,3274107.0,0.0,6778239.96815951,1123817.65266942,393152.5,61698.0,288088820.16441065,117778.0,1718229.0,3745700.83411308,22559915.0,4753519.79607379,,9287240.0,1201940.0,
2019-03-13,1375291.0,2954633.26780048,1232935.0,251579.0,359949.11015133,26377620.0,1025362.79544307,1337701.33329416,230800.0,,65052.0,2017085.77833573,15513576.0,8374548.0,,5709741.0,45288081.10162062,3908524.78010687,1733334.74947854,3020575.0,37229.0,120054321.8399965,496363.0,2246573.0,941794.38116865,17555852.0,509919.97812441,,5721002.0,3069784.0,
2019-03-14,435155.0,2846266.87304319,8593970.0,224226.0,111961.74447994,20783586.0,7681177.74199143,4164844.80569646,560000.0,,61064.0,682765.16425041,4170811.0,1347437.0,,290493.0,21895360.56129522,6321594.01998371,1201526.92131659,4225247.5,101588.0,121092816.1756795,133537.0,973507.0,2367294.30050545,11587620.0,1239579.94682196,,3149923.0,2819865.0,
2019-03-17,5637.0,410721.97383804,2170478.0,45600.0,41951.72954176,3195356.0,654424.02974099,398834.52557099,40000.0,,166278.0,2538029.54117317,759595.0,77795.0,,72281.0,10647309.18305279,527587.60226621,220809.42481911,0.0,13693.0,93798198.32082789,65327.0,370578.0,39913.37774074,2906044.0,611679.9737589,,277061.0,1248624.0,
2019-03-18,19031.0,576516.63362383,2287131.0,197414.0,224215.76276609,10761393.0,2695666.20571234,1735637.20416469,40000.0,,95086.0,1754494.78906318,2463463.0,518341.0,,289709.0,14342995.53570102,652896.49780965,251035.29765253,1364092.5,38409.0,210096928.4977108,328989.0,1163584.0,487650.54255735,9040259.0,586599.97483483,,1162939.0,450970.0,
2019-03-19,64393.0,791108.10873813,1156121.0,92430.0,151147.31121289,13632627.0,2249508.82334071,4248626.86772532,60600.0,,149635.0,912255.05627674,1534115.0,540928.0,,502950.0,9720973.34008752,6068938.62734324,680638.25758237,846603.75,60734.0,149686451.07329145,253027.0,2043758.0,3098866.78111569,19794252.0,794319.96592364,,681694.0,3244711.0,
2019-03-20,46046.0,2391020.78386234,5704208.0,159520.0,220945.07969656,40502449.0,2870262.09654379,1875317.47197025,40580.0,,61036.0,1893135.04826385,2237908.0,2322681.0,,274916.0,18216945.24300808,8121375.79225134,466517.77110854,3035180.0,45840.0,188803405.34832665,206926.0,1094946.0,543713.93826651,23818714.0,1838999.92110682,,2051980.0,10022043.0,
2019-03-21,15097.0,281462.04305465,704179.0,131720.0,63520.84055024,16469067.0,3646322.28589588,1092882.50140913,67244.0,,27033.0,800738.11246598,1632076.0,1359830.0,,235419.0,7631997.1840241,4419172.56945709,212848.47129685,0.0,31321.0,62080722.11574094,16532.0,484006.0,496298.88551278,10378672.0,1513139.93508623,,1639815.0,1458323.0,
2019-03-24,5425.0,1178441.10442054,526688.0,52976.0,49516.05400255,10695669.0,779912.68875675,220631.83658626,0.0,,34458.0,786089.06778573,353525.0,1408838.0,,195950.0,4111937.1807883,1096807.43627546,512842.39212083,1645573.75,114484.0,110497458.66423333,57580.0,628804.0,775595.86292375,13664338.0,13001079.44225311,,787224.0,69959.0,
2019-03-25,60000.0,798756.60576907,1623087.0,997595.0,115709.11220959,11994796.0,3372574.18100518,1689030.92655577,215912.0,,65761.0,1650447.22601001,2330136.0,871055.0,,2190940.0,6496410.92475058,1374466.64798044,1293600.65403548,2500.0,42805.0,134677861.95244604,151936.0,969968.0,642712.38174497,14710036.0,6135839.7367722,,550014.0,3379655.0,
2019-03-26,16050.0,681914.31274426,514415.0,130004.0,40716.5247655,21610549.0,3050460.21875466,507270.39903793,2361394.0,,41273.0,773608.47138098,674645.0,750126.0,,139695.0,3229134.42443305,1287749.781862,706309.695587,63125.0,23846.0,277115990.7713274,65424.0,3928700.0,696882.44201429,10144179.0,2229319.90436208,,1256982.0,5613987.0,
2019-03-27,63831.0,610913.35783091,761849.0,184888.0,120215.00005537,13623053.0,4893175.11297645,2295391.45923416,400260.0,,104916.0,928455.16139208,1153452.0,379673.0,,540216.0,3407775.7798439,1443152.90035119,625153.57605783,13250.0,28169.0,219783402.0489566,72648.0,2366740.0,277066.97492988,11998819.0,2887139.87614157,,1115866.0,2633033.0,
2019-03-28,2453.0,320975.41650874,553591.0,191031.0,114574.81148548,13468101.0,3603558.65991546,595826.90048586,407592.0,,95765.0,1077895.91238265,1002448.0,735905.0,,1158121.0,12701653.27021495,1662736.86777591,187892.15401977,317047.5,11788.0,123842921.31321302,266135.0,2326409.0,1557870.06661111,14270077.0,1898519.91855341,,1750035.0,1190414.0,
2019-03-31,49341.0,258576.12485086,764255.0,40942.0,29644.91463015,8825826.0,1243677.71445554,745945.28478973,566050.0,,162748.0,395815.18834055,382375.0,586405.0,,65043.0,7401002.72445561,1330631.21455752,166657.25675435,637500.0,20637.0,65751482.95923206,39057.0,841846.0,226781.918983,17054482.0,1486119.93624539,,1876693.0,249985.0,
2019-04-01,2500.0,1749983.40181005,389280.0,97439.0,44495.20754582,14184137.0,6423486.72643679,1197996.85024218,298156.0,,127953.0,388171.21839858,3031846.0,3978480.0,,81406.0,9342972.58804681,4491086.22428862,290627.54565496,173057.5,13080.0,103263519.8021972,57514.0,1475357.0,279871.97805071,8717887.0,2783999.88056628,,7533613.0,281892.0,
2019-04-02,25501.0,541732.68563803,337411.0,330186.0,163008.75651503,22736802.0,3863728.13861125,1682075.76966748,149168.0,,68813.0,395336.96579205,2401434.0,441222.0,,61730.0,6077028.09037933,1040578.99340334,255392.72525269,2601780.0,7401.0,131788795.55860168,93635.0,1170955.0,596133.99658878,9953143.0,3740359.8395384,,3301917.0,1044125.0,
2019-04-03,7000.0,127386.69438377,2505977.0,64919.0,115566.45475656,16481074.0,4534369.73457463,1426027.7899011,176896.0,,189066.0,393059.71556107,1240528.0,452374.0,,798867.0,31196780.06667127,2905175.21508961,942772.66327304,827.5,21764.0,103683443.18747832,169332.0,666532.0,1744388.60746396,11939761.0,1836639.92120807,,2010594.0,81063.0,
2019-04-04,30060.0,1777754.2969146,1414812.0,346500.0,241459.91733264,12786172.0,2633946.78226028,524631.38542932,888692.0,,45591.0,367798.68480449,1849332.0,576854.0,,229274.0,31054147.78290124,1132424.06343184,948983.82030794,506781.25,17020.0,135112805.52843714,264474.0,1216917.0,901092.66921748,4945279.0,10039.99956928,,1044681.0,15500531.0,
2019-04-07,13600.0,235008.42802813,771247.0,170406.0,143356.82249729,6547891.0,206898.63498054,40345.29111798,0.0,,122612.0,426631.44452169,3089429.0,139384.0,,86121.0,6743605.41654939,105314.48029843,20367.75521185,657787.5,31086.0,224685607.1239296,74971.0,273997.0,1659971.84687566,5187481.0,32639.99859974,,270567.0,109861.0,
2019-04-08,7597.0,950257.08179171,362371.0,254930.0,109011.17081722,13154923.0,6379803.00180131,659241.2496929,449058.0,,77857.0,593347.66879222,1382458.0,577964.0,,990772.0,10950465.78618943,344988.2630409,270767.04527588,0.0,68273.0,270753406.01776403,165852.0,470616.0,677292.42021854,9312800.0,0.0,,2292771.0,133611.0,
2019-04-09,7005.0,646885.45399244,670111.0,367521.0,601833.52039299,8242228.0,1697240.01549959,553917.03539088,4100.0,,43606.0,545329.31739412,1133151.0,308516.0,,1149131.0,7684125.28773409,631564.68154492,427147.35014307,477353.75,44057.0,210702466.99633804,277742.0,463655.0,2160522.4037855,22086073.0,23719.99898241,,7723279.0,983566.0,
2019-04-10,23408.0,365502.8414565,1504887.0,16900.0,264090.26061369,14605593.0,3206711.50474627,306294.61608704,10662.0,,102360.0,431387.10208737,387899.0,726257.0,,653729.0,9736084.37015124,368642.08107607,946255.19262952,104143.75,30926.0,79841094.73734544,282762.0,388783.0,621464.02477083,5406845.0,55999.9975976,,1389491.0,1365970.0,
2019-04-11,101146.0,103249.74551028,373737.0,270234.0,72376.04098848,10743983.0,2782248.15109553,4034182.02659927,800.0,,38646.0,403349.09118802,11056451.0,238236.0,,445878.0,6342807.61915347,1747927.33273052,433788.2001097,311481.25,99645.0,83879687.83098298,32120.0,987883.0,780074.20123965,6157888.0,170279.99269498,,3084768.0,2025257.0,
2019-04-14,18620.0,287114.84830296,203191.0,30519.0,61930.73186644,9137167.0,599129.85157324,65352.91421208,26808.0,,31351.0,348510.37534815,1273715.0,156913.0,,200823.0,27308961.33177148,432320.72962871,45716.53570817,0.0,666.0,64242453.95027834,157770.0,1009461.0,377900.42044996,6735435.0,41999.9981982,,443477.0,296007.0,
2019-04-15,53390.0,167356.79332045,413241.0,22804.0,66666.2634171,5401616.0,2949308.94143046,4777462.28899137,697026.0,,29327.0,504570.33367675,1473449.0,936740.0,,200016.0,19088272.97653352,1485515.93265144,278672.15422939,73667.5,15856.0,35005410.38903079,33592.0,1361688.0,454172.17197616,6812838.0,75599.99675676,,1598247.0,1083779.0,
2019-04-16,132061.0,324328.04631936,1133896.0,560339.0,132921.95172548,16149910.0,2491488.15020829,3612673.95863073,27812.0,,60972.0,660226.71265886,2599860.0,572813.0,,1520329.0,8835533.57848589,991440.75593723,295226.96638635,78012.5,31149.0,94415299.73660828,176304.0,2186848.0,1109637.90124377,11271898.0,144479.9938018,,2759682.0,1953980.0,
2019-04-17,277746.0,254932.24980497,1131932.0,47180.0,26443.82056211,8550362.0,618266.57971565,327543.49482024,78054.0,,43018.0,348458.50464844,1162129.0,703102.0,,186898.0,7892187.70167878,192958.34712367,1312646.75445369,238582.5,37226.0,62789223.42871488,151767.0,1313767.0,541803.93614145,5935445.0,0.0,,2940307.0,438480.0,
2019-04-18,105697.0,191857.79873804,5496578.0,10527.0,52539.69611682,9197057.0,1841428.52128197,884578.91583338,36338.0,,97580.0,440841.48596296,658923.0,896395.0,,674825.0,7969227.85495184,1814928.78381667,371606.82404978,891108.75,27530.0,54229803.01007742,540441.0,701331.0,2350839.28219769,5346944.0,0.0,,2176444.0,1059465.0,
2019-04-21,11268.0,114535.49837722,678811.0,42900.0,52508.38106615,5786541.0,249009.14536887,8495.51561888,0.0,,41685.0,206832.51736716,376267.0,158219.0,,17376.0,4669362.28979765,132492.70102083,16287.99921739,73487.5,14322.0,36119291.85079516,2422.0,79080.0,1758620.28996472,2635935.0,106419.99543458,,230373.0,344399.0,
2019-04-22,15820.0,193956.08827401,419327.0,14266.0,42163.97599627,6785912.0,494441.60028244,781225.55353161,333718.0,,17422.0,2936812.74564809,1751302.0,238799.0,,51874.0,8613620.13698428,1476605.92585789,213700.10097022,0.0,20724.0,57346928.28651921,69912.0,1474100.0,532820.5928133,4943903.0,45579.99804462,,1808951.0,613241.0,
2019-04-23,42406.0,352479.54599274,868355.0,888463.0,27313.6830806,4872988.0,1305311.08551539,646420.6220052,0.0,,88378.0,787943.76158496,1057075.0,96870.0,,67400.0,4900248.74915128,1906028.65327698,2158349.14734314,1125961.25,14605.0,48820358.41199886,130169.0,1571542.0,777779.19868625,3899988.0,61539.99735993,,1804378.0,607186.0,
2019-04-24,15005.0,124325.30980843,699041.0,89747.0,90089.92131501,3652432.0,3265615.47044325,2405091.90668079,73216.0,,25003.0,409994.86644541,125331.0,1578290.0,,199800.0,4198211.35243263,866589.06074239,296830.94649976,521631.25,5440.0,54283551.88339038,161385.0,1212232.0,623099.02658993,6293510.0,0.0,,208297.0,262132.0,
2019-04-30,20825.0,1152047.00497365,566336.0,176715.0,19136.97540679,1246847.0,8587843.39798779,1351540.34662296,400000.0,,94314.0,341321.85545238,434494.0,431750.0,,11048.0,1799391.57992862,595863.45432404,438817.31377283,406.25,10013.0,29088509.70484984,2573.0,1078168.0,420993.80172875,4610324.0,0.0,,1196616.0,780348.0,
2019-05-02,9424.0,679647.23335604,345427.0,764291.0,6116.87323002,2605696.0,1405180.40284296,1272275.77334282,131578.0,,76611.0,357563.71015528,425214.0,161116.0,,38333.0,6180717.29667125,1289317.5830574,202712.68206957,1234743.75,14730.0,27586647.89983942,24952.0,848275.0,303245.33738912,7683223.0,0.0,,1423140.0,527980.0,
2019-05-05,22390.0,130302.45634148,979964.0,34300.0,46972.57599848,4105322.0,1740762.66770865,390387.44044496,0.0,,31660.0,278567.16478184,542732.0,370839.0,,35500.0,12117363.10775699,1753379.53688762,1172309.35319663,368.75,10904.0,53366673.13922306,10606.0,1028844.0,407882.1204741,5998923.0,125979.99459545,,360590.0,105076.0,
2019-05-06,13701.0,225893.77600597,514336.0,38333.0,26791.7655695,9446542.0,1443740.70043513,1190309.85479543,0.0,,71998.0,383221.99456327,2467356.0,321003.0,,434969.0,3336828.63869302,2121319.61742845,245018.04537022,0.0,8317.0,36991432.28919695,27446.0,473228.0,1685346.87510778,3818301.0,0.0,,403153.0,262102.0,
2019-05-07,1650.0,1787156.88456709,575346.0,33400.0,27835.60059169,3243127.0,1270508.40904931,3348439.88028305,0.0,,37004.0,807147.30672715,723161.0,1002377.0,,1334893.0,1741557.46486639,2093491.5962106,194787.4070218,151666.25,5333.0,34033106.98645585,9305.0,712945.0,1130477.92443027,2034452.0,4999.9997855,,4613716.0,211730.0,
2019-05-08,14927.0,915751.1406214,1533298.0,62099.0,64119.30596296,8112673.0,3873710.2161065,1265830.4819208,10000.0,,57672.0,1990033.31073078,1385026.0,250301.0,,492370.0,6590182.11131039,1231949.73931652,315993.38976951,336145.0,25216.0,96067964.15322147,92080.0,1495708.0,1237889.7106027,9245953.0,10499.99954955,,1242350.0,588760.0,
2019-05-09,28503.0,1194664.78786739,1151568.0,110212.0,76516.58657649,11004848.0,812378.71180385,1238281.60324411,332000.0,,32420.0,2052200.97689733,1397242.0,697262.0,,596000.0,7424438.77108213,181341.13826597,443053.74480737,314027.5,2016.0,76018146.82595026,36432.0,690829.0,1130652.92462497,10473831.0,0.0,,2797056.0,167064.0,
2019-05-12,1900.0,1133274.92571814,756523.0,27322.0,3131.50506657,10658372.0,419061.91118647,1209528.68870378,0.0,,27965.0,804024.94363268,1002417.0,531408.0,,1690171.0,3616459.19502409,37260.02840941,29808.58980585,1521.25,7317.0,45328512.11960615,5000.0,559021.0,406650.45243709,4154078.0,0.0,,589181.0,107329.0,
2019-05-13,5128.0,4515575.3446818,799994.0,75205.0,8475.94038017,12340480.0,3279130.10896191,421567.26079312,2336100.0,,21867.0,2096727.54460795,3663339.0,1198704.0,,121915.0,6752974.43518926,2533397.53162275,844504.83713747,0.0,6369.0,59813181.21032687,110797.0,978338.0,1050097.83499982,6455988.0,69199.99703132,,216516.0,791609.0,
2019-05-14,174199.0,1133579.4093732,527593.0,56416.0,17571.22287351,6668412.0,1695075.46686501,2470247.06304711,636886.0,,36625.0,778064.29099958,393445.0,1370803.0,,500.0,2833475.6372613,785743.79910084,597180.10083047,3961.25,4461.0,50344943.86289285,16067.0,898754.0,576613.97487091,2521785.0,48519.99791849,,681404.0,157046.0,
2019-05-15,19696.0,3076588.90046734,999275.0,71500.0,55660.76283316,5901688.0,2314608.56127612,3625421.94057917,600.0,,64061.0,5036361.55026441,1140640.0,523350.0,,157362.0,11220628.32368367,4118392.34012319,1001004.58733225,0.0,24426.0,47949893.75869173,171799.0,276747.0,469585.5224583,4398992.0,0.0,,843417.0,597180.0,
2019-05-16,12721.0,6742608.51305904,1115785.0,16659.0,173927.27084712,3063136.0,2420823.69091058,842211.65163936,168948.0,,136810.0,847505.24137606,684986.0,367416.0,,229004.0,1955172.88985891,2432710.85485285,50616.89661558,414000.0,22618.0,43899363.91891838,27181.0,1191449.0,423193.80417646,4229190.0,0.0,,144744.0,288892.0,
2019-05-19,14942.0,323570.14678665,2624619.0,27025.0,135876.00483827,10325972.0,617955.46722077,707932.72907683,0.0,,93836.0,489028.10085035,418172.0,346219.0,,243044.0,3931954.82270949,643617.49073474,45683.95970974,0.0,3745.0,23181851.93479361,17382.0,1649756.0,250640.27886101,1184609.0,0.0,,502631.0,365628.0,
2019-05-20,15148.0,1889251.5779511,1005280.0,54502.0,3792.60058062,3900398.0,1275795.11499065,1257921.51338187,0.0,,56770.0,447826.31847696,1230159.0,424475.0,,716361.0,9750727.39928386,1108068.24486142,2171381.09795508,375656.25,6765.0,26378319.19014014,100952.0,2191383.0,613152.34885664,3536297.0,37479.99839211,,2620418.0,80256.0,
2019-05-21,87889.0,534739.49038646,4037671.0,360054.0,25921.90305101,4498880.0,2257385.92693444,908733.62413692,269124.0,,490101.0,786772.24285502,2335397.0,607292.0,,460478.0,7841454.60074418,682436.32033268,333246.25903578,355.0,24882.0,38204664.60389628,2640.0,1103870.0,1153469.61667737,8155430.0,144779.99378893,,2425434.0,1328562.0,
2019-05-22,4250.0,604783.96947033,1840731.0,127040.0,21600.42605915,4925275.0,2641834.91821199,405577.12640738,490794.0,,342108.0,1337542.92316215,812674.0,1417824.0,,1000.0,4703274.35726645,917883.69985267,83110.67943527,0.0,1716.0,28555401.2161446,34933.0,793997.0,292043.65825952,3718489.0,0.0,,2794116.0,590044.0,
2019-05-23,13548.0,370377.88954242,2540357.0,657433.0,48722.73938568,6266826.0,1377972.40160647,920905.82133717,290674.0,,233797.0,1065037.03941175,938603.0,738342.0,,99488.0,2031115.04094747,400244.70517192,138100.51603121,84663.75,48578.0,25329997.0194097,31974.0,733550.0,893382.66063936,4816043.0,1039.99995538,,952487.0,1037655.0,
2019-05-26,25300.0,550738.12069696,987788.0,636633.0,17745.1953772,8579511.0,1193893.0958602,86942.15168662,0.0,,81861.0,3402721.696098,602315.0,1026823.0,,338567.0,2995817.96024488,41529.63166482,96544.40069456,0.0,6072.0,130380816.3908558,20143.0,142415.0,714324.12808648,5392836.0,0.0,,3197599.0,909384.0,
2019-05-27,164753.0,382735.95441197,1813381.0,355075.0,46276.68598369,8164043.0,1053762.29134081,184890.13287094,321750.0,,64442.0,5150355.63627086,322625.0,581472.0,,387344.0,3601078.16442319,205365.75658386,108855.02562687,125.0,5533.0,106584412.8117566,2080.0,224574.0,231113.59046906,3210970.0,159999.99313599,,326576.0,262661.0,
2019-05-28,17300.0,851448.82611939,2518454.0,308621.0,37390.17049479,13273189.0,6456330.05612662,6272348.82266952,12000.0,,66969.0,4130767.45091327,1199559.0,1717856.0,,723618.0,7515680.95261043,3456722.6356243,296094.10843992,501456.25,9504.0,113710041.81592862,62280.0,557964.0,1426279.92020463,14211495.0,0.0,,5349156.0,705161.0,
2019-05-29,21520.0,676291.29394047,1559668.0,232659.0,5897.66787536,43289410.0,2745071.31119335,2194057.3794255,0.0,,78980.0,1385916.77862409,756382.0,958717.0,,329917.0,7441925.80587297,2187066.46755801,1105053.87757098,1953860.0,9245.0,143223149.05740824,2480.0,701290.0,899469.33407803,8916467.0,49999.997855,,1356427.0,701065.0,
2019-05-30,17647.0,1663649.0471804,850949.0,274843.0,22143.22027069,12995222.0,2478688.40848637,1390384.29246292,600.0,,104466.0,1364525.80812115,1848814.0,915462.0,,43400.0,4423400.80045193,1217168.12804608,535339.9971351,625.0,22400.0,99636419.60574916,9958.0,534390.0,1289964.76854113,7914583.0,426899.98168597,,505607.0,422551.0,
2019-06-02,15400.0,49634.14537993,274057.0,155488.0,7362.5163565,1540262.0,625611.92365502,58557.84700845,0.0,,46744.0,644723.699142,482614.0,42688.0,,0.0,1480556.94560019,19780.21508169,38780.9505176,1738290.0,8796.0,23752036.52418542,9005.0,262313.0,146338.49614875,6344698.0,181779.99220163,,119627.0,354376.0,
2019-06-03,162555.0,229610.46236069,526761.0,182910.0,34738.82953843,3355943.0,1817503.74977866,233383.85440911,0.0,,36567.0,554087.87481024,2251264.0,418324.0,,32950.0,1356689.69916361,459018.34998467,200844.99149265,475267.5,46481.0,34760366.77996629,23373.0,725130.0,919099.35591829,5564179.0,28139.99879279,,501969.0,162514.0,
2019-06-09,40874.0,57610.29330055,362598.0,250217.0,83506.80177508,7253982.0,415721.31319182,331099.10016952,0.0,,94564.0,1345341.24006422,790110.0,300675.0,,35000.0,3629770.22150666,761474.3805963,775.61901035,312.5,1600.0,47900726.22401447,15841.0,162907.0,1632638.48313138,7835170.0,328539.98590562,,165618.0,599630.0,
2019-06-10,132988.0,122111.18409934,2790019.0,156309.0,275541.13080709,30188444.0,3715746.70815726,7565729.52855848,25806.0,,329185.0,2095687.6003358,1911958.0,1521601.0,,2702589.0,10973892.83279805,2900669.8116544,798729.35438451,1247687.5,3352.0,74552167.44701286,34902.0,1105698.0,1941437.16003244,11270738.0,7799.99966538,,1152795.0,614854.0,
2019-06-11,166330.0,654944.34203672,1920216.0,372211.0,128022.88602134,15240544.0,1821512.90866656,3853650.63808385,0.0,,511968.0,1092968.77863365,6773658.0,586360.0,,298956.0,11425936.7321492,3908429.38003413,67340.79371679,580085.0,17184.0,65564248.77967142,81959.0,665440.0,1217999.68847317,25795492.0,40279.99827199,,4979178.0,214078.0,
2019-06-12,450793.0,46334.46924845,527348.0,323780.0,59150.65125735,20413512.0,2844865.6084867,1621501.33074887,438000.0,,209463.0,536186.15771676,871526.0,853575.0,,17575.0,15309912.45940324,1273707.97115564,58754.69127219,519206.25,24608.0,79239969.99884443,17023.0,448989.0,391032.10172686,11423218.0,0.0,,977600.0,86607.0,
2019-06-13,133667.0,51461.0473103,1053440.0,371526.0,36843.89683318,7851382.0,3281956.59907495,1366174.4272092,4000.0,,151089.0,1151353.67913876,1441152.0,820354.0,,90619.0,7049093.02432362,1136603.66661863,999701.54739486,19225.0,13244.0,58425368.18259702,52048.0,846468.0,283080.31495362,4132861.0,176479.992429,,3194407.0,297419.0,
2019-06-16,78330.0,1174353.74231183,794123.0,44535.0,153871.7206208,4848632.0,624376.29956188,373945.28812605,0.0,,536472.0,3575002.00176621,1092742.0,327821.0,,18984.0,9748765.39538041,1436734.09545708,317096.32000223,627.5,10353.0,18739737.52475524,4685.0,431002.0,5596187.89295493,6247626.0,111339.99522351,,4315700.0,214550.0,
2019-06-17,47563.0,86969.79877934,470130.0,259748.0,36603.81477808,7978309.0,2623203.4720648,386523.76334956,6527162.0,,176648.0,2486234.7498087,800377.0,1646690.0,,49179.0,9386082.67381527,1264338.96401211,2282265.14291303,4049267.5,52404.0,42814628.22714648,92474.0,681097.0,478737.19930708,8482542.0,0.0,,389445.0,363418.0,
2019-06-18,47552.0,1121995.79206109,426143.0,178700.0,16388.20984836,4368355.0,7079958.36181784,1050185.64080551,530000.0,,86717.0,1049555.53325818,500392.0,1027430.0,,323462.0,4094603.14630186,70794.05397787,1807974.11808274,1414796.25,198866.0,30977165.91288548,163471.0,470006.0,307635.34227341,2626093.0,12439.99946632,,1055937.0,70601.0,
2019-06-19,11010.0,211622.75947745,679544.0,121773.0,102452.4074278,7641710.0,1398435.21917741,2232875.76472757,4400000.0,,154325.0,930228.8862942,1462501.0,4067106.0,,137500.0,3961258.88101055,709250.94077784,176744.95760299,3601527.5,44774.0,22590503.46872173,160.0,225286.0,375860.41818026,5264656.0,0.0,,433591.0,176465.0,
2019-06-20,32481.0,358761.17618085,964220.0,323529.0,40013.67585056,6783937.0,3929644.27103677,5659561.83264967,1404730.0,,156932.0,1121057.39509369,1624554.0,511706.0,,159494.0,5883662.7056747,413210.11505757,219754.58296503,60492.5,44486.0,46404644.58851516,18752.0,362549.0,3711145.79566733,5423122.0,170159.99270013,,2229447.0,996564.0,
2019-06-23,505310.0,175273.36835204,366980.0,301033.0,37230.11579139,10499130.0,619634.59210448,363982.05951586,6000.0,,48692.0,729471.56648767,446988.0,185078.0,,30000.0,1137125.2623354,30205.82303083,2265004.51745666,99808.75,17538.0,15189671.8800432,7901.0,140731.0,172783.52557135,1232696.0,186759.99198799,,417017.0,225491.0,
2019-06-24,88128.0,499823.15820281,359480.0,470747.0,25563.5196934,9487186.0,951051.03859903,3610050.6402686,0.0,,99638.0,774172.72338265,1359644.0,820265.0,,3500.0,4691529.33389947,1590402.01262324,110448.14707413,1157870.0,69956.0,25895711.12979514,34025.0,212490.0,575240.64000961,2870829.0,0.0,,563780.0,246529.0,
2019-06-25,75553.0,131000.78298515,605811.0,323806.0,40605.18236313,19066569.0,2460926.31214757,3582079.34007104,200000.0,,128315.0,1890159.44129538,859623.0,573055.0,,0.0,4310864.57655867,1483363.13101001,649767.06973234,678632.5,4537.0,33418931.74926382,107801.0,832055.0,593158.99327881,5105293.0,0.0,,4679990.0,356686.0,
2019-06-26,109469.0,176934.7900351,318396.0,135205.0,23406.26064754,27795735.0,4595667.72195206,2782576.65665851,390280.0,,198236.0,1067920.29123197,1962464.0,546080.0,,38817310.0,13001857.86747852,1452889.10777469,503184.38420392,76996.25,16685.0,273301068.58147013,86156.0,2192194.0,394395.43880222,6537834.0,52919.99772973,,1768606.0,2464965.0,
2019-06-27,193229.0,60377.12303568,658525.0,1154377.0,32181.43373407,32471971.0,1717618.98714992,4632832.69387594,784628.0,,201883.0,1610266.41082351,11874587.0,664896.0,,1097605.0,13223231.30790578,4208073.80850203,1132771.39852492,6476.25,18400.0,254807398.1837526,38432.0,3112829.0,5049137.2843094,12250714.0,6759.99971,,4535255.0,911953.0,
2019-07-02,117381.0,15422.75904984,695626.0,749179.0,84714.17095074,13928857.0,1087000.57944612,2684842.57681756,6668.0,,77872.0,3756607.64713026,3549043.0,1649067.0,,770446.0,4314158.58311217,4816605.67248527,3432905.25219844,136826.25,9974.0,243944902.4813016,146648.0,2762006.0,544723.93939023,11638572.0,2199.99990562,,1250568.0,900824.0,
2019-07-03,151769.0,48790.19611862,918794.0,1041467.0,20006.83792528,15528224.0,951117.23274687,1140555.59515197,0.0,,52611.0,2730586.22987017,978412.0,1500809.0,,1010154.0,7363769.6503796,2883256.59837747,2383543.92204678,913732.5,28853.0,291527907.5857617,6473.0,1035284.0,569832.30065899,20396605.0,0.0,,282539.0,751790.0,
2019-07-04,26560.0,208872.47776706,761554.0,936653.0,15288.70362499,16235434.0,570041.9365379,2936954.23374929,468698.0,,227224.0,1814882.40463252,1244854.0,664941.0,,114460.0,6510432.95264771,1657191.06354744,772930.71486218,0.0,35866.0,155198721.84477818,70858.0,352272.0,852985.94902754,8122734.0,15779.99932304,,860795.0,3114981.0,
2019-07-07,17359.0,69988.21579978,108535.0,565659.0,54390.76355617,11063002.0,779994.32820576,536309.8606609,0.0,,88534.0,1082694.58467491,1398889.0,269518.0,,23200.0,963145.91619971,515405.19297757,3050019.37650013,378570.0,5469.0,71268688.27328984,32662.0,590451.0,169811.85559842,7733735.0,8679.99962763,,483876.0,1073495.0,
2019-07-08,7544.0,79099.558217,280215.0,1446751.0,20876.70044377,14963770.0,766508.37381784,4939151.52520941,0.0,,92780.0,647288.13592988,11966513.0,1615836.0,,813650.0,1931520.84280265,589178.24922682,860367.79713719,665898.75,19556.0,281561534.0954825,67694.0,714684.0,667289.07575554,13044533.0,67139.99711969,,604956.0,3825623.0,
2019-07-09,1125.0,60731.25076493,921111.0,528698.0,56986.43331134,13178840.0,1212597.35557002,938292.36826644,0.0,,130474.0,854806.35864437,3427402.0,179795.0,,744349.0,1781238.54381276,867393.66135587,520620.29955664,830555.0,17994.0,297497347.99985653,16684.0,1246162.0,485502.20683379,14571859.0,118919.99489833,,473709.0,183887.0,
2019-07-10,257748.0,227121.63944106,397694.0,725341.0,73973.10857242,7839367.0,1411667.42933192,1645621.06147425,0.0,,95054.0,1105685.95603462,4937169.0,725684.0,,1926335.0,1778844.53904983,1204865.11866549,438240.25322912,8.75,40282.0,83077234.2712098,42500.0,283219.0,910649.34651685,14795955.0,59259.99745774,,1383621.0,329461.0,
2019-07-11,88339.0,166754.44522022,1077809.0,457277.0,3504516.03229442,9950984.0,1496393.73210381,335617.9342097,378800.0,,36096.0,889955.71595944,3648268.0,2081905.0,,1213334.0,3113241.19386095,1893734.64390325,197813.87240019,1123588.75,47153.0,79815122.64650917,86824.0,415250.0,1464031.62887364,19727551.0,166019.99287773,,2507515.0,305807.0,
2019-07-14,9923.0,73747.9270188,459153.0,568152.0,4244.92909023,11385971.0,545925.20200583,206993.27168616,0.0,,72401.0,491373.66858826,2992696.0,197273.0,,270650.0,5394673.73282052,365268.87850413,399248.3343407,695501.25,4416.0,131325587.933391,131802.0,653421.0,501533.89133722,18468471.0,58199.99750322,,931702.0,217990.0,
2019-07-15,14131.0,360041.99329507,649473.0,958491.0,30006.77743784,11502129.0,2345704.3654628,1489278.01354908,1028720.0,,85953.0,598055.25107525,2864584.0,1513437.0,,90634.0,4887036.72286566,2927533.03213662,673337.78997776,92602.5,12468.0,130556835.70093682,74540.0,1417062.0,127410.14175583,18369154.0,222439.99045731,,929225.0,334195.0,
2019-07-16,60173.0,82061.65464395,283379.0,989578.0,60507.63678619,4219953.0,1748856.00551867,1942221.50724465,0.0,,79165.0,369165.03494308,1118376.0,601111.0,,451170.0,2816492.60347318,1589340.0118135,3704716.86224753,142162.5,45573.0,124147813.65333503,18839.0,1134710.0,344743.71689332,24396896.0,111499.99521665,,874147.0,370015.0,
2019-07-17,97445.0,190103.70811649,489100.0,2147162.0,6802.32489459,2372771.0,1254476.18644089,49081.61390958,300004.0,,57209.0,1304635.39218557,1368962.0,1675483.0,,735492.0,1344107.6741314,48553.23702006,396152.88039062,0.0,39642.0,137018588.26014018,105537.0,253300.0,218433.57636134,10932423.0,69999.996997,,643295.0,342117.0,
2019-07-18,45500.0,139417.10836364,185362.0,177383.0,8357.63907766,6082661.0,3917574.87141276,1308158.73266225,895256.0,,31734.0,147624.01136186,292600.0,971123.0,,912056.0,2306533.58889865,271053.20666813,26565.71642589,218791.25,3409.0,143583283.0086429,48565.0,304898.0,1006017.78595659,8905352.0,13359.99942686,,369066.0,603981.0,
2019-07-21,28948.0,80784.14713467,746885.0,686364.0,49422.10885055,2468703.0,334584.9397048,33207.17459007,270.0,,76924.0,283478.43444664,698883.0,189581.0,,6229.0,2166403.31010642,710696.34187991,2785108.73469207,65321.25,18053.0,103007037.02626346,40765.0,176506.0,253991.94925673,22558632.0,23719.99898241,,45386.0,201679.0,
2019-07-22,14239.0,311619.1633255,543151.0,1708175.0,81391.29613011,3671668.0,672731.12456373,1649938.10179428,104414.0,,102544.0,463519.1028464,1257252.0,87768.0,,205537.0,5547674.03721795,1235848.54228921,1474409.55425624,0.0,63254.0,57932251.66064306,100033.0,1755641.0,127795.14218418,13695507.0,48439.99792192,,344633.0,1388765.0,
2019-07-24,31226.0,148462.25868192,764653.0,1359017.0,67849.27644225,4741396.0,1444982.94394305,4792400.40544933,411080.0,,118860.0,442677.20267693,3857251.0,119226.0,,558475.0,7073384.07265119,1186058.70432628,1433079.03605329,856425.0,75069.0,64355564.2879059,239274.0,317703.0,655717.39621428,31600266.0,16559.99928958,,1229915.0,832221.0,
2019-07-25,17653.0,170103.7654259,556531.0,468473.0,18340.18133985,5361806.0,927944.86805742,2981967.68626038,327240.0,,108597.0,366253.95006448,1592805.0,233531.0,,201789.0,3395400.75522352,307654.43457523,1628552.17262353,987.5,8325.0,72324974.29041629,311428.0,1020865.0,627165.69778115,9112174.0,0.0,,799891.0,1955573.0,
2019-07-28,8788.0,32318.29230079,435674.0,233603.0,15657.52533283,5448850.0,543696.665695,183177.57683249,0.0,,53984.0,406820.63265124,1117558.0,156558.0,,64785.0,18065375.94145766,319025.0432449,368207.65889583,0.0,19181.0,52289060.82316891,55665.0,45283.0,183881.87125264,9848752.0,14539.99937623,,763091.0,567689.0,
2019-07-29,28862.0,150451.33125466,715768.0,204322.0,44926.65935499,21820456.0,1668908.9202213,155557.397708,355774.0,,146672.0,384751.54763507,1440754.0,2254806.0,,366806.0,5344732.63346162,656440.70051197,224067.13520139,0.0,3413.0,64331819.70218006,32107.0,285219.0,537592.2647889,6641707.0,29119.99875075,,487062.0,280004.0,
2019-07-30,58708.0,29832.77898611,1071755.0,279726.0,125096.66850914,26515656.0,1348332.86867241,1982866.79835994,700000.0,,125514.0,601671.01838643,2045026.0,2938084.0,,624194.0,9318591.53954019,1864067.02128277,1626403.69591721,158243.75,12437.0,84705638.47591421,332854.0,588300.0,962017.73700238,15150543.0,103079.99557786,,1027868.0,2163529.0,
2019-07-31,83273.0,196097.40267428,904337.0,466174.0,90274.33216893,32393983.0,2012529.36110714,1456587.43088262,154094.0,,134420.0,725868.45056666,1647253.0,2406639.0,,96040.0,10632675.15393807,2192747.27188942,304694.42601561,301120.0,26558.0,113192538.75365102,116237.0,589911.0,424455.47224685,10607621.0,89659.99615358,,1382898.0,1982754.0,
2019-08-01,31755.0,1330308.94659222,1358774.0,355685.0,112288.81278689,21739200.0,1000502.47998353,2624222.39798904,0.0,,116229.0,286207.33930675,599254.0,477038.0,,817823.0,1294904.57624077,283246.41596501,179942.09484896,627680.0,65370.0,76849423.88935158,107561.0,405922.0,461913.84725617,53089063.0,0.0,,898062.0,656409.0,
2019-08-04,49894.0,261965.16031589,681059.0,198547.0,274671.2682886,20395650.0,986535.51478793,24279.82041005,0.0,,117953.0,299154.77200885,1620279.0,196167.0,,36359.0,2235451.44747919,1679671.28068778,67057.60481467,0.0,42686.0,165175428.48376414,121957.0,1039669.0,969224.41168715,17668344.0,0.0,,54421.0,503790.0,
2019-08-05,36238.0,320670.93285368,802688.0,98290.0,159992.0733009,42649972.0,2557311.61082682,1271365.01101915,158780.0,,92257.0,306932.84668665,2053100.0,902848.0,,350695.0,3770278.50105094,1841829.80432771,3203030.47823929,248722.5,1792.0,114329641.44056553,72255.0,588236.0,775034.19563217,15982752.0,993779.9573668,,723199.0,700144.0,
2019-08-06,90116.0,285287.94637259,949327.0,149482.0,79108.77688159,16227938.0,2368739.92891338,1419230.03211453,9906.0,,55098.0,696665.24663246,1367802.0,1429158.0,,551534.0,3940972.84065103,2316731.36642274,375002.74574513,4499460.0,19092.0,77497207.64114968,26660.0,126535.0,517115.57533998,11756917.0,19999.999142,,654837.0,1021011.0,
2019-08-07,128740.0,451678.33504872,1907409.0,172409.0,190312.0012454,17520679.0,804358.18755645,4194567.67538504,0.0,,106836.0,1013757.15962728,2561146.0,1873683.0,,702712.0,6258405.45123352,1513444.75394615,1279480.02463395,39472.5,46537.0,221943886.0681312,208723.0,379663.0,1717101.91043826,21661199.0,0.0,,2275280.0,1562273.0,
2019-08-08,88972.0,367521.70047375,2916350.0,601103.0,479318.60383873,19764124.0,3983753.57395807,2060673.07568903,10000.0,,272129.0,1012906.98620772,2307363.0,1240254.0,205053709.1844009,1419233.0,6584881.10076392,5236524.39265789,2785734.29243619,0.0,35913.0,95088893.156995,269133.0,2216883.0,2995581.66620123,32165681.0,265299.98861862,,3740767.0,1080783.0,
2019-08-14,62495.0,910564.98967052,1859030.0,321311.0,226025.07680455,10991058.0,7185458.59465555,1613250.65817712,133498.0,,406726.0,2409930.42026387,2136040.0,1064905.0,21158450.09999113,1733258.0,11396218.67302448,4830984.08344828,1820816.93552361,0.0,32264.0,192045389.50497496,159816.0,3364507.0,1234944.70732611,13752065.0,280959.9879468,,2037043.0,937896.0,
2019-08-15,83833.0,282699.83530457,1390640.0,330843.0,94703.67211309,10855289.0,2562518.88379074,718880.71104143,12500.0,,170987.0,1621891.77325263,793449.0,2503146.0,10548866.68338157,816338.0,6461841.85597467,3103272.56613158,185311.23784486,457967.5,9622.0,121559976.07558268,133320.0,2138036.0,186691.87437903,13203744.0,236179.98986787,,1547153.0,642833.0,
2019-08-18,58349.0,205301.41402999,1007379.0,393274.0,116474.59122586,10345346.0,1101130.82353974,255230.04255399,138696.0,,309084.0,471651.41644901,877158.0,186454.0,4805514.29002109,550925.0,13484051.82681387,666319.10804389,2338837.47905561,0.0,55029.0,163846213.79359812,26599.0,601165.0,64323.4048992,11838127.0,999.9999571,,461553.0,140258.0,
2019-08-19,56029.0,219622.0746327,1026446.0,856500.0,384012.98686285,25256263.0,2088059.09027156,1500601.33183317,0.0,,115116.0,586003.53679733,1150382.0,6370470.0,10723081.20779612,989400.0,9126126.15662613,835611.03712279,119437.82203487,884281.25,21286.0,317991408.22132874,153865.0,743801.0,5132314.04351807,30509379.0,297399.98724153,,3992289.0,377332.0,
2019-08-20,128811.0,437986.4993858,4962497.0,202835.0,1208065.06567947,23854714.0,2733513.81297936,962320.61917201,24444.0,,179130.0,3035226.64465763,3546249.0,1668891.0,10422759.98593362,2331711.0,2948126.86536241,693655.72888707,1928064.57662784,148246.25,21805.0,199971022.84455103,55009.0,2246374.0,2020837.24837255,15437689.0,231339.9900755,,997475.0,119017.0,
2019-08-21,305195.0,141604.75723315,2674761.0,402400.0,1582620.90724129,21423666.0,2573063.61154269,3621043.01685163,12320.0,,111961.0,1434145.14309905,10533384.0,1220453.0,4232518.85719303,3809723.0,4748301.44684882,3249353.47751292,850952.48221542,116838.75,87136.0,292607414.8280383,74367.0,881099.0,811545.90292157,11057913.0,82259.99647104,,864859.0,599880.0,
2019-08-22,261582.0,1833286.15830887,1015816.0,171851.0,301024.62314879,11052886.0,1296593.31624401,943210.75387255,46598.0,,66311.0,646077.39789041,6435535.0,690304.0,10752870.8510158,527298.0,4479587.91223741,2728578.88044138,173347.78745029,2012818.75,22060.0,165571370.09527528,54020.0,906140.0,509605.56698439,12382774.0,75859.9967456,,690515.0,1858727.0,
2019-08-25,250021.0,1163716.67201437,1241869.0,138610.0,902631.97928697,21343415.0,2418687.82640673,126515.24550211,6506.0,,56841.0,3352493.14683683,4534064.0,576688.0,4292045.23913061,1477651.0,4945257.83869784,2717505.27199816,63384.84329955,177866.25,59926.0,288660066.9437393,47094.0,1239475.0,705419.11817881,40091505.0,111399.99522094,,1668859.0,1244241.0,
2019-08-26,140094.0,2511579.76324186,995586.0,211821.0,33465086.37315704,10723302.0,2620805.03744116,1024734.07152705,57580.0,,84427.0,1592143.29440201,6482712.0,495545.0,941585.50554994,255585.0,7018258.96297858,469413.35791048,864681.97226751,108123.75,42233.0,148330155.69599575,28319.0,742975.0,1590095.10246451,13679575.0,0.0,,1022564.0,2327142.0,
2019-08-27,103526.0,1936704.69367141,1630994.0,53889.0,1203117.28767429,9950073.0,9898381.61471146,7035940.29564179,914400.0,,47529.0,1522111.5241045,2732615.0,762382.0,19498721.25222706,515032.0,5389930.7233842,4950387.17448876,396777.07228813,1638080.0,16874.0,102376604.09552234,130542.0,1196970.0,279075.31049768,6703115.0,39819.99829172,,1137126.0,96669.0,
2019-08-28,267889.0,4624477.89544039,1663389.0,51541.0,510898.09271,12923298.0,3477919.96083125,425934.07689745,196900.0,,75601.0,1257840.4302171,5878238.0,887853.0,13692522.7194413,788961.0,15271194.38237278,9756171.23872294,345122.11961406,156100.0,23968.0,93147416.20277578,70723.0,1657626.0,870072.63470476,11249050.0,102479.9956036,,5958421.0,2598303.0,
2019-08-29,166781.0,9495885.41592555,2541650.0,82633.0,2854043.27931752,20155598.0,3340454.57399848,3399137.18924541,600.0,,71741.0,3022796.65381357,4125615.0,2581826.0,34975487.97311802,3424997.0,7180313.28538918,7251319.92886564,3112888.69998945,497377.5,32376.0,105032633.2359727,177292.0,1144605.0,682477.42598735,9506995.0,61579.99735822,,2950707.0,4953526.0,
2019-09-01,573522.0,1586290.34116517,1733761.0,203743.0,523935.59213714,5597447.0,1861194.09382893,435698.20237042,6238.0,,160269.0,1998027.72418052,1534768.0,2073981.0,1905699.51144806,499895.0,5032378.01202531,1354427.23270112,370337.01374971,47110.0,103720.0,70351716.7164096,123472.0,219141.0,262950.29255707,5523598.0,222539.99045302,,2855918.0,891835.0,
2019-09-02,973617.0,2227033.16837724,2580550.0,718883.0,1010282.68512527,18374297.0,4063852.9057955,1294091.01978394,1180.0,,109483.0,1587443.30295309,2278635.0,1056991.0,15006057.73357717,5374053.0,1649127.28097453,2774113.51515987,925076.97735336,35696.25,114026.0,102019107.57221358,265367.0,1938919.0,302070.33608182,5005347.0,119439.99487602,,815731.0,2076368.0,
2019-09-03,338789.0,1241710.82217929,4115568.0,804485.0,257305.33296946,13067501.0,1998922.0507815,1587441.24136824,1000.0,,43778.0,2095223.29431649,2400408.0,2157922.0,8538623.46767595,4983373.0,3153489.27393538,1393008.46211789,366199.86438961,27150.0,72506.0,110798922.09023856,240016.0,705319.0,453998.83844998,3846473.0,49519.99787559,,944201.0,756897.0,
2019-09-04,186650.0,646849.04833803,916102.0,988388.0,549579.13918223,16968807.0,2268162.33420385,1622811.64463846,10020.0,,292474.0,1309852.82549253,2695558.0,2610477.0,10842945.17403213,1193332.0,2805674.5819505,2515161.71771861,1540722.77267235,231433.75,72060.0,65758428.4439167,113331.0,806345.0,289365.32194629,7022388.0,6579.99971772,,1400978.0,819848.0,
2019-09-05,286490.0,715235.41534379,684164.0,345139.0,256435.47045097,9594135.0,3268272.06224349,6393267.65566576,60000.0,,498994.0,1144171.48493807,2444121.0,765780.0,22182835.55956044,1120299.0,1702281.38672578,3377907.77553086,4732508.23583019,249762.5,299025.0,96885512.66950116,28091.0,8082309.0,1053272.83853231,11379935.0,90999.9960961,,2455269.0,958808.0,
2019-09-08,422123.0,202749.70861637,438305.0,114133.0,1859317.21547293,6625703.0,1686470.22764497,160717.93577831,2172.0,,291735.0,1636803.96684845,1294493.0,912968.0,3464790.77067051,1533855.0,647776.28876499,514654.59240526,1675952.51312965,3750.0,161560.0,53757053.72235084,7829.0,2617013.0,803915.89443246,7713443.0,208819.99104161,,125807.0,68663.0,
2019-09-09,162556.0,794282.01988165,886744.0,277349.0,352196.89538654,5763734.0,5424619.24190507,1991704.01801162,15000.0,,77475.0,2369742.01424326,1077402.0,1517767.0,1883611.88194819,1339891.0,6974194.87531212,395521.50157065,10788250.02637077,544883.75,51178.0,54875967.69566101,192061.0,4236411.0,527353.92006444,10346096.0,212999.99086229,,591040.0,613814.0,
2019-09-10,85165.0,3356204.18396195,1206070.0,448700.0,1116381.55623058,5025462.0,3552900.27856855,4735311.61672366,26330.0,,118963.0,1228103.33761764,2693891.0,1046479.0,5571271.68385171,1573478.0,3083766.13521968,2302424.95551463,2265759.22241547,26813.75,34734.0,49132820.1444869,392374.0,1270734.0,41781.71315277,11588444.0,71499.99693265,,1000680.0,716287.0,
2019-09-11,29003.0,2409365.92407978,1486984.0,456528.0,264128.5345645,7494338.0,2853320.80763829,8308053.28871701,1972094.0,,43533.0,820151.67068502,1409198.0,573467.0,4980103.55465669,1769275.0,2349625.67463129,541447.61283396,793581.46150833,3971013.75,341560.0,34554528.80772404,45385.0,1502118.0,566552.29700968,10662797.0,179919.99228142,,271805.0,392931.0,
2019-09-12,61429.0,826947.8207018,917120.0,221000.0,389367.86052667,9157578.0,3163402.88028191,12193514.6888474,442370.0,,44839.0,3060997.52643815,1832510.0,1921949.0,1348694.46428786,1015270.0,5794121.52753058,836698.23795174,1090901.68171502,942375.0,247054.0,28780185.87248015,103211.0,3163203.0,175381.86179557,16555868.0,58959.99747061,,465523.0,2382081.0,
2019-09-15,623254.0,3636153.73755613,195603.0,130600.0,331939.53705594,6505926.0,1240089.99164226,1642428.68482127,0.0,,44959.0,2715213.52567208,654136.0,1045382.0,518406.80439146,1529425.0,2713496.39856,231949.97685335,263429.4684496,16335.0,40865.0,40039569.36048805,64393.0,1469315.0,1060346.1797354,6903620.0,122999.99472329,,666129.0,369643.0,
2019-09-16,1487461.0,1759488.58721587,768783.0,282320.0,2099360.99662547,8022614.0,19146092.40786482,3323090.55315614,2000.0,,160182.0,2110840.1703449,1894061.0,2183524.0,519442.85088496,1369495.0,4245137.44579312,2816017.54711015,1943995.81140375,2223246.25,28674.0,66692044.41398327,110371.0,3453468.0,1307428.1213041,13344523.0,146599.99371085,,1006483.0,1141907.0,
2019-09-17,330379.0,1005749.22792662,1390671.0,664404.0,705552.44764771,13625415.0,2820373.7737835,1636646.62209286,250338.0,,147249.0,2880679.79259362,2958501.0,2604120.0,2061366.59927458,2242442.0,10871769.62962172,4226234.02234852,1633297.12372191,747812.5,44784.0,205966615.81864625,93683.0,2077934.0,1113849.57259632,29144525.0,231479.9900695,,1799930.0,514409.0,
2019-09-18,81728.0,724856.43692274,844753.0,184769.0,490967.80268635,11369014.0,2597824.63578046,2404022.39996392,2938440.0,,54532.0,1035959.08424026,1050001.0,589418.0,359490.49841295,291881.0,2538284.04997123,349841.06674099,757174.82030873,837975.0,12126.0,76080168.92136902,36972.0,1249747.0,449717.16701955,14242032.0,67119.99712055,,328112.0,2392012.0,
2019-09-19,2714578.0,910293.60206492,789629.0,154150.0,406573.74114241,19273406.0,5455487.77951747,4197043.01168571,300.0,,35403.0,640172.9940971,2001616.0,902124.0,3314890.27353976,1125695.0,7550025.0209387,1103494.44137406,650354.68919121,9927976.25,36393.0,76171383.19313668,671320.0,619376.0,1780726.98122717,11261003.0,5959.99974432,,1126623.0,10471660.0,
2019-09-22,223304.0,1298020.44073595,1734601.0,422682.0,726456.98369207,9969789.0,2109104.41634355,3420437.18905438,0.0,,187457.0,1183222.53098221,2854346.0,2785896.0,10955340.78809794,1962448.0,12843547.55251671,4267067.05348221,1812825.3670502,155650.0,153266.0,131286848.93826433,89722.0,1791528.0,638354.04356258,24152570.0,189999.99184899,,920299.0,3791999.0,
2019-09-23,141550.0,2598099.4557485,1881483.0,534905.0,427944.52349669,19972767.0,8705977.8871778,3326304.45447261,600.0,,170143.0,1747445.4344593,2917540.0,1687041.0,51909998.56262406,803141.0,23809079.36868033,3288831.10761316,1233635.3834085,1073858.75,48652.0,136079375.16785744,84406.0,2151353.0,972701.08222194,25940893.0,104619.9955118,,1915899.0,947475.0,
2019-09-24,678284.0,805498.27104472,1228002.0,194980.0,1440701.09762454,34810139.0,11490291.29568614,2584397.73466908,0.0,,224411.0,2345479.17817126,1941101.0,1001883.0,1864076.89465998,931409.0,6622573.17575312,1225295.13424262,2473337.85742697,79312.5,21162.0,239425289.45596257,65543.0,1902162.0,783557.53844853,27673335.0,61999.9973402,,3220431.0,957139.0,
2019-09-25,45311.0,461775.93973994,700043.0,62967.0,494360.26650846,27092703.0,6311865.74139488,517397.75320719,34000.0,,85807.0,1159418.94037345,1735559.0,1314213.0,3578725.02399688,751658.0,9068625.04222641,2454760.87166518,486311.04879969,2344343.75,8720.0,113346107.69972543,26153.0,1019732.0,325290.36191629,33703127.0,6779.99970914,,2962951.0,641549.0,
2019-09-26,88341.0,1050210.46077545,782808.0,110079.0,657744.80363148,31036529.0,5459150.52236498,621766.81056711,0.0,,135244.0,1557351.97142881,3972094.0,1149998.0,16999627.21380006,1192833.0,6972853.87264417,1690550.48898278,2753399.23995976,6439620.0,31933.0,143646648.31026828,28351.0,1016148.0,1154522.95118263,34058232.0,250079.98927156,,3191808.0,882296.0,
2019-09-29,131441.0,1044173.74135337,1928539.0,246445.0,721258.68528157,34671982.0,1375924.79596641,124010.31278914,0.0,,228747.0,3350991.4268234,2807362.0,963913.0,1679285.8785947,657703.0,8350630.61376091,1553426.38443067,815881.63899344,3531.25,114842.0,211561778.6553075,27514.0,2004582.0,680052.4232893,47266139.0,110979.99523895,,1171880.0,1560205.0,
2019-09-30,154855.0,256646.62516716,867853.0,223086.0,827054.84423045,22485899.0,3808758.31176794,1739732.27139254,49064.0,,94578.0,1534841.35289564,2170893.0,1595519.0,2259414.60174827,1594059.0,6114468.16486717,1339985.82169007,336544.60294802,918125.0,215645.0,104557741.52145588,35635.0,298700.0,428093.80962818,16846949.0,40059.99828142,,1968874.0,865538.0,
2019-10-01,34180.0,1647329.38519011,450817.0,593929.0,177215.35116701,13700010.0,4886041.59031019,740277.57183607,0.0,,182876.0,1576108.92249793,4413515.0,1486047.0,945950.12694812,918174.0,9696511.29141974,2086104.39057813,566905.55929545,23687.5,840690.0,66827538.08421363,35775.0,289504.0,722022.46998495,9582656.0,0.0,,2548846.0,617811.0,
2019-10-02,194176.0,777204.45835865,516779.0,111786.0,533444.92918927,14997182.0,4401749.75936421,3277331.80917191,2762164.0,,67012.0,1390878.65384958,1146431.0,1209765.0,491967.77961886,1026265.0,15805012.44441541,1034482.3887549,332817.20756878,33301.25,493062.0,92801995.6446722,27690.0,395221.0,385470.42887231,11174640.0,19999.999142,,682061.0,294663.0,
2019-10-03,398893.0,1841897.75037919,1433860.0,734337.0,122323.54680019,21484063.0,2545502.57485101,3833876.19879932,23420.0,,584654.0,3708369.16154316,3027952.0,1339393.0,869485.48701883,1527954.0,6623023.17664841,1895102.6449463,266290.91708262,1646832.5,677877.0,134043311.74663389,44777.0,1083243.0,1507896.67767766,12451847.0,21999.9990562,,3311803.0,564943.0,
2019-10-07,1746721.0,3664987.01584845,1176284.0,213956.0,203471.28142513,9725901.0,1814355.11481276,479447.08090182,0.0,,353033.0,1551123.6920471,1421199.0,1974792.0,353631.32483903,6950501.0,9132642.16958988,2234332.70359678,279520.50727805,1558687.5,169666.0,115082502.0740605,16160.0,264419.0,228535.25426708,10087550.0,32499.99860575,,672413.0,351425.0,
2019-10-08,323976.0,1336904.98925023,654653.0,261797.0,198972.35247949,4528845.0,1975045.82165327,81534.07998624,950592.0,,135563.0,2814835.63244306,6080272.0,1461365.0,765126.94851755,2305395.0,8399734.71145458,960631.93244663,150643.31937072,772083.75,122228.0,234847348.79680583,25066.0,48555.0,1186109.65299249,5649818.0,15339.99934191,,871040.0,306998.0,
2019-10-09,703651.0,1009916.02055404,619624.0,17707.0,93200.54968114,6446432.0,524974.75421242,358139.45867139,7484.0,,147063.0,619007.21833922,706978.0,730693.0,599778.33686234,5208638.0,11903549.68237053,375064.48597292,513558.32268042,937.5,46530.0,80207070.73323318,55545.0,412300.0,921612.69204794,11079672.0,59999.997426,,798735.0,121330.0,
2019-10-10,755529.0,1400853.17602299,862209.0,890498.0,94195.67240229,6302576.0,3198024.62607721,2274375.31592489,43078.0,,53850.0,620349.53083648,1194944.0,1925281.0,156376.88989229,1547693.0,10573050.0353126,1687344.68653847,747999.06283063,57840.0,564990.0,87798034.32062067,7647.0,221135.0,138451.82070741,8771762.0,44719.99808151,,693437.0,198974.0,
2019-10-13,42712.0,356861.46294166,528829.0,144072.0,71920.23302879,6106360.0,208531.42396075,16278.02675984,300.0,,129359.0,274985.55622413,717015.0,203549.0,32192.38934292,451615.0,6137463.21061631,547911.41776237,310441.9085205,117985.0,80748.0,37505318.23380101,3700.0,44200.0,270378.63415513,7005000.0,94839.99593136,,238438.0,240221.0,
2019-10-14,165469.0,558661.31493844,1186878.0,319626.0,116422.39947476,15806174.0,1315233.58827758,1068293.2639615,60.0,,98206.0,653095.12401886,1946065.0,373685.0,725188.45836998,642888.0,6041910.02051116,3104149.16679995,3426.90912661,56055.0,108541.0,60603270.0542324,5225.0,593456.0,717317.46475018,8384807.0,59159.99746203,,620873.0,103684.0,
2019-10-15,24150.0,888023.27038115,863900.0,126220.0,87299.4023557,14859092.0,779628.05392101,715880.71106833,29680.0,,144834.0,589720.51522989,690482.0,518400.0,681061.69516355,558146.0,8895590.69797083,137073.70451368,9765.80321055,1636156.25,66205.0,63591988.94232878,86224.0,421075.0,742515.82611908,9386763.0,266359.98857314,,1742097.0,502375.0,
2019-10-16,102613.0,3691539.97633276,1765127.0,514050.0,170092.91686561,11075307.0,1353977.02301212,738587.88575258,5714.0,,53811.0,1007468.15357275,1358453.0,2181120.0,1211799.65718198,626336.0,11120620.12471518,5910281.10637269,333266.57110112,569702.5,160157.0,111077367.96343598,10972.0,781556.0,681635.75838424,14794115.0,19259.99917375,,10107855.0,15091.0,
2019-10-17,100130.0,1121191.55805913,1187017.0,28410.0,237716.02905306,17263436.0,1760170.79185723,2099490.11569964,14286.0,,48999.0,1016226.71098887,2327158.0,1202149.0,78765.98575742,3943325.0,27622242.95505208,584100.44535518,1271231.6769992,1737125.0,157582.0,73056743.23489682,11035.0,396793.0,1104054.56169844,20858827.0,78559.99662977,,2534719.0,33237.0,
2019-10-20,123526.0,1117196.86488893,1351165.0,180030.0,217281.21876868,14418077.0,612774.67191599,367424.66038184,0.0,,55076.0,212726.80004833,400449.0,517144.0,130766.7023145,712656.0,3870115.69967921,664411.10658911,42160.9529375,0.0,110213.0,35369826.61571504,5400.0,121806.0,267000.29706308,4480470.0,417999.98206778,,286404.0,45898.0,
2019-10-21,392944.0,1487544.96798683,2261924.0,108864.0,450272.1546213,6830012.0,1099539.95751983,609953.80618875,0.0,,29906.0,301945.66868081,1156122.0,572289.0,122698.76579059,452687.0,3266277.49833,785653.79903222,1924767.4229285,27562.5,210820.0,124429144.45502616,78509.0,236499.0,249255.27732007,5304653.0,3519.99984899,,926333.0,449433.0,
2019-10-22,59684.0,3459301.68764469,1290865.0,116846.0,232420.30604049,7463592.0,1048669.75489982,3198878.44664683,0.0,,136795.0,332061.03784642,976239.0,1146747.0,2209525.65655455,312650.0,38468128.53317692,1822816.38983068,331969.01682839,1353723.75,81874.0,224927544.0852417,2576.0,311870.0,175008.52804687,5212293.0,302879.98700644,,423977.0,94132.0,
2019-10-23,48497.0,1313661.63371224,397912.0,75196.0,111074.48471108,7706923.0,883268.23120423,1073549.31772601,0.0,,92544.0,386946.56382993,1110578.0,1139987.0,994322.47642368,447808.0,3011459.99136504,805007.41378864,465428.62008836,2727482.5,41693.0,165135941.8306722,4800.0,580675.0,1265024.74079299,6496305.0,44999.9980695,,421025.0,54867.0,
2019-10-24,37840.0,422557.12112607,255598.0,31108.0,898192.2009926,29634104.0,690049.72011197,985540.34990547,400024.0,,176869.0,583862.92158022,774049.0,1070435.0,282646.70955412,99400.0,3284610.53480397,5720497.96167,384494.01378849,157235.0,22240.0,277198217.67872584,26188.0,325635.0,143921.82679331,4530426.0,115899.99502789,,143305.0,45249.0,
2019-10-27,16657.0,1130878.771737,489509.0,30910.0,453107.90643158,5502097.0,449886.31936698,147290.58163865,20000.0,,69670.0,273162.49090033,364020.0,577312.0,112774.76299534,716689.0,4909950.76845366,100699.27677951,59895.10522921,82812.5,69686.0,260536139.1393745,7600.0,811124.0,87590.09745227,9331880.0,32279.99861519,,1109579.0,82487.0,
2019-10-28,819477.0,752935.1252873,414022.0,76645.0,202274.35059968,12303435.0,1290070.98620954,1318991.01956062,280940.0,,80296.0,1226196.77311871,631497.0,844411.0,649116.19349568,2163132.0,4644792.24091501,956387.52921043,625713.45062877,96432.5,155962.0,134192492.71389122,31842.0,2763823.0,97536.77518555,12296041.0,59999.997426,,2031697.0,220648.0,
2019-10-29,188143.0,495216.18811753,6921281.0,66466.0,505567.57519669,41532324.0,2475414.00463957,1232962.32078061,10204.0,,200741.0,3473115.29615443,1295696.0,1493407.0,2790659.56524224,2921757.0,10600239.08940581,607711.06335741,27176.24985737,985266.25,45453.0,107432030.06889626,135643.0,1992392.0,201656.89102903,19380392.0,0.0,,1662267.0,190964.0,
2019-10-30,243732.0,479376.41884445,5511693.0,439475.0,3769309.14182305,29480522.0,2801267.93624341,2159578.9043984,0.0,,1526524.0,2729151.56222465,2966717.0,3118990.0,477727.65121874,2203694.0,12874363.61382593,786323.39954277,768362.46983287,112193.75,36289.0,60759958.53871382,84994.0,1626906.0,342630.3812087,4834708.0,5099.99978121,,2192182.0,3675.0,
2019-10-31,321702.0,438787.42378281,7168991.0,380982.0,586572.65236859,10109467.0,3004314.07181929,2863583.38238939,1720240.0,,915991.0,1484258.56470965,1643558.0,5698361.0,556480.41085071,4358421.0,7649655.21915514,2145864.43614297,826697.7782416,733713.75,103580.0,261646772.15618613,25519.0,1091749.0,476312.19660903,11258514.0,167959.99279451,,1773021.0,465475.0,
2019-11-03,162672.0,971719.86986858,6375632.0,1433101.0,3603384.60614604,4648708.0,256261.81750125,5145.73986417,6000.0,,341165.0,6733326.67279812,1655647.0,1234089.0,195799.56114735,1457799.0,15455442.74893891,2199653.87715545,15707.23593304,8627.5,199556.0,150183311.04133376,15183.0,1353668.0,768482.52167615,9831090.0,0.0,,465760.0,328497.0,
2019-11-04,121824.0,1952183.71600533,1990674.0,210089.0,1496180.92905386,5090854.0,2695600.01156449,460004.92860982,0.0,,797378.0,4913629.14906611,1795331.0,1054848.0,623435.46658216,1807808.0,7198133.32084252,569032.63386652,808216.50785811,57403.75,33286.0,48710759.48867734,137282.0,1255815.0,851480.94735308,9839378.0,1999.9999142,,1216199.0,93330.0,
2019-11-05,756107.0,2157405.69951661,3355420.0,480667.0,602418.06800542,8891678.0,6421730.37504727,1691175.32115538,215900.0,,372519.0,2188560.19044998,3271726.0,817865.0,553711.74192338,3829164.0,2462179.89856037,906045.09082617,605418.33595667,1609530.0,31316.0,57041631.17984356,4290.0,803550.0,936376.0418069,15441929.0,0.0,,2199864.0,1072396.0,
2019-11-06,722421.0,442818.52260743,6077899.0,910549.0,696589.38425719,12255820.0,1641440.5553366,761207.61649141,20000.0,,541147.0,2243736.69840744,4069914.0,516261.0,212609.96659306,2162055.0,10819794.52621612,1285314.3800051,285530.23233069,1263096.25,56768.0,59327386.58017111,29440.0,1049197.0,433792.14930146,4681530.0,0.0,,7450848.0,533828.0,
2019-11-07,300320.0,2900468.27324904,7492531.0,262889.0,483643.56028066,4618929.0,897047.64631428,1564725.99493519,74320.0,,764038.0,2185795.86169738,661479.0,1708692.0,709921.10089332,562703.0,4607694.16710759,103381.27882444,190816.96550104,588620.0,29866.0,33835439.11108278,15549.0,437875.0,1154496.2844863,3886344.0,199.99999142,,4648863.0,912110.0,
2019-11-11,90356.0,438410.12881893,5277759.0,310304.0,428960.52291828,9115897.0,4572413.71781359,5850765.41837878,296.0,,443446.0,859912.45971782,862160.0,971355.0,6900206.31671873,1567429.0,2882651.73509821,2059070.16996553,452205.85912594,920801.25,25644.0,39057688.20156442,23492.0,2449063.0,977354.42073256,6904934.0,232679.99001802,,1320188.0,260623.0,
2019-11-12,116061.0,835473.36304352,2568240.0,164666.0,375390.90957957,11458683.0,2144107.88172477,452585.64616515,0.0,,166574.0,688293.8217556,2726119.0,678579.0,84519.35032775,1043895.0,4279157.51347678,4073178.105649,390223.74028755,1646216.25,80733.0,89738253.14695346,7161.0,1711818.0,471842.19163573,30317836.0,175419.99247447,,1424213.0,135956.0,
2019-11-13,41895.0,1326641.9043117,3754732.0,126900.0,779567.30962102,5685815.0,2006459.35774961,964058.73574835,653130.0,,102856.0,1036553.69957834,916754.0,225705.0,167976.20191109,5265281.0,4661883.27491799,341933.66071188,279651.62855193,4459512.5,19936.0,32611339.97457732,15905.0,2507192.0,711387.45815249,9405757.0,879639.96226341,,2872711.0,232167.0,
2019-11-14,83779.0,956396.39896713,3183747.0,200347.0,531284.19069334,5388205.0,2055604.09958243,1080551.55981568,21402.0,,140946.0,1679904.72288667,995080.0,2103416.0,1170913.29471057,4455788.0,5064652.07623527,563123.22936082,446437.88892201,5763991.25,60158.0,49087112.46149739,6413.0,1359757.0,182385.20292079,8157253.0,1141139.95104505,,3453806.0,186490.0,
2019-11-17,13980.0,3127576.67427031,2729825.0,26065.0,104421.77616966,4868697.0,1218777.68250729,301300.89415873,20000.0,,102258.0,482818.7985539,540076.0,861990.0,61937.94547778,798216.0,4565601.08336248,328676.6506039,138707.18590821,1687405.0,32521.0,70076264.05320434,9499.0,543280.0,478267.19878416,5581628.0,220419.99054397,,605279.0,477433.0,
2019-11-18,14860.0,2790483.48167301,1099752.0,319010.0,284792.98855376,7420050.0,2113731.38727802,2907191.00531667,0.0,,55599.0,536981.93015858,456218.0,1720324.0,3847171.28352724,578543.0,3663889.28938729,1377947.85063472,155894.99955877,1625388.75,70318.0,68866857.68478265,72270.0,260687.0,523083.91531366,5152291.0,1005999.95684256,,1681206.0,82296.0,
2019-11-19,36033.0,654110.32159025,920707.0,727555.0,6958.90014792,7759506.0,1559309.06316029,1370418.82178996,695254.0,,44392.0,585745.44843782,2440451.0,3021290.0,76799.701774,221305.0,8078776.0729004,995746.3592201,1274735.07353557,1419433.75,5969.0,49894049.39093152,11000.0,552380.0,714164.12790846,6804757.0,259999.98884599,,1455056.0,1649493.0,
2019-11-20,27355.0,266224.6218818,1598722.0,305921.0,132236.50006091,5731101.0,1597361.87228563,3629034.0481701,400.0,,46112.0,1165738.30976441,4350368.0,2135856.0,5122354.94256943,443447.0,9278928.46062963,2614611.79354565,573808.54802637,430095.0,37596.0,36211741.04727105,54821.0,275593.0,179826.86674106,10022688.0,285999.98773059,,549151.0,1032429.0,
2019-11-21,30902.0,1103703.60552279,1445231.0,100662.0,183447.04624948,5750364.0,4945040.43428576,902352.90670535,2406.0,,74938.0,462104.67742516,1281438.0,798569.0,2573080.98418883,722175.0,3697945.35714258,3046194.52261166,136412.56361538,205758.75,30253.0,68722386.96270676,56008.0,827498.0,75928.41781088,6439133.0,266979.98854655,,4818315.0,365687.0,
2019-11-24,64868.0,284569.76209924,842043.0,53839.0,109282.56792299,2499275.0,1444861.58800533,203636.76947411,7530.0,,84943.0,209785.35183333,430214.0,246801.0,67664.85779721,18500.0,3102972.17343051,28845.02199327,435130.04489682,17375.0,11610.0,24051641.11780106,1093.0,115637.0,71210.07922795,1448145.0,168599.99276705,,575446.0,821272.0,
2019-11-25,157089.0,296209.64269544,800854.0,8500.0,257444.51097242,4883645.0,3888678.91940618,2192492.80544849,2313542.0,,82005.0,667626.5107705,1331815.0,186181.0,2140361.83787312,322344.0,4724532.39955979,659693.30299196,99467.77885426,1324330.0,22298.0,34582550.51263762,322497.0,362549.0,303285.33743362,4153195.0,31299.99865723,,5196683.0,1545401.0,
2019-11-26,58597.0,1626147.91353368,8742120.0,62687.0,330478.16802487,3844859.0,14904283.15499886,8269127.28009751,750110.0,,56762.0,492073.29046477,1923530.0,1171172.0,149882.86229682,147465.0,8034018.9838552,2242598.30989901,141877.31587348,880721.25,37400.0,23791200.91091302,163451.0,373401.0,170571.85644399,7475290.0,24499.99894895,,2881970.0,1560466.0,
2019-11-27,15542.0,682735.09477095,3569625.0,80845.0,1867420.85469519,2481041.0,2362546.36314654,378059.18943445,200000.0,,84807.0,658916.02863703,1259457.0,203725.0,48539.88039792,665167.0,4071950.10123313,613469.26774783,450676.11093073,28362.5,16133.0,18925324.27866128,12600.0,461790.0,45745.0508957,3349316.0,21999.9990562,0.0,1582925.0,948879.0,
2019-11-28,90953.0,755612.59568887,1140087.0,206494.0,1111231.97012112,8388526.0,1779221.46760745,270855.60295197,22400.0,,35413.0,1559305.34607138,3421871.0,375849.0,3683158.51054238,195912.0,3309126.58357918,421967.12173446,249699.97839752,124687.5,47468.0,33683099.93345474,18020.0,504535.0,215806.90677226,4236731.0,37999.9983698,0.0,1134422.0,182099.0,
2019-12-01,79530.0,89955.06244092,1146795.0,18145.0,557874.14815856,9510014.0,975880.46345624,629270.84637425,200.0,,518847.0,1015457.50646641,694159.0,435637.0,150998.26554302,2664534.0,2252443.48128521,47289.63605661,95036.97247454,0.0,20994.0,32725894.0655172,2250.0,729697.0,578105.6431972,5723028.0,57719.99752381,0.0,1144291.0,20369.0,
2019-12-02,50947.0,3590653.28875415,3462211.0,104390.0,405644.72797267,12739468.0,2835803.62964651,748416.58521599,200.0,,386058.0,748237.3735299,6852499.0,1646535.0,940148.26658448,2707897.0,5541050.02403933,1248241.55173843,234230.39977337,66863.75,24174.0,48953967.46853047,82780.0,349528.0,2943566.60832956,15899218.0,6499.99972115,0.0,4920018.0,216572.0,
2019-12-03,76907.0,557744.55436831,1906062.0,462478.0,290001.72531448,15246793.0,3823687.29857891,1237760.97544609,2527410.0,,126552.0,648199.03602227,1257719.0,1473032.0,347842.69060085,1864478.0,8654264.21784656,799807.20982368,689252.63459444,1448975.0,12249.0,46958788.04735473,114766.0,788661.0,516640.5748115,8656766.0,0.0,0.0,6371544.0,232752.0,
2019-12-04,89314.0,184934.10519035,2089922.0,889270.0,1151082.1118182,4201555.0,4076281.96028947,10701032.19102213,2278420.0,,884127.0,724813.32462631,1706397.0,1286814.0,9923381.16735482,2645277.0,4078349.11396411,2814123.94566635,123876.82349421,359176.25,46740.0,35907539.64623422,131442.0,373425.0,272280.30293759,2747942.0,74719.99679451,0.0,6705672.0,131463.0,
2019-12-05,84987.0,407167.45812569,3775926.0,557398.0,387234.95763133,7267706.0,2236208.21256676,1026299.99079552,749984.0,,173581.0,673183.00133408,2006397.0,666870.0,442462.39206316,2911935.0,3782599.52556388,972673.94162823,256508.72371284,783367.5,21732.0,26372180.66043187,53369.0,823845.0,596605.66378022,4775351.0,181879.99219734,0.0,1206918.0,34401.0,
2019-12-08,73547.0,128839.61095521,910012.0,249495.0,309584.07033073,3190619.0,886421.27911332,297469.50405857,9396.0,,166269.0,196498.86187461,386559.0,103136.0,11669.85135452,418462.0,938917.86799748,155208.71834096,320.97395168,625062.5,32888.0,21601065.80808664,100.0,863281.0,50438.38945081,1191734.0,66259.99715744,0.0,812189.0,30488.0,
2019-12-09,72467.0,452651.35890294,1206811.0,253519.0,744915.46633444,2719289.0,5409725.55863961,229579.3701383,1804.0,,49840.0,305908.08408271,634505.0,333313.0,10466031.45969434,323310.0,4217327.39046441,1568418.59586169,28934.09443527,3805.0,14952.0,8672595.20953789,67267.0,687440.0,93465.10398877,2319487.0,0.0,0.0,997120.0,257107.0,
2019-12-10,104225.0,171149.60058893,1199907.0,287961.0,431347.42566902,8070460.0,5617517.81461608,1046550.66325964,241878.0,,118988.0,165676.27999839,1520710.0,243420.0,20588.66861565,603600.0,2473366.92081719,1711569.1050087,916806.77617297,1187.5,31193.0,13697336.26876318,120800.0,186765.0,28893.36547993,1734061.0,149639.99358044,0.0,1508842.0,51653.0,
2019-12-11,9860.0,190719.29463651,3114520.0,578252.0,836251.03077593,5091871.0,7276409.35379661,1046574.87850606,1288322.0,,116029.0,691736.26502142,1607681.0,668408.0,8989.35659685,596722.0,2460910.89603566,1732146.72069838,132760.2897993,2975.0,7200.0,34529683.36009755,15000.0,168563.0,184558.53867216,1281844.0,1879.99991935,11536128.49113957,1093469.0,93916.0,
2019-12-12,46106.0,130944.51970106,753652.0,153053.0,131310.96634124,3166030.0,3052949.11871369,1734757.38354478,102860.0,,189217.0,300175.73919574,4896531.0,323533.0,52904.5017961,501950.0,1639128.26108126,1401137.26831581,58221.94314069,372825.0,8998.0,21647706.77446734,21551.0,123899.0,583958.98304293,3197917.0,9999.999571,7012932.59387039,2501200.0,351207.0,
2019-12-15,119586.0,40708.14083971,681724.0,452208.0,784584.67662768,3345252.0,1420848.55763822,63512.55548419,1890.0,,36273.0,193829.41854831,335505.0,211051.0,14019.69297597,93291.0,977311.94438333,675473.9150241,55100.98365312,0.0,20702.0,11853952.03959244,2787.0,79318.0,66740.07425464,2333558.0,58999.9974689,1634301.93441606,1162567.0,67712.0,
2019-12-16,76201.0,215835.88657411,1221214.0,1284715.0,1293708.78010495,4576340.0,2455518.25026851,1080290.57327094,5270498.0,,50974.0,431738.81073415,664930.0,445976.0,4374320.5568405,451389.0,2613299.1992155,2410428.63786348,1307526.31877736,949580.0,20568.0,13114088.29002578,18574.0,1140436.0,323965.3604421,6897008.0,0.0,2009352.54968385,1107092.0,338912.0,
2019-12-17,399606.0,276970.9091425,1254547.0,469413.0,1342191.10193645,20019705.0,6199805.66850558,1093010.30409856,571662.0,,110775.0,473026.62256072,1306723.0,665279.0,3203887.81135458,1374825.0,6737170.40374679,1032595.98731659,18916.9754498,1417591.25,6697.0,43069899.28155023,24491.0,2841244.0,923634.36096391,9551386.0,419.99998198,1800059.41341494,2633796.0,13497630.0,
2019-12-18,57380.0,1668884.84220548,1456574.0,159773.0,5364673.4835531,8159482.0,3210215.38163894,1365840.79492519,852674.0,,291591.0,446974.87991838,1491206.0,1529202.0,243409.20405535,641740.0,4003513.96507796,730111.15668299,121901.80930646,1341273.75,23822.0,45977476.65536327,73244.0,420013.0,668712.41067246,6420860.0,38999.9983269,768371.3136395,3782697.0,200994.0,
2019-12-19,55190.0,113870.26778301,1495303.0,199051.0,1971327.62355243,9970532.0,10060731.58819132,1522220.16572,365352.0,,608472.0,98591.01847195,1344136.0,504801.0,765638.35870158,3352135.0,2309377.59455686,5272312.01994465,15184.11668414,1152675.0,12266.0,26604238.22407823,31686.0,733219.0,499703.88930117,7426661.0,88839.99618876,2924482.34373281,2849766.0,1323246.0,
2019-12-22,59292.0,165384.26877245,1360659.0,430100.0,2775207.75560916,4408289.0,1774415.77247379,163742.15099783,6060.0,,890705.0,272469.1947189,189241.0,85864.0,1743538.39602606,90000.0,3787855.53602083,513189.3912881,9151.17223925,416902.5,13310.0,11792458.46101125,1600.0,952625.0,152895.17011034,2369990.0,17419.99925268,765565.77561981,1070224.0,281245.0,
2019-12-23,15847.0,547825.6683442,832404.0,150434.0,1340508.19529104,5870839.0,2291745.10260995,1852082.94303065,266588.0,,143466.0,152049.46764405,487607.0,264680.0,27514.74964245,10914060.0,3237450.44097794,529868.20400508,3318202.76133339,221243.75,5934.0,7482823.88616377,30114.0,376590.0,89151.76585644,3879237.0,20999.9990991,484553.12397464,850462.0,111841.0,
2019-12-24,21950.0,114161.51301829,262771.0,187399.0,2173273.71536457,2147582.0,1667068.72291116,186388.78756602,122540.0,,54490.0,188973.81500027,434100.0,261758.0,44042.99774525,611130.0,2818436.60734082,951172.92523449,13593830.06994671,58211.25,14800.0,8012250.80392258,40576.0,519433.0,121833.46888459,10370781.0,4999.9997855,1124498.9682642,517949.0,281426.0,
2019-12-25,39000.0,98626.22740027,711052.0,178681.0,4181912.08271166,7284484.0,783242.25439342,436579.3682818,220.0,,227529.0,160897.8499304,84255.0,131095.0,50717.78238852,431506.0,2264728.50572653,682249.12018994,1725536.84235376,88718.75,4784.0,17053691.46905645,1000.0,595178.0,501300.55774428,4223976.0,106399.99543544,1452099.28302513,565735.0,140372.0,
2019-12-26,66300.0,121204.35234405,365740.0,229190.0,3152140.96525448,4948215.0,3448827.63285273,43805.38077305,51200.0,,254271.0,331053.98718872,129231.0,942491.0,264676.81377738,493200.0,814726.6209163,570834.43524033,890002.03659157,3011798.75,25197.0,28183959.58271736,7551.0,2278588.0,82616.75858562,6093276.0,0.0,2161672.28816785,1294160.0,306041.0,
2019-12-29,10870.0,130024.44952599,748548.0,103050.0,4225602.72018781,19762858.0,473252.85355678,1563901.33126546,20.0,,110005.0,880672.12585117,1227007.0,799698.0,1864028.39886666,395197.0,1142489.27300721,804681.61354023,476586.22098724,157793.75,88490.0,14374758.2135585,22951.0,1238722.0,137378.48617989,6161530.0,73559.99684427,1861068.06635153,540946.0,199561.0,
2019-12-30,11462.0,224172.78143389,541615.0,18675.0,3043203.87479731,8628334.0,1803744.19291297,556526.90083832,133724.0,,134169.0,553456.57044066,2641480.0,2105276.0,219588.95212166,960559.0,2343730.66290304,2162746.64901504,2112142.4549903,1169942.5,20225.0,15062472.05696593,35060.0,3797020.0,221505.24644553,25824355.0,0.0,5013847.78893897,825709.0,534512.0,
2019-12-31,458759.0,597453.19451423,1486070.0,146400.0,1475957.82950773,12116061.0,3468562.31479736,1473308.05853535,137384.0,,171210.0,340375.53146751,4027824.0,1528881.0,2544909.33698241,1659409.0,3553873.07050763,904223.48943726,1488734.55342718,4590857.5,81057.0,27153534.79679786,52571.0,5140098.0,413438.79332309,6984550.0,163319.99299357,2533052.1060267,1004129.0,1615350.0,
2020-01-02,13815.0,37302.55734995,445065.0,18887.0,1404087.9754528,3894362.0,628061.10712534,693649.76956368,98320.0,,42560.0,1522864.28181974,90156.0,67743.0,215144.97397079,390250.0,2696729.36520162,41266.83146445,170099.80422865,2659567.5,33090.0,17688298.39374873,733.0,963598.0,148985.16576009,2390823.0,21859.99906221,755859.13847131,336045.0,365592.0,
2020-01-05,152334.0,871766.49088484,2740470.0,195417.0,2663916.76035856,11137636.0,1847796.3983048,800534.5219683,740.0,,231608.0,1036308.26260901,1250162.0,3167765.0,1167637.62430769,628442.0,7375280.67328103,2201090.27825065,406989.50733782,407905.0,50878.0,92629211.88888931,49127.0,1591603.0,337520.37552334,16720687.0,139939.99399657,1394798.13547156,4160620.0,414479.0,
2020-01-06,53611.0,1023336.46861135,1856229.0,86719.0,1367643.03572009,18041285.0,2052305.42454808,1256465.90801376,140.0,,161780.0,921534.85096795,1746028.0,889321.0,441682.05066167,1419716.0,9032723.97080045,1387016.25754905,263149.46989601,1805345.0,13733.0,72079118.57011361,42110.0,735590.0,134885.15007249,17586634.0,1979.99991506,1082801.33169678,3458773.0,1963529.0,
2020-01-08,133485.0,309186.60368995,1385996.0,315732.0,3497404.68569629,14822156.0,4560260.47226898,2687301.76962061,1343698.0,,99732.0,964507.82796544,4958450.0,1080145.0,511238.24439809,2706433.0,5377609.69887125,844063.84356774,493655.20598334,3259411.25,12686.0,62864270.24151548,53640.0,667093.0,163471.84854456,14424470.0,108839.99533076,1817860.15885015,4006161.0,1678048.0,
2020-01-09,38027.0,577519.44392256,1564728.0,61322.0,10511048.00107397,6717767.0,6167397.01371994,4016568.12541195,216336.0,,226357.0,457347.75472046,2674743.0,1025752.0,666706.94034288,1642439.0,3120945.20918825,547191.4172134,200178.47811713,740970.0,68768.0,44624344.64470009,51398.0,251263.0,485408.87339661,12771577.0,2399.99989704,6136178.36473375,4309189.0,639811.0,
2020-01-12,19626.0,67846.90139951,1133012.0,20430.0,32753351.42974269,5230546.0,1041626.69756895,55867.26407294,4690.0,,120947.0,766535.07913577,2658270.0,383917.0,521814.73604882,2005250.0,6861010.65012965,194214.74808163,203086.36553465,181026.25,113026.0,32217680.00892583,24250.0,1071825.0,56275.06261133,14473163.0,52359.99775375,12009737.39483927,3299365.0,197156.0,
2020-01-13,23538.0,140601.94693442,782533.0,21510.0,27641849.87645455,11916888.0,9716994.20431095,830877.57102352,22562.0,,243653.0,357210.73636948,2218090.0,823591.0,897123.68049881,548026.0,4138325.2332879,582687.44427782,116096.96124424,3008290.0,79538.0,61185613.10901867,5640.0,360548.0,279903.64475261,16875218.0,0.0,2568902.6867213,2890252.0,265060.0,
2020-01-14,25875.0,742979.83360877,252078.0,127699.0,12857371.59768311,7146207.0,4277556.29917465,1009100.43938027,3445242.0,,381630.0,435171.13288784,4814781.0,1003726.0,289819.67825598,445857.0,1406639.79854042,248151.78920664,4072893.1066715,2186721.25,175161.0,31057701.56640381,123453.0,1094308.0,362097.0695339,5870465.0,47419.99796568,2109740.99282393,1831948.0,2898369.0,
2020-01-15,23439.0,729552.76634156,567061.0,11196.0,6215967.21055237,9033377.0,2224895.63269979,1035458.73510799,1872188.0,,491230.0,354817.09334893,1225412.0,2708434.0,43271.47376072,217842.0,1417358.81986615,318657.84296492,64596.3492363,961377.5,33070.0,27499507.07491722,3455.0,499740.0,588367.32128095,2701544.0,57399.99753754,7534710.22556984,795063.0,1014104.0,
2020-01-16,137789.0,2100784.978095,155109.0,15228.0,7640674.85086804,7396806.0,5260409.21287072,2253638.99324091,0.0,,102554.0,566931.56611293,2436261.0,296888.0,95307.45998567,1098054.0,1812378.60576659,492917.77583174,180988.33334676,36347.5,121470.0,36434061.01045198,120541.0,351931.0,1497583.33286975,7372773.0,43999.9981124,13019652.42198339,526430.0,2141532.0,
2020-01-19,9690.0,1271162.99659658,678237.0,252722.0,6292084.91578624,6508304.0,2149690.25485982,333399.54857938,0.0,,125124.0,3414892.33344353,1274404.0,228894.0,124881.07648968,390259.0,2542433.05822577,738058.16274229,121464.73839354,6250.0,5466.0,27846662.7151265,37057.0,684875.0,112766.79213039,6038838.0,173999.99253539,957658.60402969,681226.0,909977.0,
2020-01-20,19679.0,3656977.77187836,282218.0,179101.0,5996810.55737127,6348072.0,1965683.76267618,3393972.6153007,0.0,,151109.0,1472864.72272068,1761347.0,1090777.0,36473.24527992,340620.0,9271818.4464841,930159.70921268,93503.12673951,715147.5,31170.0,15763285.38355177,33820.0,1717609.0,314115.34948303,11004837.0,227399.99024453,8150313.43904182,1026828.0,2034194.0,
2020-01-21,20045.0,607683.1834033,733106.0,67470.0,4943908.94327156,9611803.0,1463526.13122644,229345.28942291,2000200.0,,194890.0,350096.85967573,655313.0,973652.0,295921.33079646,139410.0,2065981.11031427,1216309.52739143,55173.37352307,4080121.25,4624.0,35419450.47956423,30310.0,920092.0,110715.12318104,14080279.0,7999.9996568,3251668.38278616,425286.0,1292970.0,
2020-01-22,10063.0,1066536.74197564,385075.0,113942.0,2251058.0934177,5241173.0,2083037.16092161,1416776.22047734,1520290.0,,134116.0,1529754.22890745,354200.0,678046.0,1412849.9901326,339500.0,1838397.65753205,76851.05859612,312778.87205802,319812.5,28412.0,13906489.71736194,111122.0,3009014.0,127120.14143318,15973046.0,65299.99719863,12851015.98901664,1337287.0,1182435.0,
2020-01-23,28326.0,4562472.44677112,419566.0,2074320.0,1306157.41913317,9326749.0,1064265.09613245,1017425.10298274,724322.0,,582655.0,1116695.19576236,1041472.0,3365023.0,2868482.0873843,77489.0,5972168.88175966,1566613.19448513,311679.36554271,2591571.25,57388.0,53367794.62617102,8100.0,1763576.0,152115.16924251,10324600.0,84719.99636551,2571467.00091126,450720.0,516002.0,
2020-01-26,22299.0,93562.5318324,363463.0,77560.0,1508655.46103481,11213845.0,682324.86305828,5083.85645665,10396.0,,167159.0,2700369.64958319,892383.0,407143.0,343923.34875945,666360.0,3774310.5090727,301989.83025618,271470.20740072,1287.5,17329.0,17582314.00996983,1450.0,385137.0,77191.75254979,5055680.0,607839.97392364,1421571.35857349,285152.0,471207.0,
2020-01-27,13859.0,202256.57747937,468737.0,51595.0,1686773.00167948,6694653.0,2155740.39997299,1216193.26263504,3408788.0,,137912.0,1666940.84337735,1069055.0,697907.0,4285.26464548,174830.0,8268991.45133802,319095.24329843,41270.42095242,125737.5,25486.0,31056765.70488171,7288.0,839621.0,339442.04432804,3203590.0,39679.99829773,2220787.85844069,345861.0,35927.0,
2020-01-28,4690.0,735877.42139398,352781.0,117983.0,1554973.27271144,7823119.0,1516902.88557824,2511122.39900339,206.0,,294011.0,1454439.23807408,1114043.0,4307163.0,87512.86338771,476215.0,7167182.25926471,382638.89174813,52254.55933273,4454856.25,3652.0,57226256.29091838,10821.0,385225.0,180178.53379899,5726263.0,1759.9999245,2844448.4722253,787670.0,100695.0,
2020-01-29,72850.0,1196342.75757517,2034364.0,3094031.0,2708860.10808685,9283246.0,2357729.63565491,535465.01761915,2.0,,1299825.0,3547222.07922637,1809915.0,578096.0,178971.52086771,1190990.0,10527383.94445892,2799988.53488862,1534942.50984899,1572312.5,106817.0,51240354.51093214,50358.0,2136220.0,85456.7617454,4091721.0,147819.99365852,794517.87918376,1405752.0,144585.0,
2020-01-30,23077.0,815341.03615507,4897224.0,92450.0,1984498.66784484,11329577.0,2845417.22638542,2252572.17710697,2945694.0,,435424.0,2339459.64672739,3011607.0,283475.0,2285505.33855071,6593873.0,6793096.51501301,3170002.21701049,1679181.37449884,745831.25,225628.0,111006799.36403447,6630.0,1936187.0,111571.79080084,28096772.0,427619.98165508,547211.01374712,1706549.0,245548.0,
2020-02-02,25638.0,282620.40478586,1160986.0,2852550.0,1601723.98641905,4492385.0,774427.40037187,144524.66238095,0.0,,143115.0,727314.50446333,8665726.0,22332152.0,197708.53192049,746921.0,8016999.94999546,875135.46725871,177711.66734647,7006.25,104378.0,62286361.57190276,4976.0,1915597.0,47683.38638561,22585779.0,149599.99358215,347480.30472849,1440920.0,255137.0,
2020-02-03,47103.0,302736.18364958,2647698.0,300.0,1685590.63800738,1292970.0,3331330.81395364,3084357.81987123,54752.0,,14975.0,569514.97998607,934449.0,3210901.0,307163.53742813,207132.0,11484706.84907363,196115.54953092,249282.02933704,597835.0,34190.0,21939445.49066175,2550.0,417166.0,174625.19428704,5433396.0,87399.99625054,6854571.77165053,902677.0,112542.0,
2020-02-04,105326.0,781444.06229488,826880.0,24777.0,2802962.18707004,2522552.0,2890409.38867667,3002790.10759829,5655580.0,,120488.0,1263842.24971473,973027.0,4896211.0,6424603.6629888,1434074.0,4109111.1751659,577935.44065459,1380705.64806611,4234488.75,150024.0,38327672.38610598,7056.0,657904.0,269525.29987239,3767564.0,3999.9998284,4507901.78206465,2704874.0,126058.0,
2020-02-05,154280.0,422113.63406326,894491.0,13128.0,1610200.74931308,5780103.0,3534555.6737287,2008487.87436334,0.0,,48880.0,8513402.57278924,9696296.0,11264407.0,121239.48328272,771059.0,6455109.84258118,1819243.3871064,645351.59308488,1626320.0,135186.0,40247861.71336126,58685.0,369487.0,210976.90139842,19512864.0,133179.99428657,25905454.46044604,1061512.0,754297.0,
2020-02-06,21710.0,905037.94941017,1233319.0,65895.0,1419848.31501798,15642168.0,2615447.72440879,3696606.69330398,7427602.0,,129944.0,2558408.40046235,2383526.0,5517525.0,487162.28737238,756721.0,16744335.31321865,4568374.68321824,582078.74920677,843340.0,34410.0,26475156.36543312,75764.0,1150849.0,410807.12372844,6783064.0,10259.99955985,1162460.25746895,1676026.0,1167504.0,
2020-02-09,91232.0,533349.456309,790573.0,29960.0,2314894.90916035,9491215.0,751919.18363247,1043794.16104221,166006.0,,524666.0,938945.69412276,2835412.0,896849.0,43756.43169385,277970.0,9067482.03995239,905404.29033758,798159.77932116,580.0,172765.0,14207612.83008643,857.0,674400.0,225276.91730854,3329757.0,0.0,412760.19265021,1002771.0,15990.0,
2020-02-10,26804.0,294710.39165476,645997.0,3500.0,2195643.92781521,3597446.0,3712628.96379369,237827.35212711,3456300.0,,925618.0,946590.92920374,2092743.0,1583077.0,441047.19664012,423800.0,8339992.59259634,202942.95473656,2546443.43099917,1747357.5,45882.0,24739440.03952869,3750.0,1005171.0,527112.2531289,4336584.0,199999.99141999,439905.73948933,354735.0,50568.0,
2020-02-11,4072.0,153009.65587816,1207148.0,30390.0,1219376.79574884,5892580.0,2804628.39248242,1806174.8716935,2515432.0,,99691.0,594210.49360196,733386.0,2310771.0,1807.57047803,938707.0,26118294.96291489,1407692.87331421,339173.85765855,32330.0,36840.0,29047764.92387142,280.0,1447717.0,251101.94604133,3623700.0,22499.99903475,614800.88203831,457109.0,632791.0,
2020-02-12,7941.0,293247.54626849,1244054.0,22350.0,1067522.88019589,2708069.0,1560906.54859499,1800336.30672344,540204.0,,136504.0,213509.92109998,1082614.0,1201525.0,4761960.65891746,4877939.0,17220688.26093318,1291585.58478666,191435.69401214,176312.5,32241.0,48606102.8423196,429.0,1059460.0,65613.40633445,4068404.0,191999.99176319,3714595.26602584,800736.0,594233.0,
2020-02-13,36250.0,183967.70054602,784131.0,114864.0,1561680.54855386,5155787.0,1483408.64676793,908079.81248359,252740.0,,325985.0,1446379.03739545,982919.0,942056.0,1071338.20491335,825932.0,20736257.25523402,1425487.68688211,400844.56347149,28750.0,81116.0,17043226.83567305,3983.0,834814.0,800944.22445953,8240409.0,39099.99832261,1389134.6194692,372729.0,2447308.0,
2020-02-16,31935.0,2713521.92825133,1064174.0,9670.0,1482973.54804722,4953532.0,477921.74745155,30368.6095931,10000.0,,117951.0,636366.19079432,318735.0,2106458.0,31769.15332856,366418.0,11276230.43430527,73643.45615044,85436.43670294,0.0,45669.0,57626583.30311567,2442.0,1006293.0,234798.59456897,8073767.0,687139.97052166,1362914.63797676,464889.0,55140.0,
2020-02-17,33925.0,304496.89348102,424272.0,2500.0,1067622.98879056,4638253.0,5003183.16728251,584421.51942223,177380.0,,118854.0,831227.96278067,641576.0,1986146.0,1412329.7625316,1723286.0,7454120.83013523,233681.57817364,1825197.20557903,2172.5,41025.0,28571132.97098706,310.0,430658.0,20350.02264132,6065505.0,319.99998627,1517350.3289672,729413.0,18824.0,
2020-02-18,71062.0,623297.89954003,759973.0,16796.0,2223411.88746456,6767026.0,1595715.84447585,2599740.78385882,74620.0,,189421.0,324711.84529546,2457127.0,1996381.0,3861429.04676129,743850.0,35484469.59712268,369520.48174582,1286090.72219186,69487.5,8805.0,43624053.05291345,17312.0,1203478.0,154716.83880378,11212541.0,28739.99876705,2144288.44043837,2517676.0,134935.0,
2020-02-19,86565.0,260168.04483004,368451.0,0.0,5108733.6859276,6576695.0,4516287.69985456,8815729.96577821,0.0,,98473.0,221453.72898903,144485.0,1081819.0,1336544.06370869,599651.0,12835204.53591809,937818.71505239,493388.86589578,188355.0,11013.0,85454484.95957474,13852.0,213839.0,320453.68986837,4301284.0,19999.999142,2993912.85472478,2947216.0,284141.0,
2020-02-20,124583.0,363325.12140182,227539.0,20585.0,5829469.57166019,2351389.0,4525455.5893313,3608689.20530323,0.0,,242666.0,126744.15702187,99667.0,1698275.0,4770857.43263617,737523.0,8097451.11005479,664330.10652735,2793325.66785496,428525.0,22109.0,83453615.60346992,30434.0,256565.0,923506.02748779,11546859.0,216059.99073102,868930.18665929,2104685.0,3361157.0,
2020-02-23,20520.0,117365.21060632,468370.0,30873.0,1852149.69442501,2412398.0,1593046.01384604,33488.34050683,4800.0,,139719.0,159788.32301231,310238.0,490201.0,1351172.15845531,357981.0,16189799.20995703,153018.1166707,569556.66755163,559691.25,3709.0,43195415.58514009,2570.0,562229.0,1991345.54889358,6873941.0,0.0,199271.8593425,597913.0,88830.0,
2020-02-24,37797.0,556761.60169926,1256923.0,86950.0,2798178.61962777,7810873.0,2756522.89877079,334816.14049492,0.0,,156745.0,324924.38865035,1948636.0,1367811.0,94654.97113018,576383.0,41727332.017433,1312465.60070691,1757780.38310779,0.0,42266.0,92842608.94097397,34284.0,2575915.0,1044867.82918094,17992469.0,222959.99043501,590290.44333919,3759746.0,881930.0,
2020-02-25,18949.0,1106473.74486286,1139294.0,38000.0,1912723.51110919,3989630.0,3338228.24415924,3535506.69474882,100.0,,277270.0,2572738.63011026,39439.0,1273929.0,57313.2102791,1260941.0,36040616.70358942,2014523.7360005,2994431.55581544,0.0,10818.0,60550013.60392418,4373.0,156174.0,652714.05953945,10676685.0,91999.9960532,867296.68181231,1981215.0,415901.0,
2020-02-26,127143.0,846782.28314509,2572620.0,62075.0,1336317.16250366,5989546.0,2684757.41014724,1022530.48410287,0.0,,79942.0,1430712.82094537,1674268.0,2069290.0,4234313.20154562,3465014.0,14886965.61794131,2138975.83089066,141478.48866544,762901.25,6957.0,156454034.41226983,12902.0,788369.0,292081.9916355,8481431.0,265319.98861776,880954.67017172,1025807.0,501286.0,
2020-02-27,136040.0,389960.82200979,1720820.0,273421.0,1981801.14706433,11157530.0,5087966.83831587,2652310.7385443,120098.0,,224190.0,499255.48466546,2715648.0,2669792.0,5820196.18221931,7711688.0,24269487.26948727,2833416.36037611,3101493.44178168,1235290.0,11066.0,190364466.195404,51315.0,2665527.0,246930.27473328,17821768.0,0.0,1550426.83561991,7716616.0,2362419.0,
2020-03-01,48563.0,786901.60085136,1486674.0,32723.0,2984294.0252947,12198789.0,2727335.69251368,37243.04899334,3120.0,,137998.0,785658.92051988,4584624.0,965106.0,811215.58699891,2566704.0,24136857.13685714,2373453.00967092,204452.21213752,1418.75,6212.0,63458271.60429875,10136.0,1817404.0,168016.85360131,17064797.0,299279.98716088,633317.43296827,2207268.0,1622843.0,
2020-03-02,54339.0,912146.98083486,1741613.0,42501.0,6145766.73495438,18431376.0,8107810.05721994,1837727.33777823,0.0,,87248.0,1876632.5749234,4286986.0,5715750.0,1089158.20460167,4961630.0,27442593.44259344,2369273.40648412,1767932.72090695,0.0,6994.0,97799019.21843185,44637.0,2231048.0,616295.68568723,17900765.0,24999.9989275,1957759.49210118,1674877.0,1853188.0,
2020-03-03,500758.0,326009.32563209,959679.0,250.0,3405789.08775351,33263898.0,4254178.73262687,3987028.21536297,460000.0,,86121.0,1378853.50749102,3582443.0,515353.0,1400783.3550146,3500257.0,32904104.9041049,637594.68614258,2035560.80181378,70256.25,9141.0,95812311.53544234,18553.0,2987597.0,322508.69215475,11363191.0,37499.99839125,15207.58926561,997913.0,302584.0,
2020-03-04,221725.0,889896.50678077,2228408.0,7720.0,2158917.60176237,12029386.0,2296769.2384315,609882.50574096,26390.0,,43787.0,876876.70879955,1116256.0,655124.0,586666.83783387,2098678.0,20007794.00779401,3685508.21006491,1248381.06333313,1477002.5,10432.0,48616154.97475663,3639.0,6254675.0,766685.85301052,13620528.0,404139.98266238,156887.25925998,371096.0,288629.0,
2020-03-05,685627.0,161803.27622053,1039357.0,10365.0,2074347.4843737,7766220.0,2755624.86483167,5635657.34855913,0.0,,70701.0,649065.65624905,1243133.0,2373968.0,28656.60513955,2566010.0,15598374.5983746,968285.53828223,366970.20187363,494125.0,5574.0,163456346.2585224,27738.0,3021818.0,187465.20857277,9240807.0,99999.99571,527999.63330761,973157.0,449099.0,
2020-03-08,63736.0,135475.36887257,745286.0,15436.0,1090823.83201312,8677319.0,1740809.00361214,106393.72101889,0.0,,46230.0,966700.31388226,861087.0,548056.0,53786.2434927,1567785.0,13763542.76354276,1977539.10780108,869532.09355431,4543.75,25988.0,68578434.44494475,13450.0,4302440.0,239870.26687836,11257311.0,599.99997426,35357.64504255,502355.0,176690.0,
2020-03-09,461806.0,404473.43969939,1689670.0,154034.0,2495144.49230757,12429438.0,8141489.63964422,2062286.08015887,2020.0,,195027.0,797765.03577554,2133347.0,2883717.0,861704.11654632,2237356.0,16317262.31726232,3630708.9682825,1755164.78686329,2182371.25,94613.0,78065695.8203995,58024.0,2426663.0,626165.69666855,24006247.0,461999.98018018,3441126.10305604,5019673.0,1446116.0,
2020-03-10,137696.0,89173.99567359,1858866.0,86810.0,1657119.21255769,39432479.0,3726995.30034797,1115241.24560322,79880.0,,48667.0,817696.03585262,6428468.0,1749620.0,1169868.43080009,1991900.0,10811899.81189981,4903597.93881368,1690138.19594709,202341.25,20960.0,137716233.06383166,29705.0,3487343.0,634414.03917895,12671364.0,72199.99690262,7134139.70231546,7270350.0,859950.0,
2020-03-11,90670.0,133079.21489144,2893418.0,32970.0,1281303.43127982,36413770.0,7316061.85482824,875831.83071003,37290.0,,81765.0,459538.97549827,984102.0,1428300.0,9080246.53093893,961401.0,8942069.94206994,3551973.30824944,1200034.19113122,823227.5,30944.0,61359520.92988042,101227.0,1778527.0,612459.01475191,15030874.0,402699.98272415,2147694.41603423,2278572.0,549593.0,
2020-03-15,57280.0,223361.92822204,2335434.0,884926.0,2309802.89902101,5754934.0,19427492.55624658,1296501.78209415,2.0,,201973.0,1217449.60195374,1289691.0,759394.0,4721144.83578177,1011403.0,8352110.35211035,2505551.51039118,5133411.5307056,909048.75,15845.0,121177848.08951336,16533.0,947476.0,2396257.66606327,22295348.0,254559.98907937,22549.18408349,3503926.0,1547344.0,
2020-03-16,76725.0,173188.31723586,2396915.0,42275.0,1420235.22120817,27889536.0,5663291.06785192,2242638.54490907,2972.0,,168706.0,1681287.51983248,1661091.0,987063.0,6788295.66058606,1487504.0,16859482.85948286,4761734.43064795,1133766.045653,1381451.25,30521.0,105462093.12750793,56857.0,1219128.0,2323534.25181826,11768849.0,1468879.93698499,500353.28482198,2420273.0,1272666.0,
2020-03-17,72829.0,677227.91214028,1347192.0,49796.0,1975486.18868748,21673719.0,5092686.48105732,5478094.1212727,188.0,,158360.0,1007379.59384154,3461674.0,1609328.0,167623.50523245,2623058.0,8781971.78197178,2719164.87326354,209165.74876404,1382962.5,61800.0,64546678.55449342,41552.0,1290283.0,2554662.84230401,24364412.0,4894859.7900103,26.21998149,2562156.0,1550399.0,
2020-03-18,96129.0,707269.196238,1944737.0,51685.0,797354.13393978,15849520.0,6863825.64321271,2501051.54707577,200.0,,166611.0,1601258.62102099,2438675.0,1034842.0,1676896.35859691,2275445.0,8712533.71253371,3112205.97294297,1309788.16075171,39376.25,88110.0,39418098.01280698,28166.0,519084.0,1741478.60422631,20135539.0,14231519.38946718,2989.07789014,907004.0,993556.0,
2020-03-19,92148.0,192810.96496258,2004237.0,437196.0,3678747.34647172,30370665.0,14388626.33033163,6083521.02167246,640920.0,,153862.0,1652504.34205199,5848872.0,1107213.0,12378648.23475223,2460513.0,28155835.15583516,17580489.20447857,1818647.97111825,3240755.0,158757.0,395650767.4063684,123970.0,2630521.0,1547485.55555556,35472548.0,4908079.78944316,251402.42654576,7031444.0,2671566.0,
2020-03-22,323504.0,114105.2497342,1619666.0,65767.0,1760501.62882991,11494279.0,8333649.04437095,503428.24660602,610520.0,,146555.0,1311303.93994527,1335141.0,1949543.0,3429490.24184706,239678.0,11365574.36557437,6456820.92308927,3349079.08963795,2639937.5,32066.0,107357475.6791004,89118.0,1983104.0,1672856.66666667,13443749.0,10138699.56504934,4659851.81880961,3845071.0,916298.0,
2020-03-23,561837.0,383239.01436381,2248429.0,66585.0,5042356.27639066,25572577.0,13155747.08786144,5537843.89652158,1175692.0,,99560.0,1558550.0580781,3009465.0,1535694.0,675608.12277007,744363.0,17274602.27460228,8910483.79391726,1670215.95739758,4299151.25,191842.0,183974233.5659097,192671.0,4862632.0,1087232.22222222,15273066.0,170659.99267868,4663318.10036291,5483492.0,1508538.0,
2020-03-24,339581.0,105447.32319463,1639887.0,107492.0,1995540.3752724,17559704.0,7563413.94002936,7724994.54955162,5944154.0,,49857.0,776924.40074508,2334620.0,867151.0,93398.48921252,10108212.0,10898266.8982669,5547831.0300178,506531.04190863,3155981.25,88420.0,101653464.15521383,180173.0,1985927.0,493103.33333333,14194875.0,1142999.95096525,1801740.1142286,4540560.0,866606.0,
2020-03-25,474752.0,172705.1149137,2361831.0,33000.0,1600084.36997673,18069760.0,4738677.97190277,1745921.95743568,1561080.0,,50340.0,2012460.43008882,2156350.0,1396431.0,41155.29368888,14918381.0,8417873.41787342,5510063.40122136,198762.09518995,2595161.25,55429.0,88220128.49213213,12667.0,1618344.0,755687.77777778,9192049.0,1179999.94937795,230735.83713343,6448830.0,1647141.0,
2020-03-26,330765.0,294687.22442014,1522932.0,123000.0,2355955.66679833,15704842.0,6591134.43821597,2635805.35752641,200450.0,,91291.0,4970249.1806422,1282500.0,993233.0,8069409.0325379,7766231.0,7351396.35139635,5034825.23886969,5342629.18164055,915938.75,47881.0,108576310.27227771,10310.0,4161221.0,1520466.66666667,10357530.0,1403219.9398018,944066.16562401,3703264.0,1058081.0,
2020-03-29,39334.0,64305.62410695,968385.0,101130.0,1710690.83889085,12674192.0,2491366.79427057,1514678.46175176,14360.0,,185654.0,1042260.74168497,1176606.0,269730.0,250877.55622557,3448492.0,6060567.06056706,3934675.20004561,237844.42988457,659305.0,87714.0,174997385.39271668,8425.0,3951241.0,792791.11111111,7593794.0,367999.98421278,162826.08506802,5202588.0,134735.0,
2020-03-30,17051.0,37431.63194285,750101.0,61954.0,3412049.93337649,10115047.0,6629352.73271093,6268253.75544167,2096.0,,32600.0,914436.1559424,1319109.0,537676.0,266991.38573096,3354458.0,6363981.36398136,3422394.80945059,1780643.28939329,1080178.75,40022.0,131377758.99058405,5600.0,1759449.0,914985.55555556,5748963.0,599999.97425997,78922.14429223,3961860.0,397624.0,
2020-03-31,33464.0,370966.99922287,1300823.0,68575.0,4679922.5791453,10060899.0,8464543.55879417,15269050.0872731,5398906.0,,132484.0,1368311.10406063,3288593.0,572295.0,2434863.56453805,8468938.0,7133743.13374313,4492007.8249913,1644458.82216059,518928.75,70289.0,123701585.5983296,81985.0,5887101.0,1873005.55555556,9910753.0,268799.98846847,201893.85749175,5357111.0,809344.0,
2020-04-01,8736.0,45755.28838284,1291744.0,119600.0,5082935.43051918,6371120.0,4128297.32166723,13436710.64182322,3112686.0,,49495.0,597148.14639991,1611799.0,570678.0,131026.816115,17191362.0,4324129.32412932,3821480.31373866,811771.80656539,9277638.75,96041.0,77529300.21477783,26343.0,1588715.0,1445260.0,6370478.0,798739.96573402,49817.96483563,4782180.0,793272.0,
2020-04-02,30611.0,122816.12995291,1549977.0,477260.0,1800431.42991196,12950454.0,11618639.54188886,2133825.98983116,9857904.0,,54386.0,565312.18817091,2772797.0,666111.0,999837.77073593,6813196.0,5168198.16819817,5785449.21119295,1713256.51554733,1457137.5,537450.0,67043716.93955538,58402.0,2442171.0,595465.55555556,9630387.0,69999.996997,1710722.69247391,7650070.0,9352114.0,
2020-04-05,2000.0,184162.96723785,1829783.0,1500.0,1796797.75848947,12346445.0,3372276.30733987,38040.80683372,495462.0,,51599.0,938604.10658811,2077033.0,1364838.0,243541.46530984,5378324.0,4257673.25767326,2161447.04802414,12818.47036797,1439291.25,146996.0,47350171.52340839,2033.0,1106864.0,397230.0,3225010.0,8019.99965594,33891.94807712,2842084.0,231789.0,
2020-04-06,135423.0,1944445.85964084,3356404.0,21240.0,3329855.3658828,21689975.0,10633886.8561496,496053.35877979,1307406.0,,69379.0,1012953.79635136,1570626.0,2986276.0,4628509.05313681,11646227.0,14756933.75693376,6920452.67659148,2156518.81111765,201916.25,78296.0,57902484.56110011,6101.0,3292072.0,1354424.44444444,6961894.0,19999.999142,170429.87970083,6487144.0,808352.0,
2020-04-07,368477.0,1032318.73643566,3067046.0,212592.0,5737440.01115029,29497065.0,9496636.09260163,2717219.70657202,2678620.0,,137233.0,1220781.97812506,8586538.0,1544691.0,232017.10133526,12592045.0,18450441.45044145,9725576.61539566,2173462.1382263,11530528.75,50813.0,199370609.67018256,78644.0,7699223.0,3924561.11111111,50540593.0,8469999.63663664,1041386.87092948,13313508.0,1018648.0,
2020-04-08,1017723.0,788251.91966945,2680873.0,48810.0,6019935.64273842,23097537.0,6907862.40330338,1742234.51352256,506412.0,,71514.0,903440.83274385,7316857.0,1103131.0,209806.02799787,8020884.0,17577404.57740458,15050220.07524111,731438.17277079,6135767.5,57780.0,235063494.1364457,276625.0,3320602.0,4596795.55555556,30457018.0,2090459.91031918,101945.91004074,9374430.0,1020411.0,
2020-04-09,87569.0,1593594.63928169,1099177.0,132360.0,3823647.77315213,14405737.0,6983895.20799143,731452.4598076,2141568.0,,58307.0,497515.9185168,3292618.0,563615.0,3309873.16328609,5024739.0,14895923.8959239,9031348.48607216,243549.57114478,16542903.75,90886.0,104565741.46168467,22641.0,2772955.0,3101744.44444444,33205902.0,587579.97479279,52479.29295711,8610818.0,733463.0,
2020-04-12,20159.0,294323.16787604,1779360.0,136460.0,5148176.47222481,11395047.0,2182034.9219692,10089.68600816,962028.0,,9455.0,190912.00797463,2719719.0,211183.0,900950.43946206,2319556.0,19931761.93176193,2354813.99545935,101412.74441675,671810.0,27466.0,81049799.8541583,37432.0,1428683.0,1302105.55555556,28127576.0,430639.98152553,289730.79549141,4031295.0,1416235.0,
2020-04-13,149022.0,430913.87361552,2216966.0,2000.0,2189445.31185918,24094448.0,2590616.09307998,158981.16449344,547222.0,,240609.0,786418.00393021,2644486.0,1156771.0,534913.00895184,16216870.0,26460554.46055446,4616004.51953424,2311510.98607192,1161897.5,10300.0,76079596.5763059,11184.0,3446649.0,10296474.44444444,22467196.0,7999.9996568,904969.55122064,11672468.0,357764.0,
2020-04-14,537352.0,846646.58934229,3646362.0,110780.0,3605470.56081612,11743084.0,23494796.38361646,570996.8558655,1240562.0,,200650.0,2399995.28356174,6017212.0,969718.0,2243865.0869287,19040905.0,30733071.73307173,2846671.57048272,1541606.47542441,791026.25,13333.0,114601397.06403886,101849.0,7174529.0,7803511.11111111,31107240.0,344579.9852175,39329.97223865,5504026.0,1267615.0,
2020-04-15,92640.0,330894.30253285,2172802.0,47678.0,4355925.17097514,17470751.0,10036094.12636286,6282536.71495483,95874.0,,315403.0,617955.88781592,4619944.0,3559277.0,958788.28605064,7952792.0,14921921.92192192,3632363.16954377,800192.15906623,1789435.0,84480.0,83145116.45819803,26699.0,9724666.0,8227414.44444444,16418576.0,1999.9999142,69897.22666253,3175604.0,721970.0,
2020-04-16,199322.0,224838.0120281,1454122.0,295136.0,2464438.21012297,21219089.0,12004489.64262916,505908.96407257,1111540.0,,37034.0,703242.70438292,1297609.0,934617.0,332861.89917558,7904232.0,13874263.87426388,3803858.30030252,86310.57852878,4886630.0,76324.0,73075800.77861945,39788.0,3753027.0,4486801.11111111,6718854.0,26539.99886143,1564596.11361842,1682990.0,1254168.0,
2020-04-21,74898.0,645025.45601261,1623385.0,31547.0,4601456.38039339,30269397.0,10465244.02568114,1478701.33202959,2010368.0,,82837.0,904803.38746538,1152789.0,1329555.0,831843.93399091,10331640.0,18750537.75053775,2738295.28784978,145360.22471081,4022736.25,20204.0,302243648.3421463,19799.0,6776580.0,3056410.0,6038333.0,9999.999571,19009.48658202,2371309.0,1527055.0,
2020-04-22,437851.0,979646.37371501,2251149.0,43409.0,5934010.00086527,15920393.0,37147257.73750308,9431007.09030487,2155108.0,,59330.0,534961.5031481,4328301.0,1029389.0,1713612.0828434,3372588.0,17582627.58262758,3255414.08213391,544970.0628533,851970.0,19640.0,342994776.6788733,68400.0,3610585.0,4493414.44444444,18940826.0,39999.998284,528615.80287268,1706047.0,946242.0,
2020-04-23,443674.0,1207373.67086125,1537224.0,144606.0,442011.91308933,21879598.0,10780414.22182256,360411.65596043,1061690.0,,435384.0,1021174.66968517,4888191.0,643814.0,829864.42388204,18163306.0,12528258.52825853,2865983.78520758,513427.20140654,657746.25,293328.0,182086232.20312643,31890.0,8586001.0,5919916.66666667,9048287.0,77999.9966538,663064.00197144,6732070.0,782395.0,
2020-04-26,156170.0,737942.61488048,2337605.0,58153.0,300011.93001645,23560011.0,5412075.45088816,561634.97254139,50200.0,,213216.0,1170423.11954512,16774970.0,1378519.0,653793.83319615,10543625.0,12084090.08409008,2737051.48690143,431238.74792523,1991298.75,311558.0,230736137.48968947,58113.0,9042593.0,5559525.55555556,24141698.0,496619.97869498,75618.42662418,7216887.0,1565116.0,
2020-04-27,298401.0,812378.93972811,1576759.0,22776.0,23127106.47850314,13484935.0,7059656.61667332,111149.3263574,509146.0,,262901.0,1012502.14172221,4199474.0,1442014.0,674378.09310331,10749399.0,15220479.22047922,2200028.27744092,391319.14926305,3150578.75,137058.0,148215346.37009528,32725.0,8609597.0,4935306.66666667,45042073.0,536199.976997,1573117.60760346,7589139.0,706847.0,
2020-04-28,663622.0,288630.64736837,1703254.0,61672.0,24212678.667753,19766056.0,9244771.77298898,1333752.9028363,407658.0,,565778.0,6213010.41891321,6964166.0,3697545.0,585939.40093417,8487350.0,14436038.43603844,2423561.44787676,291369.22655798,1789271.25,148529.0,126972086.4610272,19022.0,6532844.0,8546533.33333333,27719812.0,374479.98393479,20975.98519395,2727366.0,2072986.0,
2020-04-29,830245.0,927738.52973696,7625575.0,166129.0,10337365.00060911,21659331.0,8610759.81197224,1922367.69576352,45500.0,,208269.0,1727940.78623102,2829739.0,1001268.0,208769.98150436,8297983.0,20273720.27372028,4069347.70272845,29539.16448034,2606950.0,126676.0,192752521.8304331,18087.0,5515763.0,3326596.66666667,21480242.0,155099.9933462,228952.87839194,2963071.0,3117351.0,
2020-04-30,528503.0,598118.42510844,8833198.0,160699.0,28642805.95247495,25243673.0,11152032.58077587,1575936.308736,18990.0,,110299.0,1047239.06371768,1162176.0,624862.0,282840.69272738,7469843.0,6223458.22345822,3685853.81032842,1375183.53025069,1840293.75,134692.0,82771027.08432122,186483.0,2943274.0,3702685.55555556,12514038.0,664659.97148606,1348721.76199491,2415204.0,674828.0,
2020-05-03,896621.0,377745.07015293,4580235.0,121553.0,28813355.82449064,28695483.0,2951305.79822383,685322.41537827,3141750.0,,248939.0,1267698.39343918,7990979.0,1410111.0,809721.03482317,9883623.0,12817608.81760882,4461798.40195773,107800.80897839,455841.25,130302.0,148616756.19727683,32980.0,6375363.0,4299145.55555556,19565354.0,125159.99463063,144236.11818988,4700268.0,2366316.0,
2020-05-04,228320.0,55813.1778147,2633916.0,83759.0,27313312.40823453,13247494.0,2672206.99971554,239934.07856562,156800.0,,119514.0,2139630.93895948,2586352.0,933004.0,3622988.45716628,4784748.0,12532629.53262953,4711442.39230212,103520.24572498,346175.0,168509.0,70482275.8440689,9195.0,4592466.0,2668208.88888889,21353697.0,0.0,2121938.52821421,2079779.0,301613.0,
2020-05-05,299998.0,749095.98354957,2098370.0,363858.0,11767126.77213642,7677485.0,4786417.19132965,226703.13698024,5820.0,,54473.0,1020747.05269735,2478442.0,877839.0,2615241.46341184,10782357.0,10279993.27999328,6592622.02663263,781525.13354476,447516.25,247090.0,53277846.21668254,3803.0,5029989.0,960541.11111111,20888219.0,1999.9999142,16120.04462155,1427071.0,2149295.0,
2020-05-06,481714.0,334687.10980133,4189478.0,92634.0,8131201.55344121,10080980.0,12224276.27819541,1346732.2749172,49154.0,,49308.0,1197259.24837813,900323.0,462483.0,214302.91065053,10726975.0,7115233.11523312,4327469.69953701,622849.27030254,1240787.5,80618.0,65397147.2244249,390802.0,2711357.0,1468685.55555556,14132297.0,203999.99124839,0.0,1369153.0,1217359.0,
2020-05-07,973835.0,1852184.00255234,4890668.0,188192.0,17188299.38200714,11656394.0,8503951.14147876,2742224.63908319,211736.0,,645665.0,2406652.44507029,3520013.0,2026514.0,461750.49167632,10674787.0,8075942.07594208,3092380.75782697,1061033.34820339,2092337.5,83585.0,77539460.6287133,8637.0,4967220.0,1641165.55555556,30700303.0,302559.98702016,528094.02524098,1856255.0,919537.0,
2020-05-10,722380.0,353843.10323062,1857581.0,58150.0,6140682.84172812,11109581.0,2175530.24370749,189865.0207187,638372.0,,330892.0,1030758.09774052,3124540.0,1044468.0,68476.06015808,8608227.0,9927543.92754393,2413827.04045464,1025055.5828371,534975.0,65290.0,60036913.98924914,3110.0,3296932.0,1440428.88888889,16911519.0,0.0,351741.05172101,746322.0,971653.0,
2020-05-11,4205004.0,290576.69507681,1235324.0,43770.0,8492609.81400069,17073025.0,12452257.74926505,2869003.56171297,8400.0,,248001.0,1239173.30401821,5477785.0,1477536.0,146884.94052838,7791762.0,11097320.0973201,7944509.45739724,2935540.34783935,4416548.75,41704.0,62659605.31883948,113720.0,2462011.0,3611545.55555556,14197499.0,152219.99346976,257983.64190036,1902345.0,763186.0,
2020-05-12,5477164.0,382851.7905851,1075065.0,73300.0,7444995.01595426,12518406.0,6337663.80728224,3010378.8967679,2332950.0,,115500.0,1180670.7455845,2934109.0,815145.0,258306.23001944,5377484.0,16172920.17292017,4601948.30881689,1728155.17029147,6221398.75,11148.0,53524581.07962718,118590.0,4167555.0,3448707.77777778,18874457.0,19999.999142,894749.00243489,2094162.0,3628599.0,
2020-05-13,4143143.0,183947.84291634,955635.0,27278.0,16818701.15614915,13672426.0,2864123.69256683,564473.53753835,54740.0,,157654.0,563094.39947374,1602320.0,1240585.0,134793925.25247243,10033159.0,10502380.5023805,2295844.15049701,894510.69622766,1321885.0,181960.0,36759070.50610264,4826.0,4154194.0,1562678.88888889,11931804.0,179999.99227799,170429.87970083,1064498.0,680191.0,
2020-05-14,3190929.0,508024.35925978,1526420.0,46566.0,4573104.00300222,8336278.0,3560722.22037241,1763468.59404961,94200.0,,61207.0,296901.55941921,825411.0,994390.0,68030516.0787869,5634399.0,9849486.84948685,2370292.20726092,3748874.68291843,2602901.25,177197.0,58601952.10334838,27641.0,1887854.0,1867734.44444444,11685037.0,591939.97460575,1060860.45118391,4155422.0,707431.0,
2020-05-17,662976.0,39251.91466333,613680.0,39660.0,5407725.59053356,3708690.0,1244853.76381561,771969.94823345,160720.0,,27564.0,449974.52452818,815736.0,321637.0,119475.99988952,7452335.0,4030717.03071703,1683188.48336952,368516.34022808,1904382.5,271453.0,27870925.50516622,2560.0,1509057.0,841218.88888889,7489153.0,0.0,62406.17795014,1162997.0,231110.0,
2020-05-18,919698.0,44679.66677529,802114.0,12342.0,4046413.74701648,3994327.0,4964534.61082654,4549089.64529964,6902.0,,36655.0,104389.15058781,989835.0,1492346.0,1500411.34931362,8258160.0,14863244.86324486,1064906.0119518,705702.89107945,2573917.5,379209.0,19617578.21060979,92126.0,1390676.0,1712822.22222222,6318730.0,136619.994139,6194061.59587645,3527228.0,1301189.0,
2020-05-19,1176703.0,47201.58574438,636182.0,46457.0,8896401.88903032,5394255.0,4040766.59349824,4975198.61008791,0.0,,23230.0,198806.475442,429749.0,1665321.0,279975.03221342,2908656.0,6673818.67381867,1861403.01925157,1254549.2265917,1267476.25,758074.0,36921567.51953522,80986.0,1249639.0,782350.0,11153524.0,0.0,8862303.92647814,2303041.0,2114857.0,
2020-05-20,863025.0,123090.82716345,415457.0,6210.0,5396759.64096143,4219474.0,4105632.4454446,1519844.38098795,97710.0,,21133.0,269906.02307004,997479.0,424481.0,3759662.82884801,2733815.0,4502701.5027015,807981.01605591,1875748.55419797,4039315.0,294104.0,46843927.15883598,257.0,768442.0,1997335.55555556,6568025.0,39.99999828,6065583.68656352,806252.0,560841.0,
2020-05-21,1622006.0,174472.44395504,1138651.0,26510.0,3549745.24687886,5816452.0,11110731.84546285,5515474.38999575,472390.0,,66092.0,254800.26320458,830300.0,1396310.0,2199636.92342716,5211251.0,7335082.33508234,5999613.37448527,5927581.67209976,1702050.0,747916.0,32613005.44714832,925.0,2300660.0,1645178.88888889,10832215.0,299999.98712999,2846863.33252076,1640547.0,469266.0,
2020-05-31,1200448.0,25285.38178987,1359455.0,12560.0,2828993.12732011,2698243.0,5564977.31299873,1207670.84118681,2043688.0,,25450.0,479710.35198862,862550.0,842779.0,1127364.07231542,1527509.0,6716562.71656272,1788285.16350188,422501.42720665,18996.25,348938.0,21368575.11844659,14639.0,2136497.0,1329452.22222222,8261076.0,30679.99868383,177553.84867232,2196516.0,803099.0,
2020-06-01,10114869.0,130309.07555137,966362.0,1036003.0,7029078.97841964,7437822.0,7332599.35943188,3041118.80680611,2040342.0,,229361.0,783862.42311545,385700.0,5765006.0,1821277.15270694,7833044.0,6634017.63401763,3019306.10211023,362792.07711544,69867.5,226568.0,51383167.4948298,19434.0,3564849.0,1164125.55555556,7467383.0,35999.9984556,126293.78485461,3079070.0,2566296.0,
2020-06-02,2887219.0,89690.29404521,2050067.0,63690.0,20051581.05581816,24902442.0,3138165.25817965,3211984.2761257,300554.0,,268275.0,537792.88426861,956600.0,2719159.0,1207219.00906814,13650140.0,10804774.80477481,3425447.61177824,1383613.53548363,1724881.25,267365.0,52147415.7325757,155328.0,4346763.0,1364525.55555556,15502092.0,36699.99842557,450330.80413072,2181862.0,1288994.0,
2020-06-03,6130527.0,862115.68286138,3359014.0,11325.0,12825041.93288236,17874990.0,8412658.3792405,3212064.99361377,1134646.0,,84777.0,1435397.63072609,784117.0,2142044.0,221599.32318991,9270653.0,4382767.38276738,3438438.2216831,2425008.7412309,5672743.75,131425.0,187715155.66411772,4590.0,2175983.0,784590.0,20571101.0,2359.99989876,61354.7566923,6277760.0,3066070.0,
2020-06-04,6266276.0,2965389.48387601,2503068.0,177578.0,23358546.72681316,25381120.0,11579869.62949518,3327141.22576555,414000.0,,149825.0,1151378.9819191,3282030.0,2656831.0,3599512.08449427,10503253.0,13820491.82049182,10094998.097066,687347.27858343,2571083.75,169933.0,80579048.61789072,11178.0,8817341.0,2655326.66666667,26860395.0,170019.99270613,411013.94188281,6162266.0,1778505.0,
2020-06-07,1905641.0,893202.80212214,4599171.0,128886.0,32599251.83490406,27956803.0,3163510.99739006,396602.68702599,89570.0,,450873.0,1563942.08056944,8077375.0,1887801.0,1687265.64094894,18963266.0,30673338.67333868,10169631.55397127,809092.01553056,2910173.75,664393.0,124063913.5389728,30568.0,3143144.0,3746175.55555556,23145814.0,117119.99497555,1600745.60210204,13628384.0,2599784.0,
2020-06-08,2054726.0,428719.60553611,3880097.0,204723.0,17798975.33763972,20946934.0,3172056.66187704,2149738.09731177,999878.0,,828423.0,1215383.62993864,2782314.0,2162864.0,16014479.25972952,7794680.0,16258696.25869626,9643366.95271381,351206.96622986,663217.5,745118.0,106991816.7933152,76713.0,3270761.0,2698305.55555556,23833012.0,22619.9990296,3825636.8876463,5964032.0,1916322.0,
2020-06-09,1150378.0,631227.71299141,1818314.0,240134.0,16381199.54109504,12411689.0,2443898.97084986,2915277.55232935,47126.0,,459799.0,653785.88992225,1081003.0,744550.0,1781369.52351875,7948046.0,9880086.88008688,4362542.72627891,328214.30451709,478636.25,640544.0,68915009.43587945,77367.0,2501557.0,1836810.0,21182379.0,116999.99498069,1034192.10800796,4474924.0,646589.0,
2020-06-10,917462.0,159403.81263445,875477.0,1369977.0,17105512.27985856,10259638.0,7114019.66382804,3287595.03777942,3705578.0,,334594.0,538949.22133034,1295027.0,4082943.0,1152625.97192305,6405018.0,3829383.82938383,1324817.21012456,1299413.18995629,534972.5,478278.0,120453555.7246859,9966.0,3026360.0,965640.0,11790202.0,10019.99957014,101654.86824617,2708633.0,411387.0,
2020-06-11,525819.0,312204.963401,4996014.0,126089.0,12193394.57948672,8409730.0,2863166.08389465,3080564.09793216,8268278.0,,141731.0,709086.3815034,2536271.0,2350133.0,540622.28643733,11177759.0,1862698.86269886,3827974.7186904,418081.54759975,3628310.0,2108814.0,37792210.06387549,1973.0,2928112.0,1293391.11111111,10131782.0,331999.98575719,71318.34965942,3061000.0,1306775.0,
2020-06-14,2349353.0,315918.34015076,1343919.0,314298.0,18695271.93639654,11469411.0,1899004.19107883,298043.9435153,35700.0,,415767.0,1358138.12122327,4185683.0,1511169.0,96550.71577787,5228909.0,4544605.54460555,2556775.94944794,125521.30280407,460855.0,645806.0,39552343.86767454,51230.0,3479816.0,1077356.66666667,13122730.0,634419.97278335,66286.73521102,704770.0,2017397.0,
2020-06-15,2579037.0,312555.78152531,1034250.0,91722.0,12472402.64408781,7964465.0,21859858.30006998,959187.43534361,1208406.0,,188679.0,1390645.86827041,3300572.0,937059.0,6522538.71323034,6822730.0,11170571.17057117,8247813.2886553,388942.57617405,245103.75,2530497.0,67585353.88532697,14003.0,7470803.0,2463441.11111111,7805076.0,479599.97942514,4056280.95484451,3561887.0,2173716.0,
2020-06-16,1133808.0,528179.85338286,1184471.0,75100.0,11568960.45618222,12525570.0,2413229.01568099,1371028.23882486,4400.0,,299166.0,1057474.03836688,1828988.0,1358508.0,1062366.48315043,24055989.0,6547863.54786355,2728989.28075429,368300.53646483,192632.5,3189072.0,72954876.12618893,6402.0,3189050.0,2177116.66666667,15054972.0,119.99999485,459528.77363826,4467099.0,1196315.0,
2020-06-17,1300193.0,374931.90594856,979501.0,178023.0,7410665.88489794,7417968.0,6432606.07353844,994233.6233701,4002.0,,197682.0,357864.81324138,7452603.0,1077018.0,510202.19790458,7500865.0,6162867.16286716,1403054.26977745,762628.64579401,105123.75,1423142.0,45179939.59124472,14113.0,3235566.0,1457394.44444444,28699290.0,159999.99313599,152193.88257284,2667489.0,514408.0,
2020-06-18,956776.0,561540.67124174,1045363.0,738634.0,15229033.49129275,11086962.0,11609032.56456474,2112195.04832112,41618.0,,94361.0,662788.6191687,2269709.0,1720789.0,1032144.78649941,17155498.0,11541728.54172854,4215855.21443506,452663.41773791,5576193.75,3453192.0,20249408.48830676,27568.0,1776051.0,1732700.0,12038164.0,0.0,247128.5695625,2065439.0,3108642.0,
2020-06-21,1221174.0,440670.58899727,993578.0,1068113.0,33307555.31543458,14801172.0,537692.85648533,730302.23560267,122598.0,,554155.0,1648820.25723388,1655110.0,439489.0,2845993.26541248,6086224.0,6457431.45743146,1379009.85144446,740749.14906258,89015.0,2727546.0,52150970.97510729,60344.0,1294080.0,860797.77777778,16139419.0,37259.99840154,268885.91020492,1449547.0,1409689.0,
2020-06-22,945345.0,264106.47471616,1681802.0,1936507.0,68680074.9637215,12692901.0,5035344.69724951,989722.86107872,4461552.0,,387415.0,2083043.80099783,2383859.0,642558.0,3872605.12276571,6272111.0,5316536.31653632,6428901.10180143,140963.56449616,272551.25,1226913.0,71698442.07174934,24687.0,2997228.0,629858.88888889,18134199.0,106259.99544144,1791414.68551688,1966761.0,377264.0,
2020-06-23,1967838.0,695463.83539449,1351825.0,670316.0,20189062.62394274,11637817.0,3611925.60020325,82935.87369564,2420.0,,697041.0,896450.93967378,1219742.0,2921079.0,4107461.43236403,12166255.0,19169356.16935617,9242722.64723721,1650685.71682309,219662.5,941889.0,52681815.86486928,9600.0,6207369.0,487831.11111111,9533817.0,19999.999142,5712909.20350137,7376881.0,649317.0,
2020-06-24,892495.0,2563305.57894786,1604753.0,1534838.0,41096842.72789865,15149070.0,3184331.26335937,1943573.52516974,153088.0,,422848.0,2595330.21754053,12093889.0,2576837.0,2562116.52619159,29268529.0,10769953.76995377,2427553.85092083,3177409.92766259,387947.5,1121358.0,114344651.31875184,21642.0,3407841.0,1299842.22222222,20887721.0,0.0,60549711.49054458,8911118.0,508292.0,
2020-06-25,549225.0,445711.11733051,1268625.0,620115.0,17905726.27284047,17313693.0,2244658.99877516,342447.9789915,1967230.0,,265241.0,968450.00114305,6758556.0,1512247.0,1627439.46683453,14446519.0,6426666.42666643,17918515.0622109,1013630.27600406,707496.25,564180.0,50382373.16751476,650.0,2475501.0,1079025.55555556,10710111.0,33359.99856885,21355750.16188801,5340815.0,1092123.0,
2020-06-28,38671.0,102465.369138,818732.0,624057.0,13404686.92980711,8594287.0,2608521.61007245,68802.24153541,75200.0,,204949.0,562959.0295989,1070430.0,744250.0,164471.2786671,9649218.0,6567909.56790957,5184993.95336782,1607280.47763037,353675.0,265829.0,28282570.51207976,2600.0,1428024.0,348495.55555556,6875349.0,300599.98710425,13863128.25060982,780114.0,646555.0,
2020-06-29,154071.0,213082.29525878,1371981.0,345816.0,20443492.67573521,6935422.0,2949789.95223815,1015008.95950664,522524.0,,1297682.0,1090573.87047408,1239537.0,1203176.0,537209.94607149,4314207.0,4497229.4972295,2524307.52469195,917495.16286081,350272.5,326341.0,82331445.45081429,575.0,1343574.0,891302.22222222,6687054.0,300519.98710768,11486926.69586902,844513.0,286108.0,
2020-06-30,238486.0,700610.27108601,1230133.0,1178189.0,56331014.22517154,12263893.0,6952850.15265144,2038459.62297346,1137712.0,,1166152.0,1033008.78005213,4653507.0,2683179.0,2615219.41986943,5683459.0,12547329.54732955,2640737.01346517,1937032.7254223,1841246.25,680041.0,146086287.18864188,11005.0,2640161.0,1674337.77777778,14451586.0,126999.99455169,8841354.16126569,1892755.0,483263.0,
2020-07-05,648187.0,842370.57975164,4338070.0,1260399.0,20367166.63639893,14963853.0,2766211.51554392,978005.37239457,450610.0,,26731.0,2935268.01090808,2798859.0,1584923.0,5793571.99169042,10029366.0,7809079.80907981,1596468.01724834,162203.84501744,282642.5,2342654.0,269265164.4783768,10643.0,1712544.0,2934797.77777778,50813554.0,70999.9969541,4404917.56075682,5191614.0,359688.0,
2020-07-06,956329.0,737366.74361982,3040699.0,605117.0,37667192.62132534,16557783.0,12338659.76567411,2561347.51066056,184004.0,,1337124.0,1926864.91960162,11226087.0,3246796.0,5215585.9008596,10788823.0,10466719.46671947,2588886.17393081,850396.58264805,3726427.5,1314685.0,148539133.83169228,19592.0,7098175.0,5526008.88888889,30224285.0,353999.98481338,17659608.51883654,3748196.0,1217460.0,
2020-07-07,666692.0,2535064.71994093,1856265.0,184661.0,43988103.40109911,12414522.0,22740487.59124673,1401398.19370943,317742.0,,397520.0,4007059.6275327,5222507.0,2168351.0,14717838.41650053,5861719.0,7112314.11231411,3207283.84543636,1577338.38840218,3725665.0,446356.0,123403481.4769064,7312.0,4061667.0,859304.44444444,17371019.0,0.0,4280923.26827909,2002946.0,626083.0,
2020-07-08,592535.0,536390.98325467,1791781.0,323414.0,44149308.00052113,23654452.0,7121574.62256892,533031.38535398,71670.0,,1642436.0,1448184.390773,8777901.0,1548878.0,4084681.63563233,8210071.0,9012387.01238701,6042331.0070559,486455.8285396,1574088.75,1133672.0,255720987.23287255,45592.0,3042026.0,1606122.22222222,53989742.0,17979.99922866,6799580.60446644,4574550.0,1211043.0,
2020-07-09,404885.0,895380.52217682,3712875.0,211651.0,35527547.27685445,12385534.0,3362069.16974195,2272012.98410751,7095720.0,,796720.0,1564445.60589829,3256364.0,2349869.0,5037425.58235276,8117564.0,4944166.94416694,3122932.18112131,1536789.13445608,755217.5,747048.0,174748644.74392027,121838.0,1800725.0,2457036.66666667,50938080.0,52439.99775032,8797084.34451386,2042933.0,767070.0,
2020-07-12,1023830.0,766001.44561536,2207759.0,255238.0,27875300.4135709,11397270.0,883530.80132402,145271.29914555,139402.0,,893134.0,1929221.87359067,4986672.0,1155325.0,1039652.81704597,5648935.0,11536064.53606454,758243.37813278,126962.2709701,8066.25,390790.0,51442345.91184944,14898.0,1704810.0,1741573.33333333,38909178.0,22659.99902789,4769755.4932333,799191.0,746469.0,
2020-07-13,2863349.0,4255324.5597281,9452127.0,192827.0,28700706.59911787,35075784.0,2342705.77056536,1998961.86548017,8304172.0,,568412.0,1365049.57567427,6167545.0,2726633.0,1387971.64816298,5231016.0,21550539.55053955,1886039.63803609,1006437.72779333,232993.75,1547892.0,74578613.91393746,4285.0,1528574.0,4379970.0,444211670.0,13599.99941656,7535866.52675366,1437618.0,914422.0,
2020-07-14,639461.0,156580.71961524,3747129.0,104339.0,17099557.17129496,19830440.0,1867815.71508517,2581759.61810081,5961834.0,,579619.0,895326.23108748,3770245.0,240234.0,561836.99165757,25536274.0,3922074.92207492,1111877.04776549,164950.56253582,40867.5,507569.0,83891864.34329388,5000.0,488259.0,1974146.66666667,37831266.0,0.0,3358187.05759918,905695.0,1833237.0,
2020-07-15,530646.0,587769.29044131,4258848.0,190527.0,30316080.5277011,53423418.0,4652605.721458,2172357.8280506,4843430.0,,613615.0,1457977.8319052,7199612.0,1776308.0,1540358.65687815,18174007.0,11681267.68126768,3541180.50002032,189229.8517485,1551197.5,1567953.0,110962968.56035098,19917.0,2785692.0,6252802.22222222,37208166.0,231919.99005062,7250291.5983288,3924378.0,1037285.0,
2020-07-16,251722.0,51894.60555826,2029533.0,323184.0,33327882.77142655,9761272.0,3221856.72577354,3424221.49395317,37756.0,,934507.0,422562.75744235,4624650.0,372678.0,2334847.60389253,6629584.0,3967545.96754597,4107925.33214248,41786.71096831,943358.75,496949.0,73114841.41506314,825.0,324625.0,1182064.44444444,19551438.0,1474399.93674818,2162673.89146086,2032513.0,294911.0,
2020-07-19,580038.0,223775.62884033,2172763.0,192482.0,29824301.11487579,16467923.0,1893838.84107522,13049.32723723,117036.0,,608332.0,575636.98769034,6930713.0,72837.0,649755.45622571,6245659.0,3231987.23198723,2057790.36898972,202481.29548958,907908.75,404997.0,67537934.32340999,9301.0,571280.0,1636667.77777778,10549957.0,519999.97769198,1385101.98631566,797254.0,588211.0,
2020-07-20,572333.0,173621.87548383,1216499.0,142453.0,25067487.01811625,11728167.0,4089172.16734677,6215142.99358616,100840.0,,706687.0,525202.22076936,10866566.0,338365.0,3266041.78354803,5229690.0,7223881.22388122,2022593.14215313,503187.4494248,4843663.75,569748.0,55462477.0100057,878.0,572019.0,978482.22222222,6809415.0,139999.99399399,4811285.32191917,3575911.0,1088321.0,
2020-07-21,104877.0,454008.29693093,1876150.0,421860.0,32908032.73668545,11018774.0,11910070.31014095,1243931.82740868,552854.0,,566942.0,499299.76453106,5119218.0,714772.0,554342.18723646,6671923.0,4534591.53459154,6638151.261347,1980713.8656288,2056885.0,1141982.0,90748911.40314876,481.0,410389.0,1838440.0,14313855.0,159999.99313599,13594008.98256962,5655115.0,469510.0,
2020-07-22,70183.0,527964.72906135,1335827.0,400680.0,60544292.76566504,6280887.0,4392041.28434673,591538.11128666,310554.0,,869044.0,376357.3502559,1347615.0,279850.0,1184915.3528526,8228656.0,1249666.24966625,4032940.87496958,1827844.21629539,398962.5,1156825.0,40194700.65389688,1805.0,2010943.0,4082904.44444444,12279321.0,123459.99470356,27949884.10137046,2533026.0,1865808.0,
2020-07-26,564725.0,241167.60283323,3452452.0,800469.0,34064898.47916151,8828961.0,1267324.47053789,8441.70396016,25654.0,,383925.0,1048232.19784618,1541483.0,572404.0,1559492.45169441,3755711.0,2537594.53759454,9883397.13572802,1476228.86193127,80512.5,3479364.0,103456361.41649763,16055.0,525740.0,8856024.44444444,5439521.0,101239.9956568,11597354.76992256,1245920.0,413977.0,
2020-07-27,164008.0,564866.82421279,1478009.0,824182.0,56686034.47513645,18441075.0,3625513.05228454,1100694.60896238,2332338.0,,246269.0,584019.79881835,2567668.0,521956.0,2306402.61676017,3694586.0,2720201.72020172,6980549.32241297,2169435.62244103,47437.5,2641470.0,269933993.5128329,7540.0,690345.0,6799166.0,10820947.0,43174798.14779923,7068946.34033267,1336076.0,2069813.0,
2020-07-28,178027.0,157454.45532107,1896240.0,3078417.0,32374480.98350876,11841913.0,5678070.01459444,1751379.80492036,1921768.0,,163256.0,1516280.49837419,1721001.0,179967.0,1213854.11533507,19992334.0,3261681.26168126,11307133.42127475,7995432.45345208,397922.5,1819298.0,116625593.34866132,8180.0,580195.0,1923537.0,13007006.0,34839.99850536,8694081.76921898,1049025.0,1938305.0,
2020-07-29,192342.0,52728.62600474,6447967.0,1665817.0,35526124.11142761,9239793.0,4530342.92391396,6650623.25873881,1025472.0,,270170.0,3855784.42496718,2288315.0,258064.0,4763896.0819415,5474172.0,2160716.16071616,5501344.19457329,531467.30333729,521211.25,1013645.0,419745723.70167005,16185.0,2097583.0,2032598.0,10628108.0,0.0,3815487.13281058,573494.0,445797.0,
2020-08-04,22752.0,768599.48549822,3641575.0,351611.0,39887073.65159978,31572245.0,5862312.59923872,5718512.50476671,709012.0,,266725.0,5267215.26215129,13245582.0,849283.0,5201746.96493143,3503244.0,2519729.51972952,2304826.15734546,3759429.94546544,70361.25,523605.0,436299582.6177393,67869.0,745911.0,1790119.0,10640686.0,79939.99657057,3254704.65664298,3523889.0,635451.0,
2020-08-05,618164.0,1014284.69908317,1821695.0,165593.0,23407459.24503794,45255995.0,5269438.09463698,232135.42392704,976948.0,,235230.0,2143593.35436138,21981296.0,424715.0,5730831.66126874,14954744.0,10564816.56481656,4341207.31001144,361734.91184481,4111325.0,573417.0,270125981.76580054,99539.0,3774546.0,1511612.0,10741921.0,19999.999142,3915917.52792106,5851865.0,584598.0,
2020-08-06,352587.0,667342.12216563,1475088.0,409680.0,23546031.18515304,65857286.0,4310351.08648939,841878.01935536,60560.0,,273443.0,4065348.37747249,6512059.0,609148.0,11294679.08003506,12053167.0,3425085.42508543,3731708.8452912,1918588.3328971,281822.5,422509.0,193400658.78616652,35434.0,1374086.0,1845297.0,12629349.0,0.0,1698184.29732423,4572420.0,578490.0,
2020-08-09,904339.0,914245.27037083,5054174.0,595626.0,16136515.19627488,40550040.0,3140649.74519548,113864.12453934,60510.0,,211262.0,1594049.85890094,12860847.0,739275.0,3980525.89772126,11347469.0,12806934.80693481,1836518.00027765,605991.99152988,431820.0,480076.0,128700785.1145814,70248.0,1306177.0,1048459.0,26980657.0,2716559.88345946,2812782.60057689,7268045.0,408297.0,
2020-08-10,1532929.0,266267.64674611,10310941.0,803582.0,19959302.57664045,27713800.0,2992432.22228085,5022030.8966634,58490.0,,308089.0,5682330.14619934,3940120.0,1573769.0,3182483.53166958,7327732.0,7580074.58007458,2810707.54306147,1483481.50739253,487921.25,1316172.0,68319456.03828545,24700.0,1225689.0,647318.0,9341351.0,604779.97405491,2201198.9102677,2696136.0,1500861.0,
2020-08-11,629171.0,1121641.66433183,4723796.0,485928.0,45511293.54782392,30061041.0,1781046.21961642,1423553.79889189,61542.0,,890409.0,2014783.22532441,5739501.0,1341588.0,1825822.53115292,14484473.0,17283785.28378528,3367428.16754054,1780935.58056631,800231.25,1141194.0,513875054.57907134,52539.0,469198.0,1268141.0,49449152.0,972059.95829858,6313042.62789282,6152770.0,75040.0,
2020-08-12,411145.0,414534.6387362,2563010.0,337805.0,31476763.92496281,23461491.0,2423392.02384702,875351.56165604,2231100.0,,1151112.0,4829981.95266541,2295991.0,574738.0,1701695.34381383,4090837.0,3924924.92492493,2285000.94222946,651995.07096126,178581.25,513906.0,171654975.30254188,37267.0,586437.0,3089882.0,13905041.0,310839.98666495,5869148.8292185,6052406.0,357577.0,
2020-08-13,622615.0,394355.9773785,1904510.0,1215340.0,15781765.51007933,16081097.0,4516839.31775328,792170.84491327,3176.0,,405382.0,771424.84143728,1048693.0,1494562.0,2678920.84874041,6958015.0,2358155.35815536,6826827.40520565,2519493.91167788,2615978.75,1366432.0,107941863.19170216,39623.0,663182.0,1053470.0,5150099.0,696719.97011068,1730836.04027676,4935784.0,1381543.0,
2020-08-16,1425898.0,262051.2100445,3459917.0,266906.0,18583894.36073974,32936685.0,5203292.48916559,41069.05792763,16894.0,,545553.0,4853304.79044762,3615087.0,1056453.0,1199036.44612368,4141580.0,5005454.00545401,5225081.78393333,4213527.50213636,1501176.25,573152.0,170470396.33483028,46939.0,560089.0,2833006.0,10749138.0,9999.999571,2380575.04765374,11079854.0,1414775.0,
2020-08-17,194022.0,570430.27012755,2016319.0,391281.0,18628182.94414619,52438356.0,6589903.22706602,955243.04076015,3616454.0,,364909.0,2527256.88244165,3050133.0,723040.0,11771498.53730631,6154071.0,6663243.66324366,6375529.26110735,2913300.26760476,1775498.75,626466.0,100355885.70950402,422158.0,1305215.0,1738552.0,11126025.0,286999.98768769,6557761.58115616,4507735.0,899006.0,
2020-08-18,462726.0,98775.15962285,1314107.0,268776.0,23445265.12053052,43453000.0,5006197.20748112,450721.07219084,1503500.0,,277648.0,547963.33682794,2113253.0,193876.0,6129057.0724134,12266610.0,1516963.51696352,3092395.15783795,1901013.98465793,3415657.5,879824.0,80600851.87103768,27428.0,1273980.0,3945052.0,9052534.0,0.0,7770472.43315536,2165853.0,1427156.0,
2020-08-19,430915.0,3103125.31292692,2530561.0,759118.0,15494551.24635358,26511483.0,5106582.83916189,799345.2843108,2813526.0,,715895.0,1142454.69129172,3242782.0,204985.0,5739887.14849283,8747375.0,3269610.26961027,1968130.50062736,727780.43556829,2538723.75,497685.0,164917233.82890296,38902.0,1612239.0,3695381.0,7125763.0,68519.99706049,2718485.0591375,5211874.0,465362.0,
2020-08-23,552283.0,42660.80775804,9820975.0,2151814.0,25800382.03964385,20382404.0,3227474.40245411,203747.08337447,605000.0,,261932.0,4481439.94884183,11281548.0,2033333.0,4029281.80483485,8711085.0,6665787.66578767,8301975.32995187,2389451.6566183,712992.5,301892.0,165421462.09509996,248941.0,1099160.0,1192664.0,12895875.0,111179.99523037,2707983.95654978,3703654.0,730432.0,
2020-08-24,345583.0,3451431.44708235,7025372.0,1698286.0,28419366.2748249,31177375.0,7936142.15419489,6412284.69585395,64870.0,,699509.0,1826693.74249717,9306450.0,2261262.0,6560744.58094409,4611139.0,6289866.28986629,4416801.9676496,5611003.01479255,2181362.5,429680.0,264234932.00030285,185086.0,1599975.0,2113931.0,30122056.0,45380358.05318062,7935883.80839854,3474368.0,472942.0,
2020-08-25,292429.0,587762.67123142,4960063.0,283149.0,82662117.92096458,16844309.0,10817875.69656047,3195801.76506007,661942.0,,298718.0,1051913.75238626,2559449.0,1258322.0,5043081.95533646,3604731.0,2640221.64022164,2838810.9644893,3378620.9858115,702148.75,222353.0,305213582.96839696,182392.0,416647.0,759885.0,14200406.0,57819.99751952,4955377.23021084,1882876.0,258621.0,
2020-08-26,974759.0,878451.8928764,4417486.0,2234881.0,41418342.83247763,20572548.0,8425164.66024029,1360060.07748825,1565194.0,,261394.0,949975.17607477,8188228.0,692712.0,2107080.49753489,5283781.0,1717948.71794872,2995486.68394879,2106804.72646627,2439082.5,308222.0,194454343.4691999,478491.0,1085977.0,1127424.0,6832031.0,50035817.85346118,3175444.2745895,1751208.0,183341.0,
2020-08-27,246827.0,454541.14332729,3408699.0,1630197.0,42747868.84437038,26398090.0,4348882.69995083,946217.48030298,1057466.0,,328677.0,1613564.62824137,8384201.0,1209422.0,1886808.19559837,5647210.0,4478416.47841648,3322370.53318574,823732.52526676,667906.25,285594.0,170053218.65897346,182554.0,773638.0,2480723.0,9840439.0,74559.99680137,2220869.14038332,1704609.0,537938.0,
2020-08-30,613165.0,95789.89596128,8068451.0,3918447.0,22795736.20761794,24678013.0,258726.44627274,187676.23150066,1894488.0,,811626.0,1897102.52422181,3704039.0,1145717.0,2127461.95685184,3041153.0,2601995.6019956,1996314.92211695,3874592.66763331,703726.25,338308.0,99931721.29886794,132641.0,465807.0,852826.0,6946279.0,78219.99664436,1872586.50422116,556673.0,409233.0,
2020-08-31,104518.0,622070.03610495,3565037.0,4159821.0,22447480.05188702,25640257.0,3299943.75551643,2004231.37215936,498338.0,,816797.0,2979327.74232134,6911750.0,1408259.0,2131954.43079602,5386135.0,5123147.12314712,4708556.99010211,850850.04372021,5192173.75,256338.0,107011008.3998454,57030.0,597812.0,1916362.0,19908616.0,765819.96714629,4747434.42298879,6049912.0,1102831.0,
2020-09-01,645880.0,497529.60197501,1991647.0,683939.0,19290379.65274018,20425855.0,2704823.0628311,1634632.72076563,84816.0,,279513.0,3535600.5122143,1707971.0,2615186.0,1496602.2251843,3122236.0,3813354.81335481,2841618.9666303,2518113.04076237,1525642.5,95769.0,95646710.45238826,48325.0,556166.0,900306.0,10893590.0,213459.99084256,1736706.69413291,6061134.0,959026.0,
2020-09-02,1447579.0,261852.63374772,4026694.0,1633839.0,20651201.77583472,19711594.0,1854053.95174789,1192269.94446394,749022.0,,290763.0,2178183.52023084,729521.0,4049094.0,8713146.6016843,2236931.0,7202020.2020202,1362140.238582,570336.56596187,665588.75,221237.0,86661483.35372198,54336.0,4209031.0,357912.0,11569719.0,365879.98430373,1054989.79732776,1762931.0,158838.0,
2020-09-03,812423.0,311764.78594314,2458088.0,1041994.0,14488129.78219211,12969782.0,1599841.94635828,900546.18026416,204240.0,,196243.0,1148789.24235088,833642.0,2316341.0,4172265.03835576,4563677.0,7160416.16041616,1563783.59232767,1879982.67866688,438380.0,178344.0,54244552.49704133,31433.0,2045442.0,899383.0,9403827.0,501699.97847705,852825.87402664,1207512.0,807016.0,
2020-09-06,524113.0,180906.31597068,4922318.0,339640.0,23422064.27730796,13029856.0,1519085.08598558,249032.28476204,56400.0,,246230.0,1149984.79872214,1145584.0,2971450.0,4340668.8849897,2855343.0,6128661.12866113,2047283.76097882,691798.5726622,1325362.5,83972.0,52815886.40683464,23846.0,1914144.0,554965.0,10054055.0,169999.99270699,1710499.82263123,1006313.0,223819.0,
2020-09-07,414413.0,221065.0623893,3035303.0,280255.0,28104573.44608834,10863803.0,1400588.73545401,641377.12429258,213820.0,,148214.0,737691.17468246,2428886.0,2364620.0,11629749.74216064,1257491.0,6487140.48714049,1044099.79608782,3156680.47377078,6415806.25,141352.0,109482471.726232,35323.0,3075617.0,1352311.0,14908177.0,394659.98306907,2870673.69771404,3137029.0,329252.0,
2020-09-08,567253.0,129177.19065973,4301543.0,1332961.0,22750040.69261084,21501786.0,1616573.62046228,1213853.80077261,34842.0,,251387.0,1394984.02996042,4340633.0,6869973.0,8318121.91289831,5619514.0,10349134.34913435,4501196.83199758,866792.20526895,1147036.25,251706.0,154484512.54995877,46596.0,2188347.0,2538144.0,16339501.0,562359.97587473,5851337.59579069,2723184.0,1832528.0,
2020-09-09,828175.0,97808.75497853,4145087.0,842986.0,17326010.92933568,11679557.0,2340183.77353241,1707051.10576636,6333656.0,,229104.0,905873.69507394,2062151.0,3545589.0,6340053.45170168,2605418.0,2860643.86064386,2322212.37060181,1333052.62593846,1543256.25,163909.0,56435105.25707591,27139.0,570777.0,814088.0,14298286.0,484959.9791952,613217.19515617,3250437.0,1337059.0,
2020-09-10,936063.0,141386.3233067,3253117.0,1128367.0,14482569.69673178,16259532.0,1441682.0624371,946134.07223198,63906.0,,207357.0,1345572.76050436,2082275.0,1637941.0,5613105.91864698,8661118.0,4213282.21328221,2219326.09215479,157457.52807246,2217163.75,131877.0,37492649.2984854,119214.0,2295200.0,833213.0,13070879.0,1194059.94877477,3521104.91260242,1841523.0,883025.0,
2020-09-13,539291.0,184530.33338689,1903254.0,1053880.0,27048289.78487164,7725262.0,1967996.14490762,51256.95021294,247418.0,,190110.0,541384.61393846,1357942.0,4085638.0,2796955.20095598,3904511.0,3543621.54362154,788922.60152456,426064.92099355,19825.0,128106.0,119452374.67773364,35882.0,1383107.0,502656.0,9247282.0,1138019.95117889,809725.46844937,651799.0,120728.0,
2020-09-14,110812.0,94459.43477286,1730412.0,239155.0,28699835.38378053,6814310.0,1928312.75327366,1280736.31138353,57730.0,,167514.0,489130.57711075,3177326.0,1235507.0,1327722.23803419,3955734.0,2772623.77262377,3163792.21227559,538217.31724869,103461.25,143273.0,177367620.9868623,67267.0,2376843.0,1117481.0,8815307.0,667299.9713728,613576.40890262,550560.0,473035.0,
2020-09-15,525428.0,177507.35169081,1669364.0,229646.0,15099308.98643571,8036440.0,515926.01420181,428831.834719,4934.0,,257144.0,416832.94283342,1923333.0,1773086.0,728909.40832964,8081256.0,1584505.58450558,3469506.24537133,815507.39702425,251912.5,69816.0,54272741.78046438,17127.0,236045.0,1763201.0,5180288.0,531919.97718061,914251.42466896,2346333.0,321569.0,
2020-09-16,871801.0,163825.44484273,1295046.0,448589.0,7532636.03212515,14976751.0,2721455.44571332,2107294.15150409,7990.0,,124351.0,603734.4601235,8656678.0,843981.0,1423607.23883114,16869766.0,1988122.98812299,3140487.59450667,399620.76491532,64318.75,177689.0,82066426.48342146,108198.0,863003.0,1662098.0,11401417.0,297299.98724582,1817272.83126472,1524320.0,504461.0,
2020-09-17,1977374.0,273909.52456715,1131723.0,433529.0,12511745.32179036,13173253.0,6581097.19893085,2053996.39413456,17348.0,,626466.0,778346.41700042,1143484.0,2235555.0,1863243.64875669,13925588.0,2354285.35428535,3064475.33655011,593902.88324784,476706.25,361376.0,118042993.00677007,128622.0,1418799.0,1162199.0,6703442.0,938099.95975547,2105967.93748717,2511422.0,844800.0,
2020-09-20,428723.0,23666.98497112,1534628.0,330982.0,8999424.45548929,7639722.0,2217973.93130665,252947.08293321,52596.0,,201254.0,1287075.26262673,917448.0,535360.0,403974.3670065,2885038.0,3848928.84892885,1138758.26826144,319177.86339248,300206.25,113429.0,88228017.57273158,20663.0,1621807.0,2264666.0,2979334.0,701119.96992192,2309715.54767044,614563.0,148012.0,
2020-09-21,820898.0,74456.18247731,2040047.0,324102.0,19971264.20088383,18336380.0,2029205.87342126,1548691.46593102,851492.0,,447694.0,3705412.53165995,4486875.0,3250310.0,6057287.70701851,6403774.0,5409284.40928441,4871809.91457648,1248599.59878959,470375.0,214800.0,93437886.47856008,120689.0,1465120.0,806495.0,22055258.0,1525719.93454655,2510437.37198947,5215863.0,685105.0,
2020-09-22,2749126.0,34370.24736751,9226512.0,867937.0,22446311.21640338,18775533.0,1083997.57160548,197815.69329313,291744.0,,513373.0,4107975.97151828,2792000.0,1491520.0,3528549.51275177,8443950.0,5683151.68315168,3908857.78036077,314864.51982061,539387.5,161717.0,74661253.3222823,88430.0,2242902.0,442003.0,7694123.0,1790819.92317375,1152446.84653699,681928.0,1537595.0,
2020-09-23,776086.0,206327.39156334,5666766.0,1157183.0,19766531.30224728,15590917.0,1875019.84484246,1038499.09382512,6115006.0,,1061143.0,2025450.8775175,1632801.0,931737.0,1151634.01251437,6819849.0,7907458.90745891,6135538.67812333,235779.26982103,2475466.25,455052.0,57182087.75208502,193483.0,2511434.0,551358.0,6329941.0,3297559.85853454,6011591.5006743,700198.0,327472.0,
2020-09-24,2928345.0,100016.26147772,2869554.0,1012024.0,15237621.18533222,9133172.0,1991234.70374492,443009.86149767,2042214.0,,462504.0,1226041.16101959,874244.0,1063544.0,1735695.30363479,2325608.0,4292041.29204129,2360939.40012975,4125110.78814595,883587.5,156153.0,40915873.48031734,28964.0,1603508.0,218513.0,6960917.0,109439.99530502,2620516.72028916,1009899.0,728111.0,
2020-09-27,230974.0,13387169.97958342,1156418.0,524549.0,11501603.6058002,32934717.0,1044122.21694276,382549.77235381,167250.0,,322962.0,662937.90557273,1860461.0,520647.0,601259.66291263,6394698.0,7471228.47122847,940435.91704791,2436428.58467753,373322.5,118465.0,39505125.39996892,18655.0,894833.0,1468305.0,9187207.0,505899.97829687,2162157.35782546,839854.0,315973.0,
2020-09-28,919412.0,611462.752252,1287108.0,448706.0,14497921.48500523,20863649.0,1813814.52927202,2279063.65669001,109484.0,,258121.0,610537.11261902,2541537.0,500235.0,1219872.00241437,3740029.0,8404013.40401341,7259013.13473142,1475246.8182238,3331826.25,107897.0,259148068.29855317,4319.0,2730663.0,9920726.0,17624342.0,393359.98312484,2951032.69699205,1229977.0,450025.0,
2020-09-29,129371.0,200174.83596814,1410060.0,499453.0,10559541.14545625,9388935.0,5142054.07652122,1448050.21122825,4651148.0,,162029.0,563501.77423728,3138290.0,1349963.0,951743.16989479,5140610.0,5404703.40470341,7392713.63667315,4706441.05341435,1367807.5,93814.0,155184462.20268813,61055.0,1018599.0,1986741.0,12668755.0,19999.999142,6281675.66403342,1410112.0,612198.0,
2020-09-30,400767.0,91328.54849364,1171689.0,1067846.0,7492819.86782622,10588312.0,3275114.33065922,596892.37132832,77242.0,,192489.0,552611.45757716,12833153.0,1012160.0,2199927.89818704,5599402.0,7461559.46155946,2099388.4007067,4055102.95466907,274842.5,84668.0,69714660.5673482,11353.0,841404.0,2692908.0,9832414.0,822899.96469755,3435832.28879272,1927464.0,793746.0,
2020-10-01,837270.0,94009.32850016,1337557.0,3090278.0,13615337.05807955,6185682.0,853615.45944061,794378.46821185,16120.0,,355842.0,461789.65780988,6801547.0,1283596.0,2509613.21686745,4857043.0,6087882.08788209,2530555.32945568,1904629.92775344,676851.25,106702.0,85361465.99616668,40386.0,1336357.0,2778489.0,8092663.0,2760099.88159159,4417227.84206751,2896082.0,258616.0,
2020-10-04,66342.0,82230.44449621,2474272.0,1751270.0,14436836.30279696,5186299.0,419300.21011872,246466.81393304,340698.0,,1495301.0,528306.87191759,4708892.0,917953.0,1058574.99385504,2004684.0,6273765.27376527,1060226.00838347,3366678.87442531,123665.0,149850.0,54460166.74171273,20970.0,1645830.0,758549.0,4093112.0,506099.97828829,611455.21239988,1671738.0,208588.0,
2020-10-05,496483.0,208008.67087607,1010710.0,1320577.0,7834658.25094794,6096209.0,1010052.08904618,3959643.46224535,167450.0,,724201.0,372626.45529416,960395.0,1689714.0,10290079.90413749,1568993.0,7283329.28332928,587774.24815632,892738.25808268,709927.5,81236.0,55783456.88703642,20864.0,651986.0,800782.0,4096828.0,297039.98725697,772844.44248211,1619982.0,543863.0,
2020-10-06,579407.0,217993.74899911,1185915.0,1191005.0,6443432.87709049,5594683.0,2523696.01607879,4286560.05124161,4266110.0,,786711.0,838512.63324175,18811853.0,2719948.0,2573949.49975999,3372577.0,22181113.18111318,2319857.96880666,2000331.12182162,700928.75,435600.0,34962198.33676685,14085.0,4467401.0,583342.0,10040458.0,235339.9899039,2671997.03195141,4384599.0,775229.0,
2020-10-07,594419.0,2177137.56420656,1311701.0,921546.0,18333479.47528456,7560371.0,3273439.6187187,1971995.49800901,3103400.0,,448135.0,1833237.04149417,23513166.0,2359754.0,3521407.4050093,15467159.0,43165375.16537518,3369381.16902963,2028707.81502314,1923660.0,326345.0,71403372.41041294,13840.0,3162442.0,1290408.0,21383067.0,645599.97230373,2558569.39201514,4101133.0,966842.0,
2020-10-11,179016.0,1782179.23872783,1485340.0,418537.0,49856036.31821145,13271454.0,1466416.60901574,2231623.29837109,79840.0,,484807.0,4470996.22625478,12511635.0,4080927.0,522361.41590072,17939020.0,29985749.98574999,2508985.91300979,830593.73163589,483122.5,167918.0,118660945.2057524,8293.0,1725639.0,779011.0,7155180.0,289459.98758215,468406.8593716,6518578.0,56883.0,
2020-10-12,1097215.0,1629563.42583828,3902808.0,866276.0,38496286.59104866,9320561.0,2102451.90448498,2051218.36725365,127748.0,,507430.0,4314294.84244446,31018990.0,1737728.0,1119719.37180588,10294645.0,49226851.22685122,1927482.86963503,882547.4750742,2951632.5,183594.0,86109121.38334456,43369.0,1684963.0,1272540.0,12053301.0,1584219.93203689,2132856.52850767,9206207.0,253539.0,
2020-10-13,1162498.0,237632.94475056,1103487.0,297225.0,15608948.31367642,5164551.0,1820877.44484723,1954282.04525308,3229336.0,,276147.0,2991746.34691425,8502238.0,1065394.0,698903.73839429,3779520.0,17861180.86118086,1418228.28134708,1032118.06978731,653753.75,75396.0,69602514.45068279,30565.0,691928.0,994424.0,10483041.0,776519.96668726,7134810.93384167,2203597.0,395325.0,
2020-10-14,147475.0,503228.74169257,1774430.0,785906.0,12854555.02884408,6965507.0,4038551.29601698,2979957.82080756,1316394.0,,134275.0,1309342.9744686,5710970.0,856925.0,1496787.39094058,17640209.0,3862227.86222786,5743937.57954185,522038.75536417,203677.5,711590.0,33555039.01465192,49523.0,853154.0,3977469.0,4407550.0,329819.98585071,882706.16493542,2234385.0,542407.0,
2020-10-15,241119.0,212493.18557833,2415698.0,729640.0,22808152.37899384,5625045.0,3119306.54545818,1084193.26381889,46200.0,,285491.0,2188181.91388383,13655099.0,667269.0,1469510.71155621,8149259.0,6466761.46676147,1870662.22631138,997292.07510086,1952886.25,436385.0,66584170.26024379,114838.0,2032675.0,1413911.0,11526003.0,214919.99077992,1423157.66745378,3881809.0,119050.0,
2020-10-18,222503.0,208485.25398834,1214288.0,410765.0,14137660.41482783,5066769.0,767216.65119979,94113.90050122,55928.0,,208826.0,1683391.44601809,6727431.0,260205.0,262141.80639965,7255882.0,4573294.57329457,3808999.10422219,243960.46192364,122636.25,405362.0,49782926.79223931,54408.0,491338.0,480336.0,5106182.0,0.0,760324.40131948,1334491.0,71955.0,
2020-10-19,310124.0,347151.08202917,1802185.0,452386.0,8638911.76100639,3674413.0,1173178.74052744,3212551.98912509,110042.0,,103086.0,905653.56088495,6997926.0,485017.0,611245.38762664,2997920.0,4661776.66177666,2653218.22298164,247505.94441509,2484402.5,380421.0,97565007.43155202,236512.0,914298.0,1036756.0,8114489.0,34107318.53679451,732733.11479499,1722282.0,75576.0,
2020-10-20,288734.0,319436.4502087,722136.0,207350.0,5163893.52158689,3808512.0,1976113.75390519,6223814.74238731,84020.0,,154175.0,872078.03650728,1629868.0,549516.0,375763.04142373,4614345.0,3226869.22686923,2804524.53834716,363412.53870351,363640.0,273025.0,86843416.89612165,96821.0,1052051.0,3248133.0,5231600.0,0.0,583714.47198088,832229.0,191870.0,
2020-10-21,353190.0,361147.40134714,1770526.0,438020.0,13377416.80749338,5408405.0,1751133.08420459,1542874.42562444,15140.0,,307896.0,1294692.66464934,5687537.0,1029200.0,2235867.68974052,5574578.0,5142332.14233214,1482445.13031007,357313.2354902,1550625.0,332189.0,106545921.31719775,43645.0,1017751.0,1330636.0,8766017.0,33909158.54529558,1978287.11561161,1153063.0,448864.0,
2020-10-22,417964.0,579399.29953207,2396909.0,694425.0,16040270.25223836,13998396.0,0.0,3301154.23048292,881404.0,,469797.0,1765395.22683544,4798583.0,655681.0,2403438.29047117,6497789.0,9581250.58125058,3316356.72860044,3820467.96682486,4437967.5,332478.0,132700319.52485885,76884.0,1175333.0,2031618.0,16597296.0,67599.99709996,1700287.13983992,2405969.0,441744.0,
2020-10-25,87701.0,254128.01580301,1201086.0,488103.0,7078970.9374895,12294499.0,7704233.16368635,1376737.65581401,141202.0,,91618.0,749357.02156013,2257403.0,432901.0,358070.89428142,6784729.0,3787461.78746179,3417250.40552817,2052496.0308838,253452.5,229086.0,78276048.0998737,4884.0,545050.0,103963.0,16674503.0,27299998.82882883,6225900.51940271,969100.0,758093.0,
2020-10-26,179489.0,74072.26830354,905644.0,343111.0,5862221.31594114,3054494.0,11533436.64125247,2987537.19293689,6892.0,,99530.0,706728.16237533,3669383.0,581989.0,2043846.39176311,7048168.0,6600411.6004116,4398418.55363292,1102541.22201866,309831.25,84348.0,77434422.41898014,96613.0,288055.0,1029689.0,2570743.0,182159.99218533,6154949.24948419,1620529.0,659465.0,
2020-10-27,258747.0,157666.27003763,2680379.0,329766.0,6765679.73767289,6224545.0,15881335.25487198,1582272.63154913,43176.0,,60155.0,901355.88364349,3897457.0,1374365.0,5075269.9359709,15226636.0,10623271.62327162,2695910.65553305,1561304.95651873,2132246.25,174866.0,81213598.82370286,326270.0,271234.0,1348132.0,6151881.0,0.0,39600171.76992996,2564011.0,900293.0,
2020-10-28,253147.0,9101.41360237,1155889.0,404663.0,9730544.57868989,5958154.0,7108728.54494351,1429329.13516297,40136.0,,67812.0,711759.62024676,4942934.0,1425483.0,5301410.22889831,7488121.0,6105222.10522211,2434233.65601393,129373.3611192,817353.75,77253.0,79516631.80544874,3337.0,508813.0,2164667.0,7440250.0,0.0,2474300.9934966,5282201.0,121578.0,
2020-11-01,84373.0,70583.94469012,664239.0,315771.0,3962755.42953056,4022489.0,4036066.80900114,432141.25172968,2000.0,,136862.0,391830.00043635,8065621.0,1208720.0,3316799.2443129,5481892.0,3991182.99118299,2150857.63995011,236420.33249219,170691.25,41546.0,58213340.11802819,21465.0,636435.0,561911.0,12047629.0,14239.9993891,1705053.93247525,1369865.0,37324.0,
2020-11-02,2382342.0,345330.79930869,3546454.0,134212.0,16698232.63784189,7811359.0,6252182.8912249,800737.66097993,2113396.0,,208759.0,1230579.21467432,9885785.0,1738551.0,1545644.69834928,4143809.0,3158343.15834316,7643230.62768318,263087.86746732,1670346.25,273537.0,132319637.87023276,6325.0,1249805.0,1057859.0,11770647.0,88699.99619477,1099010.52425541,2479579.0,383557.0,
2020-11-03,595410.0,156848.79761589,887885.0,103830.0,8896791.5008582,4670734.0,2108671.94791095,1587891.91400994,204622.0,,40632.0,318928.89484781,6107948.0,578137.0,507658.37310988,2790244.0,12125700.12570013,4486719.42095909,626241.40744984,249948.75,120960.0,66330621.39729117,10816.0,2408230.0,1081653.0,14837887.0,15499.99933505,335851.7429366,1981658.0,286912.0,
2020-11-04,377355.0,52457.23839914,102453.0,25130.0,3995434.12159379,4302471.0,1792795.68085916,1663824.20032445,1493510.0,,56066.0,168998.53505758,12197616.0,1483060.0,11376773.64069716,8609019.0,3597108.5971086,620717.87327462,271803.9910914,263432.5,156520.0,39378103.46792479,139871.0,467895.0,634323.0,5143068.0,2459.99989447,3032382.81157048,1540808.0,899982.0,
2020-11-05,230870.0,46301.37319899,555748.0,989341.0,4906384.4540991,10474415.0,5289062.45300187,2125310.29484027,4130.0,,83765.0,232462.96871677,7881887.0,448775.0,4048622.8089498,4510158.0,2525897.52589753,637933.08640059,127251.20493232,1820535.0,299914.0,35602923.1661201,40164.0,1329758.0,552915.0,9295514.0,61999.9973402,3279217.71734026,621163.0,137114.0,
2020-11-08,88762.0,47727.81293085,408709.0,205216.0,4333024.65353657,3220777.0,1787222.13361049,657447.97616639,600.0,,45051.0,164250.468326,2671747.0,1333453.0,709947.55314422,1276803.0,544431.54443154,639356.88748619,684300.28740599,104790.0,806362.0,16594980.10416127,1520.0,363332.0,868780.0,7116032.0,19839.99914886,538949.09757885,688631.0,76332.0,
2020-11-09,194495.0,108621.23433815,2097237.0,4082962.0,13511735.48515415,13013542.0,3122029.33140627,8863139.38239337,3831072.0,,337079.0,652933.18622466,14730505.0,1003090.0,2383502.11071101,7071021.0,5271158.27115827,6983126.9243783,2097673.80778367,2184380.0,2193308.0,93041931.97639436,89867.0,2583788.0,1482691.0,14994247.0,23999.9989704,7500031.67804794,2802204.0,288459.0,
2020-11-10,581488.0,1657536.20684455,3033220.0,1965099.0,20329060.43512236,21186085.0,9000718.36282221,2876507.59752011,8868.0,,251327.0,1020907.72535254,7847436.0,2082120.0,9578377.68501703,6402300.0,5214617.21461722,9191269.60800615,2239707.77304803,1064866.25,1820113.0,105319873.11372069,58550.0,16710577.0,3925437.0,19172106.0,231199.99008151,2654801.96808867,4367446.0,993814.0,
2020-11-11,121493.0,883528.82686405,2407773.0,1396069.0,6689326.64195968,5475818.0,2687866.32862443,1778140.34279695,7957666.0,,113951.0,599306.47356327,6262594.0,2065703.0,2792427.45734393,3999066.0,2650211.65021165,2949505.64888994,1273566.71078168,1861245.0,1626512.0,98254018.07480964,72107.0,7301376.0,516184.0,5208943.0,235779.98988503,2940015.06076893,2325873.0,701929.0,
2020-11-12,120371.0,220009.29841142,1068179.0,2506229.0,7813224.18913929,15106383.0,8528273.07786916,2660663.65326759,50000.0,,223733.0,1605892.82524102,4298570.0,978060.0,1789036.2675707,21839169.0,2392259.39225939,3168009.6154912,3871544.38126232,3345086.25,1260226.0,121175517.45916632,66150.0,3977201.0,815496.0,16585418.0,705199.96974689,2195427.89234121,1294302.0,2694787.0,
2020-11-15,339947.0,272095.86105657,1505188.0,2133057.0,16872562.28571552,10594360.0,4565222.82688587,401585.64662255,47372.0,,121446.0,1235656.21755037,4209222.0,604405.0,1400188.1793694,11030875.0,3177474.17747418,2041109.75627137,2468646.30915403,395077.5,742714.0,64094554.3140857,27866.0,4584432.0,929446.0,7473348.0,273179.98828057,1084421.72655302,1468386.0,181975.0,
2020-11-16,523882.0,313187.91607005,942409.0,1874675.0,5784913.13012209,9765452.0,1879441.61391861,4203711.62149137,6270250.0,,189968.0,767146.14128109,7019238.0,2679631.0,1082505.46350081,14668739.0,9317004.31700432,3353845.35718414,6255327.77615913,1399092.5,410017.0,35896636.73059528,82816.0,3159438.0,729005.0,7417213.0,10779.99953754,5529707.57081559,6937344.0,308664.0,
2020-11-17,2145264.0,517162.17851656,2847916.0,1206469.0,9429785.89267001,34881613.0,3097102.82179888,2914665.44471152,22474472.0,,182626.0,730434.33727976,18503826.0,4328340.0,5697272.57229608,6074513.0,10140250.14025014,2289479.34564408,2765537.00969378,981563.75,924554.0,85042819.32761389,107295.0,8553490.0,1029705.0,14776393.0,271739.98834234,6390352.24332327,5588197.0,1173088.0,
2020-11-18,60063.0,182041.51046726,1577550.0,1082056.0,7398447.22507367,7926292.0,2653586.58592633,3873696.82624487,14397404.0,,151953.0,790224.80723298,7333474.0,3201032.0,15377698.6325693,8675718.0,4763185.76318576,5076155.07038217,5098459.82242063,2001488.75,700321.0,58843406.95417942,44113.0,1664825.0,661082.0,4998883.0,211599.99092235,1988463.09042883,1650578.0,218220.0,
2020-11-19,261444.0,169120.81275684,1213945.0,1027359.0,9480892.6830643,9687919.0,2664647.62803148,1802217.02419537,5274968.0,,262143.0,1086973.28483111,14124142.0,1824217.0,2692495.26215959,2227528.0,18689931.68993169,4148268.76290287,7054878.99442472,861895.0,426692.0,69610895.954287,74807.0,873605.0,2398567.0,5310632.0,229999.99013299,9784691.41140421,1620370.0,1190675.0,
2020-11-22,28608.0,53615.60013035,741538.0,309440.0,6721377.62607799,6807617.0,1459938.40841316,1826473.97465046,4081530.0,,114604.0,332109.11312907,3661175.0,1093408.0,2048131.65640859,5657638.0,2749442.74944275,870678.66386056,2018771.36409203,20145.0,320824.0,46029224.8990863,43720.0,739172.0,259449.0,2968832.0,220759.99052939,845062.13750673,859347.0,193195.0,
2020-11-23,255848.0,343351.65555079,2004409.0,606086.0,10620877.95197002,9469008.0,3118229.78731988,3380951.53918429,11640290.0,,206200.0,1366913.12544662,16110485.0,2106296.0,3295822.60935075,2645636.0,8959736.95973696,1648792.25714366,2780697.76815917,2114185.0,486860.0,325638853.50079894,82989.0,1967876.0,345360.0,6643399.0,16199.99930502,34197552.4494082,7618822.0,1750728.0,
2020-11-24,145507.0,373925.78604488,2340736.0,2468767.0,9956316.51603183,14334948.0,2486786.15923959,2376080.69617865,122612.0,,107853.0,1021570.65819756,16852121.0,3468716.0,6109098.84911082,3747305.0,6465204.46520447,2243257.11040132,3504363.52783443,879235.0,1125974.0,332265008.312181,105214.0,3151555.0,614902.0,16322688.0,49999.997855,6115427.87138064,6860131.0,615830.0,
2020-11-25,404790.0,4284502.03693484,4483975.0,1139721.0,11897119.13512513,31017283.0,3160238.80001485,13002120.95962224,341610.0,,111324.0,1355171.37022792,10298618.0,2971123.0,11942274.2691041,7326510.0,4655899.65589966,8137370.6044468,11138243.49632841,3566215.0,832884.0,163058275.11087558,19796.0,1641102.0,450573.0,15982040.0,235059.98991592,4222958.75519377,2707830.0,504033.0,
2020-11-26,646702.0,501981.0206278,10258103.0,1215362.0,4682189.90353254,12765693.0,3943942.20697161,11289642.94807495,225746.0,,99815.0,9824739.40634895,11981548.0,708637.0,2660527.7169493,1360119.0,1295794.2957943,1167275.69000493,2643221.94705211,616112.5,396905.0,72646663.1534486,39910.0,1567291.0,414753.0,10072979.0,9999.999571,8743826.31810643,1110361.0,648620.0,
2020-11-29,316196.0,392125.30364468,4742946.0,757000.0,4971406.33915155,31682995.0,884362.6411153,477016.13921958,202380.0,,68158.0,4318458.41495009,8346095.0,1835868.0,3787596.40579635,3028281.0,871011.87101187,767866.18546982,484607.60687602,85162.5,230900.0,137113466.0559379,99965.0,967614.0,213980.0,6701108.0,12999.9994423,1779641.91382678,468129.0,206289.0,
2020-11-30,251721.0,375848.66651869,2942999.0,1352890.0,6878342.49123414,24737160.0,11955047.02713103,9077812.92306894,105390.0,,88493.0,1184524.35903092,6948010.0,1600446.0,1728606.10039411,13831610.0,2343587.34358734,2391193.82319764,9290401.95480516,171136.25,4709144.0,61579878.93543515,36821.0,667645.0,10844546.0,4542893.0,6699.99971257,5850912.83209051,1570604.0,625260.0,
2020-12-01,166323.0,760097.11039113,1898807.0,4899639.0,9489047.47507279,11220932.0,2116579.94210701,5640083.35748805,1939356.0,,186258.0,2090682.71038373,52920243.0,4543910.0,1330296.92378827,6712853.0,1424101.42410142,4049027.48723503,1509465.54584916,91923.75,2486370.0,74404963.9061672,118836.0,3817173.0,2014647.0,15396475.0,0.0,5585687.23130193,1560117.0,1711927.0,
2020-12-02,109099.0,9232060.25762982,3644998.0,2336741.0,23644159.2530243,16486973.0,5684290.05802041,5664086.04785573,255490.0,,148400.0,1701568.96341733,39609949.0,3503105.0,2454239.83832087,6414000.0,3109713.10971311,1083078.8258079,3376526.65912761,775835.0,2843194.0,75916336.43612254,101920.0,521349.0,402888.0,14537741.0,449099.98073359,2299778.1746848,4132702.0,806268.0,
2020-12-03,58894.0,3068659.08701596,2773760.0,506681.0,7985938.57130985,9987006.0,4601148.59739375,730035.86789206,45276.0,,112455.0,4828294.25721645,5721536.0,1002975.0,5144433.75465233,4768795.0,2184857.18485719,551896.62080094,5663498.19877433,1066623.75,954953.32060062,84154756.35268193,34383.0,815578.0,3104182.0,4278875.0,104559.99551437,1473591.80185448,664363.0,330546.0,
2020-12-06,1043280.0,1893074.1716641,3728182.0,795234.0,29225611.13422583,7618899.0,828256.48140062,503615.24212004,342892.0,,652690.0,5059879.21945528,3922182.0,503672.0,1249000.3393616,3407556.0,509868.50986851,420714.32077925,3842710.35698589,1250731.25,559967.99253376,464147255.96018445,3548.0,830385.0,843553.0,2881083.0,11039.99952638,2517175.90723303,2453368.0,2100727.0,
2020-12-07,275370.0,804035.42565844,2323747.0,1317017.0,12000991.27181989,25872113.0,3364405.82316093,2209859.17300575,4741948.0,,1576759.0,1436338.89415489,9720794.0,741444.0,2160408.23534536,7279024.0,2738249.73824974,818269.82390075,3027437.21635943,3519776.25,815811.98912251,237982508.09899703,12633.0,1826627.0,1940882.0,6205928.0,115819.99503132,4166467.80506831,1938199.0,1096939.0,
2020-12-08,353390.0,2163935.55007569,20902226.0,883432.0,11691734.17780442,34831091.0,902954.37077378,790576.67452398,294222.0,,626561.0,4204125.27168702,7449120.0,1393001.0,1255128.44415299,13958138.0,3337941.33794134,378111.88829645,15149557.35403776,5260925.0,996945.32004073,208563569.66731352,29921.0,4132376.0,726196.0,13038984.0,135719.99417761,1737286.1557239,1703992.0,865898.0,
2020-12-09,235168.0,532277.1443064,9275015.0,584715.0,9522919.35335889,17683041.0,2018224.26429353,4991486.05388802,37488172.0,,408244.0,1907367.86220743,10304662.0,1705147.0,1231321.41834474,8303078.0,11078240.07824008,387947.09579544,5044654.58812549,9604778.75,521919.99304107,122175827.09786937,7420.0,1929981.0,527375.0,5328204.0,41199.99823252,5343506.37224706,2314563.0,55993.0,
2020-12-10,288818.0,4504259.80537034,14181517.0,482300.0,6864427.39657599,15916966.0,1641387.60001833,4320500.40968161,192672.0,,238545.0,1415018.77143691,6999251.0,1519249.0,2046562.15618864,7742098.0,17825651.82565182,501273.38220258,3509787.33438353,1573476.25,411630.66117826,90960039.7000283,10953.0,1454363.0,680575.0,4944818.0,303159.98699442,3658675.91149693,703546.0,3303836.0,
2020-12-13,707483.0,573686.92139473,12129495.0,97682.0,3796791.61340552,12961662.0,880212.26804532,1898009.84844834,387480.0,,107873.0,769050.17550198,6738168.0,543013.0,555034.35446829,4559605.0,8085497.08549709,237085.38076891,1451715.83103293,515741.25,627903.99162795,95684874.5243209,36742.0,2365189.0,640385.0,2169876.0,266059.98858601,1342407.99045153,627701.0,482296.0,
2020-12-14,652988.0,1051464.80105011,9234855.0,428045.0,7925443.21811879,18629481.0,3718851.21369126,2803759.61610978,1172128.0,,213631.0,1073738.6655721,5034147.0,1293886.0,383218.1674685,4201750.0,8775524.77552478,513216.39130869,19404083.8440304,2789387.5,598749.32535001,87941966.21333534,24990.0,860001.0,880520.0,3696406.0,45999.9980266,3774521.0337268,1307403.0,938040.0,
2020-12-15,981030.0,445178.27093415,6381020.0,147024.0,11896675.41054338,22454700.0,3301561.09919548,1793039.44580234,88088.0,,189198.0,1063654.24246594,11267319.0,572742.0,1479677.19331803,10199545.0,7255960.25596026,4880622.72129592,15719345.20693725,979703.75,328859.9956152,52888571.65171723,66021.0,1237911.0,653715.0,9785245.0,119159.99488803,1969723.66965618,4863544.0,1105742.0,
2020-12-16,19711.0,387488.54711489,7967560.0,186029.0,7566637.78102054,10822994.0,3526259.34053194,1949510.29641695,1382600.0,,111122.0,1393797.32956227,3914021.0,1178862.0,3669209.35690214,5259371.0,5010929.01092901,2868001.58674608,5354946.72248532,678861.25,300011.99599984,92523982.8974685,17025.0,1313085.0,634560.0,6975413.0,328359.98591334,1734121.40395776,2247190.0,473344.0,
2020-12-17,920624.0,362120.42520136,3754440.0,642110.0,5397701.2028788,15636339.0,9052380.68874479,2541057.82474388,429096.0,,82210.0,632866.81627273,6990606.0,1128655.0,3055477.45769108,4816603.0,5627633.62763363,2656389.82539987,2134929.95713601,2468245.0,213985.3304802,67987949.65272935,59540.0,232170.0,546866.0,4777147.0,0.0,519685.27717636,2301305.0,459163.0,
2020-12-20,1021635.0,164090.21323844,3296889.0,514984.0,4226741.79365682,21513582.0,4535393.53739465,313436.76848936,43686.0,,152532.0,888003.60645589,2400402.0,1667463.0,2571330.72692108,4868979.0,6980304.98030498,10941320.94235615,10731565.33794895,599428.75,187310.66416919,50868216.7821579,230.0,3978698.0,574270.0,2643014.0,71339.99693951,2364350.12310622,827214.0,131037.0,
2020-12-21,517676.0,1168264.06921061,4849163.0,836477.0,14023882.93853683,28445121.0,7926261.574393,3045260.95923533,1195634.0,,235888.0,1672087.42889935,6277443.0,3357238.0,2094312.8777681,12764779.0,7674604.67460468,9600676.32016376,9537318.73546304,1265208.75,1026839.9863088,153532468.10011277,128015.0,5570823.0,1438806.0,9257676.0,81919.99648563,4268969.57871669,3253944.0,1101654.0,
2020-12-22,304448.0,281958.4837966,3542222.0,317335.0,8826582.90834713,9695811.0,1713715.73889858,176967.71141733,49746.0,,75923.0,695898.57238803,3170608.0,885142.0,842380.7472653,9594190.0,3784248.78424878,8550553.71948378,3032969.52237273,6147398.75,197994.66402674,130009947.10249166,25828.0,4033700.0,233838.0,2983621.0,0.0,3015958.61516362,2175833.0,354880.0,
2020-12-23,337768.0,670145.35755516,5531858.0,264897.0,6664710.75022336,7137593.0,1353138.56380606,562471.74383433,385810.0,,59740.0,1137971.03861474,1943569.0,661606.0,570998.28788526,3694047.0,2909444.90944491,2519287.32086423,5209182.94230646,1673836.25,961826.65384231,170880605.32282424,12657.0,1581616.0,168828.0,2664078.0,0.0,2037331.89193443,523869.0,1221669.0,
2020-12-24,78300.0,231672.34624225,4392725.0,227710.0,15949217.42693585,12028228.0,1857334.97500948,435205.82569322,591112.0,,299732.0,479833.07047329,7124747.0,721045.0,554381.8656128,2342192.0,4581655.58165558,2933154.43642274,1691392.31411203,576503.75,181351.99758197,375375430.6554509,9242.0,433129.0,307523.0,4520987.0,39999.998284,7839035.06275993,1321983.0,407942.0,
2020-12-27,19901.0,7316262.33840431,2569258.0,322630.0,7591581.05491778,7360017.0,379446.92017195,13946.63664622,78186.0,,207376.0,562229.04438597,5108117.0,389911.0,1206240.27578491,2044610.0,2239382.23938224,1173978.89511587,1496845.77483568,206542.5,160833.33118889,351106692.8677024,8631.0,347803.0,101071.0,8905336.0,87479.9962471,1128943.25512717,505574.0,280001.0,
2020-12-28,40038.0,3970705.15355466,4832826.0,329224.0,4923245.98820558,5689573.0,1059057.82316852,90933.63147145,391256.0,,96793.0,1590841.46635331,3639178.0,704597.0,1280637.23143567,2784342.0,5133389.13338913,2786310.32445949,715539.9664693,540402.5,110318.66519575,217671853.5326769,8085.0,585833.0,61229.0,5181271.0,9999.999571,4837720.30725984,1774129.0,281909.0,
2020-12-29,408896.0,152231.89871578,9785120.0,4117500.0,8584076.60187032,16683659.0,2545899.73973809,816036.31555125,38914.0,,75453.0,617210.72093479,4324926.0,981348.0,464920.3530756,11086843.0,7789720.78972079,1428139.0889037,1064232.74452966,1730728.75,328174.662291,152406160.04733878,13040.0,1958579.0,123937.0,6697536.0,7099.99969541,797635.43498321,2497168.0,478228.0,
2020-12-30,390418.0,377119.55481807,7451868.0,2962478.0,14974514.15345639,15973058.0,1549750.62821126,1673561.41996806,148712.0,,156352.0,1216051.62333973,5643632.0,2378279.0,1116311.44014851,4447843.0,11513294.51329451,5763283.99429278,2405518.28756401,1482527.5,275457.32966057,175327932.71357244,4370.0,2893546.0,511644.0,12635758.0,124699.99465036,1847585.75186812,2363366.0,566927.0,
2020-12-31,870175.0,382110.43907712,3685443.0,1437925.0,12162709.94240368,9748339.0,2526008.39831022,1581014.78402677,344708.0,,46102.0,758235.76718289,4344670.0,3396463.0,2170204.3855946,3191091.0,9941706.94170694,1804117.97557382,13577530.7837986,755908.75,239090.66347879,128635024.72933611,40832.0,316158.0,3029576.0,11849976.0,862439.96300129,5594560.07303897,1283694.0,347864.0,
2021-01-03,85046.0,265906.89980696,2102682.0,509180.0,4361071.29386836,8086188.0,287975.4337345,74721.52399353,3000.0,,52849.0,327483.76488216,4318542.0,1078083.0,1502747.96480961,15145787.0,7001503.001503,712584.54331959,1655201.32616629,349125.0,164383.99780821,89670559.16352203,2977.0,361518.0,275577.0,7957294.0,250659.98924668,2474421.60541146,1381229.0,39974.0,
2021-01-04,130345.0,809565.77552374,3173792.0,403206.0,5010421.63469317,8596039.0,3352484.25713378,741983.40141719,379550.0,,101638.0,403910.81291166,4444260.0,886885.0,5459369.845136,11713024.0,7045894.04589405,3147637.19995798,1869903.09924395,2269101.25,235499.99686,94212527.16202378,11655.0,1228269.0,1027094.0,8138339.0,587319.97480395,1053117.6906492,1522818.0,53277.0,
2021-01-05,418857.0,102243.6256066,5331145.0,625729.0,6010130.41173683,44974569.0,3396432.75836065,2225480.69752932,320786.0,,180578.0,626753.66454158,3666496.0,1665733.0,4076851.7693665,8131778.0,4311640.31164031,3152720.40383374,1497181.77317643,558075.0,49414.6660078,90652533.1351586,1968.0,2629105.0,1740811.0,5526296.0,4976699.78649936,1229017.05848935,1289574.0,3171225.0,
2021-01-06,672298.0,272456.60799572,23864658.0,703345.0,4299306.996599,25386295.0,2751767.95248382,1405479.8080226,169938.0,,318350.0,984669.08334365,4112471.0,648428.0,1463104.8581304,1097396.0,8882372.88237288,9668563.37192515,2407717.44337065,1133715.0,230406.66359458,88970343.96330845,36973.0,1162096.0,1715696.0,8475696.0,3857699.8345045,1506862.33637023,2072575.0,3708233.0,
2021-01-10,892374.0,462060.56576532,11013861.0,1158595.0,6012484.31653026,43756177.0,2953633.62575643,130146.18717358,17960.0,,1046369.0,842824.2270124,11046172.0,1361350.0,662280.59702594,7284977.0,7252315.25231525,9424835.98609196,9975709.07057249,1276070.0,318850.66241532,102037590.19274218,6066.0,1608535.0,479619.0,8054106.0,1747579.92502874,2923420.43448237,5520386.0,801950.0,
2021-01-11,122478.0,2195459.53718937,9519017.0,2169987.0,8741295.79696967,23455687.0,6698924.98856917,2308487.87167275,343400.0,,292656.0,519917.73509449,6154856.0,1807203.0,636943.74937409,5363989.0,2688266.68826669,4672958.36295946,11815490.15190049,2579360.0,1129843.98493541,63059653.89289798,49566.0,1802885.0,592649.0,9036544.0,1689839.92750579,628010.5087142,3382363.0,94590.0,
2021-01-12,876896.0,1416285.86388767,4035988.0,9793276.0,23195007.16206158,40987638.0,7799974.1726599,3281527.77325984,959854.0,,1044426.0,4409747.05101472,5826824.0,1016699.0,559579.73291427,1984618.0,3316845.31684532,2312774.96340613,6301342.04892815,4884386.25,1320495.98239339,83631625.2306172,15972.0,380462.0,2879657.0,18303241.0,954539.95905019,5993363.36954076,2106927.0,136974.0,
2021-01-13,902458.0,724009.17805648,2747899.0,1615752.0,19353142.33031847,17625582.0,5774194.9496255,2409322.84834688,176384.0,,939365.0,1344253.22050942,17116237.0,1006366.0,1178809.29160364,2346408.0,15707037.70703771,4013869.86042863,2779770.27273939,4832773.75,471442.66038076,253008035.53995308,76623.0,1217435.0,1377293.0,32112744.0,3192139.86305706,11817382.36661448,5501558.0,1000283.0,
2021-01-14,245971.0,327793.20269815,6547070.0,613684.0,12188900.51527767,15006220.0,4026907.74541078,2193865.0027456,2096782.0,,1303026.0,2345417.18635942,4630225.0,1738985.0,1248347.85050612,2368556.0,10792414.79241479,962782.93408669,8123704.88293885,2727110.0,305297.3292627,77432880.69669306,35864.0,143373.0,1183348.0,9951709.0,1156379.95039125,17781992.90445063,2974926.0,460506.0,
2021-01-17,1154104.0,465979.13802176,4184190.0,1079758.0,7502430.29291387,10414412.0,346521.95103311,1482213.88805189,528762.0,,563753.0,2419265.88107185,8245734.0,414864.0,735831.08064796,715698.0,5380439.38043938,2429672.45253618,18323508.51353821,1104618.75,955590.65392546,54767977.52603034,190967.0,673962.0,311989.0,11583231.0,1548199.93358215,27935790.86131829,5120120.0,3424764.0,
2021-01-18,443685.0,354690.36209688,3263857.0,475057.0,9305621.4732733,20119497.0,921541.68748907,938560.08126852,85858.0,,283561.0,1830043.83061474,2547770.0,550172.0,618202.32961283,2012888.0,3685089.68508969,1728546.71795351,5727066.05152567,4683868.75,687305.32416926,68737185.43415804,154313.0,958087.0,1069456.0,7292352.0,6823199.70728443,10399959.00911309,4854566.0,1418604.0,
2021-01-19,448465.0,55584.81507341,1858244.0,1992746.0,4815775.35337834,19980070.0,1715485.32911767,1862826.44069214,29474.0,,649885.0,2029577.76099163,1774574.0,356268.0,3959721.20238995,1120714.0,4270819.27081927,2502653.50818156,6646964.17548555,482811.25,2055338.63926215,52626703.16030236,31988.0,642253.0,579441.0,33926896.0,6349799.72759331,9885239.7964314,4420041.0,340772.0,
2021-01-20,1057107.0,475318.84318027,2218160.0,994145.0,60793392.71120113,9139877.0,1706873.47048284,1755855.58963358,884292.0,,185812.0,1393678.40649466,32795045.0,1930750.0,1397031.54409556,4627580.0,8351366.35136635,2642312.01466605,7913927.58554279,1401425.0,1231839.98357547,299614552.9353634,359746.0,4602696.0,968024.0,38243992.0,10617919.54449078,5506104.34347609,3754916.0,602397.0,
2021-01-21,534917.0,121846.41570364,1639931.0,1941675.0,28354409.3250771,13178716.0,2867795.26130072,1698213.88611468,13178.0,,154527.0,973757.25932024,7406035.0,4687473.0,4005364.56131453,1912892.0,18721008.72100872,2396084.42692654,3610073.50580985,628803.75,468469.32708708,183339154.84326,136880.0,1256652.0,1484572.0,16459006.0,5430619.76702617,4075796.48706933,10963564.0,1063647.0,
2021-01-24,193819.0,144431.15985731,1631257.0,1028709.0,41596828.33984861,10563615.0,694495.76037565,394113.89781064,30328.0,,206739.0,614438.80134809,2470573.0,834225.0,1899589.04149061,638674.0,7036306.03630604,1051456.40169696,4801489.78893931,124818.75,377866.66162844,141135288.40797427,6853.0,4945093.0,147013.0,14652968.0,9954419.57295496,2197140.05713267,2871416.0,1791033.0,
2021-01-25,56409.0,313273.96579866,2205834.0,890043.0,21305457.43779802,11151633.0,1165076.57683104,341979.81756072,2805000.0,,195328.0,940113.41743564,4506935.0,1082110.0,2710526.87985509,360606.0,21615198.61519862,1539195.5735802,4594072.64655483,2338518.75,699134.65734487,263054557.96411335,445.0,1989165.0,492847.0,35125579.0,4708539.79800343,5748159.3466198,3142941.0,1462737.0,
2021-01-26,54817.0,299019.49729487,1832254.0,1116703.0,32360487.42535748,23203660.0,1826060.44662361,500942.14797361,5906808.0,,379010.0,1273120.77926693,3079664.0,513322.0,399195.32701092,1126391.0,27490524.49052449,1534994.37037694,5422413.55598244,7130448.75,602634.65863154,191524831.3575633,57808.0,2295765.0,1697840.0,30620381.0,3726959.84011326,3856841.28762045,3161379.0,798542.0,
2021-01-27,808732.0,788893.98302904,2327466.0,991140.0,39364739.47230071,11115163.0,1948590.22723063,3020430.91461497,435568.0,,291857.0,1578731.5556806,9377932.0,1882364.0,2672475.31693825,1263299.0,15262170.26217026,1778896.35634326,4470656.25601849,2620011.25,349889.32866814,86101180.7401268,85142.0,1202728.0,539134.0,22323615.0,8701519.62670442,4600245.93488286,3618851.0,511485.0,
2021-01-31,544271.0,640342.36501357,2669749.0,649190.0,16513015.50388923,10557551.0,1711804.93449741,2271678.00653204,97178.0,,152111.0,1514387.85040445,1896234.0,950964.0,3489814.60002006,687054.0,12158103.15810316,674348.91416633,4167114.42165718,1819718.75,193090.66409212,84149971.34170397,53619.0,1652044.0,348031.0,15972453.0,7070919.69665723,7847184.23300778,2198792.0,1676725.0,
2021-02-01,929857.0,497029.85162811,5276817.0,939065.0,13975446.61254611,12275394.0,3575938.04849072,731241.24904716,2223724.0,,226657.0,1596295.48065649,7769673.0,5270131.0,5862153.86085209,3858976.0,13438915.43891544,1691252.48951803,4525360.98587168,211230.0,154758.66460322,132646018.9315301,292858.0,457906.0,601159.0,53094761.0,11202179.519426,3386121.82588122,1706600.0,2853964.0,
2021-02-02,54057.0,2069552.2362166,2700647.0,641119.0,11901780.94887119,31033168.0,2480585.97405797,4200286.50941447,3281936.0,,137250.0,7737811.62856829,11344631.0,927819.0,1853919.23031513,7489426.0,15348519.34851935,846814.24566482,3261569.72681616,778851.25,693823.99074901,92300309.41555724,181163.0,587299.0,756868.0,46865006.0,4615699.80198627,4465800.35778225,3786705.0,1108372.0,
2021-02-03,171939.0,1909297.85511095,3569303.0,674309.0,22783447.20121363,43252298.0,3226461.63199206,1165603.5769901,2835460.0,,180786.0,2774015.92205286,6184106.0,1551758.0,1388452.19738763,2286092.0,15001203.001203,2744339.69245842,3059133.05983674,205535.0,631997.3249067,92543277.6292353,206031.0,1955759.0,450877.0,17813315.0,3394879.8543595,32927265.14004977,4685662.0,672477.0,
2021-02-04,88322.0,1876986.18202005,1318327.0,426241.0,41804710.60076051,17392695.0,1910427.09452554,171793.72043234,1318630.0,,321259.0,1168686.0836745,2023761.0,10214829.0,8042030.95285842,3466624.0,8553374.55337455,2170913.25524178,5011459.58538476,177168.75,386029.32818628,88594228.17853259,37835.0,1713351.0,290965.0,8964663.0,2966019.87275762,6829274.73350663,1006683.0,493424.0,
2021-02-07,150240.0,3639685.08603385,2392861.0,512779.0,42854652.24722344,20249751.0,533858.00885342,144901.34399192,125830.0,,177955.0,1306497.6768189,1271391.0,833577.0,2615625.02104986,4200885.0,11735426.73542674,1164654.88800666,1479102.02912578,7108856.25,155963.99792048,502123281.6020275,1254.0,2520547.0,1941900.0,9581526.0,2984119.87198112,6091588.66420772,1350077.0,567582.0,
2021-02-08,272506.0,1902460.21129186,7304615.0,1080620.0,24003946.83660532,25579750.0,1712336.69415177,301256.4995403,1662060.0,,100683.0,2031354.01617179,1388622.0,1128746.0,5292561.95097292,5930133.0,19738483.73848374,7522608.93571356,3566294.55533553,6414086.25,271462.66304716,839023599.1424826,52507.0,1173955.0,596540.0,11057905.0,27628078.81475418,6874152.85382908,3494698.0,1142260.0,
2021-02-09,200345.0,779577.44510516,1612099.0,262629.0,14895796.33039897,12675378.0,1989990.25376541,28064.12530884,13806.0,,59563.0,934383.60282671,378654.0,675764.0,2255944.94817214,801572.0,7156975.15697516,963313.93449156,3583914.63498946,2092412.5,224969.33033374,370274807.4690086,8093.0,212838.0,691516.0,5173201.0,16945999.27301588,2533712.84956031,1911009.0,197144.0,
2021-02-10,110454.0,565287.14404097,1822827.0,2011908.0,20028661.59891573,24298291.0,3867549.74741358,500878.91927463,2337700.0,,89208.0,1628198.4912534,1590867.0,623262.0,11578291.29674697,1541605.0,9182787.18278718,5264525.2140075,6747211.84710199,5109786.25,595706.65872391,424425000.3745662,5483.0,199308.0,556768.0,16748670.0,7051479.69749121,2181966.55384299,2021894.0,4746658.0,
2021-02-11,72452.0,1239682.0343472,1391287.0,2918702.0,17938261.56610593,14759216.0,865133.24116589,1206406.26720712,2772806.0,,127915.0,3578500.11114879,2574769.0,865110.0,1477737.36158551,7711493.0,5497985.4979855,674559.5143269,9636251.58023911,977745.0,125223.99833035,0.0,11196.0,359778.0,480515.0,16004839.0,14034419.39792278,3155094.94695322,1060825.0,2746951.0,
2021-02-14,500427.0,694024.15724284,1377475.0,6183659.0,15296395.75295016,17529201.0,1722250.37102758,365782.05949972,71778.0,,264661.0,1273287.7776172,1248357.0,789927.0,4132101.70407556,1706621.0,20903093.9030939,3485124.85727995,3321042.59978963,1132163.75,205617.33059177,0.0,150675.0,341900.0,278045.0,11557207.0,2400979.89699786,5894283.30347715,2974963.0,460929.0,
2021-02-15,385147.0,1053609.42505532,1349573.0,420165.0,10368160.56883759,10795355.0,699394.12731629,44500.89646188,545866.0,,41745.0,1004077.58100663,1625836.0,819486.0,6940365.24229045,3263275.0,10421035.42103542,268400.00464516,3413565.80955156,1789637.5,163427.99782096,0.0,155408.0,338307.0,3111309.0,26347188.0,15796239.32234063,2709743.31730792,1710115.0,1716323.0,
2021-02-16,476030.0,622122.98978409,819243.0,580306.0,6763618.04175038,9025891.0,1036406.18577546,394111.2072277,519498.0,,49820.0,1338183.08350486,934043.0,1062744.0,3838644.8413211,652562.0,22801843.8018438,784881.59844345,23381913.36709449,785575.0,205617.33059177,0.0,25324.0,1350192.0,2082461.0,11708425.0,5241899.77512227,5716705.85682148,898143.0,777506.0,
2021-02-17,85997.0,305777.71059525,1420395.0,958270.0,7259623.66065307,23977155.0,2362685.37085702,444404.92874973,272860.0,,73355.0,984228.81496566,1024459.0,542791.0,754241.847273,1376064.0,5214989.21498922,727457.95466002,6378590.16745596,296495.0,233439.99688747,468214780.0,4255.0,1403905.0,574951.0,7272615.0,5219219.77609524,3106939.32894422,912651.0,588991.0,
2021-02-18,315318.0,538677.92027258,2286184.0,888897.0,7144128.10442663,9541052.0,1725760.86733504,2138695.94494443,12096318.0,,58215.0,1893761.29207737,465947.0,696889.0,920106.27782073,1024302.0,3175110.17511018,563139.42937317,1791424.15346097,1994091.25,242594.66343207,211602930.0,31786.0,319587.0,803927.0,15883632.0,4010979.82792879,1564748.18951108,1095879.0,573160.0,
2021-02-21,61400.0,709959.90505936,1039441.0,544959.0,5888631.04546831,10045592.0,371316.07234481,1772686.53118667,36362.0,,743133.0,755214.6152098,2224070.0,688515.0,1034503.44553782,1348461.0,8914994.91499492,1108507.44519629,9381858.83649957,287125.0,185133.33086489,110680835.0,50.0,786206.0,761719.0,3485497.0,4543839.80506907,3052800.31115864,591710.0,134844.0,
2021-02-22,22196.0,864240.44923691,1468340.0,1159315.0,10141387.54554903,12974376.0,1166190.84498645,1697234.51392615,2875302.0,,206858.0,668329.92806407,345819.0,2370280.0,1639673.63287487,1859602.0,7428616.42861643,1322299.00820452,8592731.73342354,3121481.25,300190.66266412,97537211.0,1707.0,158444.0,311155.0,9055595.0,3764859.83848735,4061315.19129105,208831.0,2222378.0,
2021-02-23,174125.0,841893.99663937,1632353.0,938314.0,13161155.18664443,17093688.0,5196867.24388129,1488314.78485816,211370.0,,58739.0,807237.13159737,1238607.0,703892.0,3002176.17213152,1993393.0,9740724.74072474,868182.061957,5937396.34619088,1390956.25,235419.99686107,75160990.0,11461.0,3108466.0,363940.0,4220463.0,6762019.70990905,1020146.06392246,717786.0,573895.0,
2021-02-24,119539.0,472462.6541116,860251.0,605450.0,5869071.99058132,6745008.0,3170273.83282838,2010470.83398681,109890.0,,213756.0,646226.68429444,806460.0,3096687.0,6858394.12546589,2496981.0,7936198.93619894,1145520.87341768,1946363.72166063,1237425.0,182426.66423431,66529711.0,19623.0,3140635.0,499121.0,3962047.0,14344379.38462548,3844523.1403153,1758527.0,644634.0,
2021-02-25,483104.0,566121.16448744,1447321.0,852077.0,6801337.33683677,7987409.0,3579945.00090703,3657021.49186528,803920.0,,475243.0,896884.88235668,1162859.0,3205075.0,2055282.58156803,2628884.0,5814200.81420082,1684430.4843165,11605459.68908796,835325.0,177007.99763989,124763759.0,23058.0,5325222.0,249268.0,16599352.0,11306759.51493951,3953336.06350891,1219869.0,601854.0,
2021-02-28,274103.0,1371106.44676548,2565023.0,456489.0,11162546.6182275,9820994.0,537551.64230326,348277.12692128,313856.0,,245074.0,635308.53457594,883147.0,1474734.0,835728.00616444,10374110.0,9527361.52736153,1615639.83186615,26641495.10372788,1280946.25,93809.33208254,255617325.0,10138.0,2344480.0,2822569.0,2897891.0,6688999.71304161,3095318.63314677,1668792.0,221377.0,
2021-03-01,118845.0,528431.38335878,1050039.0,352598.0,5311816.14557105,4486905.0,1850934.00091272,2424532.71368132,399220.0,,105254.0,565718.29779543,3189603.0,669476.0,2048585.75338234,11338478.0,30778035.77803578,1631298.04380496,11189296.57754777,1294627.5,85614.66552514,72112368.0,92729.0,857202.0,1715194.0,756904.0,3305799.85818104,3141707.02440318,2138942.0,668161.0,
2021-03-02,250900.0,1047400.60617603,2194331.0,520461.0,6878226.14881332,8605350.0,1637969.77551785,1369762.3195537,226250.0,,113323.0,1299072.57592691,2429556.0,2074231.0,1821797.38030793,6174494.0,17462264.46226446,689733.52589653,9173556.19848791,1993191.25,199109.33067854,76821797.0,71914.0,4406522.0,886794.0,7588723.0,4068199.82547405,4593381.54372814,2466661.0,1454141.0,
2021-03-03,65306.0,373740.44816788,1625795.0,742396.0,7106782.18734196,10408624.0,3330613.7106853,3785998.62075338,4660.0,,27775.0,944595.80497361,2620401.0,1870681.0,2742454.74668904,3711658.0,12060474.06047406,3758845.66598203,4762197.81630708,372772.5,116450.66511399,117012869.0,78033.0,610652.0,872453.0,7100816.0,2910959.87511969,2079380.87625384,2095479.0,12699352.0,
2021-03-04,152914.0,185026.77412884,946066.0,476626.0,8035319.16485563,7162075.0,1938228.63662106,3039777.55121276,7440.0,,38572.0,738857.63285633,2895160.0,757757.0,2169375.5483998,3762390.0,5417612.41761242,955620.72862578,2397792.6590486,386028.75,126730.66497692,46449535.0,400.0,96963.0,2110866.0,9995167.0,4354459.81319348,2469581.39682796,781923.0,127254.0,
2021-03-07,462387.0,271096.36036278,6432406.0,154742.0,4861368.05415309,10092529.0,1035898.69730864,1311060.5263582,360424.0,,103857.0,1185327.72230684,1222426.0,915449.0,1501271.0474678,2839299.0,3536382.53638254,1098080.03724578,1184787.31586511,445470.0,71671.99904437,97647402.0,54036.0,151793.0,1615219.0,1102290.0,1972959.91535993,2026437.48962432,912307.0,49791.0,
2021-03-08,152005.0,123607.12553508,5903483.0,365229.0,6938345.41836497,6639111.0,2230548.61292588,2918687.86620011,2783268.0,,61992.0,4433993.4402795,2307908.0,3504521.0,2377673.79809647,2286666.0,3442842.44284244,1602701.42200108,2130768.47768653,387080.0,168906.66441458,46992297.0,160415.0,287929.0,891577.0,2753172.0,1761359.92443758,10029814.15238253,1412126.0,694489.0,
2021-03-09,470541.0,332750.99090774,1203878.0,395293.0,4272640.23149094,9892649.0,2788973.47651673,2192175.31666211,903930.0,,41066.0,1427119.8261365,1635735.0,732840.0,2753820.39715823,477537.0,6559743.55974356,1113290.04884285,1714314.8675809,607392.5,199858.66400188,46924244.0,26718.0,748403.0,1476895.0,4897009.0,4803319.79393737,3084497.64678484,2851355.0,559057.0,
2021-03-10,1468825.0,709344.31853935,1179676.0,208128.0,10746443.89169202,8747051.0,1382647.91491602,1170723.75631638,2024456.0,,107449.0,666161.47978858,802950.0,658220.0,1914023.15306397,433237.0,2321672.32167232,4218137.61617531,3421536.4368571,1424110.0,4746745.2700434,170052087.0,499.0,66964.0,803910.0,1415980.0,1928659.9172604,2128506.63357807,1809206.0,382670.0,
2021-03-11,163694.0,3874286.43265359,814430.0,693516.0,5564555.17380503,11185767.0,3351005.9211652,696712.99823576,42598.0,,43181.0,843913.51170621,991002.0,382547.0,12634660.18834314,1898832.0,3510030.51003051,1016622.7751376,2385746.88520057,229550.0,323231.99569024,196494114.0,489.0,493039.0,1151531.0,1720559.0,1868039.919861,4709918.87346942,1487042.0,48242.0,
2021-03-14,212938.0,183295.85074192,1448134.0,403673.0,3347052.39906328,4366159.0,213875.49816356,18465.47068641,94646.0,,43472.0,445748.96021071,244131.0,338077.0,1982437.50328762,834242.0,3081480.08148008,626256.47749761,2202057.29230967,306821.25,314329.32914228,121747003.0,163.0,2558199.0,387646.0,5074449.0,1395119.94014929,1655749.87927687,1808217.0,4364230.0,
2021-03-15,110938.0,632998.35163769,1501989.0,626889.0,3618316.9285853,8356869.0,3785263.80222563,686837.21357097,10194.0,,103457.0,724806.99893122,1806816.0,623249.0,1468835.13506597,5694322.0,5641169.64116964,1653711.66089452,5951971.44088177,505352.5,262181.32983758,73257540.0,1511.0,4164048.0,585921.0,2776317.0,3332539.85703389,4009528.10584535,2662346.0,1664703.0,
2021-03-16,114022.0,94191.3567722,805689.0,444403.0,4875818.86507458,5561442.0,4542981.59320945,1886207.60640172,54040.0,,33793.0,638873.69632643,1224915.0,536852.0,1580675.05974578,2247439.0,3247371.24737125,1999054.5242058,2398440.15585108,718690.0,87587.99883216,62378690.0,31848.0,1207190.0,558929.0,1562207.0,2551519.89053968,6076564.61481255,773369.0,372321.0,
2021-03-17,19788.0,321114.41991648,900110.0,154665.0,2879285.52076863,3048274.0,3860725.13077061,1926235.40873332,616050.0,,37479.0,288998.23597871,572067.0,258373.0,1621529.4030256,776983.0,4870291.87029187,1313741.80167997,3614274.65173012,1123980.0,89087.99881216,49365435.0,2397.0,666328.0,608867.0,1028844.0,322639.98615873,3907204.62807112,1585391.0,2087325.0,
2021-03-18,26066.0,295762.84602769,650823.0,50400.0,6541577.17878791,3546658.0,3124650.61966099,3666920.14648502,16814.0,,19868.0,384857.81931252,953367.0,706934.0,5598058.91267662,1030481.0,3742833.74283374,1113515.04901441,4083740.16671523,465140.0,29398.66627468,95819674.0,21192.0,188527.0,613145.0,1819409.0,10165279.56390905,6037557.14834626,756478.0,1775510.0,
2021-03-21,159455.0,124020.82615337,788741.0,292698.0,4866065.04118917,5221593.0,224356.23823925,155046.18695026,211466.0,,119729.0,464991.72466243,1374327.0,423387.0,1899697.74892415,1837592.0,5766947.76694777,406524.90996034,2870863.15623133,129977.5,80521.33225972,68243460.0,1274.0,304735.0,514521.0,3263681.0,4332059.81415444,1802442.8097326,455416.0,1848544.0,
2021-03-22,107866.0,427965.01560835,1909991.0,702205.0,6975025.74857702,9284496.0,3212710.90101275,2286347.06469644,2126894.0,,107951.0,857704.79213279,2533370.0,808044.0,4159839.6175986,2705928.0,11656733.65673366,2841152.76627484,8070214.64708816,513226.25,180537.33092617,52173465.0,103961.0,470466.0,517546.0,3175245.0,2509059.89236122,5156775.53005239,1341618.0,829226.0,
2021-03-23,76605.0,2573681.19045457,2211514.0,2925222.0,7342665.09274485,12240773.0,2531835.68979231,6192870.34804601,596754.0,,90687.0,705108.7844333,1146071.0,1328684.0,4282653.54060367,1224826.0,10007083.00708301,2889099.40283239,9247053.50220493,1207843.75,300285.32932953,95246629.0,67006.0,324845.0,923487.0,4669139.0,3960874.0,11172619.91172476,1909151.0,1797482.0,
2021-03-24,407934.0,475778.87826781,1327563.0,1011632.0,4457540.80583345,6078886.0,2713620.26507989,5423568.11279311,229838.0,,47235.0,522613.74634016,2562220.0,1902085.0,906401.39565565,495064.0,4861261.86126186,1146206.67394057,6858226.63221416,1652927.5,57642.6658981,47294458.0,4577.0,156574.0,1048609.0,3803743.0,2809754.0,4714302.85437495,442544.0,389546.0,
2021-03-25,228723.0,174770.3084002,2375779.0,222267.0,2361272.24486624,6219755.0,2847177.99071813,3087769.47903346,443770.0,,77832.0,338975.02257546,4137849.0,739845.0,3163295.40074808,592577.0,8480876.48087648,3171798.61838018,3150434.77563074,634778.75,254235.99661019,34881784.0,3069.0,1089072.0,749200.0,3965061.0,2563446.0,3117977.94115253,1687866.0,909048.0,
2021-03-28,56909.0,134138.28847426,1423195.0,54583.0,1784876.71881149,4300606.0,1431541.11898702,40186.54672478,4430.0,,38834.0,337420.16672331,5685439.0,340920.0,371119.10841246,456726.0,4658710.65871066,1175031.89591875,2493948.85086987,574493.75,58966.66588044,50309332.0,1752.0,162624.0,885783.0,1116275.0,3704854.0,948208.92269982,740587.0,27281.0,
2021-03-29,17995.0,152327.87725922,2451599.0,207979.0,3642710.95803074,5850893.0,3904790.57499201,8969870.77157066,8226.0,,59920.0,318778.34330476,3588912.0,726856.0,845805.54082545,702804.0,3868770.86877087,3574849.52569172,2030209.30760836,601223.75,265771.99645637,62152549.0,466.0,233215.0,2092851.0,1636653.0,1814866.0,6776777.08656247,334834.0,376249.0,
2021-03-30,9050.0,46794.50433599,2055226.0,45910.0,5539170.88096374,5922279.0,2291809.0902862,12865486.43169967,52634.0,,35270.0,574640.05814478,4114738.0,1106284.0,1545453.78356746,226200.0,5734730.73473073,1131781.46294188,1452925.65839181,894017.5,55895.99925472,87897760.0,107931.0,817577.0,827132.0,1616747.0,3619480.0,3501382.24252381,963420.0,233295.0,
2021-03-31,4272.0,411241.58181461,1158289.0,200917.0,4056751.98864371,3194650.0,12107948.8892416,6292785.14535619,7898.0,,41326.0,407377.29381881,3104998.0,903007.0,988797.46075118,997600.0,8632094.63209463,2787827.72561645,2543463.10635503,756422.5,176727.99764363,57009575.0,3848.0,234596.0,1126385.0,4719282.0,6955412.0,2696027.64498923,1599733.0,712130.0,
2021-04-01,10741.0,192761.32088839,907694.0,257330.0,2087321.01711449,4518420.0,6720085.05116409,4037553.32701746,221212.0,,36964.0,254686.40069303,2220359.0,512552.0,918268.98607756,981942.0,18533526.53352653,804431.41334946,1629443.78669735,1592981.25,107065.3319058,28951210.0,8132.0,479912.0,4448464.0,2048015.0,9075240.0,5236869.70751733,1359011.0,182169.0,
2021-04-04,43755.0,73344.15521535,967891.0,107761.0,3677007.62143474,2545439.0,709493.14780607,189270.40188995,13722.0,,66398.0,582343.48962055,1370422.0,214461.0,236279.49792223,1115845.0,10166056.16605617,398048.70349755,1725470.47915813,359382.5,38383.99948821,28480549.0,1118.0,129501.0,1529061.0,1314500.0,10362958.0,2928116.43316766,674210.0,652899.0,
2021-04-05,420444.0,278400.65847931,1961311.0,253004.0,3606855.84731524,5969929.0,2923043.10356498,914192.81691307,301180.0,,151695.0,334741.86742388,1825683.0,869255.0,1667140.4057737,1350654.0,6881418.88141888,910527.09424353,1966124.62407593,305555.0,133978.66488028,46528598.0,23.0,400109.0,1081412.0,2722362.0,13847656.0,2637347.32640916,1186542.0,360187.0,
2021-04-06,66277.0,691373.16368084,806017.0,510450.0,4958062.13404675,5069695.0,4636992.72845261,798102.2349946,216658.0,,92227.0,580491.32609936,1950897.0,581607.0,852002.25832638,851348.0,4323145.32314532,2893684.00632798,2370215.12856727,80602.5,148763.99801648,35193237.0,61207.0,25103.0,2012502.0,3311206.0,11612308.0,2566427.52046842,3499514.0,1930375.0,
2021-04-07,23378.0,365466.43580209,1784467.0,796363.0,1193364.79496263,3399494.0,3029639.95278535,3435632.25618267,26230.0,,29830.0,353820.16380337,302311.0,902381.0,761481.37893679,1813808.0,2228108.22810823,1290359.78385203,2275108.93156083,506546.25,1402150.64797132,22507766.0,29442.0,126567.0,2030817.0,3542441.0,4532716.0,1745660.81781258,2559885.0,1696180.0,
2021-04-08,20377.0,184947.34361013,848507.0,3957625.0,1843605.29058864,2248257.0,1511772.83912014,1932399.53423857,8946.0,,16020.0,239441.47553568,914339.0,1216931.0,1130579.59445377,723662.0,5394947.3949474,1399045.66672104,1815992.86546733,447326.25,334885.3288682,38482117.0,15713.0,461415.0,1968261.0,1360944.0,5596068.0,4702435.69075147,674729.0,432863.0,
2021-04-11,34648.0,271559.70505527,1177655.0,9394703.0,2092962.27170563,5777239.0,567537.59127771,27988.78898665,93100.0,,22369.0,357742.09475671,2614975.0,177439.0,4536904.55034639,1431687.0,3760782.76078276,865258.85972816,3157507.07403914,90830.0,92890.66542812,60321664.0,228.0,121700.0,989963.0,2157589.0,5139464.0,2084289.25678923,349517.0,246250.0,
2021-04-12,4740.0,462130.06746919,4740043.0,2380857.0,13183087.0857887,6779479.0,7217112.63615573,4361042.11335388,6023384.0,,98879.0,796196.2633942,3536334.0,1221600.0,9295547.10568854,972231.0,3887601.88760189,657859.10159345,2521567.21448289,210135.0,90569.33212574,61216157.0,451.0,89087.0,2199595.0,4384820.0,3572028.0,7069177.07616981,822547.0,150825.0,
2021-04-13,25564.0,28793.56303296,13619644.0,701046.0,9625254.68784369,3306082.0,12667368.87152174,1742870.83638681,1008458.0,,76060.0,343339.75218482,481366.0,331621.0,5745453.49212465,2105864.0,6694077.69407769,657121.10103075,7091748.97901739,237162.5,14266.66647644,60683839.0,10458.0,5500.0,544899.0,1575815.0,5074268.0,7557642.22138312,1171315.0,522202.0,
2021-04-14,94847.0,193241.2136056,12259075.0,458131.0,4546375.00822721,6054879.0,2554725.62611762,1628066.35311151,9350930.0,,202210.0,325235.61284858,3071606.0,1739766.0,6528628.5376537,2174856.0,4191790.19179019,3078301.14709178,6262576.24036425,1324960.0,29795.99960272,59665701.0,1120.0,186050.0,852835.0,3968374.0,3919776.0,2776994.94783786,1351622.0,2940052.0,
2021-04-15,95419.0,134965.68971084,1114148.0,150445.0,1775344.75721696,2878825.0,4384003.10832657,555760.0847017,346880.0,,82761.0,313097.8691175,3561154.0,305287.0,6647259.76226796,2595266.0,1891222.89122289,811478.41872255,1124250.44814594,713743.75,73979.9990136,49674412.0,555.0,240394.0,744458.0,2783666.0,1669424.0,1895534.23202334,3873830.0,514877.0,
2021-04-18,5180.0,26437.12431119,2618768.0,70915.0,1222095.96163091,881494.0,1822786.04277681,49150.22377444,2958.0,,17156.0,324461.34777005,565119.0,1285816.0,1748150.95190888,2906622.0,1679215.67921568,1811341.38108141,423381.24256177,2059697.5,29733.33293689,17471829.0,350.0,5608.0,485818.0,1710018.0,1545094.0,6785054.73471963,405623.0,328143.0,
2021-04-19,25248.0,71388.17869207,3116678.0,45530.0,3217598.45797559,3412497.0,2471546.05993374,714566.36130434,140754.0,,6889.0,395493.84303018,4891125.0,1292572.0,1699881.84007071,4034596.0,3169269.16926917,1033818.18824847,3123721.74088029,1193031.25,47871.99936171,20801772.0,5087.0,41050.0,1088687.0,2174036.0,2613988.0,12213592.50694666,770988.0,603588.0,
2021-04-20,254568.0,136594.01534443,4474785.0,166300.0,3617364.54411716,5292264.0,4785892.05109007,2839050.6471834,311512.0,,72900.0,521453.61386138,4050891.0,1752889.0,4855916.98535076,2695221.0,6986343.98634399,1565569.19368912,2566895.49063955,1033566.25,44539.99940613,44691456.0,52885.0,29000.0,1355986.0,5944330.0,1473778.0,8065541.61687863,4399267.0,1245079.0,
2021-04-21,18005.0,357510.14551114,2165271.0,347516.0,3339176.28773723,4461352.0,1994886.41423446,302647.53091796,20460.0,,69373.0,324844.68489227,2353405.0,1132054.0,3352272.26811512,1727804.0,2490257.49025749,577973.24068341,1015515.31844287,897195.0,41101.33278532,36637752.0,8720.0,353340.0,2083680.0,5774887.0,4139992.0,2465336.38182434,775998.0,58378.0,
2021-04-22,17749.0,1937446.04517938,874799.0,277190.0,2393599.2040293,2314636.0,632646.1550995,831404.92527888,805190.0,,50921.0,436378.07551025,604233.0,683837.0,1695690.38906571,736464.0,1184212.18421218,1129410.86113438,1454157.65230789,1793455.0,123687.99835083,26055797.0,68457.0,1089097.0,2537981.0,1933661.0,1152608.0,11034000.11357055,2188637.0,1251756.0,
2021-04-25,29080.0,248021.79467706,899804.0,59215.0,4009084.06375797,9016096.0,232262.02596371,136205.37994434,44236.0,,171426.0,560443.93323269,1147038.0,1942899.0,1190416.41985274,512431.0,1982275.98227598,129108.69844065,1334760.40859058,521021.25,53034.66595954,17049019.0,7123.0,282638.0,5988476.0,2610558.0,1490424.0,1210217.33175927,1181517.0,16550.0,
2021-04-26,16295.0,251314.85159864,1019330.0,307017.0,8596176.21363607,10719068.0,2282488.95426942,213414.34786175,67906.0,,211122.0,1917575.00379826,531224.0,385713.0,1604121.31620624,1078438.0,2857052.85705286,225304.37178632,590464.58412551,738313.75,275879.9963216,19499162.0,55080.0,118156.0,1584912.0,1682992.0,5284018.0,1109763.33866545,291117.0,715275.0,
2021-04-27,74395.0,90898.29985062,782701.0,331411.0,5377268.22701678,21393120.0,5358561.89529747,360036.31964093,6133326.0,,319202.0,2150140.44877543,854417.0,290446.0,1878305.7579515,2236108.0,2820848.82084882,258852.79736577,876520.50483701,2174987.5,84559.99887253,47883784.0,16755.0,1009018.0,686881.0,2368407.0,4361006.0,2439488.72406909,1427913.0,323516.0,
2021-04-28,51507.0,180502.54416723,508025.0,65244.0,2846366.02695067,7437720.0,4025793.47725537,374296.40919914,369950.0,,31769.0,494526.39501914,517134.0,365374.0,1513959.86153355,1365836.0,2299736.2997363,203913.15547631,453885.92525469,531092.5,103165.3319578,19873783.0,484.0,1600811.0,1622063.0,2057817.0,2556520.0,1320409.42597938,641450.0,166457.0,
2021-05-04,48732.0,220042.39446088,939811.0,14519.0,4217044.78816297,5084205.0,1677889.25961247,813680.7101912,3658422.0,,27325.0,430134.61446033,898164.0,184484.0,1959892.19474616,864585.0,1287358.28735829,405560.10922472,747207.81008489,802921.25,124958.66500055,12737220.0,70134.0,3294359.0,2150202.0,2557272.0,1934586.0,1092738.70468242,1388954.0,1145911.0,
2021-05-05,70676.0,153108.94402655,743204.0,46182.0,8258417.93215629,3405832.0,803837.46026006,2655252.89098428,54664.0,,30600.0,322883.7194156,188326.0,306116.0,961865.03856436,2565126.0,2472143.47214347,1217601.92837684,1858335.65636713,10883248.75,38319.99948907,47077379.0,21692.0,2359076.0,956446.0,4832713.0,3065106.0,2907171.9119515,1341463.0,83907.0,
2021-05-06,12369.0,191626.1263918,1994224.0,53540.0,3635089.17664789,2921664.0,1167878.79575654,243784.30274633,4125398.0,,72527.0,392897.77776687,1156202.0,277108.0,2726757.78000976,1107776.0,1680418.68041868,885080.47484142,1241457.86934386,4924906.25,370677.32839097,26595249.0,102.0,260036.0,3474774.0,1496943.0,1376880.0,4492581.44687862,3803713.0,372334.0,
2021-05-09,36459.0,59341.21668748,763524.0,70108.0,805503.51467288,3093946.0,901868.78674909,71857.39845868,156476.0,,642789.0,585386.14895694,613145.0,134399.0,3842902.94419601,2114185.0,1067662.06766207,322706.04605153,2803659.98809882,750701.25,135162.6648645,14609320.0,3.0,167072.0,1715255.0,2273731.0,1551936.0,14620030.94434454,800101.0,101497.0,
2021-05-10,1709.0,206926.43005863,1043349.0,291450.0,1000991.24931042,2351409.0,1743637.70019678,543219.27763929,17582996.0,,808642.0,982958.61539239,1158682.0,114005.0,6908115.3128731,2960753.0,1180033.18003318,520769.19706742,2213383.23637908,2608221.25,253419.99662107,8796095.0,3689.0,709691.0,2212290.0,1958680.0,1136532.0,7483623.21362998,499002.0,100533.0,
2021-05-11,19453.0,278840.83593717,5071270.0,2161056.0,2270820.07113171,5289465.0,1955330.997953,199995.06547089,1043656.0,,1476560.0,895980.30795938,4185585.0,1105176.0,4947598.74155589,2301480.0,1287481.28748129,1155987.88139838,1760410.8066133,7659747.5,591398.65878135,17604166.0,92389.0,28833.0,1099934.0,1627126.0,2074532.0,3801307.36681947,762321.0,542369.0,
2021-05-17,21670.0,396924.23081684,2033588.0,3468414.0,3990645.14287613,3899256.0,5477532.63722195,592621.07091819,1151324.0,,712041.0,806591.91069859,2653743.0,525028.0,16457007.3184805,1618991.0,8249549.24954925,1086493.42841141,6480866.66238685,4106100.0,378922.66161436,22888747.0,21478.0,954061.0,2415589.0,2775365.0,2659778.0,4162031.38419979,3020609.0,1908979.0,
2021-05-18,310409.0,266280.88516589,4933624.0,1659226.0,6791299.42099353,17558575.0,3949584.15483972,2183893.70238661,1020882.0,,1266231.0,1206199.98581273,3031928.0,1511504.0,10237254.24430435,9937870.0,6658557.65855766,1866257.62295303,3972283.21711992,3553575.0,150285.33132953,19983200.0,39345.0,532067.0,2676972.0,4657394.0,7399858.0,5097376.78397942,3091783.0,2976866.0,
2021-05-19,26638.0,254856.1288912,3643612.0,1077511.0,7230911.43344865,21490092.0,5929084.84264306,1199363.66637342,3370896.0,,836365.0,901454.56448684,1695380.0,855026.0,10797172.24709118,2658983.0,5516237.51623752,4028903.47189121,4004634.72402605,6966125.0,431257.32758324,17091264.0,36896.0,548855.0,3908514.0,4656468.0,11293564.0,7317564.20484394,4101709.0,333203.0,
2021-05-20,6414.0,763482.83625121,2852083.0,394250.0,7088567.83438868,6629524.0,6963833.96825076,229199.9979444,54384.0,,328261.0,461002.74134118,6596743.0,341443.0,8184256.04975462,1784404.0,2174309.17430917,5577253.85245162,1381467.67793739,1408821.25,131157.33158457,30137453.0,52852.0,570444.0,1143912.0,4245966.0,3831126.0,7438427.83153147,2584003.0,355230.0,
2021-05-23,51601.0,362017.82744803,1300915.0,2489929.0,1823426.64466982,5356027.0,879137.71637861,17335.42585349,192632.0,,463354.0,367336.90906321,10254479.0,241526.0,3540883.86880446,355632.0,14919509.91950992,679684.11823423,1702484.92600037,312242.5,493021.32675972,12228374.0,73333.0,102541.0,660589.0,3161424.0,7678688.0,1993224.63906785,1080137.0,153442.0,
2021-05-24,20398.0,284685.59827236,2056739.0,1042428.0,9489926.80732321,5729052.0,3301236.74787103,863562.7725241,204994.0,,415648.0,679207.59333402,1391107.0,792527.0,7016319.03372731,995756.0,10974028.97402897,993777.15771865,2726875.03395045,394768.75,392262.6614365,25481317.0,54789.0,96578.0,1039316.0,2072770.0,13228906.0,7465544.53639094,988934.0,348301.0,
2021-05-25,27118.0,151139.72908349,1565141.0,794139.0,26029119.35589796,6018125.0,1630262.57023693,1014462.77117074,72942.0,,265591.0,568297.91625152,1384149.0,861124.0,6414189.11074861,856060.0,7745338.74533875,1111851.84774628,4103505.73577414,2834697.5,210446.66386071,20508739.0,52651.0,112602.0,625063.0,3576001.0,9323408.0,3015004.20783729,2536734.0,1144743.0,
2021-05-26,140597.0,484459.972042,548299.0,1025265.0,47172557.7973282,2950902.0,9822843.05966066,1133437.65799607,65058.0,,181998.0,1173246.90983153,614999.0,481117.0,5327561.44132172,1380480.0,3027798.02779803,795966.0068949,3001563.01079995,500415.0,188381.33082158,32521989.0,148350.0,463340.0,198383.0,1209978.0,7470486.0,1066938.24289386,2496375.0,867142.0,
2021-05-27,258528.0,382606.87981907,1349178.0,602019.0,63400125.81890559,4535880.0,53071685.38262311,5742177.52697599,2545772.0,,358416.0,628556.4876411,5308872.0,1112834.0,69035126.60019827,1660515.0,2005688.00568801,2448777.66710321,7231560.45525701,1145447.5,284914.6628678,100416339.0,6291.0,953325.0,541081.0,4214620.0,6442424.0,1329305.86569976,3842552.0,569378.0,
2021-05-30,157835.0,1659982.00489988,1055834.0,376281.0,55913501.8613977,15284115.0,4404746.14779006,397070.84845676,147720.0,,118486.0,487408.72290833,2827613.0,160316.0,2141702.15480067,777750.0,2474720.47472048,3140075.39419238,1921018.01349129,856162.5,218033.33042622,44982556.0,2076.0,494336.0,852165.0,7826611.0,5777130.0,3020248.20413578,457466.0,194697.0,
2021-05-31,150290.0,3893316.66109491,1012571.0,1362005.0,216952399.91413996,9918875.0,3524083.75953938,432784.30105126,387098.0,,184455.0,709872.03283309,3815576.0,485232.0,4338452.8948588,413420.0,2253284.25328425,1004721.16606306,3543607.66736954,1026067.5,503981.32661358,58094859.0,95069.0,1217261.0,591936.0,9469838.0,3607672.0,3372094.13578276,502803.0,293953.0,
2021-06-01,31463.0,2117852.61080316,1020037.0,751459.0,146204587.3389301,7658717.0,4286810.24104359,232954.7064309,438544.0,,519793.0,830824.38343418,2459244.0,461532.0,1494341.87578072,1778584.0,3858474.85847486,533311.60663055,11160180.22133224,4366188.75,296707.99604389,25927173.0,44179.0,765785.0,677627.0,3903960.0,7874022.0,1655689.57331944,566564.0,484292.0,
2021-06-02,299662.0,362716.1540917,1794424.0,1733130.0,104402184.64712223,6574673.0,6981059.89199201,2036281.59608716,605996.0,,292464.0,1327076.42807279,1279475.0,1395025.0,2573353.25940169,1299221.0,4562245.56224556,1037932.99138586,12879830.22923344,7005950.0,202037.3306395,18109487.0,91471.0,82078.0,598531.0,3972948.0,3501576.0,5273205.35786954,2110860.0,184959.0,
2021-06-03,78709.0,1656735.28244755,1571367.0,826829.0,40629489.8121711,4713559.0,4361038.15196703,1557053.79769459,613968.0,,98529.0,549205.70334284,1666238.0,1563783.0,4725366.86396435,4717609.0,5703098.7030987,1688727.0875925,3128998.54815532,3136631.25,301877.3293083,14069585.0,8995.0,950031.0,533119.0,3031137.0,2536008.0,2504401.53224991,1431943.0,439445.0,
2021-06-06,542481.0,732097.85254528,1479044.0,2292545.0,90148192.63402069,2919601.0,1197266.79092878,53160.53763981,183698.0,,80429.0,799937.27946808,855723.0,485630.0,891258.7625338,1623624.0,2567234.56723457,2628588.80420261,5207773.61593276,1604963.75,365233.32846356,18127759.0,8137.0,148452.0,2275753.0,2644262.0,2979722.0,3511508.39937619,489655.0,379471.0,
2021-06-07,102864.0,8001678.21318177,1715089.0,2460776.0,165384043.96314603,13283760.0,5384593.8471739,710596.40618299,162768.0,,179239.0,549206.96848186,3696584.0,3434330.0,5527626.10337335,319036.0,6068001.06800107,1232061.33940161,2822074.56382931,1086388.75,328689.32895081,35689678.0,6392.0,332169.0,4862581.0,5403694.0,3985654.0,2584561.25966859,3697971.0,2003564.0,
2021-06-08,93262.0,5261785.35271818,1369006.0,859074.0,110554915.69349995,6136346.0,6562061.96848179,1539887.87856603,778322.0,,176156.0,2511373.06208061,1712692.0,12069910.0,3999547.57280883,539781.0,3637125.63712564,1084236.22669038,1967384.61785374,336443.75,161419.99784773,22297881.0,33857.0,243880.0,2955206.0,5719229.0,5579052.0,21644489.842079,4670960.0,154317.0,
2021-06-09,49627.0,1690337.70146751,5199981.0,576509.0,79723543.76141623,8978056.0,5800955.03712823,835670.84452313,714718.0,,157463.0,3893918.24522384,1688711.0,2348899.0,1677042.21899275,998502.0,3100638.1006381,443064.93782077,4542864.39943507,2704552.5,157889.33122814,29284860.0,52543.0,112149.0,211963.0,999842.0,2051778.0,5225487.61355146,514059.0,36060.0,
2021-06-10,76034.0,1183991.31191551,1259157.0,352398.0,116965090.87206078,18573929.0,4980765.4158785,877703.13114168,221152.0,,88902.0,4638766.31132665,903906.0,1171556.0,1596318.45633619,1925658.0,2278124.27812428,1050122.60067999,8863112.39821038,884166.25,146981.33137358,29090958.0,1548.0,164210.0,206406.0,1631205.0,3684210.0,2270734.30118563,975111.0,218828.0,
2021-06-13,120348.0,1200248.09141183,1104626.0,273400.0,139175938.5569038,9020216.0,1556014.80106913,97723.31750921,620456.0,,108921.0,1664599.0710565,5630234.0,901915.0,861735.72597055,529199.0,2125655.12565513,984215.55042828,3705008.20366319,606648.75,195093.33073209,40005474.0,3820.0,162094.0,399954.0,1527320.0,2589204.0,2087663.7684073,1111772.0,66700.0,
2021-06-14,46146.0,338225.07748895,433729.0,278544.0,57198806.93082635,8872905.0,5712287.97608788,635570.84631775,229734.0,,213483.0,1391512.4884972,3347031.0,591746.0,2124589.06440386,190157.0,1457422.45742246,415919.11712308,2265220.31372685,18165721.25,63073.33249236,11416482.0,17536.0,107125.0,137377.0,458995.0,912468.0,9480649.75001423,1227538.0,195782.0,
2021-06-15,86482.0,1809837.60726421,880376.0,311064.0,63083371.40284119,11363442.0,2197188.96888285,709045.28512067,54604.0,,81305.0,1807463.62943562,2923104.0,2128425.0,1838940.47768853,417992.0,1571782.57178257,1379197.0515872,3465416.88683019,2819633.75,106371.99858171,12723884.0,26244.0,194602.0,339726.0,2640403.0,1657054.0,1779906.73563985,1326197.0,492109.0,
2021-06-16,403924.0,52113.03948472,2043452.0,123413.0,22208223.21628021,5285188.0,2071027.33603066,897193.71392651,3261272.0,,1021787.0,543755.48445671,3250292.0,996189.0,1365760.94204144,1267437.0,2655467.65546766,2276242.13555119,2685719.90385233,605088.75,115897.33178804,22374471.0,28347.0,146176.0,800345.0,1499055.0,2050956.0,2779837.19383164,2694983.0,957423.0,
2021-06-17,322482.0,340253.86532104,4214841.0,625968.0,123428099.03786445,6009851.0,8727360.80340381,2184033.61269925,567248.0,,421666.0,497343.85961046,5384331.0,719172.0,2872954.26103143,1697155.0,5033180.03318003,2456136.07271372,2561806.51577029,2782527.5,272098.66303868,8632717.0,21482.0,277939.0,692290.0,4937815.0,2225020.0,7499051.05074013,1730497.0,1045636.0,
2021-06-20,75755.0,361465.12342199,3048209.0,194010.0,161300920.1239029,6440326.0,371971.39440849,69836.77067411,132800.0,,352800.0,1027297.94252845,2060975.0,264975.0,947698.34056639,580100.0,1324888.32488832,603110.25984947,1036517.54806149,2162900.0,307062.6625725,49158674.0,5305.0,151211.0,199545.0,2323695.0,1304694.0,933271.39924358,1097681.0,95980.0,
2021-06-21,516066.0,411201.86655525,4496082.0,288210.0,88827573.58141525,6363859.0,5758992.36033676,838610.30638018,867088.0,,221897.0,899188.70050702,2158517.0,1583349.0,1617022.63565047,4791359.0,2312492.31249231,3061033.73392601,2080593.89212893,1153446.25,170971.99772037,78788476.0,29658.0,428300.0,234049.0,3958779.0,1288266.0,7692701.34605065,1953030.0,1905157.0,
2021-06-22,661969.0,729734.79461361,8978573.0,467622.0,89457400.0406431,5018910.0,4270085.18635438,1073319.27288503,42810.0,,262940.0,957636.85796298,10457395.0,2371196.0,901374.40189185,2499813.0,13060795.06079506,1748753.53336047,2810414.95474096,981105.0,124406.66500791,97839888.0,118713.0,2495315.0,822889.0,42897652.0,1064176.0,8691202.81525111,12272633.0,643398.0,
2021-06-23,777419.0,1310060.78353065,15484849.0,359851.0,28720487.51629573,10929918.0,6052276.56472854,422299.09935158,67338.0,,968228.0,950151.03039817,9013944.0,968028.0,878996.5978043,2511356.0,4638817.63881764,4329294.90092866,4704369.9352102,229162.5,652778.65796295,106357479.0,126804.0,569662.0,1151957.0,4076122.0,1432758.0,7984742.12191154,8260143.0,139003.0,
2021-06-24,302593.0,1200939.79884561,4619152.0,207110.0,37870486.12070889,4440544.0,3287210.20794237,657803.13311387,1610056.0,,330023.0,986724.93424661,3244718.0,307934.0,1784636.34141962,1448702.0,1062565.06256506,2360282.39962881,5740270.31965274,2349981.25,149877.33133497,32374233.0,75805.0,254043.0,4725201.0,1594154.0,4636444.0,4063577.97569385,1104606.0,216798.0,
2021-06-27,107537.0,2014450.62346536,4553232.0,24150.0,29789633.77910777,6871864.0,1419780.6253863,100356.05291161,43530.0,,281822.0,1343773.7328219,1831581.0,2014676.0,836417.07128805,1104789.0,1851904.85190485,2073830.18121949,3932634.24625064,902723.75,253799.996616,15070933.0,19231.0,151442.0,699655.0,5173558.0,2416912.0,1738159.2811076,2584414.0,1411091.0,
2021-06-28,464685.0,4257949.07645053,2332976.0,72636.0,119009624.93468876,7743298.0,1286295.71331069,897197.74980091,360558.0,,273386.0,794713.52046603,3169016.0,1145802.0,461510.34393329,4108983.0,3672264.67226467,1739910.12661769,9089968.44460027,1103333.75,248847.99668203,133100050.0,73844.0,395359.0,933987.0,3661490.0,3101610.0,4569101.84086614,2292118.0,633523.0,
2021-06-29,34870.0,810277.3405872,3339381.0,2888035.0,42499680.69873702,5109677.0,2723187.5259153,371114.7948779,707302.0,,176325.0,826627.91731411,6132101.0,1210768.0,2379809.45325472,1419942.0,3080823.08082308,2066007.37525489,2627829.02306655,7812691.25,200718.66399042,74082796.0,41078.0,938459.0,594172.0,2455105.0,1827960.0,2578585.72588646,1429148.0,394721.0,
2021-06-30,416872.0,662778.17694465,3661108.0,4553564.0,44447168.94857118,5688990.0,5400954.83404995,1088238.55526244,223280.0,,293924.0,997640.55368708,8343584.0,812770.0,3769780.68920167,607069.0,1160071.16007116,716414.94624014,3215156.4560175,1838857.5,1993489.30675348,41650547.0,113975.0,6681109.0,140377.0,3115240.0,1848538.0,2050654.26453073,1823428.0,431383.0,
2021-07-04,593738.0,498651.55805181,2445188.0,604604.0,16863165.60600567,1765766.0,506314.6239345,375679.36882799,94206.0,,127742.0,342403.54931209,4177519.0,73470.0,555700.69003035,918146.0,1050787.05078705,1159782.28429148,2166714.46684214,160250.0,544935.99273419,70485869.0,117218.0,347981.0,326332.0,3159288.0,667334.0,2510662.86383031,6742973.0,280857.0,
2021-07-05,360867.0,618972.24587519,5394834.0,629467.0,35753776.46696659,3802383.0,5060727.94647704,735534.07412077,357320.0,,858261.0,838198.87876549,2309814.0,412397.0,1298113.98928546,3416939.0,2506739.50673951,1202053.51652174,2294175.67073743,385307.5,1862819.9751624,36519172.0,159157.0,1213551.0,420244.0,13390700.0,2315870.0,1751347.93179829,5315352.0,1031595.0,
2021-07-06,175057.0,149825.81591981,2045888.0,2297377.0,27877657.02400202,4241629.0,4025619.16599937,350434.97443556,80744.0,,266257.0,787107.50469458,3283339.0,397043.0,2764344.14122565,1191717.0,4600540.6005406,1935543.2757808,1323168.46583474,827297.5,1302983.98262688,27231452.0,17391.0,487391.0,331075.0,6089102.0,893350.0,769315.23297323,6522907.0,626784.0,
2021-07-07,65720.0,1102866.27547137,2397033.0,255509.0,49760170.16345202,4078017.0,3636627.04970796,957493.71338571,2990.0,,171622.0,375245.29305978,757691.0,298866.0,5119719.7811515,333995.0,3835689.83568984,2466387.08052974,470766.34189461,2248020.0,664633.32447156,50406330.0,7908.0,765436.0,484943.0,4232998.0,949012.0,422508.7817691,4475229.0,90752.0,
2021-07-08,463737.0,650016.34027165,3225642.0,650629.0,27179518.62428632,5184520.0,3769622.12508951,893015.23862767,211700.0,,113850.0,264035.7780302,342067.0,220768.0,4853602.3585948,408076.0,2129723.12972313,1135397.6656991,724732.08774278,2199847.5,535801.32618932,23752900.0,43607.0,559369.0,516854.0,34927120.0,669080.0,5424586.42101612,3681293.0,207225.0,
2021-07-11,44291.0,538777.20842097,976600.0,367859.0,17658019.73071657,2173939.0,855027.60126133,45644.39420947,26186.0,,190666.0,215998.44954683,911029.0,200601.0,1209857.06788125,488054.0,1112782.11278211,1015377.17418787,507404.16096711,91288.75,334650.66220466,17933239.0,10430.0,807247.0,431588.0,3624221.0,472564.0,247112.8375736,1517540.0,386707.0,
2021-07-12,48798.0,327455.62299363,1012420.0,207031.0,24015751.53386248,2981874.0,10111147.25766279,2555652.89187755,621690.0,,80209.0,186972.36507504,1133020.0,693578.0,990621.45892351,1068997.0,2321423.32142332,1761195.14284674,836896.03384675,93455.0,310233.32919689,32188982.0,51375.0,46257.0,413706.0,3393301.0,1207166.0,2189292.41667198,2681577.0,184415.0,
2021-07-13,12438.0,377010.33785484,962661.0,450262.0,18692958.61616851,13133434.0,3887485.21827335,707924.65732803,808254.0,,109131.0,339239.43663005,937977.0,394838.0,5447099.99838868,635747.0,2767154.76715477,1285904.78045526,2031365.46856559,648896.25,294894.66273474,21040155.0,42645.0,608436.0,221448.0,2425898.0,1109874.0,8798707.36136824,4263506.0,1389705.0,
2021-07-14,753659.0,338026.50119217,1316570.0,1843670.0,22526687.59536697,5802553.0,10795495.45517358,1937962.31445774,854246.0,,167551.0,285821.47190651,1374351.0,1114954.0,5223224.05231125,3147767.0,5480180.48018048,5196393.36205946,883190.30523306,313315.0,2305882.63592157,74596972.0,111147.0,1656267.0,3052033.0,1934085.0,648916.0,2374599.51387162,4738411.0,913710.0,
2021-07-15,483267.0,308514.75388585,6911120.0,1598345.0,14757086.4027615,4880822.0,2087556.01474793,1549066.80225052,1581532.0,,609797.0,356874.20939091,6910639.0,847412.0,3566233.92704232,1437501.0,4001377.001377,1319077.00574786,2232647.14124869,68480.0,2392471.96810037,24139029.0,86170.0,357115.0,599174.0,1639831.0,691116.0,6603116.90514178,1352083.0,125052.0,
2021-07-18,198332.0,1130739.76832926,7941000.0,479229.0,25051837.6096965,4479553.0,2312380.02496529,304368.15870522,58600.0,,1192464.0,1758568.53669859,7899713.0,280268.0,1339690.44929854,894745.0,4942240.94224094,1324090.0095701,4170816.23670994,49786.25,787015.98950645,34212440.0,42903.0,280657.0,1475188.0,1200663.0,2267790.0,1351962.55170737,1252170.0,56994.0,
2021-07-25,554018.0,761794.93772859,3898836.0,522107.0,13080324.26054832,7121181.0,1731292.49162341,128414.79705458,263234.0,,416637.0,1162032.717583,4761867.0,184198.0,467852.01484567,7646040.0,2345168.34516835,2544874.3403734,2113504.22960874,246800.0,2328922.63561437,133453328.0,230178.0,5474732.0,865588.0,1499940.0,1563774.0,4447024.22903552,743056.0,217106.0,
2021-07-26,978214.0,746709.75838327,3724283.0,221125.0,25132936.39392428,3399109.0,2651825.82159361,1083792.3669615,440120.0,,424403.0,1075108.81112774,2374286.0,357288.0,1463185.85433937,7883341.0,5077694.07769408,2098182.93549558,432695.86323031,25817.5,2597453.29870062,27361680.0,56355.0,148608.0,566721.0,2343723.0,1578262.0,2373765.71846016,720756.0,429798.0,
2021-07-27,490437.0,4260778.78867963,6335100.0,670940.0,41138923.51094711,4922136.0,4385371.1207154,880736.76340147,298710.0,,157379.0,1005739.97367524,1163246.0,3562375.0,10934344.82412014,4297077.0,6659991.65999166,10622361.23608463,1469029.07886875,2604448.75,2124926.63833431,47071405.0,46038.0,412302.0,1090502.0,3307754.0,1247016.0,4036990.91446052,697394.0,249884.0,
2021-07-28,252813.0,4010499.84342919,15592059.0,168519.0,21538610.35476808,7787653.0,1582326.97483811,147949.77445785,292340.0,,168785.0,517093.94480808,3291485.0,365377.0,3243076.56436549,1099512.0,6084099.08409908,1423580.13471726,5082540.73436674,453325.0,2113995.97181339,64405014.0,17311.0,818814.0,265612.0,1519467.0,1496166.0,84054561.45947479,812014.0,362488.0,
2021-07-29,335080.0,1591115.7451769,13436607.0,353183.0,19000278.47359536,5723247.0,2450930.99582275,1035164.11627656,1531298.0,,989379.0,1995479.73419986,2123845.0,1139344.0,1499277.77577428,1085617.0,6207858.20785821,899584.90108881,32106737.94820766,16009478.75,2160577.30452564,46936475.0,75911.0,620469.0,522812.0,5315037.0,1177764.0,11512860.87956319,834993.0,230371.0,
2021-08-01,305052.0,8571317.48772715,4350146.0,607638.0,18895370.07766396,15183734.0,2213505.82632701,334520.17637201,544382.0,,763264.0,1547877.34532894,2523170.0,511393.0,1038053.75837505,1387718.0,2696246.6962467,470731.70988038,6635889.0635108,4332481.25,3221523.95704635,32389811.0,79305.0,937084.0,410441.0,2985648.0,2840654.0,24293255.97042811,971356.0,151292.0,
2021-08-02,254652.0,13493507.58650861,11027886.0,631981.0,19939343.08737481,8423560.0,3284169.69008462,1536189.67232117,229006.0,,671590.0,3451639.56133734,5198175.0,1077455.0,5491366.08055393,3194005.0,5555474.55547456,1318287.58777154,2654399.72518654,986842.5,1753158.64329122,42440388.0,209645.0,283467.0,446933.0,4084256.0,1713156.0,10450765.46725098,1090357.0,328061.0,
2021-08-03,296639.0,5796720.10979647,6397164.0,1007626.0,16424024.37450924,8353661.0,2960475.89417216,601770.3981904,2400838.0,,381379.0,5944070.96205232,5384878.0,699903.0,3257274.66591881,6392736.0,3505941.50594151,1235627.05091652,2622482.2161372,1324788.75,1666941.31110745,26470507.0,116383.0,4583783.0,314793.0,2721702.0,1177564.0,12547388.60333425,826154.0,189204.0,
2021-08-04,101336.0,2236177.60684392,5423796.0,499410.0,18713142.67336272,2582743.0,942478.89645291,652709.85961695,5995222.0,,205848.0,6981214.21641268,2056986.0,3905419.0,3728307.67619445,1261731.0,4256617.25661726,1525535.18017492,1533400.7609839,245603.75,1179686.65093751,23250865.0,39430.0,2447008.0,785480.0,1767494.0,752900.0,3736554.50052576,682119.0,912636.0,
2021-08-05,81899.0,7943359.66442271,5527697.0,1917963.0,16156055.31169801,9142742.0,2019281.16418748,3622459.60876718,107154.0,,171663.0,4173474.74871714,3316540.0,508988.0,1210608.90594164,1162380.0,3127596.12759613,1027621.9581754,3048179.28059615,301721.25,1595342.64539543,75662000.0,18599.0,1438369.0,231210.0,1943125.0,1100282.0,4564319.31624192,161381.0,76483.0,
2021-08-08,434989.0,11963182.66498568,2569206.0,1604407.0,105531052.45074502,26765407.0,776503.69014265,174886.54551671,1027974.0,,177991.0,2295007.72221879,2326032.0,636232.0,776587.75654581,589375.0,1610929.61092961,721674.32176562,1405399.39308942,1260773.75,790634.65612487,96787742.0,53954.0,385056.0,184073.0,3090564.0,661038.0,4741194.06739359,1385216.0,254583.0,
2021-08-09,918713.0,10206682.65103633,1619568.0,1173399.0,59962412.91200538,9344883.0,2721971.76006652,37567.26423706,182450.0,,223197.0,1389325.06313645,723413.0,2945392.0,708017.169809,442375.0,7472890.47289047,843283.87598644,3114975.28407267,2054331.25,2132178.63823762,28685212.0,108602.0,2503109.0,224064.0,4360658.0,427582.0,5378053.81986149,1110732.0,302948.0,
2021-08-10,396253.0,11519123.04052338,4509244.0,1771841.0,22845609.22722396,6331074.0,3412100.91315591,126663.22756356,942080.0,,192677.0,1410874.17601654,1728159.0,4886992.0,1031996.56672877,753698.0,24008376.00837601,1218893.0434555,1628208.29279855,195050.0,2732345.29690206,19458363.0,12521.0,3149176.0,1082965.0,4234834.0,832050.0,2122575.67376448,2548904.0,2046799.0,
2021-08-11,408390.0,5233230.08124135,2425848.0,1144469.0,21367500.41574982,4475241.0,2840626.97655293,927965.91095995,83020.0,,484181.0,3103058.33820422,4658581.0,939850.0,2274775.64422271,913383.0,31040671.04067104,670162.7987987,1654792.99484941,124072.5,1898813.30801582,223141809.0,102010.0,1305337.0,119835.0,3400700.0,1827750.0,3249888.04604282,337139.0,2215897.0,
2021-08-15,348347.0,5321454.22029534,1005425.0,278474.0,19470006.93921786,4376596.0,4202781.18329568,239444.39247135,38790.0,,370109.0,5257258.61808587,2365233.0,85457.0,1206003.66691322,6686938.0,10478539.47853948,2096870.43491039,3033103.68837685,787043.75,889929.32146761,65933126.0,17047.0,1608694.0,486822.0,2960532.0,1387078.0,3613629.98329292,1042444.0,1244155.0,
2021-08-16,209693.0,6928164.8239793,1076105.0,676043.0,12098605.26852936,2166553.0,3185035.65022358,857691.92055882,12628774.0,,146954.0,3558895.51693814,5401457.0,713074.0,10213551.9490883,2587034.0,3360195.36019536,2489528.60998091,1067644.06101698,246976.25,661494.65784674,67180633.0,31387.0,2038907.0,255054.0,2319390.0,868334.0,3612334.7162072,566058.0,1188117.0,
2021-08-17,205881.0,14227548.17715738,1303988.0,311173.0,17530381.27252128,3299100.0,1461679.3011045,1052498.19683858,327396.0,,137798.0,456312.87100439,12296024.0,1374208.0,2973663.61576519,1609434.0,7333711.33371133,782350.84881885,1654754.49503953,1729211.25,849977.3220003,154593836.0,16289.0,2328921.0,159979.0,1777883.0,1765440.0,3905272.21543513,964190.0,1319091.0,
2021-08-18,149081.0,10672883.53258949,686928.0,539067.0,15548539.54089155,3249580.0,1065902.83990421,1127825.1019926,66756.0,,142507.0,461379.7527683,6740696.0,442420.0,2604470.48821585,6633151.0,3588939.58893959,315087.14048471,972183.19909531,1588035.0,1735031.97686624,70363774.0,15024.0,419465.0,46898.0,3143167.0,2169040.0,3608894.65463539,1072717.0,1256217.0,
2021-08-19,208304.0,7489404.32117092,1375239.0,301841.0,22516527.92582753,4758866.0,1375244.63849248,1209828.68870109,1810550.0,,323732.0,1024599.40100475,2626811.0,1229346.0,7022182.26223762,1216550.0,1995532.995533,2238516.9980649,1974937.58055516,2186387.5,856498.65524668,37586515.0,200130.0,918456.0,946960.0,5153866.0,625118.0,2444646.19442866,1006979.0,3635895.0,
2021-08-22,97551.0,10202985.82231129,2465679.0,232169.0,18656551.55536351,2431245.0,441862.48136229,60990.13398215,51456.0,,336783.0,174990.23344307,3933564.0,362191.0,4465557.86149672,3310514.0,1671688.67168867,94066.5419405,2425084.35760811,448750.0,1053790.65261612,43804208.0,101139.0,330065.0,293357.0,771997.0,884094.0,691538.90187222,451139.0,982164.0,
2021-08-23,200783.0,9713131.19420679,3150654.0,1014877.0,20231159.64081736,6911400.0,2850252.13114371,413363.67342275,70828.0,,167902.0,234327.78362813,8051394.0,1621320.0,4116438.99488673,1068762.0,1598545.5985456,1011646.95105278,3724785.43933116,2876252.5,3881850.61490866,40737051.0,57557.0,3830741.0,544100.0,1417232.0,662038.0,12851380.44675939,226289.0,2419141.0,
2021-08-24,193614.0,7095610.9766333,6311771.0,1477089.0,85478903.21101117,4110496.0,2141632.20096617,940557.83909813,69680.0,,132610.0,669113.04911572,3843041.0,520245.0,3044075.92865978,626184.0,4157041.15704116,1697100.75666913,6342934.67686579,1144262.5,3581059.95225253,22127943.0,63303.0,2347210.0,3907767.0,3030084.0,1236752.0,7582642.97373616,202219.0,2850569.0,
2021-08-25,311626.0,12150499.68573737,14095691.0,629523.0,57259386.1587859,8272520.0,3043256.06110439,590282.95434724,2047946.0,,56626.0,531994.75215275,6350464.0,433556.0,4672673.54535801,3760345.0,10156594.15659416,3118256.89030562,4676199.74098893,7524098.75,2369079.96841227,58399368.0,116657.0,1860826.0,1550473.0,9665803.0,710708.0,2776389.26626539,1922886.0,1212064.0,
2021-08-26,480148.0,5808982.19612258,6194897.0,359094.0,43843492.47765193,15699694.0,1229271.65014565,4778364.97956624,19484.0,,72381.0,3519695.18448997,5159782.0,712632.0,4357032.71601717,3851088.0,31096915.0969151,5917027.13816497,1875889.23634945,3113420.0,1468475.98042032,52193832.0,121460.0,1648180.0,735896.0,4385705.0,713462.0,2388566.89801264,790692.0,107676.0,
2021-08-29,341057.0,1926924.81105504,7687414.0,119506.0,12923261.9924352,11012079.0,895512.48549431,89052.91399952,250200.0,,271640.0,2187343.12671543,2489164.0,1213286.0,3954036.43203742,1076002.0,37117831.11783112,1915086.85386038,1696999.28642328,343252.5,679278.65760962,29194470.0,27348.0,369010.0,767659.0,6733859.0,3155196.0,1987131.11536901,2201796.0,276186.0,
2021-08-30,385857.0,6517072.17438727,3754860.0,114052.0,19765162.24957432,18332865.0,783588.11163394,599912.55067343,273764.0,,1084135.0,1348019.53936364,2898693.0,333092.0,5870770.90539533,1010140.0,43234783.23478324,5307365.36634125,3075119.81422314,212743.75,1084266.65220978,40967580.0,135911.0,672509.0,927836.0,17144302.0,2674006.0,4364682.99915667,1942977.0,1101163.0,
2021-08-31,555756.0,2965899.16303774,1647233.0,1007706.0,13428645.35158389,7233929.0,5628685.26738594,3430672.16654106,34220.0,,680996.0,789504.94313219,1759315.0,303119.0,12143808.42392555,477226.0,12959007.95900796,4735836.61151951,1075698.68790771,444111.25,757207.98990389,26178025.0,64700.0,283243.0,454670.0,3888231.0,597542.0,2821613.49034354,2337195.0,1432338.0,
2021-09-01,1341264.0,9329825.98774405,1146285.0,1296638.0,8828558.02386345,3665592.0,2252623.23735046,2985858.26918513,176504.0,,857300.0,1124156.98568585,2808160.0,953579.0,6715415.70818461,1993682.0,5704307.7043077,3788544.18915983,1687634.49933581,917857.5,1226411.98364784,11796191.0,154814.0,347299.0,693725.0,7359228.0,737728.0,8749793.9858941,3290644.0,1400553.0,
2021-09-02,1022785.0,5530809.90038457,2767699.0,2435176.0,18363539.11006039,6795746.0,2246735.26795348,714343.04292069,14022.0,,904120.0,485146.65434556,6563578.0,385490.0,6304688.6077853,11181463.0,12991887.99188799,3349028.99319764,601046.19853729,957582.5,1174722.6510037,19202616.0,187929.0,460849.0,245445.0,5553927.0,1081012.0,2614829.60630345,2734624.0,709279.0,
2021-09-05,451190.0,3939561.77100981,1576382.0,810711.0,13519359.9721747,3601524.0,278531.73275552,84297.30866101,30370.0,,379340.0,523243.78557073,7028645.0,88721.0,2768631.65016466,1564628.0,5472809.47280947,1947180.86816981,577987.14574249,870020.0,641423.99144768,30735942.0,12302.0,968841.0,302300.0,2062913.0,1087460.0,2118713.47049065,3254840.0,434592.0,
2021-09-06,1221582.0,5208566.90518139,1886988.0,321726.0,18321948.04743446,7196243.0,1322350.55028686,186721.07455855,466510.0,,354687.0,514380.22161617,1909051.0,288203.0,4442773.65845761,2283486.0,7667401.66740167,4792616.13683522,899279.72577913,863996.25,1300826.64932231,27657669.0,72730.0,1937339.0,831187.0,3172567.0,789052.0,2494702.76109586,3121936.0,229529.0,
2021-09-07,252497.0,2838118.62566536,654464.0,2476987.0,8372709.47960908,6015188.0,1213656.45081179,2021494.15227359,1650928.0,,406921.0,268656.06572104,2090524.0,279392.0,3395758.80320055,963515.0,11821814.82181482,1714802.26456152,960168.92509173,1910127.5,604479.99194027,12338572.0,35635.0,394260.0,1087412.0,831950.0,465476.0,1621333.5315699,275605.0,1023362.0,
2021-09-08,89876.0,2509100.86913707,1118221.0,905528.0,11185977.44065402,2766709.0,1278429.07873959,1691710.74715955,193900.0,,218129.0,198290.29872298,5348528.0,64265.0,2815014.70141398,2099315.0,9746757.74675775,1559780.1954434,1439751.72344828,1562558.75,481474.660247,19932745.0,19768.0,393811.0,574133.0,363917.0,916230.0,1945968.36642404,1954351.0,1011495.0,
2021-09-09,214067.0,2360267.93470116,814150.0,2125045.0,8355030.84291914,2308296.0,1126414.21960345,2564580.24605758,9512.0,,441343.0,132494.21385508,5648750.0,34643.0,1382037.22005162,1859381.0,3343533.34353334,1520928.67812107,999357.06490338,1459015.0,1855006.64193324,19562518.0,22926.0,179643.0,684391.0,1085286.0,1325790.0,4463962.33707963,2057518.0,1275138.0,
2021-09-12,56317.0,3831748.08027856,523130.0,313737.0,7025231.56161935,3262531.0,150494.0486033,110675.78376076,30376.0,,587614.0,96905.85330103,2705122.0,70758.0,440536.4634966,546581.0,1768171.76817177,733141.82687852,1796086.13043886,390288.75,663891.99114811,10576466.0,5232.0,264200.0,590634.0,15614933.0,152616.0,4047806.65682615,889883.0,175287.0,
2021-09-13,133904.0,2002493.02079431,2596780.0,594612.0,6232525.71323716,3222998.0,2956066.78521385,224448.42848028,16369326.0,,168076.0,244827.17233194,1613671.0,50587.0,6022298.60175435,385540.0,3662838.66283866,464850.20725805,901603.71430265,415851.25,470913.32705449,32612185.0,9847.0,455566.0,232853.0,6831447.0,515610.0,9148817.53024043,923809.0,329422.0,
2021-09-14,374637.0,6967648.41098887,5022670.0,784233.0,17783003.95833444,3610074.0,6709533.09088321,11522530.38993246,154546.0,,115365.0,261487.78804954,9399492.0,1808916.0,11027574.59087714,196006.0,10202941.2029412,1213784.0411776,391098.56864904,710405.0,874110.65501186,185151292.0,3095.0,992341.0,146143.0,10322162.0,314988.0,4424202.3571445,6247238.0,344186.0,
2021-09-15,394342.0,2192077.12093423,1539781.0,483065.0,12667538.64582518,6868119.0,1569559.21256852,1243766.35655815,34758.0,,55797.0,233463.69367938,38243841.0,1288372.0,3176486.24888358,3247169.0,6585135.58513559,750351.33455155,2772665.30782564,17464585.0,930342.6542621,125236854.0,3201.0,548242.0,987540.0,7030736.0,706892.0,12765040.66970295,2438927.0,648266.0,
2021-09-16,154886.0,3397124.13951822,20257796.0,357864.0,5658273.05223574,4855607.0,5013562.9153309,1928825.09480874,1485242.0,,50219.0,165084.19493834,5341346.0,1487090.0,42939704.9761524,947865.0,26171921.17192117,1277069.06939385,6397845.90569923,770462.5,358230.66189026,37986433.0,2001344.0,1311152.0,341039.0,5530350.0,185276.0,5412666.81742965,7133526.0,235926.0,
2021-09-19,2788806.0,2509478.16410095,6096137.0,1724754.0,10099109.25094893,2944388.0,365158.35839453,26944.84280767,20780.0,,77164.0,290556.88724791,2571384.0,870049.0,6452107.98019759,5835852.0,8554166.55416655,270147.12044776,1201271.0677972,2838523.75,314974.662467,50909195.0,114487.0,242013.0,191999.0,1691489.0,188922.0,3340147.71033238,798857.0,636501.0,1362468.90517311
2021-09-20,774389.0,1917459.34090857,1459403.0,744350.0,11147175.89049019,3141069.0,1331462.17465441,135361.88219406,254134.0,,57524.0,342103.71136501,1471944.0,922679.0,4318363.85577575,10579312.0,5646461.64646165,1331663.09373514,4430503.28763809,593130.0,335833.32885556,46110582.0,38587.0,481926.0,294437.0,2293129.0,582522.0,1720324.44969644,1263763.0,705484.0,464027.48358888
2021-09-21,2413036.0,1783380.62532334,5120125.0,249610.0,12923402.68559526,4550025.0,1603963.62059639,218120.17741596,107300.0,,245190.0,509229.84067712,2419959.0,246557.0,2765786.85750371,4273595.0,9543378.54337854,2624480.67015062,3793686.09908099,342961.25,525171.99299771,34334987.0,77561.0,462144.0,524897.0,2488353.0,431830.0,1544191.72402101,1783354.0,643267.0,682076.92229554
2021-09-22,315323.0,2057071.71596404,1433331.0,28526.0,6341008.2565618,883022.0,1843760.19324087,642102.2363937,6146.0,,135431.0,499993.06071249,10583113.0,3595551.0,1205227.81436933,4424832.0,6353859.35385935,508074.22652991,2509440.94103239,769591.25,372253.32836996,18395442.0,2645.0,156535.0,482404.0,1658077.0,315966.0,4668514.90069471,1068692.0,269067.0,671699.41823685
2021-09-23,297006.0,13266243.63405486,7394113.0,276538.0,6435694.75328681,2079074.0,2026697.64826007,816692.81778751,12418.0,,234017.0,714718.78040801,3658566.0,540033.0,1572172.81680933,1235172.0,2637395.63739564,749979.33438569,793470.58162676,854428.75,272058.66303922,30441076.0,10266.0,214798.0,365022.0,3113089.0,459992.0,1732197.77647873,452127.0,418963.0,342368.34475323
2021-09-26,301740.0,20222579.81533722,1796196.0,213066.0,5877475.70125762,2127154.0,1414428.26395107,635975.77904955,9582.0,,48417.0,411854.6208007,2996025.0,621588.0,688853.61197475,305957.0,1746853.74685375,192060.08563189,2680319.43052133,309957.5,255121.32993172,60580929.0,6789.0,156889.0,99608.0,700658.0,267374.0,1026182.74323743,358521.0,117894.0,912290.69919429
2021-09-27,198989.0,7228686.88191979,2263121.0,358643.0,6300004.31731539,2340401.0,4671999.46071999,934774.43107826,372854.0,,102469.0,237434.96505439,4459753.0,559843.0,3923403.18742922,8041115.0,1804882.8048828,625981.77910016,606901.66962138,488693.75,614431.99180757,50421576.0,8090.0,79313.0,887986.0,391472.0,366568.0,1339391.73136101,1177123.0,705442.0,980567.51175658
2021-09-28,11368939.0,4693211.77096552,855218.0,300177.0,4654519.34684015,1305307.0,3040075.43232952,226816.14146353,425364.0,,41805.0,857962.8804923,1630381.0,401391.0,2834907.93009309,6546948.0,2064875.06487507,835407.37247462,4500170.44360275,204290.0,193249.33075668,27680516.0,7750.0,157000.0,205044.0,1201273.0,143904.0,1275912.79123242,495091.0,632655.0,165195.49430812
2021-09-29,143171.0,4436724.00683578,5769379.0,425224.0,6790163.05316222,2357541.0,1820198.38653087,61692.37612832,11716.0,,59070.0,456651.928261,751936.0,92561.0,2540039.62898112,2265966.0,1212634.21263421,322437.14376178,7091594.97977788,396536.25,193579.99741893,9571136.0,11368.0,172956.0,225274.0,720332.0,124242.0,1920568.94672855,138139.0,96343.0,46476.59576605
2021-09-30,135845.0,2684999.75282397,8229296.0,998535.0,12485295.00769779,3426929.0,2783700.53550884,926261.4266703,1559108.0,,107786.0,152593.47742145,5933849.0,926324.0,2276015.16102499,2448186.0,1729855.72985573,1150413.51292322,2722455.72244088,1111713.75,580885.3255882,23213820.0,21805.0,549287.0,264273.0,943453.0,813430.0,658875.88950506,2468939.0,215246.0,546060.08273368
2021-10-03,364276.0,2668034.71786914,3404300.0,838000.0,4508964.15583789,1110696.0,1312328.75639476,53180.71701183,6890.0,,24083.0,191600.24359999,3888822.0,1069842.0,577465.20115463,1642464.0,2377397.37739738,1216733.04249244,3574821.67989294,2461246.25,611747.99184336,16415976.0,31017.0,266088.0,87753.0,1285382.0,733404.0,1029276.18027027,609703.0,221330.0,227700.02376458
2021-10-04,68864.0,1496669.54882383,2471143.0,418917.0,4093167.16636178,1006314.0,4116978.0846513,227286.99347725,681548.0,,40150.0,349532.60767405,502306.0,240541.0,2024001.62935556,2679941.0,1068505.06850507,1129748.0037093,1363935.09785137,137747.5,127925.33162766,6317275.0,7976.0,110194.0,632601.0,4225985.0,561516.0,1708345.05939685,583193.0,75292.0,466058.02467052
2021-10-05,253164.0,1345162.4535913,6233935.0,397618.0,5507393.16625248,881094.0,1750762.38093003,68942.15184805,324576.0,,65932.0,168708.81822264,1209358.0,258940.0,3302414.50582992,1645365.0,1555669.55566956,1006135.94859565,2309031.93070652,662428.75,215318.66379575,8851689.0,4094.0,369442.0,84054.0,1023637.0,4492196.0,1151228.13375899,958740.0,1008660.0,1120364.96039904
2021-10-06,127233.0,918839.00203632,3873321.0,1001156.0,6930883.26960604,2886713.0,7821027.14969882,1759736.75551806,28862.0,,9895.0,1403487.02929507,1042845.0,1117283.0,3864697.01160767,3896356.0,1825105.82510583,1309281.58375612,641063.83425267,1414253.75,382323.99490235,4448546.0,50121.0,3477022.0,147685.0,574974.0,1104404.0,1658632.41788151,542660.0,551755.0,1748635.17018377
2021-10-10,745279.0,1524099.55461891,5699280.0,1053244.0,2765364.64567986,3543400.0,5759317.76210995,92196.86015967,6976.0,,15943.0,138875.57505787,1262825.0,196006.0,3053271.62857292,844522.0,1169473.16947317,1093734.48765232,1104820.87742777,1410563.75,318181.32909092,6983408.0,13500.0,807578.0,225527.0,1626777.0,337534.0,1767835.78331177,500582.0,3270555.0,5040267.26836792
2021-10-11,152373.0,6759844.93561947,2752971.0,684414.0,3271013.15732252,2541077.0,8253016.7740003,449733.62825351,3273884.0,,182906.0,218603.37078326,489998.0,474272.0,4539356.21656503,1424974.0,875940.87594088,709309.81625278,667184.20526318,2149858.75,173054.66435927,112128942.0,18447.0,417576.0,174836.0,278833.0,653154.0,1171951.13897637,821379.0,180279.0,1892364.49428849
2021-10-12,253198.0,4091009.29335332,2851241.0,1403225.0,1965935.2876291,2718006.0,2802891.87364733,854799.54390315,20132.0,,149250.0,1864155.7739357,627095.0,264771.0,1405776.46062691,206074.0,1779505.77950578,602031.26842158,3775072.02433568,547043.75,188826.66414898,34864880.0,17619.0,733908.0,203998.0,1903098.0,768518.0,1231724.00047083,306604.0,571170.0,2742581.35302967
2021-10-13,857894.0,3782901.62087586,4795037.0,1272319.0,7189988.66333304,4306969.0,4463441.56101164,748362.77355729,5355394.0,,733873.0,867485.58187482,474092.0,345377.0,10207980.58891593,3250835.0,1785271.78527179,1544286.68853547,1995462.64586348,1809605.0,196218.66405042,23562998.0,47231.0,1295038.0,538253.0,1756869.0,792452.0,6859943.49070132,682723.0,1212575.0,5325793.06836723
2021-10-14,2372879.0,1939554.26353019,3577085.0,792383.0,7123881.81756547,2771147.0,2577090.39858302,333552.9118067,1846902.0,,164993.0,546529.93432145,211925.0,151835.0,2197872.03171086,410707.0,1350142.35014235,464499.20710156,931406.06713053,471087.5,265111.99646517,31521071.0,303604.0,1815236.0,243530.0,1042734.0,863290.0,1628040.64318542,761355.0,1396857.0,804511.30133722
2021-10-17,2039011.0,5406355.51598323,2659653.0,2740304.0,4780382.90670844,15706330.0,7948934.10041023,592255.15163897,6790.0,,160483.0,491132.02703597,598301.0,904430.0,4349196.60532382,1665729.0,1578994.57899458,1458690.65037163,894622.41544486,1310372.5,219854.66373527,66613597.0,23554.0,247782.0,453939.0,457605.0,379614.0,3947614.60070792,794367.0,791920.0,2449765.35380298
2021-10-18,1261257.0,3484136.96316186,2262758.0,3194069.0,10992624.45415673,8198158.0,8249940.40100733,9772303.49979997,64256.0,,248071.0,989086.94879174,1445394.0,716943.0,11752346.4810984,16624636.0,4084156.08415608,2399015.56962478,6264242.23213713,1062460.0,84597.33220537,25442524.0,583665.0,2200503.0,481332.0,10082023.0,448672.0,16848367.51688864,3154029.0,440475.0,791408.90148662
2021-10-19,904087.0,5683210.58895261,5597947.0,1029619.0,10114488.09559932,4007686.0,3047995.56204676,517128.69491365,779074.0,0.0,758109.0,545706.32882124,923200.0,258859.0,3803519.19125343,4421739.0,7480246.48024648,1779450.7933857,3262791.2207841,2681542.5,320307.99572923,49565437.0,111912.0,3125696.0,278385.0,2432254.0,1387272.0,1627347.39084712,4533840.0,1315765.0,1189459.0316067
2021-10-20,408595.0,2593214.47884774,3149809.0,1066982.0,9556396.20854173,5058562.0,6624569.5931936,993079.36329077,407732.0,187835178.75,322787.0,271493.77253663,1269284.0,206226.0,3134276.17595966,4221532.0,2999288.999289,1852775.32607817,4111764.52832332,2812023.75,1000781.31998958,28361794.0,22333.0,1970551.0,628063.0,1135553.0,1257886.0,3338582.34516586,856452.0,828925.0,666561.61356522
2021-10-24,1949097.0,1172791.60877717,1895330.0,1240444.0,2850256.73395406,2227958.0,1187387.30347969,386834.52567861,19354.0,34223508.75,214856.0,315572.48103515,649844.0,477246.0,4772717.88362557,505238.0,1961215.96121596,589524.26284521,3637144.70545825,388210.0,386286.66151618,21688341.0,242134.0,9006191.0,165782.0,1122949.0,377164.0,1443155.88731138,1599422.0,873101.0,556053.11807231
2021-10-25,1911713.0,1824055.67011359,6062297.0,1096491.0,5414292.17321592,3646150.0,5930408.11962691,7760087.82277948,2293516.0,19067341.875,134895.0,404561.0943665,398405.0,918816.0,4194903.54882619,1703152.0,2938925.93892594,6040669.193292,2515023.41346463,1389558.75,446546.66071271,47639484.0,37423.0,1955302.0,282054.0,864105.0,398720.0,10923613.36948552,664744.0,678795.0,607863.95471395
2021-10-26,1021501.0,2052090.76051983,6505436.0,1749310.0,7921368.52775224,7837894.0,5339792.49573372,2465229.12587238,2580348.0,12252755.625,64570.0,528886.30558747,1547988.0,1026266.0,3396730.46614838,617818.0,3802962.8029628,3537570.07726054,2449548.07013299,2382078.75,392446.66143404,19522546.0,117982.0,1318250.0,410294.0,5880757.0,1222130.0,1947357.90990608,517098.0,795999.0,1269495.75488232
2021-10-27,391402.0,2114536.38664695,2134536.0,437673.0,5838436.05497676,4282882.0,7597312.44512624,962230.48464367,2717900.0,5333036.25,78634.0,932617.46875869,755180.0,579343.0,2043580.82248119,843135.0,2708216.70821671,370377.16513632,3055766.07646382,3523753.75,771419.9897144,17015644.0,44006.0,930035.0,214032.0,16998130.0,767092.0,2723290.6658948,759597.0,826658.0,106035.632624
2021-10-28,422812.0,787252.41897567,3860942.0,1173714.0,4612089.53652922,2649269.0,5065444.23308375,3925298.17107356,43656.0,6430749.375,39192.0,174692.92577403,760291.0,1170821.0,1389991.55589453,1099463.0,7879972.87997288,1284587.07274583,11586509.6160019,200391.25,348963.99534715,17635669.0,53415.0,1044921.0,682451.0,3258037.0,2002500.0,14063885.24052797,3779692.0,600918.0,243675.4344058
2021-10-31,3144644.0,1380677.82427023,1669301.0,428780.0,3384097.99036397,1308587.0,2343686.52570821,676035.86837636,21558.0,3179460.0,93291.0,1853675.36231715,3645582.0,348830.0,2322361.26691507,318912.0,6618708.61870862,803379.35819462,2562021.18137688,291787.5,241219.99678373,14591465.0,49766.0,133273.0,60979.0,585199.0,5032534.0,988019.60506749,2518090.0,933803.0,2341043.69244347
2021-11-01,517493.0,753395.16037484,3060098.0,460658.0,5678543.68983614,27049908.0,6011535.66648398,4522728.65898898,1216120.0,12025661.25,52838.0,1719953.96361539,5909551.0,844246.0,885055.63671855,658056.0,7338493.33849334,6833746.54689337,1549514.68140898,4484318.75,338282.66215623,55158512.0,25191.0,472993.0,59103.0,1057705.0,7529220.0,2004698.3424112,1425607.0,439571.0,802604.71465168
2021-11-02,735825.0,1220701.44998007,9506567.0,488940.0,3408973.62331887,42901740.0,4660077.89480211,1851256.93406944,1664986.0,8077627.5,37744.0,660468.35421114,8917413.0,1292324.0,2522065.71171417,3080898.0,4979680.97968098,6606443.94554826,2073025.76283574,4780062.5,843001.32209332,37488683.0,5819.0,340807.0,366464.0,3310671.0,8893958.0,4372138.95557147,5158772.0,317951.0,458602.90306868
2021-11-03,598160.0,1255055.14932285,2629718.0,1111454.0,4458003.46987905,9171332.0,8690791.76677054,1678154.24503897,623424.0,8251976.25,159594.0,512388.89280309,5420865.0,1567684.0,1286557.48091732,6653742.0,10408282.40828241,5469167.4384823,3933256.0765132,1637557.5,819079.98907893,110110218.0,34535.0,1285009.0,513825.0,1030636.0,3364670.0,7465950.828337,3498413.0,221842.0,871798.5796528
2021-11-04,314132.0,1665035.77165291,3478124.0,290511.0,3409244.18708823,6941216.0,14973460.3152023,2223552.89485603,88832.0,3143251.875,32495.0,289739.6074428,649139.0,341840.0,1773138.94562625,170830.0,3478446.47844648,1275636.56875516,788686.1052538,405022.5,646657.32471124,48450976.0,7750.0,429064.0,166363.0,1639892.0,1970886.0,1604135.52912449,634487.0,472074.0,844125.23549628
2021-11-07,189300.0,1323395.18185936,1185627.0,29409.0,1605898.78538026,7120918.0,455213.84086056,1832940.79073596,37998.0,983716.875,45640.0,205701.48308578,6751359.0,313172.0,1436385.69075161,2718274.0,732291.73229173,2136048.95237851,2766697.83729463,571723.75,276146.66298471,37022467.0,8543.0,205247.0,87250.0,383686.0,1483300.0,9926553.27026213,1179245.0,18712.0,132908.52551088
2021-11-08,130480.0,715258.58257842,5524091.0,371351.0,2604831.04440586,3209731.0,2009144.61526576,888831.38216295,264646.0,1178452.5,77523.0,771103.49612691,6771449.0,2293325.0,2347323.39888097,2986001.0,2200199.2001992,1358226.60557874,7225756.31725276,365116.25,606053.32525262,30180780.0,5223.0,518298.0,278619.0,619524.0,1707856.0,15676249.11063297,5673856.0,452443.0,203341.93447285
2021-11-09,210364.0,828149.20729732,3246542.0,532143.0,2891569.11589754,2208642.0,5646527.89977442,1545682.04891765,844238.0,1438486.875,45532.0,412016.55859491,1608262.0,429322.0,1383285.97319371,2558816.0,4277467.27746728,1392389.12081044,4135005.58021936,1503505.0,457431.99390091,16884714.0,146807.0,1596417.0,103740.0,843203.0,994084.0,4756803.31625097,644927.0,901632.0,966961.94109475
2021-11-10,129404.0,665988.49374258,2477097.0,340993.0,5877294.42353215,2568488.0,3785050.84302482,350915.24348955,1828948.0,7264053.75,44000.0,156553.36254531,2580854.0,2994941.0,2931619.79695782,4338968.0,3655797.65579766,841270.87508893,556787.75043086,1767662.5,334066.66221244,30206100.0,20889.0,261011.0,151546.0,1827555.0,1102910.0,5387292.13471722,578210.0,70946.0,513211.11731011
2021-11-11,141462.0,453048.5114965,1234695.0,250657.0,4874333.46998079,3248989.0,2084569.53633812,1341364.56196085,4040556.0,3343252.5,50088.0,200457.48185946,672263.0,3474312.0,696933.56203905,2518942.0,9823176.82317682,573982.75591588,1246878.17591024,38005.0,209335.99720885,46188000.0,5930.0,130215.0,358858.0,4104865.0,694532.0,26259016.10081033,1109048.0,236333.0,182742.39458107
2021-11-14,586408.0,346750.61983066,1502421.0,1800672.0,2767242.35823922,1860449.0,2572589.19657071,650211.65336133,11746.0,4888275.0,66818.0,102242.20967561,535409.0,1629943.0,733167.723107,2212496.0,2830934.83093483,638908.78486379,2929448.2002558,235691.25,287422.66283436,14033921.0,3900.0,298082.0,854913.0,3082436.0,652408.0,17523385.70648036,1234988.0,1661269.0,1116300.72685282
2021-11-15,357944.0,425343.80849087,807341.0,1068184.0,2338782.98435709,3468125.0,3317708.57953626,2098448.8601036,4409356.0,12147191.25,24834.0,698738.80948167,554807.0,2052012.0,5566725.37704983,1269326.0,1824817.82481783,3615526.61201824,3254756.42712876,845143.75,590194.6587974,17676879.0,9814.0,390486.0,1236673.0,5004871.0,1224900.0,15781468.2903864,2756603.0,809036.0,153265.40891542
2021-11-16,543700.0,477079.55301171,642733.0,172498.0,5833111.35999577,3555463.0,5574669.1883846,4031543.910031,2229552.0,18363555.0,59499.0,148465.3288083,813439.0,711060.0,8465351.12094445,976344.0,2563538.56353856,1694300.2554205,1513992.19016202,286363.75,712022.65717303,46860635.0,10136.0,366151.0,1774989.0,1472183.0,661160.0,4634234.69062411,552496.0,134086.0,349907.50323377
2021-11-17,391713.0,643403.74958891,456668.0,438852.0,4136749.57833019,4127274.0,2148607.40923156,1913023.30122849,5101706.0,9542010.0,35399.0,342766.64421003,1103450.0,657223.0,5460459.4402874,1224877.0,7222048.22204822,4564434.5350982,7907159.78563069,332105.0,628310.65828919,37581812.0,3672.0,144931.0,968516.0,6259716.0,659992.0,3961175.34194178,647546.0,456906.0,645660.59137109
2021-11-18,23686.0,552601.42828174,625878.0,97076.0,4145082.94242646,2891533.0,6272560.70214825,2864203.56175602,2072744.0,6439665.0,46808.0,94599.50487266,172764.0,931043.0,4380409.89207198,879746.0,2549306.54930655,684103.80501444,677783.31958855,375535.0,284182.66287756,21324509.0,4135.0,452777.0,78282.0,444539.0,751920.0,842833.62190347,37391.0,436166.0,318565.94932192
2021-11-21,2643376.0,10619479.7471757,631864.0,218203.0,5497352.54477155,3670983.0,704052.53401799,713362.3254407,3216366.0,1192194.375,18625.0,190135.21261806,597883.0,322746.0,825863.62942308,843823.0,3025743.02574303,1189611.53040005,411797.46643226,235711.25,349217.3286771,35196308.0,4875.0,112264.0,853461.0,726751.0,426590.0,19391896.23924651,346078.0,13018.0,203186.46624725
2021-11-22,428810.0,328812.56102162,322731.0,6826.0,4774319.5726371,4165498.0,2514618.0172718,16087754.1158049,1773872.0,1972861.875,33944.0,167986.42384381,358818.0,579530.0,6327402.61464187,816610.0,7223230.22323022,1347272.10069457,714678.97072113,940411.25,260361.32986185,55821791.0,28167.0,128199.0,252385.0,2563195.0,154186.0,5421400.55281546,571790.0,358542.0,350608.16070994
2021-11-23,425941.0,457013.41822219,479873.0,42677.0,3139278.36365914,1510380.0,4925832.50228667,3345032.25699523,621196.0,5323593.75,27966.0,92023.68183363,616807.0,568478.0,5997345.70612825,1344491.0,7285417.28541729,3602268.1061068,1685856.50811601,2247756.25,340390.66212812,31242989.0,106628.0,616168.0,259268.0,5458559.0,274328.0,1869574.59449471,2405342.0,160193.0,487947.53065038
2021-11-24,247672.0,1853425.10440721,247337.0,84316.0,2893709.27531318,1381693.0,2482680.99608229,614406.72094702,39250.0,1254425.625,21019.0,84561.89191014,189750.0,260955.0,3752342.47964361,777711.0,3382344.38234438,11069646.43551115,950009.64192769,5199172.5,166125.33111833,29564181.0,148968.0,1503094.0,45518.0,280610.0,68682.0,1019409.42605999,1363651.0,479664.0,571168.20116782
2021-11-25,392259.0,707854.9963135,529738.0,65350.0,4763156.11151333,3045280.0,2881404.75168842,2568799.08010046,4159742.0,1983067.5,42377.0,288955.22125213,5098043.0,1459499.0,6440614.27894015,704697.0,19774612.77461278,10152165.02644301,4699956.45700515,1882446.25,906715.98791045,44493306.0,20271.0,363586.0,442834.0,1192857.0,198216.0,10218958.64243131,5310086.0,70856.0,249579.0251346
2021-11-28,128408.0,663665.15107027,699162.0,205520.0,5798032.76729832,2122468.0,1140171.01825356,1430328.68672351,94818.0,2823675.0,92785.0,222954.18386344,1092162.0,413884.0,1756659.46814029,726568.0,13055581.05558106,2811550.25355744,1050273.64679681,141387.5,449189.32734414,24646801.0,3738.0,183219.0,295882.0,1275584.0,182728.0,6022444.28431963,2057914.0,208351.0,390225.24625195
2021-11-29,102041.0,277066.88768594,2517711.0,148392.0,3007221.59911021,1550601.0,3442014.56863783,6135150.61762197,121556.0,2595935.625,152811.0,191128.34674657,1415064.0,562404.0,5543743.51633883,250987.0,10084297.08429709,1242911.05416416,2083980.70873724,129316.25,1848137.3086915,15809083.0,7288.0,1314466.0,151795.0,2460034.0,355986.0,3312647.85580064,2066775.0,175595.0,68279.96394524
2021-11-30,262182.0,2671632.25844579,4292940.0,104058.0,13532785.34641031,2289765.0,16908901.05722394,13275603.91681072,704974.0,2221906.875,95345.0,145306.27668234,5608322.0,5387070.0,19216238.22198828,633782.0,16473964.47396448,5288990.35814857,2737675.98061244,2598695.0,765138.65646482,11577184.0,221921.0,280924.0,554954.0,5676754.0,293220.0,1630384.40036405,2302292.0,409498.0,2489775.31175292
2021-12-01,124152.0,435193.19281111,2188989.0,159679.0,17432902.55769649,9485023.0,3813790.68690265,2197802.67087172,167614.0,4587446.25,72529.0,213598.48083119,609244.0,1645081.0,7310751.37960033,1433590.0,21751506.75150675,1673540.24616444,2325767.68139417,0.0,643269.32475641,19724323.0,143430.0,41529.0,451848.0,6885544.0,933136.0,4030603.35446185,1296119.0,142498.0,379377.13567253
2021-12-02,107813.0,673891.83035439,1695454.0,97580.0,9150307.04711024,3389767.0,5090965.38655205,1125013.44282499,391784.0,3705339.375,28400.0,1227363.23129258,613114.0,3644971.0,7981950.6516655,3603475.0,21215535.21553522,972705.43369032,1328823.27124311,445911.25,498711.99335051,37424338.0,411407.0,20298.0,963341.0,1751096.0,415608.0,13165379.82837554,667203.0,32907.0,92920.6272416
2021-12-05,159026.0,1561120.79554842,835962.0,99769.0,12510224.75340656,1418595.0,1682064.44007092,2880586.52125034,3010492.0,857416.875,45032.0,311369.68921999,1934611.0,693718.0,4440695.48200074,1975513.0,49857577.85757786,4193538.36973048,2125438.00400986,2039928.75,1370906.64838791,47285313.0,454545.0,23267.0,381831.0,2967758.0,551888.0,9965173.87436461,9149079.0,60264.0,9220980.13030989
2021-12-06,406074.0,1705942.4887894,1717821.0,196600.0,8022632.42971037,7694753.0,2063600.88534624,2395064.10408014,1971906.0,1322176.875,85854.0,352352.60254341,2174151.0,3808534.0,9810001.48472004,6328134.0,120346719.34671935,3203782.42843803,1923319.8354576,1352815.0,1340667.98212443,44812019.0,125385.0,610834.0,428705.0,21072537.0,627008.0,12139354.27607528,3286054.0,316706.0,1821967.85146095
2021-12-07,1654331.0,5715505.71401878,4909635.0,81928.0,7486629.36878328,18875863.0,6476354.27810902,4576407.13384389,103068.0,1752892.5,55808.0,439214.51718683,8513172.0,4199181.0,10146457.32945286,14042239.0,74812673.81267382,2075405.42534,1012961.497721,2113948.75,589454.65880727,91338505.0,373210.0,1298877.0,712777.0,11308314.0,997856.0,18487864.9610719,6559099.0,214109.0,90043.41460704
2021-12-08,491109.0,1290054.22163016,3156705.0,38769.0,4437970.92839568,4814925.0,3989473.26338437,3885186.96067097,22384.0,4136000.625,18897.0,113161.62453313,251386.0,2224108.0,21496718.2296766,4111865.0,70346506.34650634,1683569.25063597,1174849.6982731,39998.75,369633.32840489,17067993.0,158567.0,457368.0,181261.0,2599190.0,481246.0,10122310.39929068,940447.0,631543.0,351644.96570093
2021-12-09,5475484.0,1153278.17801368,2152318.0,42950.0,2606549.12434129,2381500.0,3143950.59788554,13575178.80201633,190138.0,3047823.75,13310.0,1359237.52702922,6214000.0,1053267.0,9346518.2586037,4765999.0,55440913.44091344,7948473.5439054,1615719.18780648,5078562.5,181171.99758437,31883849.0,1037155.0,2662062.0,387823.0,2093923.0,236164.0,2667469.74578237,16179190.0,237069.0,18641057.28225722
2021-12-12,9217088.0,434716.60969884,2892684.0,81903.0,1397402.34471193,13150182.0,1682954.75135129,474688.78498037,137890.0,2189233.125,23637.0,782335.40032168,6835699.0,465778.0,4897486.05629199,4094938.0,33078786.07878608,2033889.9068299,4379957.70391257,5377372.5,212687.99716416,12018231.0,90870.0,791963.0,923319.0,7276490.0,210520.0,3414795.76647392,2122404.0,81590.0,9932.10860157
2021-12-13,3816292.0,190487.62229027,2100434.0,349816.0,2057375.01912179,8894814.0,4213846.59972199,3741815.21307789,52144.0,1794802.5,20831.0,300856.383987,3805277.0,3108188.0,12501092.21492608,2361972.0,21654093.65409365,1213023.54083852,1274945.70397183,4512667.5,424059.99434587,12264346.0,85829.0,186325.0,488087.0,2016557.0,816554.0,2942701.00043112,1585360.0,289821.0,126702.40201875
2021-12-14,2062149.0,1048549.0390924,830088.0,154010.0,2613161.70286444,4247138.0,3363048.26068814,2333829.12705086,182252.0,1122534.375,42562.0,378263.91475483,6687817.0,728434.0,7951261.98901844,1567508.0,81337464.33746433,1470689.15572128,505354.33775636,4785403.75,180446.66426071,12820511.0,234242.0,424672.0,194843.0,3187179.0,124446.0,16846448.98134775,609481.0,473545.0,5627.31949007
2021-12-15,1925332.0,904319.76513682,556257.0,185936.0,2144334.21459389,1977069.0,4528023.88076612,3323856.02400129,402882.0,4578564.375,54116.0,755477.76412538,9742287.0,1309450.0,4792891.89703486,2259952.0,27780456.78045678,1890753.84301127,4046409.35106493,846775.0,126278.66498295,45767741.0,24208.0,28057.0,553666.0,2413810.0,126214.0,26894976.37305128,1891413.0,85359.0,10840.75735254
2021-12-16,3056436.0,1931829.64558548,607560.0,1382112.0,3627478.21781581,4717142.0,7192879.44432067,2718918.8096958,323416.0,3505411.875,18219.0,829923.60445393,11047606.0,588901.0,6416961.85995906,5346991.0,58519057.51905752,2756248.22890048,13045094.7464457,1051995.0,84991.99886677,39185402.0,49693.0,1721240.0,3886594.0,22861714.0,799766.0,14454571.22326227,2874835.0,987555.0,445753.66431517
2021-12-19,1193086.0,639207.17051698,862593.0,133570.0,5416881.46848869,6784223.0,1746683.16660638,113488.78821983,312018.0,507416.25,94372.0,653030.60192898,1590625.0,155579.0,3619161.84867979,378801.0,52765378.76537878,4007076.28659452,4126737.45438294,240522.5,116539.99844613,31184227.0,20612.0,1061163.0,449175.0,4565563.0,165880.0,3119728.22471492,460350.0,117598.0,26368.67161467
2021-12-20,1302570.0,851372.70520563,4354065.0,132867.0,1528079.23403712,3169167.0,7468914.00287157,1677634.96253242,290848.0,1610420.625,9078.0,210364.78550321,557344.0,608073.0,4072102.71653894,412199.0,66949428.94942895,690892.80804138,1605493.40497084,511551.25,184367.99754176,27387551.0,36438.0,3831465.0,650754.0,2449650.0,457510.0,588426.13589335,1123768.0,198515.0,14896.58721088
2021-12-21,293563.0,669533.08064009,2852229.0,1089232.0,2359581.22130775,2846875.0,13582438.30171522,1643095.94938927,1511408.0,3444819.375,13220.0,321856.42653362,2447204.0,650631.0,5711793.17734693,1483041.0,42117633.11763312,880533.39259451,6176235.16673992,132061.25,821961.32237385,17889892.0,8074.0,259740.0,674661.0,4041278.0,595152.0,10963215.40931113,1863643.0,265218.0,25.21106361
2021-12-22,1185349.0,392734.2709548,1471961.0,171527.0,2631665.55905092,2587983.0,2624831.27242602,1103769.94525767,2038034.0,7279451.25,104404.0,1369624.31836049,1181351.0,1789054.0,8578801.08280978,841465.0,63977142.97714298,835968.37272475,3117855.76984805,394692.5,178302.6642893,13880796.0,41453.0,304326.0,1085327.0,9245149.0,524310.0,5762416.21467135,4977895.0,1318831.0,565214.18831179
2021-12-23,637888.0,2144673.64928812,1994932.0,410317.0,7945784.20229923,5042841.0,2188696.23965365,1143026.89557823,850526.0,8890972.5,43693.0,767444.71408915,1422198.0,1141312.0,6845843.90988555,4925680.0,38897294.8972949,1787331.79689953,3411303.65405603,468561.25,193614.66408514,22748533.0,16324.0,1539581.0,4500040.0,6291535.0,573518.0,2030054.44973835,377749.0,793707.0,168604.24020047
2021-12-26,658007.0,1296987.84399269,2166863.0,2707293.0,11781926.61032037,4991851.0,3121434.65870193,121072.19622357,93590.0,5318561.25,31351.0,589377.66255623,1263479.0,110449.0,5131291.06766333,4060812.0,40499014.4990145,2144852.45630364,2077140.57584901,60462.5,289817.3294691,45826605.0,12782.0,551280.0,1978551.0,1372986.0,314002.0,2860099.17821485,461492.0,449469.0,424275.93904095
2021-12-27,740477.0,673398.69921739,2054186.0,939559.0,13931352.83505361,6239310.0,256553.62101823,565825.55546345,5184890.0,3417967.5,11475.0,446378.99944128,914603.0,74612.0,3643390.61526492,2157011.0,52519459.51945952,3810919.69913617,662525.72826801,280591.25,203995.99728005,34104751.0,58670.0,3805279.0,2365388.0,1399770.0,97900.0,4754443.43692494,2907223.0,133033.0,44423.99500376
2021-12-28,3723489.0,851167.50969896,2867644.0,1061383.0,6930017.46554409,9207660.0,3475783.5128522,162616.14203932,7322.0,1431697.5,4824.0,3499439.04368547,11794744.0,606766.0,3708782.05383971,1008995.0,128118977.11897711,1035841.96184037,2391141.52522704,361463.75,156919.99790773,29016694.0,39961.0,458623.0,168113.0,10125379.0,415466.0,11181295.66668675,2740880.0,717048.0,911690.88597255
2021-12-29,709048.0,528858.32239685,1622825.0,1132616.0,12609115.81110741,5993750.0,3171305.32923237,476578.91949257,1476302.0,1433827.5,28522.0,1025626.69388672,530476.0,284880.0,8819738.39578109,2141105.0,64522294.52229452,1173401.02317243,3209470.15076469,262413.75,116033.33178622,21528860.0,85280.0,553736.0,1044243.0,4844685.0,611228.0,5835979.55800014,547854.0,625515.0,248217.62769963
2021-12-30,571975.0,557476.47636766,1500836.0,635609.0,5071114.49943587,4816827.0,4148089.333854,799224.20807871,271864.0,5253397.5,34209.0,769188.07565486,1022056.0,1507092.0,9672409.57786378,1564026.0,52072486.07248607,1128794.00328395,2615981.58157244,1603370.0,272347.99636869,22316781.0,66844.0,1783587.0,277107.0,5419984.0,303954.0,18093527.31195095,1531145.0,303305.0,1505960.8250955
2022-01-02,309119.0,698101.5905367,2730503.0,35549.0,4338113.95803822,3085076.0,600243.56260922,227751.11903362,113250.0,1290991.875,86131.0,246383.2933231,946883.0,78345.0,2897271.69647872,570175.0,30178254.17825418,1083952.98329114,1002418.3831191,18153.75,276998.66297335,18125686.0,3074.0,985305.0,175323.0,3982855.0,307262.0,6635920.20673948,271136.0,130530.0,100941.94731369
2022-01-03,363506.0,649278.29836862,2376099.0,254292.0,6175674.85401937,7937426.0,2021508.02711647,2359817.46762495,3765582.0,1000601.25,41538.0,205672.38488839,607433.0,350905.0,2628340.88481642,3451113.0,21767004.76700477,864930.38563775,2443332.10082913,749940.0,1622353.31170196,24790440.0,48648.0,1477720.0,103840.0,3008278.0,284318.0,5581354.4230001,213938.0,226164.0,333146.34777669
2022-01-04,579798.0,988711.38166298,12381940.0,165486.0,6080479.69740796,14463457.0,1817386.79012686,1628091.9136494,12550.0,1592538.75,37766.0,615430.67033758,1278056.0,1180362.0,3925473.97481424,1310077.0,23378330.37833038,1027825.95826635,1983397.03878006,13188.75,911725.321177,65381696.0,160199.0,1055116.0,229654.0,3505466.0,8168462.0,13092034.13403668,3165121.0,1270489.0,614863.17624883
2022-01-05,176878.0,420581.28697312,6862032.0,205151.0,25400196.57965978,13920652.0,1727778.1181547,674245.28543278,513482.0,1795492.5,231501.0,597265.80432851,2070974.0,1125515.0,3884475.70967316,2053080.0,23720192.72019272,569103.2537403,4164631.76725053,222080.0,171237.33105017,12417926.0,136442.0,5007314.0,1066125.0,5362842.0,3771708.0,7950129.14385791,2297877.0,1068438.0,1445051.9458734
2022-01-09,474611.0,409500.72961285,1173801.0,103967.0,9690246.81088151,7223234.0,1002023.83296415,244183.85431225,3270.0,413323.125,90070.0,142917.69421785,610185.0,429750.0,892335.71975545,230264.0,13208356.20835621,1413450.63020092,666457.37551913,513098.75,162366.66450178,10618490.0,3250.0,1318052.0,495865.0,4257937.0,2974974.0,2202940.29740815,362997.0,134588.0,64018.24373407
2022-01-10,588091.0,322249.61441307,5118297.0,56809.0,19128807.08659184,4140552.0,2669816.81489017,975626.89707958,308070.0,2679480.0,92630.0,440182.348535,1410620.0,406275.0,11650707.95057992,147797.0,15907194.90719491,6584461.43574714,1146624.67098928,1072211.25,665406.65779458,25505187.0,179719.0,757770.0,972620.0,2323859.0,9445536.0,2716680.58545981,1969856.0,38162.0,124944.9807929
2022-01-11,757113.0,496540.03009606,1458973.0,34931.0,11380951.10412978,7571861.0,3698553.29597293,1283034.06921046,1282188.0,994068.75,18601.0,422400.81964815,1461128.0,629092.0,12259382.74394679,3999374.0,28864741.86474186,2270500.01232485,1672246.24199387,225328.75,360829.32852228,12695558.0,241716.0,961974.0,702414.0,6765094.0,2975434.0,2293294.85725656,1829563.0,432425.0,281670.60818886
2022-01-12,1846971.0,1260396.8517062,16133253.0,4875.0,7298703.89149934,3615215.0,5023561.54127147,2003659.62328556,2126.0,3037389.375,60261.0,1239893.168119,309994.0,1014786.0,5758807.99423913,2397108.0,15284727.28472728,1212023.04039244,6167659.04242448,425081.25,296310.66271586,17669263.0,103181.0,479818.0,476412.0,2964592.0,1695816.0,6725440.44545982,2069670.0,61012.0,167777.52740624
2022-01-13,506228.0,1027784.57765921,7262461.0,20818.0,7605011.84042878,4214705.0,4981601.07133617,1532405.36742237,635962.0,2085609.375,56228.0,813054.24079849,816694.0,559611.0,3506186.6346806,2090226.0,12679290.67929068,2238269.49795455,1099850.90197085,1689745.0,311965.3291738,10849131.0,24348.0,567354.0,456725.0,2289531.0,2442920.0,6566895.24790447,1426257.0,338888.0,508618.50188906
2022-01-16,488181.0,1328465.49663712,5408778.0,84194.0,3794678.51036682,3630909.0,1205895.18704793,182690.58132116,101786.0,412280.625,22500.0,243419.07260578,258863.0,231127.0,5881784.31698274,529517.0,9663180.66318066,1130996.00426573,5540574.13914005,515203.75,232150.66357132,27953448.0,36403.0,1046327.0,177342.0,2449863.0,2089324.0,3258634.6314657,2294388.0,167604.0,1270.00732938
2022-01-17,561871.0,721282.06358071,8986496.0,27962.0,3085309.00858502,1972112.0,4308826.92674266,436986.99159653,16450.0,1322578.125,15938.0,817012.86078333,419406.0,28677.0,5317477.20551902,3864895.0,10747420.74742075,1325097.59080784,908217.51497523,1220122.5,130377.33159497,13052313.0,49943.0,125788.0,495491.0,1958687.0,1974190.0,15107542.37628119,1052628.0,175731.0,1101661.50258296
2022-01-18,643341.0,1321280.34429867,4322609.0,3186.0,2481805.69847815,914448.0,2427154.03567021,2630749.75219058,13686.0,1005176.25,12670.0,225672.96761142,1612311.0,406018.0,5759718.69734423,2746512.0,15760113.76011376,1409654.12850821,831186.39537583,252976.25,218929.33041428,12843345.0,4150.0,263167.0,381065.0,2069069.0,3433704.0,8070726.83696483,1284753.0,372333.0,42162.35250569
2022-01-19,904532.0,741854.56792703,4024412.0,3001.0,4198803.37883277,2816799.0,3086934.26916056,971997.30069958,557812.0,2386130.625,12180.0,342358.00430747,3081701.0,1067495.0,10632569.58809953,625014.0,13414852.41485242,1433510.13914465,396849.04025165,72720.0,448229.32735694,12729111.0,2866.0,487977.0,553492.0,10792906.0,930158.0,4632898.56765813,3827699.0,114641.0,40965.87744518
2022-01-20,2272961.0,855215.1565483,10273741.0,17646.0,4350465.19410947,1240286.0,1741357.84746094,443034.07674409,6302.0,1172413.125,64808.0,707244.33909435,4381397.0,48023.0,23367165.7097192,482299.0,13554358.55435856,919255.90985932,473842.82670209,66918.75,426893.32764142,12317056.0,11567.0,250948.0,1971855.0,3557630.0,1044052.0,2082977.4138552,2271824.0,277666.0,1324498.94245366
2022-01-23,194275.0,572932.33146697,5521275.0,19150.0,3864703.11951472,2705519.0,407497.78982277,284339.45933328,2240.0,1243417.5,2500.0,1516619.5556308,1645654.0,568360.0,6623107.72814047,220140.0,15085245.08524509,1014814.95246527,954685.61883645,26621.25,224641.33033812,12434917.0,10385.0,170355.0,529959.0,7574489.0,902776.0,1815029.33929549,396633.0,155603.0,143236.65790334
2022-01-24,382322.0,575993.71604231,7148551.0,23513.0,3890325.50847306,6595555.0,11325092.11195921,2557452.89186141,99108.0,760398.75,3072.0,990215.45279509,1028805.0,293979.0,6593246.64154024,95886.0,8915897.91589792,3130555.39578903,1681212.0310517,149370.0,153795.99794939,12027187.0,16624.0,459023.0,509437.0,1450733.0,569478.0,4167375.59195024,1285562.0,138468.0,423726.54794644
2022-01-25,1035732.0,2490888.11311748,2653021.0,8017.0,3001999.71836157,4138917.0,1852615.31528787,981534.07191449,1298818.0,1441518.75,12081.0,463522.89826345,1074425.0,245382.0,9186411.84983073,585537.0,9636891.63689164,930037.91466659,820321.28236404,13714952.5,137646.66483138,7516201.0,12695.0,1323532.0,493220.0,5814130.0,1367348.0,3041243.59589154,3051468.0,57430.0,393966.98827615
2022-01-26,1360159.0,483927.12564564,1068097.0,15464.0,5167291.80253005,4780108.0,1032891.81867574,1371310.75003309,602600.0,2199555.0,43718.0,628478.04902204,817940.0,568138.0,15136751.97540659,346605.0,10769326.76932677,1247790.55633974,502555.51824435,5241576.25,93899.998748,101993749.0,1223.0,1961394.0,419571.0,3057519.0,723000.0,1212044.90429775,1077039.0,532023.0,266874.86523242
2022-01-30,461884.0,18259229.492243,8016407.0,32960.0,1929022.2725754,2844930.0,1349635.77777909,131564.12438059,3358.0,562957.5,5857.0,163548.31617145,283083.0,403464.0,2966230.20948748,157926.0,4468609.46860947,500674.72323077,291423.72753715,1493777.5,94930.66540092,64700248.0,5454.0,668365.0,166271.0,1730351.0,775252.0,2059332.26942113,503873.0,17917.0,1830.95349472
2022-01-31,965228.0,2715726.12514558,1866805.0,35945.0,1906546.54025471,7204625.0,2327761.86873601,1026995.50648435,2642850.0,2794171.875,73490.0,125228.52047925,979059.0,724379.0,12896448.19861641,788696.0,13743820.74382074,1989495.88703638,374022.15297702,3516445.0,95637.33205817,22259279.0,40045.0,569781.0,232925.0,2076916.0,1104058.0,5112341.00237958,7889968.0,200459.0,612103.61524446
2022-02-01,195086.0,4473778.34381475,2276112.0,43131.0,3167165.37136701,28627711.0,2856305.58590878,1009210.75328062,95496.0,1451298.75,68633.0,146137.47301664,8643278.0,122009.0,5355776.61216811,2826725.0,7102801.1028011,2001065.39219476,119692.40892638,102618.75,258490.66322012,28596736.0,13232.0,1202041.0,203686.0,3858216.0,1291810.0,4105938.11873649,2035189.0,821419.0,151528.99690924
2022-02-02,420476.0,2540108.55787912,3893744.0,128046.0,3736125.80503976,41273795.0,3069525.2084365,2129741.68493505,6796008.0,1934439.375,40039.0,160305.76487035,1592263.0,238210.0,9879551.12347653,11248838.0,23567969.56796957,4330302.43070809,3223705.74713211,1983307.5,92486.66543351,64747114.0,19300.0,266984.0,102112.0,1407811.0,1211028.0,2356197.43061551,2157960.0,102134.0,1385044.36217537
2022-02-03,645951.0,2879419.18579046,1847484.0,60326.0,4429743.08416946,30772466.0,1659057.00934405,1708790.56763417,2366850.0,1340533.125,9476.0,225688.14927962,1101671.0,401090.0,5944857.43426565,4008282.0,11940092.94009294,3645735.125487,1565238.93709167,4551.25,142678.66476428,43905472.0,24385.0,496209.0,284460.0,709176.0,1820594.0,13643357.16295179,3345917.0,265470.0,391928.04350665
2022-02-06,788192.0,1252433.94220536,1708841.0,158602.0,6394644.8181996,70773742.0,536698.83611272,82057.3983672,267302.0,557276.25,16599.0,182422.92516917,419794.0,77929.0,3480007.15312796,2501207.0,24445167.44516744,1936373.36335118,609339.99091363,31796.25,149457.33134057,26895274.0,14181.0,42603.0,173919.0,744002.0,814072.0,848829.04546874,167582.0,207071.0,31126.20941017
2022-02-07,641774.0,1138732.46427462,1996325.0,123318.0,3927503.67602073,43334954.0,4303837.54289446,520057.39443895,242848.0,5064498.75,27280.0,304097.67014908,657810.0,532852.0,10855813.76853406,1218914.0,23485475.48547549,7403985.30113994,543107.4846544,29127.5,348239.9953568,29536254.0,9993.0,680737.0,213037.0,1292281.0,2270942.0,3532586.19066439,906304.0,54273.0,1168375.2292014
2022-02-08,377109.0,1116544.8727145,1409238.0,54106.0,3193353.2386033,30380494.0,2962538.91796021,690441.24941308,250068.0,889505.625,80100.0,82107.52221676,370914.0,1275981.0,8326410.70847618,830667.0,6580389.58038958,7107117.16877836,812053.15652762,732722.5,248047.99669269,130658144.0,16610.0,259717.0,272265.0,1405119.0,505676.0,5849524.1770866,1891004.0,114044.0,3112335.21562986
2022-02-09,1174680.0,424609.07619279,1218234.0,41076.0,11809394.24418574,30235797.0,3511235.44326014,1410844.83039601,4334.0,459877.5,70508.0,58669.55678397,8386819.0,1024743.0,9950480.67140038,5237198.0,22488316.48831649,18274014.64764984,843511.00118024,309890.0,100171.99866437,55516196.0,67396.0,673496.0,191429.0,2429432.0,725060.0,6139400.38738202,18287890.0,482252.0,1177646.59784417
2022-02-10,2364031.0,1043458.86668497,2997823.0,165709.0,6269603.77219017,24789769.0,2443969.00392279,1375650.66030807,56432.0,1039305.0,21793.0,173130.47908778,3083793.0,54594.0,12480497.02442153,2688005.0,17288279.28827929,6453220.37723202,851237.79635656,95263.75,89579.9988056,23321013.0,6138.0,543634.0,851671.0,3366217.0,703386.0,9356125.49667514,7513966.0,657215.0,80788.85334001
2022-02-13,328888.0,1308065.09174802,2682962.0,214526.0,6907046.60152547,60101959.0,940001.57185416,617359.63571875,329972.0,4198155.0,10545.0,298193.26635578,660984.0,121588.0,4815144.08690101,2221994.0,10872559.87255987,7078642.65608271,859697.25458146,40138.75,379397.3282747,38851943.0,11031.0,63070.0,793143.0,6729247.0,1178680.0,4137972.82562509,5103876.0,80472.0,48219.31053813
2022-02-14,480083.0,1268869.44036878,1715003.0,29565.0,8589052.26958884,24086566.0,3367001.70613204,1022398.64553903,247986.0,2933336.25,47866.0,490679.10726781,2492586.0,82401.0,5787656.77799637,199617.0,10872097.87209787,3115016.88886103,1437885.06599967,236623.75,208579.99721893,11385177.0,12236.0,408091.0,275946.0,3327896.0,728576.0,1416451.5654077,1046856.0,386687.0,104825.5015707
2022-02-15,462543.0,883925.97945761,1641025.0,24003.0,8144191.32000815,54507004.0,1123324.60778103,3488106.69517393,28676.0,301263.75,49014.0,215392.44795759,1800782.0,292836.0,10971777.86209521,821563.0,11614163.61416361,3839539.71189669,260978.5445504,202278.75,224565.33033913,12390520.0,2913.0,545227.0,979921.0,1658800.0,682832.0,1447303.30973065,4220423.0,702122.0,78658.51846491
2022-02-16,1738462.0,164411.24491823,1760621.0,12361.0,6201740.96755945,35229069.0,4829819.54656906,2335837.64721222,420582.0,779385.0,13971.0,301702.76198951,2460181.0,652295.0,5528887.78739116,855676.0,16750879.75087975,1786851.79668551,230137.86351672,117933.75,315878.66245495,9933509.0,73.0,110333.0,2184602.0,4918921.0,582328.0,2104321.12174757,1695294.0,160752.0,3278.48873036
2022-02-17,658715.0,194240.71429939,1126627.0,9433.0,3805942.08008526,15529329.0,2009090.00509429,1246795.95294353,2.0,1562932.5,7930.0,169180.71507606,497600.0,50475.0,6863086.30903968,3787972.0,6090393.09039309,2934658.30844638,312206.62490556,183197.5,337421.32883438,11126124.0,2494.0,367149.0,300644.0,487855.0,635192.0,13128363.37793959,1792451.0,299468.0,5657.7828586
2022-02-20,403004.0,1869370.78103857,1359040.0,41007.0,3896069.57729656,34063515.0,646428.87399209,117695.5146395,176018.0,334338.75,28644.0,118828.1821912,1487049.0,269230.0,7248055.1049816,416693.0,16018267.01826702,1832082.81685221,66477.50504936,62745.0,560529.32585961,7892619.0,2560.0,162142.0,97935.0,5193245.0,777720.0,1803371.01145511,776986.0,284118.0,6576.9362194
2022-02-21,216575.0,706273.00514916,946576.0,2336.0,2698979.11922985,33875431.0,1750623.37322083,527083.85177503,116944.0,1246440.0,15241.0,295056.98673212,1470090.0,118423.0,7463067.85937898,192862.0,15379266.37926638,2895851.79114411,273671.81520091,115620.0,251867.99664176,18380766.0,14600.0,234988.0,223369.0,1390043.0,1406490.0,3059997.6838574,3483990.0,241365.0,73340.03450407
2022-02-22,1935882.0,239178.53026049,4759709.0,33174.0,7509805.8612666,43729853.0,3990009.43597701,858242.14476913,2156836.0,2255868.75,433385.0,439260.06219145,2265822.0,361004.0,3230286.08099896,1299324.0,16717207.71720772,2193414.97795572,1235503.2320828,44833.75,404725.327937,12113456.0,82209.0,471154.0,965365.0,3347260.0,528034.0,4710583.13491667,6691421.0,495125.0,351713.24566487
2022-02-23,425740.0,363533.62651344,1780283.0,14344.0,2933330.63369816,17454017.0,2886215.41133907,1195863.21797432,245242.0,586434.375,145889.0,142558.39473696,554177.0,731801.0,5011279.60999819,1481731.0,9121425.12142512,1731587.27204528,332001.36048711,17951.25,112167.99850443,10224790.0,109132.0,7769.0,2999667.0,675081.0,536350.0,1017422.37139265,3082431.0,601823.0,46414.61856801
2022-02-24,1822973.0,1747991.01963237,4476807.0,321030.0,12527162.04536846,37200618.0,6120799.03562531,2646376.65788003,12884.0,2139579.375,123260.0,1074869.69985349,1483760.0,1115010.0,8918018.59314527,3936501.0,21383103.38310338,7086094.65940526,1630419.11521425,351500.0,319649.32907134,34908552.0,53047.0,817381.0,434630.0,5319368.0,1392958.0,5313609.89055133,2278166.0,1457389.0,218534.75168116
2022-02-27,521475.0,320998.58374336,1179825.0,797947.0,6158301.9543888,27163518.0,2303758.21609318,472136.76706604,2520.0,564292.5,97628.0,395363.53371141,323006.0,120715.0,2551546.2611143,1485041.0,11224169.22416922,1222052.04486397,282858.10316986,199845.0,147810.66469586,28092156.0,117278.0,524099.0,82575.0,2813132.0,841488.0,1628385.25408615,800469.0,80657.0,31289.03086266
2022-02-28,457924.0,695132.87489986,1027088.0,247762.0,4894071.09695556,25428356.0,5464450.96866934,7120174.37560382,198234.0,3961192.5,103747.0,250109.12772878,856715.0,231544.0,11258422.12624187,1446394.0,13284463.28446328,2469826.10119635,131150.1856781,263212.5,236369.33018174,10335460.0,40616.0,1724116.0,123282.0,1828558.0,1201578.0,824135.96145351,3973429.0,760035.0,631281.8814252
2022-03-01,88584.0,327432.455759,1739233.0,130517.0,6487634.88009073,16017116.0,5314656.92317309,2779751.54457622,1720208.0,5876058.75,147358.0,127652.52683622,2957112.0,1142456.0,8772367.05617229,1734991.0,13773352.77335277,4134403.84336477,562185.89044005,131167.5,275803.99632261,7072609.0,5549.0,1508417.0,105096.0,1276530.0,632430.0,3225638.64153823,2241673.0,110611.0,1143.95201133
2022-03-02,382856.0,535851.51764842,2564667.0,598406.0,3735920.17657505,31465324.0,6188954.18447706,1539756.04000219,212.0,389686.875,75839.0,169614.65775896,1051891.0,3163651.0,2770109.46453399,1257448.0,18617964.61796462,5589467.49211927,310652.63257959,69081.25,268418.66308775,19846496.0,3031.0,741672.0,383446.0,2446128.0,621370.0,846078.2040682,1171619.0,389129.0,645274.02172906
2022-03-03,1372286.0,445016.10029178,8747610.0,3210.0,2778221.83599982,16976563.0,5235271.93724212,3478205.34997125,118314.0,3013128.75,40767.0,1795747.17699726,522712.0,941449.0,3078736.2174244,802579.0,16693849.69384969,1997616.89065721,350156.93749661,356942.5,126718.66497708,9339438.0,2841.0,464526.0,1655792.0,2320756.0,274592.0,2748050.25376806,1379670.0,1009208.0,543300.52172931
2022-03-06,1877815.0,458850.24896739,1695713.0,528000.0,2763465.28801896,14182765.0,3652224.01231981,214899.54964216,175962.0,5478759.375,163200.0,583875.57297039,2241559.0,590298.0,3616239.47076444,1408322.0,6633900.63390063,1592819.21017417,1193637.60549331,1559741.25,88515.99881979,5326523.0,23910.0,380223.0,443955.0,471808.0,397396.0,3362479.39815309,5534196.0,80520.0,169388.93455535
2022-03-07,1926666.0,3222741.05489674,5046029.0,71146.0,3910601.55734885,20946614.0,18770439.34355974,507312.10307343,36400.0,1779534.375,777051.0,620906.19200405,3058262.0,1333758.0,5062321.47104681,1397118.0,8392451.39245139,4362982.94527902,475105.15380171,8524543.75,518951.99308064,14649392.0,10977.0,212339.0,475129.0,1571901.0,851762.0,12443272.87675821,7064606.0,519707.0,497244.11035677
2022-03-08,511257.0,446588.16264128,2324016.0,27302.0,3346927.93972938,14136836.0,19710474.01248752,1728061.86790976,1048176.0,1080690.0,380477.0,490813.21200363,5981512.0,1066612.0,7796804.52567223,2414812.0,15033396.03339603,5541714.97082833,244495.95927921,82662.5,183001.33089332,6857656.0,283982.0,315003.0,315873.0,684036.0,612524.0,18411770.44060093,1799144.0,328253.0,2055356.12145266
2022-03-09,214611.0,460720.17576206,3457381.0,33121.0,1801722.01909181,13421765.0,9913136.19940755,2227370.83204152,1598764.0,2365895.625,116460.0,243168.57508038,1007599.0,644213.0,6290291.00129213,1040536.0,9988770.98877099,1972404.87941619,554730.92725468,114128.75,152535.99796619,24215853.0,90773.0,146351.0,689860.0,601475.0,1148718.0,20034261.03454307,3121225.0,265999.0,2170642.11349977
2022-03-10,656009.0,267323.41072398,3753573.0,279555.0,2104112.20464093,12366017.0,9003881.80894626,3450462.7493232,378444.0,7468005.0,36874.0,193338.54460963,2909243.0,2195699.0,5277264.02926165,3953726.0,15156981.15698116,3078487.37257399,308013.64561163,815956.25,227575.99696565,10102212.0,4273.0,223198.0,672359.0,1002405.0,374246.0,4899331.16036202,3173736.0,591520.0,1615630.00226238
2022-03-13,2815902.0,171278.67518184,1409817.0,1204837.0,1953776.15183408,15566461.0,2559353.67683012,187795.96244129,302960.0,1609145.625,106852.0,777196.40563378,789217.0,455750.0,1907078.80372231,573134.0,15031149.03114903,3356734.49663322,680368.64015486,1329715.0,245773.33005636,12157289.0,15907.0,212797.0,127395.0,1734041.0,929050.0,4451099.18774322,3638218.0,322436.0,558296.90273365
2022-03-14,789665.0,163712.91827456,1392203.0,1194337.0,2586124.26539235,9974240.0,12583510.69998821,2549323.29552176,488694.0,3549956.25,266769.0,213822.41043723,3508787.0,618190.0,1911493.77415068,314357.0,11343410.34341034,1260152.06185124,1942443.74101856,39036.25,42631.99943157,10791950.0,2881.0,425503.0,38413.0,1360636.0,507376.0,5125877.56039234,6511859.0,356923.0,609477.46278503
2022-03-15,4356834.0,173059.24264296,2410927.0,80158.0,6680435.91649853,13188873.0,6252437.68138736,4488230.00458987,1291690.0,1275133.125,149276.0,940923.10640666,4503058.0,1158294.0,9385222.2169364,890361.0,12175590.17559018,4667739.58115778,2143053.41702016,18578475.0,334193.32887742,20066252.0,1219.0,464196.0,525512.0,979811.0,461628.0,4870375.78362728,1999340.0,236053.0,421481.71282411
2022-03-16,11529381.0,745144.31524367,3815623.0,627782.0,4092628.74446076,18962556.0,16763196.15517343,24141345.523396,777044.0,1209770.625,170935.0,2692309.44890456,8294183.0,992455.0,11320349.93738855,5135281.0,27200064.2000642,3095879.88032861,7473731.25935181,452812.5,229177.33027764,31194050.0,127839.0,2956387.0,584920.0,1048499.0,1339822.0,33520908.90947496,1730938.0,395353.0,22663887.9592601
2022-03-17,3621941.0,210795.35824087,4078642.0,62638.0,11615375.67081582,12209966.0,11595695.44072908,7338729.08216387,1223366.0,3843450.0,298491.0,891004.5162047,6290636.0,1289938.0,11006628.41945988,8605057.0,26478881.47888148,5271297.85026019,4805919.60039704,461216.25,398351.99468864,18572909.0,23149.0,1531207.0,289740.0,1662048.0,1626504.0,8696989.63754323,9308479.0,1081554.0,2214850.76400185
2022-03-20,542617.0,276358.63222743,1075404.0,41860.0,7074809.66671676,6045629.0,2428802.26993648,11282.95954007,34710.0,7540726.875,198014.0,6332707.75160924,1674747.0,1123916.0,2183520.60691672,2347687.0,17526692.52669253,1620024.72230402,2780024.60481677,60858.75,209149.33054468,160330443.0,5167.0,4056414.0,87868.0,866971.0,389896.0,9280899.55689548,681055.0,284503.0,109494.80064357
2022-03-21,9027788.0,388881.89079729,16683396.0,360004.0,10685212.60504829,24444608.0,8367142.10325639,2190271.72923523,1756344.0,4712469.375,852578.0,3675408.49472786,5111052.0,4433801.0,15606798.54459071,2519350.0,50503598.5035985,8783154.91605633,5009773.76037649,328298.75,559434.65920754,102570150.0,218407.0,4116379.0,3008839.0,6277747.0,687452.0,13606405.20110546,8218961.0,896274.0,421164.47360702
2022-03-22,2361144.0,874659.08560792,11721405.0,1300681.0,10934656.16657148,21654024.0,10175049.89149852,3271160.95720932,2800184.0,5055099.375,232761.0,3701576.63015977,1261149.0,1150331.0,61405108.20424837,1402828.0,48185616.18561618,6913609.58250109,6482243.3222552,419668.75,2128295.97162272,64184259.0,272273.0,5309843.0,990414.0,3297734.0,1266088.0,10997059.82724565,5492319.0,109368.0,317739.23652769
2022-03-23,1230912.0,239701.44784201,6977059.0,293154.0,4293998.53544417,8942100.0,3764596.85152773,3009076.65462711,4329496.0,2035781.25,126285.0,1070189.95062884,560611.0,710140.0,18877571.19750536,1117145.0,34508230.50823051,1959117.87349205,3855557.62687592,366781.25,449146.66067804,47451476.0,33510.0,5974165.0,586327.0,4177109.0,4072340.0,5592073.63575428,3190154.0,379765.0,1257296.75147777
2022-03-24,1948299.0,410510.15912147,11503071.0,2141221.0,4209826.14679647,16497272.0,5234897.94031021,1057514.78872184,9475830.0,3700485.0,675169.0,5031826.02688772,764259.0,287488.0,24636467.86060665,1445459.0,34524307.52430753,1953909.87117001,19781168.48188404,7192371.25,3491190.62011746,29712260.0,52245.0,4595117.0,839248.0,620294.0,1942696.0,17420977.82618022,2070209.0,199589.0,284573.03188703
2022-03-27,733317.0,77385.1828548,7842217.0,2778908.0,4294693.88433142,10094547.0,4597630.33629611,383143.04589109,2075766.0,4197489.375,310941.0,1187355.74015143,2456805.0,493637.0,7514355.4070665,15846319.0,25785625.78562578,1241012.05331748,5402236.15562392,2988433.75,920615.98772512,22056003.0,49268.0,2055851.0,403932.0,1167415.0,874866.0,3002090.96092477,3110398.0,114698.0,23915.84521756
2022-03-28,3266466.0,208286.67769156,15096704.0,32583.0,3942804.057178,7090525.0,3718777.26280836,1929598.63740271,1323852.0,3604860.0,196809.0,2691554.16091129,1246961.0,773628.0,6523591.70850994,2332605.0,22633630.63363063,3004864.33974843,4649881.03762451,815092.5,625837.32498884,13472239.0,424721.0,1611037.0,306395.0,1171314.0,719840.0,3015401.80887389,1415251.0,106796.0,247920.34724122
2022-03-29,1358984.0,349500.90154105,5539209.0,35892.0,3725092.21452529,16054726.0,5271390.7736835,442864.57001915,185556.0,1822653.75,161866.0,3947672.73692597,1249702.0,186735.0,14815933.25396923,10182534.0,18226161.22616123,1197234.53379884,3247738.96178291,2180900.0,527269.32630308,12632615.0,638235.0,1962266.0,369992.0,2455942.0,596846.0,7191626.44447963,1911383.0,79560.0,126791.69120237
2022-03-30,777011.0,57103.92374377,2654720.0,53306.0,3475905.68858299,27205342.0,3230754.29286841,173370.40203255,650488.0,1441908.75,196377.0,4500610.60036957,333110.0,275816.0,9005824.78116684,8276433.0,20729903.72990373,1526493.68060228,1789375.49691113,719067.5,964961.32046718,29621877.0,919633.0,1256508.0,324484.0,986463.0,1681650.0,13576206.40375231,1653850.0,6689.0,96940.7414265
2022-03-31,3897654.0,131616.36950517,5009798.0,19773.0,2768892.79723231,21912088.0,6459180.20660767,650484.74752928,511120.0,7321350.0,194742.0,6646339.50939199,192451.0,571590.0,5245478.08944537,5859963.0,13795573.7955738,1088778.48544264,2367490.97535321,259892.5,517546.65976604,80930968.0,235910.0,973916.0,471126.0,468088.0,1278164.0,3924473.27338018,1531571.0,794913.0,1913242.40634098
2022-04-03,337748.0,236832.02035355,2078540.0,31072.0,10674625.44475326,10007112.0,1860816.77013088,46349.32693857,29846.0,141418.125,200847.0,2946698.54192855,387362.0,71049.0,6195636.99093669,6226972.0,10370419.37041937,5794015.08331883,2373862.11055748,194402.5,649611.99133851,21606038.0,115336.0,320708.0,907359.0,814405.0,670202.0,5103234.00436564,770440.0,33764.0,1766327.03407247
2022-04-04,114918.0,64057.40373598,2799850.0,37645.0,17309774.39753642,8051049.0,9304522.38687986,567121.0711469,42260.0,7227363.75,258878.0,790441.14600492,2694410.0,1172923.0,6667796.83466894,3907051.0,26115455.11545512,4414425.46821518,1320650.81160093,43747.5,469222.66041036,12222151.0,81097.0,2768550.0,925948.0,1599823.0,2279044.0,3048810.92882854,2636738.0,98023.0,88443.56252876
2022-04-05,524369.0,83911.72380894,4549514.0,1035923.0,3628103.22012303,4946637.0,6238439.27409983,344693.27045118,18564.0,816965.625,100823.0,1940083.0920534,3007163.0,75999.0,4410929.0,3140194.0,24870795.87079587,5130467.28746949,2516705.73849018,140102.5,603625.325285,16059064.0,107190.0,2652852.0,441193.0,2515830.0,1553678.0,2575631.94837293,2375792.0,256412.0,236479.77666695
2022-04-06,544417.0,86751.36485288,2406136.0,1035923.0,3455429.42251787,41432572.0,3347467.81328158,800792.81793011,14618.0,606952.5,109161.0,8825082.22106844,1082447.0,594923.0,2210215.0,1236292.0,19019776.01977602,5487915.94684151,1503363.90931403,188968.75,296349.32938201,29686120.0,74809.0,479178.0,377513.0,567363.0,247662.0,16682325.52079116,545360.0,443051.0,398062.73565188
2022-04-07,2707057.0,172162.33970251,5337162.0,1035923.0,3369660.70763095,27113316.0,8414345.14965307,1633278.01225759,59164.0,463284.375,93265.0,7669819.26236652,345563.0,1125179.0,10629687.0,579841.0,17022959.02295902,5431386.92163748,3548178.64479682,481740.0,146694.66471074,22714834.0,110803.0,732304.0,414135.0,840223.0,2249834.0,20785706.26389594,290835.0,302304.0,699569.19859733
2022-04-10,380920.0,132529.82047035,2017617.0,87097.0,3528056.85512701,12856348.0,3428913.0920454,10828.25102396,49296.0,374223.75,240881.0,7420379.39317784,261057.0,616418.0,8648999.0,569354.0,14239658.23965824,2396972.56871388,5980489.30005284,266918.75,1213262.65048983,11119127.0,36738.0,257474.0,312312.0,715057.0,565296.0,5434876.65277545,152415.0,313392.0,117424.73061007
2022-04-11,3247316.0,393955.51517999,2523261.0,20001.0,2000375.34983085,7378016.0,6928529.80761128,580095.06206193,12022.0,3010164.375,176079.0,3155330.08697818,1532459.0,592277.0,5466046.0,1141435.0,11879570.87957088,10743982.7903108,4100873.74877161,168610.0,245910.66338786,14868682.0,25446.0,283208.0,701543.0,1933772.0,359776.0,2244597.91102756,1358949.0,82611.0,592875.97739748
2022-04-12,631120.0,1171960.89793565,3255970.0,22423.0,8257127.34297645,4328282.0,8290110.31925979,1310379.80887552,564502.0,1250092.5,100782.0,1721987.04201604,361628.0,708911.0,8745725.0,447098.0,12105924.10592411,5042093.24806705,4722364.51301475,119218.75,288145.3294914,18807620.0,30660.0,320097.0,746953.0,731195.0,360900.0,555414.02381848,1394834.0,805452.0,441127.43414264
2022-04-13,1477464.0,142571.16187748,2740675.0,51815.0,2927900.41884712,5254109.0,5706359.13461077,1852832.27037819,277712.0,2663021.25,89922.0,2051384.96223124,277705.0,863090.0,3578052.0,1483210.0,11170973.17097317,5409636.91194003,2183232.05194048,1603725.0,123031.99835957,5748705.0,21131.0,91664.0,371086.0,1068490.0,213544.0,1337517.53172547,2979254.0,1390054.0,3304467.68094487
2022-04-14,691515.0,156977.8722088,11271513.0,15400.0,3421146.28730235,7438676.0,4778848.39834075,1373595.05494534,273544.0,2942422.5,32131.0,1686525.19536372,1173275.0,663282.0,4188050.0,2828829.0,13534723.53472354,13913916.20365691,730277.22702604,1467906.25,245197.33006404,12066910.0,90001.0,624567.0,2088945.0,855832.0,317306.0,1793028.65389646,5348692.0,331399.0,4019326.33916101
2022-04-17,468632.0,49084.75095884,9076580.0,29500.0,8408199.32923595,10751922.0,5085332.26462194,98799.55068341,328218.0,1160679.375,59051.0,4772257.45472729,974072.0,253955.0,4366468.0,6504507.0,14072324.07232407,5364921.89200339,2788163.23129269,168637.5,288242.66282343,13382198.0,32911.0,1007924.0,949359.0,1108687.0,621588.0,1216980.29667132,1738403.0,986524.0,197910.00072576
2022-04-18,929120.0,54529.05109553,6321821.0,17000.0,5262606.00719997,5202278.0,4407234.45573666,933534.07234499,514286.0,417605.625,229939.0,2654660.17689148,620907.0,273226.0,2696955.0,1506818.0,11097890.0978901,4897743.68370738,2837344.98841981,809355.0,325710.66232386,23010098.0,29925.0,1184408.0,908224.0,429362.0,383522.0,1421745.67556097,677608.0,655713.0,88227.1675661
2022-04-19,294525.0,275809.23780634,4866544.0,111.0,5821782.85497269,8655265.0,10362366.08935763,986277.5696298,5708196.0,1832214.375,32269.0,2758390.19005133,802170.0,460137.0,2090268.0,724529.0,13804027.80402781,4467667.99195388,1896828.46627918,128235.0,279687.99627083,13108758.0,19392.0,298879.0,2208795.0,992403.0,156646.0,4510094.15562551,759668.0,373120.0,140036.95374676
2022-04-20,626545.0,231314.90890804,2049997.0,269.0,2318090.26727649,2633632.0,5599429.10915964,1509443.93265073,1270590.0,1972426.875,82075.0,5876468.25866784,161498.0,318913.0,2654612.0,561038.0,14813363.81336381,2069984.42292299,535486.85562047,463860.0,87946.66549404,9119134.0,13085.0,231481.0,1518931.0,1182898.0,296702.0,5477376.64859664,3802427.0,13782.0,226525.60838472
2022-04-21,708779.0,212883.718962,2223619.0,21480.0,8441067.41593773,13857579.0,4545320.41143987,400553.80806678,1767424.0,7012051.875,70569.0,4312424.96697703,562570.0,81042.0,16256882.0,891416.0,21738918.73891874,6091928.71614656,1226684.44229905,674366.25,258499.99655333,24357660.0,55196.0,400525.0,332758.0,1201538.0,374048.0,146736873.28608498,1464452.0,121292.0,464532.75532208
2022-04-26,671478.0,160310.64438974,4645737.0,1000.0,5091615.11624023,5650928.0,4699041.42472112,681528.69343921,3224700.0,5883903.75,25910.0,3672106.48189295,481830.0,22698.0,12647495.0,1666595.0,7187353.18735319,4555757.03122925,505912.00166913,168458.75,205785.33058953,8657776.0,68913.0,211669.0,453390.0,3290312.0,220504.0,1210996.9647166,2414742.0,364667.0,280662.16564444
2022-04-27,1229513.0,97874.94707746,3152199.0,1000.0,2605220.65623374,2965547.0,5055230.47616466,555752.0129529,3181468.0,3077505.0,29635.0,3540490.27451581,300562.0,585493.0,6500236.0,1165762.0,6773595.77359577,2838149.76541709,623437.92129422,258531.25,120438.66506082,11541724.0,7795.0,306263.0,575641.0,12911171.0,40128.0,8096885.02112525,5159937.0,349532.0,252332.28337307
2022-04-28,4620909.0,139493.2292774,6382826.0,2601.0,4787341.80685637,5215013.0,6604947.99309805,2815810.73707793,934890.0,3726247.5,127027.0,5768559.49133416,1020107.0,2092636.0,10700505.0,5050163.0,18866583.86658387,4675598.08466157,1214419.33620081,177897.5,178043.99762608,17354819.0,51210.0,1128939.0,826717.0,4304775.0,76240.0,5806163.6616478,5448410.0,305624.0,4242788.80331705
2022-05-08,1498109.0,250077.05934872,3757497.0,5115.0,3171994.93465007,4365869.0,3298181.30610053,196907.6215524,13674.0,5182513.125,256304.0,7088465.11145742,1416402.0,1214244.0,13979883.0,2211861.0,14255726.25572626,2237502.9976128,2307488.4383287,1628628.75,67509.33243321,20450835.0,252519.0,385703.0,518662.0,2305095.0,546260.0,2272287.69919121,3213518.0,451564.0,112168.22384727
2022-05-09,2760934.0,434504.79498228,2885668.0,1380.0,9679727.29152881,15585179.0,5677046.71135932,1888565.9023447,1609108.0,6973775.625,270837.0,8543334.49679735,749956.0,402062.0,8408472.0,2233767.0,14038889.03888904,6003800.67685381,2292367.34633409,3557370.0,219151.99707797,10578620.0,97007.0,3299044.0,378146.0,2130356.0,103490.0,5069139.69314639,1744035.0,401023.0,156753.98984253
2022-05-10,912021.0,167452.7718639,1241708.0,3494.0,4772482.44464315,2871914.0,3220371.74087385,4633275.29476883,1905746.0,1115707.5,88588.0,4081532.03578061,186663.0,568171.0,3112008.0,748905.0,6445971.44597145,5156862.79923819,12329069.44903976,263817.5,92514.66543314,9207268.0,43290.0,478294.0,228077.0,1260442.0,784580.0,1978707.42553008,841431.0,230059.0,181994.46636062
2022-05-11,2256580.0,54303.99795918,3431583.0,2131.0,2726446.75309521,7189655.0,3650229.91363422,1362417.02813976,15788.0,1580336.25,250871.0,10488047.99765372,274656.0,737142.0,6227970.0,5381076.0,8157191.15719116,3936592.75516875,7586525.20234468,4588493.75,82274.66556967,16951251.0,10020.0,215033.0,1319985.0,1198845.0,1004554.0,18005927.62403993,3747819.0,303362.0,482621.69346265
2022-05-12,4107902.0,65573.20280139,3413102.0,3524.0,4212748.23550555,6464803.0,3600978.15838046,4756704.44164391,9394.0,2794421.25,147035.0,14010623.90368588,870817.0,2041062.0,7129564.0,3427168.0,9264696.26469626,4724043.60626148,3900926.73616427,2966191.25,141671.99811104,20595162.0,87412.0,294280.0,928351.0,6580118.0,247034.0,2696830.19147059,7021893.0,210350.0,393935.47444664
2022-05-15,686320.0,106440.20467853,8014940.0,3524.0,3245534.16716195,5186420.0,1387809.94249227,79923.76609934,1581632.0,1721366.25,131448.0,6496349.68806796,378178.0,64568.0,2297204.0,1250283.0,4606618.60661861,22800683.66590992,3180788.95906687,2877236.25,91617.33211177,12855385.0,118331.0,138425.0,889629.0,1517128.0,232882.0,1549761.57174142,3142354.0,218940.0,161763.63827414
2022-05-16,956995.0,101313.62661668,3476435.0,1100.0,1374182.56202551,3858484.0,6407305.50826954,1775060.97062725,1957962.0,1106486.25,43534.0,3341147.38013051,159383.0,626925.0,1987006.0,4466254.0,3183276.18327618,14880185.13447745,4249777.01344685,85461.25,138522.6648197,15510989.0,128843.0,480654.0,347691.0,2219403.0,152586.0,2831264.71758563,3588546.0,1505202.0,1184109.03381635
2022-05-17,1006500.0,67936.26073307,1530150.0,492.0,1785044.4683485,1912986.0,2999690.38309854,183563.67548373,103750.0,1725418.125,42584.0,4499087.37299285,27950.0,1075821.0,5658063.0,757628.0,3726438.72643873,5890010.62611939,3746422.33248231,106330.0,98266.66535644,12788699.0,84889.0,15395.0,124975.0,801747.0,358996.0,1086267.97133781,5746355.0,403551.0,234589.99735715
2022-05-18,488770.0,3946786.63860762,1780071.0,5531.0,1058913.54105488,5098089.0,3642433.89794305,487976.22880739,12520.0,2438469.375,48299.0,1791926.4571653,251307.0,1318365.0,4148537.0,504433.0,2900531.9005319,5538342.96932489,5262616.01177278,307950.0,206789.33057614,22433550.0,50298.0,199814.0,259529.0,511127.0,91510.0,438542.56202995,440194.0,395625.0,500934.37979276
2022-05-19,2306964.0,1495008.12714078,2765479.0,416.0,2328861.41093468,2697323.0,2244274.50052984,129462.77910796,1696058.0,2226956.25,88484.0,3144912.9323105,364649.0,894044.0,7568756.0,1359705.0,5523059.52305952,6512065.40346865,2635707.48416057,912318.75,180387.99759483,24326625.0,82873.0,183558.0,597485.0,2439624.0,489318.0,448044.55265525,4764685.0,510436.0,1797699.05135285
2022-05-22,606349.0,11153.36866909,2741202.0,5090.0,770798.29997716,1883508.0,740408.01453576,26763.22845952,36108.0,298610.625,55118.0,2006924.18174952,42922.0,158873.0,1587182.0,855764.0,1533778.53377853,2155572.96108349,3897104.75503825,621571.25,200947.99732069,16476156.0,97019.0,160899.0,441500.0,526819.0,231536.0,508635.61313037,615844.0,123104.0,14127.64977076
2022-05-23,1136736.0,1421872.47703705,4039580.0,501.0,2861103.63546768,3930752.0,3940069.26159197,172954.70696902,7198.0,1147003.125,70834.0,2122435.1694376,466459.0,1004327.0,5102418.0,1857296.0,5330618.33061833,3103318.38364514,4401570.09718471,1768818.75,145801.33138932,13238567.0,63318.0,230406.0,518923.0,2013553.0,544630.0,9909139.33579909,1722186.0,100201.0,116120.05806822
2022-05-24,1004547.0,102551.4188666,3034693.0,19012.0,2120673.41296342,2937039.0,2582980.02283367,515713.44828957,12720.0,2284179.375,99768.0,1702177.49528461,161525.0,855503.0,6647011.0,1928803.0,5428970.42897043,1234155.55026044,14854514.64437213,6159602.5,110253.33186329,16005756.0,134143.0,151786.0,589069.0,8292936.0,138730.0,1622206.44109417,3021143.0,93940.0,1727669.01940864
2022-05-25,2891270.0,367779.84965956,2699257.0,125989.0,2678197.11610535,3559244.0,2842085.428228,88100.44764035,3637840.0,3673119.375,168865.0,2036098.28748632,479924.0,33426.0,12396104.0,8584536.0,7320214.32021432,5004129.73114065,9268648.39556348,385087.5,85062.6655325,14047566.0,96030.0,75565.0,270535.0,14941369.0,525554.0,1188236.52312124,4439137.0,178181.0,192551.59924754
2022-05-26,1569043.0,109336.10900655,3184921.0,58352.0,2446391.6067067,5652565.0,2177262.85557166,72973.99037691,100852.0,1645884.375,158442.0,1538503.93035045,934052.0,470052.0,4126201.0,7928589.0,10776823.77682378,6553760.92205901,5279343.5958341,42783.75,290489.32946014,19220253.0,31658.0,255097.0,331565.0,15443316.0,309476.0,1387508.28028351,2856365.0,261452.0,511458.94838918
2022-05-29,406471.0,36104.48035938,1501853.0,23027.0,2323087.58009656,3468730.0,472834.72285578,1697.75783231,4854.0,784136.25,398974.0,1059355.30008547,303465.0,207448.0,1241335.0,3862387.0,13773889.77388977,4323204.42754338,4310050.2158014,55160.0,64707.99913723,4221926.0,14274.0,27417.0,592866.0,3384333.0,84314.0,1033264.39648394,903985.0,249734.0,87017.03651279
2022-05-30,1343968.0,22677.41309217,1826496.0,25732.0,2140595.02330135,2362088.0,5188116.88160218,3845572.16281998,42066.0,5758738.125,1186105.0,1692686.42237752,2248873.0,152115.0,2854085.0,1531676.0,33181464.18146418,11353466.06205493,5266379.65985353,171287.5,57995.99922672,7621925.0,60879.0,476151.0,470251.0,4528592.0,64796.0,1462657.63986302,1823444.0,81265.0,1064972.05180273
2022-05-31,823879.0,224047.01644593,963109.0,23951.0,2016484.71665851,3036603.0,9297373.41897796,4960264.52950435,1006644.0,14835026.25,461537.0,1052610.84398474,2233999.0,1384689.0,34656126.0,904641.0,29678411.67841168,53467196.83887758,10438389.28573192,286151.25,101241.33198345,15808502.0,96269.0,766463.0,583338.0,37218086.0,4788.0,350568.03419182,1380732.0,237573.0,2557119.31496162
2022-06-01,898114.0,524933.13093052,1027134.0,27471.0,2436624.25463283,2818240.0,4658924.46178645,973372.18857962,3417288.0,2934395.625,174680.0,937421.20160703,2308732.0,1569129.0,4441145.0,474788.0,20474264.47426448,10530393.19507977,5785324.0,64311.25,165141.33113145,9763784.0,77388.0,186822.0,2767660.0,22889077.0,312892.0,1994327.7710946,445564.0,174509.0,263133.12320822
2022-06-02,146661.0,166582.34576301,871316.0,17862.0,8710281.072088,2092254.0,3263047.10759934,1751609.84976135,2414.0,1008916.875,113723.0,1852965.6193285,2905400.0,568097.0,1503464.0,624879.0,29304188.3041883,3811080.19920773,12239805.0,13060.0,153767.99794976,5934655.0,25310.0,34380.0,830595.0,8616159.0,608506.0,2566655.94280664,201180.0,138348.0,352372.93516268
2022-06-05,66483.0,100221.4569844,625380.0,5518.0,29631657.00545422,2722227.0,1063683.681118,13173.09405226,14132.0,167173.125,107793.0,400669.52674957,2033899.0,33237.0,1444713.0,620819.0,11180555.18055518,3527568.07280105,5408936.0,13812.5,304969.32926708,17498821.0,61650.0,85524.0,182420.0,3809629.0,66004.0,2357720.97354504,223822.0,23473.0,13599.26789592
2022-06-06,115538.0,103670.06533846,617699.0,142944.0,14790571.37485741,1849413.0,5784071.06347026,477710.30961695,2308.0,1178696.25,76872.0,749674.57145345,2598636.0,38839.0,2579730.0,1745947.0,9694122.69412269,2429798.58334969,5697462.0,109081.25,138354.66482194,6869682.0,20408.0,109046.0,246457.0,4893199.0,489698.0,948282.54225739,2968023.0,180394.0,120603.42554697
2022-06-07,256962.0,72278.46242263,728880.0,8200.0,7418252.49299078,5221663.0,2013438.96056794,1588105.81535331,76708.0,1029973.125,148452.0,1475580.97619063,3807222.0,53417.0,2431512.0,5277149.0,19358170.35817036,1861668.83004343,3513759.0,48392.5,91487.99878016,15971018.0,31446.0,294847.0,3015228.0,7096493.0,1273296.0,585096.91245475,1157772.0,47060.0,392959.59619271
2022-06-08,906695.0,788420.70952172,2270096.0,858271.0,10716587.17974321,4507226.0,2805342.71194888,420162.77650078,10374.0,1266129.375,279695.0,2824112.89685624,20061945.0,707257.0,12430406.0,1477316.0,42686292.6862927,4914420.69114298,3091725.0,53818.75,282509.32956654,57139060.0,65653.0,907608.0,302048.0,10126132.0,2048362.0,442022.93060044,3188468.0,719696.0,140664.07895408
2022-06-09,1030551.0,480365.9907234,868917.0,61186.0,5621368.15409512,6622682.0,2535781.94099803,603969.94974018,6614.0,502415.625,108098.0,1080313.59304453,1112883.0,433490.0,1975202.0,1905683.0,12990702.99070299,1968101.37749743,4841730.0,16772.5,135159.99819787,124628574.0,109442.0,3325859.0,249061.0,5235707.0,710654.0,9345714.61999004,2836365.0,684012.0,197009.75566267
2022-06-12,1489348.0,60790.82365397,1357176.0,34798.0,5237099.96066246,3931049.0,1603442.34168687,41970.40321102,17916.0,61856.25,205934.0,1026944.96874265,1018433.0,237863.0,1561139.0,613408.0,26694146.6941467,1500558.6690389,3129216.0,66682.5,147729.33136361,51299259.0,21479.0,895863.0,47282.0,3306877.0,424708.0,1010653.08475206,2898785.0,141596.0,107748.93448854
2022-06-13,1334258.0,132400.74587744,976554.0,23138.0,42997277.23260353,3135382.0,5016553.23593246,154685.6488369,7956.0,409948.125,280315.0,851134.92521643,878311.0,668232.0,3768438.0,3117932.0,17487074.48707449,797812.85571274,11568450.0,40542.5,168229.33109028,33080267.0,20622.0,608779.0,184927.0,6697612.0,259542.0,10729333.43221272,2325903.0,112468.0,229589.80307439
2022-06-14,318407.0,111914.29125974,886546.0,2495.0,16582149.95823593,4224996.0,3957380.68594885,684431.83242662,126976.0,3821994.375,66702.0,360144.59375039,557980.0,11228.0,6132639.0,682122.0,14495684.4956845,1928039.35963538,11590499.0,24982.5,144435.99807419,16721905.0,59080.0,625382.0,390224.0,2509899.0,136804.0,1122167.96306614,1848258.0,69973.0,938438.77400236
2022-06-15,662982.0,106843.97648198,2452415.0,9314.0,16683982.04410973,24451634.0,2203283.77485161,1091991.91845747,1400.0,440538.75,106637.0,854875.94129031,1687912.0,68099.0,2410858.0,1147217.0,19961794.96179496,4361145.44445975,6040074.0,219937.5,35159.9995312,18583706.0,41009.0,506300.0,1468080.0,11702841.0,87164.0,1726006.8718762,3848618.0,216094.0,1559851.57448502
2022-06-16,519252.0,253674.59992537,1287188.0,54393.0,24957489.31768319,9475008.0,17822560.66818404,1392532.72293693,2391054.0,1276740.0,142272.0,664588.91199019,1068466.0,311061.0,46096512.0,1349144.0,8626658.62665863,5672255.52903113,2036818.0,2130891.25,51999.99930667,44297736.0,21230.0,874746.0,519092.0,4932465.0,1167192.0,7166588.74956368,2145318.0,369415.0,1900305.97932581
2022-06-19,355819.0,82607.58373611,1367521.0,28319.0,23296265.65274432,6938094.0,2550033.54089876,730873.98447647,776.0,1234946.25,129532.0,804320.98616271,791294.0,24226.0,570829.0,1434108.0,4971574.97157497,3711904.65498934,1781658.0,33038.75,81514.6655798,13357538.0,16350.0,334876.0,166584.0,1155258.0,206800.0,3172955.49436399,1351726.0,36455.0,146960.54209081
2022-06-20,817509.0,72692.50051885,814075.0,17605.0,18103224.29628434,4261278.0,1776935.54674864,5524092.32713819,3589982.0,8665530.0,80606.0,664772.35714768,374385.0,27614.0,2503586.0,1128081.0,5082503.08250308,13117333.34849258,2020830.0,36576.25,88554.66548594,10708464.0,27352.0,324428.0,71072.0,3149332.0,60704.0,2970995.36912236,1456882.0,51005.0,221701.89154724
2022-06-21,2151998.0,360785.27921109,1369128.0,5925.0,40809176.62267807,1830984.0,5553462.23846266,768842.14557092,15700.0,407371.875,312512.0,901782.23549229,3042460.0,286496.0,5295858.0,535077.0,13120468.12046812,3914673.24539572,1473533.0,100480.0,137471.99816704,49083949.0,10671.0,198242.0,142060.0,30899664.0,202282.0,1127194.04251884,1868864.0,382332.0,834801.34380431
2022-06-22,319026.0,948542.96111763,2505761.0,23918.0,28701339.71833816,4669319.0,2090105.02190105,1049418.82466889,1026296.0,7392774.375,202104.0,666057.73838916,353291.0,73800.0,4123252.0,571892.0,10438915.43891544,2946776.81384954,2426871.0,298388.75,41110.66611852,20252243.0,88681.0,442819.0,116169.0,4500211.0,89212.0,3608952.77237278,1620747.0,119961.0,227021.42596906
2022-06-23,296764.0,2377875.40042197,923296.0,2000.0,9605806.56410214,6076680.0,2366338.16289366,513197.75324487,25852.0,379929.375,212190.0,1773163.18040109,1160244.0,311525.0,3357641.0,468159.0,3148419.14841915,1603818.71507841,4019900.0,9433.75,226286.66364951,31630933.0,42015.0,160575.0,103429.0,1919810.0,88782.0,575373.24230267,1312275.0,18419.0,259126.66501611
2022-06-26,73195.0,2963960.94957284,665483.0,1000.0,7702587.95821055,2288118.0,2146416.38295792,110652.91380581,64112.0,598528.125,192656.0,1111753.56276115,3496132.0,225694.0,4056447.0,2906086.0,11920337.92033792,4642785.57003178,1795102.0,23246.25,378946.66161404,37860575.0,17475.0,469466.0,70526.0,4719180.0,11748.0,678516.69557805,822350.0,83879.0,13936.46587171
2022-06-27,1432580.0,632337.82775704,855620.0,6181680.0,7313122.2347685,2698928.0,10884634.60137208,422979.81683426,252526.0,189219.375,473715.0,785738.62427796,2912574.0,263074.0,24829887.0,7454950.0,4215856.21585622,5049951.75157085,2016011.0,1429301.25,295425.32939433,10365625.0,192682.0,1110915.0,622722.0,11600396.0,256564.0,459521.50633734,2936424.0,38878.0,41980.6227555
2022-06-28,1588982.0,337456.91446644,1836983.0,1583.0,10417684.56118113,4044457.0,9923980.4555791,1225704.47331207,44416.0,726255.0,401053.0,1313671.01504646,2193058.0,363164.0,5947777.0,4123446.0,7807000.80700081,5354384.38730514,2018470.0,1225211.25,575814.65898914,36158629.0,107265.0,564590.0,457028.0,3708779.0,144234.0,6380065.758,4810653.0,207771.0,1627226.04106225
2022-06-29,1358405.0,258522.58987048,1184053.0,3106.0,8052364.68232527,2653800.0,5014054.40687416,601638.55962656,17704.0,3267705.0,635092.0,818572.77719155,807474.0,231691.0,8199526.0,3008771.0,7757494.75749476,5394954.90539391,972999.0,1814423.75,343619.9954184,21436378.0,173441.0,1228346.0,795016.0,2467008.0,258352.0,2143630.94765151,1040805.0,55012.0,84194.4478494
2022-07-03,443383.0,125509.5602506,1848348.0,7323658.0,7530363.29646253,5406935.0,5742168.51341381,430826.90196568,424008.0,277239.375,389745.0,282370.17266756,877382.0,491656.0,6672343.0,1731849.0,4834849.83484984,3984918.27671516,3667149.0,123212.5,365521.32845972,25208816.0,223796.0,471275.0,429174.0,1921749.0,144172.0,5015976.91208692,1541031.0,47161.0,837020.96786303
2022-07-04,327250.0,230370.99742989,1244857.0,10850.0,7687807.05949045,10452530.0,6351589.89453782,671323.31236481,2452.0,1303006.875,303090.0,1830043.83061474,953895.0,261462.0,7185580.0,1573812.0,9314805.31480532,2154291.96051234,18541586.0,357531.25,128898.66494802,29043147.0,52087.0,510709.0,492629.0,1863597.0,290660.0,563602.05943048,3936180.0,359227.0,78638.55970622
2022-07-05,1049915.0,237026.32726065,837967.0,310094.0,2260876.85260775,8282115.0,14291999.84363724,1046148.42111078,267150.0,1952896.875,186119.0,1289247.50631927,4197374.0,641690.0,10357844.0,3024920.0,15423327.42332742,2063853.92018965,22315310.0,631746.25,78350.66562199,16476603.0,525299.0,716558.0,656775.0,4175653.0,314450.0,1772964.64145416,389391.0,59110.0,521174.6620281
2022-07-06,205159.0,135418.60688751,2141920.0,376653.0,2091119.73243629,2490856.0,3016492.11252167,393213.89781871,154268.0,1410230.625,145157.0,461790.9229489,1682217.0,1107991.0,13984926.0,6112857.0,3521211.52121152,2379190.06078538,9021053.0,79425.0,188649.33081801,36773225.0,26701.0,281985.0,504492.0,1340609.0,72540.0,1830395.76103841,315646.0,36419.0,435645.07826832
2022-07-07,186950.0,654356.25456675,895220.0,70102.0,7284226.02420092,3805554.0,3361054.16200254,357699.54836144,210672.0,1096029.375,126918.0,720535.88960913,2833303.0,19824.0,7278343.0,4096798.0,6875829.87582988,1642563.73235326,6869810.0,69786.25,220281.33039625,35385624.0,235871.0,437078.0,482124.0,3881272.0,168200.0,1957158.16025833,631330.0,30875.0,379376.08521155
2022-07-17,107349.0,1140789.93537638,390431.0,21971.0,1759900.97726193,2364544.0,2933951.32062104,215646.18640676,1208.0,139867.5,56230.0,535561.17904226,898886.0,57277.0,3408262.0,360513.0,2992280.99228099,1394103.62157486,7105456.0,7120.0,72097.33237204,21209060.0,4847.0,159151.0,176785.0,924447.0,58832.0,155101.10381651,127603.0,22991.0,51433.72114847
2022-07-18,786599.0,3637093.98730384,650203.0,28942.0,2302127.00488428,3329482.0,13129334.39929793,6288515.19023753,536532.0,247203.75,84100.0,522984.4320722,1112462.0,373438.0,15412616.0,5217660.0,10827466.82746683,3033490.35251162,12007634.0,127927.5,191337.33078217,39539318.0,148715.0,267566.0,237930.0,8471268.0,108316.0,3668699.43537771,623741.0,97526.0,51896.97444232
2022-07-19,2591749.0,532124.55744368,689550.0,6199.0,10004893.53518261,2935632.0,17435417.5786375,484509.41269498,2344488.0,514087.5,399796.0,556124.74862795,2024510.0,1465622.0,8756246.0,2995980.0,31644562.64456265,3786157.5,5939327.0,24320.0,126597.33164537,28164890.0,154131.0,364658.0,231668.0,5389070.0,146866.0,815043.07031855,2081081.0,224283.0,1384762.83863172
2022-07-20,1722086.0,767641.73961798,1901724.0,27280.0,6683550.10548386,6412090.0,6333108.48862847,725229.14147776,4316.0,803364.375,286639.0,1255608.72499075,793636.0,425854.0,28073650.0,4084977.0,17614022.61402262,4267015.0,23466347.0,56850.0,273534.66301954,66799561.0,468079.0,4157518.0,772520.0,9091710.0,466570.0,3438668.63624005,1878485.0,12336.0,588436.72928006
2022-07-21,891426.0,2061093.7736384,4701178.0,38233.0,3084099.58853598,23410561.0,3519484.8888599,1204992.36587451,1971984.0,801986.25,415793.0,2322328.39929538,1552687.0,3046091.0,15476857.0,4280325.0,8285936.28593629,5056183.75,38235476.0,541836.25,527929.32629428,35016421.0,278274.0,5951901.0,1340242.0,9890046.0,496034.0,4319558.58708692,6727750.0,147.0,411416.1956776
2022-07-24,228784.0,677871.7533021,894850.0,16960.0,5323856.23330754,9456714.0,2312729.17789785,204306.72462505,98964.0,472509.375,511205.0,831092.59290583,6434375.0,208159.0,16671115.0,6824439.0,6943380.94338094,1350555.0,27012305.0,416463.75,298826.66268231,36817567.0,35954.0,290041.0,327668.0,1668005.0,55492.0,1045400.34294111,654932.0,20902.0,41029.95556519
2022-07-25,501741.0,1126368.54493131,900814.0,10001.0,7452075.66979839,1761731.0,11897153.51638109,573110.30876134,260108.0,166151.25,245976.0,640427.28703956,1538181.0,631425.0,8561932.0,5592819.0,4335904.33590434,1542468.75,18284876.0,2215475.0,110415.99852779,23582407.0,52254.0,274116.0,873668.0,3822183.0,441482.0,1756701.42526197,502362.0,94893.0,30254.32679364
2022-07-26,2576276.0,2598086.83313061,1290162.0,127734.0,20290093.84105923,5475795.0,4962758.90732437,3856851.08648564,396472.0,1094610.0,121304.0,2341425.67276013,3230023.0,1614512.0,22286052.0,5245527.0,2481884.48188448,4844963.75,16882139.0,17355.0,203698.66395068,67260595.0,94548.0,286532.0,6328875.0,7052456.0,1194606.0,7804737.60331451,2141860.0,620031.0,632288.22304766
2022-07-27,624663.0,1732362.73606118,442591.0,1029688.0,4078813.75839727,3713163.0,7021242.98508898,2594503.56417485,368518.0,1464697.5,232798.0,917013.24412045,2481124.0,457741.0,17381275.0,5562716.0,2405165.40516541,2493316.25,17271225.0,25820.0,326082.6623189,52035126.0,99342.0,525391.0,1050383.0,7930592.0,224638.0,12829402.3375829,634228.0,15819.0,457282.47361208
2022-07-28,2226819.0,2042748.60596884,520112.0,2446157.0,5611281.5367734,2132602.0,9414717.43864359,709810.75596583,461918.0,636830.625,93910.0,978834.26219629,1221486.0,260935.0,6903579.0,5471835.0,3473502.47350247,1630678.75,14378155.0,50656.25,160226.66453031,13322713.0,269415.0,118067.0,802788.0,1543538.0,251368.0,5020092.09021139,154139.0,19388.0,23227.79327319
2022-07-31,328847.0,607759.89088089,3276656.0,201995.0,2610905.20102798,2035349.0,2770428.60898726,1580825.09792982,23680.0,1524174.375,229946.0,880472.23388645,6563615.0,222152.0,16760476.0,8453128.0,12940803.94080394,2895893.75,14969785.0,23013.75,303634.6626182,13919903.0,12010.0,213530.0,571795.0,1955383.0,523074.0,4398704.2239538,403456.0,16012.0,1619.81083698
2022-08-01,630809.0,397122.4746,2890449.0,24188.0,29591859.78061916,2304843.0,6117780.58251117,1213078.91288718,941026.0,2596068.75,97217.0,1648118.10507933,2070203.0,2722293.0,13412234.0,19825541.0,13729672.72967273,4859980.0,12293751.0,34681.25,180251.99759664,25094371.0,785096.0,459119.0,647723.0,4110247.0,202530.0,3553502.6616506,188821.0,55961.0,14201.18203963
2022-08-02,1411649.0,337861.36534958,992993.0,1018.0,11670662.67144671,11243477.0,18295003.19071742,3123473.51458768,40348.0,394207.5,26724.0,568891.26645059,1912566.0,1392380.0,12239388.0,8518370.0,3694368.69436869,1706238.75,27633715.0,398456.25,118726.66508364,19425464.0,27677.0,402064.0,260158.0,1358800.0,54152.0,1770306.50240119,464129.0,59562.0,4590.51449909
2022-08-03,1278062.0,232975.78184891,672800.0,92088.0,7717577.19103306,4208989.0,2350577.33643587,2226978.00693293,2647738.0,2193354.375,36182.0,2415209.84538268,1155653.0,444352.0,24146285.0,9140141.0,2498489.4984895,1247378.75,14703416.0,46865.0,142193.33143742,27304456.0,14854.0,2576175.0,1130016.0,1541363.0,326140.0,3556078.17469814,220693.0,32484.0,76210.94437272
2022-08-04,1872339.0,710867.70146985,2898112.0,30120.0,5618795.09264851,17249009.0,12696510.72874123,5449271.25157605,3645222.0,19111081.875,323163.0,1504989.13264561,9024930.0,1224218.0,54453518.0,17875969.0,18953502.95350295,9843518.75,25643346.0,50955.0,292393.32943476,66090552.0,198090.0,1070281.0,4620378.0,17425092.0,552748.0,43023449.70305356,5058950.0,190474.0,1626427.69071458
2022-08-07,5570335.0,823036.4191572,5433620.0,6832.0,2994840.60102432,31863234.0,12118892.32565857,5400178.87533472,185784.0,4923946.875,281340.0,1899550.56822011,2538009.0,1184340.0,27446244.0,15502910.0,19843885.84388584,2740831.25,23205106.0,145251.25,461323.99384901,73726282.0,11719.0,315066.0,2104708.0,6520935.0,1375760.0,4191875.21019664,3262835.0,224636.0,1193369.89784929
2022-08-08,638465.0,1241108.84584578,2646274.0,5665.0,11461511.46645653,45944218.0,9088420.00923985,10140570.31264063,83206.0,2095387.5,322578.0,1356538.98550552,4571637.0,645071.0,21526284.0,8275811.0,7784857.78485779,13925881.25,11025295.0,103002.5,562315.99250245,59502940.0,46999.0,436081.0,4488476.0,4387787.0,2498468.0,1424095.47854487,958667.0,231977.0,12768.35325776
2022-08-09,2759909.0,2360387.42716146,3084146.0,10356.0,22961645.91098911,19742287.0,12522118.93813069,1292459.18123355,418056.0,4298981.25,236088.0,2035429.02894622,3306095.0,3192638.0,15864610.0,12011842.0,10835110.83511084,1878233.75,10233676.0,92248.75,229086.66361218,30889766.0,664105.0,305175.0,1761810.0,12251839.0,753930.0,2747236.08532424,668761.0,158911.0,23314.98153484
2022-08-10,2015464.0,1083834.79981788,1183244.0,35437.0,23190112.66347386,8128298.0,2596913.89082765,3964416.55637295,261286.0,7501794.375,682342.0,850432.77306188,8266324.0,284371.0,16131875.0,4699511.0,5594984.5949846,2112018.75,4827461.0,35508.75,199329.33067561,36830695.0,4743.0,841930.0,4031392.0,3474581.0,637276.0,1529135.29940846,337150.0,34646.0,8761.89506565
2022-08-11,1019472.0,366562.2866016,1342751.0,82976.0,8359294.92792424,21374911.0,3042236.6712369,1625171.2858729,152.0,1542303.75,459805.0,1159464.48537807,744402.0,954607.0,13981691.0,11818118.0,2788757.78875779,1809498.75,3967082.0,11117.5,180957.33092057,25092055.0,18317.0,238408.0,2323870.0,3078205.0,3137620.0,9123567.55093216,282366.0,90482.0,147500.47903647
2022-08-14,1976553.0,831143.54656102,5132268.0,109970.0,6004846.30132124,36706254.0,2095486.60607164,603036.31746156,185066.0,1239086.25,763116.0,1110727.53501819,1089045.0,4222370.0,13250757.0,4340391.0,6225504.22550423,1036913.75,10263212.0,21047.5,259301.32987598,90716521.0,19483.0,448676.0,854517.0,5952975.0,8915832.0,1698093.38891734,620981.0,26967.0,221220.78041667
2022-08-15,900681.0,289855.46015308,2855051.0,181578.0,9861765.3011915,22650652.0,4001424.61666851,4066486.51061447,213820.0,3089970.0,276868.0,1140445.6505324,7466301.0,820104.0,7409882.0,8293337.0,7415209.41520942,19365411.25,11484803.0,19333.75,460599.99385867,59523611.0,79069.0,556304.0,907178.0,11140885.0,12919782.0,982602.56354028,684057.0,24489.0,23141.65547252
2022-08-16,421654.0,333931.55154475,913978.0,38067.0,4864130.51023825,13662227.0,5829885.68762859,2124168.14238414,129686.0,720211.875,180267.0,1181179.33146942,3651531.0,499088.0,15601661.0,5798391.0,7603996.6039966,929351.25,15639169.0,993867.5,688510.65748652,15604868.0,44908.0,58953.0,3281316.0,4795532.0,4544948.0,4965395.68988027,110604.0,48423.0,153004.89459144
2022-08-17,2543378.0,682556.1396501,1895891.0,204929.0,15524819.21523181,25136421.0,8673177.50419003,2014914.3317048,1095452.0,3541668.75,117040.0,546509.69209717,1060448.0,424768.0,10938951.0,15853611.0,15386142.38614239,12448560.0,10023938.0,207398.75,577793.32562942,96351063.0,47140.0,3095169.0,542783.0,22917231.0,3268922.0,1748265.51163366,4158871.0,108743.0,1208872.60104781
2022-08-18,2572082.0,1570724.24244359,1181840.0,34669.0,5462098.08562402,22342395.0,5340025.83010274,1610311.19632008,382096.0,5717756.25,118811.0,1715121.13256965,3646469.0,253550.0,10587239.0,13535092.0,7255105.25510526,4354136.25,13057843.0,52246.25,168602.66441863,165611771.0,47240.0,366184.0,2091593.0,16281069.0,4782258.0,817058.33874385,2498116.0,3358.0,459888.66731282
2022-08-21,602845.0,1149044.95899866,4069351.0,5.0,4885875.72038166,74482074.0,3748463.68299172,120484.30385216,1859944.0,998896.875,190920.0,4931215.84654431,2500817.0,846673.0,17133984.0,9649398.0,11238980.23898024,1829088.75,17854255.0,181667.5,479989.32693348,51015642.0,35968.0,4583945.0,4192150.0,11946326.0,5668102.0,1817949.46324375,2046148.0,80388.0,157849.6206486
2022-08-22,1142531.0,314249.28132869,1741179.0,530813.0,2687450.39701744,37872921.0,6461020.40390093,861598.64698118,7155528.0,1872570.0,223870.0,2180817.53966467,1822973.0,1386218.0,19191147.0,11248865.0,20642870.64287064,1983130.0,13474491.0,64470.0,212387.99716816,61615441.0,21558.0,2032298.0,908101.0,20508793.0,3976858.0,2943321.70310612,4155928.0,67104.0,1364630.75387772
2022-08-23,1191267.0,68895.49148162,1882408.0,16961.0,5562423.13130248,23299923.0,10848351.93441628,2086684.28621808,523440.0,720588.75,227732.0,7443027.91186389,1902886.0,1307621.0,16728408.0,10161808.0,29281463.28146328,3252960.0,7728104.0,52622.5,668991.99108011,31066773.0,25463.0,2675730.0,1434081.0,11718365.0,2021940.0,2802172.30259797,3782564.0,88757.0,741295.60979475
2022-08-24,1084160.0,478429.17527168,1650623.0,870.0,2751511.78068866,17525392.0,9058602.8556157,2886655.13106139,2326572.0,1840963.125,116886.0,1968223.57921314,2876555.0,331110.0,13347553.0,9616598.0,9486666.48666649,2413451.25,4269227.0,185671.25,524382.6596749,29161261.0,45817.0,616617.0,785920.0,8671649.0,2740512.0,9568798.78886568,1920298.0,12013.0,878445.89675811
2022-08-25,1557932.0,167406.44613758,1495695.0,70479.0,27803901.34047465,19284445.0,9003054.38210576,797698.64755427,2082644.0,3392681.25,127721.0,2915287.67040932,3713258.0,873789.0,16904353.0,27415108.0,26021612.02161202,4554963.75,8157672.0,34028.75,924378.65434162,49765124.0,149007.0,4133348.0,725694.0,13378485.0,1788142.0,8188803.42927169,1809484.0,54323.0,205165.53474068
2022-08-28,187980.0,427181.62642973,670457.0,764024.0,60437403.84294194,22044593.0,1550768.34902083,238900.89471838,200324.0,3814865.625,114991.0,2380652.57312766,3221352.0,27244.0,8902125.0,7966400.0,10297768.2977683,1295890.0,16116402.0,9233.75,324301.32900932,86383936.0,138667.0,2157214.0,332216.0,13181388.0,9459076.0,471024.65850896,557895.0,10811.0,72114.14653601
2022-08-29,474354.0,209378.78927889,2129659.0,62336.0,69532304.84136274,77422906.0,3025348.88942235,426885.19796515,18452.0,2123958.75,126652.0,1731963.92830574,1854390.0,327029.0,6791362.0,5408151.0,6961806.96180696,1354963.75,13765908.0,55862.5,593587.99208549,49427588.0,279137.0,1301049.0,992464.0,25992643.0,5224364.0,629362.28341651,3663051.0,114830.0,383102.07032099
2022-08-30,699688.0,359113.14645542,2084480.0,974153.0,18353509.31113023,40630934.0,13855782.06818082,329087.88942522,123554.0,3009440.625,124366.0,1018883.50292501,464314.0,552044.0,6456569.0,17671028.0,8590424.59042459,1109426.25,4655955.0,66373.75,381247.99491669,143154227.0,20042.0,2613414.0,1902278.0,26274966.0,9684124.0,68462.69894436,260366.0,160270.0,39637.0443007
2022-08-31,348503.0,1006092.69984014,1319756.0,90052.0,61927476.98429712,41698360.0,14021778.78606768,4850621.92959083,11930.0,2116740.0,72375.0,1008234.82781717,355288.0,269734.0,12122115.0,8079499.0,3222423.22242322,3068056.25,2947304.0,689343.75,493733.32675022,186966328.0,171136.0,77245.0,372429.0,20872114.0,2007280.0,1269397.42841342,904944.0,201696.0,1958.05927375
2022-09-01,580446.0,125639.34672802,1402432.0,109820.0,64183629.79349187,27312126.0,6113094.0368866,2921522.39532267,75112.0,3548746.875,77338.0,755646.02761467,2171994.0,331085.0,8480966.0,5564744.0,4487953.48795349,872706.25,4143690.0,109452.5,440947.99412069,167408650.0,80633.0,230129.0,425123.0,8588722.0,4416240.0,675727.56407743,1685595.0,77431.0,121354.50515036
2022-09-04,1913595.0,120749.71664828,1340231.0,19471.0,61655720.02871487,16449854.0,3254135.72052718,1368075.32405314,39084.0,296126.25,54992.0,554043.59494464,452395.0,75018.0,5218183.0,3939949.0,1800619.8006198,1144935.0,2191247.0,28663.75,328850.66228199,89011101.0,4104.0,109220.0,341725.0,3047386.0,2760932.0,669079.19354236,770499.0,24851.0,186285.59947933
2022-09-05,2710933.0,803085.52111578,1237889.0,18464.0,66228856.49936942,73867905.0,6225200.44465188,807351.11383542,318350.0,3161152.5,93299.0,1671782.5303962,516516.0,3243576.0,10340518.0,5032408.0,6982992.98299298,2860755.0,10119627.0,37257.5,187883.99749488,87363811.0,13991.0,125391.0,413457.0,6465574.0,1676672.0,152009.6820521,760922.0,15478.0,2513275.17442091
2022-09-06,1163564.0,853500.02187007,4319207.0,142411.0,22786074.37541412,42270349.0,10331918.43648101,2432381.14410421,16158.0,3828894.375,1152568.0,1065878.35685819,3062767.0,2165761.0,46597513.0,7690814.0,15284031.28403128,6642427.5,5645105.0,33687.5,177338.66430215,64497250.0,130414.0,782864.0,2133822.0,12189532.0,6750422.0,951247.00211101,6595323.0,121419.0,90625.36999205
2022-09-07,349365.0,584223.26411433,3946931.0,381472.0,69976930.4004641,71123654.0,4894663.33320514,518416.13884828,388442.0,2077035.0,1270718.0,1289587.8287149,858720.0,1131946.0,21476909.0,25978634.0,5119136.11913612,2341387.5,4105047.0,23692.5,451631.99397824,60566466.0,290311.0,163473.0,1026995.0,6814796.0,2457682.0,1292643.54969928,1607944.0,208252.0,13402.83169196
2022-09-08,771632.0,180460.55113443,2222258.0,5952165.0,41072713.85094718,27569901.0,3399279.62717983,548273.53768365,2269532.0,2407906.875,395325.0,2215393.78900495,496446.0,376763.0,20566413.0,8289820.0,2238764.23876424,2071705.0,1689698.0,148022.5,396846.66137538,22395503.0,16351.0,324224.0,476368.0,2621234.0,1659554.0,3022636.62252072,730500.0,64170.0,13642.33679626
2022-09-11,869974.0,86126.91007746,2096109.0,22885.0,22679052.87644402,20434221.0,2909596.83899784,478647.97776997,7972.0,1148975.625,285066.0,7667335.79447574,2390384.0,636156.0,6369405.0,3753878.0,11036540.03654004,865780.0,3139967.0,102300.0,405969.32792041,43247801.0,125368.0,985011.0,379081.0,2208028.0,535860.0,642779.94059217,794911.0,6410.0,82896.07807345
2022-09-12,1994765.0,344555.93295258,1659992.0,41064.0,30856956.44211434,32916963.0,7704398.02682338,715863.22227925,14182.0,3376175.625,154821.0,1727797.82552207,485992.0,2685723.0,29828547.0,3772012.0,8120792.12079212,5348572.5,2661515.0,139100.0,514091.99314544,70548310.0,88560.0,612615.0,458440.0,3336114.0,1193528.0,2501490.22300607,1902425.0,211139.0,956882.76795545
2022-09-13,386962.0,40399.81396134,1138838.0,50909.0,43490344.52897098,21842430.0,7553346.29252958,698722.86368859,1315110.0,1767866.25,159287.0,1396231.45703138,238382.0,1533381.0,25167744.0,2740868.0,4197022.1970222,2703227.5,1844789.0,27851.25,220691.99705744,110716493.0,16090.0,49365.0,1076235.0,2334011.0,2294904.0,8915265.3759561,782106.0,213428.0,404138.60198202
2022-09-14,5262670.0,172163.27144973,2055733.0,38287.0,20613682.69793766,13621245.0,10717903.12845086,2365991.01017048,19730.0,2139802.5,300149.0,2142686.24968604,3256055.0,529517.0,19326852.0,6552462.0,3539958.53995854,5079156.25,3379841.0,108003.75,366289.32844948,53568204.0,73013.0,1036896.0,1031529.0,2741190.0,9445786.0,14302277.3883622,1570294.0,210645.0,4020643.61723467
2022-09-15,2158077.0,619588.57006763,1713902.0,14051.0,21514638.40480283,19588161.0,7946721.56103874,4485912.06739092,2672.0,1412595.0,428230.0,2067606.57470987,4262783.0,473348.0,21005969.0,2641179.0,3798111.7981118,2364318.75,1366390.0,120630.0,455911.99392117,23328042.0,56509.0,157861.0,3947215.0,35274337.0,9465722.0,2912727.91314161,1528200.0,421145.0,848188.41858152
2022-09-18,815356.0,492159.37726721,3376198.0,6505.0,47276075.49548509,21221572.0,3130435.40787285,840345.73237358,37716.0,1831001.25,182994.0,1628688.10005306,2427046.0,783024.0,19148621.0,6502235.0,3507774.50777451,3656397.5,3853091.0,94021.25,680157.32426457,49721906.0,104480.0,248271.0,921325.0,11448701.0,2578284.0,2372345.77650745,2730114.0,214053.0,2795078.14069372
2022-09-19,428919.0,757451.99199501,1553796.0,21219.0,33058333.61620227,9976335.0,2819399.03911525,2097890.56414448,711852.0,1011791.25,90545.0,501278.44195397,737286.0,1307989.0,7849422.0,2802723.0,2841323.84132384,2391836.25,3050794.0,30050.0,306494.66258007,33578648.0,27545.0,1312847.0,370909.0,6644088.0,3463712.0,5943526.3727848,998058.0,429680.0,516765.8772792
2022-09-20,355582.0,1604393.26931985,735860.0,29738.0,34312439.97738609,8634581.0,3590157.07016044,996345.73097448,405382.0,413925.0,205576.0,1471952.55748928,3306694.0,669537.0,15347742.0,3295934.0,4466572.46657247,2152246.25,1072851.0,65570.0,192162.6641045,22626041.0,108384.0,247746.0,463718.0,5199485.0,2462992.0,31981272.04630226,1449006.0,234417.0,419124.47837653
2022-09-21,257763.0,555522.3428623,485953.0,15575.0,17299165.59213984,8973088.0,6054542.00394566,2170908.94913983,209084.0,623173.125,120573.0,620692.38351014,8103808.0,571868.0,18917408.0,4214628.0,9411552.41155241,1265777.5,692201.0,47985.0,759013.32321316,22567890.0,20131.0,58112.0,470015.0,6822688.0,4486502.0,5441339.61861539,1738485.0,213726.0,189170.16534077
2022-09-22,1679321.0,62695.92346693,1356649.0,16436.0,13737445.19282913,7080873.0,4798279.5982796,1813571.28418322,597984.0,390331.875,130770.0,522354.39284163,2161939.0,48287.0,4689310.0,5704603.0,2265908.26590827,3370612.5,2255670.0,39205.0,249085.3300122,20134420.0,26311.0,62380.0,892690.0,1539300.0,11348890.0,364100.56166772,826155.0,223906.0,82837.25225836
2022-09-25,1591994.0,557420.84738092,2690008.0,4010.0,10112902.59191087,7847553.0,4124428.82442882,763261.87656268,5766.0,836707.5,111423.0,679421.40182793,1004915.0,692241.0,5258992.0,3302587.0,3163857.16385716,1211987.5,798873.0,27382.5,1128401.31828798,12979229.0,59646.0,202791.0,251090.0,2658007.0,18856482.0,252047.60668408,711258.0,118198.0,93290.38950789
2022-09-26,1411188.0,111236.06602399,1956555.0,6088.0,59536448.13607674,5977729.0,3367875.56787557,2247766.79598416,2045804.0,697730.625,134844.0,4526211.95352178,982502.0,1643224.0,6637790.0,4801799.0,2264723.26472326,1985698.75,1121470.0,23662.5,486449.32684734,32566191.0,22542.0,868203.0,363148.0,6218092.0,11286814.0,507684.40643363,846906.0,342703.0,920694.38706447
2022-09-27,382656.0,45754.26072767,988019.0,13351.0,60314892.56817598,28442840.0,4187891.18789119,10597824.12019888,1670.0,1152890.625,86347.0,4725576.35527037,841145.0,1465712.0,9483162.0,4088610.0,4792201.79220179,1131031.25,2723779.0,15458.75,309183.99587755,9378229.0,11299.0,18955.0,341527.0,3157098.0,17276890.0,485909.43109824,1196491.0,208827.0,15378.74880244
2022-09-28,933927.0,33916.52667042,2186492.0,2286.0,44897089.4406389,18311540.0,3917671.51767152,1707746.62145519,1047176.0,1033770.0,61528.0,3049258.30149748,2005774.0,1601487.0,5348979.0,9783424.0,2818931.81893182,3131255.0,2152206.0,20477.5,281639.9962448,12488475.0,35808.0,99076.0,424867.0,6949210.0,9378530.0,753404.07026227,1225719.0,287735.0,41492.15839805
2022-09-29,729550.0,172709.58197099,1697874.0,8857.0,60840303.05753266,47315198.0,9354753.65475366,1888382.94270509,789566.0,1679981.25,73056.0,1406137.49553612,1211210.0,2599938.0,4090497.0,6902751.0,2753945.75394575,6802083.75,1477375.0,88796.25,164987.99780016,23409383.0,302.0,74526.0,152516.0,1644870.0,6854166.0,260334.39044893,1635390.0,190676.0,586953.47837097
2022-10-02,319619.0,25598.11895451,1520408.0,1433.0,20547502.79995235,26221942.0,1409781.20978121,328093.71903055,15726.0,651183.75,53722.0,1002613.81516372,1020317.0,381108.0,4494792.0,4097525.0,1768720.76872077,1620877.5,2009305.0,81423.75,229211.99694384,25460542.0,1802.0,278658.0,101230.0,4987026.0,4822984.0,2527815.67444579,521446.0,216902.0,1223060.12709464
2022-10-03,547075.0,78729.08086421,2071293.0,13048.0,29119479.79005692,19091300.0,4879263.87926388,1356508.50801337,2064642.0,509060.625,50411.0,757362.82126102,2517696.0,1594730.0,2341372.0,1867510.0,1522966.52296652,1682176.25,2183853.0,21115.0,130477.33159364,30909008.0,185572.0,36377.0,462117.0,2375221.0,4122138.0,1632153.80604146,2189896.0,211498.0,152699.21044516
2022-10-04,509558.0,165064.25296358,2194089.0,1510.0,15933183.81796361,19118212.0,8870749.87074987,647249.32154933,2398.0,844668.75,43415.0,1144172.75007709,2395680.0,1180917.0,11208305.0,3277196.0,7965283.96528397,4197411.25,2689069.0,11510.0,122158.66503788,56143706.0,72499.0,122380.0,4314660.0,3833382.0,5778860.0,646550.50781591,3366896.0,159268.0,733702.87780404
2022-10-05,373993.0,171152.14424188,2096460.0,24545.0,15503390.56469855,37962968.0,7218921.11892112,5108939.41606333,1700.0,472762.5,70578.0,1168462.15406845,648477.0,1334692.0,4187310.0,2985860.0,5927267.92726793,1724375.0,2364891.0,33812.5,194770.66406972,33746064.0,39732.0,44891.0,1058529.0,10446802.0,4379688.0,178792.59942436,1389238.0,211175.0,141170.40114825
2022-10-09,315312.0,84626.81986163,2534537.0,16792.0,8499165.57413227,51522592.0,2157082.35708236,523068.15674379,34424.0,174371.25,63466.0,397946.94758454,587490.0,177238.0,3273775.0,1222919.0,2569556.56955657,733506.25,1516877.0,53086.25,154558.66460588,61899418.0,1529.0,32695.0,176480.0,1487827.0,4675912.0,381373.42734098,394628.0,210102.0,6598.99590006
2022-10-10,935338.0,213423.29811028,1438745.0,20325.0,21938187.04627108,39684713.0,9366603.96660397,1763995.94830497,106.0,759877.5,75180.0,1053858.27105571,503281.0,868422.0,2379345.0,1552657.0,4162933.16293316,10218622.5,1717661.0,8878.75,542922.6594277,27132847.0,23455.0,1165810.0,620047.0,2527714.0,16092274.0,174596.81056288,1819839.0,7247.0,963807.40676048
2022-10-11,362338.0,415304.65460023,1442762.0,13612.0,12112119.92880886,30307589.0,4279680.77968078,132441.25441757,266.0,434720.625,102122.0,4619915.73997026,828639.0,887137.0,5841326.0,3724162.0,4411912.41191241,6549995.0,2102022.0,7033.75,560769.32585641,30325236.0,52939.0,165769.0,362735.0,2058150.0,18272236.0,195648.30453359,1171625.0,211179.0,78544.01821768
2022-10-12,468883.0,242528.67024544,1061404.0,32994.0,7099136.05521986,27683318.0,8525726.82572683,3632669.02571597,16166.0,1002661.875,134926.0,1061707.19351846,515102.0,438353.0,12156368.0,2313816.0,2781665.78166578,4151945.0,1247658.0,38750.0,117402.6651013,36279474.0,2736.0,894353.0,301020.0,1750613.0,25343104.0,1697182.48758911,1186906.0,224247.0,232434.45141844
2022-10-13,741473.0,237684.31451829,1112826.0,7100.0,9246630.45463987,19237254.0,12935730.23573024,454976.22910335,196.0,866364.375,149237.0,834769.08688984,439029.0,389539.0,7912928.0,5025483.0,1847248.84724885,10207388.75,1440696.0,71552.5,77881.33229492,18114927.0,73239.0,162262.0,275921.0,4069063.0,14875358.0,8220924.79270258,961950.0,108921.0,87563.27622436
2022-10-16,943971.0,167819.95189124,2687720.0,1706.0,11781474.76882554,19289234.0,3450158.95015895,5682119.67998099,19372.0,759791.25,96250.0,2924820.49290398,598398.0,550507.0,8765029.0,4008344.0,4964449.96444996,2825920.0,1182312.0,9548.75,43110.66609186,77824199.0,18649.0,495731.0,1001846.0,3754009.0,10097080.0,80632.90496475,1380121.0,139924.0,639770.65663507
2022-10-17,1536781.0,301131.79223822,4579381.0,21980.0,13468172.0126496,17801639.0,11456784.25678426,294866.36506846,12044226.0,1059163.125,547609.0,1227230.39169577,835843.0,2806666.0,11741097.0,3602570.0,8543819.54381955,10695225.0,9247673.0,2192372.5,319657.32907124,61453426.0,25240.0,1074389.0,238883.0,8314509.0,5047386.0,2602582.13302449,1714578.0,142275.0,1052985.24151689
2022-10-18,1436196.0,245495.64948519,7793433.0,27368.0,11700302.93238004,12586906.0,5855259.65525966,1456068.14837607,322540.0,2073448.125,2268768.0,6465853.51205817,2482029.0,2301974.0,8139684.0,5743701.0,5499416.4994165,8864677.5,2522179.0,310091.25,295871.99605504,110414641.0,86923.0,361819.0,1289316.0,2095039.0,4061570.0,614664.93079078,2260407.0,197534.0,223295.44085962
2022-10-19,1319931.0,75577.98592393,2459074.0,138563.0,9353538.31682684,9940887.0,8357710.45771046,685603.58129503,13461676.0,799276.875,2276789.0,13719510.35527039,262673.0,2130221.0,4602147.0,1392397.0,5884052.88405288,2985730.0,1286324.0,58365.0,441461.32744718,75628374.0,35123.0,156077.0,282740.0,3951789.0,3360408.0,1321284.54455967,1429107.0,176345.0,494501.35672814
2022-10-20,954698.0,217039.20973715,1543057.0,2306.0,21336350.40898347,8997240.0,3580089.98008998,1237530.93060511,40003854.0,1689091.875,1266576.0,6322933.28756229,168992.0,1174446.0,17591685.0,1793859.0,6542949.54294954,3152438.75,1418309.0,2153515.0,285489.32952681,151824756.0,82420.0,269796.0,1387957.0,4155989.0,2422234.0,340120.88267505,1062143.0,259481.0,191673.4138651
2022-10-23,468580.0,382689.01099424,733468.0,9405.0,17631980.67355342,18136811.0,1846462.94646295,104761.8824685,4750.0,320205.0,1417950.0,6073781.87006954,288852.0,1020273.0,15103689.0,2489719.0,4438528.43852844,3109776.25,692963.0,130735.0,242117.3301051,72064304.0,3858.0,2148471.0,240914.0,1798812.0,6670846.0,359576.28405292,838169.0,112277.0,372250.80835861
2022-10-24,953398.0,221856.40085275,904066.0,10454.0,16251193.64991785,9245010.0,7289794.18979419,2619851.5460103,2578.0,424201.875,450364.0,3086152.28551728,924620.0,705813.0,11918799.0,1553030.0,4250860.25086025,4651653.75,3339637.0,25540.0,136673.33151102,189748733.0,111568.0,1191391.0,641464.0,8871726.0,4767558.0,1762410.68071085,5479156.0,211891.0,129199.34777718
2022-10-25,276578.0,42174.56858287,1486073.0,67772.0,13839420.67750068,15569643.0,7755803.05580306,1560776.21918586,15352.0,1078563.75,1190752.0,3017901.830956,1197407.0,621231.0,3899990.0,2183071.0,6073083.07308307,6468795.0,1575643.0,17396.25,248857.33001524,51897179.0,27989.0,6194165.0,934893.0,5809265.0,2316938.0,566927.25233223,1623841.0,156072.0,95681.23870695
2022-10-26,236996.0,87213.49453962,714418.0,2130.0,10353796.3383223,19523147.0,10287737.18773719,1207949.31652064,483902.0,471431.25,670490.0,2624578.96647935,554604.0,379467.0,7540823.0,5102382.0,27040623.04062304,6875695.0,6696676.0,6460.0,377707.99496389,36882370.0,138664.0,5103622.0,291150.0,8373811.0,945498.0,146078.74707643,1027789.0,230070.0,1203300.95598988
2022-10-27,4269860.0,1810726.6038145,11868091.0,1094295.0,18393972.12283793,40766203.0,14618713.21871322,3042139.88303013,165226.0,3010021.875,1270484.0,6501717.67291797,3630349.0,610047.0,28371625.0,12705076.0,31019323.01932302,12789311.25,9341834.0,190507.5,1069731.98573691,88732245.0,513515.0,2326830.0,5836187.0,9591924.0,2796960.0,935695.17567295,10636491.0,404315.0,1340452.29341422
2022-10-30,1793792.0,317318.88243431,8384702.0,829083.0,15648412.74507518,27706341.0,5798806.4988065,1635816.57725725,50020.0,677641.875,382225.0,4184962.21099338,1569715.0,341459.0,13772307.0,10810818.0,15806763.80676381,6215981.25,12034573.0,185478.75,369006.66174658,74516252.0,112236.0,730548.0,1463517.0,3182829.0,1232950.0,86765.36678295,2014956.0,41224.0,603704.12921821
2022-10-31,1815164.0,99558.30134589,3321699.0,651671.0,12877504.24776114,23525093.0,8588910.88891089,4242133.14581047,20056548.0,2305520.625,432825.0,4779690.14645338,4230876.0,648612.0,9547493.0,10289508.0,10260856.26085626,11974355.0,3888221.0,229981.25,400938.66132082,78758494.0,67877.0,940308.0,4600902.0,4942907.0,2452164.0,1039642.72105002,5610245.0,359060.0,360287.10821443
2022-11-01,1725665.0,5056604.91038628,3585187.0,217680.0,11914841.06201816,17046334.0,6612296.91229691,2894993.24757854,9102756.0,1704922.5,408381.0,6705949.06446575,1614520.0,828488.0,12693607.0,10011024.0,14558678.55867856,4922927.5,7359851.0,138068.75,229561.33027252,33061152.0,79098.0,1429399.0,3438244.0,13635155.0,2913514.0,3208629.77602869,3035465.0,17213.0,930312.4078319
2022-11-02,1623766.0,1206866.34383671,3335111.0,18886.0,10664787.74609936,13050060.0,6740091.74009174,1488563.6637797,2656.0,1844696.25,1423013.0,4238556.03004032,639349.0,3651505.0,9475869.0,4610790.0,6625953.62595363,3699340.0,3601379.0,634098.75,295562.66272583,36355945.0,200849.0,443520.0,1417945.0,7529148.0,6002488.0,1249311.24801844,2987356.0,36318.0,155642.60212169
2022-11-03,662959.0,1415762.20668797,1545657.0,49973.0,4406344.72939526,7157873.0,3143037.54303754,1119099.54153274,722752.0,556871.25,1162312.0,7780072.33229909,156537.0,2876113.0,4951969.0,5763904.0,4675339.67533968,3883838.75,2133674.0,185038.75,79003.99894661,31649724.0,144598.0,1699367.0,858298.0,2943338.0,1143990.0,83117.73093315,1315595.0,66902.0,115857.44282228
2022-11-06,277844.0,2743010.0357719,1326658.0,145579.0,5286848.52093457,12729680.0,1699787.6997877,164784.75188534,16184.0,588939.375,1270781.0,2458677.49173589,864457.0,520023.0,3374252.0,4635177.0,2471657.47165747,1811875.0,1153920.0,113656.25,63527.99915296,12128400.0,16104.0,574064.0,702795.0,3353464.0,1044520.0,270056.04533258,295112.0,133217.0,172434.2209473
2022-11-07,1108825.0,2364024.46681954,1987495.0,439840.0,5148547.14458883,7591126.0,9282054.58205458,2526508.4975201,80640.0,1083054.375,740128.0,3845764.5239509,715221.0,2467471.0,4096463.0,6900840.0,7390300.39030039,2869962.5,1892067.0,217286.25,100881.33198825,33589486.0,130712.0,4603147.0,1145763.0,3057279.0,1496964.0,936847.90921222,2020198.0,139435.0,265360.10049382
2022-11-08,853665.0,2579138.00742652,2412344.0,64215.0,62446610.39420466,14403133.0,9359372.55937256,3177305.35266991,195450.0,869595.0,283711.0,3168788.63584323,570063.0,1954059.0,5422771.0,9854211.0,9916089.91608992,10658073.75,2622701.0,82393.75,209118.66387842,40025571.0,67127.0,966423.0,1799757.0,3733467.0,3063272.0,1050962.48379495,654353.0,51063.0,428634.30166262
2022-11-09,975042.0,682670.83467667,2000987.0,5725.0,56170299.34617207,7888307.0,10681387.98138798,4229857.3611672,577514.0,353456.25,261515.0,2293522.44901259,654226.0,3060685.0,5271370.0,12847438.0,9646785.64678565,5968618.75,1925504.0,20507.5,103614.66528514,15755825.0,74743.0,535041.0,1342559.0,3857438.0,2477992.0,1895035.49577997,780989.0,127211.0,486418.059458
2022-11-10,1779230.0,2878676.14245357,2170386.0,195754.0,22953161.031182,9785406.0,8056401.45640146,1465600.88371658,151860.0,567106.875,447687.0,5618358.39179425,629336.0,1228186.0,11744899.0,8268880.0,22062034.06203406,8833381.25,1804388.0,109712.5,302706.66263058,11315953.0,229534.0,1059265.0,1345336.0,4053628.0,1761758.0,1430485.8947215,547163.0,184300.0,355937.14928062
2022-11-13,1115892.0,1865236.92433312,1719465.0,3653.0,11722543.27422138,34503361.0,3966919.66691967,1408078.91113831,265734.0,3446640.0,597467.0,2693699.83668447,2080840.0,1168705.0,26567979.0,4532862.0,33715713.71571372,4056668.75,3140515.0,60735.0,219190.66374412,59149027.0,148015.0,1361029.0,1547464.0,6602009.0,1001760.0,578065.64091888,1398183.0,27221.0,505323.20578296
2022-11-14,2955207.0,4038022.52581159,1387385.0,4195.0,44870179.16813842,16094754.0,52112430.01243002,4362949.73665516,914764.0,3776064.375,421031.0,2106328.68460953,1591134.0,1799369.0,38615821.0,8489239.0,16910620.91062091,7309882.5,3076863.0,37973.75,272477.3297003,25659520.0,292525.0,2121648.0,4652707.0,19606264.0,2275578.0,5073387.87898692,3225060.0,106418.0,392463.77860837
2022-11-15,935958.0,1075386.60562455,1842066.0,234.0,19289530.08250439,13327611.0,7022757.92275792,1070352.90519863,6873424.0,786965.625,204711.0,2484219.38335429,1676806.0,1589351.0,18187825.0,5721884.0,13355695.35569536,4742390.0,14997923.0,20780.0,132950.66489399,23656154.0,110029.0,643146.0,2127234.0,5351421.0,991240.0,9369369.84076623,2064459.0,270244.0,344186.69271614
2022-11-16,1339234.0,4166840.13209144,9383546.0,14598.0,21761048.9464715,29212524.0,12623202.32320232,1021389.67693821,184580.0,4180104.375,392798.0,3909197.32913466,6878839.0,4689619.0,27275538.0,7393788.0,24860916.86091686,7181605.0,16951008.0,282960.0,206295.99724939,34171656.0,609025.0,1606583.0,2078156.0,11332482.0,4220272.0,9221838.08515515,1785237.0,229264.0,151441.80864759
2022-11-17,865488.0,1414977.45124307,3105503.0,145144.0,47615541.03434952,36798080.0,18772536.27253628,3396852.88433316,3480082.0,4634298.75,479949.0,1980074.13638733,5287662.0,1320768.0,9696879.0,5772749.0,15522531.52253152,7336350.0,14721200.0,78493.75,364661.32847118,15844238.0,870245.0,1270597.0,3900434.0,19742315.0,2904266.0,2990682.52636914,2495149.0,135094.0,337841.90837415
2022-11-20,1887659.0,886885.3294701,1602176.0,162138.0,22260607.06766588,15209062.0,4154276.25427625,1663033.16894141,32262.0,1412274.375,833423.0,2640889.13868918,2339127.0,630597.0,7717305.0,10074559.0,11256494.25649426,4290125.0,5196899.0,54128.75,306757.32924324,21183352.0,174116.0,1621653.0,3473922.0,4086583.0,4359940.0,519379.00910566,235330.0,68181.0,4899111.57367344
2022-11-21,1786925.0,1758561.49476005,2619375.0,349183.0,17017105.56822038,14727928.0,8317548.31754832,3930621.48941147,4778806.0,2319860.625,1012418.0,1521458.71237162,10136702.0,2938138.0,11935366.0,10689456.0,6984684.98468499,9299586.25,3402067.0,42953.75,283149.32955801,21520203.0,170468.0,713857.0,3386079.0,8499282.0,3676890.0,8604541.21380093,1620966.0,159428.0,260703.40695276
2022-11-22,948443.0,3003687.68482567,2061987.0,19629.0,38251691.5322724,11854858.0,10866905.36690537,5121511.1648295,127316.0,1177897.5,799369.0,7534042.01276179,999008.0,1995350.0,8584763.0,24286175.0,49633519.63351962,8596877.5,6370698.0,226821.25,82633.33223156,8486018.0,115591.0,444786.0,3677116.0,4683410.0,22640464.0,5248417.97226124,253663.0,117896.0,637548.93165439
2022-11-23,643463.0,10932011.57881748,4868721.0,38732.0,31586831.97197589,40664839.0,5322140.82214082,2457870.38154377,201230.0,751361.25,416879.0,17885348.72487967,6050170.0,920005.0,25514748.0,13751655.0,22736458.73645874,6594530.0,9582916.0,270358.75,72747.99903003,10674243.0,269775.0,381795.0,1216891.0,6447782.0,12971674.0,4423629.06383793,980829.0,195909.0,252403.71471997
2022-11-24,624601.0,10898188.61914242,5468071.0,38304.0,12131394.89173802,11256147.0,15551508.65150865,1900849.75873677,253062.0,1524795.0,458403.0,16584127.94290154,484060.0,3127908.0,11629698.0,17817586.0,20768387.76838777,13428582.5,4101947.0,225171.25,199987.99733349,13327084.0,207002.0,215479.0,1639359.0,7479206.0,2217868.0,4425537.52303669,700286.0,214558.0,109158.65312876
2022-11-27,690763.0,7215240.76753521,16630873.0,537185.0,28433281.36948305,60222309.0,5598336.7983368,912687.43576065,600308.0,3294862.5,668008.0,19853273.73128475,6425710.0,955453.0,7691165.0,8205712.0,14176115.17611518,9812658.75,22298319.0,333277.5,335074.662199,72453638.0,191315.0,760053.0,4482558.0,5765469.0,5131218.0,5770477.28837255,1953078.0,130416.0,93799.86308502
2022-11-28,884648.0,16365250.8101116,8233634.0,21541.0,10409543.29736111,64032628.0,7546086.74608675,2026869.93697874,75464.0,1662444.375,813029.0,17388427.42170096,2264757.0,1811495.0,5185884.0,5428071.0,9378600.37860038,8734503.75,10806277.0,521803.75,114527.99847296,40458045.0,96848.0,1780598.0,2115878.0,9300336.0,6187454.0,2145497.08621334,2855755.0,77463.0,1726795.03587014
2022-11-29,1900359.0,16413446.86758897,5122571.0,164573.0,7236825.95744685,34920293.0,5724197.82419782,3033874.41225225,892046.0,796012.5,430242.0,21496261.69764931,9109286.0,1439115.0,7583998.0,3656260.0,11224517.22451722,7386796.25,15550378.0,4298288.75,196517.3307131,20151580.0,367004.0,2156047.0,2521853.0,7708232.0,8068226.0,2016221.64726708,5395856.0,183644.0,740520.36958873
2022-11-30,5838018.0,8127525.00880842,2639835.0,32351.0,19126022.98540513,30459039.0,32043451.14345115,6093344.33997001,177056.0,3267870.0,371144.0,29759049.08710289,6016884.0,1382925.0,7137983.0,2851429.0,25940128.94012894,25696722.5,5992496.0,11712978.75,195182.66406423,252199793.0,1053357.0,1769231.0,3301930.0,5123327.0,8474070.0,8138147.64213331,3263202.0,211615.0,708175.62543738
2022-12-01,1992122.0,1902503.75309522,16861782.0,7973.0,10207375.34325809,45680092.0,25409942.90994291,2471642.13029918,286000.0,1714269.375,392594.0,19645498.68534977,4942732.0,2211957.0,14163644.0,7605614.0,32929211.92921193,4223391.25,7258854.0,2439117.5,135926.66485431,87293569.0,137218.0,2305325.0,456221.0,4811201.0,3443406.0,6783367.32107669,1838550.0,218098.0,832671.00892922
2022-12-04,593183.0,4699664.93285518,11489809.0,7830.0,15173291.94352933,38561747.0,2987478.68747869,1603022.40714778,778308.0,3220728.75,693652.0,19016962.43993294,8403172.0,2037154.0,25967520.0,9760236.0,55624366.62436662,5509725.0,14421837.0,3782573.75,200459.9973272,83634050.0,299464.0,3713425.0,1397711.0,16090654.0,3473528.0,8872406.66235521,11121683.0,163759.0,127408.31179985
2022-12-05,1384075.0,6142184.28192397,10425487.0,24182.0,11064442.90109548,30645182.0,10084032.38403239,1969707.15722236,3072816.0,2524194.375,288106.0,13115411.53510994,22338300.0,1693190.0,22124374.0,14490789.0,89845163.84516387,11564712.5,10506865.0,4298580.0,405971.99458704,187087710.0,159410.0,543877.0,2921312.0,7236503.0,2781102.0,9756730.63059879,4904579.0,239339.0,103882.18760727
2022-12-06,936241.0,3052270.08344515,9578647.0,9920.0,8145541.43321725,32082959.0,5703296.7032967,1465057.38596361,22280.0,2539545.0,389932.0,13168623.28217368,33040571.0,1251700.0,30314456.0,9515174.0,66105420.1054201,11056083.75,15701078.0,6090758.75,339431.99547424,50343746.0,234665.0,811638.0,1980638.0,11954996.0,4783606.0,1096346.32873274,12402019.0,95813.0,193471.80306932
2022-12-07,1155267.0,8007695.87066281,11140112.0,16586.0,10515136.21962899,99629720.0,5938093.03809304,4110722.3846572,85198.0,6991906.875,361906.0,7513488.56428824,32668770.0,1280303.0,29937929.0,11033730.0,39107799.1077991,12306756.25,20208790.0,11751338.75,313546.66248604,121344148.0,423975.0,1150030.0,5240944.0,43421116.0,16197948.0,17211252.8716959,17066569.0,182486.0,1571977.04562071
2022-12-08,2039441.0,2069176.75472084,10987445.0,2573.0,12616629.36698252,54494517.0,6279277.07927708,5016055.11196363,50654.0,4949947.5,142050.0,14517181.77075866,23653874.0,1271261.0,29742469.0,15533310.0,17473904.47390448,17245263.75,12560626.0,2471652.5,181130.66425159,59060118.0,86287.0,967812.0,4757010.0,23811178.0,8053698.0,9907061.59405261,8022307.0,470136.0,786364.58784255
2022-12-11,628382.0,5720378.23029179,14374276.0,18298.0,13151663.8096153,82245044.0,2237902.73790274,928486.53875797,499152.0,2253648.75,530330.0,17571151.44995622,17791532.0,3568817.0,18363503.0,9320160.0,21695148.6951487,10746042.5,10931137.0,739397.5,622411.99170117,68072839.0,492376.0,719061.0,1819175.0,9981421.0,7808156.0,1470144.36206302,5733936.0,99986.0,231296.80217302
2022-12-12,1108814.0,7772543.9015994,9312783.0,27615.0,20866224.21462,89252150.0,11252098.25209825,2096163.20989988,624876.0,2269985.625,325428.0,11115620.20713944,6845122.0,2660665.0,30121757.0,10343003.0,13853098.85309885,12123637.5,7356766.0,1054532.5,358817.3285491,62195644.0,114566.0,1145114.0,1555750.0,11836707.0,17293068.0,1644128.53102461,3537353.0,578904.0,306458.33602295
2022-12-13,961985.0,3363582.56843582,6982045.0,9695.0,18434356.47105251,134807995.0,8889266.18926619,2971627.77603922,542194.0,4555404.375,329974.0,8502241.51637943,20792706.0,1802197.0,53610732.0,8150928.0,36860868.86086886,16035163.75,16231272.0,7850682.5,206835.99724219,126800781.0,584147.0,1933070.0,6908049.0,22114236.0,18733796.0,4572452.60650963,11009107.0,246382.0,609724.32111622
2022-12-14,1037059.0,1818741.12669403,6282079.0,16191.0,12799995.84475276,78691120.0,9941510.74151074,3797712.07356312,2615630.0,8696557.5,785961.0,10766716.37355694,21562742.0,1705260.0,42513923.0,17609831.0,37809124.80912482,5487933.75,7948418.0,3771102.5,209545.3305394,131446121.0,427874.0,1715586.0,3396819.0,37047824.0,35156668.0,4279279.41707041,35923804.0,358758.0,2881372.46004968
2022-12-15,1146199.0,2527494.5328887,6919293.0,20437.0,30857440.7512615,60487448.0,10049429.64942965,4277553.32486499,2710538.0,4137513.75,441485.0,13131210.59115683,9279066.0,2919803.0,27349124.0,9532745.0,16499470.4994705,10427856.25,9445607.0,17619550.0,277450.66296732,366955170.0,241158.0,936341.0,4853968.0,43719659.0,19619816.0,5646786.1582328,32407748.0,770938.0,696871.614791
2022-12-18,706049.0,4860437.52070925,5359933.0,124571.0,21585509.87854883,90394740.0,3195331.5953316,359924.66044911,686902.0,789142.5,183634.0,9306864.87076725,3059111.0,2355761.0,19349237.0,4467945.0,15405984.40598441,8772692.5,4241403.0,9544521.25,247275.99670299,112161755.0,187045.0,124112.0,2444486.0,10936614.0,11000732.0,1920726.13766572,6568730.0,161836.0,140262.80285827
2022-12-19,967853.0,1747182.88799439,5552005.0,94023.0,41147703.30526282,106572993.0,10056711.65671166,2239778.45524863,169618.0,2709736.875,167316.0,6115065.88647905,8096579.0,4774991.0,21001199.0,8574116.0,14423285.42328542,5172683.75,7302073.0,2262443.75,119699.998404,69070338.0,282723.0,491711.0,1977681.0,17925707.0,11723032.0,2027664.34138594,6517749.0,230319.0,1472663.31283187
2022-12-20,740774.0,2769942.64225632,11738460.0,24205.0,30919183.40342931,71317931.0,9842319.24231924,1654747.5187915,512770.0,451410.0,138009.0,7748605.79466311,5720946.0,2078207.0,15783394.0,7692116.0,21713850.71385072,18214357.5,6316081.0,1589667.5,132661.33156452,66128421.0,82269.0,587563.0,1163079.0,53370081.0,20791410.0,1248628.07202226,7482499.0,136876.0,650405.52363479
2022-12-21,387448.0,845564.5131039,4374133.0,52083.0,11432899.34784677,70224984.0,7154551.25455126,1578371.28629264,6608.0,1515178.125,83609.0,6370689.75518384,2882678.0,1293210.0,14890734.0,5791965.0,14068730.06873007,3308258.75,9116660.0,8223521.25,152083.99797221,24303322.0,112227.0,155641.0,1573591.0,31237338.0,20098958.0,2052639.56298071,9067812.0,210615.0,679313.15944724
2022-12-22,1465372.0,777260.92586787,3718857.0,220649.0,10624906.64649579,52603794.0,5445372.84537285,909278.46718136,2886374.0,2409388.125,117309.0,5100200.46507269,5366907.0,893095.0,13285183.0,3337259.0,10982161.98216198,4485085.0,7598357.0,5848975.0,82635.99889819,44310601.0,110445.0,328950.0,1497081.0,48565328.0,15034528.0,1263319.37884271,7619028.0,254754.0,1617559.69908957
2022-12-25,2366524.0,600200.72105338,3899151.0,331090.0,9217642.25239071,81188055.0,4207286.40728641,426083.40425037,3981914.0,966952.5,104038.0,3136432.70547815,6892735.0,1073501.0,11681848.0,4576196.0,6616941.61694162,2429567.5,10251342.0,1883496.25,188526.66415298,27306215.0,181348.0,314111.0,1100231.0,14471408.0,6380714.0,726598.98493733,11108955.0,179205.0,203183.3148643
2022-12-26,317375.0,422151.16833419,2444904.0,115667.0,12128183.29979573,64275065.0,1561378.96137896,548955.6004578,248436.0,871738.125,133365.0,3500252.52807353,2003436.0,754344.0,11952744.0,5054766.0,7476475.47647548,3233911.25,9681814.0,1438787.5,280902.6629213,26046071.0,51075.0,255994.0,989954.0,13555576.0,3483462.0,1181551.87775451,4622970.0,401127.0,96087.76710767
2022-12-27,206120.0,3418161.18473397,4356308.0,55956.0,12835350.41249495,46503920.0,2713196.71319671,1393627.79019168,139324.0,1649115.0,72286.0,4208877.13383565,2616455.0,838836.0,17153919.0,2801236.0,8936987.93698794,2023303.75,10991040.0,2867646.25,485287.99352949,30472187.0,107887.0,522381.0,1187064.0,16072735.0,2629352.0,11574670.01750041,4510513.0,47242.0,644113.26234199
2022-12-28,71205.0,3111322.78624915,5558393.0,113510.0,12858735.23908068,27422895.0,5134661.03466104,1204569.94435363,2433390.0,550306.875,77347.0,3527058.29357012,2697282.0,954727.0,15411814.0,1140764.0,3730551.73055173,1318501.25,14828413.0,4162742.5,408753.32788329,74010523.0,271041.0,299897.0,1549611.0,18256404.0,2226252.0,1412626.58593648,2549159.0,212236.0,180323.18293544
2022-12-29,365072.0,1965156.34905686,3452009.0,67031.0,11094591.8219152,38767167.0,3482370.28237028,832462.32437254,389436.0,1829030.625,132559.0,2570888.9968671,4451841.0,722745.0,16050651.0,2257988.0,8378285.37828538,1409866.25,12882741.0,2687715.0,52995.99929339,56216626.0,287441.0,613053.0,932685.0,34050388.0,4557872.0,10906443.28250195,8466733.0,138690.0,298208.0154564
2023-01-02,1852361.0,684240.17607708,5062466.0,301792.0,8659872.33621866,52236034.0,2979479.47947948,999854.25112239,38056.0,1334536.875,160615.0,3967293.77794384,2569965.0,1827707.0,13089663.0,3501656.0,26005799.00579901,3569138.75,10451359.0,412958.75,227606.66363191,41353902.0,17786.0,577243.0,886399.0,24747334.0,2881588.0,1082368.42693485,3540095.0,80018.0,572816.37445136
2023-01-03,1539644.0,3042454.25104527,4732888.0,204597.0,13163668.72406178,83183968.0,1977825.07782508,906816.58379537,158110.0,1193876.25,217484.0,6862321.5121316,6986418.0,1561324.0,31362145.0,3556477.0,28079245.07924508,3860560.0,7530233.0,1113905.0,37190.66617079,119750952.0,107421.0,476594.0,1043206.0,44035783.0,7741148.0,1708322.89144417,10428904.0,183533.0,885409.40261954
2023-01-04,2725714.0,2306475.86448729,10657254.0,108058.0,16594877.2779466,74169176.0,10790453.09045309,1248028.239928,378462.0,6066073.125,513968.0,12027775.31743382,9813714.0,1928573.0,34382044.0,9976525.0,46405240.40524041,8024460.0,10316187.0,1023925.0,127054.6649726,108505341.0,244228.0,897904.0,2839231.0,49028484.0,9365354.0,4198833.9320692,14371468.0,153896.0,4495025.4947406
2023-01-05,1494245.0,2084864.68968056,10831982.0,151714.0,18821170.66955484,44618788.0,6832511.63251163,2045090.56461802,273366.0,3824850.0,1063990.0,16706124.03319183,7797047.0,1388062.0,65966998.0,13621017.0,26944493.94449394,7369448.75,11882583.0,2385528.75,240793.33012276,68881202.0,167005.0,501010.0,1686115.0,37971158.0,15832854.0,3911150.33382051,12459842.0,339095.0,2845365.8089089
2023-01-09,1435266.0,2084230.84561906,9173512.0,657722.0,10550585.48469046,101734566.0,4811273.91127391,2562613.42993172,53344.0,6474778.125,1271905.0,16911420.67179211,7767263.0,771403.0,38015610.0,10549895.0,34210753.21075321,9909385.0,10063180.0,1230430.0,149765.33133646,103498371.0,67952.0,203515.0,2310932.0,32993053.0,9594858.0,2709788.36744528,9248551.0,234479.0,507270.76044688
2023-01-10,1286388.0,7059151.62721024,4447909.0,367746.0,5369908.8924902,71092973.0,7258366.05836606,2321817.01953527,57744.0,1124565.0,778693.0,10459597.55143476,5069937.0,831209.0,35135329.0,7514978.0,37373356.37335638,12360911.25,10542250.0,2150942.5,47453.33270062,50002413.0,61320.0,500769.0,1767352.0,26861063.0,4634814.0,1893816.25838266,6575946.0,257249.0,289816.93311802
2023-01-11,2981991.0,3371901.59161943,8307556.0,89886.0,7280370.49048755,94299319.0,33859105.25910526,2488908.94628781,283286.0,5181541.875,498077.0,13625177.79473036,8665640.0,1498919.0,41108639.0,6074275.0,91681723.68172368,17629516.25,12699731.0,2526505.0,57630.66589826,90153521.0,300443.0,1161766.0,2360182.0,37735959.0,13510390.0,6854381.34984748,13272995.0,352481.0,1119215.75608279
2023-01-12,3489246.0,820524.91683089,8541977.0,95018.0,4245521.62488805,37323104.0,14745104.44510445,5009025.96404461,767840.0,6920392.5,231840.0,12560944.11859454,7485316.0,547793.0,23986024.0,3005465.0,60595266.59526659,7248477.5,5887345.0,1411157.5,87798.66549602,62527323.0,130064.0,784448.0,1039045.0,19196956.0,9001986.0,2991279.04582303,10336249.0,410775.0,375832.88031328
2023-01-15,700212.0,899127.09214442,6608230.0,77433.0,10897781.03044549,32973516.0,6507899.10789911,700399.09685741,53116.0,553856.25,1204882.0,18217523.62523764,4131713.0,402506.0,13934369.0,3241195.0,73257058.25705826,3434242.5,2375848.0,2170211.25,277391.99630144,36628144.0,34417.0,919331.0,518989.0,15689789.0,5091668.0,448830.50734111,2822927.0,155715.0,213745.70005614
2023-01-16,525771.0,4519583.74287183,10177920.0,83431.0,7866067.99893287,40197274.0,14643957.14395715,2573508.94552907,42570.0,3091175.625,569662.0,14039322.31715221,9054618.0,1081090.0,41314156.0,5226028.0,28768780.76878077,8851383.75,3910921.0,1696635.0,55126.66593164,29378921.0,58740.0,645628.0,762986.0,17050495.0,12004290.0,884086.1665694,2262242.0,411487.0,205074.14463509
2023-01-17,701204.0,1383339.86163073,4104805.0,130137.0,4437332.39789999,33806605.0,16785314.98531499,2626095.04371215,162614.0,632662.5,681109.0,8807105.86077295,22022846.0,518896.0,26971901.0,8219967.0,68195357.1953572,10381917.5,6155634.0,2101656.25,82231.99890357,34297235.0,43721.0,422843.0,3085504.0,27143722.0,6367046.0,5327541.44117545,15566758.0,109797.0,387916.33300962
2023-01-18,2993671.0,2715269.4581863,8552201.0,251299.0,6329171.09165233,42553309.0,17613673.01367301,1210822.85909576,65508.0,2915236.875,449816.0,11386198.01902761,11368025.0,778042.0,41318071.0,5350880.0,28587865.58786559,4250895.0,6716803.0,1175415.0,1464327.98047563,52626098.0,206188.0,335945.0,3416090.0,15571482.0,5509036.0,1223818.10243837,7204396.0,211896.0,441050.75049082
2023-01-19,1628262.0,1189532.3943739,6564294.0,39413.0,5137096.88586954,87477190.0,8903314.3033143,984145.2826534,58496.0,2539936.875,246458.0,8478523.95522385,5677793.0,853520.0,16267633.0,3897897.0,25991767.99176799,4096408.75,5133143.0,1266998.75,1000074.65333234,52998505.0,85530.0,354199.0,2190439.0,60294314.0,3809554.0,1580812.82763847,4135305.0,210851.0,468533.96120927
2023-01-22,501515.0,1021853.08166961,2912483.0,35265.0,11394027.45110291,53696698.0,2685829.78582979,68124.21463566,2496436.0,2194685.625,156076.0,9646579.99966777,15718394.0,702373.0,18283915.0,4779993.0,23918861.91886192,5379737.5,3048880.0,14122458.75,407955.99456059,18850609.0,13114.0,220713.0,1192767.0,89232221.0,4480186.0,3043049.27640061,10801453.0,257501.0,160835.03076448
2023-01-23,1101867.0,1231228.31024564,4986649.0,71038.0,4882785.88213558,124767761.0,7308207.10820711,1429567.25175276,1640176.0,3090343.125,275550.0,5874145.46343225,7772119.0,617297.0,22950344.0,1796783.0,42374202.37420238,8158242.5,2660587.0,2221371.25,596567.99204576,24865441.0,127175.0,3800595.0,1129272.0,30362904.0,15109172.0,2119421.52805836,1921734.0,253523.0,2475445.97347328
2023-01-24,1864471.0,1033413.84618263,12148316.0,52023.0,2618992.35209413,66795509.0,8281447.38144738,1495935.861023,113072.0,6683561.25,142211.0,5441805.71166493,3273299.0,981444.0,16636466.0,5820842.0,30207489.20748921,20315598.75,3108216.0,1330625.0,252831.99662891,31131872.0,307169.0,1888019.0,2064849.0,18426528.0,5443346.0,1291124.0373066,1392325.0,171037.0,364847.15934498
2023-01-25,1748803.0,5517496.80992295,6336110.0,20323.0,5796615.01314688,46637350.0,10434848.03484804,1794316.12740524,1348000.0,3686205.0,232152.0,5723752.06276173,20945019.0,981992.0,14428854.0,7335724.0,30686034.68603469,13815061.25,1341420.0,4358966.25,206503.99724661,43801201.0,107167.0,4505344.0,7148331.0,8014365.0,5905030.0,4400997.59942179,2756570.0,311139.0,926917.31793234
2023-01-29,2043139.0,3783861.64978219,4149319.0,82576.0,3868577.59269195,43288690.0,5938559.43855944,885365.91134201,521432.0,2489801.25,214140.0,3296310.85336068,38161296.0,3844335.0,9659074.0,4734986.0,25311103.31110331,13500578.75,3233366.0,8321988.75,81410.66558119,32367368.0,106717.0,4182365.0,2566300.0,23288034.0,2864386.0,6342692.60505278,3823426.0,216093.0,125529.03709988
2023-01-30,2922142.0,4452823.42813338,7892666.0,162008.0,5839677.94267812,70601593.0,10144508.24450824,5057122.8245998,1037328.0,1632425.625,260425.0,6332248.50614599,15761077.0,2256987.0,22349075.0,5279768.0,35219951.21995122,14054923.75,3393012.0,3829952.5,229559.9969392,53969685.0,68515.0,1411383.0,3956854.0,43777019.0,3287768.0,2978679.58762804,3513225.0,218507.0,209802.26952306
2023-01-31,1193103.0,3484954.56959737,3489600.0,100449.0,3589426.12929311,45268550.0,5905304.20530421,5579970.35354287,559668.0,4113946.875,637721.0,3318808.82050368,6524056.0,2509406.0,14299654.0,2701778.0,37813156.81315682,7555691.25,3010341.0,2911335.0,146186.66471751,25538478.0,69261.0,1754143.0,2354269.0,20808602.0,4579076.0,612603.3111917,2208135.0,98056.0,357291.19348871
2023-02-01,594471.0,8235466.99497999,4204328.0,24154.0,7328731.05862284,35276731.0,5790971.19097119,3587040.77500412,1415584.0,5443741.875,227542.0,2393373.54594568,4990085.0,1000239.0,8118184.0,7640809.0,32928479.92847993,4092330.0,2542904.0,1645442.5,73898.66568135,42136417.0,31377.0,1935882.0,6293918.0,14476414.0,1973576.0,267722.36449608,6500092.0,71536.0,337102.38384157
2023-02-02,1152426.0,4478576.78793651,3529689.0,15009.0,64539329.15851786,49436658.0,4259017.25901726,10360058.65147929,884420.0,4973313.75,116888.0,1551951.09296435,6484288.0,1273742.0,9948484.0,5398798.0,29611463.61146361,3574906.25,3585140.0,2860295.0,113039.9984928,19372076.0,36082.0,5400772.0,3539089.0,21040779.0,3556588.0,982076.57848128,5605348.0,218494.0,794176.86617887
2023-02-05,2087044.0,4008074.34108482,3194941.0,111473.0,22532247.68082731,58422228.0,3810745.91074591,1141323.75658006,319436.0,2501930.625,226365.0,6512570.03540757,4097753.0,506391.0,13163316.0,6556702.0,80018783.01878302,3820671.25,3789597.0,1198002.5,170835.99772219,37704680.0,76210.0,5515458.0,1844106.0,28466125.0,1356496.0,1096293.93175369,3934506.0,64108.0,791538.10818763
2023-02-06,1546698.0,1291774.19733765,4873194.0,1128707.0,19737724.37772359,24817616.0,5018112.61811262,2435667.69115993,29436.0,5601601.875,102398.0,4648173.8850586,3324015.0,2142863.0,11492194.0,6086305.0,29597219.5972196,2631630.0,5305250.0,1764090.0,93411.99875451,15142770.0,76474.0,3669895.0,2369743.0,32251212.0,1364196.0,210460.52745955,1718428.0,211593.0,190625.0538033
2023-02-07,2216799.0,2744404.23826535,4556930.0,66996.0,10663629.7331665,57004873.0,6976969.27696928,3647701.31257667,948720.0,2685571.875,278019.0,3808635.2240739,2613872.0,1148259.0,12210388.0,8602067.0,21976311.97631198,4046121.25,2703384.0,2103240.0,75909.33232121,32924965.0,41774.0,2087768.0,15145292.0,29302439.0,1795132.0,606414.4218576,2489601.0,129303.0,348022.97622888
2023-02-08,1930662.0,4086797.77352316,3714452.0,52550.0,40205711.1914989,52711055.0,6135005.33500534,3172594.14194983,1678304.0,10093113.75,201067.0,4116032.37677986,1190300.0,503836.0,11257387.0,4262163.0,11980394.98039498,5823661.25,6663934.0,1393723.75,48130.66602492,18900005.0,30014.0,1243709.0,4340253.0,21452003.0,1528396.0,610997.14225673,2961934.0,369859.0,981611.66997445
2023-02-09,2944831.0,2405096.48876925,6213461.0,44409.0,14749754.12461186,47709479.0,9391619.09161909,1352137.65603464,3912056.0,19545660.0,160602.0,7018539.61283735,3456175.0,653536.0,12466437.0,7094199.0,26094488.0944881,10142576.25,3167953.0,1478662.5,55885.3325882,13709682.0,57383.0,2095967.0,3520585.0,10141559.0,6066030.0,463028.07339737,6059917.0,845001.0,599493.88159525
2023-02-12,1002824.0,2189688.71823398,6108783.0,16703.0,67542205.50349216,33130030.0,5696212.6962127,2837624.63822758,65538.0,5042263.125,145766.0,3941339.45100583,3826296.0,497176.0,10846435.0,4025204.0,46328029.32802933,5234396.25,7458825.0,1105873.75,45367.99939509,13115610.0,40675.0,1796648.0,3289391.0,28070421.0,4232274.0,142487.53874255,1229412.0,30731.0,432483.19070717
2023-02-13,593326.0,1701008.72603596,5092014.0,28252.0,123972965.76787572,23619411.0,14204700.30470031,2455606.25600353,1927288.0,2667845.625,97949.0,5778651.50527442,2517133.0,883306.0,10710696.0,2193083.0,23236856.23685624,10177565.0,9504424.0,935410.0,68865.33241513,16182989.0,34968.0,1057705.0,1641974.0,15337319.0,5149798.0,2492379.19445528,851953.0,1221714.0,691201.22640059
2023-02-14,765107.0,9955303.64548626,2436505.0,1280409.0,65994921.6531059,80514924.0,2726612.32661233,570500.4433139,607416.0,2192945.625,114095.0,4018423.10618526,4017210.0,665203.0,12380088.0,8173520.0,50020511.02051102,14494153.75,30958166.0,2205168.75,145885.3313882,21424398.0,28955.0,4538179.0,8977262.0,19185577.0,8642964.0,510920.92752467,5696199.0,62497.0,146919.57411244
2023-02-15,1571313.0,1991527.01785902,5107281.0,24961.0,31098653.76292077,52164530.0,7720269.72026972,1133153.80149638,387782.0,14693083.125,240259.0,6756014.4107937,2367423.0,472383.0,26515863.0,11435113.0,48317223.31722332,11131875.0,8177252.0,2584816.25,87559.99883253,26853853.0,19626.0,7861386.0,7355743.0,22129974.0,12437110.0,11349627.00771537,6652869.0,92843.0,659852.31926186
2023-02-16,2404436.0,965361.04072746,17128856.0,118301.0,48642804.02566474,71802276.0,6323536.72353672,1094896.40273636,1630514.0,3045240.0,555423.0,9759988.32630926,2327509.0,751168.0,16218687.0,5460585.0,23882309.88230988,13166821.25,6424654.0,421356.25,134858.66486855,21789482.0,263176.0,3566181.0,2752307.0,11221366.0,2878336.0,6288350.89196451,3950992.0,409129.0,572692.42005527
2023-02-19,584785.0,1202997.44691516,7396188.0,74000.0,27349386.67560322,78268093.0,1394892.6948927,13003.58732732,79876.0,4164466.875,295400.0,3884584.04955489,1212032.0,916782.0,8717812.0,880365.0,14473226.47322647,3321611.25,4584819.0,791408.75,204097.33061204,7206285.0,263271.0,3631272.0,600603.0,9852682.0,2022808.0,1203965.69318072,1204987.0,141822.0,1396952.38788742
2023-02-20,1269105.0,1151788.35843343,3961389.0,53177.0,53498641.75637213,45450094.0,6849765.14976515,474655.15269368,48102.0,1920871.875,171276.0,4318587.45912984,1598973.0,1156387.0,10893146.0,3880447.0,21999882.999883,6042026.25,4486078.0,1434431.25,137903.99816128,16398312.0,159622.0,2223123.0,1244085.0,11846145.0,3033298.0,2609123.69433302,3333991.0,211734.0,550376.426916
2023-02-21,1258528.0,4046970.31971098,4182126.0,47179.0,26903227.01992961,33606763.0,5740143.44014344,2961539.43532252,1670636.0,1532938.125,138166.0,3689437.62128967,1300053.0,1070881.0,10078117.0,1781821.0,17937878.93787894,6296225.0,4081447.0,674260.0,111105.33185193,19075805.0,140422.0,3735063.0,1055009.0,15062325.0,3560314.0,1287430.05028302,1685383.0,434542.0,247713.40642742
2023-02-22,1403521.0,2083122.9964333,5356166.0,33439.0,22275469.1355168,28649135.0,3307311.70731171,2334554.23915198,19112.0,2400405.0,178146.0,4439078.03398966,2244035.0,699948.0,15728773.0,4908746.0,15859326.85932686,5595973.75,2707192.0,526523.75,30147.99959803,26103093.0,152400.0,4301215.0,1519823.0,19714986.0,1819620.0,1332606.32257301,2468008.0,160567.0,228579.259608
2023-02-23,708692.0,5482949.55272744,2395802.0,170862.0,39646561.40010313,25468983.0,4767251.86725187,1231068.15039401,13478.0,604552.5,124111.0,3322620.68436253,1009279.0,279606.0,18741910.0,4176061.0,11063543.06354306,3352818.75,1833178.0,392167.5,26378.66631495,12648797.0,87556.0,978290.0,1606625.0,15413416.0,2087416.0,1112391.895935,490274.0,923396.0,383228.12563904
2023-02-26,1143062.0,1067324.50347289,3170445.0,603833.0,17538095.04558572,32949156.0,2697251.0972511,77510.31320619,14000.0,3956336.25,531312.0,2844055.28318448,2342801.0,1680174.0,8803082.0,2522141.0,9118836.11883612,4973150.0,2618213.0,205262.5,63682.66581756,7310538.0,57734.0,918240.0,614305.0,7645337.0,1906956.0,885122.01454,583004.0,365802.0,595746.88726613
2023-02-27,1060005.0,2191730.79844951,3193235.0,100114.0,32120178.09668788,65682823.0,5156851.35685136,1408618.37301688,36450.0,4326600.0,222468.0,3375466.8062503,2056693.0,918661.0,10332745.0,20322246.0,24064734.06473406,7622217.5,3123820.0,306095.0,87709.33216388,28578011.0,462285.0,632592.0,2348662.0,10005852.0,1990750.0,7947261.41688871,1771925.0,443943.0,1828950.26562009
2023-02-28,1573520.0,803256.79992062,2680370.0,98586.0,28688850.49474453,61926593.0,8746235.24623525,3985522.83421056,16330.0,4004473.125,197552.0,1899512.61404959,693389.0,1122310.0,22378510.0,11598158.0,32461445.46144546,8624413.75,6296978.0,131003.75,150329.33132894,15144616.0,33213.0,442134.0,1830830.0,4666367.0,2074220.0,10946859.49077138,2117661.0,486823.0,344850.58405788
2023-03-01,1118868.0,1264331.50531843,2613730.0,15209.0,56463279.32382288,78422582.0,5332527.03252703,3029927.32708585,1851662.0,1381342.5,136231.0,1702037.0648537,6536416.0,4017198.0,9507005.0,3807330.0,15370410.37041037,5331072.5,3871085.0,500146.25,142867.99809509,28212402.0,28892.0,1825854.0,757518.0,12312201.0,9784588.0,4851825.23777238,1581879.0,418226.0,2136046.23146019
2023-03-02,851097.0,1036869.67423968,5164794.0,24507.0,34183297.18463316,25882717.0,11597380.8973809,5553729.09817283,75190.0,1966310.625,63186.0,3748868.791762,2235059.0,890730.0,15798969.0,4729042.0,18020988.02098802,4500236.25,2242240.0,256448.75,50635.99932485,9500849.0,434410.0,933062.0,4186091.0,7648182.0,4060118.0,1936181.23121936,2438958.0,119812.0,387374.29514199
2023-03-05,454605.0,1098140.34823679,2592037.0,29482.0,15941522.59333527,26196692.0,3109183.90918391,37280.71715443,24402.0,410220.0,89064.0,2058997.30369777,789650.0,2475906.0,10940987.0,5989480.0,23958029.95802996,3314457.5,1635196.0,318141.25,76954.6656406,14490125.0,73611.0,713412.0,2181334.0,4366283.0,1385106.0,1246443.52104923,1464662.0,75267.0,213505.14449086
2023-03-06,1206939.0,838013.50124081,2272393.0,53916.0,18751881.9938596,27323330.0,5756750.15675016,892899.54356144,29842.0,349743.75,243247.0,2516648.69178237,1134110.0,6812225.0,7477493.0,2766257.0,23161775.16177516,1956336.25,1677039.0,620360.0,77443.99896741,15327200.0,73758.0,1987680.0,1186616.0,6125407.0,2211124.0,847787.15169286,4553194.0,799015.0,144232.49491595
2023-03-07,2294779.0,272244.29194562,3035179.0,34931.0,17965382.87834651,26365342.0,8660232.76023276,710557.39273042,84762.0,3406275.0,1296048.0,2364844.66110765,3076218.0,3116527.0,8453641.0,4539043.0,15597801.5978016,1395616.25,2581734.0,347427.5,77527.99896629,17629252.0,54894.0,819889.0,1881295.0,7021732.0,1357986.0,4608183.31569023,6747188.0,518081.0,665918.73144315
2023-03-08,2485737.0,903704.54860595,3261641.0,31234.0,22189262.10732351,30037191.0,6821269.62126962,4209887.85461984,357612.0,1771121.25,477070.0,3308733.25337064,3233049.0,1453465.0,13761488.0,3349022.0,11723387.72338772,2121430.0,6052999.0,359938.75,29894.66626807,4522816.0,32979.0,635062.0,304853.0,7971214.0,3464122.0,5732130.76077591,977325.0,355191.0,1098184.47672667
2023-03-09,2571860.0,462904.58564492,2343021.0,21315.0,15478569.04449752,17789121.0,9561565.96156596,4652409.37531471,978444.0,655426.875,160393.0,5539990.62051235,1099363.0,689558.0,18667474.0,4563696.0,9240567.24056724,3731783.75,2844040.0,577557.5,98203.99869061,10958652.0,14446.0,2050642.0,1534876.0,6527678.0,2187634.0,1761858.49716232,1347638.0,55731.0,110516.89918078
2023-03-12,2989164.0,695434.41337193,1655346.0,26452.0,14961256.52875778,33208073.0,9838206.33820634,1710765.45550883,140668.0,1566671.25,439078.0,3610132.38199602,1314179.0,951340.0,15283649.0,6226697.0,10161313.16131316,3520186.25,2371147.0,477450.0,36877.33284164,16571195.0,111541.0,2393216.0,1436690.0,8160911.0,1194420.0,2172832.18713414,2561564.0,1527358.0,285066.7485494
2023-03-13,4563395.0,969401.10765859,3799802.0,45642.0,17527854.20691547,50669426.0,11036884.13688414,6575518.32667697,382124.0,1809596.25,385067.0,4302116.61426482,2214286.0,1160278.0,15721226.0,5469392.0,12912507.91250791,8155392.5,6111045.0,353872.5,77806.66562924,23262280.0,169434.0,2604268.0,3015762.0,9664772.0,3074644.0,3860740.40943,3489671.0,307268.0,1421760.0744802
2023-03-14,942873.0,1021461.75185773,1794463.0,12040.0,17322834.5106834,28980629.0,5410220.11022011,5788042.54898617,2667732.0,1755519.375,170271.0,3341254.91694698,435377.0,772064.0,6668190.0,5538545.0,8137874.13787414,2208753.75,4762757.0,272645.0,12077.3331723,10347116.0,119541.0,3248409.0,879463.0,10117754.0,1514412.0,5801089.21575289,1475416.0,215373.0,372406.27658421
2023-03-15,1211997.0,763382.49676476,2824906.0,65675.0,25011537.13625042,35716324.0,10337676.13767614,3211183.82770239,2826458.0,2484088.125,285521.0,5442624.25660906,1635580.0,1088371.0,14026767.0,8794161.0,15310188.31018831,4467108.75,4970874.0,507078.75,67249.33243668,61667899.0,66067.0,1634181.0,1039745.0,12228640.0,5239796.0,13369183.92422632,2776872.0,342846.0,831373.68961426
2023-03-16,938476.0,944821.7372911,5972960.0,21106.0,16840781.86536657,63312929.0,8110258.61025861,14982357.71316271,27016490.0,1145705.625,323000.0,3035388.58245184,2927067.0,1257193.0,8151990.0,5230010.0,14771600.77160077,4011372.5,5972940.0,274633.75,55521.33259305,169271869.0,181567.0,656693.0,730110.0,9963422.0,3268954.0,8102553.97120562,3214370.0,5930918.0,1216843.49899268
2023-03-19,464599.0,703021.25120371,3513696.0,56553.0,18010477.74178564,23868476.0,5024366.12436612,588652.46108832,208424.0,793215.0,75438.0,2677184.71195384,2195587.0,3154462.0,4666743.0,3849202.0,9474366.47436647,2511563.75,4066217.0,593831.25,32805.33289593,72268540.0,38213.0,1224782.0,182179.0,5464254.0,1007426.0,738601.92367843,605090.0,81057.0,129791.80777203
2023-03-20,1024214.0,259382.76918466,4955599.0,336601.0,18805507.73294662,26398758.0,4546140.64614065,1066638.55545616,58990.0,1598250.0,138124.0,3894495.14861569,2176940.0,3202669.0,14392904.0,7015515.0,18411879.41187941,5800576.25,4887137.0,374587.5,63958.66581388,60894696.0,51957.0,2516447.0,518779.0,11961658.0,3574342.0,14783531.54939801,2323331.0,241532.0,546089.49564122
2023-03-21,2208773.0,154194.96925681,1802309.0,676323.0,21489843.94097874,27503803.0,7383974.08397408,867796.40477313,2041942.0,1124488.125,157256.0,4197636.37366777,1057263.0,2042123.0,13536758.0,4564904.0,13281019.28101928,3763271.25,2977519.0,215887.5,45213.33273049,61442812.0,141732.0,875249.0,851431.0,8775012.0,2197560.0,6884880.422196,6109876.0,797493.0,1300472.7988328
2023-03-22,1088575.0,3820051.38985012,2774428.0,31109.0,27551719.67360555,19917609.0,4234618.13461814,1707504.46899099,883176.0,1797541.875,213700.0,3998828.63308675,2149532.0,2309530.0,8169844.0,7515005.0,10232713.23271323,4352533.75,3496678.0,335177.5,110783.99852288,38389778.0,10522.0,1029328.0,748585.0,7183429.0,1534940.0,5504062.83308449,1139776.0,496020.0,705241.6879097
2023-03-23,1272311.0,1672852.27048662,777092.0,51004.0,4974228.31926597,14539095.0,3291694.99169499,1048105.82019636,77554.0,502640.625,50415.0,1402557.15211742,3774499.0,1389976.0,2957342.0,5010775.0,5456918.45691846,23817083.75,971854.0,133251.25,36391.99951477,29872647.0,321479.0,249902.0,639726.0,10871489.0,466328.0,1965914.50156626,1120497.0,83388.0,2296927.48250796
2023-03-26,2569064.0,813993.56715369,4877065.0,1034727.0,8722326.57109988,25459142.0,2941684.54168454,1023041.69486061,516134.0,1141606.875,485852.0,5880497.72643765,6091934.0,1298642.0,15231919.0,3244256.0,25544386.54438654,15430177.5,3947564.0,924052.5,66911.99910784,40814560.0,38773.0,470266.0,1563258.0,13369089.0,1301616.0,11289295.91686711,3994968.0,83488.0,289124.67932971
2023-03-27,1792466.0,2016751.25566298,5857451.0,556131.0,10136135.90278576,26700665.0,2975276.37527638,3992038.0807889,191796.0,1461457.5,374703.0,5709486.3552037,2435200.0,1504446.0,12385992.0,7593337.0,18757146.75714676,48251263.75,3410491.0,4523197.5,26187.99965083,39130377.0,75043.0,2613879.0,3801214.0,13259580.0,1503222.0,3351907.29999395,989916.0,44908.0,393825.17604334
2023-03-28,1414630.0,927746.52944303,5935448.0,833497.0,6771610.49549725,15265881.0,3313385.91338591,1343227.79064369,839216.0,551977.5,182324.0,4240560.01024358,3430731.0,2357232.0,9028633.0,2834828.0,7168096.16809617,12976336.25,1346768.0,1025762.5,34241.33287678,26634331.0,104344.0,2354678.0,2657772.0,26412065.0,2088904.0,3877956.84758736,187824.0,70184.0,784560.94633341
2023-03-29,2532974.0,4811314.60594297,7646065.0,9541.0,32946109.1759474,42642393.0,4812207.81220781,2103215.22777386,185824.0,2511875.625,701395.0,8189351.13006076,1016406.0,3716508.0,11437539.0,8842203.0,19039525.03952504,13532981.25,1124208.0,2675813.75,82479.99890027,41678493.0,33340.0,819237.0,3710070.0,13264624.0,1166656.0,5486298.24191546,1532846.0,122699.0,1480282.30634718
2023-03-30,2039701.0,3222829.73588579,9486093.0,94114.0,36654258.68723539,28223210.0,4861978.46197846,1665034.96264543,49532.0,3978391.875,443348.0,6176792.0191286,4774165.0,2956466.0,13909023.0,3979189.0,24690528.69052869,11912023.75,2396433.0,1362857.5,53991.99928011,34653839.0,26700.0,1022138.0,4427393.0,17514624.0,1905918.0,10782584.88508289,1939395.0,278057.0,1110698.61842636
2023-04-02,848548.0,1777814.09122733,3025827.0,23658.0,13048619.59805479,10052889.0,1372146.87214687,466929.14379436,152362.0,649948.125,376747.0,2080103.61792184,1816316.0,945775.0,20026762.0,2127715.0,32534702.53470254,4954037.5,1412356.0,1314487.5,73819.99901573,18866901.0,12531.0,1370390.0,3028463.0,5667527.0,668138.0,3506788.7395521,644406.0,58758.0,74938.83612137
2023-04-03,1789016.0,2204330.51605464,6583535.0,3744.0,24033324.65068236,67059335.0,5236163.63616364,2035241.68578259,2011778.0,1760842.5,521404.0,8701029.01473618,3292094.0,887155.0,22729082.0,18499314.0,23605979.60597961,26072118.75,4522463.0,1037748.75,82686.66556418,36085462.0,249850.0,1364200.0,2678023.0,20360071.0,2210076.0,22126170.11805921,3172068.0,457763.0,314508.0185416
2023-04-04,1232534.0,3456839.45170421,2029809.0,19740.0,31450248.67556558,74011837.0,5088513.78851379,645722.41573343,80962.0,737077.5,290413.0,6310218.64043936,8859844.0,944352.0,14943396.0,6149240.0,16905703.90570391,11828052.5,6728950.0,1932785.0,257526.66323298,49805340.0,48295.0,3197503.0,2197878.0,27071547.0,2491460.0,18358206.62112483,6987052.0,798555.0,776179.31814388
2023-04-05,579851.0,1605904.55837346,2434833.0,5418.0,25218648.29041964,29428706.0,3756743.55674356,471542.14823729,92706.0,369298.125,165298.0,4854052.48760679,6279117.0,914201.0,17757187.0,12630382.0,8008694.00869401,9179630.0,4001410.0,4919826.25,269350.66307532,52115903.0,43104.0,2040564.0,1223267.0,16624252.0,1107772.0,25071801.31878072,3847776.0,397212.0,267145.88416623
2023-04-06,1073868.0,1261198.11097962,2227316.0,129165.0,22260198.51637415,38703024.0,5655229.95522996,111317.48779087,757440.0,436723.125,328558.0,4162240.31424434,3965724.0,940699.0,9244927.0,6524255.0,8014448.01444802,10184365.0,3829725.0,1695311.25,161942.66450743,41422887.0,68099.0,1633972.0,710488.0,9713381.0,4791426.0,5358602.77341463,2483098.0,89277.0,783614.48098703
2023-04-09,709687.0,906212.3664145,1129888.0,6588.0,30414165.30536925,81222312.0,803851.1038511,174813.89977745,152010.0,6782538.75,175688.0,2435629.18912041,840745.0,540057.0,7266213.0,4855041.0,6947592.94759295,6518717.5,1933075.0,1751020.0,101101.33198532,60394508.0,9011.0,331031.0,445213.0,5824887.0,1161616.0,8371185.22176152,591416.0,103453.0,792093.80204804
2023-04-10,647624.0,3313237.9458057,2348579.0,13035.0,19649896.67255184,87256330.0,3222454.32245432,57937.66764182,115866.0,564061.875,131586.0,1700644.14679575,1825057.0,1010154.0,9017766.0,5792549.0,7374601.37460137,6382656.25,2958042.0,537120.0,141801.33144265,53012537.0,7136.0,1766464.0,1609977.0,20352927.0,793580.0,6832578.16075414,1078376.0,212798.0,1433933.86682115
2023-04-11,841154.0,813494.75943573,3455720.0,7484613.0,15127753.35550846,35705599.0,5134296.93429694,853448.87126951,943574.0,581071.875,153081.0,7766861.75068141,3436074.0,394491.0,9429877.0,3841868.0,18706386.70638671,8750310.0,2643230.0,1939878.75,133842.6648821,28589051.0,51184.0,1694357.0,1808102.0,16497972.0,744888.0,4113102.39798844,946769.0,673846.0,1057541.09080352
2023-04-12,821340.0,440634.61233629,3366721.0,667650.0,32858508.74434191,40987789.0,3598980.2989803,823475.77736793,83550.0,1251851.25,162782.0,10041708.21752198,5166096.0,1196499.0,11093108.0,3670601.0,22872433.87243388,7318740.0,3108641.0,588826.25,283311.99622251,21721521.0,45048.0,861253.0,2341711.0,10088058.0,499944.0,7236490.3501637,1450126.0,351227.0,8228670.56567671
2023-04-13,535492.0,2352076.81094662,5428320.0,517266.0,9270231.73224109,33863911.0,6196112.5961126,210491.02950233,818030.0,746291.25,183981.0,7150191.24410697,3082816.0,2222388.0,8731318.0,3405208.0,26138048.13804814,10084382.5,3211344.0,531608.75,156150.66458466,22562429.0,46101.0,393637.0,4131660.0,11353039.0,985524.0,8906897.98145425,1596632.0,333785.0,714436.37290067
2023-04-18,1093699.0,4958245.17108624,6343711.0,3268135.0,6918642.96468022,40754499.0,5672734.27273427,821617.92985096,1153766.0,3377090.625,346398.0,14585468.91435144,8241765.0,2030855.0,12520160.0,3019684.0,17711450.71145071,14603013.75,4332215.0,331057.5,80085.33226553,29010675.0,67305.0,707019.0,2644739.0,6687812.0,814550.0,2429295.24693806,1520929.0,110274.0,591954.72311471
2023-04-19,520647.0,805224.47235502,4845174.0,38033.0,13134228.68031779,48806434.0,3505709.00570901,998258.73544163,2493950.0,7426785.0,250692.0,7901642.07074058,5468959.0,782363.0,21845395.0,16426361.0,13741363.74136374,12805381.25,2722020.0,280556.25,81961.33224052,22388852.0,155660.0,1595285.0,1484053.0,13320013.0,3373668.0,6342980.7884376,4123163.0,609671.0,410036.94040591
2023-04-26,1004374.0,1849854.60258246,2888228.0,42698.0,4596212.85454321,27356716.0,9564373.16437316,385933.18039522,2143216.0,2346241.875,80672.0,7887222.01622245,6208640.0,1264302.0,27463876.0,16620052.0,12341487.34148734,6873122.5,14874069.0,110897.5,246301.33004932,27973245.0,59365.0,2844640.0,948224.0,10053759.0,1734530.0,6948732.18698327,3337881.0,432533.0,260853.62287343
2023-04-27,1318315.0,1092700.31268287,7165916.0,62630.0,10159166.29083363,51388424.0,4465153.06515307,1144004.92247529,436296.0,4028765.625,329713.0,9548424.18901774,12463691.0,1893641.0,47097157.0,14586199.0,15367239.36723937,20442506.25,29663277.0,376131.25,381347.99491536,33810168.0,125272.0,2808073.0,2174267.0,16209848.0,3503714.0,10070876.71854012,7390765.0,339345.0,157658.43674955
2023-04-30,823467.0,3798605.41382144,4870472.0,657532.0,15579213.35542382,59292471.0,5203250.5032505,304485.19906292,254502.0,3821443.125,487763.0,19798849.98104253,18190137.0,1642887.0,36514234.0,19032667.0,12134430.13443013,22173253.75,20876833.0,2638387.5,221382.6637149,73475467.0,108569.0,3689059.0,2453162.0,31856681.0,3989802.0,27829099.63935249,7815839.0,181315.0,383802.72779717
2023-05-01,693195.0,1646795.76787147,15332276.0,66328.0,11144191.57211416,44908543.0,5176588.67658868,767838.55813598,103212.0,1143631.875,228038.0,13290281.58034638,4551595.0,1282432.0,17759178.0,11710195.0,10307128.30712831,15352853.75,18014435.0,1904762.5,89619.99880507,41804960.0,53352.0,1637504.0,1376326.0,12100290.0,2141196.0,8774228.83047977,1855174.0,334552.0,397655.15679018
2023-05-02,1039464.0,958069.07817646,9158926.0,33047.0,7026944.23027939,34531091.0,4044523.64452365,1581980.70330062,193202.0,653883.75,179285.0,9293711.22040535,4779003.0,451412.0,15313790.0,6108518.0,5310266.31026631,9206105.0,16023411.0,1613985.0,100549.33199268,17674966.0,84996.0,1166783.0,2374530.0,10828259.0,1229682.0,5456184.08583617,1963778.0,260310.0,105116.4792632
2023-05-03,647152.0,1640912.0414745,9496345.0,31891.0,7025764.57224498,25062898.0,4861553.86155386,148244.39328929,205788.0,916603.125,295787.0,10196961.0171576,1719348.0,431162.0,13289324.0,4907041.0,9372087.37208737,14306942.5,33373744.0,873153.75,73918.66568108,19646791.0,35590.0,971797.0,3393258.0,8276927.0,780868.0,4030823.01872021,2131564.0,874707.0,535979.85913339
2023-05-07,316906.0,244435.07270823,8719054.0,23097.0,5037986.67151551,26598110.0,2647568.44756845,248900.4461982,232252.0,575685.0,232214.0,6280004.59043041,900829.0,723492.0,8134435.0,3868050.0,5048546.04854605,10540020.0,23468471.0,310933.75,113491.99848677,15290122.0,23932.0,2462433.0,961850.0,7413779.0,1069508.0,2547996.57245677,1062715.0,83445.0,67058.27782111
2023-05-08,1643835.0,2812159.41259599,10543985.0,329549.0,14392331.26837504,56236499.0,2107679.10767911,1322288.32894809,1247580.0,1888897.5,637529.0,10165106.08184334,2199982.0,1760707.0,16216504.0,4719452.0,12338946.33894634,11814203.75,25057833.0,723211.25,177107.99763856,77360816.0,40703.0,5917174.0,2068988.0,16124493.0,1293418.0,4297199.18390819,1556788.0,493981.0,517656.66819344
2023-05-09,1002305.0,3260033.62645211,8163755.0,26005.0,13520563.98094835,60158398.0,8989090.18909019,425124.21143386,437626.0,1749864.375,338775.0,14935427.87387429,10153785.0,3374870.0,27605388.0,9512315.0,25799719.7997198,22796160.0,46675085.0,532017.5,106323.99858235,42044589.0,86144.0,6866671.0,2296498.0,16475365.0,1393666.0,4906989.18037817,3107103.0,808421.0,187172.18854964
2023-05-10,954020.0,426803.03257686,5722908.0,16394.0,9367150.38006331,61232662.0,4191536.59153659,138878.47409078,463146.0,642620.625,312638.0,10439137.72324849,4596513.0,1802575.0,14651225.0,8006955.0,12606960.60696061,25441022.5,54548628.0,799537.5,140118.66479842,32950647.0,43602.0,3158086.0,937926.0,8520686.0,2663024.0,7146685.9585954,2174818.0,213836.0,190173.35558028
2023-05-11,551145.0,1142862.18054126,6597982.0,515159.0,8566029.99845405,40358499.0,7623659.92365992,697494.61257852,590914.0,1655686.875,165607.0,5107487.66581181,5801709.0,4420415.0,12524806.0,7202646.0,8959469.95946996,16000706.25,32900485.0,4119731.25,133199.998224,110106969.0,25330.0,3002436.0,1687480.0,9174740.0,2093710.0,8862050.19791758,2424485.0,1326543.0,296515.72281154
2023-05-14,430672.0,6658140.53624896,8119681.0,69233.0,4644708.70456318,66699071.0,3777710.67771068,119339.4608131,247930.0,568462.5,290421.0,6493797.90267025,6684818.0,2582997.0,10086558.0,2695688.0,6252018.25201825,9622720.0,23160169.0,1090485.0,55709.33259054,42088862.0,12105.0,4646366.0,826378.0,4930559.0,1952034.0,44813511.88182798,1231813.0,1182674.0,441886.9174339
2023-05-15,801019.0,5928690.74352443,7482115.0,13877.0,6689302.29122044,63677484.0,7767246.36724637,748126.00225896,304742.0,883916.25,190625.0,8228951.24643837,2614435.0,2672282.0,15556011.0,3629102.0,6444897.44489745,16971386.25,16404738.0,575818.75,152211.99797051,53134761.0,14818.0,5019821.0,5162570.0,10987021.0,1775788.0,13007975.27274891,1059255.0,334139.0,536185.74948621
2023-05-16,813459.0,1056397.58302138,10059254.0,20023.0,7079528.29885439,39432828.0,4744680.94468095,898685.64216425,398492.0,366436.875,191093.0,5153534.93062111,5296689.0,2115229.0,15486348.0,12073358.0,13491025.49102549,15793298.75,46935531.0,162427.5,63091.99915877,38218785.0,32650.0,3855487.0,3222995.0,7304381.0,1194580.0,14413302.55644894,1237508.0,654381.0,1243075.61067945
2023-05-17,442777.0,791164.1575647,5399709.0,21293.0,23374428.82007455,24347881.0,6317888.21788822,754190.5761956,466084.0,526573.125,238691.0,11840153.93604295,6484978.0,2148558.0,8004979.0,10004913.0,6927147.92714793,14924161.25,37328022.0,204148.75,99991.99866677,16247342.0,55860.0,2037483.0,3302380.0,8460033.0,530322.0,13802748.77324577,1203390.0,87556.0,144072.82484642
2023-05-18,428277.0,229385.41001322,5025675.0,29275.0,12447110.3429281,29840766.0,10804440.70444071,1726154.24460848,89020.0,408418.125,160405.0,6479169.10021428,6530710.0,1160446.0,12682145.0,3288269.0,8236655.23665524,7254080.0,32158406.0,167148.75,75759.99898987,18944975.0,30667.0,2333134.0,1160957.0,9490677.0,883578.0,9405187.20648912,918863.0,162782.0,1067978.47113829
2023-05-21,133381.0,496005.02487396,4378618.0,24628.0,30088904.36439619,16880313.0,2952254.45225445,609819.27704198,129286.0,265486.875,66559.0,7242431.26471254,1826255.0,879617.0,4535360.0,2428380.0,3971751.97175197,4107558.75,67342678.0,244331.25,75887.99898816,21806565.0,20851.0,2032845.0,605149.0,4798450.0,520460.0,15552985.21739938,643270.0,195195.0,77837.0579756
2023-05-22,357788.0,675035.6579666,5100071.0,50355.0,68495561.29556918,19594666.0,5389454.28945429,217382.95769163,404494.0,260103.75,103084.0,4902680.63601119,3620460.0,647692.0,9535926.0,5282386.0,8160830.16083016,10524765.0,33701282.0,467227.5,97721.33203038,66869417.0,31199.0,1645187.0,1643426.0,4249174.0,664212.0,6492622.53008996,578309.0,584097.0,363464.75269034
2023-05-23,667771.0,830247.53356556,4386173.0,1038837.0,65718889.78996778,38806342.0,2773155.57315557,98977.12915715,104532.0,382515.0,202420.0,5044524.22720343,8361870.0,1418148.0,5965869.0,2416011.0,6038340.03834004,7014367.5,63879016.0,1846903.75,66330.66578226,47474677.0,25874.0,4233046.0,2456515.0,3937985.0,1087278.0,5243063.40405522,1674529.0,140896.0,96744.30522253
2023-05-24,615431.0,236184.07653375,3966565.0,1775091.0,46355349.69399283,59132233.0,2619994.71999472,765177.57161276,1823610.0,1095172.5,96773.0,5019034.20628474,3922834.0,5015138.0,6015878.0,3131014.0,7413451.41345141,6776201.25,53749786.0,619692.5,69850.66573532,61287279.0,320686.0,2803270.0,1399010.0,7155816.0,3856060.0,5544150.5526006,541506.0,810062.0,113043.25784675
2023-05-25,512392.0,1886074.65693158,4760819.0,133399.0,92382957.37724756,22142637.0,3672353.67235367,375154.70515557,176350.0,1677699.375,51961.0,4145474.69198831,2198716.0,545043.0,10968052.0,2176903.0,5810717.81071781,4985907.5,66894290.0,317398.75,129638.66493815,21692888.0,32477.0,1302510.0,856980.0,9491704.0,2247040.0,12882369.63760511,585880.0,200378.0,414163.15115017
2023-05-28,648164.0,2768741.09438322,4209854.0,13573.0,73697133.52767706,24311534.0,1218177.51817752,197304.48253538,1061800.0,648018.75,87126.0,2770841.68825869,2452452.0,4377966.0,10503971.0,12645384.0,4807771.80777181,3642831.25,54260868.0,573946.25,164885.33113486,36853101.0,83268.0,1170057.0,285268.0,7995603.0,4592938.0,4764713.24482028,853545.0,49756.0,156038.62591258
2023-05-29,560856.0,1466836.41543654,5451223.0,201627.0,100996114.17304865,36862533.0,4276653.57665358,665295.0612978,934666.0,355031.25,75776.0,3289800.44797814,9644789.0,1012379.0,5184437.0,4275203.0,29967662.96766297,5259840.0,30342898.0,149937.5,167046.66443938,48632921.0,778156.0,2836042.0,913066.0,20685817.0,6915940.0,11644438.61038436,2524367.0,216649.0,485595.54850771
2023-05-30,1295819.0,4267344.12067591,7404374.0,461269.0,86661104.54485005,55863978.0,5113481.61348161,502339.90580861,2191028.0,1549321.875,162519.0,9335505.08783879,11799954.0,5528867.0,32653694.0,6302068.0,29649017.64901765,13579598.75,25998319.0,571903.75,49659.99933787,100717352.0,838566.0,4166554.0,1283332.0,32057690.0,5322714.0,15167857.34498205,5038931.0,53781.0,172176.85800628
2023-05-31,2274418.0,4568285.01354502,5755065.0,300567.0,80078674.94252658,71820399.0,6508356.70835671,3211847.05639599,4547962.0,3445400.625,162018.0,4871255.84796278,11237010.0,3831401.0,18709174.0,4646779.0,43467406.46740646,12806842.5,23834915.0,744111.25,116330.66511559,62295435.0,179866.0,7167618.0,1737049.0,26308531.0,6866752.0,14227410.16636224,9203071.0,223613.0,1518589.46704242
2023-06-01,1486125.0,2410974.70347872,1952593.0,214542.0,54945170.36468666,102596218.0,2419549.21954922,642687.43818218,654840.0,344167.5,93110.0,2754940.15595141,8380033.0,1067295.0,7393422.0,1530012.0,28703605.7036057,9535667.5,56226492.0,217840.0,89381.33214158,47725453.0,72300.0,1455276.0,999069.0,38143433.0,4832666.0,15066960.91600089,1210502.0,364998.0,279574.93852624
2023-06-04,2601432.0,489969.72707098,3253106.0,44392.0,4387313.07127334,152690581.0,3049622.14962215,103766.36678237,102738.0,879581.25,94869.0,2792951.25772341,12272267.0,757990.0,20864398.0,4218502.0,18409485.40948541,10332513.75,85312633.0,155108.75,82366.66556844,65844262.0,39860.0,1332137.0,2753002.0,68606405.0,6953494.0,12293780.26496931,694019.0,25108.0,186108.07157308
2023-06-05,2783124.0,891135.14528203,3534708.0,21735.0,14696835.99756862,65071207.0,8310507.21050721,905165.91116443,58400.0,1006434.375,106527.0,3132599.33425602,10281044.0,2749006.0,54532490.0,2710178.0,12131058.13105813,16571721.25,65040902.0,292526.25,88575.99881899,198801660.0,53598.0,662395.0,1235975.0,31475331.0,9164262.0,59246285.96180219,840337.0,364300.0,915396.91232331
2023-06-06,2875931.0,1175879.94445793,9207485.0,33615.0,43256487.29534282,97458718.0,3536202.13620214,4875030.89798179,95342.0,4417404.375,61275.0,28850886.75554682,10868671.0,2788856.0,19032069.0,2111520.0,58916008.91600892,7915073.75,57897469.0,192116.25,78743.99895008,75105843.0,101652.0,1523431.0,655705.0,67469927.0,4730736.0,19500454.71878068,5402547.0,311729.0,388831.28452649
2023-06-07,5338663.0,633312.18365741,4073065.0,28063.0,43654115.86918182,102976662.0,6112865.61286561,1234812.09654877,4337434.0,1879693.125,58618.0,15106946.56585415,9243113.0,3454671.0,14958944.0,2883617.0,28386436.38643639,8038197.5,65536633.0,99071.25,143149.33142468,68881830.0,119566.0,1442449.0,906712.0,30271461.0,2348156.0,51566658.23759885,2867340.0,275554.0,1062040.21519702
2023-06-08,1470054.0,1244516.98878718,3173539.0,21125.0,40213597.04041953,49285540.0,5923259.52325952,2170746.16887223,392580.0,771483.75,68801.0,8956738.91289413,1930688.0,3553762.0,7870777.0,2026576.0,25192351.19235119,3515581.25,39036344.0,925732.5,92653.33209796,37026877.0,41375.0,240786.0,383973.0,21725988.0,1269480.0,18746145.79299544,1103182.0,280539.0,775037.46705452
2023-06-11,2199697.0,1468848.18137087,6083388.0,6368.0,27301878.66696067,64483588.0,2660613.36061336,525867.70828818,190236.0,996575.625,59578.0,15010117.88603317,6413655.0,1674305.0,62341509.0,7562177.0,15421587.42158742,4773511.25,38617138.0,205291.25,96179.9987176,45310399.0,127035.0,340703.0,579304.0,51261176.0,1119128.0,23189895.29679159,561772.0,128215.0,209246.57566264
2023-06-12,1315528.0,173450.04950769,2466588.0,25737.0,10573416.01570044,24262233.0,2513953.51395351,830609.85802144,33202.0,492699.375,42825.0,4851469.07373366,3660686.0,473854.0,20317928.0,8858545.0,3923964.92396492,876383.75,11458517.0,1329225.0,169166.66441111,12269506.0,28571.0,306132.0,349431.0,16621915.0,828172.0,4180015.35551374,591398.0,43767.0,36899.54297699
2023-06-13,7419466.0,1338066.86057714,5826665.0,296734.0,28937109.14002229,80709842.0,13908210.40821041,2535532.71268581,2674936.0,1286765.625,64200.0,12375797.34912132,8917855.0,2530391.0,41587851.0,31490815.0,12626067.62606763,9796063.75,18401155.0,234201.25,119561.33173918,33193742.0,182023.0,861871.0,926794.0,45761790.0,3265662.0,10697806.57296729,2502086.0,319051.0,1252079.11177137
2023-06-14,2135618.0,652291.67953372,3729714.0,148613.0,29753740.15019576,73251234.0,5681084.38108438,2199912.08789317,3845710.0,1520780.625,38933.0,4135734.38669483,7249782.0,1424779.0,35353567.0,10975503.0,10807486.80748681,12582915.0,37080024.0,274895.0,412039.99450613,30202817.0,88661.0,1129930.0,702380.0,26539013.0,1724404.0,11003220.5028218,1387969.0,53971.0,456922.16549464
2023-06-15,1363934.0,227968.90632795,2586468.0,64424.0,27820716.20795828,86473982.0,2850323.95032395,1567680.25499838,176680.0,343899.375,105307.0,3312300.94539917,10483139.0,1311472.0,20130334.0,6966824.0,14723561.72356172,3824212.5,13157809.0,85485.0,187098.66417202,16394341.0,151528.0,1491443.0,811918.0,18175000.0,1307486.0,10405701.47579348,1837473.0,227254.0,284628.70631917
2023-06-18,1041236.0,993338.36643333,2786190.0,42822.0,27873230.78981481,55228548.0,2300247.5002475,399499.09955606,34690.0,202516.875,40236.0,5316849.19607437,3372089.0,410342.0,9477751.0,2803302.0,20516036.51603652,2097748.75,12523050.0,55565.0,179439.99760747,312544090.0,31577.0,737133.0,1618532.0,9002203.0,1318600.0,17287258.72035616,2807014.0,142128.0,118535.06786992
2023-06-19,1537494.0,7990020.5276171,3420475.0,119746.0,33078882.21418224,76513742.0,8472283.27228327,1165470.3931348,2042946.0,648601.875,226208.0,3765186.55480594,4385249.0,1053703.0,14737626.0,13446029.0,12789645.78964579,9650041.25,20388666.0,140260.0,90459.99879387,142799270.0,58738.0,559948.0,3116675.0,13028889.0,1512094.0,6519074.94344048,3947425.0,170268.0,360102.22708128
2023-06-20,780563.0,5601304.77407202,3005935.0,65990.0,48035028.37408102,27039713.0,4020372.02037202,370306.27470578,941446.0,748421.25,261407.0,3256543.73863281,3523843.0,1222353.0,9538099.0,19092830.0,11293439.29343929,6340750.0,22125245.0,142557.5,51031.99931957,61243105.0,23055.0,975715.0,696487.0,15375345.0,617032.0,11687571.4004911,2288780.0,69582.0,271423.36129216
2023-06-21,1333239.0,2300057.50440366,2444301.0,96954.0,44555448.87069563,30566664.0,4003616.8036168,596810.30854879,341632.0,930581.25,79799.0,3019352.94540873,2252373.0,1019482.0,12784653.0,7050191.0,6404289.40428941,3717210.0,18707066.0,1205327.5,182313.33090249,54400715.0,43287.0,1279122.0,949017.0,20002770.0,832306.0,5769340.67698068,3184627.0,60188.0,341675.04050394
2023-06-22,609894.0,2518006.16287242,3311652.0,686579.0,39115386.12871326,50245673.0,2834320.03432003,1975434.06300059,728502.0,548415.0,55410.0,2097279.14521945,2654346.0,1407739.0,13458341.0,11874232.0,9755514.75551476,4460325.0,21389382.0,1318630.0,102258.66530322,21027469.0,7304.0,541691.0,617710.0,8901696.0,1063928.0,25161918.07695494,1922951.0,396836.0,339158.13598682
2023-06-25,566387.0,351711.80219529,2718413.0,59620.0,19531009.21906653,67399228.0,6709826.30982631,1407028.23850199,22054.0,455398.125,94879.0,10338609.77694119,1745761.0,645332.0,10784376.0,3756253.0,6892857.89285789,7211025.0,25265310.0,889978.75,76449.33231401,31538834.0,161119.0,611896.0,1566721.0,7818163.0,2896182.0,11378338.53697065,1280604.0,14813.0,119032.98637622
2023-06-26,423175.0,1961471.78596892,2509349.0,204050.0,32577828.27601178,37783640.0,5099082.5990826,1528267.25086756,185680.0,314276.25,39429.0,16350702.20339268,3525082.0,894674.0,10925213.0,2035411.0,7540057.54005754,2513721.25,19023007.0,927560.0,85962.6655205,20141058.0,44573.0,487785.0,971441.0,11123690.0,674270.0,6655917.71532375,7752065.0,374227.0,337001.53958713
2023-07-04,802510.0,1654856.6108275,2494651.0,103753.0,26891343.16588782,16975639.0,6388371.88837189,1593746.62247761,388448.0,196492.5,41702.0,8290657.13686364,1961845.0,692298.0,7189886.0,4061057.0,4643143.64314364,2254767.5,16588357.0,2076740.0,163958.66448055,42190246.0,42084.0,610577.0,353313.0,15485262.0,477844.0,2469364.82903834,1832123.0,38759.0,79627.04349195
2023-07-05,610679.0,1490856.34952366,3148665.0,36008.0,39837362.58759446,26404694.0,4730790.13079013,271417.93478549,29500.0,988773.75,38136.0,5817120.58737065,743908.0,544564.0,7256320.0,2842920.0,4193554.19355419,6722296.25,13739710.0,252631.25,83341.33222212,39023775.0,97570.0,875865.0,447582.0,8725081.0,1137874.0,9923518.27601362,3414664.0,86011.0,315764.3698782
2023-07-06,749746.0,606809.23435546,2119070.0,38904.0,40626138.13482431,50827478.0,8393407.69340769,361395.06402336,68894.0,486161.25,72402.0,4878766.97830794,2408710.0,350492.0,8469186.0,2071685.0,4380010.38001038,3636016.25,16488502.0,121720.0,54305.33260926,31346040.0,390431.0,673231.0,682594.0,9358890.0,1359182.0,4847710.05964791,1667474.0,17618.0,537936.86794616
2023-07-09,522979.0,460804.63271073,2557779.0,28887.0,26397165.86927637,83442832.0,2065762.46576247,95020.62695049,784458.0,1011721.875,229227.0,3991536.37179157,2333536.0,406020.0,7635318.0,1341566.0,4336423.33642334,2272276.25,36014062.0,507868.75,93487.99875349,30955287.0,24868.0,409943.0,409568.0,10531127.0,1676146.0,9129538.79127632,527953.0,20220.0,192080.99272681
2023-07-10,540654.0,510544.85647603,1254946.0,19715.0,25759920.66404002,66298580.0,8410038.61003861,2311479.79989704,28460.0,587486.25,156715.0,3316244.3837158,1545097.0,1378189.0,5840544.0,1732710.0,5496989.4969895,4578227.5,16151674.0,1416893.75,88551.99881931,26071165.0,38660.0,1243835.0,392271.0,6745578.0,798770.0,6367591.24644738,1923946.0,61471.0,200906.96591247
2023-07-11,2351589.0,4852682.57640898,4256004.0,5270.0,35166008.20479003,38848916.0,7322979.02297902,2476135.40380148,150876.0,444013.125,89055.0,5267608.72038564,2641354.0,1838898.0,10633072.0,1878592.0,7364119.36411936,8695503.75,17628478.0,28808.75,68849.33241534,17390195.0,122829.0,852674.0,4751098.0,16226334.0,559956.0,7077802.06855016,2202617.0,110307.0,132600.74044264
2023-07-12,2374881.0,529604.27182097,2276407.0,28228.0,25946411.58160595,62912590.0,4780697.18069718,3167405.3527587,61166.0,116955.0,31208.0,2798892.35054821,1549984.0,818739.0,5604979.0,802680.0,5537786.53778654,6114373.75,16460946.0,869448.75,64115.99914512,16403015.0,63533.0,165421.0,608688.0,10397308.0,527642.0,8278335.75960258,5474480.0,71618.0,44791.65634808
2023-07-13,2117835.0,907187.93510046,14527766.0,71682.0,20050596.3252488,49371112.0,3329867.22986723,555964.5690048,601270.0,616449.375,177003.0,3718868.55024696,1850791.0,723264.0,12453579.0,2437843.0,4787419.78741979,4276002.5,15155053.0,1583038.75,33403.99955461,15663782.0,125381.0,137180.0,484581.0,8909813.0,558118.0,7105997.68908855,867237.0,112004.0,257996.36899757
2023-07-16,2348220.0,68433.11189207,4928453.0,91850.0,15697192.63753216,42535088.0,499198.0991981,255255.60309188,45444.0,418312.5,82856.0,6126395.20637814,1530123.0,546900.0,4381510.0,1230109.0,6621720.62172062,1560858.75,17468605.0,107397.5,132334.6649022,18397333.0,16981.0,44397.0,169661.0,8541186.0,2488732.0,2964977.77760441,1006705.0,157234.0,564379.07182969
2023-07-17,1027706.0,251906.1651027,2038881.0,88675.0,29734832.19959161,28794247.0,7771856.47185647,1404369.9425617,65056.0,2976369.375,59822.0,2110392.3111328,2200732.0,1243547.0,10113973.0,2111706.0,6575313.57531358,4125343.75,11313304.0,1477626.25,130797.33158937,16359946.0,6990.0,240540.0,1622950.0,27474776.0,1441622.0,2632041.32686556,1537803.0,292568.0,174426.94543352
2023-07-18,674819.0,1502932.45681712,2555780.0,169111.0,25836514.74608558,45362410.0,4688683.18868319,2686602.21805738,988168.0,633965.625,37282.0,6631600.63984153,1151151.0,999295.0,8345749.0,6421906.0,12555390.55539056,5443230.0,21346918.0,542778.75,63670.66581772,14109625.0,133921.0,488682.0,1210106.0,13699407.0,711022.0,3781983.71936921,1111540.0,462778.0,109085.1208599
2023-07-19,785398.0,2039644.04965813,1533560.0,105919.0,80658774.83322963,28641559.0,6237105.23710524,201521.9712868,1594812.0,271125.0,145457.0,4108289.72599455,963569.0,547243.0,7291259.0,2771956.0,9189351.18935119,3922686.25,11915833.0,855901.25,515682.6597909,154544196.0,46334.0,607736.0,1253799.0,14379388.0,371262.0,4087391.60341843,1934110.0,224506.0,44077.34287911
2023-07-24,587034.0,2417864.31284286,734874.0,35471.0,40810770.89605408,15583304.0,5673324.97332497,355292.82192562,76546.0,1405423.125,34023.0,1376867.23923401,829936.0,490535.0,6207210.0,1841017.0,8452271.45227145,5975675.0,8059258.0,34417.5,146163.99805115,26425674.0,16252.0,48782.0,336515.0,10942615.0,306620.0,4274148.54365959,610784.0,151723.0,766614.87088663
2023-07-25,842847.0,1677900.97622866,1563155.0,235877.0,40366158.31591026,19764164.0,10712749.01274901,538216.13867071,3440482.0,726483.75,24770.0,3874147.91780194,814093.0,202030.0,10050183.0,1009066.0,11327030.32703033,4403568.75,12021370.0,4235157.5,54958.66593388,27542109.0,50927.0,74280.0,1070743.0,12050894.0,1130116.0,20432439.78528264,638806.0,157867.0,290335.860844
2023-07-26,385390.0,1057579.83998826,1327513.0,272211.0,27452776.49298754,16564537.0,4692679.49267949,957508.51159185,27222.0,153881.25,135412.0,1340834.81488492,672544.0,132731.0,6862603.0,679438.0,8744561.74456175,3058775.0,4348128.0,1281406.25,209550.66387266,15460734.0,67299.0,76686.0,665814.0,11776786.0,581476.0,4793025.75092735,388961.0,102869.0,166526.42837456
2023-07-27,546843.0,569704.55416398,1911131.0,68771.0,511967089.5414813,20133035.0,3804757.50475751,1271728.23971544,27002.0,304756.875,16151.0,1408984.05832483,689104.0,89211.0,3696790.0,417417.0,5692196.69219669,6594490.0,6041015.0,86370.0,321682.66237756,14934055.0,40158.0,43772.0,292504.0,9041681.0,752304.0,6897375.08643287,1411149.0,290768.0,348898.01022836
2023-07-30,574692.0,1591262.7605528,9326126.0,59373.0,264126578.96018696,20683899.0,1761328.36132836,910255.14878695,728582.0,525928.125,79994.0,2054020.24680408,589134.0,1140742.0,7399700.0,2537564.0,8945906.94590695,20688010.0,8291363.0,390866.25,245829.33005561,22316433.0,23920.0,828179.0,580422.0,8822452.0,503626.0,7124034.341495,1283605.0,118038.0,188519.92999182
2023-07-31,572779.0,420767.73477388,2321871.0,133942.0,159428181.70612562,35050689.0,12620148.72014872,1562925.99495134,355226.0,811162.5,17662.0,3337645.47533088,968540.0,1530228.0,12731898.0,2703604.0,13385419.38541939,10569693.0,19728164.0,992956.25,63226.66582364,27298476.0,6382.0,821402.0,1093006.0,4910387.0,2463242.0,3460935.33707121,638459.0,39911.0,206658.23979862
2023-08-01,1599256.0,1460881.03710219,16793031.0,64413.0,263294122.67064175,26471243.0,11411400.41140041,1413846.17566058,160712.0,1266551.25,83657.0,4184061.43201313,656788.0,554618.0,6692575.0,3283982.0,12517062.51706252,10338200.0,8966520.0,188556.25,61254.66584994,59486196.0,78333.0,485185.0,860762.0,7572251.0,1268240.0,4296892.86310755,2947029.0,79939.0,153544.8315371
2023-08-02,913684.0,154859.12759951,8096828.0,116361.0,442584826.2435872,27653313.0,5057281.45728146,3296791.45025299,448742.0,521276.25,38510.0,3808771.85908775,1933793.0,469670.0,6676284.0,4395603.0,11246672.24667225,8186347.0,12851056.0,573111.25,406786.66124284,189763680.0,15969.0,312834.0,464941.0,9063591.0,837452.0,5508460.1487885,879569.0,181812.0,188412.78297147
2023-08-03,368864.0,126779.83567505,2371298.0,119917.0,271976713.2381495,10676183.0,2174078.47407847,391440.80366421,564362.0,167259.375,142037.0,3206993.30388486,1015470.0,90680.0,6372706.0,1900381.0,9486939.48693949,6340218.0,6974722.0,178592.5,180457.33092724,82278469.0,18566.0,105514.0,1174619.0,11093212.0,528638.0,3190542.7419116,241487.0,249632.0,346986.17123789
2023-08-06,453745.0,242817.39242953,2189710.0,89447.0,221397380.38447788,25421814.0,2119377.61937762,1120721.96304285,401616.0,455761.875,67883.0,3339231.95965846,4044226.0,746740.0,7298421.0,1399898.0,71491898.49189849,3624652.0,20554044.0,396677.5,190022.66413303,33269590.0,8138.0,1632954.0,3377588.0,17054918.0,1696288.0,4503308.74683752,1152913.0,100228.0,46037.50307483
2023-08-07,653903.0,957311.2211464,2130198.0,128034.0,263024030.47457427,24990065.0,7597924.2979243,1580994.60465476,44130.0,352316.25,85521.0,3302178.56812249,4312503.0,1876337.0,18484504.0,1941703.0,63310062.31006231,6180586.0,14996690.0,58012.5,217809.33042921,28218615.0,18997.0,501722.0,1716696.0,16803022.0,10186938.0,6121148.10125406,728659.0,60069.0,38860.75363369
2023-08-08,606901.0,834574.20824623,2163042.0,101492.0,309636430.2725653,20310743.0,11695009.2950093,1045588.77986019,89696.0,575326.875,63319.0,2246106.30378667,1080251.0,521215.0,26251790.0,8056449.0,39040968.04096806,13262470.0,7534886.0,54808.75,74145.33234473,30472236.0,17947.0,1674884.0,1629927.0,9105525.0,7161254.0,4914161.52070382,2255155.0,132945.0,87891.02005129
2023-08-09,1020192.0,1337862.92813996,2251936.0,64076.0,196623033.2692594,18928797.0,2809251.00925101,1143595.9538691,117154.0,1300845.0,108559.0,2277895.45187204,1431936.0,1292619.0,15178692.0,7030190.0,55708072.7080727,7080909.0,7110555.0,639128.75,288703.99615061,20959187.0,11713.0,438906.0,4146034.0,13480800.0,1685988.0,6941444.97635738,980733.0,435193.0,108379.2110788
2023-08-10,1183784.0,90689.30598197,1811033.0,98576.0,157244806.36862993,26020267.0,1846138.44613845,1146445.2811978,1799006.0,122473.125,33271.0,1713473.92156925,857693.0,1481847.0,9326632.0,1530559.0,27894834.8948349,3688086.0,9592797.0,2915102.5,131725.331577,20725906.0,10704.0,128564.0,940522.0,6130208.0,1269184.0,10586817.67971222,459022.0,189330.0,46305.37062569
2023-08-13,1356703.0,802840.66751503,1613342.0,116993.0,152214083.87512866,21372330.0,1906729.80672981,979653.35444257,33538.0,43018.125,43733.0,3705308.79026054,1157405.0,232113.0,4974108.0,1056535.0,26799353.7993538,2557586.0,3867322.0,31025.0,121613.33171182,20228652.0,13473.0,106047.0,508624.0,12561254.0,1918894.0,5435448.98900824,812984.0,96026.0,192578.91123312
2023-08-14,755661.0,2538969.8662456,2204413.0,64333.0,170340711.81591147,40477943.0,16726473.72647373,702482.95334096,961980.0,344450.625,268351.0,3730641.9339411,744290.0,498503.0,14548815.0,866834.0,50830907.83090783,8375156.0,13174123.0,818965.0,245155.99673125,39173066.0,71371.0,1074445.0,595302.0,10721161.0,8687526.0,13166347.15721968,963852.0,64915.0,157298.12863212
2023-08-15,536810.0,647256.75301041,1464593.0,71225.0,143708048.54733366,16061388.0,4881458.38145838,1252171.73764868,89272.0,522442.5,66828.0,2398785.81066129,492358.0,532597.0,3680681.0,1389356.0,22897231.8972319,3074916.0,7169448.0,40530.0,313210.66249052,20254189.0,59912.0,1619469.0,198696.0,5220662.0,9272384.0,6191327.80889678,1396556.0,166291.0,219472.81333967
2023-08-16,663452.0,416920.57690494,1166871.0,130655.0,159121534.13889006,21171943.0,8289161.68916169,358248.42728028,68010.0,223261.875,294219.0,2433392.42333798,689131.0,434959.0,6946705.0,2027332.0,27462033.46203346,5400298.0,21274945.0,3754896.25,335283.99552955,22587366.0,17306.0,1745845.0,310625.0,6545523.0,18266372.0,26709430.60913373,597645.0,57235.0,570086.22635453
2023-08-17,358607.0,74223.13960169,713120.0,67069.0,118220260.56236386,16874823.0,3773669.27366927,1734957.83197347,72818.0,239476.875,166169.0,1579479.25283977,822486.0,515783.0,3187314.0,1177805.0,19885318.88531889,5946368.0,7515102.0,438783.75,189473.33080702,14297708.0,78816.0,520638.0,706650.0,4656587.0,2569204.0,34769895.69927692,1705882.0,55965.0,1467554.92106778
2023-08-20,246731.0,129764.41445159,636219.0,310067.0,113255370.37568928,15660745.0,3138965.33896534,1649701.33049595,74858.0,160357.5,62195.0,1116189.14015548,1863847.0,133905.0,3794120.0,636001.0,44440937.44093746,2244375.0,8831626.0,114991.25,72387.99903483,24728114.0,15666.0,223531.0,525964.0,5185798.0,4225606.0,13579114.43609002,1107099.0,238841.0,39846.08603647
2023-08-21,358599.0,511889.70822391,817439.0,251033.0,112089811.14468823,16980998.0,14423559.82355982,1888217.47185455,512944.0,769119.375,80280.0,6141342.82386645,858737.0,433213.0,12720416.0,922213.0,51107658.10765811,5077087.0,7594959.0,79552.5,423163.99435781,26433471.0,21657.0,170727.0,1132345.0,7105758.0,13627754.0,8572276.76631184,1171273.0,73847.0,98209.69829489
2023-08-22,419879.0,184663.57770875,1595139.0,235765.0,94575081.62607294,10302639.0,5206165.50616551,4578059.15176629,646920.0,707851.875,252753.0,6109971.17165676,892313.0,261624.0,7891639.0,598087.0,39430710.43071042,6512508.0,11048275.0,264191.25,740997.32345337,51471853.0,89090.0,911069.0,246672.0,7807153.0,10985380.0,16063549.44241276,8724939.0,112217.0,52332.91575058
2023-08-23,762390.0,283854.66164606,3129320.0,65404.0,151412010.86144713,8492327.0,5552604.25260425,2584538.99027319,2484250.0,781318.125,91890.0,2352046.51480958,4830444.0,695092.0,6320627.0,1100772.0,41616251.61625162,3968888.0,10666491.0,89802.5,254361.32994185,27446907.0,52589.0,955435.0,782101.0,22263038.0,13296380.0,23957442.52086263,4484669.0,34974.0,102687.81346872
2023-08-24,900747.0,204657.22408347,1062700.0,335317.0,129689957.33015776,19787639.0,5308398.50839851,3330353.78179055,1071622.0,932613.75,96021.0,2011226.91954704,621071.0,335158.0,2783443.0,1301850.0,28922488.92248892,2819429.0,11258702.0,82587.5,151641.33131145,19925646.0,116038.0,226637.0,1600184.0,4360377.0,6619588.0,20038059.81552476,5306398.0,27513.0,125548.99585857
2023-08-27,461437.0,251964.03782136,2120703.0,265509.0,52462795.45586123,17744759.0,5299161.7991618,6643958.68480755,1221000.0,2217615.0,36831.0,2678325.86734737,839397.0,101865.0,12454196.0,814499.0,30234804.23480424,3044320.0,8927007.0,151022.5,285433.32952756,19710240.0,117568.0,167124.0,534041.0,7221825.0,7673934.0,16539447.01997411,3696855.0,43030.0,236395.73978825
2023-08-28,293340.0,1240617.46988708,2255784.0,91383.0,181346005.6819292,19505315.0,4739221.63922164,1258732.72413693,41022.0,822616.875,518997.0,1944003.75786773,12290340.0,430879.0,14599002.0,4056488.0,51808638.80863881,4980429.0,7354333.0,142570.0,144190.66474412,39013716.0,21317.0,734998.0,680932.0,21977450.0,6527732.0,28121011.27075748,4895010.0,5661.0,1514310.93945552
2023-08-29,469541.0,2160093.71224941,1923951.0,152134.0,110991110.65211812,47652404.0,11861381.16138116,884803.57950849,345976.0,155304.375,233054.0,932422.63735004,6097454.0,1029872.0,6912220.0,6371985.0,28844443.84444385,4098558.0,17531852.0,141351.25,184758.66420322,16520188.0,56402.0,541518.0,799920.0,14421857.0,4870524.0,68352594.75394006,3606811.0,47924.0,216435.93063558
2023-08-30,649015.0,489308.32457203,1977989.0,203415.0,50560386.63697698,29688886.0,6816666.11666612,367108.51688692,2720230.0,217550.625,78718.0,1444119.49911072,3298030.0,550684.0,10699196.0,1769446.0,29413814.41381442,2218142.0,8199808.0,87652.5,199765.3306698,28044702.0,448482.0,1380079.0,592342.0,12713821.0,3297966.0,47400606.67700403,12535161.0,63792.0,47399.95097078
2023-08-31,905856.0,195254.2852233,979237.0,89394.0,52764812.82614527,31621266.0,5211576.41157641,903446.62866864,799874.0,358346.25,58909.0,1040383.27538343,1058163.0,355379.0,7189048.0,2384446.0,18853794.85379486,3555372.0,3460311.0,71486.25,81454.6655806,104238095.0,635960.0,1243049.0,2013900.0,7001640.0,7135452.0,6850528.15661831,5901982.0,44011.0,214118.61370538
2023-09-03,385688.0,423862.54730025,4612372.0,228471.0,55978912.32284262,16248018.0,1810844.91084491,2028895.94592919,198720.0,477225.0,85640.0,1770311.55705631,927123.0,458630.0,9189887.0,1515278.0,12466137.46613747,1480464.0,11095291.0,74576.25,465774.66045634,96598437.0,68093.0,625438.0,346195.0,7095237.0,4895046.0,18532867.92027732,1824219.0,147849.0,19960.85961365
2023-09-04,309569.0,671249.12866007,1792796.0,546709.0,81618847.40914707,13048500.0,8930449.13044913,4003068.12553302,627252.0,140583.75,334649.0,1922902.50419972,11659875.0,2797949.0,2632433.0,3952080.0,13546726.54672655,1840159.0,7517076.0,69153.75,361751.99517664,29055295.0,325313.0,1620553.0,1840784.0,10213316.0,7309594.0,11119864.23927827,9497088.0,89030.0,66209.50534622
2023-09-05,302080.0,1659930.11916325,1147601.0,602464.0,85877255.52717662,31946722.0,5050568.15056815,5485444.79385252,1362004.0,59328.75,232220.0,2293144.17244644,15964693.0,746779.0,6544207.0,5007708.0,11828852.82885283,2918768.0,11072224.0,194541.25,152105.33130526,30925067.0,151244.0,1979425.0,2459441.0,11115700.0,8247350.0,35223840.95788145,6679006.0,141915.0,349795.1039085
2023-09-06,433417.0,882242.0375148,2470907.0,1098757.0,50229427.72206285,45419416.0,6950614.35061435,4110551.53264079,34434.0,1321753.125,121249.0,4172523.3641762,13429772.0,1527563.0,13527592.0,1677200.0,10305724.30572431,7381672.0,4718712.0,37303.75,290102.66279863,25734400.0,341473.0,1791308.0,1103063.0,27356774.0,10287294.0,19662169.93356902,1742889.0,152385.0,363336.59645032
2023-09-07,1028398.0,784676.90138743,2982568.0,339665.0,43818232.37853285,14702001.0,1892955.59295559,4910394.57479467,15706.0,4705760.625,43419.0,1891696.58520129,5095599.0,3099484.0,17814402.0,1192694.0,6072501.07250107,4036275.0,5596573.0,73582.5,129741.33160345,27797561.0,193046.0,415569.0,266906.0,16850251.0,7961328.0,7563773.97296958,2247770.0,240100.0,1060709.28113058
2023-09-10,943208.0,844335.40679334,6275500.0,186221.0,78941152.96541043,23520218.0,1015126.11512612,4062096.82455518,192374.0,384166.875,39042.0,2277357.76778973,4426133.0,3219992.0,10053998.0,1914892.0,29545628.54562855,1793165.0,6742667.0,616330.0,92821.33209572,17948145.0,258723.0,2921224.0,311156.0,47089728.0,4026640.0,22383548.10972821,2106408.0,72946.0,280128.53146468
2023-09-11,953325.0,445443.55967246,4244413.0,151689.0,52643176.17915158,9672853.0,20065643.66564366,4049245.25516372,3685642.0,826263.75,74766.0,1516222.3019794,6833318.0,1347633.0,10100644.0,2138811.0,62985458.98545898,7440227.0,41672522.0,187712.5,216462.6637805,23479124.0,106545.0,1404675.0,442968.0,31409588.0,2773686.0,8518207.11446099,5173495.0,141514.0,6718188.55650704
2023-09-12,375633.0,1061391.1718885,2908970.0,96599.0,56557347.04886058,17648445.0,3941001.44100144,4192577.98930423,31224.0,1047135.0,50029.0,1224400.27571428,2129362.0,1451953.0,4848360.0,635747.0,29327135.32713533,4141301.0,9857756.0,64457.5,69170.66574439,19405413.0,82148.0,2081758.0,209771.0,13349280.0,3541380.0,5032893.07524891,1914065.0,85012.0,384069.54488704
2023-09-13,615712.0,340815.19602498,3754803.0,204245.0,40459238.33012544,15052844.0,4663585.56358556,1703164.55871601,2541778.0,122788.125,27169.0,1760934.34666077,2828219.0,779518.0,6686519.0,1376517.0,24839484.83948484,1367857.0,7759371.0,320603.75,118835.99841552,19829076.0,78493.0,655201.0,192405.0,5027109.0,7779854.0,3788281.43319827,2723920.0,68546.0,53291.98662877
2023-09-14,845599.0,3209924.11962489,1193693.0,520291.0,47356140.65858554,6088275.0,5644588.54458855,1977503.121278,930000.0,1137718.125,13979.0,2969300.25047096,3040774.0,742413.0,4366028.0,6053851.0,23107724.10772411,1854892.0,6688436.0,1666837.5,184498.66420668,14118011.0,260736.0,3300970.0,348925.0,28432925.0,11224066.0,13844620.00531827,11163071.0,475429.0,210393.67905692
2023-09-17,842203.0,1138579.59936051,1938091.0,273327.0,115945568.82723616,12331848.0,737301.03730104,1958864.10799225,416980.0,1603226.25,27164.0,1646711.2704922,3140252.0,481337.0,2486261.0,3616457.0,16591039.59103959,3220829.0,16246451.0,942506.25,353277.32862297,20607015.0,405779.0,1867868.0,933300.0,76838082.0,4888126.0,33596521.78079229,9236383.0,71348.0,223584.31763016
2023-09-18,768336.0,743162.8712029,1273228.0,27750.0,118962593.45592228,17149236.0,10762638.46263846,918270.39535183,1191748.0,3208267.5,52345.0,3035529.01288275,1516775.0,286736.0,7553567.0,949602.0,10972981.97298197,5640880.0,10596151.0,346248.75,220301.33039598,16532296.0,69431.0,2465593.0,322434.0,20444164.0,9798780.0,5633711.09668944,2560833.0,49508.0,565186.87632621
2023-09-19,1211989.0,1346673.36059481,1750190.0,117208.0,97558919.42502902,12748584.0,16747949.04794905,3585676.64945581,1845348.0,3780270.0,32636.0,3428998.63348539,14533916.0,696615.0,4711976.0,1805775.0,20144396.14439614,8765738.0,4751278.0,72060.0,138382.66482156,13860553.0,273348.0,6478427.0,2011584.0,18683552.0,6385264.0,22645559.20350699,4415927.0,92598.0,99805.34852925
2023-09-20,2060836.0,678320.62371142,13712124.0,74019.0,58747911.90947882,26073431.0,4999497.2994973,2880996.83514801,1174190.0,7387434.375,144811.0,14475942.03421475,3405716.0,1091470.0,11769920.0,7083184.0,20951054.95105495,8395744.0,5406193.0,628166.25,156147.99791803,12510901.0,99039.0,1609196.0,1094053.0,30239103.0,2976928.0,22813453.23128732,4737165.0,243493.0,717205.38805389
2023-09-21,431929.0,1229814.56240412,7856256.0,21819.0,68948222.28798988,21868847.0,1716674.91667492,1934105.36381968,95920.0,5801098.125,104025.0,3570409.54713375,1373097.0,2451115.0,10879885.0,7987977.0,15533451.53345153,2669181.0,3216512.0,104930.0,35310.66619586,23515065.0,335662.0,1320924.0,782025.0,9578553.0,2016234.0,16168440.82515736,5838381.0,178619.0,2948726.96786822
2023-09-24,1264307.0,1605055.7584998,7225715.0,46069.0,86815296.96422048,9570116.0,1622814.02281402,933508.5118071,542064.0,3150243.75,292683.0,28273798.65340374,6931489.0,2319195.0,5837928.0,8198221.0,14779577.77957778,6439346.0,4490520.0,130658.75,147761.33136318,21135341.0,506728.0,951973.0,382352.0,8227827.0,2585732.0,9076353.97299752,3764972.0,209082.0,1097665.54900069
2023-09-25,574515.0,11292615.40487709,3510332.0,39229.0,49387919.25116593,20998176.0,9413901.81390181,476394.61456148,368782.0,925672.5,143443.0,14806416.58773359,10768917.0,1354834.0,8815577.0,4722213.0,13732159.73215973,3236921.0,8200979.0,61540.0,107535.99856619,11782220.0,419949.0,7180113.0,197321.0,82433457.0,3060560.0,12386576.81300792,2176277.0,187362.0,141312.21338106
2023-09-26,1405097.0,8072720.64258042,3676356.0,54366.0,73064028.44332013,14925974.0,11510165.11016511,852357.83988917,1537428.0,1561695.0,124471.0,34417236.54748268,3908954.0,447608.0,10359723.0,1765222.0,18108795.10879511,12876477.0,6585203.0,528398.75,245697.33005737,10208063.0,420012.0,2378106.0,207258.0,52339825.0,1003226.0,12873172.35802902,3050240.0,80782.0,485347.63971554
2023-09-27,1301204.0,2986080.71138418,6098364.0,207400.0,43565225.99187734,22432708.0,2103764.2037642,995143.0404023,95032.0,1196525.625,156235.0,28170307.75151814,4526554.0,714190.0,14553139.0,2007413.0,12811713.81171381,5327377.0,5084738.0,353501.25,149438.66467415,22907355.0,449234.0,1069982.0,698672.0,35948403.0,1273632.0,9126180.70452277,1665988.0,89013.0,742019.37741257
2023-10-01,502107.0,4085497.01527521,2909597.0,31132.0,46339257.56941536,16013738.0,4841088.34108834,1321544.38276642,62122.0,408721.875,92968.0,15805027.50304687,2178835.0,634865.0,17182925.0,1138870.0,11108993.10899311,3656756.0,3385210.0,93730.0,123597.33168537,5821386.0,854977.0,813152.0,172992.0,21968178.0,668904.0,3077699.41652267,1240997.0,253160.0,1125766.4307776
2023-10-02,637345.0,3084031.66563595,3618445.0,12029.0,72772395.81471613,11336945.0,22660373.56037356,459688.7851149,1358332.0,2820781.875,96034.0,12719530.5595405,2018955.0,1316569.0,16984606.0,4495800.0,14264909.26490927,4154887.0,7876333.0,146923.75,147817.33136244,23369566.0,1349657.0,4562693.0,926854.0,41107669.0,2486180.0,9540941.52032789,1775578.0,175891.0,1148967.96252619
2023-10-03,450410.0,1933229.89926346,3766298.0,28450.0,39762308.15295522,9703044.0,3986377.58637759,309823.31560696,22186.0,1395140.625,96599.0,6876739.0363717,734496.0,463687.0,17604954.0,2347213.0,18974595.97459598,2990221.0,9141853.0,65156.25,55585.3325922,12229445.0,453100.0,2263723.0,641206.0,15280626.0,1305314.0,4353587.50349174,1196277.0,72916.0,682612.65739727
2023-10-04,285066.0,3505463.55875253,1972005.0,19127.0,61170923.01141707,5773860.0,2352840.75284075,2250792.35649514,1623564.0,1061675.625,30388.0,5229512.85429949,773690.0,238369.0,8258480.0,1365607.0,22518118.51811852,2964232.0,18027800.0,112848.75,95949.33205401,11351724.0,501263.0,3882608.0,354602.0,11704095.0,3915542.0,3397258.13730725,2916510.0,77041.0,819269.22769825
2023-10-08,1534249.0,2907335.23219588,2785803.0,41330.0,100744479.17104664,22614328.0,2944788.74478875,1638434.5144535,144378.0,996924.375,194485.0,11492314.08437392,2392685.0,712158.0,17330393.0,2281679.0,34769002.76900277,3119654.0,10527746.0,337545.0,83561.33221918,23086581.0,335259.0,2287351.0,439999.0,18767942.0,2759404.0,6774383.86077699,3259093.0,235749.0,994788.65255489
2023-10-09,481717.0,782830.48607784,1521567.0,8099.0,73315454.6655323,6092076.0,3107335.90733591,401113.44931737,186162.0,354030.0,78338.0,3347566.69550382,652370.0,264325.0,4455274.0,1081798.0,7147537.14753715,1281486.0,4473256.0,324923.75,58982.66588023,10675494.0,293142.0,1390356.0,179843.0,9810763.0,1211348.0,3559410.76647078,1447801.0,48235.0,947174.40754342
2023-10-10,998349.0,2193307.14107202,1912937.0,42264.0,68199026.25855146,9306075.0,15301078.001078,1452156.04078784,538348.0,594399.375,82326.0,6837798.05742205,1177510.0,525583.0,9803558.0,1335578.0,9513552.51355251,7568457.0,7568008.0,633656.25,184830.66420226,6065736.0,229403.0,2945293.0,416746.0,6863784.0,1173752.0,4311345.17244571,2062112.0,21031.0,285813.62630886
2023-10-11,508323.0,693320.68121901,2121149.0,58304.0,53475450.14203022,10652953.0,5240971.74097174,529136.76655483,136624.0,734720.625,110984.0,5997180.23285567,1148382.0,3044958.0,7728664.0,991041.0,17004707.004707,4824944.0,5864879.0,168561.25,96983.99870688,25119027.0,220097.0,2761233.0,683265.0,21238590.0,1964090.0,17049546.96906708,1432829.0,87646.0,819098.00255789
2023-10-12,949399.0,3402177.29100918,2391926.0,55162.0,39908065.94264822,11909867.0,1214261.51426151,1435829.58353516,1669710.0,310336.875,93288.0,6574477.08293658,724693.0,852705.0,13802181.0,4378003.0,20603111.6031116,4879868.0,5698836.0,221393.75,118010.66509319,8562233.0,747696.0,3359526.0,351832.0,11751752.0,852686.0,5684713.32183928,1640921.0,82731.0,892543.08316034
2023-10-15,1160771.0,3466887.25800087,5355092.0,68543.0,70334503.70546311,16917900.0,2022108.92210892,621936.31729205,1937144.0,686818.125,74237.0,14632873.6733262,1282425.0,815893.0,7114080.0,3147678.0,24659304.65930466,7643586.0,11489660.0,174711.25,141550.66477932,16835105.0,1439477.0,3850561.0,5898018.0,11939515.0,1644884.0,10391273.26438738,1134822.0,133773.0,1661014.1186053
2023-10-16,3886607.0,1703414.57762592,6837435.0,409932.0,156450081.56979927,27824156.0,10521632.62163262,2486878.90146297,832454.0,390294.375,300298.0,28922068.53721097,1903533.0,2571403.0,15395128.0,2009592.0,19884931.88493188,3244432.0,6992427.0,1415707.5,373663.99501781,14237138.0,1150256.0,5995192.0,1851367.0,13060479.0,1637404.0,10856118.91958746,2713002.0,290123.0,1668815.89233178
2023-10-17,3536376.0,7109770.96513041,8279335.0,320352.0,103276044.41891772,20679617.0,15024647.72464773,4518170.81149623,1788898.0,1102743.75,684259.0,30188514.44302312,3265605.0,3559841.0,31501580.0,7395132.0,36906198.9061989,20695919.0,11433540.0,1232568.75,265859.9964552,14677403.0,867848.0,7646757.0,5665063.0,40828555.0,2256482.0,26301501.65305516,13315389.0,58513.0,1255380.71064337
2023-10-18,2024220.0,5719759.20579145,23079500.0,74747.0,116920600.06812264,24921134.0,5993377.99337799,3093422.39378097,2493762.0,2896751.25,393385.0,38479074.16418243,2109095.0,3107789.0,17168161.0,4196696.0,28221430.22143022,14095095.0,11114598.0,908807.5,269266.66307644,14310577.0,681131.0,5723238.0,3677234.0,30500764.0,1512358.0,11007573.97027402,3123831.0,468690.0,2033480.27146559
2023-10-19,1735441.0,2820380.09448927,21068667.0,66583.0,121345712.15850551,28050466.0,3503173.5031735,2184599.98040718,312798.0,1688443.125,317828.0,29893611.8032511,5468942.0,1078448.0,7102185.0,2973405.0,26558795.55879556,7794403.0,39841806.0,1074140.0,125849.33165534,29398737.0,664586.0,4724847.0,1108006.0,19086208.0,1609490.0,13926309.38254668,5314180.0,285244.0,791562.26879025
2023-10-22,1179740.0,2019369.30722135,5702027.0,27257.0,71572923.82373865,11499504.0,2571769.57176957,1304344.83135117,121538.0,470124.375,226047.0,12469167.13886926,1347478.0,896367.0,7976925.0,2021320.0,45644004.64400464,3075387.0,15369813.0,315635.0,133662.6648845,28085068.0,532767.0,7488295.0,1592001.0,22995535.0,1209360.0,9596122.33561203,5346451.0,69775.0,782288.79922551
2023-10-23,2371275.0,4520746.7089325,24761898.0,62382.0,87153584.96094023,21203742.0,12560700.26070026,3440994.58797314,233416.0,1014530.625,1763660.0,16780621.74422009,1472948.0,1189500.0,10906570.0,7347058.0,41515625.5156255,5942794.0,25789733.0,150885.0,262682.66316423,19018889.0,445128.0,5896747.0,1421068.0,19891696.0,1599666.0,11431065.4502259,4017669.0,224830.0,165652.44483607
2023-10-24,1933531.0,3296314.30936364,18565158.0,33025.0,89545045.6712543,14250785.0,7658280.25828026,3544543.01753773,101726.0,474890.625,1395550.0,21648242.84778643,2633540.0,1754165.0,13719831.0,10138610.0,20103752.1037521,14543759.0,23136517.0,601028.75,255838.66325548,45562523.0,420138.0,6870861.0,1946375.0,17969661.0,1005030.0,12416207.59645081,5310861.0,188613.0,286223.30609253
2023-10-25,1652873.0,4796493.67827885,9833718.0,636643.0,106131869.76491743,25974139.0,4018438.21843822,2514922.8473998,228920.0,1166416.875,1234585.0,14539297.66591846,26815181.0,3317547.0,18204718.0,6351985.0,55208383.20838321,16956029.0,42308012.0,1785947.5,600333.32532889,35071352.0,370177.0,7003626.0,14624407.0,81013627.0,7321164.0,32994353.87049561,5725710.0,222830.0,593215.27629524
2023-10-26,1482635.0,3685974.07993658,6863032.0,726852.0,115726995.16919868,43699972.0,10001833.7018337,3072691.45226286,70190.0,1374583.125,667205.0,12858294.80236485,39226597.0,906045.0,15974820.0,4156727.0,104061374.06137408,17247229.0,16214539.0,1110643.75,510413.0,47672180.0,303584.0,4532638.0,2377599.0,82715599.0,4718434.0,23324894.48550286,10538052.0,201683.0,285400.79514224
2023-10-29,1070238.0,2879790.57395807,6384219.0,457870.0,397995669.4490466,40956497.0,3339796.93979694,3221112.07873442,65080.0,558127.5,548705.0,10079396.70884459,17164493.0,2940133.0,6668349.0,17261871.0,72460395.46039546,12878109.0,14069225.0,316426.25,410502.0,40315275.0,139336.0,6829696.0,640070.0,59612006.0,1661138.0,9971559.424744,7023900.0,105554.0,295598.67037271
2023-10-30,2328815.0,1958432.09031746,7245516.0,186802.0,250536654.90802228,41156109.0,12478985.57898558,4662669.91333928,2712534.0,259995.0,939000.0,12068209.16042376,6787518.0,617364.0,6018383.0,6609753.0,63725520.72552073,6882722.0,28236965.0,359187.5,196269.0,211645644.0,190312.0,6800515.0,759827.0,29036188.0,3583834.0,7717077.1896601,7836033.0,74547.0,389915.36026174
2023-10-31,3449885.0,4131153.07860946,6048562.0,144583.0,252188769.7307841,23133928.0,5287974.78797479,10308907.97929231,7738780.0,908722.5,554637.0,17487454.91313385,5438285.0,2918480.0,6119276.0,4177541.0,43677967.67796768,11915050.0,16233481.0,204008.75,155374.0,101312990.0,167120.0,8448978.0,1090074.0,23653204.0,3658582.0,5926615.98822329,4698367.0,161841.0,3250540.16542092
2023-11-01,2206938.0,2566649.56082695,3899896.0,90117.0,133918217.39623296,15095581.0,8011851.41185141,8223044.32086956,275264.0,6040072.5,476393.0,6209856.42734331,8674497.0,691467.0,2944469.0,4961782.0,35732240.73224074,3934082.0,21386360.0,102723.75,120009.0,47869374.0,114241.0,8068985.0,690265.0,47209507.0,12249900.0,4887027.64142035,4480170.0,435704.0,1513826.676942
2023-11-02,967697.0,2473664.63700485,4185267.0,38531.0,83160698.49210894,42081405.0,3720421.52042152,2799835.40089834,2085574.0,174598.125,292863.0,3960408.8914122,5746377.0,363920.0,3444731.0,2732037.0,17964014.96401497,5567737.0,25985913.0,1875386.25,191834.0,96485567.0,75267.0,6362954.0,747827.0,50286824.0,2731628.0,23737391.89383512,2169040.0,125717.0,39319.8050836
2023-11-05,1119103.0,958496.23395704,7741247.0,72568.0,238308343.02515864,40399866.0,2226085.42608543,2065734.06219072,42266.0,6018075.0,198913.0,5383209.53294395,5630591.0,690763.0,4412876.0,2373857.0,24469425.46942547,9129300.0,9754527.0,1298708.75,318451.0,235566667.0,60264.0,4014585.0,323142.0,19968897.0,2228104.0,12135147.9807864,3370681.0,241496.0,94845.07176387
2023-11-06,914677.0,2515931.01253194,8650811.0,267116.0,156604970.32397154,25401996.0,19680292.38029238,1710599.9846583,280412.0,2863216.875,573578.0,3146556.34789385,8779864.0,501069.0,23027470.0,4933658.0,31420243.42024342,20563828.0,8259135.0,685328.75,289210.0,126538675.0,366181.0,5767317.0,690286.0,33799720.0,4359366.0,5339232.62915506,1692586.0,111776.0,1153931.39067452
2023-11-07,603044.0,3767932.87293232,7220066.0,549021.0,171772054.9313781,45239306.0,11606484.50648451,2010115.67703932,412668.0,3367779.375,406742.0,4595098.77300872,12206582.0,522449.0,10661356.0,7945993.0,40819585.81958582,9963872.0,5820694.0,1127613.75,400155.0,227890829.0,260575.0,6992236.0,687187.0,35532428.0,2762126.0,14739423.29542386,2643618.0,146154.0,148990.03271146
2023-11-08,1661255.0,3948437.88242888,8124955.0,101887.0,107812228.33889422,38554315.0,7724548.72454872,4015779.78461184,251844.0,520181.25,796432.0,12985857.50433086,7965992.0,331824.0,8957515.0,3834583.0,60446088.44608845,3373674.0,8793752.0,468406.25,571224.0,102213799.0,181823.0,4481717.0,674247.0,23056985.0,2660414.0,7734182.46145642,3164112.0,269408.0,363101.29318995
2023-11-09,2334437.0,3722442.16022281,8015180.0,57595.0,137582203.4407248,20655304.0,5218178.61817862,3291411.62967344,1989178.0,2960634.375,386648.0,7464721.25059194,37680903.0,2413752.0,27248720.0,8349212.0,36101157.1011571,5242711.0,28335202.0,590622.5,347133.0,259530839.0,223919.0,2735347.0,1734102.0,24219571.0,2801644.0,7050976.22485024,5557697.0,125814.0,1369228.62160369
2023-11-12,696171.0,1215936.13330101,5873135.0,31151.0,111739848.61394368,15586259.0,1715348.31534832,656212.99859898,359680.0,1460300.625,424287.0,3717986.74835197,14344376.0,396305.0,32525894.0,3522496.0,44342843.34284334,3028458.0,8924298.0,247332.5,255143.0,311587630.0,235832.0,2199687.0,903506.0,24695439.0,5368816.0,7897151.77039232,2275667.0,106281.0,110026.33390136
2023-11-13,624716.0,1471141.04336726,3298651.0,104830.0,84352720.97564305,16111995.0,8090985.49098549,3099973.96322893,558500.0,1924586.25,208924.0,2472633.24023471,3000716.0,2368656.0,18482481.0,3733687.0,21207132.20713221,3819450.0,15354570.0,217511.25,168552.0,130353310.0,82873.0,5301047.0,368861.0,19388079.0,11304914.0,5389379.67916477,1397585.0,62510.0,91164.25647673
2023-11-14,1171978.0,1708876.65992981,7529458.0,11047.0,166509874.3620705,18640949.0,8508738.40873841,2303268.14077787,161096.0,5737063.125,174755.0,3093500.21292922,4657162.0,863287.0,17465301.0,2558518.0,26817029.81702982,12842903.0,7488049.0,370593.75,403155.0,287432260.0,176771.0,5185464.0,634606.0,28325899.0,4008416.0,7525080.6726074,4333106.0,97403.0,533497.61982874
2023-11-15,565627.0,2457595.31212395,5585209.0,44492.0,84191570.08830643,17415888.0,3711698.51169851,2071038.54644809,1092620.0,2648308.125,301267.0,2160319.75730788,12295693.0,659957.0,14005100.0,17758269.0,19047226.04722605,3363728.0,4083202.0,326341.25,539601.0,356273510.0,86686.0,2744834.0,1222162.0,64579557.0,3286462.0,5169172.63376765,3659975.0,227457.0,75033.37760991
2023-11-16,1208190.0,1341103.80038485,5107561.0,109179.0,128467953.36471032,34584559.0,3013718.11371811,2627391.90468707,1058326.0,2430618.75,253437.0,2639873.23205837,6014660.0,536480.0,13040284.0,9108243.0,24154602.15460216,4573771.0,5333902.0,242417.5,463703.0,191507160.0,156548.0,8006201.0,1297613.0,65843361.0,11511048.0,3717244.39061447,1914638.0,397498.0,662878.69735611
2023-11-19,1329682.0,5666265.52284457,11846423.0,242267.0,122585173.33953756,49125476.0,3243649.14364914,1083710.30418197,99064.0,3805608.75,293417.0,4855430.22399653,7745049.0,271930.0,19200229.0,5672071.0,12197790.1977902,4599275.0,6354742.0,539847.5,259210.0,133937802.0,167271.0,3174648.0,1164141.0,30921905.0,8444832.0,6322427.71550128,1687372.0,129627.0,365612.94540215
2023-11-20,986441.0,2185273.85655344,11583347.0,100913.0,98203000.7547874,22070738.0,11430962.83096283,1328689.22575167,384288.0,2471478.75,773557.0,4216947.45562642,5312504.0,444158.0,12892664.0,5379895.0,17785430.78543079,9484168.0,15305907.0,777576.25,518018.0,115464842.0,126070.0,4039754.0,1261336.0,32944800.0,7103246.0,9106086.6759582,2270819.0,65255.0,503291.61424035
2023-11-21,855145.0,4893937.55728141,10928317.0,150199.0,86468746.8683707,9545573.0,11706354.70635471,2853753.3376345,147278.0,1567410.0,364869.0,2939857.93526251,6002799.0,1094713.0,22710387.0,9205744.0,13949599.94959995,6872950.0,17139073.0,1693125.0,330854.0,404563910.0,88326.0,1623905.0,970161.0,26725889.0,5164700.0,10605463.08734497,2366130.0,108875.0,64756.71780566
2023-11-22,780676.0,3333609.14277357,4961310.0,371288.0,73136505.54421629,21528908.0,8352112.55211255,4555343.90533324,285642.0,2385380.625,258142.0,2122426.31346448,8235972.0,2165393.0,24816033.0,3979583.0,28177768.17776818,7169560.0,18858967.0,1871773.75,318221.0,298196760.0,575000.0,2460225.0,812170.0,35646442.0,4362158.0,21821655.72148112,2089277.0,269028.0,279586.49359706
2023-11-23,370131.0,2491723.68107012,4792662.0,141891.0,143657236.80650476,48473320.0,9417873.91787392,2412079.35056431,6131946.0,2472206.25,332753.0,2098010.3955714,7798874.0,1000925.0,22605291.0,6459346.0,28892473.8924739,14791817.0,17173496.0,3004346.25,399447.0,171909936.0,377605.0,6156501.0,1897700.0,43171621.0,9188154.0,13496464.47810959,989481.0,45461.0,164393.99257751
2023-11-26,481460.0,2319183.0599985,4080593.0,101540.0,128898513.28585155,81764787.0,1947911.64791165,2918993.24736329,1684114.0,1405749.375,225611.0,2721000.27153679,6807449.0,333372.0,16263530.0,7089651.0,17069279.06927907,7128142.0,7431017.0,1537601.25,191388.0,607129060.0,259230.0,3178417.0,1968727.0,28900513.0,6289948.0,9971571.33741491,506843.0,91070.0,119096.01403525
2023-11-27,664972.0,2670145.27269497,5049428.0,99191.0,121389877.97979172,94785267.0,7998645.8986459,3727949.29391974,8057772.0,5224728.75,231297.0,3289014.79664845,22662348.0,316322.0,11590939.0,28244535.0,16060510.06051006,7937387.0,8053138.0,1391690.0,270849.0,431687100.0,444306.0,19638722.0,2681216.0,22743305.0,6724144.0,25964995.1724563,1165279.0,253394.0,364273.60764784
2023-11-28,1277691.0,587058.10223036,4158824.0,113287.0,105155759.19518398,43791682.0,12556608.25660826,2832008.04634971,2857858.0,645118.125,193847.0,3240305.67934695,15805932.0,659678.0,16627891.0,8007233.0,20197049.1970492,18354273.0,33223237.0,1442336.25,357298.0,334068500.0,825630.0,12158899.0,1343935.0,25038991.0,12718916.0,49634554.9945011,1725126.0,187915.0,447005.81380783
2023-11-29,1423140.0,2586224.31895233,7967294.0,74781.0,149660540.38562676,29545286.0,13072058.87205887,1424578.91099032,5131374.0,4152930.0,182137.0,2511943.63977737,6644196.0,567889.0,14056379.0,14754377.0,23619203.61920362,10932908.0,14685686.0,620023.75,1965660.0,164808347.0,725573.0,8060178.0,914158.0,14300469.0,20309468.0,15493478.15682073,1664384.0,203490.0,14582934.26758252
2023-11-30,975520.0,1762814.03371974,20116956.0,77338.0,121515107.1374002,36528862.0,9624068.02406802,5785271.24856259,627884.0,3335563.125,209382.0,2065602.59450661,3969883.0,845642.0,15779776.0,12774446.0,11613428.61342861,6531201.0,8434701.0,347107.5,848921.0,172413416.0,263654.0,12902875.0,554480.0,13270044.0,17017810.0,4940363.31634357,2097603.0,244581.0,669394.70683845
2023-12-03,781063.0,381348.14583605,8573445.0,66674.0,48762349.70542764,80249249.0,1256189.15618916,702036.31657366,145236.0,1831031.25,209158.0,1307680.58179999,6638630.0,422473.0,8608877.0,13066896.0,17114018.11401812,1710234.0,49397787.0,1544142.5,2476530.0,151147053.0,104187.0,7541637.0,805652.0,15868699.0,15797668.0,66562101.65352108,1753048.0,246903.0,688726.34032282
2023-12-04,579949.0,1267109.39581405,5748243.0,42029.0,119800859.43838523,69629892.0,8154654.65465466,3352230.91163918,2077864.0,11654351.25,168542.0,1257688.61353504,25015408.0,1099916.0,42092797.0,7235653.0,32858663.85866386,4811781.0,21142463.0,950397.5,2626401.0,196972439.0,91454.0,9807353.0,966257.0,42605873.0,7701936.0,65354020.48937042,1525118.0,224526.0,268449.5062471
2023-12-05,842052.0,1429897.0858698,5341291.0,99081.0,166551301.90693885,134163286.0,10818529.51852952,685497.30326908,73004.0,7871664.375,202850.0,1487311.34515817,7040227.0,2633100.0,14424228.0,5198663.0,56633006.63300663,8342795.0,17966537.0,605375.0,1441826.0,253069461.0,116863.0,3928883.0,1464735.0,19905957.0,10133546.0,34288697.3319641,905311.0,324181.0,626959.23447698
2023-12-06,1367997.0,1262079.98097823,5051172.0,49315.0,62573826.5433232,81690260.0,12588467.58846759,576080.71232215,2876764.0,6443038.125,573328.0,2152651.74972458,10364639.0,589459.0,18731315.0,5735943.0,33868656.86865687,9589028.0,24143278.0,149500.0,1629335.0,165801092.0,100709.0,2469276.0,1759751.0,32674964.0,6277818.0,11107811.1541991,526487.0,449508.0,306529.76736985
2023-12-07,1222614.0,1250251.89962189,4588572.0,48579.0,54434786.65844202,77837865.0,6139212.83921284,1039089.67677946,1999858.0,1792365.0,213316.0,1907391.89984876,5736227.0,1199268.0,19571138.0,3189887.0,16978384.97838498,5321540.0,13204438.0,389893.75,707458.0,141871095.0,141101.0,5551964.0,1433990.0,26386739.0,5962468.0,9152554.03428689,1794302.0,105868.0,397934.57941186
2023-12-10,1166944.0,609272.95866407,2899528.0,103411.0,60464125.81026196,52115703.0,2007262.20726221,1951908.95110396,55082.0,2840038.125,218254.0,1751574.84821147,7684459.0,538748.0,45286067.0,3506689.0,24440943.44094344,4815324.0,8234588.0,155172.5,1140571.0,126569939.0,74659.0,4663471.0,541040.0,18153072.0,3947614.0,6778432.84525621,453629.0,55719.0,417120.19881949
2023-12-11,1350602.0,904269.49657381,3361696.0,39680.0,88101843.44414984,44486827.0,9092595.89259589,2148045.72064533,54638.0,8304688.125,261058.0,1933355.08275989,3632698.0,428809.0,38750926.0,2588354.0,61169299.16929917,1698749.0,21385243.0,207841.25,619778.0,95918343.0,108665.0,6150493.0,1122796.0,16639816.0,2756834.0,10927085.34745714,980568.0,236072.0,362382.77787705
2023-12-12,1228029.0,1430530.9299313,3061225.0,97308.0,70107098.45883095,45558022.0,11686988.08698809,1331625.99702577,1861814.0,2592166.875,164216.0,1658632.67545135,1646982.0,769353.0,34345899.0,868214.0,17531033.53103353,1881030.0,6934895.0,113757.5,693818.0,65059364.0,114425.0,5227539.0,617765.0,8600054.0,2598708.0,4402751.09633634,1730691.0,63188.0,568545.20009134
2023-12-13,3222829.0,985963.72856996,5863230.0,137495.0,97112446.43760252,38421119.0,10834931.63493164,4282673.50419127,1604188.0,1103379.375,231976.0,3930969.10648178,10439514.0,594325.0,12224991.0,922105.0,13843876.84387684,16774342.0,12729959.0,368450.0,420137.0,105645180.0,98271.0,2399021.0,1488847.0,5834091.0,1943686.0,7595827.3778803,1019627.0,151489.0,404581.89651718
2023-12-14,1171175.0,714730.831279,3215349.0,86512.0,128670229.04461096,49891128.0,7115866.41586642,2028589.21947454,1497692.0,2891857.5,137050.0,2770621.5540697,5685882.0,541781.0,13427164.0,4223745.0,22695682.6956827,11926500.0,9969075.0,364440.0,721822.0,87801124.0,43467.0,3505439.0,665458.0,5081344.0,3445258.0,3857377.10941635,837839.0,81885.0,2207441.8626833
2023-12-17,384811.0,4862259.13342512,1803888.0,67415.0,81418983.6184217,34966472.0,1407308.40730841,300240.80448215,104532.0,1229482.5,354650.0,1315028.50921193,9928291.0,299657.0,7751153.0,4002343.0,12022143.02214302,2315962.0,6147609.0,762728.75,2376191.0,69101952.0,192689.0,3998836.0,323295.0,5952996.0,2585884.0,4079307.52120508,799094.0,287705.0,157970.42366173
2023-12-18,1151680.0,4123502.85637152,3032151.0,249026.0,58285340.1526808,34710351.0,9602680.7026807,1475168.59663526,187212.0,4624831.875,318814.0,3551292.03144473,3949747.0,1061707.0,18425000.0,6807417.0,45462003.46200346,8394807.0,6727446.0,2993993.75,3550448.0,193328202.0,131227.0,7825760.0,1864417.0,19119154.0,3085736.0,4213412.42852662,1078078.0,519551.0,195104.21943811
2023-12-19,1378863.0,1451367.86449219,2923199.0,103071.0,67565796.741872,36330889.0,16533422.43342244,1187214.33912812,51302.0,4343221.875,178750.0,14332195.67394063,4133598.0,1106341.0,10850736.0,2709705.0,20820407.82040782,13219924.0,5434362.0,4022125.0,1419891.0,172313588.0,181500.0,2793562.0,1362809.0,9761260.0,3874998.0,10796280.24997761,6678154.0,367645.0,203050.95678035
2023-12-20,314354.0,2055010.63438389,2863143.0,37393.0,49617565.31503932,17314927.0,5701708.3017083,1720431.37470465,52942.0,1809577.5,139148.0,5825541.35266918,9677058.0,1671684.0,4626908.0,6068542.0,8979686.97968698,1960362.0,2649151.0,2429965.0,814557.0,55003860.0,54284.0,2283128.0,703037.0,9108565.0,1572056.0,14106597.06772518,7767494.0,266696.0,149470.09338104
2023-12-21,1170610.0,1430404.161119,3726518.0,109402.0,48037524.67375006,27465439.0,7280154.88015488,1853858.72776808,358422.0,1728476.25,108647.0,5156117.07935523,18254196.0,1906822.0,9362010.0,5662221.0,20128415.12841513,8357491.0,4125448.0,3112372.5,1830058.0,65143147.0,71366.0,2722622.0,784963.0,19369243.0,3042144.0,14314260.07065432,9434051.0,219751.0,934388.19644894
2023-12-24,1182129.0,1785930.05105828,3257797.0,40134.0,67472815.76930283,20372564.0,5170379.17037917,455845.28739152,265848.0,2847256.875,119963.0,4552883.61428255,2877175.0,652407.0,6751034.0,3454972.0,16039081.03908104,3156131.0,3567562.0,1687668.75,2393442.0,65565944.0,58444.0,1935110.0,595218.0,13180701.0,1275184.0,4988745.96742853,3457722.0,61354.0,1142074.83755067
2023-12-25,777935.0,2251452.68826157,4040960.0,59253.0,51113658.0320659,31440501.0,3483914.68391468,2545657.37627213,141144.0,7147659.375,86448.0,2007261.97386711,1881975.0,844817.0,8981377.0,3975468.0,19233391.23339123,2997081.0,4049919.0,908800.0,1016624.0,92727851.0,202877.0,13364830.0,602103.0,16776915.0,1698786.0,6527784.95479433,4644702.0,180418.0,330803.81978287
2023-12-26,1001429.0,2779108.57855436,6361177.0,111426.0,131060694.83657184,22048961.0,7203828.003828,4769857.35632415,44302.0,4591678.125,81415.0,1768361.97783079,1332753.0,3598391.0,8685335.0,2790584.0,13068652.06865207,2541857.0,4050192.0,1221745.0,896294.0,52494338.0,84269.0,4890159.0,6942272.0,11809115.0,2006792.0,6800274.06555421,4718714.0,517275.0,934062.55354397
2023-12-27,1974130.0,3964733.18649693,3933597.0,60576.0,72419284.20981738,20889277.0,9764306.06430607,3037471.72163703,62384.0,4915113.75,238507.0,11947030.34993859,6763224.0,3038160.0,5155231.0,3780038.0,9935277.93527794,2648968.0,8302665.0,1479316.25,565860.0,58301874.0,86278.0,5657341.0,1623864.0,18753652.0,1702032.0,10802687.94329696,5276922.0,92040.0,3464985.47249226
2023-12-28,1580972.0,1885754.97905709,3008109.0,57593.0,126478701.90436377,21073330.0,4717524.11752412,2244282.49108267,110082.0,2627021.25,251398.0,7338492.00515008,6798443.0,1196665.0,7296730.0,2608709.0,7551943.55194355,4220755.0,3308055.0,1338408.75,461531.0,48469622.0,122492.0,1975994.0,1284222.0,11805707.0,983920.0,6741023.08770924,3815281.0,478660.0,1731431.77065252
2023-12-31,952328.0,1659180.52966443,2265893.0,122344.0,72952604.34059918,15503435.0,2062451.46245146,2721583.83209342,91062.0,1322709.375,112273.0,3711566.16783964,4429487.0,1173729.0,2622813.0,2681480.0,5685602.68560269,6385101.0,3168910.0,1063783.75,448582.0,38625520.0,38233.0,4684469.0,417734.0,15101816.0,8709428.0,5004065.66221849,2215376.0,246681.0,554298.84822941
2024-01-02,365381.0,1272632.10668034,2005886.0,688147.0,104177366.16569902,26199405.0,8612005.41200541,4292188.7507427,36436.0,1111357.5,150057.0,2724061.90795843,5019725.0,981801.0,3721929.0,2221610.0,6687243.68724369,5163795.0,3729156.0,1779966.25,317304.0,170275157.0,34711.0,3973673.0,297854.0,15446200.0,3892632.0,2134515.02087206,1793745.0,48206.0,1472491.03723053
2024-01-03,368766.0,2272590.00979073,1939994.0,486604.0,200080576.0064049,64644241.0,4061714.46171446,2189156.48260846,136296.0,1522350.0,271454.0,2544403.31154186,3523531.0,396793.0,5001582.0,7606690.0,11028098.02809803,3022323.0,4102006.0,1371587.5,650329.0,111580937.0,62369.0,2886757.0,356095.0,19126730.0,4026622.0,4066940.84517065,1134704.0,85525.0,582658.14340832
2024-01-04,445802.0,1813254.24179643,1581511.0,474886.0,95251600.22037669,22490162.0,9452352.35235235,1778671.73292671,108746.0,3018161.25,262316.0,2208634.15123601,5129784.0,1014726.0,9920282.0,2801002.0,28065889.06588907,2833328.0,9075511.0,726803.75,405109.0,114294901.0,31999.0,3891403.0,537803.0,20160308.0,9187926.0,5539687.14255369,1745118.0,225017.0,906087.72708511
2024-01-08,512260.0,3878155.59938348,1499163.0,410724.0,57011813.14731032,23622883.0,5014478.21447821,2341456.92967303,388714.0,1635740.625,175308.0,1376927.96590683,3110453.0,789705.0,6752323.0,1354362.0,7577095.57709558,8632290.0,3527845.0,1603907.5,724896.0,173457219.0,97864.0,1875794.0,313271.0,26769719.0,49836626.0,2976662.76001654,1197710.0,339185.0,141529.65880471
2024-01-09,1123259.0,2807670.14313432,1654483.0,222501.0,79976315.9911111,42311938.0,7987981.38798139,1607913.88692454,510880.0,6480864.375,183594.0,1763540.53303621,9629687.0,337966.0,12428392.0,2617646.0,19802929.8029298,8634644.0,3358326.0,3393570.0,790172.0,241457951.0,81925.0,7840761.0,746881.0,16257511.0,30036064.0,8568099.86863236,1024062.0,199267.0,817602.146117
2024-01-10,1084217.0,6477872.52931452,3878781.0,197601.0,74546514.18875124,21227012.0,4675110.27511028,1661908.50527437,469514.0,8050648.125,190849.0,3348117.03097631,4668242.0,503605.0,7971946.0,701942.0,9990636.99063699,4524550.0,2346309.0,3180532.5,2028455.0,95429537.0,69673.0,2678719.0,460102.0,15339596.0,24797648.0,31943693.35789708,792267.0,319992.0,1443938.4572306
2024-01-11,1289268.0,3206316.72016183,1610729.0,190809.0,69505458.72533941,21398459.0,4736201.03620104,1524178.91009705,65756.0,1771336.875,689042.0,1733136.71217469,3140439.0,398767.0,8269088.0,1622504.0,9300219.3002193,7399996.0,3438455.0,2015198.75,1918998.0,191757302.0,126987.0,2490341.0,2220939.0,29554036.0,15088414.0,19021084.73922264,1286403.0,343410.0,483223.60760635
2024-01-14,744423.0,1473783.89751934,6356464.0,201884.0,42241528.76543058,21477176.0,2823908.52390852,1271691.91684581,61442.0,4074485.625,677990.0,4176332.69775701,8574164.0,325799.0,7396405.0,1455235.0,26551616.55161655,3718755.0,3885375.0,864810.0,826944.0,84787692.0,104987.0,2664790.0,1446534.0,29950400.0,51492810.0,7672477.47340404,4659455.0,163431.0,748121.50526731
2024-01-15,332658.0,2945875.70697884,4307446.0,213662.0,72612730.55206984,22803376.0,12918867.21886722,2359530.92054232,212448.0,2447966.25,927015.0,3784005.4976869,7001476.0,1117469.0,7947622.0,5812748.0,20286749.28674929,10932350.0,3547000.0,880250.0,705838.0,187037112.0,81738.0,4092722.0,1197914.0,24932961.0,21978162.0,18522204.58323336,2606789.0,91511.0,682023.34878537
2024-01-16,1477003.0,6216646.10066402,15334815.0,422743.0,151478471.18234748,22148847.0,13933668.83366883,2984538.53825526,390366.0,2925930.0,3499784.0,3997865.86229465,5374067.0,763383.0,16449111.0,2648044.0,12258228.25822826,11794711.0,5021625.0,590483.75,785303.0,228254305.0,160992.0,7150234.0,2492417.0,15873372.0,33547722.0,9829304.92689009,9516724.0,222715.0,1576343.81193026
2024-01-17,1259699.0,2476161.43143841,10092559.0,1468544.0,122125445.65364292,35736794.0,9254627.15462716,1555662.76631693,212286.0,5932657.5,2842054.0,3820279.56358827,4071008.0,1993472.0,16660320.0,2391572.0,22367314.36731437,12328672.0,21129434.0,711922.5,628323.0,134077341.0,351364.0,5432653.0,817326.0,11593508.0,8787534.0,40032048.79091154,4419011.0,263214.0,334595.98393429
2024-01-18,749892.0,903464.79020008,2177702.0,447422.0,113830993.6695281,17678916.0,5973531.77353177,1994223.74893073,269284.0,3695055.0,4149118.0,3152968.07243306,1958885.0,2010196.0,7297230.0,1095210.0,10359838.35983836,4885982.0,4094284.0,326376.25,404365.0,51869026.0,92182.0,1498108.0,660403.0,25245988.0,34230408.0,5206205.15673581,1015478.0,216096.0,940419.94341776
2024-01-21,1025565.0,710269.12025478,14437801.0,637298.0,106187026.95796555,29655077.0,2676210.27621028,1217768.59894378,419520.0,3297626.25,2856128.0,36374347.14556868,3980948.0,1682386.0,16332543.0,1567666.0,24337617.33761734,13348789.0,9873694.0,673416.25,1386838.0,69470113.0,87413.0,8916326.0,3090878.0,16398729.0,11102554.0,8551254.02833585,4627222.0,142757.0,1757507.36365271
2024-01-22,872911.0,1826788.19043134,14584345.0,772503.0,284193950.4642307,70424533.0,13076810.87681088,1382634.06831718,134004.0,8106303.75,1791822.0,27025827.57265988,5923084.0,1993366.0,27231488.0,1432572.0,38576441.57644158,9887282.0,8575820.0,1189826.25,740419.0,69856343.0,356226.0,3690844.0,1599222.0,24022192.0,17124378.0,17057086.36612286,4105317.0,134037.0,917140.67755637
2024-01-23,596581.0,1689671.18486635,5176597.0,501730.0,285630018.31640184,52482508.0,15724195.62419562,1947263.6596658,87714.0,9236503.125,2785520.0,7173659.57287616,12883745.0,1470658.0,19947348.0,3412434.0,29791985.79198579,12267697.0,5352660.0,366286.25,514711.0,45812543.0,173141.0,4408427.0,3698878.0,21020290.0,16686216.0,8650920.72768736,1552889.0,412563.0,985744.18348461
2024-01-24,292336.0,609959.16375674,4390994.0,284689.0,225298077.0884349,56150896.0,10684617.58461758,2087591.01266735,204860.0,1292081.25,1133113.0,6627835.58612632,9039700.0,1539453.0,20273419.0,2228904.0,18493524.4935245,8385107.0,6056307.0,307488.75,350740.0,34724437.0,120332.0,3167064.0,1394012.0,11403011.0,36019306.0,8466989.08884057,1810998.0,130655.0,331023.36612848
2024-01-28,1262986.0,1634512.97229709,20446637.0,299350.0,159404981.200545,35061546.0,5266074.86607487,3560447.05326954,546376.0,1771106.25,3388038.0,11712884.74632894,5904135.0,2414409.0,12914523.0,6910478.0,17267303.26730327,6982925.0,6076629.0,808340.0,370544.0,47646095.0,351476.0,2083510.0,2714896.0,20871960.0,22852734.0,7504477.04645391,6493203.0,33975.0,1593782.51472187
2024-01-29,1400015.0,2749891.12316295,12368338.0,312442.0,120008619.54943436,37944184.0,18657266.05726606,2208764.10575099,289718.0,5569400.625,1454243.0,10968182.17121311,6696525.0,1075033.0,12236985.0,5519888.0,19106752.10675211,13777583.0,8104259.0,575797.5,364439.0,77984774.0,491304.0,3568274.0,1523668.0,21702811.0,44914456.0,47173860.45507886,2919006.0,230215.0,1847275.55748201
2024-01-30,1168040.0,2058196.38975387,9456689.0,255337.0,151808854.98043072,43922402.0,14752561.35256135,1933131.37279703,638164.0,2856708.75,1399720.0,17542802.21485864,4671044.0,2021176.0,9301049.0,4954882.0,12953619.95361995,22919311.0,16419812.0,1252502.5,443694.0,97901107.0,220842.0,8516188.0,3796418.0,24934780.0,28766470.0,73095779.40952544,5582418.0,140126.0,1434294.17493858
2024-01-31,1921101.0,2179288.16393788,19639231.0,1049977.0,195507990.9050957,51616988.0,18111514.81151481,4375934.48990193,1834084.0,2825210.625,1758748.0,9087181.07126329,15134178.0,1754525.0,17347278.0,3250298.0,38140253.14025314,13885676.0,20569435.0,863616.25,533083.0,105107421.0,283887.0,11529331.0,2900030.0,24654754.0,13440396.0,27073028.43178636,9472166.0,262902.0,2100488.12715948
2024-02-01,2196809.0,1751796.17042461,11441774.0,350482.0,96190079.46651486,24499023.0,6437206.43720644,5128969.46072673,279208.0,3335349.375,2196610.0,3993526.43546563,22949757.0,1983097.0,8915100.0,3695292.0,19585825.58582558,10112763.0,8705017.0,530798.75,272593.0,49361610.0,213224.0,3761897.0,2961965.0,17736843.0,9117056.0,17388081.25098081,8355629.0,453151.0,2069151.82555255
2024-02-04,2167142.0,899515.66611256,4345484.0,284145.0,52242122.79021206,24448544.0,4350816.75081675,2290350.65210448,104656.0,1720410.0,3475937.0,4213931.3642094,64759563.0,759954.0,3972895.0,2287181.0,20864105.86410586,5941258.0,45685411.0,708583.75,249016.0,30151781.0,190352.0,2257373.0,5361251.0,27834808.0,12555856.0,58314508.22482567,5394718.0,183223.0,1780660.57419605
2024-02-05,916093.0,1248306.27393745,3441949.0,117170.0,107998843.05851768,19902439.0,7687956.08795609,3427471.71813927,402110.0,948526.875,2256567.0,3966040.02517778,77576711.0,674373.0,5409244.0,3133667.0,27436872.43687244,5622927.0,31312609.0,766697.5,440822.0,29494107.0,129404.0,6600083.0,5018317.0,47175986.0,15406320.0,37396502.71513594,8497817.0,161426.0,26859990.07461435
2024-02-06,1359980.0,612676.42568995,8299765.0,258703.0,116130912.88756008,20414717.0,16108773.60877361,15383873.40462894,681750.0,1434991.875,1907374.0,2820697.02150978,76981577.0,978039.0,15979870.0,1208544.0,25760716.76071676,18381121.0,26341005.0,1093492.5,271111.0,44401791.0,151156.0,5556718.0,5387376.0,59436262.0,9263120.0,19241788.14590767,10719534.0,351012.0,4013834.52913785
2024-02-07,740142.0,494632.61468863,3130911.0,150350.0,78027658.09995446,33143134.0,12026992.92699293,1304569.49502629,1277480.0,730031.25,1232331.0,2044605.08223802,83483207.0,5146202.0,8462997.0,11582356.0,41668427.66842767,11455506.0,7882427.0,258067.5,246100.0,59115894.0,103033.0,6152333.0,5675951.0,37181992.0,7890224.0,8221754.84549213,15439072.0,206777.0,2646449.46656068
2024-02-08,1140540.0,947888.99138001,2638252.0,176356.0,79592306.76907334,26653580.0,5904103.004103,2041160.96824071,163538.0,1260328.125,1131566.0,1806335.12543227,24693063.0,7233734.0,2393646.0,3399518.0,17307557.30755731,3577064.0,25331828.0,484491.25,217154.0,59742296.0,74993.0,3504761.0,5205368.0,18932739.0,7438616.0,46824414.16661178,9205438.0,86931.0,1290558.54806795
2024-02-11,625666.0,787653.21263273,2848785.0,320549.0,70063970.3238815,42536253.0,1790469.59046959,1129446.17821124,224402.0,1697853.75,2627693.0,1863281.56287481,49089115.0,791675.0,4163962.0,4958877.0,53189714.18971419,8354202.0,10330746.0,266687.5,219361.0,49531873.0,77545.0,6586728.0,3784607.0,43056996.0,10805382.0,18043094.16643388,6488136.0,35554.0,1385193.52763507
2024-02-12,423021.0,344064.3358011,2384530.0,207911.0,47893151.21615488,32540832.0,8963599.86359987,1241198.19514621,106054.0,1055833.125,1599180.0,1260746.45453963,107874654.0,861073.0,4253627.0,4030378.0,14485196.48519649,9296669.0,10324077.0,113131.25,256041.0,34224006.0,95562.0,2358339.0,7040642.0,38347512.0,8036944.0,14616205.24568375,9593629.0,155688.0,1065960.53558846
2024-02-13,435589.0,1106126.7834117,2935375.0,1233261.0,60404965.30886272,72337376.0,22504429.7044297,3762500.4146861,751172.0,1405451.25,874126.0,1410207.44775447,54183530.0,723649.0,25096169.0,13178597.0,10865734.86573487,7646498.0,85177938.0,3597072.5,324739.0,33362150.0,56335.0,2146468.0,3213245.0,30715761.0,16271012.0,61384710.6004558,6618555.0,111290.0,768451.07668627
2024-02-14,359219.0,732988.29609395,7932627.0,354514.0,120998767.02154487,261273265.0,3638030.33803034,1129769.04816351,1540380.0,628691.25,995690.0,2451411.79836007,26519904.0,1625343.0,16462384.0,2795730.0,21449838.44983845,18287375.0,20235309.0,1698215.0,649701.0,189858461.0,55074.0,3098216.0,802664.0,22531750.0,17561186.0,33430115.40148454,2385097.0,87705.0,753620.66851736
2024-02-15,412741.0,520000.15636737,7794278.0,410580.0,169246966.7820622,139724724.0,4392075.59207559,1955936.75375841,99476.0,1376919.375,1172844.0,4563179.31560458,73811786.0,801871.0,19224089.0,3173864.0,84749016.74901675,9362371.0,44138975.0,1057925.0,460917.0,396142420.0,183954.0,3838977.0,527578.0,20489611.0,11001314.0,55423052.82893638,8037320.0,277335.0,822628.60192435
2024-02-18,373627.0,538643.43930672,5766269.0,235791.0,166236778.27789807,80679800.0,1776184.97618498,1586722.85572446,182670.0,3694865.625,653664.0,1938681.31802233,24572915.0,819443.0,29121246.0,3160362.0,85868920.86892088,8227964.0,30871568.0,1379275.0,965357.0,143795806.0,139572.0,1984568.0,2257799.0,17915594.0,15011550.0,38666316.66357114,2453380.0,106882.0,1330560.10233003
2024-02-19,757947.0,846190.08963416,20626348.0,354731.0,133966962.7681744,47282013.0,8149616.64961665,787579.36513382,175590.0,981928.125,710953.0,1233792.66777802,76007782.0,1984984.0,14217514.0,8617695.0,70293472.29347229,9279089.0,10430199.0,794337.5,633931.0,190654645.0,131420.0,12096596.0,952758.0,40478096.0,10163638.0,22294398.15386427,11984082.0,342584.0,652054.74737931
2024-02-20,418148.0,335595.62797071,8106261.0,261880.0,178790090.82028902,91433770.0,13253123.45312345,1205375.77394282,207956.0,1310833.125,534924.0,1684292.22499835,31356894.0,3663449.0,11844674.0,8225612.0,54426714.42671442,17853809.0,34524993.0,841330.0,478972.0,114836479.0,358454.0,5139353.0,949864.0,96309780.0,10625182.0,58816141.53142521,8088945.0,187661.0,343037.48839989
2024-02-21,408728.0,177140.12428312,4220526.0,204339.0,92205510.24500293,32265892.0,3772204.07220407,2918456.47606766,113576.0,2053340.625,597920.0,1590907.2535822,17599682.0,822029.0,10404604.0,3670744.0,48276159.27615928,8156063.0,20019125.0,452555.0,545773.0,261604251.0,117903.0,2292034.0,700243.0,68196623.0,5642368.0,54433443.4311203,2285358.0,215663.0,580834.54314049
2024-02-22,599581.0,627852.85719727,5088608.0,2296679.0,81185093.39492163,31776462.0,5163576.76357676,2871184.2791822,1416834.0,3743066.25,2866531.0,1894864.49330037,22305544.0,509634.0,6618690.0,1458162.0,34367401.36740137,5005533.0,12748161.0,1002447.5,5295603.0,182719917.0,69122.0,1402673.0,2265332.0,44086340.0,5040764.0,19823396.50684486,1908245.0,246243.0,446198.00931131
2024-02-25,5623006.0,2671961.37372335,10174757.0,3399167.0,97850048.96709016,66606446.0,9389956.98995699,3864355.12229278,1417170.0,2326385.625,1498403.0,2832049.11391118,60917680.0,1277779.0,11036087.0,8695197.0,92487470.4874705,10691523.0,13136236.0,1533175.0,2931053.0,231442879.0,718270.0,8537695.0,4744152.0,135192231.0,7033594.0,41582981.9183657,10729382.0,1437647.0,1987075.10704644
2024-02-26,3081388.0,1943148.18090407,7113182.0,2154516.0,65978815.30704846,29617641.0,11998354.3983544,1917391.46262429,2083260.0,19193383.125,781543.0,2597956.64614025,76396739.0,2293583.0,88577353.0,27078747.0,39212718.21271821,11891938.0,7317426.0,346818.75,1367126.0,100952673.0,1566179.0,5535916.0,4174402.0,82064457.0,8205498.0,12749219.69358281,17173074.0,1772395.0,1158295.00560111
2024-02-27,3815689.0,596320.4930595,5260822.0,2040621.0,110660580.54251233,46141823.0,8672798.07279807,1350203.12690401,850726.0,16876432.5,656772.0,2310300.72265879,37468524.0,2716689.0,59664701.0,17552148.0,62035784.03578403,26703438.0,7479913.0,332976.25,2989243.0,116250526.0,1551546.0,9598812.0,6050047.0,64105682.0,32454806.0,10286572.79976145,13151930.0,686747.0,1338533.10119686
2024-02-28,2292349.0,734010.71412359,3328775.0,3177407.0,66107621.21864623,26934761.0,5115237.21523722,672283.85047279,191758.0,13924771.875,966267.0,1488003.37620059,30203937.0,3014684.0,41499646.0,3062735.0,47732864.73286474,3727710.0,5678368.0,246695.0,1721770.0,105423663.0,1127743.0,4149677.0,13069445.0,38843582.0,54698470.0,10093607.38547476,8173376.0,847914.0,1162741.60694542
2024-02-29,1889624.0,652851.11581409,2929938.0,787829.0,51049677.12873586,28704405.0,5751180.85118085,1752302.67486724,636098.0,4097493.75,1002067.0,1368155.49196152,22725455.0,3294346.0,24337109.0,1548197.0,22887478.88747889,12065543.0,8994638.0,479938.75,788862.0,51935261.0,637889.0,4475544.0,3757444.0,24562563.0,10235244.0,6150999.08658934,3338838.0,359393.0,1388445.75484083
2024-03-03,999048.0,3140523.7065781,4334313.0,662305.0,52212962.90377141,12515439.0,2903559.6035596,525737.21501581,219162.0,11591287.5,677453.0,1036957.27892483,36020161.0,848791.0,20263846.0,2288743.0,18101220.1012201,5141779.0,2646357.0,279705.0,514834.0,82455136.0,1397760.0,3153040.0,2529194.0,50307476.0,11141906.0,5845785.86884033,8675841.0,402664.0,769478.4275284
2024-03-04,1686948.0,1552824.25198843,4621314.0,616511.0,101143192.70109887,33980103.0,8429786.92978693,2392131.36868044,430826.0,6278636.25,411284.0,1918594.70584613,38893022.0,999879.0,19020065.0,4443375.0,144618465.61846563,11477710.0,4922200.0,563100.0,1471195.0,53882027.0,599155.0,4790595.0,3535685.0,59721956.0,15946440.0,7764182.53769752,12051554.0,1183179.0,517622.00298098
2024-03-05,1623539.0,507791.76857412,2522849.0,901729.0,77834064.32070622,75882607.0,20005627.60562761,1091560.07989632,491000.0,3739983.75,1048924.0,1294342.22114157,35507513.0,1859626.0,18922731.0,6812086.0,57593925.59392558,18729028.0,12505523.0,568216.25,908285.0,67990920.0,896885.0,1123687.0,2363356.0,37902554.0,19081534.0,10494752.01843002,19831460.0,568462.0,913433.60074463
2024-03-06,4512679.0,5829367.37908733,11780473.0,1084811.0,72820737.14176074,66874632.0,22414335.21433522,2564421.50166438,872130.0,7327741.875,1360847.0,4937121.51547663,26828849.0,2863451.0,13099219.0,7551063.0,47074265.07426508,33543002.0,15709661.0,823196.25,481845.0,228999271.0,716315.0,3879187.0,8018042.0,42193792.0,24418152.0,10598384.31356437,13184445.0,1368307.0,799984.86495815
2024-03-07,1683826.0,5093920.87037225,2700523.0,734706.0,40229834.24300084,45534267.0,21539112.73911274,869348.87112692,1645658.0,6471112.5,483335.0,1168761.99201553,15666809.0,2545621.0,19098670.0,3891784.0,20884922.88492288,13157123.0,10773220.0,1661953.75,310725.0,72095162.0,1015317.0,2501844.0,2399006.0,50523850.0,7885950.0,8582785.5446039,11385285.0,711588.0,1749489.19496357
2024-03-10,1721518.0,2847323.97879053,3463355.0,2462915.0,115305256.70739289,37292624.0,6019514.01951402,1650835.41120327,569840.0,12510200.625,408871.0,2947194.47642329,14308132.0,1482928.0,65016072.0,3028640.0,36608787.60878761,36867883.0,18012909.0,697905.0,642916.0,255337609.0,1119821.0,3651248.0,7204543.0,22149855.0,15414626.0,5604759.44558324,7626479.0,700529.0,1526741.0442765
2024-03-11,2337572.0,2175744.14888097,6380249.0,1962780.0,142012519.71941683,26138932.0,19456568.65656866,4957364.08109988,1340830.0,14351105.625,313813.0,2170953.2507475,6269834.0,4503070.0,42366081.0,3145674.0,29054024.05402406,17988812.0,10598115.0,2359660.0,292449.0,110879837.0,583576.0,6648600.0,3299468.0,28674529.0,5908832.0,2689612.39451462,5910299.0,273307.0,1749076.36379695
2024-03-12,1212327.0,1697200.14997947,2647781.0,793711.0,49624965.3016597,16515345.0,17301696.2016962,1763258.72858064,2531958.0,12789495.0,391860.0,789868.03803013,11964149.0,1945957.0,26865238.0,5747337.0,25678414.67841468,10621774.0,20488793.0,4389573.75,272686.0,66533888.0,333130.0,1642486.0,3111109.0,32311544.0,5728920.0,2040539.93095522,5458890.0,1446775.0,2080943.2500954
2024-03-13,2437408.0,2569532.1733849,6165164.0,383091.0,91207752.32277422,20426690.0,7084326.08432609,3033318.80687606,314900.0,17945565.0,432959.0,2424268.24074589,12085245.0,1080906.0,36909719.0,7891141.0,23840564.84056484,17134089.0,13907108.0,4997495.0,270753.0,54323072.0,428079.0,1082579.0,4103509.0,40370038.0,3455984.0,3895546.63064134,8377759.0,612552.0,2161793.03017246
2024-03-14,1638465.0,2778080.64883724,6300776.0,246980.0,53934258.31627941,12919445.0,9087079.38707939,4911006.6824125,432708.0,15711410.625,357705.0,1042899.63688866,7395845.0,752409.0,23065630.0,10537263.0,12521748.52174852,10656588.0,9112956.0,2733112.5,279242.0,28504169.0,372618.0,2310670.0,1733099.0,15568176.0,3822940.0,3409730.70374977,6087302.0,1324275.0,1221312.16001765
2024-03-17,981899.0,1347505.625406,5886675.0,139869.0,132151804.01206905,22265424.0,2087763.58776359,1014458.73529633,333448.0,14035678.125,286444.0,794659.11948829,7297911.0,416925.0,35313896.0,9409805.0,9442617.44261744,6084670.0,9807446.0,541691.25,177221.0,32796110.0,198824.0,929937.0,2729503.0,11346882.0,3616992.0,13413036.0728382,3204505.0,213857.0,1933428.06460516
2024-03-18,1352163.0,699411.09589691,4768795.0,220981.0,85556690.35772853,21386943.0,7928502.12850213,3008188.7622584,292694.0,17192448.75,572790.0,1462571.55167668,8976000.0,1020802.0,22300833.0,9063903.0,17028653.02865303,8562501.0,15361848.0,1859645.0,333256.0,65982189.0,272088.0,3597317.0,2243006.0,22258145.0,4448004.0,4440698.24770435,7431488.0,440550.0,811096.6412445
2024-03-19,800521.0,1309348.21290368,7172248.0,231306.0,49765058.58448419,21510564.0,6156098.95609896,3055169.03089535,1393436.0,9597268.125,363083.0,1260465.59367781,8031061.0,2383547.0,13323422.0,7205981.0,12232410.23241023,12790036.0,21798506.0,2123190.0,216471.0,39864649.0,249873.0,2135530.0,732451.0,12129429.0,3478190.0,3449346.95267525,9186533.0,446413.0,9513413.76173849
2024-03-20,929396.0,582982.20933054,4594248.0,346849.0,54195423.25852598,16071766.0,3625363.82536383,7466347.46666953,350006.0,6770643.75,712650.0,762324.69648651,5223648.0,688731.0,8784488.0,11310194.0,8130491.13049113,5569085.0,22592707.0,754912.5,153854.0,22299721.0,431649.0,2399189.0,1131221.0,17622071.0,8227156.0,6691105.02570702,5072469.0,317752.0,260407.17695533
2024-03-21,1346282.0,739100.75752181,4264189.0,329776.0,94485837.2246946,25676483.0,4374225.87422587,1122507.16482056,359494.0,4886347.5,651311.0,1057247.5784828,6571919.0,391679.0,34302769.0,8114616.0,10127011.12701113,4866552.0,25835299.0,1736055.0,288019.0,41213811.0,494213.0,2118209.0,911884.0,25939106.0,5839548.0,3369291.15690142,8534739.0,385329.0,265608.00928599
2024-03-24,1193113.0,523701.25451778,7028152.0,167439.0,83502626.26931998,15129185.0,1299387.2993873,238420.62566439,1396918.0,13084299.375,494406.0,885041.91601661,6758483.0,158443.0,50654390.0,5187914.0,11039045.03904504,2690813.0,14637529.0,1384548.75,135556.0,72964396.0,62525.0,1129861.0,853430.0,13994169.0,9460080.0,2998776.64811537,9052437.0,214427.0,382170.31142838
2024-03-25,809359.0,3928223.76855451,2423274.0,226945.0,42026991.05446849,15551117.0,3102425.5024255,699585.19551941,2969822.0,4823443.125,313335.0,714349.35981499,14981073.0,649357.0,22585072.0,1731902.0,26324267.32426732,6577642.0,14811056.0,598633.75,173944.0,38468758.0,206571.0,2972866.0,2108643.0,38603617.0,2074164.0,2521856.8391332,6462767.0,141305.0,132355.98303342
2024-03-26,1021244.0,1119903.24629622,4016368.0,162864.0,72149432.86502542,29264682.0,3042790.04279004,1923585.18454183,294224.0,4895979.375,776827.0,1190848.78897794,12569989.0,995218.0,15136310.0,3151405.0,17513804.51380451,8935395.0,16162580.0,904736.25,202780.0,27911481.0,143666.0,2621477.0,1049951.0,19926404.0,25373232.0,5410968.08611347,5689915.0,156112.0,5937184.47106469
2024-03-27,467327.0,2533783.36831628,3960768.0,235631.0,47418748.48455026,12353801.0,5753489.75348975,1448858.73140037,219396.0,9800293.125,668857.0,716935.30396616,10722468.0,1820229.0,8995339.0,1396458.0,16039708.03970804,12365775.0,10467707.0,2271001.25,165908.0,47596367.0,135039.0,2321573.0,663997.0,22849388.0,9862338.0,5284529.64433742,2945646.0,268926.0,167629.41240753
2024-03-28,242985.0,2254657.73453776,1501704.0,62100.0,51476742.45543509,8540978.0,3191432.09143209,1030816.13425277,196914.0,4455838.125,299022.0,697943.03703984,12956201.0,1337422.0,14800323.0,4953039.0,8656577.65657766,3058491.0,9369508.0,1184335.0,150074.0,33332078.0,140078.0,6103140.0,578316.0,23375033.0,2616918.0,3203916.81207185,6424860.0,247783.0,157947.31352009
2024-03-31,635242.0,2618919.64915076,1262999.0,160258.0,55849065.34848838,9972223.0,2254467.65446765,259529.59408494,187872.0,2800996.875,345933.0,585012.93294686,17881587.0,450548.0,13052803.0,4396899.0,9725736.72573673,3493392.0,12357938.0,3355166.25,329881.0,31523055.0,95318.0,3749712.0,638527.0,15104702.0,3476034.0,2995054.60027112,4800782.0,148344.0,267687.92203386
2024-04-01,634583.0,1742743.22372014,1593735.0,264334.0,95215785.41060732,8935677.0,2005034.70503471,1214317.92632899,189724.0,4831543.125,278995.0,1091298.79513094,10685386.0,467158.0,9391549.0,2750613.0,23264930.26493027,6555469.0,9398348.0,3617630.0,128901.0,36489507.0,96378.0,2697335.0,758065.0,25856135.0,3751504.0,4048698.57511749,11961457.0,164971.0,647146.99366313
2024-04-02,781491.0,2462351.89842894,3667760.0,366328.0,95631254.98640925,12755980.0,5770843.37084337,1471869.94195632,255078.0,3078388.125,393197.0,1574361.76551516,11677626.0,243996.0,13337247.0,5247555.0,22977043.97704398,6634895.0,13960623.0,3235907.5,112985.0,30199092.0,198869.0,3841896.0,1068071.0,27683174.0,5138396.0,2796396.25291966,6573514.0,122219.0,144650.57838749
2024-04-03,709696.0,815754.55130716,3355481.0,187439.0,53333062.01924847,8924050.0,4500994.4009944,2027492.80692831,344692.0,2482053.75,198172.0,1839035.17361003,6653394.0,199578.0,8523028.0,3200374.0,15943734.94373494,4619355.0,13299422.0,1356891.25,100111.0,10528025.0,75985.0,1334507.0,423743.0,16355441.0,2893184.0,2198949.33419288,2971298.0,133714.0,189594.55157822
2024-04-04,1084321.0,1107733.44031541,5472747.0,1036023.0,123879990.92238297,10617256.0,4909983.60998361,1283280.25754905,1449428.0,2638464.375,217098.0,2122194.79302433,13829718.0,382908.0,10771624.0,2203499.0,16790557.79055779,5519339.0,9541746.0,3551291.25,156500.0,15460863.0,438491.0,1647724.0,946759.0,16990990.0,3123122.0,3558333.33156849,5017404.0,97242.0,857822.1962637
2024-04-07,2195713.0,4226171.81511584,7801534.0,776191.0,63052816.70389582,11187503.0,1729900.22990023,472339.90607767,782502.0,2555578.125,1928006.0,4666104.70034948,7034557.0,422536.0,11634636.0,635749.0,10249777.24977725,2125534.0,9647639.0,3854473.75,171770.0,32193477.0,265529.0,1352406.0,1325698.0,53832387.0,4078946.0,5106906.4265524,2179314.0,85919.0,287098.34009202
2024-04-08,759952.0,1652296.43198779,2502968.0,218030.0,45231647.83059629,11405918.0,2889248.58924859,270131.83614232,795720.0,1231207.5,973014.0,5518330.17539875,3863765.0,383624.0,12356610.0,126842.0,8585558.58555859,4861829.0,9184961.0,3243166.25,215837.0,58346691.0,143325.0,818289.0,800234.0,9665223.0,1933610.0,3654142.97280544,1952446.0,98658.0,1158982.0070845
2024-04-15,3398446.0,8249047.79295857,6882688.0,764571.0,55544273.6866425,51967487.0,7021354.32135432,2643531.36642573,1582982.0,5847039.375,1824087.0,4531438.24280186,16578810.0,1259790.0,19545797.0,711752.0,12543453.54345354,6179410.0,19947532.0,2480272.5,234579.0,47326271.0,95738.0,5257767.0,2282399.0,26912588.0,3150496.0,6098214.04178817,6273998.0,357450.0,1271592.47500594
2024-04-16,2180955.0,3577829.25966964,3656368.0,939837.0,141168143.54267827,110388702.0,2549668.34966835,1266574.42810247,386084.0,2881830.0,584280.0,2961983.95153445,15829265.0,2364858.0,10853756.0,529734.0,18102168.1021681,6716943.0,9879665.0,5618577.5,185329.0,90000273.0,230059.0,3095518.0,5501177.0,17193675.0,3714366.0,6511480.47920916,3371623.0,517047.0,716504.73057771
2024-04-17,1897249.0,1359038.83148156,3091423.0,424982.0,61175666.88116686,81178626.0,2160321.86032186,3525441.22398708,1632388.0,1877863.125,639519.0,2713448.0,23599482.0,981798.0,10700588.0,560227.0,18782304.78230478,4198540.0,15640145.0,5900780.0,218599.0,142162790.0,352397.0,3637964.0,2584240.0,56822302.0,5148646.0,11809565.41941179,10351413.0,891142.0,968518.7242727
2024-04-18,2208640.0,2181553.46749681,2984519.0,807437.0,81765387.40274899,119955760.0,5697417.1974172,3003535.39907143,227546.0,2533833.75,1146851.0,1475404.0,29278021.0,2847561.0,16970530.0,1251470.0,24876933.87693388,5899186.0,12810703.0,4166188.75,302709.0,106446183.0,343331.0,2655726.0,4239525.0,74388334.0,5135786.0,11450770.33154075,10868580.0,1184068.0,684025.52742044
2024-04-21,1082200.0,1754890.98295098,3286407.0,724861.0,50315360.98113896,139347979.0,1077705.17770518,751272.63900204,65554.0,2533833.75,571205.0,1595445.0,8831707.0,1801818.0,5838645.0,765513.0,12859545.85954586,1359085.0,6052380.0,1260398.75,171169.0,48626345.0,112509.0,1637203.0,1790782.0,28347063.0,4042000.0,4662592.92148036,3512216.0,1184068.0,684025.52742044
2024-04-22,493276.0,608768.63925862,1169214.0,248961.0,27747441.1465277,120448213.0,8119961.71996172,485463.22434562,45752.0,1078575.0,384478.0,830992.0,5072072.0,1503041.0,8306231.0,704533.0,15933624.93362493,4553790.0,13753822.0,974248.75,84956.0,38119682.0,73631.0,1649555.0,750806.0,22270566.0,1700800.0,6173870.09110599,4413972.0,294965.0,478364.17509542
2024-04-23,1034381.0,3283574.04372748,2989250.0,268137.0,49013069.13043866,124830381.0,6917056.61705662,419182.05902079,2975528.0,3414015.0,458825.0,1447385.0,8972287.0,953532.0,14131076.0,958822.0,22009357.00935701,10419324.0,38097046.0,1890423.75,164585.0,52123289.0,177323.0,3445055.0,2827146.0,23245580.0,4453242.0,6895154.51846019,5668028.0,706348.0,853039.44740458
2024-04-24,1712249.0,2701787.87058256,4247364.0,515915.0,106927740.29551686,87433133.0,3695663.7956638,869394.61103682,183236.0,16266603.75,523988.0,1486557.0,6918902.0,2854619.0,19865206.0,1266022.0,15349848.34984835,4471735.0,31964315.0,8633496.25,168692.0,46995166.0,317028.0,3397010.0,4085616.0,30669803.0,3289604.0,17737554.01204991,7043591.0,662429.0,1198192.56422579
2024-04-28,708928.0,1358493.17441992,2148815.0,541568.0,65655985.68542086,50515384.0,2302041.6020416,531797.75307805,133544.0,4075353.75,391408.0,1266240.0,12221522.0,1236108.0,15814594.0,733208.0,19310482.31048231,1913901.0,12224321.0,3712376.25,107729.0,60588589.0,93480.0,1478429.0,1674618.0,29203844.0,1846856.0,13018266.04244977,3347372.0,237740.0,950042.16602912
2024-04-29,671302.0,3702633.15537906,5662641.0,369154.0,41842060.04282742,81098182.0,4692703.69270369,1506784.29141898,720068.0,3627440.625,422343.0,1059405.0,8565194.0,330141.0,19379921.0,847695.0,12236016.23601624,2163010.0,11013635.0,3697242.5,178895.0,39963381.0,234896.0,1496344.0,993216.0,21699465.0,2341450.0,5586849.40668546,7908772.0,132396.0,882891.44764144
2024-04-30,979838.0,7834979.51433038,5222390.0,348937.0,42699798.96346614,82311278.0,5203737.8037378,4223958.25808109,2316322.0,5917488.75,487919.0,916844.0,5463836.0,1396381.0,45622873.0,1065824.0,26773232.77323277,5531019.0,10084358.0,3776240.0,173266.0,37290719.0,284376.0,2971673.0,2124382.0,17247310.0,2492980.0,10386152.13952629,8805314.0,200996.0,1930712.6229621
2024-05-01,973842.0,11920024.5712313,4339604.0,463955.0,36070641.09387356,59468332.0,3621681.02168102,485262.77591693,244144.0,2573692.5,400385.0,1393233.0,7754042.0,1152464.0,15063695.0,890823.0,23813708.81370882,3646431.0,8134910.0,3506107.5,131766.0,21507115.0,127359.0,2112331.0,524007.0,14106789.0,2061448.0,4696251.51132085,4931612.0,98201.0,388412.15059396
2024-05-02,1233410.0,5789291.89933803,2163288.0,510807.0,28415522.06787432,60075360.0,2799953.7999538,1096350.662813,93928.0,6525808.125,415506.0,977763.0,9324924.0,2167285.0,27248291.0,1279286.0,23621357.62135762,2019306.0,9682173.0,734165.0,131894.0,24724830.0,95766.0,2035365.0,738194.0,17684875.0,2587706.0,6902769.36243174,5565603.0,140016.0,611762.21542474
2024-05-07,604873.0,5439451.31504604,6298948.0,351111.0,20707544.06520398,135162497.0,3161942.16194216,767751.11419057,150018.0,5322298.125,351352.0,1537761.0,7382663.0,840416.0,16000122.0,1233779.0,26456126.45612646,1632157.0,8477370.0,599733.75,86899.0,20942125.0,190092.0,2961015.0,3821115.0,10472744.0,1277074.0,11449347.42918208,4546937.0,142147.0,339715.9307692
2024-05-08,301429.0,2172081.632543,2018960.0,312582.0,26658953.19823032,241623945.0,6001441.001441,1501582.04931317,561342.0,4594501.875,247065.0,656088.0,10578191.0,156559.0,19817723.0,577820.0,17852066.85206685,10570585.0,11752153.0,776666.25,74687.0,16670189.0,79733.0,2059886.0,735580.0,17518397.0,1215118.0,6139062.59033776,20006727.0,468241.0,1105896.96126953
2024-05-09,905518.0,1530694.82671083,1517417.0,393418.0,16208435.4850371,162053629.0,3192460.59246059,751065.464116,4050356.0,3003568.125,304448.0,725631.0,2375640.0,108305.0,26725791.0,2489206.0,10827103.82710383,3614855.0,4970738.0,577978.75,139313.0,9554646.0,87814.0,2442890.0,358223.0,5607952.0,1754540.0,7071283.35786108,9631711.0,287985.0,977078.93082947
2024-05-12,496819.0,5449096.76815583,1365982.0,637581.0,24394908.44004996,143601239.0,1409823.00982301,332877.57548989,61708.0,2784054.375,233254.0,2931931.0,4520288.0,89440.0,12413174.0,458136.0,45761424.76142478,2859360.0,16522559.0,255058.75,125428.0,17821804.0,186241.0,2309382.0,878210.0,12915907.0,1741412.0,4631919.11751781,7282020.0,86591.0,189360.29877884
2024-05-13,760099.0,2005981.41830497,1799514.0,499670.0,17442037.45232833,132758564.0,4591356.19135619,422811.65540079,2349600.0,2979215.625,366523.0,1379301.0,7198604.0,286539.0,4058481.0,769456.0,18447723.44772345,7620807.0,11027139.0,719120.0,102194.0,23920128.0,89767.0,3124836.0,711385.0,16044283.0,1504882.0,4480577.89901994,5379821.0,479398.0,177374.53895399
2024-05-14,174371.0,2271848.68782315,1230536.0,461457.0,21064118.75129373,75986392.0,2469756.56975657,422241.25181847,479344.0,1542185.625,414594.0,833059.0,64785835.0,165576.0,14976210.0,1355014.0,16700218.7002187,2325394.0,9806960.0,429843.75,92320.0,12513359.0,64113.0,1368047.0,526198.0,24820967.0,2150272.0,2596492.36964308,9116519.0,1113202.0,1466616.85940927
2024-05-15,422239.0,998555.17864386,1523129.0,256750.0,23491569.84520421,150908723.0,2680973.28097328,476253.35895737,40234.0,3483675.0,288020.0,984286.0,48084940.0,196860.0,7286254.0,470482.0,18466641.46664147,4155301.0,8294763.0,538180.0,92464.0,38866486.0,226789.0,1841645.0,497747.0,23236082.0,980886.0,4134088.60019869,7920095.0,619519.0,570411.8692595
2024-05-16,920457.0,4247744.55995682,1937311.0,531615.0,34869164.63503738,94980181.0,4273929.97392997,941491.47137676,154128.0,3995679.375,485042.0,2959745.0,27361339.0,184044.0,33169381.0,425062.0,24870252.87025287,7357133.0,13023846.0,462162.5,212813.0,16471982.0,78726.0,2211536.0,299038.0,24930081.0,1546128.0,9328165.33431826,7131904.0,356585.0,1297703.78367958
2024-05-19,2417058.0,3520179.76435432,17514716.0,716744.0,28331587.64929065,39112547.0,2591372.69137269,1439545.2785691,366006.0,4827866.25,659115.0,7047451.0,26980470.0,2468621.0,42130019.0,1618918.0,24739440.73944074,4707562.0,11671272.0,303980.0,294707.0,29350436.0,429549.0,1993502.0,2078243.0,33193301.0,4450918.0,10489228.51001819,10784803.0,55141.0,3874442.55843512
2024-05-20,1186201.0,2332457.95932131,9315823.0,799760.0,21265120.39547509,55758306.0,3628719.92871993,1445862.76730168,787388.0,2705859.375,1699857.0,3905706.0,38205147.0,1737431.0,19688962.0,1489499.0,23120519.12051912,3873435.0,12567886.0,936862.5,218303.0,29050360.0,501116.0,1057721.0,1189081.0,23839862.0,20528762.0,9993387.408741,14526281.0,434698.0,3198432.04832087
2024-05-21,1480520.0,3514753.50801912,20646869.0,743094.0,23011209.98368604,66213299.0,2402619.1026191,682592.8189902,2426062.0,3984555.0,787798.0,5856421.0,18215405.0,899589.0,10056641.0,679001.0,12529794.52979453,3952359.0,24795129.0,412683.75,302150.0,21127895.0,430645.0,1548191.0,1581633.0,56424324.0,7125998.0,13299033.13586184,9935755.0,1337487.0,2907256.86915083
2024-05-22,1030612.0,1377051.02620315,5016208.0,1029659.0,21327858.77633686,40517907.0,3402090.00209,2340905.36017125,52203294.0,3417166.875,603548.0,1586518.0,55178094.0,354851.0,14312734.0,591421.0,30932439.93243994,3505067.0,12298209.0,564461.25,253810.0,13832331.0,124481.0,6138808.0,610439.0,38047801.0,2703766.0,5797628.23487255,7079435.0,236670.0,1471510.95713267
2024-05-23,566635.0,2089006.72283027,2894466.0,578993.0,23378197.54828708,69745901.0,3840157.74015774,3452725.52957197,358754.0,1387061.25,285518.0,1273005.0,44764308.0,550806.0,29858206.0,260834.0,30126156.12615612,10492425.0,14327318.0,125885.0,450427.0,28597819.0,201562.0,2532085.0,429635.0,17288679.0,1946082.0,6105405.32412736,8927896.0,200660.0,2482458.85100094
2024-05-26,363886.0,1172782.37608782,10117364.0,422883.0,67592775.46115366,82558653.0,469083.36908337,2539298.18350405,217134.0,896818.125,234790.0,1345334.0,21460444.0,275207.0,15577988.0,218622.0,21373548.37354837,4495780.0,13393978.0,151001.25,674479.0,24398312.0,584908.0,1173859.0,634954.0,35806688.0,1437728.0,7074056.36292286,6190573.0,58143.0,695779.13536788
2024-05-27,700261.0,887679.31722498,6093466.0,585697.0,61240862.17013392,107297104.0,312824.91282491,2190310.7426878,1485222.0,986101.875,343397.0,5254627.0,17175365.0,352958.0,16168119.0,170030.0,19437295.43729544,2626861.0,9906766.0,2872871.25,312264.0,60503879.0,409919.0,1214358.0,1757216.0,17136771.0,2747446.0,25216470.43762176,8042267.0,47091.0,1003227.00563754
2024-05-28,855285.0,380411.15896253,2391798.0,1213256.0,27050083.28952241,129020854.0,3679887.57988758,644678.46955446,783910.0,1002466.875,281868.0,1926422.0,16390086.0,2377762.0,11393641.0,211215.0,14049593.04959305,3509075.0,7871076.0,1290847.5,285518.0,26295174.0,218772.0,735511.0,401862.0,49804954.0,6613766.0,6040344.93376873,7745260.0,238558.0,1442856.48241732
2024-05-29,627249.0,695759.60293392,13665151.0,523479.0,67511982.23841143,62963654.0,1920197.12019712,576380.71231946,171854.0,1105635.0,204311.0,1763565.0,15666131.0,648674.0,8647438.0,2192543.0,22694362.6943627,4340988.0,13382158.0,232275.0,109533.0,64849355.0,544866.0,713684.0,750832.0,20865174.0,2727802.0,14806867.54359455,5627797.0,99159.0,964907.23941049
2024-05-30,952887.0,1442761.36447452,4596644.0,624384.0,99705817.04901092,43279548.0,18979900.77990078,9291910.67899632,530536.0,2600375.625,388027.0,1073136.0,9568162.0,1889792.0,10767645.0,274486.0,31051819.05181905,45637175.0,7764956.0,180612.5,117565.0,17370761.0,340193.0,730676.0,188652.0,11228152.0,1783524.0,3150844.53953874,65632266.0,275919.0,1509679.45697806
2024-06-02,667416.0,1702789.00109566,23509074.0,500441.0,34227231.83371376,72602125.0,2513091.11309111,1489237.65480505,157218.0,818943.75,154287.0,1217051.0,14925281.0,476546.0,8817937.0,411507.0,41122646.12264612,19974007.0,5438878.0,354228.75,228752.0,16371447.0,157371.0,1128341.0,1161408.0,10471962.0,2470874.0,3834056.07066533,7785210.0,84492.0,490176.60885794
2024-06-03,1074431.0,2370797.25751084,7171224.0,451039.0,30806456.05670728,103886967.0,3613021.81302181,620508.96304477,95194.0,763121.25,135164.0,809120.0,9327831.0,240288.0,8328208.0,229151.0,38993117.99311799,30893930.0,24621133.0,517312.5,198031.0,15668108.0,244791.0,3364868.0,3157207.0,8773429.0,1643874.0,3942648.00778845,4342911.0,49469.0,405801.48171934
2024-06-04,1590613.0,1915986.58494691,4990718.0,568559.0,17458728.22062949,77309689.0,5023772.12377212,4059695.47928524,712990.0,489054.375,146741.0,1077596.0,9517667.0,3886915.0,17235925.0,161702.0,32644535.64453564,23917413.0,13907283.0,140982.5,58642.0,24783790.0,55094.0,627362.0,1341868.0,27350776.0,571816.0,2631756.52279619,9187564.0,12325.0,552997.32707051
2024-06-05,4578793.0,2051976.45041993,8433558.0,515867.0,20783712.71836094,53817336.0,2846676.34667635,775455.59842641,103202.0,545673.75,298465.0,1764719.0,12818368.0,3349344.0,13586430.0,283787.0,33244611.24461124,5879196.0,13629836.0,289158.75,295983.0,25862399.0,89000.0,1441312.0,895908.0,61201490.0,680672.0,3109995.99098915,13561462.0,383517.0,1072690.83911149
2024-06-06,1552824.0,1623051.41815892,3870467.0,468650.0,10559500.66443439,46538867.0,3465275.16527517,1714509.0,1062812.0,6124486.875,87108.0,831493.0,5027944.0,327592.0,3679831.0,177370.0,16198033.1980332,5469860.0,4041286.0,132511.25,117540.0,12697013.0,145852.0,623511.0,391253.0,27024666.0,1034266.0,4897588.8859969,2070829.0,662078.0,462086.23169087
2024-06-09,1378989.0,1721583.85544101,4846278.0,356958.0,15248997.67603279,25233788.0,2427108.42710843,848062.0,191468.0,1026943.125,187239.0,556954.0,11649707.0,1846286.0,7598106.0,411400.0,20421485.42148542,2389763.0,8504444.0,436206.25,67096.0,17979504.0,311893.0,1326425.0,562892.0,66895026.0,1895418.0,4806392.09566224,7254119.0,30594.0,475837.81642944
2024-06-10,1887073.0,698997.71933506,8324813.0,302563.0,10291836.11416765,23664955.0,2849821.24982125,271636.0,25112.0,921455.625,238348.0,705134.0,11262146.0,1024864.0,2527801.0,314336.0,18397386.3973864,2079402.0,4112782.0,489147.5,41228.0,12297638.0,180357.0,927200.0,321132.0,18529406.0,1531818.0,4591739.00216927,11163656.0,80942.0,603948.88662743
2024-06-11,4201082.0,843552.74716957,4851431.0,252941.0,27219667.34792313,32518609.0,2683576.98357698,1165394.0,845216.0,1860161.25,185407.0,713514.0,20456005.0,290402.0,9127467.0,1583836.0,24897117.8971179,7137125.0,6389093.0,1492436.25,72925.0,19301795.0,49108.0,767369.0,345088.0,87529728.0,2636870.0,3684540.13807686,6875703.0,70122.0,714729.45151514
2024-06-12,1582337.0,1753397.31564084,2894457.0,263089.0,36549209.20197734,34110277.0,2122320.12232012,1146685.0,834950.0,998433.75,115095.0,336985.0,12550835.0,105147.0,4707850.0,65505.0,10302136.3021363,5692741.0,8635949.0,189952.5,32315.0,27420543.0,175253.0,1006981.0,1103326.0,28504498.0,9094946.0,2137019.32902331,2895551.0,12506.0,221049.55527631
2024-06-13,2934978.0,764553.73035667,4267608.0,427713.0,25201261.62850217,20572860.0,5865851.56585157,5865988.0,1360956.0,2992940.625,252312.0,1298176.0,17187957.0,259586.0,6986994.0,234038.0,16238509.23850924,5301846.0,4762753.0,667305.0,114887.0,19350951.0,116197.0,776424.0,837007.0,36070953.0,2660674.0,4083909.78306656,5751958.0,155987.0,2002603.02130857
2024-06-23,1375720.0,818868.65473975,1416992.0,372653.0,34752303.3710445,24699152.0,1987924.18792419,2835301.0,925784.0,3694188.75,309875.0,1288554.0,34966163.0,1139790.0,14857192.0,222614.0,22058941.05894106,9711257.0,11736691.0,378473.75,59124.0,147377616.0,219344.0,1230491.0,1105205.0,37519885.0,3019868.0,5558472.10094829,4086103.0,536401.0,630667.3617497
2024-06-24,2359743.0,6712419.63466335,3685342.0,230716.0,24342289.18918116,16651622.0,3576148.67614868,4612459.0,881850.0,24872544.375,896975.0,901899.0,17872431.0,2109496.0,16794942.0,1209922.0,15470472.47047247,4083707.0,26226997.0,526653.75,171000.0,90893912.0,133141.0,1702456.0,849040.0,24358126.0,39153892.0,11407189.81046252,4404610.0,438173.0,866664.9768251
2024-06-25,2454751.0,5565120.54569159,1777736.0,373364.0,15258748.77627294,13324525.0,4730549.23054923,3299979.0,950960.0,2104269.375,328054.0,602267.0,25228654.0,569459.0,20130836.0,3298533.0,9909138.90913891,6926032.0,14561080.0,149463.75,849002.0,71558719.0,142398.0,3699730.0,919857.0,14983366.0,4931944.0,10606574.93662989,6048545.0,732287.0,640498.62609683
2024-06-26,1949740.0,5990840.53167641,13141076.0,729463.0,111480447.28828023,25179372.0,4662014.76201476,4495834.0,102154.0,2710946.25,412290.0,1623963.0,21533899.0,1326221.0,54593425.0,2763004.0,33354105.35410535,13153911.0,15577638.0,856043.75,413970.0,165315184.0,375491.0,6395824.0,613100.0,62494803.0,5440720.0,6611213.36006572,10921061.0,44898.0,705830.9965216
2024-06-27,1250111.0,5720627.29657133,4387041.0,422715.0,63804422.37156302,20530829.0,6491487.09148709,3810239.0,114020.0,2994648.75,181350.0,1403048.0,16624598.0,1528015.0,47125722.0,822220.0,25395211.3952114,13587506.0,14597310.0,2443212.5,206619.0,77185496.0,65250.0,3207138.0,322695.0,35967557.0,7951620.0,15716598.51207034,7090844.0,89479.0,771782.08846581
2024-07-01,1993925.0,5267246.90691139,2766632.0,477880.0,41692898.82202567,29653295.0,4122378.42237842,1532973.0,229736.0,1728331.875,200505.0,1637887.0,9516856.0,1282728.0,31487184.0,4041874.0,8192804.19280419,3847766.0,13325879.0,1682177.5,131883.0,32095488.0,361977.0,1382753.0,99958.0,49497330.0,2771913.0,12599922.15996102,5048084.0,35499.0,1220509.60782604
2024-07-02,1006523.0,1656217.99763786,4381169.0,456559.0,28505060.21777097,55338880.0,3387393.98739399,1517922.0,482066.0,1704948.75,206205.0,676001.0,29074863.0,1068982.0,39648186.0,1811801.0,18868200.86820087,2603750.0,58781864.0,1134140.0,441423.0,51722314.0,141064.0,10513648.0,507231.0,44749563.0,10337475.0,20076698.27565942,10479561.0,196293.0,1082021.03356936
2024-07-03,2173223.0,1043117.17201107,2564309.0,320077.0,30365873.7962726,32590481.0,4441330.34133034,1292876.0,443438.0,1261466.25,312525.0,1405155.0,19097748.0,762793.0,27912708.0,2856475.0,20427902.42790243,12610163.0,26616141.0,1109012.5,176614.0,36754217.0,255758.0,10212386.0,543144.0,23179090.0,4782540.0,13253334.80662188,11239933.0,56986.0,1194189.25741663
2024-07-04,1874425.0,6066827.41127531,4059758.0,233990.0,19430792.57897153,17272764.0,5568994.26899427,1821328.0,135688.0,3420780.0,135003.0,1777171.0,8254485.0,927989.0,14521784.0,1420128.0,13226434.22643423,5285390.0,20034403.0,2709618.75,199684.0,184211598.0,210559.0,4929648.0,451704.0,18947360.0,1744224.0,6616337.13218702,3714604.0,328151.0,1740019.28919486
2024-07-07,2981408.0,2804947.36951361,2025764.0,285081.0,41217818.55552442,18056651.0,2196406.2964063,1115857.0,230338.0,600579.375,1086094.0,1051005.0,12413404.0,363831.0,21499496.0,1362139.0,15539826.53982654,22672954.0,29405998.0,711417.5,280085.0,49055361.0,133720.0,6362469.0,76003.0,63837889.0,3451520.0,26310752.50383165,4202229.0,258145.0,1126700.29059217
2024-07-08,2140477.0,2499506.18380785,2751871.0,2908679.0,33125160.54875915,30495216.0,3088988.98898899,733002.0,123700.0,4981393.125,1085274.0,631759.0,9552039.0,503213.0,38247857.0,1853211.0,12188217.18821719,11316570.0,18483513.0,614386.25,1560773.0,68527493.0,694696.0,4088532.0,344029.0,40673593.0,7442847.0,11707845.7697735,3929742.0,96332.0,1156778.13994054
2024-07-09,2674729.0,1103034.72672907,3143202.0,1292082.0,14291359.49875563,21198832.0,3480016.28001628,990168.0,808264.0,2544560.625,253989.0,449561.0,7693115.0,1958495.0,19460120.0,6359453.0,9279759.27975928,13244686.0,12541925.0,161875.0,557824.0,36957348.0,185854.0,7428543.0,130911.0,19332076.0,5770065.0,9189668.62232132,5209581.0,253513.0,2618037.64833258
2024-07-10,1950818.0,3336268.53198813,2310841.0,1067456.0,79652551.10121255,17620823.0,3521619.42161942,2512654.0,202894.0,1107785.625,555851.0,514466.0,5435724.0,582174.0,11235927.0,2819056.0,15360207.36020736,17809822.0,8054011.0,154048.75,249239.0,36998742.0,200539.0,5600005.0,262345.0,17457006.0,3560793.0,13083984.27696865,4365458.0,634041.0,3934679.14262761
2024-07-14,1121015.0,6145239.65737436,1648266.0,524364.0,82295825.1965369,36613679.0,705471.40547141,886613.0,858848.0,1349533.5,559775.0,438481.0,3864869.0,414020.0,16589896.0,1531118.0,12981270.98127098,5012187.0,5177230.0,1262555.0,426052.0,75180923.0,156595.0,1664512.0,92971.0,11379781.0,1942682.0,7947985.7844245,3395279.0,310466.0,1356107.31345538
2024-07-15,1553446.0,2496347.87699416,915203.0,634957.0,60893141.58210386,25544014.0,2505949.90594991,8860143.0,66216.0,1352719.5,209817.0,361451.0,6080793.0,4377470.0,9377141.0,802017.0,4431598.43159843,16687239.0,6755172.0,290857.5,395116.0,36643505.0,96011.0,1699831.0,76424.0,9745117.0,4060387.0,4344707.26914356,2928220.0,349794.0,994505.02808927
2024-07-16,1973847.0,1984971.42570142,807822.0,2085747.0,37998301.03060034,12963168.0,4036403.43640344,2232538.0,2179186.0,813544.5,282828.0,617812.0,5101446.0,2088701.0,22423773.0,2012626.0,6579693.57969358,11420879.0,19129358.0,2469155.0,1445740.0,44956175.0,180308.0,1117721.0,186650.0,14617753.0,1829761.0,4177232.32334356,3016708.0,536424.0,657775.55789694
2024-07-17,1857133.0,1260253.71527199,1888422.0,1060641.0,28156872.55834206,16505828.0,3115287.81528782,4087700.0,408896.0,1480807.5,312332.0,889317.0,34399987.0,1513495.0,20958065.0,2266392.0,25769440.76944077,7041983.0,7423501.0,310881.25,662911.0,137166494.0,174555.0,7929001.0,268202.0,23127781.0,11160206.0,6045990.21614985,4452307.0,2177905.0,1585910.36010948
2024-07-18,1280937.0,2387680.40980115,1442671.0,1168516.0,37780652.51157459,41835757.0,2980933.68093368,3371188.0,2054856.0,1098531.0,308298.0,3841754.0,12840623.0,1523374.0,28842309.0,3971752.0,14848775.84877585,6968088.0,18507821.0,622592.5,297769.0,68526720.0,409617.0,12583293.0,802253.0,31016774.0,2791249.0,13675251.16675346,3618622.0,1145030.0,2104536.60379094
2024-07-21,3313409.0,1184768.88964185,4270840.0,2168850.0,39374939.39326547,142808080.0,2078488.37848838,741320.0,79346.0,796551.0,217680.0,7409527.0,18701167.0,495603.0,8666130.0,3022572.0,15412788.41278841,2293686.0,8089078.0,1007667.5,1652658.0,254775493.0,110734.0,3405162.0,497020.0,24652590.0,5325665.0,23396112.40309175,3196734.0,702504.0,2002277.3784036
2024-07-22,1603712.0,1905782.288296,9360963.0,1995769.0,79746282.76443961,39235769.0,4475609.67560968,1521537.0,1867624.0,973189.5,270679.0,19749986.0,14792410.0,394144.0,11587430.0,2214974.0,25891849.8918499,10800391.0,10332466.0,1923611.25,610271.0,108463644.0,248571.0,9098506.0,358777.0,15159344.0,3078726.0,8202273.65766436,3388179.0,1670944.0,3660568.70213896
2024-07-23,730724.0,7200295.62842294,1787402.0,2229943.0,53981420.14735776,51153544.0,6293904.8939049,938144.0,491244.0,2142763.5,192905.0,4757310.0,23253639.0,1442724.0,17405508.0,3983663.0,46050409.05040905,6768702.0,7557977.0,1107812.5,356951.0,91913848.0,606492.0,8982105.0,1393548.0,13064572.0,3520019.0,5754602.31480668,2912080.0,1192795.0,7159069.13231849
2024-07-24,663829.0,3122587.84828195,1463471.0,1571466.0,71568582.87341245,40412453.0,3927238.22723823,2639905.0,204920.0,1316491.5,208798.0,5092235.0,12540981.0,725851.0,8035291.0,2548445.0,25096696.0966961,5895204.0,11291538.0,1558826.25,586221.0,65305850.0,204291.0,11657827.0,177557.0,24850892.0,3454423.0,12511467.9311958,2866355.0,163446.0,3332852.1871874
2024-07-28,1031852.0,1337814.60900185,4196927.0,888124.0,56117639.28114134,54718276.0,1510090.31009031,482614.0,600272.0,529107.0,270014.0,11724252.0,6373224.0,216787.0,2953274.0,1157250.0,12328461.32846133,2179041.0,3212864.0,103290.0,741620.0,72286386.0,71600.0,4213570.0,191155.0,11967018.0,1745651.0,3975630.22264729,1934105.0,334513.0,610158.16150251
2024-07-29,1966766.0,943885.28015127,2788549.0,1953510.0,83946977.73966976,30440594.0,2999932.8999329,2530739.0,1274996.0,2200450.5,486669.0,5959354.0,5770819.0,1338484.0,3960765.0,869269.0,13621636.62163662,7868594.0,5661276.0,205648.75,1605630.0,38689535.0,112283.0,4408341.0,263619.0,22414944.0,27607528.0,5127913.75988672,3681423.0,1045212.0,915058.66388653
2024-07-30,674347.0,7339830.82938622,2990439.0,1104675.0,40433853.28096611,32951111.0,4760567.16056716,1231581.0,2536968.0,601099.5,761987.0,3318457.0,6617045.0,1188754.0,3521843.0,2473440.0,7638817.63881764,3342933.0,6794888.0,2885185.0,728589.0,61121301.0,107200.0,11206879.0,75831.0,35009955.0,9366874.0,3054610.01303935,3278976.0,337202.0,878758.93413127
2024-07-31,2213425.0,3796203.05057538,3760925.0,1306743.0,21095499.19645712,28136730.0,5458867.65886766,4285614.0,161902.0,1133025.0,1642810.0,8195022.0,7432161.0,1632567.0,22462413.0,2587125.0,9783327.78332778,7864764.0,4291488.0,1080756.25,1023719.0,193915962.0,104246.0,4138516.0,489823.0,11641534.0,8091604.0,2458744.83228336,1805922.0,591198.0,1615273.89598888
2024-08-01,1884258.0,3022957.24831504,4281728.0,1256790.0,23914141.1572152,35798125.0,6687178.38717839,3664771.0,2165910.0,3623946.0,970241.0,7830649.0,7558356.0,1033355.0,13848340.0,2707152.0,11640671.64067164,5150823.0,9497613.0,744048.75,380737.0,135591536.0,231254.0,3670667.0,220500.0,47315102.0,8073906.0,20444509.93177904,1121114.0,608787.0,2199089.64740132
2024-08-04,1601962.0,1369160.02215789,3027140.0,1866895.0,46626705.68847494,46519012.0,2057060.35706036,1719244.0,150914.0,4094371.5,452216.0,4390062.0,14789423.0,300396.0,7560518.0,1329967.0,15812046.81204681,7129193.0,10832257.0,446660.0,677457.0,85982660.0,92346.0,3289022.0,689405.0,21065003.0,4617564.0,16533186.95396288,1880144.0,442243.0,1993108.95493723
2024-08-05,2044917.0,3878917.36998641,3205822.0,1592288.0,39149543.11638502,32869704.0,5605447.20544721,2225003.0,297110.0,2617851.0,655476.0,5593866.0,22051906.0,792320.0,14694528.0,1811603.0,18160353.16035316,10641401.0,10698613.0,346580.0,1308641.0,90055250.0,176014.0,3670481.0,939841.0,37061026.0,4993572.0,14511205.64065497,5325220.0,513334.0,1596789.98451841
2024-08-06,995956.0,3413712.76509283,4824227.0,499842.0,20908949.75428218,32099954.0,2951172.05117205,810386.0,51746.0,906100.5,284156.0,3093712.0,6528359.0,108712.0,5644764.0,369289.0,6538719.53871954,3088228.0,4760304.0,671920.0,522887.0,81542499.0,44146.0,2505505.0,244862.0,25610425.0,3964878.0,3030129.47431978,1556993.0,248306.0,436769.07152096
2024-08-07,1611515.0,4178013.56154742,2485851.0,2468637.0,16673954.85627752,54665561.0,4345963.54596355,1126000.0,153284.0,1849713.0,532358.0,3311455.0,9010891.0,251052.0,13418747.0,1590954.0,9812967.81296781,4341585.0,12880248.0,1123088.75,1551123.0,79054830.0,41557.0,3782920.0,206389.0,17891689.0,4416519.0,61065015.54577082,6070475.0,128999.0,429015.61899973
2024-08-08,2933718.0,1801882.42881871,1187901.0,1139633.0,17054962.44115688,32470813.0,1474308.37430837,1928404.0,87096.0,747091.5,965739.0,5019449.0,8378178.0,196064.0,8504930.0,3975660.0,10919260.91926092,3553267.0,8140876.0,247253.75,1015466.0,52084242.0,36326.0,1880518.0,140993.0,14814385.0,3546835.0,57216564.99775618,2764239.0,105849.0,394847.27458055
2024-08-11,2339565.0,1875401.42005355,1729966.0,641002.0,31095093.80099238,41011659.0,692990.79299079,2211149.0,304620.0,741549.0,545382.0,4052578.0,8258637.0,124242.0,8204722.0,5238039.0,9471762.47176247,2136302.0,4647611.0,273287.5,802891.0,93069195.0,106636.0,3986101.0,153203.0,47002979.0,2512454.0,19052690.37877634,8731389.0,221096.0,337972.16553614
2024-08-12,3844698.0,2026896.97794529,1786566.0,1087400.0,40624939.5058128,49140594.0,4092489.19248919,2655599.0,2567850.0,1955316.0,811953.0,4496435.0,13149021.0,1020516.0,5910587.0,1820167.0,11924453.92445393,6721663.0,6407984.0,2337343.75,587976.0,55150588.0,116379.0,4126178.0,292139.0,45323926.0,4025099.0,18924532.54149898,12564086.0,553454.0,1268714.2119104
2024-08-13,2178763.0,2450701.93722645,837323.0,1574354.0,15644552.0026716,65360304.0,4649262.44926245,812712.0,938258.0,1662022.5,310435.0,3047956.0,6692018.0,140291.0,4667782.0,1076459.0,6547431.54743155,19156237.0,4023947.0,405052.5,820075.0,44651372.0,201430.0,1586813.0,125142.0,6099990.0,2446748.0,9988614.39859649,7532829.0,399392.0,744145.51044373
2024-08-14,9179972.0,2559165.01275921,2308813.0,962656.0,13620539.17551791,94840794.0,5079961.27996128,1959406.0,4915208.0,1922830.5,343557.0,5266417.0,5298752.0,1177963.0,3721413.0,1093635.0,9343809.34380934,6514581.0,4438345.0,3713226.25,293759.0,37226065.0,364456.0,2679913.0,512219.0,19516258.0,3054946.0,10685987.44817459,3131407.0,167361.0,638505.90161061
2024-08-15,4383023.0,1868833.32849913,7630779.0,2230849.0,19302559.53325814,59021215.0,4575574.47557448,1572677.0,4367508.0,12673204.5,404519.0,4956046.0,7149923.0,4342644.0,24816574.0,1013834.0,16700944.7009447,1987719.0,9663291.0,1660037.5,4434410.0,35774394.0,139472.0,1874552.0,506727.0,33790432.0,2154012.0,7612221.86031234,2553126.0,453013.0,1103009.24402514
2024-08-18,2129115.0,742210.42139796,1568175.0,2157949.0,74052015.0067902,25022642.0,532709.63270963,345278.0,1305596.0,3354001.5,512299.0,3829800.0,19497817.0,288044.0,3824329.0,1096638.0,18597735.5977356,1669475.0,4794574.0,685292.5,1257975.0,32283495.0,57107.0,1499314.0,144167.0,32808053.0,5575637.0,6324609.05790786,4531564.0,253418.0,1163434.91119471
2024-08-19,1263336.0,506719.07728143,5322544.0,7417274.0,36920780.81912663,13337024.0,2475981.47598148,1925937.0,10096950.0,3511681.5,596921.0,2431924.0,14698078.0,686746.0,1757474.0,740180.0,21504906.5049065,4796922.0,7981229.0,1521065.0,1746346.0,79326422.0,73623.0,1501782.0,297895.0,38260345.0,2608050.0,10706678.43391475,4336842.0,863611.0,705469.63794318
2024-08-20,1650155.0,1513090.79208451,2235300.0,2399758.0,15346207.05160313,37839377.0,3801995.4019954,323209.0,297754.0,3093334.5,350215.0,1996456.0,8957106.0,1633936.0,24890116.0,2950057.0,14999579.99958,12407583.0,5502439.0,900292.5,1109438.0,86722807.0,243145.0,10676621.0,838197.0,40140937.0,3020866.0,5131095.76664973,5441711.0,537344.0,2868963.36444837
2024-08-21,1693100.0,3987729.51891646,2756376.0,10826324.0,114840216.78775708,20673627.0,3287074.98707499,878338.0,3143134.0,2353084.5,393871.0,2246331.0,15767226.0,2336357.0,12885081.0,10054739.0,16529374.52937453,8819289.0,13471953.0,545893.75,2026101.0,47527277.0,304757.0,6266494.0,311222.0,25842322.0,5364929.0,19888478.07528512,5799674.0,318741.0,1215830.85460432
2024-08-22,868487.0,2585756.59741257,1173927.0,10823538.0,100682522.9940938,31049938.0,5717266.71726672,1686408.0,262586.0,4066332.0,570298.0,1853526.0,13825981.0,1366524.0,13808053.0,2596104.0,40548904.54890455,16098761.0,43203467.0,510703.75,2571184.0,66192038.0,148755.0,8878267.0,1530933.0,20898969.0,3641936.0,9463593.87174088,5590093.0,636036.0,1307631.69043722
2024-08-25,923263.0,596492.9468457,1873062.0,3828558.0,37792338.3003319,91138203.0,1070825.77082577,572206.0,263412.0,3854301.0,440370.0,4854486.0,9870010.0,267977.0,3813318.0,961702.0,48537024.53702454,6050306.0,43470813.0,504306.25,1107002.0,77317423.0,276822.0,13513821.0,134051.0,56884141.0,6908262.0,18726017.14619844,4566007.0,260919.0,998410.64202694
2024-08-26,894767.0,3892912.45737544,1326004.0,2414582.0,121794636.42667106,68760848.0,3648981.94898195,718067.0,893316.0,2727127.5,357060.0,3024937.0,25580299.0,401148.0,48351857.0,1746509.0,25962619.96261996,17809889.0,8779519.0,807277.5,795993.0,39550545.0,323310.0,6243782.0,315235.0,24592936.0,10966273.0,7557272.68029589,3112040.0,611800.0,1485192.16098533
2024-08-27,875663.0,790841.85732677,1541440.0,3426449.0,132114723.04489316,31526957.0,4701724.8017248,2704586.0,769332.0,2082961.5,828291.0,2506069.0,30374635.0,827590.0,43670528.0,2395589.0,38844683.84468385,30959538.0,3357043.0,216058.75,846480.0,80868301.0,335575.0,3123729.0,73381.0,27253454.0,2857176.0,4273215.36012375,6681361.0,160610.0,2153146.68581503
2024-08-28,1728029.0,1322988.17575873,945793.0,2162062.0,62580057.16323658,34182479.0,2032627.13262713,5735849.0,2071848.0,1109490.0,483973.0,4309786.0,14609098.0,1523107.0,15369999.0,2875471.0,16937953.93795394,8934006.0,4129597.0,312051.25,830283.0,68127120.0,419304.0,3560906.0,147230.0,31563399.0,11017652.0,7986833.00426124,2983988.0,243786.0,383501.24549482
2024-08-29,1484618.0,1070879.10070242,5318813.0,934990.0,109194724.78982688,28850073.0,8907535.00753501,8079884.0,1404968.0,7983549.0,239501.0,7411689.0,41324256.0,1481947.0,20576727.0,2361401.0,18507675.50767551,11224062.0,6811431.0,402712.5,506632.0,52940110.0,65959.0,3352425.0,302496.0,40821917.0,17895516.0,5973497.64277363,15359538.0,542223.0,1229398.60867073
2024-09-01,3921901.0,1786275.17350268,2032741.0,751107.0,100293417.6291789,27685484.0,1301801.8018018,5376046.0,298070.0,2381800.5,187818.0,16744318.0,40495593.0,839630.0,4823574.0,1326462.0,21929628.92962893,4007062.0,7967360.0,331407.5,453059.0,31939965.0,212525.0,5107246.0,274599.0,79459149.0,24410844.0,4841257.83615493,10600463.0,251132.0,1770869.2273663
2024-09-02,6246206.0,2718484.86712854,7779549.0,872228.0,52756090.40845585,34934506.0,2860033.66003366,12113790.0,355586.0,1984089.0,177947.0,9055992.0,16409576.0,1572463.0,8407405.0,3315318.0,50125541.12554113,12625686.0,6187642.0,485447.5,383144.0,40351899.0,239103.0,6449387.0,173064.0,37477153.0,10775953.0,35597835.00707242,9748580.0,320795.0,2796183.22564865
2024-09-03,4590720.0,666213.46834941,4066771.0,1263757.0,51921761.33142225,18748874.0,3705421.90542191,5401633.0,193548.0,1003618.5,566962.0,4816943.0,11608330.0,690388.0,9233759.0,809989.0,23779637.77963778,10152490.0,14020464.0,604202.5,221199.0,26273440.0,56225.0,2230665.0,202975.0,30482389.0,26192849.0,21875933.82103632,9175892.0,240951.0,736589.54458745
2024-09-04,2196398.0,4547312.54706893,3194602.0,1151569.0,43877125.01729853,52555135.0,2422350.92235092,2844880.0,1085266.0,1547952.0,554828.0,4028637.0,27280988.0,1446862.0,4565117.0,879868.0,14456996.45699646,3079775.0,14968459.0,604647.5,183521.0,35275290.0,85267.0,3048554.0,394023.0,22096488.0,6783393.0,45032931.12273694,4538282.0,439671.0,812096.68010105
2024-09-05,805694.0,3816515.90714841,4716707.0,1069030.0,28886766.72153874,40100516.0,2670769.67076967,4308315.0,1923506.0,1981801.5,913816.0,3857290.0,9748226.0,1022502.0,8645704.0,1031841.0,14829116.82911683,1717029.0,10288917.0,307077.5,1117026.0,124895160.0,75079.0,4581495.0,417792.0,10518494.0,7417789.0,47797278.32001903,5003207.0,169467.0,459891.81869577
2024-09-08,1328717.0,752140.64093688,2917853.0,2264054.0,40149355.02729542,22767063.0,2489083.58908359,7509435.0,338184.0,1718992.5,376172.0,2102491.0,7413077.0,559606.0,9870073.0,2141861.0,10845031.84503184,3580198.0,4784436.0,448808.75,555419.0,61930444.0,66818.0,4479840.0,268558.0,31707342.0,10942832.0,13931916.27965487,5533604.0,82087.0,1343746.53905933
2024-09-09,2475380.0,504691.23642739,2214408.0,875266.0,25943689.0618136,20681841.0,4284768.28476829,2393574.0,253412.0,1772934.0,200909.0,2060129.0,4147061.0,303179.0,10550517.0,819962.0,6454368.45436845,3941650.0,1918232.0,225813.75,249611.0,31543673.0,55020.0,3479563.0,221286.0,27829169.0,3571969.0,14165879.81269258,4494260.0,3989189.0,3641283.28893788
2024-09-10,2586796.0,1944184.95506978,2132885.0,2147520.0,35471218.54268502,17878124.0,2976612.87661288,2983702.0,14057136.0,1713427.5,187706.0,1482045.0,5761915.0,333343.0,6865039.0,594892.0,8709998.70999871,6714455.0,5646416.0,468962.5,187980.0,21416370.0,19812.0,1823230.0,1619135.0,39597197.0,4536651.0,14154859.26847094,3421745.0,3367066.0,2061464.5520733
2024-09-11,2253524.0,1934188.13600111,5742090.0,2912822.0,29777186.0089449,24153591.0,2197365.4973655,1138109.0,1093672.0,732225.0,305146.0,1888801.0,11478198.0,2600714.0,12633581.0,1300222.0,12614751.61475161,8404213.0,4746406.0,340401.25,251435.0,20615884.0,47671.0,2233811.0,1380136.0,31697461.0,4846686.0,15101121.10410658,3569538.0,4816788.0,3122717.97199347
2024-09-12,1754233.0,289009.80760751,10276679.0,5185047.0,33991076.03256093,16282127.0,3551430.55143055,2255955.0,524710.0,466843.5,172593.0,2721074.0,20717101.0,730281.0,14276602.0,615188.0,11385428.38542839,6539661.0,4974036.0,621200.0,375583.0,31261700.0,76354.0,3478440.0,1936777.0,16223829.0,3050758.0,23073877.30224278,2262560.0,1559618.0,5049258.16392803
2024-09-16,10605544.0,992314.62095532,2270042.0,2408601.0,22644349.59756228,8840983.0,2095552.6955527,6045032.0,186920.0,919059.0,265096.0,1713669.0,6443088.0,588463.0,3989655.0,187605.0,36098892.0988921,3053440.0,9236384.0,2085926.25,146914.0,16794175.0,141840.0,2229285.0,167696.0,11666296.0,4119155.0,28944838.61560575,3885823.0,1573993.0,2706940.26231124
2024-09-17,5495230.0,1165856.91972903,2475169.0,779511.0,41298683.80855466,10713163.0,3788133.18813319,4446347.0,119548.0,961926.0,151071.0,4214528.0,3785228.0,471431.0,6836297.0,266268.0,26952050.95205096,2457341.0,3582572.0,265000.0,278891.0,17807464.0,78053.0,2282361.0,220685.0,39413320.0,3187460.0,9064631.90482231,1651839.0,1531662.0,1530337.82268494
2024-09-18,661836.0,477693.16498901,4181358.0,840781.0,24612393.76545444,31226713.0,2338894.93889494,1117985.0,241064.0,356146.5,345578.0,2026462.0,7139660.0,212329.0,7775584.0,151902.0,27399879.3998794,14206359.0,1174531.0,111530.0,177660.0,17764380.0,77577.0,5187611.0,269285.0,41867535.0,7154116.0,8164278.85561271,922553.0,2207333.0,1099876.76937153
2024-09-19,1514304.0,1393801.84816451,4037265.0,1958677.0,22783760.84359712,54257347.0,5646742.34674235,9531794.0,407642.0,2054650.5,691685.0,1660523.0,10732884.0,2880574.0,25890169.0,1907722.0,60178767.17876718,6238854.0,4977014.0,786471.25,114013.0,32271536.0,200850.0,1810460.0,83152.0,40520158.0,5732196.0,40681464.07466714,8705361.0,1822307.0,11597951.68932036
2024-09-22,1530393.0,1805189.439951,2971113.0,980536.0,31328507.9493076,22204791.0,4006739.70673971,470624.0,120242.0,2976526.5,381150.0,3287446.0,9131001.0,318493.0,5297048.0,608304.0,56601869.60186962,7665706.0,21630784.0,244643.75,134208.0,36546629.0,79278.0,2563527.0,276113.0,27565265.0,17943837.0,36463849.12056957,3418026.0,657862.0,8174589.68284913
2024-09-23,1369485.0,1180168.92901824,2818031.0,8550085.0,24884530.94641766,41120511.0,3903637.7036377,1447976.0,1935880.0,1442610.0,209947.0,1732384.0,8735546.0,321417.0,23884938.0,1597848.0,121211443.21144322,7910890.0,17191685.0,195493.75,411842.0,39412170.0,50475.0,9400608.0,212270.0,16678720.0,6201738.0,48362309.53757024,3420929.0,281898.0,989131.92015728
2024-09-24,729722.0,2748750.90859557,1759600.0,2153220.0,16574484.40494744,26995933.0,2780470.58047058,964753.0,799348.0,1381129.5,155458.0,1590035.0,8509302.0,509222.0,6027911.0,2356620.0,39977688.97768898,4515840.0,15156698.0,144565.0,157608.0,51598919.0,73984.0,4299576.0,271349.0,10173257.0,3564261.0,21656516.98280954,2509230.0,419437.0,1344947.21596378
2024-09-25,851905.0,882579.26475084,1870249.0,2298791.0,18946725.40856705,19111002.0,4085433.78543379,655144.0,538354.0,644983.5,190013.0,1878063.0,32636836.0,515362.0,16198438.0,3368525.0,68142482.14248215,9877102.0,12923018.0,374791.25,260185.0,149040751.0,59226.0,3063114.0,196369.0,30360689.0,14019271.0,10351647.7500512,4972734.0,230342.0,4867679.68011698
2024-09-26,2848921.0,2763949.38059107,2207284.0,2364339.0,49818260.83049662,44827047.0,2588008.88800889,706630.0,1877226.0,679410.0,317013.0,11538022.0,18810683.0,1709837.0,5446952.0,2217221.0,25425115.42511542,11353982.0,30813919.0,2231148.75,201534.0,67185935.0,86717.0,1023591.0,2081972.0,31895624.0,7253945.0,38703145.34750373,5686554.0,243802.0,941938.9100003
2024-09-29,2925814.0,1355107.52138115,1527354.0,1292588.0,70757199.94500488,20536650.0,1416925.71692572,494707.0,505456.0,790903.5,1315535.0,2692495.0,11564579.0,340700.0,4027363.0,1994799.0,36503667.5036675,13497232.0,7803406.0,701963.75,236866.0,41273675.0,79692.0,5721701.0,189971.0,23053847.0,3312166.0,26904251.03396689,4319277.0,746792.0,1231410.24145465
2024-09-30,2026336.0,1164083.99431644,2170399.0,2417742.0,32648089.3200782,25001188.0,5413216.51321651,1895065.0,318406.0,543196.5,586453.0,2006670.0,21852677.0,1083810.0,6779734.0,1026470.0,23907761.90776191,10992484.0,22920167.0,386386.25,3414435.0,23319477.0,182635.0,2437241.0,491977.0,31195934.0,4453297.0,79646520.08116288,9662242.0,448623.0,2040814.59005429
2024-10-01,888210.0,1346699.90488439,1214165.0,2321198.0,42103393.80606151,17718209.0,9991786.29178629,1304889.0,2444212.0,3336349.5,584033.0,1448102.0,20373137.0,759121.0,5748037.0,3562374.0,14777555.77755578,12959375.0,9446490.0,1353353.75,1497411.0,48072555.0,501363.0,3955015.0,210532.0,50159476.0,4711027.0,22896652.49711819,4561529.0,254426.0,1182909.40737288
2024-10-02,1632481.0,1080848.36134498,12880078.0,1608270.0,44626466.23278622,31073881.0,2274239.07423907,2637304.0,1029130.0,1965156.0,420386.0,2023214.0,15873484.0,416592.0,6569017.0,777770.0,21305271.3052713,3988248.0,7389406.0,509032.5,425977.0,41119032.0,128221.0,4515370.0,1413471.0,45031110.0,4591670.0,13067632.15069984,5412530.0,476423.0,1655479.2396818
2024-10-03,1192369.0,4038951.4468989,2199661.0,959405.0,27916460.2173568,13373835.0,1940040.04004004,2074222.0,1229260.0,2293330.5,171382.0,997768.0,11171533.0,269053.0,8530662.0,758290.0,17431427.43142743,3468379.0,28693239.0,964478.75,346851.0,34932941.0,122311.0,2273798.0,167084.0,49040248.0,4604454.0,19668609.87919387,3643411.0,286370.0,2071957.60684021
2024-10-07,791893.0,3749215.93407069,1594961.0,3627451.0,22840877.48557391,15955898.0,4286625.08662509,2621012.0,847124.0,2568204.0,327505.0,1186348.0,25765115.0,852948.0,20942621.0,1348744.0,14262551.26255126,2895315.0,16410842.0,3034418.75,1612149.0,44516659.0,2771696.0,3889271.0,641294.0,22411449.0,4673724.0,38387024.09409168,8373245.0,270311.0,1580237.8707971
2024-10-08,1209144.0,4909804.60134314,3815756.0,6061381.0,69496432.42987244,20716740.0,5682237.18223718,1818618.0,8539034.0,3786913.5,363710.0,1540110.0,20303792.0,350659.0,14646490.0,1031899.0,23258465.25846526,16148883.0,13172258.0,1553138.75,3207038.0,39552598.0,2247517.0,2876163.0,585068.0,23623047.0,3412582.0,28186421.0693957,11222292.0,388442.0,1315266.44086728
2024-10-09,985507.0,1346506.99590167,2695678.0,3211510.0,29340270.54035952,10180554.0,3052751.65275165,482562.0,1198160.0,2803644.0,177120.0,702575.0,11932978.0,1016816.0,8991299.0,622869.0,14581364.58136458,3809792.0,16531143.0,527961.25,1908326.0,36210937.0,1387074.0,1747395.0,495752.0,17608516.0,2331535.0,12395290.26996336,3706579.0,250528.0,712644.28646235
2024-10-10,2396945.0,862454.72408952,4281052.0,1601739.0,35065133.16284364,18675100.0,5191393.59139359,1241848.0,5613880.0,1340457.0,430520.0,1873222.0,22375339.0,481762.0,15564859.0,887885.0,17501384.5013845,4507252.0,14573064.0,978557.5,1042884.0,34257520.0,1117320.0,2478339.0,1053659.0,20772180.0,41529951.0,12156682.11890095,5307626.0,320187.0,472171.70759608
2024-10-13,2599863.0,1492442.64132725,1099246.0,3004157.0,33621795.87894914,14991540.0,2979795.17979518,343299.0,2745616.0,2157552.0,204338.0,1685097.0,6992247.0,652431.0,10238580.0,1004065.0,10138816.13881614,7568753.0,13907265.0,447726.25,1880512.0,48053003.0,560745.0,3008704.0,843804.0,25178208.0,23911401.0,29953348.12763522,2489660.0,125751.0,699948.41501247
2024-10-14,1643858.0,1044510.27999338,1455853.0,4721918.0,29881795.37113561,22186166.0,2333554.43355443,542302.0,3007678.0,1446414.0,337389.0,1110262.0,8867676.0,290432.0,18543865.0,4116520.0,9783978.78397878,11568696.0,7424910.0,1114860.0,3388426.0,28352132.0,462632.0,5478029.0,1229445.0,23397040.0,28130261.0,23097447.1834528,3784326.0,165534.0,520940.40922872
2024-10-15,1528768.0,1640491.09942067,2161507.0,5766389.0,29607459.0154414,15387699.0,5788227.78822779,973967.0,5687400.0,1943232.0,223478.0,1891236.0,4821916.0,489254.0,8192665.0,896534.0,9225957.22595723,12738671.0,23038563.0,1581587.5,5982473.0,54246494.0,1020152.0,2087663.0,1389559.0,12263726.0,18472972.0,85499575.32651837,3825003.0,403143.0,681647.28375318
2024-10-16,1560383.0,1572095.67890539,2386135.0,3107543.0,43569503.91570151,43958113.0,4067474.06747407,4348105.0,16722606.0,2055153.0,137732.0,1663235.0,7251596.0,770401.0,10188231.0,3962890.0,10889926.88992689,11400106.0,7795416.0,2300946.25,2324514.0,40776866.0,604562.0,1761180.0,6756617.0,18192283.0,24782629.0,26249345.332552,2750670.0,389210.0,3032171.3865752
2024-10-17,2350844.0,1245503.06770065,3568449.0,2673977.0,28779285.1516134,11753948.0,1825391.32539133,831251.0,9489712.0,589950.0,217794.0,3443958.0,4469744.0,907386.0,5550937.0,915710.0,9969303.96930397,4659923.0,12664504.0,5018886.25,1304612.0,29846212.0,224457.0,1030236.0,2145506.0,18473783.0,66945888.0,15752218.72172064,1770794.0,332874.0,965954.54901131
2024-10-20,2395873.0,1543230.52409857,4623167.0,7078693.0,14419849.15237008,19982314.0,1501623.6016236,2794045.0,2197768.0,2383245.0,654624.0,3546723.0,5552610.0,260066.0,15252754.0,495145.0,15109092.10909211,6144019.0,6925351.0,1931625.0,3655575.0,53544984.0,322663.0,1376715.0,5074208.0,30647899.0,30488787.0,12669293.61355889,3040351.0,182204.0,680001.21139161
2024-10-21,2259474.0,3274368.17657676,1641787.0,4075999.0,18011798.15600662,24479901.0,2545312.34531235,300808.0,5252506.0,735552.0,333888.0,1539480.0,8627456.0,261120.0,5060939.0,1877749.0,40547842.54784254,12041778.0,12877804.0,1435067.5,3470805.0,58912849.0,530783.0,2884714.0,6550419.0,29768970.0,29829638.0,12932015.65780286,2832823.0,373962.0,1151807.35856533
2024-10-22,1787886.0,3894836.9541316,3050397.0,2420728.0,26787053.43810018,53480320.0,3914182.31418231,1214939.0,1816030.0,440356.5,1189854.0,1515339.0,13567586.0,317130.0,5448367.0,8645778.0,15735858.73585874,3961406.0,12616577.0,1859120.0,2257426.0,68819147.0,844255.0,5011027.0,3778179.0,12626939.0,13481509.0,45986975.90336696,2373191.0,62931.0,455058.64770943
2024-10-23,1225474.0,6317925.34840338,2952721.0,739288.0,26688544.14092582,100171273.0,1843216.84321684,3387848.0,1057158.0,1153134.0,457037.0,1754546.0,5842833.0,406418.0,10741533.0,19624846.0,32740763.74076374,16701594.0,9572268.0,1045965.0,1194740.0,46790088.0,2362844.0,4329982.0,9620437.0,42061734.0,68281801.0,11634330.03032913,3475278.0,55177.0,537244.61415785
2024-10-24,495562.0,2891122.33091189,2592417.0,638597.0,18840074.4379004,38987601.0,2364993.56499357,2864236.0,570412.0,396408.0,308382.0,1109007.0,3852193.0,150114.0,6654700.0,10619633.0,23334440.33444034,4076680.0,8654766.0,456672.5,785858.0,27503160.0,856657.0,3314874.0,3956252.0,22711754.0,13229312.0,61182454.62648958,6859721.0,76307.0,901683.14418015
2024-10-27,359391.0,4773955.33987107,6633716.0,1694495.0,18857251.41064566,40087862.0,2477816.27781628,462770.0,320426.0,228651.0,251472.0,5268382.0,5016929.0,158345.0,6017665.0,5415110.0,10582222.58222258,3631304.0,11455235.0,348105.0,1128855.0,186528334.0,409517.0,1903391.0,4174701.0,10255217.0,29241013.0,15918460.04426643,2667990.0,213991.0,1071860.97493431
2024-10-28,371321.0,4948691.83710922,6982074.0,1066133.0,30200833.27338312,69424109.0,11469657.56965757,835154.0,408540.0,466560.0,140490.0,3641640.0,2676126.0,326660.0,13493478.0,3702923.0,10274554.27455427,3605322.0,14908687.0,379427.5,1013966.0,136283783.0,393373.0,3231369.0,9182245.0,6418193.0,57784805.0,9231697.84892107,2597857.0,581384.0,538880.18190959
2024-10-29,1032579.0,1966624.4035237,8119202.0,799440.0,30797917.09115766,39920228.0,2996048.7960488,2826715.0,548980.0,964993.5,167312.0,6005242.0,8118561.0,200847.0,7037602.0,3675672.0,17074919.07491907,10368751.0,8163479.0,338061.25,385229.0,144509252.0,390858.0,2578047.0,3168733.0,12027867.0,33543723.0,22520230.62719101,2268049.0,35699.0,796635.99534188
2024-10-30,740727.0,499142.80663876,3214447.0,446517.0,16429047.37513077,15254350.0,3852569.05256905,1460134.0,2122186.0,1851703.5,71511.0,2236396.0,1750950.0,159362.0,2560702.0,3905471.0,25664104.66410467,10807595.0,14398327.0,333611.25,228279.0,86205582.0,223755.0,674663.0,1187320.0,5940394.0,25317737.0,14157980.3882493,1314616.0,422601.0,517317.36929568
2024-10-31,923502.0,1257169.46808402,5211673.0,1495922.0,24611542.90767725,62962151.0,5820508.42050842,1771793.0,312258.0,1013686.5,105566.0,1056369.0,14427802.0,1154892.0,9739195.0,3064950.0,16464106.46410646,4702898.0,14747191.0,366852.5,4351580.0,93668003.0,204719.0,2051249.0,1226185.0,5683471.0,13056265.0,32170448.40140428,4454224.0,596467.0,613137.26885249
2024-11-03,788923.0,3745697.64167161,6655006.0,614441.0,24257458.89389029,61509333.0,1431244.43124443,400112.0,309500.0,785113.5,91919.0,1092718.0,3848282.0,2856036.0,5314510.0,7052834.0,7399762.3997624,2478565.0,8320986.0,390726.25,1632272.0,66880349.0,100260.0,6958515.0,943123.0,8660747.0,5796942.0,8923560.73227876,1816510.0,258465.0,649178.58520574
2024-11-04,523846.0,985698.30215522,5264480.0,716460.0,16997441.75428326,37240411.0,6089579.68957969,1534414.0,560808.0,551388.0,69681.0,902788.0,7982600.0,1268938.0,20499549.0,3940980.0,19644853.64485364,4251780.0,3906324.0,578582.5,823760.0,41643615.0,142191.0,9454886.0,1864369.0,7776704.0,9899278.0,7933728.96460571,1604720.0,443586.0,603346.97248373
2024-11-05,229377.0,647019.02456905,1841409.0,197758.0,11744714.0348045,27383513.0,3190871.09087109,2356383.0,258450.0,219634.5,137879.0,990492.0,2470440.0,268951.0,5565686.0,2291217.0,31659673.65967366,9277224.0,4268788.0,253010.0,428301.0,25058178.0,385481.0,1998962.0,1240783.0,5820492.0,8941044.0,34505739.57778953,1725967.0,45115.0,753389.56710093
2024-11-06,402098.0,2178959.78010764,1887961.0,635122.0,29910284.47551911,19125088.0,1650495.55049555,1401237.0,755210.0,372319.5,319833.0,1071927.0,7727569.0,467651.0,12533914.0,7591715.0,7786309.78630979,12789078.0,3821232.0,244198.75,534523.0,307339800.0,863577.0,9389313.0,2303580.0,14204099.0,25771657.0,13057591.09275301,2185052.0,281238.0,1194016.98181529
2024-11-07,730040.0,391830.29539578,1803395.0,633554.0,28998931.38565836,11361797.0,4149273.44927345,1558563.0,1512820.0,606270.0,98169.0,1695596.0,7953010.0,194592.0,6747056.0,6034424.0,14709839.70983971,7360794.0,8469807.0,274847.5,388109.0,79057506.0,322523.0,9614517.0,2453478.0,20154970.0,22387159.0,15287995.17266808,7486268.0,100722.0,350067.1733033
2024-11-10,1021359.0,1340379.83916489,2379320.0,1019253.0,15158123.5893881,36337582.0,2033641.33364133,1639440.0,236852.0,568314.0,298416.0,1072057.0,3903711.0,112781.0,7090476.0,1273195.0,11074541.07454108,5471926.0,2643320.0,926658.75,462907.0,128395155.0,150972.0,3919455.0,1120566.0,8602384.0,15430971.0,5368961.36122543,4546186.0,123444.0,254379.63183044
2024-11-11,2053266.0,4270159.75229201,3602393.0,1004607.0,44747067.4443897,82119214.0,4651660.45166045,452539.0,441754.0,4606251.0,213266.0,1508813.0,6335704.0,1407957.0,20457062.0,1237235.0,23959328.95932896,12674212.0,4058513.0,154588.75,548517.0,95677241.0,649292.0,5790713.0,1239889.0,4997753.0,7998458.0,4586341.23861705,3545446.0,804436.0,173166.39225299
2024-11-12,1020655.0,1845886.34569781,7024191.0,1812784.0,75010879.94991013,35597993.0,1897208.1972082,724235.0,7590676.0,2189353.5,173772.0,1357066.0,5788732.0,1607024.0,10756305.0,1247005.0,34110079.11007911,5243789.0,2233866.0,329312.5,376923.0,311751280.0,173512.0,10813856.0,2433850.0,12911294.0,7284390.0,6868384.09966575,5532317.0,469333.0,807293.97248324
2024-11-13,910623.0,1367490.44084319,6992949.0,334013.0,21912753.71881122,16697387.0,2829018.02901803,858699.0,1477336.0,587922.0,158782.0,2420775.0,7276970.0,295068.0,14333475.0,1711986.0,22576834.57683458,6380159.0,2620296.0,216390.0,228923.0,108417981.0,439653.0,6711982.0,1756613.0,16410388.0,6969447.0,2673593.82303129,1823813.0,152270.0,1029282.63987904
2024-11-14,595700.0,1226262.69321012,6608020.0,678279.0,14669192.12359605,13130434.0,2886507.38650739,224880.0,1373208.0,593787.0,577620.0,1120971.0,5019126.0,544848.0,2794689.0,1260246.0,21646782.64678265,1691333.0,3007491.0,411910.0,1564746.0,60752481.0,424189.0,5542465.0,870291.0,5129580.0,3363966.0,6079264.95326103,1738498.0,90342.0,553921.73273623
2024-11-17,500277.0,1434687.06982302,3377938.0,372807.0,17994353.32062779,15754015.0,759557.35955736,467142.0,719266.0,623131.5,184641.0,956721.0,13409812.0,718477.0,6275799.0,1561112.0,14382485.38248538,1862883.0,6097336.0,333720.0,619034.0,60495414.0,91741.0,2253156.0,1794171.0,6015185.0,4672968.0,4787239.16809954,3722148.0,91604.0,358720.87088762
2024-11-18,648963.0,784237.02120421,6622856.0,1318086.0,24814565.90181606,9785314.0,1192803.79280379,671832.0,360932.0,453645.0,309476.0,1043446.0,5102664.0,1359313.0,8341936.0,1010109.0,18471759.47175947,16475299.0,2440191.0,1265516.25,656326.0,88822373.0,211095.0,2632099.0,4039685.0,11235086.0,3680358.0,11752347.53740208,4178906.0,164951.0,238305.47785675
2024-11-19,689719.0,750438.90812505,4512490.0,293884.0,28675294.79971033,18525563.0,1059218.55921856,158816.0,2730172.0,775068.0,266755.0,1025632.0,6465007.0,741221.0,9545475.0,878247.0,14459465.45946546,4583905.0,1286116.0,1070953.75,342387.0,273849650.0,147809.0,1675385.0,1253633.0,4252995.0,4608756.0,5149401.57094774,1934193.0,431589.0,1909767.48140666
2024-11-20,466169.0,618629.2526125,3056003.0,522476.0,18099899.0765627,21440136.0,3026395.62639563,592193.0,868506.0,518041.5,162952.0,860221.0,7617047.0,158475.0,3383588.0,574042.0,9333384.33338433,3568415.0,3265115.0,384850.0,287788.0,146714590.0,185604.0,2222162.0,1065802.0,10790618.0,2597799.0,6867890.38563804,1656036.0,150936.0,126312.68099377
2024-11-21,329744.0,366442.09534889,1297070.0,580242.0,25347756.60317407,25915472.0,2397652.5976526,343273.0,202450.0,679905.0,222161.0,733530.0,4604536.0,265933.0,8480879.0,1170311.0,13818421.81842182,4505105.0,2512408.0,213767.5,306436.0,64603550.0,187405.0,7427184.0,3117404.0,4321077.0,3990327.0,3930540.76325383,1484004.0,114213.0,255230.5052273
2024-11-24,387714.0,477226.96828078,820318.0,259196.0,34662699.94369933,26821569.0,1848301.04830105,57180.0,277760.0,269098.5,104060.0,1003768.0,2708725.0,343464.0,1002387.0,420282.0,19583869.58386958,2889854.0,594259.0,90391.25,446902.0,105140855.0,42774.0,3872005.0,705003.0,4105045.0,2057332.0,7843469.30438261,2247055.0,133502.0,122536.27375711
2024-11-25,549722.0,1125116.37980756,1116572.0,330052.0,28730499.26263494,28306839.0,7641450.24145024,5542607.0,380140.0,1296088.5,184119.0,1043061.0,3044658.0,449508.0,4648360.0,804352.0,11246990.24699025,13243972.0,510867.0,280535.0,499461.0,113333075.0,104208.0,1639061.0,1715525.0,4805406.0,12671868.0,16274368.294887,6243499.0,259685.0,79973.6956166
2024-11-26,514005.0,1146653.28980664,975021.0,419632.0,20917822.98538712,16548216.0,1354211.35421135,630086.0,3124230.0,628920.0,400386.0,531754.0,1621970.0,1043135.0,2041325.0,765758.0,6574569.57456958,20689276.0,11270549.0,243655.0,864029.0,70169650.0,36083.0,1780818.0,1272431.0,4766366.0,7805731.0,9360915.9139094,3703988.0,299949.0,125584.71153202
2024-11-27,624618.0,780167.56028308,1734515.0,591797.0,23654269.38373316,16572736.0,2417651.71765172,1058221.0,402276.0,712885.5,454591.0,587276.0,5010827.0,182917.0,5926832.0,1457731.0,8791349.79134979,3816736.0,9365666.0,701117.5,1139672.0,107358120.0,106349.0,3503536.0,3394898.0,5865203.0,7612951.0,7464919.03725288,1912652.0,321841.0,225983.57051709
2024-11-28,539106.0,620360.84038594,2126558.0,357944.0,17795445.05669189,10106459.0,2596066.3960664,467486.0,175004.0,458568.0,193339.0,892049.0,4262345.0,421085.0,3634287.0,529002.0,12333162.33316233,5307160.0,11297922.0,128590.0,591697.0,66627320.0,318275.0,5440384.0,2409528.0,8196863.0,5256275.0,9158773.77213189,3419480.0,187408.0,484624.9225587
2024-12-01,973366.0,717116.17789616,2402416.0,858684.0,19765338.3771342,18688065.0,1752708.75270875,1044588.0,186536.0,543367.5,249834.0,1130098.0,5561572.0,298851.0,5985557.0,1180780.0,24495681.4956815,11750143.0,16381154.0,166781.25,577128.0,60648061.0,91233.0,11636525.0,1130834.0,39783089.0,29486316.0,15400081.49325806,2052564.0,75536.0,214050.33374143
2024-12-02,557901.0,1179645.3189223,1518698.0,1420175.0,19199910.74546936,18373402.0,4834053.83405383,4700814.0,497800.0,289551.0,170310.0,672899.0,12111740.0,1106419.0,9144138.0,3319145.0,20608754.60875461,5913045.0,6261877.0,1879172.5,2975913.0,77386992.0,433996.0,6378183.0,2304542.0,45915245.0,14388913.0,12232886.15108062,4123792.0,185698.0,313975.43482283
2024-12-03,354282.0,1669179.42099333,1036454.0,488715.0,15235279.28258554,5707126.0,7777391.67739168,5116342.0,6279372.0,1003516.5,203566.0,641002.0,2737731.0,585250.0,4804378.0,652638.0,16860304.86030486,24689822.0,4003232.0,743008.75,1016787.0,121075353.0,216131.0,1849962.0,2043057.0,15274498.0,5068744.0,15089368.59243904,2660298.0,300027.0,781879.11944184
2024-12-04,332092.0,3706982.64606867,708336.0,1243892.0,11111788.39590259,13778128.0,1827446.12744613,4140347.0,334810.0,2189890.5,914899.0,810233.0,7407331.0,584181.0,18157967.0,708027.0,10867597.86759787,5316453.0,5019931.0,134088.75,480650.0,85640068.0,307560.0,21030098.0,4242491.0,45722394.0,22422310.0,14086321.70183676,2381415.0,57350.0,754267.75248337
2024-12-05,326103.0,1596236.86017114,1449328.0,3343085.0,45451543.9197028,7805661.0,3870349.47034947,866503.0,219192.0,1651158.0,231505.0,1220945.0,17481924.0,445087.0,4709199.0,2326860.0,8674469.67446967,3328076.0,18957317.0,565531.25,1827156.0,73055883.0,110116.0,4361017.0,2618718.0,14224504.0,15101380.0,12383826.30965786,2501070.0,132679.0,1177473.27178185
2024-12-08,313068.0,1156790.19754132,1580688.0,540187.0,34929016.17701227,16461190.0,783735.38373538,362239.0,332104.0,973761.0,289395.0,743094.0,4507272.0,2318813.0,7896790.0,5066301.0,29583464.58346458,4097946.0,2501333.0,104961.25,1963288.0,87196447.0,191634.0,6384967.0,1780935.0,20778106.0,20045703.0,10119902.62106292,2993125.0,128218.0,359907.89179928
2024-12-09,531141.0,2223815.71166041,895586.0,521425.0,19602220.16255615,11720971.0,2522149.62214962,3677517.0,261368.0,451224.0,131756.0,1016767.0,10072527.0,804591.0,3798391.0,5212561.0,22488550.48855049,15670545.0,8867218.0,442192.5,892034.0,363009660.0,190951.0,3204072.0,1466085.0,50724007.0,19584394.0,10987517.00335228,2514182.0,782002.0,4167895.13701798
2024-12-10,404221.0,2270844.16580426,1518815.0,482871.0,17824292.06156897,6376218.0,1046487.14648715,741137.0,1629860.0,499905.0,137402.0,1566879.0,5359482.0,1272476.0,7333613.0,1957006.0,18883524.88352488,16146139.0,3530995.0,332983.75,326789.0,542133170.0,161549.0,7516379.0,1203025.0,20988728.0,16282700.0,8657467.40216732,991875.0,479672.0,3283241.01584577
2024-12-11,394842.0,1144848.21289693,795739.0,980073.0,31435807.1925664,5952314.0,2264818.66481867,3297090.0,140090.0,1026111.0,49483.0,415417.0,10451722.0,359306.0,2451820.0,2043339.0,12834300.83430083,3825189.0,1925286.0,369390.0,466000.0,249761377.0,249164.0,18484513.0,1068747.0,14676394.0,54351172.0,8778404.83724327,868152.0,179497.0,1204309.3985343
2024-12-12,978915.0,967613.08502548,1139561.0,1839682.0,25636294.18033989,24293794.0,4167476.26747627,978493.0,773666.0,1851936.0,77993.0,437263.0,4238782.0,929507.0,4201441.0,3418680.0,6813243.81324381,2927591.0,2645315.0,695096.25,518393.0,388989920.0,109025.0,2783913.0,1001314.0,7443826.0,21943700.0,6898525.80432766,1541369.0,316204.0,673475.74776041
2024-12-15,773018.0,1368941.85128458,646926.0,2026310.0,52734448.68332686,13724139.0,1380351.78035178,67806.0,278584.0,808248.0,277708.0,824226.0,5704382.0,191242.0,1248602.0,2226314.0,6338994.33899434,1319364.0,4548422.0,387062.5,287026.0,312925000.0,140708.0,3149086.0,489146.0,11091418.0,6548619.0,14494930.28493203,4101476.0,35525.0,541479.02238344
2024-12-16,856887.0,1845369.62520839,738819.0,883340.0,26932511.85190861,24886041.0,4348271.34827135,182929.0,1025786.0,1129887.0,179372.0,516877.0,10850493.0,261819.0,5792651.0,7302282.0,7504738.50473851,15639447.0,4742491.0,372972.5,460627.0,132270882.0,212377.0,4439802.0,800480.0,11044835.0,8930762.0,33303842.41347112,3941527.0,40851.0,437877.30785884
2024-12-17,1786546.0,1351044.95006654,2471244.0,1735746.0,19704230.80701204,14066000.0,1377638.07763808,338168.0,180870.0,703057.5,78174.0,462189.0,7517598.0,144482.0,5826694.0,13667528.0,8831873.83187383,8266463.0,8484577.0,309087.5,402296.0,296812040.0,218263.0,9420687.0,2894698.0,7862381.0,14946104.0,10714904.79499299,4251587.0,64427.0,741905.92762633
2024-12-18,1240243.0,1751586.00464621,1729665.0,1069274.0,22310219.09902895,8043030.0,2825647.62564763,181820.0,2860380.0,4715025.0,70799.0,639966.0,5125055.0,420416.0,6147922.0,5356319.0,7779067.77906778,2307310.0,3557307.0,881710.0,798516.0,122621191.0,169912.0,21690796.0,7016152.0,7474011.0,8544137.0,8515261.87862714,1238503.0,113303.0,474721.17640369
2024-12-19,876811.0,1478849.44765221,1218746.0,601329.0,18277270.28438188,12143678.0,9735161.53516154,1226965.0,353782.0,1688343.0,177452.0,1351653.0,2690489.0,2962788.0,12481148.0,3010212.0,7895965.8959659,2828273.0,4078200.0,434503.75,286206.0,115134876.0,149274.0,11517849.0,1516176.0,18232851.0,6255756.0,8589806.07866005,6117887.0,451285.0,733748.04762635
2024-12-22,810348.0,1132063.39972089,432686.0,844514.0,23876992.6616443,11893363.0,1357879.85787986,90646.0,111276.0,1684032.0,40575.0,787581.0,1901967.0,277488.0,4407373.0,1951788.0,5965709.96570997,885052.0,2161741.0,315746.25,213237.0,150185975.0,114980.0,5870161.0,1168451.0,2417996.0,65713659.0,6353837.45780003,1707534.0,30525.0,431824.55167034
2024-12-23,467994.0,730206.43029483,1696477.0,1366192.0,38641431.33546225,16015203.0,3563636.16363616,231470.0,254882.0,745261.5,287304.0,866703.0,4554904.0,5375013.0,2762862.0,3674835.0,7222582.22258222,3040922.0,1022679.0,509067.5,292801.0,126189002.0,166261.0,5457382.0,1042804.0,10796591.0,36886321.0,4139891.39456185,3349640.0,372620.0,200660.10758128
2024-12-24,246820.0,1584085.89079547,811302.0,360181.0,22559200.79334159,9817244.0,3455931.75593176,97829.0,104580.0,1815103.5,196999.0,541867.0,1994158.0,984158.0,3040998.0,1771980.0,5718788.71878872,2952171.0,940860.0,218893.75,486332.0,102578232.0,162393.0,2586314.0,1190460.0,14191456.0,21210340.0,5831923.49079166,1195495.0,128749.0,404510.46517028
2024-12-25,384321.0,619497.34303473,1833167.0,324629.0,68690113.00561774,6797174.0,531920.93192093,52262.0,169820.0,854680.5,59645.0,838536.0,2327508.0,293026.0,3570772.0,1080111.0,8536763.53676354,1472640.0,1088924.0,30497.5,212724.0,53801334.0,46897.0,2612598.0,595986.0,6744338.0,23798136.0,3265838.87546081,1347541.0,127531.0,302820.58963615
2024-12-26,266129.0,1282748.28057812,460855.0,472664.0,26522210.44927181,6097319.0,1656950.35695036,65979.0,63746.0,834285.0,80835.0,671911.0,2676951.0,603753.0,840813.0,2846913.0,4589374.58937459,722415.0,1250321.0,140438.75,356715.0,57206420.0,42121.0,4441246.0,499333.0,5653069.0,12093120.0,4603308.85288286,1315814.0,683839.0,291988.23597148
2024-12-29,277862.0,347252.24463955,511049.0,310384.0,31046642.17756925,9623200.0,1255904.25590426,541405.0,298878.0,278335.5,64303.0,822266.0,5203563.0,1173690.0,4115929.0,1643739.0,4255990.25599026,1741329.0,6245313.0,186651.25,316018.0,123944115.0,150624.0,4761277.0,653526.0,12422292.0,13627930.0,3245052.58835337,2335391.0,60631.0,135380.2602057
2024-12-30,594836.0,1354335.88545028,1749445.0,275336.0,64635987.28629402,7608049.0,2926521.02652103,566166.0,287648.0,914641.5,157137.0,1113750.0,2097849.0,984485.0,2023634.0,1797163.0,5552495.55249555,2240838.0,11537579.0,328128.75,346299.0,337463210.0,74168.0,3617948.0,1152896.0,9153870.0,8068100.0,4482126.54623821,1328953.0,81995.0,242780.44164762
2024-12-31,344522.0,443008.58920356,1277099.0,611371.0,64393049.3833352,6919196.0,2844644.64464464,344767.0,134224.0,420930.0,119670.0,1157115.0,1142883.0,689849.0,1422000.0,784599.0,7227523.22752323,1726077.0,3367205.0,306983.75,710119.0,110086992.0,86432.0,1630957.0,1265661.0,7606774.0,10032966.0,3626023.77493799,2829278.0,332825.0,383276.44684429
2025-01-02,371228.0,824343.71732532,740413.0,345946.0,32730360.289198,10116382.0,923461.92346192,102713.0,204492.0,875664.0,90239.0,897664.0,2158984.0,2341484.0,1036615.0,2623991.0,8725820.72582073,1724480.0,3538858.0,274511.25,586413.0,80016142.0,110840.0,3132185.0,854952.0,24347034.0,19109470.0,2360661.19453275,2324164.0,597264.0,461097.74790514
2025-01-05,210408.0,377143.95081868,1216384.0,801972.0,19923550.65381442,8006907.0,856272.75627276,95532.0,166344.0,2284791.0,51125.0,2376742.0,2014979.0,1783650.0,3205244.0,1406201.0,6689745.68974569,903142.0,11960388.0,146786.25,521705.0,42771723.0,117306.0,4736563.0,880323.0,27955860.0,5924410.0,24443429.42605493,1152427.0,228551.0,460844.58680805
2025-01-06,303817.0,509791.84179185,1005215.0,1401580.0,23595895.58813586,26193839.0,1087115.68711569,806114.0,232528.0,2413135.5,74741.0,1353747.0,1750717.0,1143199.0,17691049.0,741217.0,13284214.28421428,18918136.0,5007065.0,212910.0,493483.0,101122433.0,67161.0,1999018.0,694056.0,19561217.0,6895834.0,12141252.5628126,1666539.0,154104.0,504338.92384117
2025-01-08,285086.0,661941.91230353,713591.0,2270354.0,21284687.87340389,73838505.0,2975069.57506958,1660307.0,6135272.0,966130.5,335432.0,3400908.0,1695364.0,860060.0,6911120.0,598576.0,5528819.52881953,4389883.0,1637231.0,45490.0,334867.0,90775863.0,139837.0,1315125.0,870426.0,12615818.0,5774854.0,12122390.83387214,2386825.0,345196.0,246154.5223275
2025-01-09,399268.0,577578.68039738,628476.0,1152144.0,15421878.24558349,39061991.0,633273.93327393,995675.0,431246.0,1310892.0,472710.0,2207023.0,1988544.0,1273325.0,2681305.0,3182940.0,4429507.42950743,2258734.0,6497418.0,199877.5,191401.0,64424780.0,178630.0,1748624.0,1472558.0,13340021.0,4718084.0,7061188.03108011,4886796.0,69083.0,153390.41377248
2025-01-12,1466751.0,1376906.23642819,4615832.0,707509.0,21857742.83728565,30207067.0,2074222.57422257,168465.0,459662.0,1548340.5,328834.0,5292143.0,2977020.0,322405.0,3505746.0,923130.0,6937851.93785194,3752041.0,11541335.0,162488.75,271277.0,63106770.0,122555.0,4991042.0,1639811.0,11594300.0,6471782.0,5192610.15196756,3077581.0,248611.0,536450.46565412
2025-01-13,3240226.0,769800.99899754,5428172.0,710377.0,20024310.89748929,26875801.0,5783356.98335698,648811.0,297210.0,1336827.0,490789.0,4632537.0,4380476.0,230771.0,2360174.0,3381421.0,11103458.1034581,9051683.0,6498202.0,423587.5,290171.0,87879325.0,97745.0,4993326.0,2335423.0,14360920.0,17293977.0,5142430.01120532,2991385.0,201923.0,1753670.02967899
2025-01-14,1132540.0,1601608.45672561,1216198.0,504773.0,19431457.73366243,11768213.0,2393936.79393679,1636133.0,221984.0,1502788.5,524487.0,2193571.0,5260494.0,591984.0,9160103.0,816422.0,10811626.81162681,10780352.0,6036586.0,515216.25,413149.0,103800394.0,197965.0,4575456.0,1679024.0,26079912.0,9402006.0,12686213.57714106,9229868.0,256971.0,1253041.33403251
2025-01-15,1774231.0,1421713.94073528,2330847.0,2912989.0,27764949.00840855,15009169.0,2348770.74877075,1360331.0,3063210.0,710937.0,1744714.0,929574.0,8301254.0,549099.0,12503699.0,1268679.0,57418947.41894742,2558635.0,12347733.0,1502653.75,692358.0,107018857.0,106433.0,3494311.0,3210544.0,9940141.0,5175612.0,10382549.21839113,8332913.0,125475.0,2684647.37931361
2025-01-16,1996803.0,817908.8248304,2027203.0,2106905.0,24299908.36846986,35104553.0,2353062.95306295,222665.0,175754.0,1799086.5,1361172.0,2891017.0,3094006.0,191525.0,5400393.0,830800.0,15332772.33277233,9265555.0,3629841.0,580916.25,787786.0,106964385.0,120609.0,4898821.0,2312350.0,8858828.0,9903540.0,4843379.61520696,4053446.0,167864.0,1896965.51339742
2025-01-19,938693.0,420137.39207403,974663.0,2695145.0,30981464.89617419,63371809.0,515543.01554302,74818.0,1145288.0,722950.5,885247.0,3582127.0,4321282.0,125075.0,3219511.0,377365.0,32415500.41550042,3907756.0,1633983.0,151130.0,1400053.0,131328323.0,98372.0,4959817.0,1315061.0,20149019.0,9565131.0,4940951.00810845,2016772.0,137459.0,402284.53834567
2025-01-20,1294273.0,1948272.78827497,927181.0,2623515.0,16341838.95486213,35307727.0,2024422.22442222,1299986.0,324798.0,2413327.5,657236.0,1642577.0,3863449.0,315777.0,3598585.0,629662.0,27712671.71267171,4190937.0,5421367.0,170217.5,669878.0,100860774.0,66108.0,1642564.0,2365053.0,11334841.0,8809100.0,5049508.53084895,1138582.0,209600.0,233925.05555442
2025-01-21,1347820.0,920878.58742673,590871.0,7215730.0,22957128.74306517,29120200.0,758132.85813286,1614157.0,283592.0,4519581.0,1155449.0,714256.0,3712540.0,1127317.0,6894279.0,526237.0,13657246.65724666,5934556.0,13555827.0,473918.75,690399.0,69716677.0,420013.0,1923013.0,15392435.0,11412118.0,14266133.0,14447112.82390023,1269871.0,85998.0,586671.95482732
2025-01-22,762280.0,2207126.78811987,862741.0,1752772.0,25075934.55472092,33800626.0,1907455.80745581,2313238.0,722352.0,3276661.5,389163.0,1359932.0,2712120.0,291784.0,10295855.0,686113.0,21859545.85954586,7991005.0,7772343.0,6117403.75,264791.0,156592827.0,158231.0,4469108.0,7579252.0,15742388.0,26364513.0,23039237.90249738,2869381.0,113383.0,381735.4205811
2025-01-23,502397.0,1730928.66774691,1154453.0,2440324.0,11891837.02355003,16409807.0,1217958.61795862,498167.0,385178.0,861048.0,451794.0,1301823.0,2458157.0,431951.0,8865019.0,471603.0,17533181.53318153,2617816.0,3873869.0,4696681.25,335012.0,49559559.0,155553.0,1399023.0,2905815.0,11899301.0,9482399.0,8417802.99428425,3783346.0,282499.0,288140.39738792
2025-01-26,682716.0,1549665.41659349,13901243.0,4815974.0,11070138.0073307,14935274.0,1382896.08289608,173388.0,309672.0,759219.0,588282.0,1928364.0,3067681.0,315030.0,3204583.0,571123.0,8402948.4029484,10026607.0,3914887.0,2363897.5,841821.0,153194076.0,70243.0,1148094.0,2018058.0,10805939.0,41443169.0,3510020.83287889,3756147.0,129065.0,488729.0736223
2025-01-27,282147.0,958452.20488192,6314396.0,8093863.0,13192298.85474543,24745765.0,1193172.29317229,149754.0,461950.0,1265047.5,488379.0,1762838.0,3139902.0,2283240.0,3662602.0,1675571.0,14756663.75666376,22522377.0,3643826.0,1898583.75,3974530.0,66679640.0,75716.0,2783108.0,3069410.0,9969522.0,7504807.0,6624433.77751536,1750740.0,287508.0,8198766.04239066
2025-01-28,420250.0,873962.6635228,3413318.0,4698739.0,11659248.97260049,14014662.0,2371800.37180037,711503.0,654708.0,1383751.5,336340.0,560065.0,4110201.0,1187273.0,3071494.0,295483.0,14815505.81550582,7586997.0,11633718.0,935272.5,4220445.0,43265799.0,162843.0,6446765.0,1960372.0,10875205.0,19322509.0,41399733.27265107,1843036.0,145458.0,1147190.58254165
2025-01-29,440319.0,2364912.5567695,2756030.0,1764262.0,13697245.8048885,11452428.0,1644995.54499555,394277.0,258166.0,1300074.0,126483.0,526455.0,5677510.0,144162.0,4313692.0,676624.0,93535692.53569254,7827859.0,5926702.0,801577.5,1453919.0,67954382.0,84690.0,3805697.0,3173054.0,16936876.0,8933376.0,34419134.46027553,3935100.0,248841.0,510494.62520608
2025-01-30,1621483.0,1692698.24113627,1672209.0,5186111.0,9521983.14869419,25882449.0,2199223.3992234,566507.0,1268720.0,2091330.0,267304.0,724697.0,6213374.0,814047.0,4131038.0,784603.0,98183972.18397218,19922789.0,3920215.0,233027.5,1457925.0,29084507.0,22760.0,1353768.0,3894888.0,11979195.0,11351500.0,10181688.35055147,893276.0,78026.0,1601958.25255857
2025-02-02,1143576.0,1853272.00389327,2801545.0,5519218.0,13168137.19500913,21969993.0,621817.42181742,356853.0,469554.0,1515256.5,202906.0,11298215.0,1972710.0,224949.0,2281494.0,1846704.0,36706104.70610471,9445752.0,6215862.0,556215.0,6153791.0,41392775.0,69722.0,2022209.0,1604643.0,8032745.0,12059169.0,21690485.30209369,2440412.0,134775.0,902826.0457305
2025-02-03,355686.0,5446617.47992845,3429382.0,1163052.0,91211932.33042562,11587286.0,2046235.24623525,553964.0,200632.0,2299165.5,394652.0,13628652.0,1843598.0,703535.0,4269581.0,418726.0,41822291.82229182,6202951.0,2796793.0,800733.75,1835305.0,38370163.0,89765.0,2526418.0,1637510.0,12182982.0,7554196.0,9345271.92974468,900063.0,711279.0,680079.99596539
2025-02-04,211161.0,2040386.82752244,1370138.0,1129885.0,60259031.9453427,21279570.0,1441235.74123574,672991.0,154576.0,236274.0,170569.0,4081608.0,1377343.0,146192.0,4595407.0,851267.0,31337818.33781834,6439679.0,4381449.0,1509221.25,739284.0,37794752.0,512757.0,1180224.0,2471233.0,6719110.0,11041142.0,22978909.48975013,1906840.0,121123.0,1620689.02236023
2025-02-05,338931.0,1758096.68281292,1066164.0,802225.0,28726542.09868708,15885851.0,2048460.54846055,375988.0,140516.0,616072.5,176258.0,10122866.0,1606844.0,107655.0,8399963.0,423417.0,22908823.90882391,3683200.0,15880255.0,577936.25,638119.0,14004250.0,24704.0,2284650.0,1277632.0,6198293.0,6477095.0,8234046.07461081,3439531.0,217052.0,411801.71485865
2025-02-06,1662650.0,510026.08841372,3426035.0,1122934.0,18089827.21644624,9171416.0,934072.53407253,923085.0,1466826.0,716041.5,74322.0,2354835.0,1531945.0,1114661.0,4102937.0,211098.0,13462750.46275046,1710164.0,5884313.0,350735.0,1731990.0,46636459.0,52777.0,1290480.0,578932.0,3246645.0,3149725.0,14638671.21938947,3302882.0,114583.0,768896.47214339
2025-02-09,481039.0,3012172.71756694,2617579.0,1808924.0,12588356.40298389,40899302.0,328045.62804563,824024.0,479658.0,803383.5,143558.0,4594660.0,936042.0,84735.0,2392647.0,3382123.0,21064644.06464406,6716041.0,3720765.0,884535.0,834742.0,46546932.0,123121.0,3598643.0,680835.0,5240930.0,16560981.0,3308316.81266483,1121886.0,90923.0,796151.73282836
2025-02-10,1566381.0,1432597.22251025,1769269.0,2797621.0,11654149.45330362,39793511.0,1007108.20710821,555380.0,10087044.0,1200142.5,359607.0,5200503.0,1239863.0,519228.0,1484576.0,720451.0,26373128.37312837,6726605.0,4334757.0,6169521.25,585703.0,242379938.0,527492.0,1804545.0,532639.0,4254460.0,5559786.0,4608628.52225912,1972548.0,118228.0,460061.99337514
2025-02-11,2229482.0,1800931.66311817,3888916.0,1213313.0,16974473.09619222,27155679.0,1888854.78885479,1738143.0,673330.0,2744686.5,538628.0,4222986.0,1549642.0,1569079.0,4683692.0,1005669.0,20120711.12071112,4797462.0,4932594.0,361706.25,551664.0,425628440.0,202637.0,3015108.0,860186.0,15666326.0,7233726.0,8035190.50637429,5656171.0,105145.0,582533.13855126
2025-02-12,870639.0,851206.2931687,4482605.0,827908.0,11257914.21534841,13473610.0,3705514.30551431,251213.0,4483880.0,1767486.0,152539.0,1685318.0,2360277.0,1201019.0,7097686.0,1672113.0,24539124.53912454,8562218.0,4511442.0,222663.75,442356.0,143242201.0,59057.0,1709964.0,979750.0,11259539.0,20656535.0,10474626.22274302,6230972.0,245340.0,604036.07488909
2025-02-13,880610.0,1617693.39142741,2892979.0,3545398.0,9378229.8268599,11434553.0,1271065.57106557,3077404.0,175618.0,1048606.5,221122.0,4238365.0,3635520.0,1300919.0,11120228.0,819112.0,17600276.6002766,11949520.0,2226562.0,2386645.0,485129.0,89961835.0,116243.0,1377600.0,1144407.0,9142065.0,8380367.0,7453879.96220983,1252936.0,84686.0,282525.68342965
2025-02-16,967316.0,1033746.41806486,7037166.0,1130186.0,10673168.96081633,26691780.0,743180.54318054,209210.0,200930.0,1993392.0,251683.0,7289685.0,26742335.0,94040.0,4131942.0,439558.0,13335196.33519633,7965150.0,3032870.0,2273316.25,739082.0,64653378.0,78940.0,2536471.0,1338930.0,11732085.0,8042173.0,16170538.77886758,2040381.0,82421.0,842449.75022716
2025-02-17,835433.0,2465206.85549838,2071585.0,3914369.0,80842628.76697022,62363495.0,2917330.51733052,3556946.0,815126.0,1639162.5,111507.0,2441465.0,8643551.0,1924918.0,5472160.0,2605252.0,14122556.12255612,6928593.0,3496914.0,873627.5,824764.0,127723538.0,211674.0,1609149.0,899168.0,7959552.0,8554239.0,4529574.71447181,3461690.0,60175.0,470227.30431511
2025-02-18,1247931.0,1463917.37377569,4541935.0,714410.0,43712624.72156918,61366913.0,1774839.67483968,431360.0,290814.0,2553340.5,295926.0,6084766.0,5078072.0,2198108.0,6760826.0,713055.0,9200628.2006282,18569552.0,1778642.0,606723.75,245631.0,91754233.0,51921.0,2006592.0,780693.0,6656774.0,6012088.0,7376986.31874749,3226106.0,387288.0,5558535.30485391
2025-02-19,1340371.0,1650938.03944901,2390978.0,703625.0,66358346.2710235,72217556.0,2603853.3038533,1062993.0,399522.0,813135.0,192939.0,2329480.0,4157027.0,1497931.0,10152759.0,885000.0,26098463.0984631,25244006.0,5308977.0,763628.75,298895.0,53676828.0,55249.0,10339855.0,3309147.0,16868251.0,21871725.0,21944026.64795654,3027913.0,196107.0,1940183.5791918
2025-02-20,448398.0,719672.22191717,2072657.0,1382297.0,43168473.036227,77006677.0,2080608.08060808,3769226.0,1473578.0,1182117.0,975260.0,7476909.0,10960733.0,1578908.0,9118858.0,688461.0,23769029.76902977,10338968.0,2860412.0,1732631.25,372644.0,44169757.0,89955.0,14387286.0,3950020.0,31682256.0,6825300.0,22815610.59691906,3466499.0,13196.0,2709550.65785592
2025-02-23,410606.0,759280.56983293,1704124.0,1342714.0,17420213.40053279,24946397.0,785945.28594529,207060.0,269666.0,1297573.5,1335944.0,3153107.0,2082547.0,819425.0,3941183.0,1492055.0,20114942.11494212,7063848.0,8639793.0,2657797.5,623043.0,68376847.0,75698.0,6021373.0,2768419.0,11483850.0,3402133.0,6887473.4929836,2465076.0,117711.0,1132938.9783748
2025-02-24,251718.0,624609.43107673,1109368.0,872742.0,17840370.572422,5813870.0,2086911.08691109,3497790.0,102652.0,384114.0,557758.0,3699596.0,1276513.0,443530.0,1672344.0,1125834.0,9274455.27445528,13768985.0,951626.0,2096268.75,445085.0,50945025.0,202772.0,13537835.0,2675570.0,5406346.0,4123468.0,3636447.36198403,2412325.0,91517.0,735496.01470334
2025-02-25,321145.0,2297190.02115821,2749679.0,1231269.0,21829266.1131079,8822059.0,2736047.03604704,1147796.0,1797440.0,1425813.0,403994.0,2842939.0,15516645.0,723152.0,4213596.0,777828.0,17211404.21140421,11886163.0,14161071.0,333832.5,302256.0,54724256.0,142020.0,13451656.0,2583131.0,13813021.0,38454282.0,48635629.88803362,1346416.0,15747.0,597591.49675364
2025-02-26,335747.0,3300403.99963706,805661.0,1179004.0,19676308.94114666,10668938.0,3003485.9034859,1268919.0,1304224.0,4077475.5,987263.0,1419254.0,4887607.0,373688.0,18443556.0,715566.0,13082188.08218808,13682331.0,6253767.0,528896.25,252254.0,64062050.0,106989.0,6428132.0,1555586.0,5243805.0,13655777.0,23450325.64477199,3169590.0,35380.0,638900.87494051
2025-02-27,735199.0,702117.5044899,602479.0,467781.0,56680345.0,16427033.0,5766143.06614307,3593226.0,214976.0,7088415.0,661519.0,1279907.0,5782910.0,1379122.0,6986462.0,594520.0,11975267.97526798,11293892.0,1925986.0,1343058.75,271200.0,40159225.0,187690.0,6469509.0,3855551.0,21647445.0,9639133.0,23619633.81826199,12456509.0,45687.0,1073541.71250835
2025-03-02,182866.0,523752.48114826,378608.0,409622.0,27716048.0,8981781.0,1152848.45284845,674482.0,205754.0,1847869.5,217572.0,583705.0,6216537.0,191227.0,7871557.0,907599.0,9748842.74884275,10372249.0,1397615.0,561190.0,116876.0,22160472.0,42226.0,5627561.0,3888684.0,11539226.0,4508509.0,12293381.34122062,2336633.0,84606.0,704996.93050048
2025-03-03,1711138.0,1687558.59466817,1138817.0,68638.0,15453925.0,4139502.0,3546113.14611315,636564.0,1225564.0,1617064.5,279272.0,1387564.0,20717558.0,441142.0,19311951.0,532364.0,70296823.2968233,13786522.0,6835180.0,2017900.0,506000.0,19845590.0,172188.0,3461624.0,1205819.0,11753812.0,5273187.0,12887969.21892905,1836180.0,600479.0,582510.02840961
2025-03-04,1218394.0,291258.11587037,2013415.0,449393.0,40059142.0,6574100.0,1472292.07229207,581733.0,193296.0,1660759.5,399423.0,1029984.0,6805674.0,740636.0,12234879.0,575446.0,14886464.88646489,13136240.0,1962193.0,1200846.25,448839.0,30454985.0,399753.0,3433603.0,5434516.0,5565788.0,3682413.0,15664027.89534555,1437251.0,27788.0,983093.87042255
2025-03-05,725533.0,409435.53660424,1890705.0,441144.0,35249384.0,3303543.0,2102450.8024508,163194.0,255066.0,1165504.5,353987.0,718878.0,5625667.0,994516.0,12681184.0,388503.0,7392607.39260739,11827730.0,1579548.0,457666.25,139930.0,36256915.0,52548.0,3913985.0,6616978.0,7168641.0,4936707.0,17796578.64914759,1573227.0,181938.0,379073.55244822
2025-03-06,641963.0,1020458.66361246,6005793.0,891011.0,12989456.0,7625884.0,1007305.10730511,6481028.0,107252.0,3122343.0,466403.0,1163850.0,11510062.0,211513.0,7844718.0,189333.0,7088788.08878809,19853579.0,1024176.0,1377660.0,96808.0,47113899.0,160228.0,4297505.0,5637382.0,11258309.0,11328551.0,8757660.90629906,1052020.0,160212.0,553579.28245552
2025-03-09,605063.0,1000295.08184749,1323974.0,1297552.0,32023908.0,9201846.0,1689554.38955439,117487.0,124278.0,2701512.0,196578.0,661929.0,13733421.0,438620.0,2161634.0,376761.0,11957180.95718096,13045104.0,12376782.0,431115.0,242848.0,51199767.0,82645.0,7098771.0,1150185.0,17252349.0,5673725.0,24382725.10235896,1160665.0,43649.0,1191158.67747845
2025-03-10,345021.0,1055168.50128851,1958407.0,1305391.0,44422420.0,3204788.0,3302178.002178,3991347.0,839994.0,2026242.0,206020.0,1706607.0,15436326.0,242700.0,4621314.0,341241.0,20387366.38736639,9320061.0,8564503.0,351932.5,150947.0,74719918.0,76178.0,3301182.0,779247.0,13919414.0,8017106.0,13860244.35694132,2530298.0,87865.0,421331.49690344
2025-03-11,192706.0,1071721.92923405,722929.0,2307274.0,11742362.0,5052381.0,654511.65451165,3645856.0,488754.0,1294434.0,236193.0,964759.0,9110452.0,25202.0,3567384.0,473589.0,24902049.9020499,8532323.0,5539795.0,782453.75,371756.0,28226301.0,78146.0,3190154.0,782293.0,13613700.0,5995556.0,9694478.64116346,2826534.0,58716.0,458462.14129686
2025-03-12,513214.0,829837.03026175,881090.0,1035930.0,27723426.0,8374528.0,2256263.95626396,3656788.0,260848.0,6462976.5,814207.0,894404.0,7823583.0,134598.0,12539465.0,3965569.0,17230019.23001923,9631233.0,8651803.0,1546271.25,129915.0,17713581.0,35926.0,8498004.0,1400838.0,28989175.0,6458849.0,16650731.92508974,1704398.0,62111.0,467176.76561824
2025-03-13,363174.0,2192399.10590361,2569862.0,584806.0,28544496.0,28230963.0,3408213.70821371,4270168.0,391674.0,4791544.5,467325.0,1773806.0,7469131.0,269312.0,14915600.0,1214271.0,11009411.00941101,5520336.0,16237560.0,1137397.5,191970.0,76783323.0,98753.0,4084416.0,1261877.0,21255835.0,7513521.0,19091818.20819452,3621229.0,202922.0,852690.69435797
2025-03-16,193221.0,3118862.8676871,2459563.0,465205.0,69057255.0,34608200.0,1016029.21602922,303715.0,760480.0,6812214.0,271843.0,1046425.0,4052725.0,121897.0,10900267.0,63859.0,25308160.30816031,8175719.0,4098040.0,291251.25,1678721.0,23748371.0,47778.0,3487322.0,1021014.0,6678280.0,11479510.0,10247614.39499621,3991453.0,128927.0,422627.76575741
2025-03-17,228896.0,812821.99867899,1467947.0,377583.0,35600967.0,28542307.0,1984491.08449108,160167.0,174544.0,5395648.5,281334.0,1630818.0,4494442.0,166614.0,6792636.0,239822.0,18906543.90654391,9582309.0,1745546.0,2291227.5,921862.0,22438693.0,142968.0,3035338.0,2034903.0,6141375.0,8972770.0,7362508.45270183,1341775.0,79832.0,1290980.83338343
2025-03-18,342490.0,1209011.11846998,2874941.0,207841.0,114829758.0,13962584.0,1378591.77859178,1416466.0,223774.0,3959035.5,569600.0,1340486.0,5992490.0,245285.0,3005939.0,1197048.0,45361734.36173436,8182754.0,14134390.0,1239021.25,351077.0,48062981.0,52914.0,6293333.0,1913296.0,25746838.0,17065844.0,15393164.20234979,3908903.0,84625.0,626533.79777855
2025-03-19,506371.0,1227144.56284539,2345822.0,448788.0,69650933.0,11849149.0,969917.16991717,724644.0,544358.0,3216945.0,218442.0,2813758.0,8066709.0,52364.0,3734966.0,1130545.0,27989163.98916399,15315312.0,18359819.0,1189057.5,156044.0,204158436.0,78733.0,3921209.0,2182279.0,23476471.0,11752887.0,28685579.18770621,3379468.0,437027.0,536754.04887843
2025-03-20,462581.0,900949.25228363,1627420.0,190424.0,27136335.0,20503166.0,6104684.90468491,1294079.0,802102.0,1801720.5,281642.0,1133413.0,4271130.0,204438.0,18527388.0,1034864.0,15415332.41533242,8369811.0,3874063.0,1974063.75,252569.0,185819529.0,67933.0,3734396.0,2835766.0,8653634.0,4840993.0,10391188.55206091,1623177.0,233084.0,415859.64563896
2025-03-23,254505.0,1484521.8903583,2560381.0,598710.0,20372471.0,9419313.0,2377807.47780748,171414.0,191810.0,1365405.0,133041.0,876927.0,2230855.0,147800.0,1976524.0,540002.0,15657924.65792466,3570797.0,8504520.0,842181.25,734928.0,256176496.0,102748.0,1757186.0,1980759.0,17767136.0,8545187.0,5723833.20947685,1390098.0,175603.0,396757.01264905
2025-03-24,380735.0,1087547.35542339,884078.0,622541.0,23100310.0,9678516.0,1955155.15515516,895752.0,241708.0,5935369.5,132978.0,1478500.0,5173709.0,436901.0,1157210.0,565098.0,12072933.07293307,3550213.0,4148140.0,875485.0,196975.0,169262754.0,126211.0,2788314.0,2124008.0,9881658.0,6972738.0,4496118.64003678,2682707.0,576480.0,597277.40891949
2025-03-25,255158.0,602493.79412951,950549.0,280242.0,32793771.0,4970636.0,1583059.98305998,222759.0,261442.0,3640129.5,404448.0,988638.0,1779617.0,28348.0,1478925.0,866895.0,13063378.06337806,4420824.0,9489390.0,767605.0,124429.0,127408163.0,63830.0,2236476.0,2885534.0,11192139.0,9758389.0,13201463.06659045,1416929.0,231288.0,1076597.50351014
2025-03-26,476692.0,412303.9094544,692753.0,133909.0,48519898.0,8185479.0,2147253.84725385,5308444.0,204388.0,1974129.0,212988.0,1897361.0,1066702.0,218556.0,1407257.0,5773055.0,10132645.13264513,6708981.0,4157586.0,1774793.75,261151.0,71696494.0,149555.0,1719668.0,1124377.0,10897294.0,8718892.0,7153364.30768957,891736.0,77062.0,661932.23200973
2025-03-27,270521.0,1857148.55583168,3197265.0,241126.0,27710787.0,5064941.0,1992665.19266519,963894.0,158432.0,1463505.0,249764.0,1304792.0,722751.0,1696567.0,4524433.0,2789408.0,19376776.37677638,5468262.0,1934045.0,1893927.5,373686.0,69249908.0,204180.0,3213046.0,1826510.0,8706688.0,3794897.0,8487167.82973161,1263328.0,104670.0,388172.64548966
2025-04-03,242683.0,331096.11733698,976870.0,59994.0,16273150.0,6392234.0,1994476.89447689,230257.0,105624.0,1289886.0,142346.0,1149147.0,2114466.0,205563.0,3734985.0,1288726.0,15826017.82601783,1541082.0,2291490.0,1410520.0,154653.0,37194837.0,59094.0,2176009.0,710685.0,7122451.0,3368489.0,3842852.91631714,2182182.0,80422.0,245052.58875552
2025-04-06,522887.0,995851.28563847,2396227.0,882006.0,88199228.0,14954138.0,1280796.18079618,196821.0,468560.0,4155141.0,269108.0,1475991.0,3790712.0,719506.0,7216966.0,2410817.0,74590940.5909406,3872130.0,6496610.0,1362848.75,329269.0,109374357.0,150402.0,4734856.0,2620555.0,18460939.0,7296333.0,8282570.35411659,3099749.0,379106.0,795662.21800992
2025-04-07,1028305.0,1247050.9326334,1545157.0,742153.0,57770470.0,8593625.0,2763647.16364716,264604.0,291288.0,10232623.5,355009.0,1582668.0,1754563.0,426974.0,10478972.0,3601070.0,46389304.38930439,4582284.0,9777724.0,3669960.0,140333.0,125767815.0,84587.0,6750560.0,1949361.0,15802160.0,5792880.0,20347256.21010182,6511372.0,314911.0,752363.26671979
2025-04-08,1378884.0,646029.21776487,1958451.0,165358.0,22276488.0,13133225.0,2290818.29081829,6849685.0,233636.0,2535532.5,150604.0,1453782.0,2561364.0,214751.0,5753960.0,1143586.0,33611217.61121761,4521461.0,1877321.0,1278291.25,706121.0,108601113.0,61143.0,2181931.0,2382692.0,8457010.0,3470011.0,7288914.61908149,3095585.0,298034.0,748420.88664769
2025-04-09,470078.0,516173.91397008,3023429.0,260378.0,53389412.0,7920732.0,1244646.84464684,5152834.0,231548.0,3195778.5,170078.0,1615096.0,6664865.0,60460.0,5591648.0,2565697.0,33495081.4950815,3422897.0,9882734.0,1199020.0,457792.0,82977741.0,169355.0,3534095.0,1037815.0,15578796.0,19599631.0,12755913.291004,3246608.0,212227.0,843501.26167192
2025-04-10,540330.0,200512.81178599,1114355.0,238862.0,20052361.0,12664588.0,2007434.90743491,376460.0,110866.0,7501329.0,173795.0,1042409.0,2260558.0,211419.0,7187464.0,1889274.0,24562938.56293856,3713749.0,8808207.0,1096832.5,318204.0,162278255.0,96066.0,5239328.0,1142062.0,27431637.0,6785414.0,12914394.17026712,2750677.0,229472.0,509945.23411156
2025-04-13,354603.0,153500.4333907,948811.0,832790.0,21548609.0,5612434.0,785930.98593099,260849.0,69750.0,5257078.5,71049.0,1290569.0,2541357.0,105357.0,1731572.0,2023582.0,12881025.88102588,3369299.0,6486964.0,623052.5,122925.0,107060173.0,15847.0,2769848.0,1317339.0,18933676.0,99859664.0,10058226.75287275,1867160.0,17325.0,354383.51748562
2025-04-14,225085.0,528109.00900795,825106.0,581928.0,24280981.0,55367484.0,1006917.90691791,399603.0,146830.0,7916484.0,293296.0,3139376.0,2375675.0,646359.0,5762841.0,3137754.0,16723669.72366972,17303350.0,3768839.0,1743632.5,1348850.0,88627094.0,61887.0,3490634.0,1717583.0,20194248.0,30169482.0,7900438.34393332,1742346.0,72461.0,310279.91308192
2025-04-15,272190.0,943157.27839506,989169.0,2308198.0,37676743.0,26503718.0,2038319.63831964,450756.0,84148.0,15447588.0,73461.0,2522960.0,5234830.0,352625.0,3750577.0,888876.0,23893442.8934429,4860965.0,4096325.0,1044956.25,591620.0,84047596.0,240453.0,7507014.0,1332193.0,18390123.0,67114503.0,8879490.46806314,2972386.0,176220.0,1592016.68980815
2025-04-16,291338.0,671229.10190006,903053.0,92331.0,47431484.0,6531437.0,1225093.22509323,725291.0,137112.0,5923347.0,99837.0,688557.0,3304579.0,184420.0,3422831.0,531702.0,17437868.43786844,3305839.0,9830894.0,439816.25,160195.0,282617150.0,52160.0,3411131.0,1185757.0,13333191.0,24538089.0,13994680.17178813,892034.0,239667.0,284269.44866272
2025-04-17,334985.0,917941.31851131,946018.0,131804.0,30823341.0,11667540.0,2285109.28510929,758083.0,270396.0,2695297.5,240026.0,1334527.0,1185463.0,303369.0,1878017.0,1209274.0,12194847.19484719,6378872.0,12935942.0,1958575.0,534515.0,77611667.0,57551.0,2195431.0,594420.0,12667442.0,35066725.0,13050132.43713339,1141701.0,157444.0,339220.11318486
2025-04-22,570969.0,195747.50060577,577672.0,21323.0,41767290.0,4299478.0,1243077.14307714,400312.0,234880.0,2604774.0,119977.0,1448944.0,5152057.0,677416.0,2280653.0,2270048.0,19483699.48369948,1929620.0,10760190.0,1985903.75,130367.0,157732761.0,105632.0,1301178.0,1146972.0,12649730.0,20232333.0,15125411.04009159,1385974.0,231845.0,585341.02076088
2025-04-23,654763.0,390996.65300618,899798.0,154394.0,93055014.0,13373756.0,2838404.33840434,1658508.0,157708.0,4579297.5,377281.0,1747169.0,1430708.0,531824.0,9813429.0,786885.0,13449520.44952045,2496497.0,4550682.0,1829425.0,120200.0,58132690.0,71656.0,3430409.0,3287357.0,15612192.0,38168381.0,11623444.49637781,5320965.0,235043.0,888314.97770066
2025-04-27,339165.0,344670.93872795,1480355.0,210735.0,99363802.0,28692100.0,1776178.37617838,57480.0,440972.0,6991089.0,278360.0,5483528.0,5868566.0,154378.0,4766511.0,627633.0,10083487.08348708,3838900.0,5231358.0,3414595.0,62692.0,33557850.0,111088.0,6437196.0,2345222.0,30424570.0,24330093.0,18750591.66265518,2584334.0,593679.0,1017464.9538116
2025-04-28,679698.0,925577.2990772,1075330.0,552715.0,31466454.0,42666830.0,5345589.54558955,1299280.0,528654.0,1775098.5,97002.0,1952591.0,10479492.0,146420.0,4995370.0,607013.0,13623526.62352662,10054672.0,5901200.0,5196323.75,317922.0,305838390.0,180484.0,5059047.0,1879785.0,10917063.0,40258960.0,26037702.1739089,1237831.0,215759.0,1277880.5344548
2025-04-29,814802.0,387903.21967618,991939.0,271302.0,26734903.0,24426522.0,865506.16550617,286462.0,172778.0,3510124.5,413369.0,4072194.0,8827435.0,420497.0,12958073.0,1121271.0,15865821.86582187,6207776.0,1847519.0,3285780.0,582788.0,34461981.0,371529.0,2134502.0,1494821.0,10149431.0,21462657.0,24913058.68044033,5697225.0,66701.0,925205.06652879
2025-04-30,686493.0,393878.8050694,919533.0,130885.0,23393021.0,26855451.0,2085334.78533479,1237900.0,92808.0,2143479.0,151106.0,2001860.0,4668292.0,651606.0,5507526.0,243096.0,9193047.19304719,1850261.0,4376782.0,1243680.0,1272913.0,93576871.0,42670.0,1973865.0,1644719.0,15307188.0,32755565.0,34639205.17177224,1447961.0,293561.0,363578.20247659
2025-05-04,1330977.0,760130.28797108,1021861.0,91590.0,30303797.0,56175219.0,861472.46147246,114270.0,292886.0,4660180.5,116067.0,2576219.0,3833417.0,700022.0,1479313.0,222436.0,37100611.1006111,1782707.0,3063374.0,840847.5,518520.0,32388358.0,64141.0,5983951.0,1190739.0,36574914.0,19503578.0,22682457.3796402,4830916.0,288758.0,484650.13362231
2025-05-05,724671.0,4214939.5559892,1183647.0,278430.0,38990495.0,36289414.0,2709533.70953371,1016437.0,202592.0,1364388.0,226493.0,1631119.0,1952877.0,1792295.0,1493344.0,283824.0,12854556.85455685,3013883.0,16949039.0,2083721.25,598800.0,162732769.0,202514.0,3818283.0,4063587.0,46507692.0,12084754.0,18173772.19542372,4793116.0,213179.0,3011551.88792472
2025-05-06,1146000.0,577479.92937051,1077811.0,59511.0,20505754.0,14435604.0,2545679.74567975,85242.0,121520.0,1979430.0,313934.0,1554448.0,4888861.0,150923.0,5317104.0,406781.0,9145881.14588115,5145003.0,8936200.0,7656248.75,159714.0,68969215.0,54983.0,4043699.0,606621.0,21378702.0,11578335.0,22186939.24410768,1330819.0,282080.0,456026.12227549
2025-05-07,847112.0,2067508.91187828,2178055.0,1508600.0,149812747.0,10782608.0,1900016.5000165,16766279.0,739858.0,3473526.0,151682.0,2552987.0,5743535.0,1201418.0,7430154.0,1494350.0,17152979.15297915,3421104.0,10807532.0,7245342.5,567951.0,294896930.0,74347.0,4735923.0,930539.0,24475812.0,9869738.0,17994400.46227517,6238439.0,234643.0,622698.5647268
2025-05-08,232222.0,1138900.18592981,1987974.0,892298.0,45198395.0,22099653.0,892629.99262999,85834.0,392062.0,1442593.5,163718.0,1328634.0,2203497.0,219453.0,3148848.0,598865.0,7935640.93564094,1767804.0,8224105.0,6334103.75,1232244.0,104521887.0,48740.0,3590096.0,868022.0,20831946.0,10116766.0,16716086.16133082,2531467.0,104369.0,670644.75540914
2025-05-11,372619.0,1037524.21897641,780150.0,3156745.0,45939998.0,11958159.0,1939284.33928434,139530.0,252220.0,1163682.0,275714.0,850351.0,2453380.0,281958.0,4465427.0,270184.0,12673446.67344667,2081854.0,9546353.0,1437378.75,509430.0,158666893.0,123240.0,2707263.0,324443.0,17106795.0,5040924.0,8310926.48177213,3581534.0,195184.0,761373.07057761
2025-05-12,426010.0,3198729.48306754,804418.0,2080070.0,13424752.0,31696567.0,5302967.8029678,74820.0,197412.0,1831665.0,216320.0,1298636.0,1971954.0,524963.0,3282149.0,266607.0,11539514.53951454,4464762.0,8492489.0,2184155.0,611725.0,155390572.0,116019.0,1970735.0,245409.0,10108959.0,10470876.0,8495314.77300379,2451524.0,150594.0,652570.52372235
2025-05-13,685760.0,3389298.29610156,1006016.0,60625.0,20812748.0,12378188.0,2627595.72759573,541322.0,98916.0,1635516.0,126460.0,944210.0,2489832.0,258173.0,6982353.0,104701.0,11775959.77595978,5342487.0,15992211.0,2976481.25,1386508.0,105037075.0,93398.0,4124737.0,293257.0,9145993.0,8454792.0,24796343.62538684,1477330.0,67235.0,1005385.70295919
2025-05-14,740650.0,991719.81825861,1394587.0,491612.0,95184469.0,6065574.0,2501003.2010032,133244.0,55338.0,1380387.0,126147.0,470221.0,5812021.0,58369.0,2073739.0,677083.0,8944331.94433194,3489745.0,13697355.0,2542553.75,884781.0,108614878.0,63278.0,3185144.0,492186.0,6101920.0,2670710.0,19251888.76720904,2160902.0,208164.0,367420.78875523
2025-05-15,272345.0,1167609.17632205,1142816.0,50247.0,15372601.0,7335189.0,3398938.4989385,167272.0,83288.0,1875808.5,132622.0,1302116.0,9084897.0,85387.0,5272702.0,921719.0,11994536.99453699,4049253.0,10114555.0,13689820.0,417221.0,51989076.0,41601.0,1213971.0,627828.0,5971096.0,5152716.0,20435995.01933877,5206500.0,164442.0,415297.64901264
2025-05-18,675429.0,1226329.29273986,1334047.0,50979.0,20967394.0,5387991.0,1144840.44484045,551639.0,250708.0,2292532.5,219579.0,5145628.0,6153603.0,37401.0,2312159.0,385822.0,10129279.12927913,12398551.0,9392062.0,1667331.25,1004590.0,85818156.0,15318.0,2472423.0,321935.0,3304099.0,2729091.0,32697247.88711574,1806283.0,507105.0,1784157.55881103
2025-05-19,594871.0,437418.82177578,778296.0,72578.0,18165768.0,5446248.0,2985878.18587819,148996.0,383294.0,2090305.5,402621.0,3147201.0,3881993.0,969295.0,6012553.0,173401.0,14543225.54322554,10004581.0,5688113.0,831896.25,584082.0,78645157.0,98716.0,1842623.0,433425.0,8115961.0,12289271.0,6789528.8363936,3575898.0,252654.0,2575374.22593762
2025-05-20,239969.0,238582.48091102,1025570.0,94239.0,201841834.0,12793681.0,4516195.31619532,827231.0,90506.0,1445793.0,217910.0,1824259.0,3041810.0,257817.0,19235980.0,190977.0,8286041.28604129,7146587.0,14722576.0,1534691.25,718096.0,55515061.0,75790.0,930549.0,1304730.0,14618092.0,9120574.0,8515253.93684654,2662190.0,88614.0,2428570.20253339
2025-05-21,1368089.0,3368916.54346328,1275784.0,500229.0,115223876.0,10348382.0,2135983.23598324,270994.0,233436.0,3863272.5,131920.0,4315217.0,9070014.0,902265.0,10992870.0,631318.0,10813498.81349881,9047929.0,5130137.0,2032971.25,12980656.0,81183130.0,111605.0,7447852.0,574526.0,19767627.0,3922245.0,11678258.66612394,5922740.0,221029.0,1692553.1591821
2025-05-22,1657663.0,2066206.77624494,898300.0,453792.0,222598696.0,8495528.0,1182211.88221188,804579.0,140486.0,4088083.5,595556.0,2189272.0,4867124.0,391577.0,5984402.0,465585.0,28345729.34572935,6521390.0,10622159.0,1099500.0,3156248.0,91028581.0,64098.0,2362547.0,533284.0,30840718.0,14126244.0,10998339.00305875,2133255.0,328797.0,4476558.39064587
2025-05-25,1643499.0,633914.99295733,1475881.0,146915.0,127027004.0,7843613.0,1873068.67306867,27235.0,77426.0,5117344.5,741729.0,1250730.0,2551785.0,305892.0,9277130.0,588819.0,25458508.45850846,2100666.0,5099628.0,918451.25,931746.0,166114486.0,23865.0,1652572.0,1479187.0,37809794.0,7688313.0,14680750.74393306,2722609.0,116351.0,644480.92368631
2025-05-26,699847.0,1131548.97576698,768602.0,310775.0,105653691.0,5465800.0,1509631.60963161,203800.0,122470.0,3005367.0,901995.0,1362926.0,6576192.0,256173.0,5606719.0,974078.0,38648030.64803066,4315363.0,11793482.0,1751192.5,1371942.0,108435270.0,33370.0,9159234.0,1046554.0,30151936.0,15978914.0,7964520.57164725,2882276.0,87179.0,757944.36592657
2025-05-27,618671.0,1338074.11751432,680933.0,69500.0,202305268.0,6288453.0,826620.02662003,503077.0,146780.0,1342153.5,256076.0,1773895.0,2439562.0,1221249.0,6537777.0,5014691.0,24723102.72310272,11406004.0,13089550.0,1933151.25,396018.0,93425575.0,94336.0,4465777.0,963882.0,51644405.0,46447842.0,7769522.06152529,7994813.0,95279.0,825417.57583627
2025-05-28,1105472.0,3055108.74543457,949336.0,92867.0,103906142.0,14096150.0,1324197.82419782,204648.0,278998.0,1328844.0,201718.0,1495545.0,8480037.0,336672.0,16677000.0,1535073.0,22417516.41751642,8944964.0,15714228.0,4234525.0,359833.0,108203306.0,110433.0,9579780.0,952670.0,21441492.0,13890569.0,7230059.40663675,9068553.0,150140.0,2317611.05927845
2025-05-29,971406.0,2280236.99603418,966066.0,943483.0,84563792.0,6464662.0,8604494.60449461,1028374.0,767558.0,1282552.5,92246.0,1200580.0,6787483.0,1172465.0,7721710.0,317441.0,29578352.57835258,8884276.0,5945973.0,1400140.0,1096665.0,117694211.0,45721.0,6008781.0,645902.0,60422691.0,5812360.0,7895382.07694717,6978173.0,158407.0,867607.24032754
2025-06-01,583557.0,1105671.61365677,596934.0,504337.0,104700434.0,10765515.0,3880780.78078078,286628.0,107956.0,1033938.0,271460.0,687631.0,2370710.0,149147.0,5296936.0,2639295.0,38248133.24813325,4881599.0,4091810.0,940080.0,1010351.0,69830029.0,57726.0,1854529.0,805678.0,22252306.0,8557168.0,5637645.0354447,6847137.0,44580.0,785329.88377353
2025-06-02,648049.0,5689806.8110696,917190.0,374589.0,31324347.0,7270696.0,2967189.16718917,1266121.0,333366.0,1769450.0,339266.0,1421398.0,2970399.0,410031.0,10796138.0,1056609.0,25541863.54186354,8432941.0,2993438.0,1237663.75,625330.0,47079706.0,248340.0,3852630.0,640375.0,28328730.0,5958414.0,7523281.85930003,3583758.0,60674.0,331503.42679806
2025-06-03,379774.0,1837074.53895155,912765.0,718136.0,45340735.0,5343945.0,2026059.02605903,1181917.0,140090.0,1044408.0,143897.0,3629155.0,2857849.0,363186.0,10364916.0,1387583.0,13343041.34304134,5620107.0,3438315.0,1476660.0,843339.0,46582842.0,392918.0,5462670.0,569108.0,24498623.0,16674725.0,3872495.61243094,2265094.0,64539.0,533429.33986479
2025-06-04,592659.0,2497712.01908623,796879.0,371827.0,98998827.0,39435027.0,2472300.87230087,3977620.0,287068.0,1942234.0,201572.0,2892976.0,1886682.0,226168.0,3349775.0,546747.0,13235938.23593824,3298015.0,1799742.0,1038620.0,227798.0,89264749.0,30969.0,1456065.0,727703.0,23712719.0,40254103.0,2596475.16245177,1802048.0,120106.0,1690972.21540152
2025-06-10,1118897.0,4680919.24161692,1734371.0,306006.0,64885095.0,19294847.0,13376631.57663158,952972.0,329516.0,1030453.0,86976.0,1409173.0,1773071.0,230741.0,7888239.0,299259.0,17683820.68382068,11060966.0,9701086.0,2787545.0,209023.0,128119967.0,77162.0,2234090.0,2751786.0,29689740.0,27079040.0,14290052.19973557,3269193.0,125206.0,1916770.90478547
2025-06-11,1795271.0,6180653.38318377,1733392.0,228364.0,69701826.0,15564170.0,3361165.56116556,1084116.0,550914.0,1306183.0,330469.0,1448928.0,1446554.0,127344.0,2974185.0,307449.0,16323559.32355932,7708939.0,4022154.0,881897.5,476547.0,119531298.0,216076.0,5372863.0,2542286.0,46691378.0,64186378.0,17685400.33880695,2522345.0,131656.0,2357269.11279883
2025-06-12,1313367.0,4469369.2801769,1427616.0,446646.0,82211446.0,13617303.0,1976342.27634228,824656.0,203067.0,1083659.0,455489.0,1763350.0,1822289.0,423410.0,7909616.0,636289.0,15575559.57555958,14366965.0,5323019.0,1371686.25,617399.0,93729401.0,100809.0,1976856.0,1506466.0,32859266.0,22547358.0,8212890.49470516,1980487.0,398998.0,1498915.38327734
2025-06-15,2076053.0,3208811.27395002,1684670.0,295520.0,131669323.0,29572172.0,3582541.88254188,713467.0,326288.0,1801777.0,217685.0,1552874.0,6982562.0,1056798.0,12981026.0,1094927.0,17464256.46425647,11893839.0,5496070.0,1418988.75,216394.0,65781063.0,223260.0,9505629.0,1235428.0,28500084.0,16062052.0,6100335.82084021,3366956.0,318371.0,1130677.33587674
2025-06-16,1067858.0,3412817.1162445,1061994.0,411787.0,109765925.0,11156461.0,4267111.06711107,741800.0,532569.0,1485793.0,218022.0,948692.0,7030903.0,436817.0,5433196.0,2947227.0,10528306.52830653,4871656.0,2610255.0,1619610.0,484161.0,36862198.0,552375.0,6075853.0,781709.0,27953155.0,26403994.0,5351952.71442649,3155312.0,333875.0,639243.32522122
2025-06-17,797541.0,1925463.59760417,878677.0,1070568.0,49753387.0,10549180.0,3090019.69001969,3282901.0,511840.0,1013130.0,345795.0,1091145.0,3952947.0,421466.0,8786148.0,798728.0,16971091.97109197,4264277.0,2606986.0,832368.75,863509.0,53071187.0,198030.0,4326874.0,908816.0,17716471.0,13118213.0,3974004.80488316,2619875.0,409021.0,2328551.61042444
2025-06-18,610150.0,1512456.94828416,848276.0,418371.0,64211600.0,19878510.0,1514807.11480712,630080.0,492339.0,1182097.0,133058.0,1253255.0,2989041.0,363927.0,6714396.0,733922.0,9874350.87435087,3229359.0,1365274.0,918800.0,916041.0,65665261.0,492404.0,2502420.0,1616688.0,9115770.0,17583361.0,2856970.86086572,2027067.0,226763.0,866151.30140403
2025-06-19,572742.0,974371.78902711,1033667.0,372384.0,39516233.0,18453963.0,9227306.42730643,6196509.0,145345.0,1518337.0,175092.0,1439592.0,4036408.0,105609.0,30894460.0,666960.0,13847095.84709585,17759008.0,1535097.0,1952087.5,1021924.0,165260249.0,85807.0,2910333.0,592821.0,12716381.0,9523635.0,2123678.46123447,12060377.0,76805.0,831968.25053108
2025-06-22,408343.0,1919120.56652959,1047359.0,240175.0,109142350.0,13463307.0,1771267.97126797,1095533.0,106511.0,1067438.0,90394.0,1756793.0,2933855.0,210096.0,9377232.0,1693349.0,11150033.15003315,7264124.0,4823035.0,1178290.0,486439.0,186407648.0,160646.0,4680269.0,808747.0,15735057.0,25277167.0,3490630.97552809,2378515.0,86923.0,537136.41667653
2025-06-23,1425250.0,3116333.23382445,7001870.0,182440.0,124275503.0,18411731.0,1303735.6037356,3049843.0,2023082.0,2716552.0,126860.0,2664964.0,3161035.0,3583698.0,13186253.0,979693.0,15706164.70616471,19235616.0,5026786.0,5666121.25,325002.0,167427612.0,853610.0,4167277.0,2104028.0,16552613.0,79537907.0,2796954.82482232,2578868.0,171474.0,578795.59837099
2025-06-24,1184487.0,1769442.71649285,1669330.0,388313.0,90495961.0,21758227.0,4403762.003762,1498449.0,1029243.0,3218269.0,313445.0,2761287.0,8126284.0,500237.0,16146041.0,939788.0,17115803.11580312,12006757.0,7681950.0,3839193.75,788769.0,248578762.0,711485.0,13057996.0,3602032.0,36666340.0,60395449.0,3954550.08965741,7360302.0,152874.0,1233401.91547989
2025-06-25,833208.0,1072239.79799123,1469392.0,624514.0,78599936.0,30653805.0,2448094.24809425,2358984.0,638805.0,1705394.0,405866.0,1622689.0,3884347.0,302714.0,6593882.0,666168.0,9396156.3961564,8581614.0,5549786.0,3700316.25,905559.0,227427017.0,340491.0,3772147.0,2558121.0,35596285.0,39301244.0,7363731.48691523,2282903.0,71223.0,1460908.65442345
2025-06-29,994006.0,3831195.36211898,3508114.0,206762.0,58313945.0,16673902.0,3023117.62311762,539849.0,969307.0,2197420.0,560418.0,1618768.0,2289305.0,1110453.0,6325307.0,3329482.0,21912705.91270591,6896579.0,5772803.0,3463048.75,733064.0,188338600.0,639427.0,5569915.0,1412719.0,23574898.0,556154920.0,4349760.8888695,2029488.0,166953.0,866349.83852997
2025-06-30,698204.0,1302105.77837959,5450817.0,338449.0,92940013.0,21371852.0,5544926.24492625,4335332.0,221045.0,2300579.0,202649.0,1217029.0,1435687.0,1078876.0,13062241.0,1128511.0,8862770.86277086,4336578.0,5439782.0,1570357.5,341347.0,136382097.0,623300.0,4899553.0,1672348.0,18316695.0,126266564.0,3632910.62235393,2347347.0,193424.0,740705.25072187
2025-07-01,604699.0,1154561.40983029,1685796.0,96054.0,78478323.0,6503708.0,986768.08676809,19413700.0,1145545.0,1729430.0,96249.0,669841.0,869690.0,126918.0,4496811.0,994984.0,8067404.06740407,2414572.0,8458677.0,1441543.75,301590.0,96556948.0,502394.0,2922652.0,1131237.0,12219281.0,67043144.0,11810742.12657165,1741601.0,115440.0,713231.49415228
2025-07-02,936429.0,713708.11920149,852752.0,76441.0,38560025.0,18836225.0,2030591.03059103,1878694.0,794444.0,539880.0,88914.0,1135949.0,2484548.0,223423.0,3011559.0,961921.0,8790224.79022479,3954379.0,3989169.0,2338456.25,355100.0,334413810.0,1701474.0,6816132.0,1470201.0,19332783.0,29387461.0,7808492.37896144,1180068.0,173656.0,667063.73391546
2025-07-06,585431.0,421542.87180525,1284724.0,764955.0,56430116.0,16276206.0,976200.37620038,276587.0,894034.0,2406463.0,241556.0,1259049.0,1640884.0,319393.0,8310697.0,727342.0,14488478.48847849,3965531.0,11433065.0,1072567.5,444373.0,195247668.0,324132.0,5535981.0,1016467.0,14187171.0,31774548.0,4627201.69983754,1346269.0,287849.0,697662.61191178
2025-07-07,1241852.0,2232633.25974545,9442763.0,276746.0,49971847.0,112337343.0,1213281.41328141,503996.0,2193166.0,805393.0,659601.0,18447202.0,1660428.0,1295561.0,10606162.0,378052.0,10098142.0981421,7256517.0,2808045.0,1366828.75,242818.0,305686940.0,180002.0,3195607.0,978399.0,7242342.0,92598840.0,4282819.62013722,2219959.0,61520.0,1439128.39638591
2025-07-09,608792.0,818565.63398584,5083683.0,128054.0,27431531.0,71741535.0,1960657.36065736,3499807.0,27523728.0,620068.0,506853.0,5084838.0,1059406.0,335334.0,8671550.0,3395174.0,5269790.26979027,3513196.0,3358046.0,5524061.25,69334.0,219239103.0,334697.0,2294286.0,796575.0,11242930.0,18902465.0,23002357.59699085,1674661.0,59068.0,1178254.81475378
2025-07-10,1596825.0,1858148.69704565,1891772.0,315410.0,31349917.0,73367420.0,2227682.62768263,5763420.0,1188028.0,363512.0,334416.0,2964267.0,1735396.0,308315.0,6344969.0,2738088.0,13131031.13103113,9015472.0,2832411.0,7572358.75,133730.0,111199517.0,327934.0,1959804.0,882871.0,12132592.0,33278571.0,8196523.80850525,1228349.0,96100.0,2217254.21873272
2025-07-13,826426.0,516915.69493934,2607197.0,204502.0,17694761.0,32850579.0,525775.22577523,181300.0,1087596.0,758491.0,149597.0,3900762.0,2510953.0,1616533.0,7968348.0,3278031.0,10772473.77247377,2637398.0,2682134.0,1574348.75,160777.0,97063754.0,217472.0,1326837.0,1982036.0,11947029.0,10082936.0,10252642.86575023,1201910.0,288184.0,1205332.54753249
2025-07-14,853288.0,1855975.02618682,5986754.0,836737.0,40343310.0,29644441.0,4870176.77017677,3467070.0,756504.0,609166.0,119427.0,23509334.0,1875843.0,1042289.0,10766314.0,797696.0,6329865.32986533,7307074.0,3737390.0,1774135.0,209682.0,100097073.0,446038.0,1698556.0,5154810.0,9464770.0,43058008.0,5845548.93905223,2154254.0,480675.0,486073.50825533
2025-07-15,3879200.0,3946404.51070807,17035464.0,167772.0,65835001.0,36966049.0,3332415.93241593,4108214.0,942570.0,1026241.0,228400.0,15098143.0,2478722.0,714881.0,7280394.0,1196378.0,48897510.8975109,6484688.0,4416295.0,5253493.75,84823.0,133210540.0,308278.0,2584306.0,1154396.0,16997652.0,26385483.0,7981677.46501752,1374972.0,480675.0,583596.20506683
2025-07-16,2645987.0,3563056.46921307,44218112.0,210052.0,48750701.0,26395889.0,2039283.23928324,284486.0,1158206.0,4149976.0,214671.0,23272124.0,6103949.0,218937.0,6107260.0,2599984.0,12950061.95006195,3824352.0,7674334.0,2386298.75,140185.0,188010254.0,356716.0,3043800.0,999843.0,6774672.0,33003424.0,9586179.22629267,1729523.0,226919.0,526834.54580867
2025-07-17,772644.0,747926.49827871,18047070.0,514989.0,35236991.0,23540288.0,3023433.32343332,8564932.0,3967231.0,625259.0,163132.0,17376384.0,3982707.0,164629.0,7322972.0,2731336.0,12497895.4978955,4268014.0,5632036.0,1685733.75,216514.0,138686448.0,367582.0,2713110.0,811448.0,8189910.0,33245983.0,4561141.96875259,1562861.0,49200.0,1186908.5123381
2025-07-20,933683.0,2348239.70897751,12842334.0,890374.0,62808314.0,18365117.0,1255320.15532016,187806.0,2621458.0,1144389.0,250471.0,4607701.0,4042796.0,188087.0,4405707.0,1074770.0,11251667.25166725,2559142.0,19633257.0,1214191.25,913918.0,246876673.0,226994.0,7203329.0,943896.0,8753504.0,18919593.0,8863730.00444952,1860401.0,101131.0,1658914.24709874
2025-07-21,1061400.0,1337826.0916794,20391084.0,255406.0,56107195.0,33220272.0,4057635.65763566,5206651.0,2889339.0,2291499.0,79680.0,4290473.0,3186046.0,258995.0,4784446.0,1935806.0,12199248.1992482,6471666.0,28448502.0,1738711.25,423752.0,209941988.0,202522.0,4828235.0,938415.0,18612000.0,25837295.0,48488041.16087231,1613171.0,81060.0,1079015.66469479
2025-07-22,1351126.0,783196.69061884,33608017.0,2216102.0,46241843.0,13200893.0,1951356.85135685,564653.0,3127620.0,734385.0,78934.0,5183900.0,1085985.0,844405.0,2517182.0,1705800.0,7653328.65332865,2376243.0,5465989.0,2424256.25,635860.0,150161153.0,167624.0,2025673.0,528059.0,17171277.0,12468705.0,8269033.58907279,1032947.0,167281.0,394649.7879156
2025-07-23,841396.0,2468167.08976889,12703816.0,3527162.0,41276868.0,11939089.0,1314714.71471471,1840792.0,1213722.0,783514.0,84392.0,3845686.0,5433711.0,638872.0,3088058.0,1287738.0,5741162.74116274,2884845.0,4118974.0,594721.25,691079.0,389241230.0,848546.0,4427763.0,576207.0,15383909.0,7882455.0,4100938.28431702,1107691.0,535471.0,2647393.0
2025-07-27,1000169.0,2860055.94682014,14420544.0,512293.0,63832816.0,12747514.0,2716742.01674202,96944.0,1977152.0,1346852.0,70141.0,6939780.0,5910921.0,631265.0,8777250.0,544949.0,7238824.23882424,2555818.0,3293347.0,643953.75,502995.0,235852960.0,136711.0,4351684.0,642500.0,14054471.0,5608801.0,3388891.47143829,1189103.0,524965.0,3233086.0
2025-07-28,1136470.0,5042739.55925488,20391971.0,723275.0,69546891.0,11719395.0,5891208.79120879,1237138.0,1250842.0,1187268.0,83781.0,3387399.0,2644581.0,462021.0,5293741.0,2301402.0,13479325.47932548,7158961.0,6501187.0,1043722.5,304781.0,198024583.0,202018.0,3759461.0,1169988.0,22909268.0,8593504.0,5615369.66447354,2312563.0,269065.0,1424954.0
2025-07-29,813858.0,605385.13233476,9663171.0,172348.0,58682751.0,7576066.0,5311567.61156761,2368786.0,4421667.0,925985.0,78704.0,7822178.0,1741034.0,1283811.0,3501102.0,1788569.0,7320052.32005232,4208077.0,4947982.0,1052667.5,488848.0,223352722.0,380658.0,3970079.0,644860.0,23765287.0,9565954.0,3522748.85993092,1958145.0,173353.0,887581.0
2025-07-30,703454.0,1523021.01162343,16906679.0,770068.0,175170935.0,15139376.0,3191888.59188859,1448094.0,3351942.0,899606.0,87103.0,7456520.0,3296973.0,222633.0,7769343.0,931439.0,9113238.11323811,9689884.0,8706611.0,881330.0,1154159.0,326385860.0,511125.0,3526633.0,797990.0,27141468.0,20673084.0,3968130.53449454,872519.0,426430.0,798921.0
2025-07-31,575036.0,662527.52885821,10810829.0,1089647.0,148924654.0,15745869.0,2034899.73489974,955240.0,1987593.0,755516.0,94663.0,5832668.0,1700567.0,407551.0,1540267.0,2297794.0,4950373.95037395,3332269.0,3333126.0,500725.0,1050894.0,250990265.0,267340.0,1577414.0,981016.0,20130114.0,10132292.0,5744467.27912267,561126.0,257952.0,486050.0
2025-08-03,1227523.0,660558.24965964,6506737.0,667008.0,57255621.0,5271475.0,552049.85204985,184448.0,2742960.0,1277073.0,71179.0,2207805.0,1399036.0,865369.0,579273.0,559640.0,4885954.88595489,1718443.0,857442.0,1011332.5,784988.0,138077107.0,44465.0,1823638.0,532252.0,11294788.0,7614424.0,5778462.07100884,678975.0,57560.0,436500.0
2025-08-04,585685.0,878917.43888247,10355159.0,293444.0,43090099.0,37446645.0,2134916.23491623,1197748.0,2384729.0,3535860.0,63108.0,7312128.0,3329800.0,523827.0,4354403.0,340007.0,8453435.45343546,11178470.0,1017660.0,1310578.75,407763.0,197348749.0,76361.0,1977533.0,1290140.0,12525591.0,4822027.0,4757076.28535601,1762976.0,318526.0,477181.0
2025-08-05,488421.0,1204165.42854696,9791961.0,308988.0,50681713.0,13308568.0,6892778.49277849,1461187.0,3226262.0,3203926.0,124853.0,18079954.0,2366626.0,450013.0,20132617.0,920020.0,24428589.42858943,8695775.0,1757445.0,913081.25,366087.0,106045134.0,114586.0,2871826.0,883256.0,8442378.0,20405371.0,3883338.79021903,1850376.0,137366.0,3215262.0
2025-08-06,927032.0,1416732.75521726,8338193.0,315395.0,103648903.0,8273371.0,2337013.93701394,749337.0,2818439.0,2518927.0,66641.0,5814313.0,3668091.0,1612298.0,12330774.0,1053255.0,9435753.43575344,5754901.0,1350710.0,1451803.75,1363735.0,256652334.0,463785.0,1316785.0,1012771.0,14005166.0,15689176.0,2482631.06108754,2198177.0,99002.0,896594.0
2025-08-07,2727461.0,759837.47969375,8616779.0,154459.0,69615485.0,8335018.0,2735671.93567194,733243.0,1822075.0,7186666.0,47226.0,6152894.0,3214649.0,611025.0,5824470.0,730073.0,8232722.23272223,8776913.0,1268077.0,1559705.0,706260.0,295745150.0,96615.0,1610696.0,656630.0,6785749.0,27985855.0,2082268.69352203,1719895.0,15292.0,845289.0
2025-08-10,1917152.0,4046652.87872678,4421056.0,618297.0,55621895.0,9434056.0,1211077.01107701,89554.0,2718760.0,6569186.0,81491.0,3152876.0,2127744.0,428921.0,5450015.0,358175.0,14552141.55214155,6969515.0,1218574.0,799748.75,644951.0,231774571.0,47587.0,7933210.0,1447026.0,15499040.0,15106798.0,3038602.03059682,3346047.0,169904.0,714654.0
2025-08-11,761519.0,11883211.70766453,10647703.0,148953.0,60486585.0,10612014.0,5014723.51472352,998793.0,1409449.0,4862852.0,58087.0,10096041.0,1157784.0,319911.0,3832341.0,1679136.0,16158820.15882016,7791161.0,14463559.0,1170100.0,373695.0,252714232.0,109216.0,3697435.0,1117482.0,13732621.0,16232470.0,11081383.55560083,2024664.0,342185.0,1106381.0
2025-08-12,598579.0,7174605.43395668,5433186.0,399778.0,58087477.0,15797769.0,1553326.95332695,4224195.0,13125699.0,2681969.0,41394.0,6236964.0,1783459.0,532502.0,6706361.0,1032228.0,7415047.41504742,12446045.0,8248940.0,4985241.25,407504.0,60479782.0,263726.0,3012280.0,334373.0,9504333.0,6492040.0,10888006.4923527,1224349.0,681807.0,708637.0
2025-08-13,564735.0,4140718.97315651,4790572.0,129690.0,31185891.0,42316348.0,1709991.30999131,59530.0,1901796.0,4245296.0,226590.0,4502049.0,1861424.0,196518.0,4382502.0,1265829.0,5137844.13784414,6190473.0,4487803.0,711853.75,633259.0,78787293.0,125667.0,2691033.0,1775749.0,5133956.0,17905013.0,16197790.99901882,695098.0,891346.0,2288945.0
2025-08-14,498140.0,1928908.40086698,3005252.0,787105.0,48412481.0,20482658.0,1320983.62098362,198165.0,1362018.0,3873808.0,289040.0,3406612.0,2119134.0,187146.0,4667983.0,734213.0,5441180.44118044,6294650.0,2923654.0,3495055.0,456925.0,47454732.0,43964.0,1980117.0,667763.0,6671576.0,10727712.0,8518143.42135721,1326831.0,331592.0,683873.0
2025-08-17,414062.0,1387645.98473387,2830524.0,75575.0,110268587.0,22711243.0,458212.05821206,55234.0,1220930.0,1464411.0,62515.0,2611740.0,794960.0,480937.0,1564151.0,1352088.0,5506166.50616651,7374403.0,4738888.0,341901.25,242450.0,215352410.0,34841.0,1473272.0,489839.0,10838222.0,8267561.0,4332773.42015217,484799.0,333542.0,899111.0
2025-08-18,232820.0,2541126.87460739,8767109.0,521142.0,54230649.0,11176429.0,5622389.42238942,768742.0,1073858.0,1203290.0,60422.0,16125334.0,2092436.0,2022801.0,2539987.0,3242203.0,8077883.07788308,12600815.0,2617940.0,975372.5,1130791.0,142545165.0,56262.0,3538424.0,477782.0,22889262.0,29934061.0,4307030.13831617,2445135.0,769629.0,3488164.0
2025-08-19,774873.0,2431040.1484701,10076452.0,1077287.0,74984703.0,11948443.0,5457325.45732546,172223.0,374496.0,1212976.0,82638.0,4486670.0,972971.0,419822.0,6536057.0,1201074.0,5859602.85960286,17193960.0,1086465.0,505187.5,750751.0,256887664.0,198598.0,4290563.0,1703538.0,24338066.0,9037045.0,3767591.30876944,844024.0,395469.0,2071443.0
2025-08-20,772713.0,4043809.76776721,5976452.0,1815485.0,74705651.0,21327855.0,1999954.8999549,541626.0,595984.0,1032025.0,272368.0,6019268.0,3199859.0,314689.0,5924204.0,1278348.0,4521235.52123552,23789582.0,5396977.0,4943891.25,662798.0,253876961.0,153719.0,1700265.0,1383535.0,18025591.0,9870206.0,6579635.51674413,1864019.0,514570.0,1119811.0
2025-08-21,240688.0,1850822.74877341,2832588.0,388208.0,23150394.0,7512211.0,1981005.18100518,349304.0,2380132.0,1023641.0,61430.0,2625045.0,1417900.0,594740.0,2309707.0,584343.0,3576666.57666658,4603628.0,5961913.0,1331772.5,387067.0,133500864.0,76049.0,1578438.0,524524.0,12942409.0,4708988.0,9313310.23369378,1011275.0,473612.0,1680049.0
2025-08-24,546314.0,1461626.57960592,2398241.0,468429.0,81506019.0,9391092.0,709286.20928621,123936.0,443218.0,2756498.0,144761.0,1763263.0,1155146.0,152175.0,2106503.0,1121027.0,4511860.51186051,6930190.0,7748869.0,584453.75,531970.0,94722428.0,18118.0,2833028.0,622314.0,4174552.0,9965027.0,7021010.56299177,806699.0,211079.0,4431632.0
2025-08-25,386111.0,2206804.12488092,2425029.0,342288.0,61291128.0,10264406.0,763979.36397936,186104.0,300151.0,4607750.0,99844.0,9993594.0,981363.0,285203.0,1046602.0,246741.0,14480363.48036348,2192314.0,2436086.0,1269482.5,231593.0,141401828.0,219910.0,1008713.0,365330.0,12966181.0,5573989.0,8155529.66064454,1405329.0,119715.0,2008550.0
2025-08-26,340922.0,1185208.67619173,2648596.0,163433.0,156787725.0,9186402.0,14110912.01091201,2292321.0,227660.0,1963315.0,64703.0,4063837.0,2658869.0,1087739.0,2644599.0,946623.0,9579957.57995758,3599223.0,5202364.0,796516.25,264673.0,146985118.0,53007.0,1932387.0,350344.0,10527883.0,13167672.0,15778414.68505122,3679630.0,49742.0,2097999.0
2025-08-27,312776.0,1259312.13571349,2079599.0,281409.0,55458620.0,34477948.0,1476002.37600238,568900.0,358223.0,1598790.0,77161.0,2103444.0,1249220.0,1168024.0,1292240.0,1149371.0,5315003.31500332,2784776.0,3250185.0,608625.0,275646.0,176520998.0,229797.0,1762889.0,534943.0,7065274.0,13157038.0,4598493.48657511,2197475.0,463539.0,838938.0
2025-08-28,295445.0,639300.36872485,3410705.0,248019.0,43777198.0,6145874.0,1565892.26589227,579061.0,131211.0,1388833.0,45744.0,3457715.0,3308750.0,429991.0,2073736.0,445915.0,3938133.93813394,4644905.0,2719801.0,811883.75,154497.0,56402995.0,94476.0,1127391.0,536160.0,21796398.0,5502386.0,4942156.83513054,1360103.0,111220.0,628932.0
2025-08-31,516601.0,2048782.96134166,2186391.0,390990.0,24957758.0,7703009.0,753632.75363275,67450.0,301827.0,1174806.0,77528.0,2592726.0,3407273.0,243207.0,3132249.0,484037.0,9151416.15141615,4591119.0,3243364.0,1030648.75,317666.0,125582690.0,479305.0,1532079.0,910418.0,31543294.0,5037914.0,9945993.50934155,568257.0,188960.0,1244863.0
2025-09-01,395449.0,738445.25143171,1844989.0,163778.0,14767602.0,5905290.0,7141840.74184074,117632.0,183676.0,1238579.0,58934.0,1107358.0,3094199.0,288107.0,2620846.0,603116.0,6646521.64652165,3832795.0,5779322.0,1867158.75,202258.0,43749742.0,204760.0,1382772.0,488657.0,20825734.0,4644735.0,9304719.87433773,531645.0,279037.0,509359.0
2025-09-02,1893792.0,1008912.83134328,1615393.0,48930.0,44329030.0,11714944.0,1623618.12361812,901241.0,188996.0,576464.0,52482.0,1230062.0,1450193.0,290930.0,1438439.0,505420.0,19392748.39274839,2112627.0,1599338.0,2112417.5,171228.0,82715212.0,148169.0,1232155.0,415647.0,10364693.0,4921165.0,10429706.18800249,1390993.0,371597.0,531352.0
2025-09-03,735886.0,1154690.01581877,2089598.0,101342.0,54709138.0,11093810.0,1850886.05088605,361246.0,181534.0,2093313.0,107479.0,1236885.0,1931329.0,496960.0,4493316.0,1093849.0,16233811.23381124,2932207.0,8996428.0,2162411.25,168735.0,45228432.0,157070.0,4493373.0,460223.0,13456191.0,5694817.0,9493518.50106621,2012563.0,540803.0,434962.0
2025-09-07,922030.0,502848.26668179,1516134.0,151720.0,36214581.0,6651937.0,441939.74193974,64566.0,92245.0,843243.0,273389.0,4434583.0,20996072.0,534883.0,2276076.0,764902.0,10572364.57236457,6437537.0,3964967.0,591531.25,102831.0,81387248.0,205555.0,6511379.0,1238874.0,19448782.0,6017616.0,16342101.09441973,1378105.0,148692.0,623801.0
2025-09-08,1125034.0,1842341.64314038,1761846.0,485911.0,29737241.0,24790449.0,5123249.62324962,127580.0,239779.0,4282466.0,132236.0,1828697.0,15335096.0,632965.0,4702021.0,460273.0,8035820.03582004,18602362.0,2249870.0,439647.5,198587.0,425616970.0,96773.0,3436390.0,389880.0,12172569.0,5392133.0,8283751.03216675,726098.0,59151.0,454363.0
2025-09-09,681282.0,939316.32275703,1918538.0,631041.0,56688453.0,15145852.0,2985187.38518739,566179.0,97931.0,1824587.0,243063.0,2457148.0,4279738.0,307838.0,3054796.0,390351.0,22395283.3952834,5623424.0,1319675.0,942610.0,533138.0,247182324.0,83213.0,1645460.0,234379.0,14998534.0,5036679.0,6747988.02930115,1198298.0,14681.0,661971.0
2025-09-10,328371.0,626005.72466592,2134598.0,275096.0,70229687.0,8582248.0,1002351.8023518,91442.0,104008.0,1326365.0,56417.0,2009710.0,2445910.0,83241.0,3229839.0,362077.0,12865149.86514986,2757307.0,2449523.0,1216645.0,59083.0,107429727.0,194755.0,1412529.0,452828.0,8551756.0,8599604.0,3760926.83121048,1244581.0,56111.0,606946.0
2025-09-11,549151.0,577423.66425055,1345377.0,471136.0,56024514.0,10670377.0,1300462.000462,779326.0,381372.0,1656767.0,150763.0,3616739.0,1947957.0,576570.0,6017122.0,736639.0,9071082.07108207,4579816.0,1985863.0,2694406.25,141806.0,123281544.0,659789.0,486610.0,453302.0,16633207.0,12704560.0,16291939.4844789,545233.0,113889.0,283230.0
2025-09-14,754377.0,823642.12572746,1047843.0,212755.0,80980909.0,14429470.0,1262584.56258456,163306.0,73006.0,855650.0,114376.0,2941991.0,3072835.0,570474.0,2557773.0,939522.0,41635037.63503764,1581510.0,3741634.0,774200.0,89924.0,230031047.0,323981.0,522174.0,212400.0,15358977.0,8839404.0,6684061.98993914,946602.0,126354.0,707092.0
2025-09-15,1388146.0,688158.01340125,1464675.0,669302.0,25405890.0,10517307.0,2624268.22426822,728352.0,140579.0,2787080.0,123169.0,3988657.0,5428302.0,328453.0,4517568.0,1068330.0,12896349.8963499,5928111.0,4528693.0,908781.25,176277.0,216531582.0,440968.0,2146887.0,807631.0,8559259.0,18023747.0,4834744.25242749,1342643.0,145869.0,896836.0
2025-09-16,1114736.0,665045.68004332,2412521.0,383577.0,25084329.0,36914691.0,3526665.12666513,76856.0,343287.0,2294099.0,173977.0,2339803.0,3553296.0,812265.0,2167427.0,1007718.0,16106899.10689911,2887349.0,2431332.0,1406882.5,131578.0,143607247.0,477513.0,1917118.0,460875.0,13184510.0,16511420.0,3937822.0524399,1423332.0,351265.0,698105.0
2025-09-17,448343.0,458208.20946682,2554650.0,85901.0,22841502.0,29466997.0,2425290.12529013,116854.0,658556.0,1289470.0,216734.0,1094522.0,1471069.0,395891.0,5359326.0,1161891.0,8662211.66221166,951919.0,1414087.0,422730.0,48311.0,211783078.0,123779.0,2909247.0,207454.0,9377669.0,7832246.0,6801335.61689528,1885160.0,221017.0,387397.0
2025-09-18,1145682.0,2079147.75383555,2019258.0,162573.0,55961076.0,11606987.0,3823505.92350592,1677066.0,100315.0,2249214.0,236284.0,2474586.0,1199878.0,401976.0,7646783.0,1617586.0,17582894.58289458,15670336.0,2808482.0,1482458.75,71550.0,111236080.0,337215.0,1310881.0,865207.0,12703793.0,4012296.0,3262783.9371875,1232779.0,102139.0,364027.0
2025-09-21,676848.0,799120.86783505,990317.0,125290.0,35802133.0,11706971.0,717147.91714792,235059.0,125870.0,1550186.0,126566.0,1118794.0,1238111.0,102464.0,6215479.0,893372.0,8885639.0,1664899.0,4652959.0,500671.25,94845.0,101495182.0,359058.0,1625096.0,569921.0,13129358.0,3288470.0,9996595.88810603,1813081.0,126895.0,888697.0
2025-09-22,923858.0,1018298.77196668,1307901.0,143705.0,27393895.0,8911580.0,4383685.88368588,111345.0,208689.0,958484.0,62009.0,858396.0,1420230.0,413082.0,6481066.0,329253.0,3899298.0,18317923.0,11641582.0,1213802.5,53696.0,99690087.0,622287.0,1284326.0,262482.0,7016521.0,7480656.0,2930044.50785633,515501.0,156155.0,359997.0
2025-09-23,1366176.0,786198.2625285,1156973.0,176419.0,109587586.0,8685047.0,1305922.40592241,144154.0,167648.0,5616384.0,115528.0,1095753.0,2540294.0,171241.0,5875299.0,1498299.0,11013794.0,3593474.0,8086472.0,6584836.25,50630.0,163523977.0,303393.0,797572.0,266041.0,10739603.0,11137761.0,2795574.27862689,1240934.0,215437.0,437943.0
2025-09-24,1694524.0,504043.61341398,2243577.0,208003.0,32264945.0,6204244.0,2000980.1009801,486239.0,5594839.0,745829.0,88414.0,1205868.0,2271667.0,245902.0,2295177.0,380047.0,17565839.0,2451097.0,5352962.0,5907972.5,37290.0,85200624.0,164751.0,2995274.0,582753.0,28270125.0,34812233.0,3859862.88674619,975360.0,889564.0,627670.0
2025-09-25,727585.0,486835.6728485,3869462.0,300539.0,68044854.0,5793048.0,1483694.68369468,345715.0,2463111.0,2781757.0,158958.0,1543810.0,1491692.0,279842.0,2107204.0,1061960.0,18853385.0,2945662.0,2134682.0,2154597.5,43062.0,69013774.0,187541.0,1836389.0,400935.0,19244116.0,12352333.0,8277593.50493651,1388631.0,120141.0,317406.0
2025-09-28,1325578.0,337692.91558526,3784332.0,142566.0,61715259.0,6155484.0,1903956.7039567,207690.0,1110279.0,4087550.0,142220.0,3795714.0,6711385.0,627475.0,1361368.0,570465.0,11269539.0,12848249.0,937790.0,1307131.25,23077.0,117977004.0,144605.0,1045433.0,305757.0,5687981.0,32067545.0,10122308.98058669,1275772.0,65420.0,1852271.0
2025-09-29,1233769.0,690937.96963433,4792329.0,188305.0,24026497.0,10662583.0,2853557.95355795,793566.0,6502768.0,4112007.0,125931.0,3951019.0,21762565.0,767091.0,9732538.0,892166.0,28260815.0,10654927.0,1724501.0,1466005.0,98085.0,62810463.0,365736.0,1842957.0,1191469.0,20663701.0,25260176.0,7502753.6800623,2537634.0,242312.0,1654491.0
2025-09-30,792468.0,2955953.52831793,5248273.0,278600.0,57077815.0,11231211.0,4487370.88737089,459020.0,2844158.0,3756102.0,149346.0,14542822.0,13173845.0,842510.0,4564815.0,1023252.0,27110796.0,5755627.0,4994652.0,1966141.25,81601.0,94772812.0,317920.0,9779861.0,1704897.0,24422856.0,49022406.0,11646302.26459345,2757864.0,56413.0,1629914.0
2025-10-01,593624.0,2048624.50039157,4142639.0,187391.0,37444049.0,11441922.0,2525839.02583903,670123.0,3083656.0,10151997.0,352863.0,4432487.0,18174578.0,484074.0,6575596.0,1302364.0,10333452.0,3186406.0,9199395.0,982497.5,70082.0,147817966.0,123457.0,2769029.0,1499859.0,9702166.0,40474005.0,14643421.72782226,2988844.0,178477.0,1411790.0
2025-10-02,359635.0,1511074.43390802,1763694.0,134972.0,79060024.0,13593352.0,1300767.8007678,604145.0,7037975.0,2942299.0,253391.0,6178441.0,3181708.0,2140144.0,11478355.0,237754.0,10459273.0,4631475.0,4512830.0,969291.25,24069.0,94954657.0,101171.0,1334165.0,1077361.0,15617366.0,18384919.0,5022682.51959026,1979513.0,117416.0,295852.0
2025-10-05,577201.0,2960578.75083212,3408551.0,722008.0,21964718.0,5044202.0,1767865.66786567,294507.0,1482349.0,2096649.0,296827.0,2597516.0,3219788.0,402795.0,1813321.0,916442.0,8594828.0,872510.0,2630665.0,1628140.0,291695.0,52281476.0,233609.0,962605.0,850880.0,10140867.0,17890645.0,3948925.9853579,700299.0,145253.0,4096531.0
2025-10-06,609948.0,792366.75690444,7276364.0,155827.0,30016040.0,13600712.0,2476072.77607278,209181.0,970974.0,4592650.0,159518.0,2025316.0,4076370.0,409187.0,2717065.0,502257.0,9697637.0,10221106.0,2415796.0,2074470.0,104383.0,132257181.0,371984.0,2436892.0,523522.0,8493155.0,12255685.0,4472943.20059688,1425158.0,49133.0,1460917.0
2025-10-07,378199.0,698727.8180793,2516053.0,153116.0,64676449.0,8310583.0,737711.33771134,729571.0,2809431.0,2860565.0,593957.0,1615470.0,23655480.0,877894.0,2028431.0,450352.0,12200724.0,3294075.0,7528818.0,2228651.25,56878.0,147445493.0,63398.0,1204746.0,1033579.0,6937979.0,12341235.0,5372892.54262565,718049.0,208369.0,1189363.0
2025-10-08,823216.0,965139.71628279,3669189.0,212268.0,27589455.0,11617283.0,870158.07015807,1050417.0,3131187.0,3678111.0,100429.0,1388440.0,5609364.0,781997.0,2620425.0,840397.0,12061475.0,7365896.0,2965730.0,1547957.5,139767.0,140292478.0,147993.0,2557782.0,1435051.0,8768289.0,12152067.0,3058412.80231976,4376961.0,258136.0,2689510.0
2025-10-12,1438604.0,3660390.53367145,6998296.0,3766781.0,44568974.0,52038963.0,1551753.95175395,49366.0,1295256.0,1654133.0,226231.0,2051693.0,8145157.0,782593.0,3423281.0,577568.0,13018306.0,3828298.0,1465197.0,782683.75,1155705.0,73330436.0,418598.0,2919718.0,718254.0,8343854.0,6073203.0,2595516.85425858,2905808.0,87479.0,2026378.0
2025-10-13,1614840.0,3701221.7867455,8265182.0,3928197.0,51835822.0,20747920.0,4346993.14699315,194722.0,707290.0,8436249.0,1085707.0,3136018.0,10173393.0,741644.0,4251368.0,1252554.0,18539089.0,17341822.0,4873161.0,3067370.0,496790.0,81295450.0,316017.0,5680746.0,3225725.0,15926567.0,5533411.0,4408506.24001586,2546292.0,85491.0,2310024.0
2025-10-14,708986.0,1580565.30186088,2724602.0,1167545.0,35607706.0,9818924.0,952962.85296285,94263.0,960402.0,7037064.0,460024.0,2006873.0,5398529.0,1312774.0,8012069.0,620446.0,17243094.0,19256049.0,3008812.0,2358486.25,305273.0,71528971.0,310716.0,10852942.0,2503338.0,23141365.0,9986343.0,10120830.48576378,8536867.0,56873.0,3577166.0
2025-10-15,314651.0,496230.79961393,1617553.0,7428780.0,14925759.0,7797789.0,1154799.85479985,349714.0,4291366.0,4844256.0,170690.0,929805.0,1832297.0,748357.0,21440355.0,988460.0,9984804.0,5508231.0,2303821.0,442383.75,379846.0,104921537.0,141097.0,6144073.0,2251768.0,23380090.0,5000118.0,3547708.55274708,629826.0,135931.0,1646524.0
2025-10-16,980037.0,781067.80220243,2146723.0,2111530.0,78457524.0,15156460.0,2908661.40866141,163417.0,317915.0,4989903.0,659279.0,1333036.0,1557773.0,1316116.0,15922782.0,6790813.0,9796068.0,9217000.0,21261881.0,792426.25,218764.0,209627674.0,132518.0,3343033.0,2843991.0,13008159.0,31420406.0,5975300.4269713,1356148.0,171036.0,4416208.0
2025-10-19,835518.0,1179037.88528029,2165313.0,2579802.0,26506999.0,14034801.0,374573.47457347,222625.0,636209.0,4478695.0,459431.0,1913880.0,2027796.0,281180.0,4893613.0,2506971.0,9907708.0,3728034.0,4118805.0,463340.0,194797.0,138244834.0,202718.0,3029638.0,1814341.0,23895739.0,15540720.0,4206456.75234542,2146813.0,135212.0,3429702.0
2025-10-20,704557.0,5640491.00755925,2610415.0,2407406.0,17345286.0,37121502.0,10607333.70733371,287380.0,749267.0,4970704.0,513886.0,1043771.0,4665006.0,299737.0,3458966.0,10247735.0,10470595.0,6748784.0,4121023.0,755822.5,360231.0,165708949.0,79452.0,4134051.0,991977.0,28337039.0,14645997.0,12206473.11241347,933306.0,125880.0,3129878.0
2025-10-21,1963245.0,3015556.66263877,2052207.0,1303832.0,29392417.0,20703516.0,1720986.92098692,154344.0,370000.0,1751722.0,390331.0,723522.0,5732750.0,355182.0,15069846.0,1898132.0,7066305.0,7104355.0,6954759.0,728060.0,287266.0,85165511.0,157264.0,2732166.0,489384.0,21555595.0,14670023.0,15705844.01749903,1195017.0,165631.0,1312974.0
2025-10-22,2678665.0,3779394.70718839,2998561.0,938768.0,33444625.0,46378198.0,2163714.26371426,208413.0,4539768.0,1036947.0,846906.0,601475.0,2318604.0,78215.0,5058291.0,2201133.0,8064451.0,2777933.0,8507950.0,594623.75,496177.0,59500899.0,27996.0,1531699.0,3751129.0,3880649.0,9720875.0,4206053.04516459,1038594.0,52369.0,1923208.0
2025-10-23,1083726.0,2142164.68818984,3096126.0,3165584.0,41398322.0,12689843.0,1228471.32847133,77918.0,895906.0,1950929.0,1008388.0,1946035.0,2372758.0,757315.0,5832327.0,14515106.0,17526344.0,25541451.0,4468191.0,1325981.25,998918.0,152634480.0,234759.0,2584622.0,1714381.0,4081421.0,7690481.0,3043829.04586601,1239443.0,97192.0,2345526.0
2025-10-26,586953.0,2459179.59805622,6345091.0,2369919.0,36546593.0,27169579.0,1412233.11223311,89789.0,938987.0,16248606.0,377088.0,1287060.0,17468322.0,619544.0,2944965.0,1434780.0,15216130.0,10125366.0,4080361.0,6139341.25,637769.0,245047173.0,91380.0,9932146.0,2550785.0,10339691.0,12635359.0,6206569.0491232,1219969.0,157400.0,2234698.0
2025-10-27,1822557.0,3426213.95613355,2523855.0,490240.0,54771567.0,27463643.0,2331007.93100793,1339760.0,3949713.0,3748702.0,638716.0,2038887.0,9624068.0,396167.0,16621793.0,479422.0,36691560.0,2875629.0,3816077.0,996810.0,242387.0,85085713.0,102300.0,7328299.0,1783341.0,15217325.0,50941514.0,5888471.61597022,2250337.0,35148.0,2773985.0
2025-10-28,1278774.0,2486649.6075416,9422608.0,347443.0,39901491.0,44105346.0,1867138.56713857,966174.0,1836528.0,2730772.0,533576.0,4036851.0,6094074.0,261704.0,2527028.0,2041893.0,9659349.0,8423841.0,2322625.0,864823.75,170156.0,101264137.0,177006.0,4888563.0,1191590.0,7620407.0,21942498.0,5741768.39734656,2292133.0,61486.0,2135437.0
2025-10-29,587104.0,5178192.66835173,2038286.0,250926.0,124569655.0,30340209.0,1469762.06976207,648078.0,303108.0,2335068.0,764773.0,2222545.0,9909058.0,226062.0,1445931.0,2534830.0,18016482.0,1094344.0,449567.0,883557.5,195033.0,159358723.0,303969.0,3770577.0,2351056.0,5183716.0,12383863.0,3880291.79372633,1487438.0,78392.0,909465.0
2025-10-30,496387.0,4089149.12004453,1667233.0,556383.0,48088040.0,19662156.0,1809454.50945451,1648191.0,5690061.0,6223893.0,460565.0,771811.0,23964764.0,372094.0,68469604.0,845109.0,12568375.0,5136102.0,3342482.0,714230.0,82303.0,138473316.0,189000.0,1758363.0,1781994.0,12718660.0,13310608.0,8111137.75431435,1749507.0,186591.0,3373901.0
2025-11-02,323551.0,1404901.00427727,2421658.0,355141.0,59752240.0,34026659.0,1136345.13634514,420966.0,273105.0,3053829.0,194067.0,906546.0,8582687.0,226824.0,2443886.0,544542.0,11949177.0,664097.0,4500387.0,229321.0,141220.0,69320378.0,64977.0,7137235.0,1039848.0,6063476.0,11495545.0,4776189.50401568,6609344.0,46979.0,1301906.0
2025-11-03,1827682.0,1889489.51713067,1515239.0,319625.0,24438488.0,12821626.0,2222759.02275902,877898.0,432983.0,4716801.0,301033.0,826852.0,18713274.0,672264.0,7201315.0,5365122.0,8119753.0,2648006.0,1872168.0,808766.25,137699.0,65283108.0,197619.0,3564081.0,1050420.0,17223180.0,12701440.0,7984381.64131403,10541811.0,98691.0,1579825.0
2025-11-04,903564.0,1440904.93971238,2655788.0,842093.0,20590095.0,24428253.0,5513843.51384351,217822.0,219748.0,3159372.0,169903.0,1016345.0,12625855.0,1123755.0,8778345.0,865283.0,23500932.0,5601582.0,3806534.0,272601.0,180298.0,69844162.0,179271.0,10356613.0,3081319.0,43604847.0,4218778.0,20095180.12276087,7293061.0,139373.0,2543459.0
2025-11-05,2321199.0,3408551.30153739,2443377.0,837415.0,36349318.0,22845709.0,1706689.10668911,1201373.0,1295722.0,3667965.0,422118.0,2207775.0,7019533.0,346880.0,4995814.0,1506986.0,10102818.0,2756335.0,4358790.0,2111447.5,294662.0,61712547.0,82415.0,4909335.0,4602835.0,53069299.0,12625642.0,21255371.02622418,8557963.0,48814.0,1798303.0
2025-11-06,1160725.0,2294756.84178692,1476356.0,791154.0,48123690.0,13048991.0,6034383.83438384,984593.0,600259.0,6811859.0,400557.0,1369587.0,5903794.0,272111.0,20306930.0,2602232.0,12644246.0,4853670.0,6077102.0,688226.0,146659.0,107175681.0,243932.0,3099393.0,1763285.0,28821163.0,8485751.0,27062329.52967928,12230207.0,42797.0,2563557.0
2025-11-09,1518171.0,2992802.58882018,1707031.0,403885.0,36032472.0,14268192.0,1622938.32293832,234805.0,1388562.0,8144227.0,598937.0,1332995.0,15310373.0,269623.0,10856685.0,4671045.0,8366444.0,10935462.0,2432050.0,4566444.0,259303.0,39382200.0,220884.0,2758729.0,2189791.0,10188859.0,5283143.0,38746937.64939814,3312000.0,94413.0,3570728.0
2025-11-10,1953312.0,2258944.66706677,1070382.0,1429713.0,38655942.0,23136901.0,3599170.5991706,1976455.0,929057.0,4061275.0,503158.0,885879.0,5387451.0,1144965.0,16943290.0,3621823.0,17761092.0,11721040.0,4510076.0,2388242.0,191720.0,36137259.0,952074.0,7252423.0,3784394.0,15424646.0,27692561.0,9708728.84283174,4408574.0,108908.0,1844319.0
2025-11-11,1878387.0,6241895.09558996,1708076.0,447843.0,56588699.0,17320989.0,4418330.41833042,601738.0,3041001.0,2459513.0,185720.0,1848118.0,2848737.0,700148.0,7613409.0,2178683.0,53773010.0,2564950.0,11380031.0,2597020.0,381751.0,46973641.0,430644.0,4188242.0,2141351.0,18852195.0,34782265.0,7277867.60225784,2225740.0,306916.0,1312602.0
2025-11-12,851478.0,4154196.0,2086959.0,3596313.0,21513765.0,17037882.0,3479027.37902738,1038830.0,1452430.0,7315441.0,134763.0,625974.0,2945868.0,191591.0,18904645.0,1328444.0,25231380.0,4858191.0,5262780.0,956043.0,2239514.0,39979143.0,181193.0,1731809.0,1408008.0,26037938.0,67959424.0,8739283.6259756,2638265.0,177205.0,3148850.0
2025-11-13,776151.0,1597412.0,1227768.0,4269435.0,38400889.0,10121870.0,1760096.36009636,1146961.0,312008.0,7566268.0,385572.0,1042976.0,4656785.0,2957781.0,25142437.0,1905664.0,19203846.0,4605252.0,1683268.0,1341359.0,1778844.0,37326188.0,79029.0,2372908.0,1734120.0,15301674.0,11673217.0,8886807.49526193,2225339.0,69444.0,1623689.0
2025-11-16,797419.0,3966080.0,1124031.0,832781.0,29787452.0,38888795.0,1168765.46876547,1589119.0,501573.0,2326117.0,355233.0,748731.0,5064893.0,1954233.0,16757954.0,3220644.0,14780821.0,3459282.0,2861660.0,1196376.0,302378.0,30209862.0,397655.0,1971813.0,1969579.0,21263840.0,19415898.0,7592941.86425993,3204663.0,324074.0,2191166.0
2025-11-17,858993.0,2622254.0,1796775.0,966064.0,55390377.0,24879062.0,4100012.1000121,2062011.0,961208.0,3642220.0,452665.0,2130724.0,10682400.0,787739.0,16504756.0,789195.0,111761125.0,4163555.0,5690027.0,1252068.0,492821.0,34687271.0,103423.0,3480993.0,1972233.0,37448034.0,10015515.0,12009257.52187219,4878896.0,1480344.0,2747075.0
2025-11-18,1675397.0,1420829.0,2705146.0,478212.0,21055073.0,18713476.0,2279820.47982048,317296.0,104911.0,5213926.0,635898.0,3756303.0,7235065.0,1499237.0,8894931.0,1584601.0,49618120.0,1366311.0,5207059.0,1262619.0,274295.0,85194849.0,213060.0,2771543.0,1755246.0,19272512.0,11887086.0,6371724.99498609,2928436.0,115995.0,1307054.0
2025-11-19,770523.0,4056008.0,1213301.0,601357.0,30718547.0,6572272.0,2587399.48739949,1863709.0,375897.0,3012904.0,126329.0,823273.0,2874557.0,578230.0,9155721.0,1388948.0,44926790.0,5899827.0,2426351.0,1051873.0,334975.0,19378640.0,92121.0,1552194.0,2172062.0,6392191.0,14005356.0,4981827.35289016,1825376.0,45981.0,701821.0
2025-11-20,687517.0,4110380.0,2320376.0,1197336.0,28642586.0,7883300.0,2576038.67603868,809113.0,625904.0,804411.0,255909.0,1977491.0,1247741.0,2346619.0,7404001.0,891348.0,85188902.0,6086009.0,9854392.0,165928.0,508594.0,54182561.0,70920.0,1475041.0,1356177.0,4805329.0,10805839.0,4504480.01138534,1610519.0,66198.0,929502.0
2025-11-23,592607.0,1023530.0,1395195.0,403459.0,38328288.0,18988183.0,1526720.12672013,258380.0,241975.0,494121.0,322905.0,868696.0,3192546.0,1614910.0,2418895.0,758070.0,85111506.0,5998469.0,6110396.0,316810.0,314002.0,49968431.0,205210.0,1966810.0,3358388.0,10831654.0,14094347.0,4050247.22233576,1200201.0,373854.0,671298.0
2025-11-24,737532.0,1498607.0,2088371.0,259015.0,19103521.0,593425550.0,8583669.38366938,6180349.0,1857183.0,9734315.0,185536.0,596289.0,4961697.0,1753351.0,12531716.0,974811.0,39649651.0,12672051.0,1400309.0,618863.0,118490.0,36725933.0,909932.0,3605033.0,1202532.0,20542185.0,9946778.0,11550392.02746882,6123732.0,113826.0,947063.0
2025-11-25,686682.0,1394205.0,1832358.0,363899.0,48296806.0,536032420.0,2940295.24029524,2939011.0,1079418.0,2322996.0,216663.0,864087.0,2678524.0,1167757.0,4231202.0,922998.0,25982459.0,5240356.0,5906883.0,1375770.0,105375.0,39480486.0,733912.0,6182587.0,693591.0,10987557.0,22424954.0,2734328.59021958,3808177.0,124550.0,5328631.0
2025-11-26,607312.0,1033067.0,1363213.0,438112.0,51791633.0,315302250.0,1512235.31223531,477625.0,1764900.0,2691448.0,369612.0,1246263.0,5210447.0,3511864.0,3213327.0,1149687.0,35512696.0,1765527.0,2908856.0,327838.0,139418.0,59350132.0,226517.0,1571881.0,349858.0,11391720.0,7993583.0,3592828.45563287,1419701.0,202799.0,978071.0
2025-11-27,880249.0,2070904.0,1338868.0,1277993.0,131477594.0,170009840.0,1327113.92711393,623088.0,1381383.0,2650038.0,490647.0,1391092.0,3979237.0,886700.0,11174779.0,626662.0,19225527.0,3175401.0,5128822.0,1113212.0,235634.0,47150629.0,50733.0,800996.0,475446.0,25716940.0,6158529.0,7756550.48653466,1819451.0,321566.0,1199746.0
2025-11-30,635230.0,2881567.0,1718563.0,380990.0,202112006.0,433788070.0,1364842.86484287,200483.0,640157.0,2341382.0,684447.0,6049508.0,3058353.0,848302.0,4845202.0,196056.0,18095168.0,6444885.0,4123036.0,1418202.0,106362.0,136083584.0,247454.0,1833565.0,1611913.0,16842514.0,12400742.0,5390703.0,2792621.0,286560.0,1341896.0
2025-12-01,830938.0,5523398.0,1616431.0,176673.0,218988846.0,484551490.0,1869136.16913617,893924.0,529691.0,1173527.0,338367.0,2582929.0,3280075.0,838952.0,4042565.0,982094.0,22242554.0,4363826.0,1669589.0,688629.0,76306.0,105450525.0,49767.0,3977405.0,1492505.0,16280489.0,5940484.0,6391722.39855328,1821218.0,198031.0,1563673.0
2025-12-02,840586.0,1677985.0,1895633.0,898196.0,120341299.0,583234170.0,2564109.16410916,505525.0,731391.0,1466961.0,371846.0,1424272.0,4620716.0,1053063.0,2155592.0,786911.0,16676945.0,3331729.0,6100963.0,1230857.0,166033.0,57079695.0,88650.0,558192.0,981646.0,6391075.0,10042593.0,4437124.44643142,2425200.0,159200.0,560105.0
2025-12-03,1145726.0,2440834.0,1763798.0,1532057.0,76346090.0,248531923.0,5279074.67907468,1298717.0,2848458.0,13836156.0,653585.0,9031417.0,5919289.0,2616253.0,3690439.0,1458626.0,27341354.0,1907187.0,2617525.0,2183354.0,303940.0,49155660.0,217302.0,2234371.0,1063739.0,5284098.0,5341857.0,8156169.0,4226448.0,764625.0,1060639.0
2025-12-04,638472.0,3799194.0,1367245.0,729298.0,74482703.0,389783080.0,3532334.53233453,2133163.0,1011231.0,7346184.0,463929.0,2497231.0,5775544.0,1564168.0,2748487.0,669139.0,19780492.0,2760989.0,2208357.0,1061636.0,54527.0,158480154.0,50350.0,1402760.0,1630657.0,5488784.0,4290198.0,9346826.0,2611695.0,297613.0,912281.0
2025-12-07,874288.0,1127184.0,1562066.0,304731.0,187072639.0,218893597.0,970690.47069047,481386.0,1757610.0,5132673.0,382803.0,6564426.0,2116843.0,629298.0,6581013.0,1212920.0,36402308.0,3912531.0,1055294.0,2786967.0,66637.0,147168014.0,208824.0,2386119.0,1447148.0,44928207.0,5096905.0,5902158.0,980270.0,262574.0,777734.0
2025-12-08,700715.0,2075842.0,6201736.0,318847.0,131675438.0,117594798.0,2511891.01189101,2447401.0,2188787.0,2707244.0,121349.0,3066202.0,15920290.0,2403702.0,14834936.0,554707.0,68650869.0,2672547.0,1388417.0,3055965.0,67843.0,73737031.0,268731.0,4970477.0,1772616.0,19321103.0,14542451.0,3379179.0,1908201.0,908980.0,1559149.0
2025-12-09,874340.0,1798086.0,1561286.0,295514.0,107402605.0,174739376.0,1989885.48988549,1985062.0,2866231.0,3515781.0,146970.0,2642585.0,9703231.0,1623672.0,3711792.0,1114192.0,23242400.0,3865944.0,2724745.0,1081553.0,78818.0,73781836.0,524441.0,1788903.0,2037115.0,10855826.0,36218744.0,2203589.0,1553418.0,502567.0,2629173.0
2025-12-10,975418.0,2270452.0,6720462.0,508189.0,42087033.0,185162280.0,1406625.30662531,457511.0,1586536.0,7999478.0,199885.0,1453695.0,21226394.0,1164059.0,7559843.0,386569.0,40217869.0,2632581.0,2410998.0,364274.0,134066.0,38411710.0,181576.0,842188.0,906241.0,4456628.0,12217930.0,11548059.0,2093377.0,952943.0,963486.0
2025-12-11,1294076.0,5099488.0,2612840.0,697872.0,59992378.0,181168142.0,2314527.0,922262.0,1837417.0,4146862.0,274108.0,1764688.0,7843745.0,2026464.0,8548483.0,1257660.0,31751439.0,3190662.0,5021146.0,1402616.0,79195.0,86560037.0,1106106.0,1242402.0,1452750.0,15489578.0,20251914.0,10343824.0,1514208.0,264489.0,3425479.0
2025-12-14,859909.0,1265169.0,2602674.0,367584.0,105968554.0,111648071.0,1124360.0,209936.0,875786.0,2970647.0,211415.0,18081942.0,3787481.0,764977.0,16973944.0,1858724.0,22313212.0,2813331.0,2424406.0,563224.0,47266.0,393661690.0,277682.0,1333283.0,980252.0,7228783.0,171705966.0,4877296.0,1360858.0,646064.0,1267031.0
2025-12-15,643361.0,3058656.0,1395428.0,571720.0,49031158.0,100163972.0,12167021.0,2101185.0,3049910.0,3442282.0,189955.0,4907312.0,11207363.0,533434.0,17532970.0,3052551.0,99140095.0,4381689.0,1946377.0,617296.0,118689.0,307464310.0,421735.0,4486585.0,996339.0,23108407.0,69371583.0,4322131.0,1920440.0,729694.0,729694.0
2025-12-16,937574.0,1932781.0,2954017.0,302864.0,42544012.0,113237596.0,2677776.67777668,747081.0,1639894.0,5234166.0,194610.0,6867901.0,1883825.0,1391155.0,4852554.0,2643988.0,24743671.0,2856869.0,2234870.0,1489821.0,136283.0,171692360.0,135562.0,3123696.0,1058086.0,7114917.0,32904076.0,3334332.0,693511.0,450042.0,2217709.0
2025-12-17,690673.0,1573941.0,4673073.0,429023.0,89252069.0,67052813.0,4036800.0,1010680.0,2211962.0,1903741.0,244610.0,3531916.0,1281104.0,1002130.0,2497167.0,183150.0,30872366.0,2978446.0,2938196.0,419813.0,275276.0,109816083.0,110985.0,1575865.0,339442.0,6459655.0,78434577.0,1478086.0,936308.0,102706.0,934519.0
2025-12-18,4227078.0,840898.0,7756056.0,540386.0,75339029.0,92927976.0,7336195.0,9469441.0,654322.0,1716397.0,569193.0,7479536.0,4137308.0,1195801.0,17129244.0,344230.0,43127480.0,6264233.0,647666.0,323414.0,123193.0,99679673.0,304203.0,2315761.0,303448.0,9229398.0,53465260.0,8450533.0,2099936.0,96523.0,2061663.0
2025-12-21,1550450.0,1598850.0,1710903.0,488243.0,51130112.0,90883781.0,13462014.0,10108876.0,5497259.0,857149.0,696537.0,12608641.0,1079822.0,1760279.0,2820508.0,851838.0,21397073.0,2602384.0,510719.0,466719.0,75981.0,350424100.0,226707.0,1508155.0,321995.0,6696447.0,19975567.0,4131457.0,309231.0,133357.0,418748.0
2025-12-22,4636934.0,553486.0,4582851.0,510517.0,41539357.0,86154545.0,3112350.0,2319776.0,2673977.0,2256981.0,343042.0,20540565.0,1965942.0,863135.0,1314634.0,866816.0,19424280.0,3105911.0,674927.0,1127822.0,217789.0,180018310.0,189827.0,662235.0,944005.0,6617230.0,14093318.0,2748610.0,1442650.0,227360.0,655570.0
2025-12-23,3827651.0,1444331.0,5645124.0,274458.0,49655509.0,91691307.0,2041059.0,924475.0,2642099.0,2316803.0,193737.0,8269344.0,4356068.0,1038245.0,9820390.0,894446.0,16926752.0,3059169.0,5778610.0,362245.0,262856.0,111067102.0,246429.0,1366730.0,933632.0,4817750.0,16348802.0,5746725.0,1049946.0,127460.0,1283856.0
2025-12-24,822664.0,945996.0,9356256.0,220490.0,54192182.0,79039639.0,1446682.0,854052.0,920565.0,788403.0,84246.0,3601977.0,2554860.0,175103.0,3345812.0,2115854.0,7839619.0,1056121.0,2439011.0,303483.0,154925.0,323177540.0,141721.0,720684.0,757584.0,6278526.0,37966741.0,12969451.0,864319.0,312534.0,895860.0
2025-12-25,373060.0,283588.0,4972653.0,186220.0,43467240.0,145090283.0,900610.0,733341.0,223210.0,874253.0,191408.0,2717779.0,3635643.0,193073.0,2290685.0,812049.0,15784314.0,2060017.0,1026081.0,2756109.0,117803.0,87005292.0,190324.0,689297.0,807212.0,5048795.0,10147330.0,10186267.0,336704.0,913172.0,606787.0
2025-12-28,676753.0,1585063.0,4618271.0,440033.0,27831178.0,87301250.0,371565.0,1036681.0,247377.0,1262582.0,82910.0,3563763.0,1928600.0,480424.0,585503.0,621031.0,17487099.0,931500.0,1617222.0,2560254.0,538048.0,39931784.0,193182.0,897288.0,1945592.0,8693802.0,14045399.0,8211888.0,1057527.0,290276.0,452079.0
2025-12-29,362614.0,474589.0,3026073.0,636084.0,48202693.0,93293278.0,1358308.0,1234226.0,662936.0,1512597.0,39612.0,3592151.0,1413156.0,1051790.0,2096490.0,879365.0,17630939.0,2520152.0,1155472.0,526965.0,326661.0,82629602.0,132485.0,3340990.0,409864.0,4496307.0,8396611.0,3956442.0,2218073.0,193136.0,661564.0
2025-12-30,528797.0,870882.0,2860855.0,312312.0,106665045.0,62457766.0,975936.0,874603.0,1164350.0,856345.0,183461.0,2124644.0,2301521.0,488884.0,1325737.0,1217572.0,22031011.0,2020868.0,4048549.0,860345.0,136602.0,75800183.0,150503.0,1054398.0,459187.0,7734424.0,6731972.0,4201215.0,4141132.0,112454.0,674110.0
2025-12-31,490093.0,1236612.0,1546103.0,394985.0,121391401.0,89475121.0,1149458.0,530228.0,560534.0,1771023.0,239975.0,2745586.0,1669619.0,706678.0,2852062.0,2165111.0,15934532.0,1994823.0,2814855.0,1738004.0,297464.0,130912547.0,261772.0,1141999.0,693214.0,8464156.0,22746214.0,7474759.0,2976805.0,313265.0,1439750.0
2026-01-04,754286.0,1173445.0,2533544.0,370321.0,34542204.0,76650082.0,915458.0,594062.0,936339.0,2118591.0,486022.0,1429887.0,1030535.0,872381.0,3540029.0,1435246.0,5343037.0,1705706.0,1137362.0,1137065.0,293268.0,61776840.0,131249.0,3792841.0,942597.0,4258142.0,43663114.0,3916124.0,2310278.0,59603.0,601802.0
2026-01-05,1069075.0,941921.0,17878955.0,440818.0,59954268.0,100514082.0,2958489.0,1851710.0,1242570.0,9607895.0,375759.0,1673864.0,2205586.0,1538516.0,15966089.0,1476426.0,15502093.0,3903620.0,5488004.0,2145028.0,282658.0,43908476.0,290984.0,4412543.0,1000730.0,9054908.0,59125828.0,4423129.0,2817644.0,116292.0,1523873.0
2026-01-06,548300.0,1513930.0,4200887.0,271459.0,31674032.0,44535843.0,2410554.0,1109799.0,1500838.0,4361764.0,614490.0,1596601.0,810177.0,961801.0,3777070.0,1243001.0,13898694.0,3298583.0,1198513.0,2965366.0,178818.0,70751529.0,385717.0,1577644.0,725493.0,5824182.0,24184911.0,2667391.0,924776.0,280004.0,1408248.0
2026-01-08,2821271.0,2629806.0,4440884.0,257769.0,49720166.0,57829091.0,3729539.0,3988378.0,4197101.0,2800504.0,395118.0,1061820.0,821020.0,3159769.0,4750445.0,920795.0,8334479.0,7508541.0,2322993.0,4319481.0,104626.0,104106246.0,351253.0,3026754.0,602754.0,7044647.0,22009420.0,3380580.0,1687188.0,869524.0,1111070.0
2026-01-11,2736784.0,5217234.0,5632535.0,270580.0,38746544.0,70602149.0,4398040.0,848740.0,918664.0,3707473.0,473643.0,915684.0,6124784.0,1569586.0,6307847.0,995318.0,20502806.0,16066190.0,2676529.0,3353882.0,89778.0,49461555.0,168992.0,3523616.0,762820.0,41382759.0,28222756.0,2658746.0,1305898.0,688764.0,689654.0
2026-01-12,2012783.0,1657133.0,2791022.0,227873.0,60381180.0,66773452.0,5885292.0,3464864.0,1696166.0,1504633.0,351358.0,2606067.0,3080464.0,1009737.0,2438559.0,4487516.0,36553965.0,3660854.0,2336898.0,2485408.0,69252.0,117211930.0,337386.0,5385419.0,685143.0,32485849.0,15236504.0,4872465.0,2336665.0,54426.0,4784191.0
2026-01-13,1027256.0,1774451.0,4175629.0,292433.0,56497465.0,84988906.0,7084743.0,2237973.0,493601.0,3932161.0,279805.0,1343814.0,2671756.0,1542671.0,18940832.0,6558973.0,17767623.0,3155640.0,4671648.0,1715993.0,64044.0,59137913.0,382955.0,3254842.0,413599.0,15285012.0,13503587.0,5760768.0,2374004.0,97549.0,1643005.0
2026-01-14,1221248.0,1311294.0,3963167.0,562931.0,45269843.0,90297134.0,3450837.0,3212517.0,830572.0,2236206.0,223489.0,2135786.0,7531103.0,1990370.0,3817044.0,1480427.0,16079604.0,5470861.0,4311381.0,1785675.0,85934.0,84421981.0,410022.0,2231248.0,943865.0,22197012.0,22861316.0,5260709.0,1717691.0,188854.0,1197473.0
2026-01-15,1672695.0,2129068.0,1744811.0,275669.0,27288461.0,49159955.0,9089980.0,2199722.0,798865.0,1714073.0,400525.0,944525.0,1914129.0,855028.0,5887397.0,2316314.0,8309556.0,3547435.0,3985647.0,509356.0,77861.0,76593540.0,168568.0,1715122.0,915991.0,6128406.0,10668453.0,7222862.0,2335422.0,267705.0,1026749.0
2026-01-18,1893569.0,767453.0,1068916.0,347972.0,9803246.0,66332457.0,1532903.0,503927.0,148184.0,1092237.0,278694.0,485950.0,1428575.0,463868.0,3093730.0,623960.0,4606658.0,4114395.0,3266619.0,1575330.0,100787.0,32946907.0,248948.0,2253011.0,802478.0,8620094.0,20323468.0,10917826.0,631519.0,25542.0,393537.0
2026-01-19,2721878.0,5007420.0,1926584.0,250069.0,23370784.0,65562525.0,2135370.0,1114593.0,3211930.0,2261415.0,354397.0,2408461.0,2454217.0,3014820.0,18325882.0,3722998.0,31754399.0,3431736.0,5736742.0,2038300.0,209586.0,64192739.0,425539.0,3857318.0,548287.0,15485101.0,13897957.0,11764428.0,9496719.0,335488.0,2762092.0
2026-01-20,2419019.0,5701550.0,1957651.0,310357.0,40615344.0,116839665.0,3931543.0,2195547.0,439704.0,9893169.0,424265.0,3392272.0,4281233.0,3117081.0,42818693.0,8197306.0,24850592.0,7043252.0,5172177.0,741981.0,110807.0,96623005.0,738303.0,3589013.0,887216.0,23260960.0,23472626.0,16973717.0,6382671.0,216312.0,1827465.0
2026-01-21,8019989.0,7847257.0,1599655.0,1463983.0,92852166.0,64662549.0,3061142.0,1647036.0,260225.0,8189177.0,322993.0,3604457.0,1289355.0,2518265.0,117534814.0,4106463.0,12727434.0,6965411.0,7047428.0,1121690.0,192593.0,98375727.0,470610.0,2781947.0,671662.0,36347617.0,5797352.0,19216691.0,2521856.0,248299.0,1225281.0
2026-01-22,7364550.0,3413849.0,6773369.0,408960.0,58896756.0,97645221.0,4637700.0,2176219.0,408705.0,14963675.0,424591.0,4627060.0,3096344.0,1518366.0,11110452.0,6286801.0,10929370.0,11351784.0,9262712.0,1547845.0,90251.0,45957657.0,620822.0,1093167.0,2062230.0,15887404.0,9560796.0,14533866.0,1861546.0,253850.0,4567620.0
2026-01-25,4768195.0,1793074.0,13290462.0,596444.0,38006457.0,108668434.0,1294336.0,910084.0,553087.0,4345331.0,332617.0,2730595.0,1617518.0,849821.0,5117661.0,2283754.0,12279687.0,11116013.0,11590433.0,4854653.0,95654.0,323571980.0,358702.0,1703770.0,1186771.0,10146032.0,14624198.0,13521688.0,3240685.0,1429347.0,3983360.0
2026-01-26,2667034.0,4507636.0,3149065.0,257697.0,76296681.0,127034000.0,3595252.0,1460016.0,1330727.0,6681090.0,142542.0,2476209.0,4819412.0,1185622.0,26855528.0,9393486.0,60808275.0,6932155.0,3807436.0,1145826.0,50423.0,307887330.0,227406.0,2922787.0,733448.0,9624460.0,21137888.0,3504487.0,8137065.0,296196.0,5082680.0
2026-01-27,5376807.0,3540057.0,2465888.0,211090.0,32390680.0,82240374.0,4370756.0,2617222.0,818088.0,5179838.0,345053.0,7700380.0,2163909.0,1821192.0,9603181.0,1871728.0,44505214.0,17199891.0,4321632.0,363938.0,103815.0,122398976.0,159523.0,2853165.0,808753.0,9715883.0,14070098.0,3992515.0,4894446.0,171841.0,1946397.0
2026-01-28,3704768.0,4233261.0,4140893.0,411024.0,41753414.0,69687073.0,5649746.0,1085316.0,944447.0,5116030.0,416558.0,6605208.0,3004708.0,715022.0,6708941.0,3058735.0,28187576.0,15870850.0,6342512.0,668660.0,68539.0,190016931.0,212738.0,10040252.0,730642.0,7133018.0,17017298.0,5085157.0,6184363.0,1038070.0,1715468.0
2026-02-01,2495625.0,5500151.0,2696760.0,335728.0,26987891.0,176421955.0,3097990.0,1057815.0,1585871.0,2644458.0,169224.0,1279822.0,2219949.0,687737.0,8104372.0,1449848.0,16775012.0,3214360.0,3536417.0,521425.0,127297.0,117336086.0,143484.0,1901752.0,404897.0,6193521.0,16163703.0,4991825.0,1500483.0,110660.0,1517034.0
2026-02-02,1866619.0,3841442.0,2993540.0,404079.0,51252613.0,102832838.0,4422720.0,11302310.0,1015145.0,3248354.0,290384.0,6097771.0,4104332.0,2022573.0,5070395.0,2055216.0,36336131.0,9949876.0,3874405.0,516185.0,47246.0,336017770.0,897214.0,5340024.0,831081.0,3837748.0,12521054.0,6329786.0,3114327.0,83471.0,2066481.0
2026-02-03,2514074.0,5054966.0,4646287.0,505893.0,118266812.0,103134948.0,13398994.0,1126176.0,1526155.0,13197712.0,292709.0,5304963.0,8246922.0,2942063.0,23318835.0,4245961.0,26238610.0,14713799.0,5673449.0,2028943.0,43547.0,76428656.0,493852.0,2214056.0,678847.0,23785341.0,20142165.0,10752195.0,5676579.0,379437.0,3513150.0
2026-02-04,2928616.0,2854573.0,5087474.0,609295.0,49178488.0,107655509.0,7906804.0,1335683.0,428351.0,6815449.0,392138.0,15879434.0,7143030.0,1246256.0,12932524.0,1321027.0,32194595.0,5916202.0,19539834.0,958698.0,81008.0,127641266.0,720426.0,2555499.0,3202254.0,14374374.0,22564460.0,25122752.0,7180789.0,509147.0,3195577.0
2026-02-05,1460413.0,2000007.0,3580801.0,233576.0,39976234.0,78719776.0,10151613.0,781524.0,812478.0,5270773.0,198600.0,6040935.0,1468291.0,1605333.0,11337602.0,2125602.0,20121286.0,8874349.0,28366459.0,1168692.0,101188.0,104135239.0,300206.0,3278113.0,1894387.0,7849897.0,18902838.0,42831496.0,3728009.0,166716.0,3947011.0
2026-02-08,2236223.0,1409118.0,5345551.0,2032605.0,30840395.0,59956391.0,1031051.0,643299.0,3322209.0,2774663.0,204762.0,7673665.0,9749157.0,2152785.0,10749242.0,3107374.0,136097500.0,9627581.0,19931900.0,480366.0,77438.0,110582582.0,764568.0,1661749.0,2120528.0,15066528.0,24614608.0,29113828.0,1497835.0,308842.0,30120239.0
2026-02-09,1309413.0,1645521.0,8055736.0,1028168.0,57920805.0,48598313.0,9376193.0,974321.0,4015443.0,3308912.0,133010.0,3191377.0,14577224.0,1949387.0,18524463.0,6513097.0,40935739.0,9817534.0,6055970.0,1327906.0,341831.0,91593123.0,258241.0,8721687.0,1580275.0,3268591.0,9347540.0,26876026.0,2199124.0,275517.0,16262642.0
2026-02-10,1491399.0,1409514.0,3272068.0,249465.0,68139525.0,68401841.0,6741447.0,760193.0,1788747.0,2181161.0,463554.0,3811720.0,2824801.0,1204925.0,5512327.0,5572750.0,170021040.0,5558442.0,6868456.0,1503685.0,117356.0,55153101.0,366675.0,2812991.0,837467.0,3602280.0,9846431.0,19801245.0,2432159.0,325099.0,10462162.0
2026-02-11,1348685.0,2177236.0,6211871.0,205423.0,66627669.0,57232683.0,4153875.0,1716440.0,2348226.0,1431396.0,165166.0,8748210.0,8051517.0,1061528.0,3525572.0,1776054.0,67730109.0,20616444.0,9395538.0,804605.0,82769.0,81486820.0,239883.0,14970285.0,1075905.0,11003115.0,5497645.0,13809030.0,1236562.0,125901.0,6213264.0
2026-02-12,1679242.0,3290066.0,3507161.0,389133.0,53208357.0,133316621.0,4759146.0,1614568.0,1359956.0,2119038.0,59229.0,4481211.0,3172640.0,1153038.0,3343237.0,2225281.0,62795935.0,5602348.0,6290226.0,1185053.0,40095.0,59030712.0,782305.0,2274343.0,461223.0,12398802.0,5721166.0,172184892.0,1885666.0,83536.0,3942452.0
2026-02-15,1471812.0,4211714.0,14261343.0,1584986.0,57391123.0,72332708.0,2717846.0,659729.0,1155227.0,2777913.0,276710.0,19691993.0,9833098.0,1933986.0,8646924.0,3306416.0,121110682.0,8364670.0,5938253.0,969346.0,76635.0,48500492.0,457605.0,7042571.0,1425754.0,42186941.0,29060518.0,24648307.0,3417900.0,168985.0,6999843.0
2026-02-16,1375902.0,3474741.0,29967877.0,2613636.0,43453122.0,76556081.0,3050107.0,1379179.0,1191103.0,7148233.0,1354901.0,6335885.0,14496722.0,6078193.0,23241431.0,1941959.0,87650632.0,12882381.0,10871295.0,2558254.0,138854.0,119118596.0,587147.0,4998968.0,7665972.0,29280808.0,11564258.0,38472415.0,6168783.0,138842.0,15476714.0
2026-02-17,2490788.0,3755900.0,20883034.0,1667107.0,27545367.0,57010387.0,2232418.0,361132.0,1912780.0,2509073.0,508563.0,3961878.0,9020927.0,1946977.0,5985585.0,358539.0,74783624.0,5210794.0,16265437.0,1318412.0,139286.0,23783291.0,450597.0,12852392.0,3383514.0,25362386.0,9803825.0,102338829.0,4753944.0,223945.0,7265835.0
2026-02-18,3156971.0,4020219.0,15552758.0,1006941.0,102539658.0,68930127.0,3318142.0,1327390.0,612230.0,4605171.0,210865.0,7201138.0,16313440.0,2463340.0,9950072.0,6026232.0,78711744.0,13919506.0,3557123.0,2579758.0,360911.0,100000735.0,202542.0,17149813.0,1627585.0,28188971.0,53987773.0,30220201.0,1605437.0,206230.0,7354870.0
2026-02-19,787214.0,3931383.0,8316045.0,407369.0,55703927.0,48377050.0,2948796.0,407687.0,561848.0,5211331.0,133022.0,2929040.0,1834500.0,1958107.0,13018428.0,2930146.0,27436903.0,5554614.0,5360096.0,734328.0,140660.0,49673138.0,192164.0,2890089.0,1575968.0,9905430.0,14925576.0,70984382.0,2634503.0,111730.0,3021733.0
2026-02-22,1852166.0,2170842.0,7386993.0,496634.0,54771907.0,14865661.0,1816360.0,620365.0,349490.0,4871296.0,127727.0,3036615.0,2146932.0,1262562.0,11054721.0,3610917.0,28059451.0,6484054.0,3853559.0,466202.0,279809.0,58734359.0,280236.0,2859145.0,882645.0,10792414.0,12253379.0,18645832.0,2175568.0,109388.0,2285898.0
2026-02-23,4063205.0,4006530.0,3955966.0,285492.0,43401104.0,26171404.0,3791578.0,574500.0,424201.0,2306909.0,174726.0,4107775.0,6932643.0,1733449.0,9967741.0,2296633.0,121353875.0,7909215.0,3604924.0,471426.0,119422.0,39212524.0,179856.0,3213615.0,671106.0,4315589.0,21581199.0,42210291.0,3744730.0,63485.0,1973538.0
2026-02-24,633215.0,2656832.0,11538214.0,287577.0,21603934.0,42351904.0,3969672.0,847900.0,511106.0,4724622.0,196816.0,5771997.0,1693419.0,2753086.0,8395053.0,638275.0,162780306.0,6783534.0,6082110.0,682131.0,212067.0,230929051.0,222893.0,3199345.0,671126.0,4043126.0,24467278.0,60973343.0,2733839.0,21442.0,1961944.0
2026-02-25,789319.0,2804839.0,62176889.0,306888.0,49667369.0,53814475.0,4568937.0,1298871.0,687610.0,2422082.0,136361.0,16019306.0,2094448.0,2039087.0,12350178.0,950630.0,68210469.0,5170538.0,3048606.0,895763.0,161269.0,56887215.0,375703.0,3039873.0,1481577.0,8012536.0,15307589.0,29068463.0,5771809.0,95857.0,2367787.0
2026-02-26,2253527.0,1243840.0,7941745.0,1689183.0,97844951.0,40827117.0,8837996.0,7288134.0,771238.0,3176275.0,503771.0,6268578.0,2924868.0,2431296.0,10344817.0,970288.0,63798395.0,5365559.0,906205.0,1183693.0,104964.0,36282074.0,545073.0,1222487.0,666499.0,8449907.0,16830665.0,16557631.0,4722361.0,86190.0,3088218.0
2026-03-01,2691409.0,2295151.0,7420677.0,510199.0,46360035.0,58232899.0,4035340.0,1209932.0,613017.0,2886922.0,185939.0,5455005.0,2420366.0,1812566.0,11763167.0,2593355.0,67387250.0,6163442.0,8446264.0,805583.0,129202.0,72568568.0,359020.0,2326423.0,1029642.0,6635019.0,18898970.0,14351640.0,3569992.0,265111.0,2154774.0
2026-03-02,1484934.0,1079589.0,4318982.0,566855.0,39399134.0,48543815.0,4633326.0,519354.0,194608.0,3678138.0,485827.0,1623100.0,1005222.0,1493042.0,6377265.0,876978.0,87598905.0,2950068.0,3540975.0,431907.0,196708.0,31533292.0,201821.0,1765559.0,529036.0,4573311.0,51163809.0,38214792.0,3818878.0,156700.0,1248358.0
2026-03-03,5694239.0,1612577.0,21552959.0,592381.0,44790567.0,48893261.0,9885392.0,399058.0,603679.0,5008856.0,783184.0,11886571.0,2700362.0,1518465.0,9197866.0,1178114.0,52293554.0,6740009.0,4501353.0,493155.0,196023.0,94768870.0,272122.0,4259374.0,749585.0,5805108.0,24133209.0,16871076.0,4724767.0,1142346.0,7473894.0
2026-03-04,5681375.0,4050861.0,33229029.0,455605.0,38674988.0,88822699.0,6593274.0,1075881.0,777767.0,3149431.0,1666490.0,38283391.0,906234.0,1585063.0,10805828.0,3620924.0,49985071.0,5880839.0,8944772.0,1624831.0,147782.0,52014243.0,253840.0,6447375.0,1386945.0,10237409.0,13541891.0,15636535.0,10550709.0,115612.0,7880857.0
2026-03-05,1309296.0,2281899.0,12537659.0,323862.0,78045225.0,171551979.0,6551172.0,1599086.0,4180902.0,4563617.0,500581.0,31200383.0,1287238.0,1712713.0,12868075.0,3425889.0,18049220.0,6873448.0,6823816.0,2211828.0,204241.0,14206632.0,144430.0,11146264.0,968249.0,23408905.0,9646992.0,7327735.0,4863541.0,181440.0,3409056.0
2026-03-08,5281360.0,2692975.0,60034686.0,459844.0,24554464.0,187034118.0,2128512.0,502246.0,1127784.0,2470709.0,1516452.0,40234469.0,887714.0,1113631.0,7885118.0,4069567.0,35215657.0,7442869.0,16506446.0,3292054.0,93262.0,51020486.0,270168.0,4426688.0,1253071.0,16868663.0,12408694.0,15102038.0,4816964.0,276741.0,12475070.0
2026-03-09,3040448.0,2873457.0,84259785.0,319447.0,75999698.0,162993806.0,3503813.0,1513573.0,740491.0,8427257.0,606281.0,23836180.0,1621728.0,2280978.0,15451477.0,11468145.0,48708608.0,8865427.0,12678435.0,2122421.0,57819.0,39971552.0,446876.0,8872210.0,2489204.0,8781089.0,13679883.0,16225282.0,4706961.0,303582.0,8172742.0
2026-03-10,2091433.0,2918147.0,33435271.0,588680.0,45794365.0,96468998.0,3239515.0,480933.0,412493.0,4946452.0,683408.0,8467175.0,1570414.0,1108289.0,15343461.0,12562103.0,44284434.0,6664251.0,17673509.0,1879976.0,67048.0,51038743.0,194278.0,5200939.0,695417.0,7391143.0,36706928.0,14805835.0,4519718.0,327856.0,2436547.0
2026-03-11,1896414.0,2218848.0,32050162.0,604519.0,17716181.0,57133575.0,5663870.0,1072725.0,1176646.0,1658822.0,442610.0,5265102.0,2816048.0,1222547.0,14305546.0,2213935.0,27335196.0,3145752.0,12391628.0,698284.0,37522.0,29644402.0,145140.0,1705622.0,756423.0,2972724.0,7737442.0,9577843.0,2617573.0,167271.0,1481634.0
2026-03-12,,2108616.0,,,,,,,1128020.0,1668928.0,717143.0,6874279.0,900926.0,,,,17125537.0,5194019.0,10389153.0,,,26214407.0,,,577216.0,,,,,,
2026-03-15,,2160933.0,,,,,,,539304.0,852697.0,649202.0,4439165.0,209803.0,,,,27216433.0,5980736.0,3490257.0,,,47247331.0,,,1733137.0,,,,,,
2026-03-16,,1167555.0,,,,,,,618824.0,2245362.0,217023.0,3115479.0,539124.0,,,,20641535.0,5870911.0,4775495.0,,,31429067.0,,,696859.0,,,,,,
2026-03-17,,2064648.0,,,,,,,280656.0,4213212.0,498708.0,3735868.0,854729.0,,,,27292197.0,2796535.0,9779124.0,,,19015167.0,,,360171.0,,,,,,
2026-03-18,,1161290.0,,,,,,,436115.0,3550676.0,290347.0,5113681.0,1899683.0,,,,35524933.0,12828373.0,6687191.0,,,75927866.0,,,862101.0,,,,,,
2026-03-24,,1110932.0,,,,,,,643693.0,2456732.0,524388.0,4872499.0,1194075.0,,,,37956234.0,4137112.0,4898222.0,,,132269177.0,,,468843.0,,,,,,
2026-03-25,,1756073.0,,,,,,,508957.0,7065371.0,851346.0,3195137.0,1014563.0,,,,23523189.0,7704770.0,10099460.0,,,83429599.0,,,351749.0,,,,,,
2026-03-26,,695126.0,,,,,,,568910.0,2286223.0,428386.0,4518226.0,537860.0,,,,53839178.0,3493905.0,4741976.0,,,70733580.0,,,1084553.0,,,,,,
2026-03-29,,572897.0,,,,,,,899700.0,1082198.0,881048.0,3742428.0,2944075.0,,,,25395356.0,4661083.0,6150195.0,,,204972344.0,,,1597313.0,,,,,,
2026-03-30,,571597.0,,,,,,,1546281.0,1003352.0,841062.0,2703593.0,4456789.0,,,,26776811.0,4507561.0,16832387.0,,,192120696.0,,,992679.0,,,,,,
2026-03-31,,1268563.0,,,,,,,613191.0,3423742.0,417196.0,3715053.0,504461.0,,,,37771690.0,4307900.0,8509055.0,,,159898101.0,,,953746.0,,,,,,
