datetime,ABUK,ADIB,AMOC,ARCC,BTFH,CCAP,COMI,EAST,EFID,EFIH,EGAL,EGCH,EMFD,ETEL,FWRY,GBCO,HELI,HRHO,ISPH,JUFO,MCQE,OIH,ORAS,ORHD,ORWE,PHDC,RAYA,RMDA,TMGH,VLMR,VLMRA
2007-06-21,,,,,,,,,,,,,,,,,,,,,,,,12.69600034,,,,,,,
2007-06-24,,,,,,,,,,,,,,,,,,,,,,,,12.50000034,,,,,,,
2007-06-25,,,,,,,,,,,,,,,,,,,,,,,,12.16000013,,,,,,,
2007-06-26,,,,,,,,,,,,,,,,,,,,,,,,12.33600033,,,,,,,
2007-06-27,,,,,,,,,,,,,,,,,,,,,,,,12.20000033,,,,,,,
2007-06-28,,,,,,,,,,,,,,,,,,,,,,,,12.20000033,,,,,,,
2007-07-02,,,,,,,,,,,,,,,,,,,,,,,,12.18000073,,,,,,,
2007-07-03,,,,,,,,,,,,,,,,,,,,,,,,12.19200013,,,,,,,
2007-07-04,,,,,,,,,,,,,,,,,,,,,,,,12.14000053,,,,,,,
2007-07-05,,,,,,,,,,,,,,,,,,,,,,,,12.25000033,,,,,,,
2007-07-08,,,,,,,,,,,,,,,,,,,,,,,,12.59400054,,,,,,,
2007-07-09,,,,,,,,,,,,,,,,,,,,,,,,12.59800074,,,,,,,
2007-07-10,,,,,,,,,,,,,,,,,,,,,,,,13.08000075,,,,,,,
2007-07-11,,,,,,,,,,,,,,,,,,,,,,,,13.48999976,,,,,,,
2007-07-12,,,,,,,,,,,,,,,,,,,,,,,,13.59799997,,,,,,,
2007-07-15,,,,,,,,,,,,,,,,,,,,,,,,13.80000037,,,,,,,
2007-07-16,,,,,,,,,,,,,,,,,,,,,,,,13.79400057,,,,,,,
2007-07-17,,,,,,,,,,,,,,,,,,,,,,,,14.07200058,,,,,,,
2007-07-18,,,,,,,,,,,,,,,,,,,,,,,,14.00000038,,,,,,,
2007-07-19,,,,,,,,,,,,,,,,,,,,,,,,14.00000038,,,,,,,
2007-07-22,,,,,,,,,,,,,,,,,,,,,,,,14.00000038,,,,,,,
2007-07-24,,,,,,,,,,,,,,,,,,,,,,,,14.25200078,,,,,,,
2007-07-25,,,,,,,,,,,,,,,,,,,,,,,,14.00000038,,,,,,,
2007-07-26,,,,,,,,,,,,,,,,,,,,,,,,13.65000037,,,,,,,
2007-07-29,,,,,,,,,,,,,,,,,,,,,,,,12.96000095,,,,,,,
2007-07-30,,,,,,,,,,,,,,,,,,,,,,,,13.18600036,,,,,,,
2007-07-31,,,,,,,,,,,,,,,,,,,,,,,,13.40000036,,,,,,,
2007-08-01,,,,,,,,,,,,,,,,,,,,,,,,13.58200117,,,,,,,
2007-08-02,,,,,,,,,,,,,,,,,,,,,,,,12.95000035,,,,,,,
2007-08-05,,,,,,,,,,,,,,,,,,,,,,,,12.90000035,,,,,,,
2007-08-06,,,,,,,,,,,,,,,,,,,,,,,,13.00000035,,,,,,,
2007-08-07,,,,,,,,,,,,,,,,,,,,,,,,13.09200015,,,,,,,
2007-08-08,,,,,,,,,,,,,,,,,,,,,,,,12.98000075,,,,,,,
2007-08-09,,,,,,,,,,,,,,,,,,,,,,,,13.06000095,,,,,,,
2007-08-12,,,,,,,,,,,,,,,,,,,,,,,,12.80200074,,,,,,,
2007-08-13,,,,,,,,,,,,,,,,,,,,,,,,12.88000075,,,,,,,
2007-08-14,,,,,,,,,,,,,,,,,,,,,,,,13.20000036,,,,,,,
2007-08-15,,,,,,,,,,,,,,,,,,,,,,,,13.02200055,,,,,,,
2007-08-16,,,,,,,,,,,,,,,,,,,,,,,,12.80000034,,,,,,,
2007-08-19,,,,,,,,,,,,,,,,,,,,,,,,12.50000034,,,,,,,
2007-08-20,,,,,,,,,,,,,,,,,,,,,,,,12.26000013,,,,,,,
2007-08-21,,,,,,,,,,,,,,,,,,,,,,,,12.39800073,,,,,,,
2007-08-22,,,,,,,,,,,,,,,,,,,,,,,,12.20000033,,,,,,,
2007-08-23,,,,,,,,,,,,,,,,,,,,,,,,12.20199993,,,,,,,
2007-08-26,,,,,,,,,,,,,,,,,,,,,,,,12.03000072,,,,,,,
2007-08-27,,,,,,,,,,,,,,,,,,,,,,,,14.00000038,,,,,,,
2007-08-28,,,,,,,,,,,,,,,,,,,,,,,,12.25000033,,,,,,,
2007-08-29,,,,,,,,,,,,,,,,,,,,,,,,12.25000033,,,,,,,
2007-08-30,,,,,,,,,,,,,,,,,,,,,,,,12.20000033,,,,,,,
2007-09-02,,,,,,,,,,,,,,,,,,,,,,,,12.17800013,,,,,,,
2007-09-03,,,,,,,,,,,,,,,,,,,,,,,,12.78000074,,,,,,,
2007-09-04,,,,,,,,,,,,,,,,,,,,,,,,12.69000054,,,,,,,
2007-09-05,,,,,,,,,,,,,,,,,,,,,,,,12.64000054,,,,,,,
2007-09-06,,,,,,,,,,,,,,,,,,,,,,,,12.61999994,,,,,,,
2007-09-09,,,,,,,,,,,,,,,,,,,,,,,,12.79600034,,,,,,,
2007-09-10,,,,,,,,,,,,,,,,,,,,,,,,12.80399974,,,,,,,
2007-09-11,,,,,,,,,,,,,,,,,,,,,,,,12.90000035,,,,,,,
2007-09-12,,,,,,,,,,,,,,,,,,,,,,,,12.90000035,,,,,,,
2007-09-13,,,,,,,,,,,,,,,,,,,,,,,,12.80000034,,,,,,,
2007-09-16,,,,,,,,,,,,,,,,,,,,,,,,12.83999975,,,,,,,
2007-09-17,,,,,,,,,,,,,,,,,,,,,,,,12.99799995,,,,,,,
2007-09-18,,,,,,,,,,,,,,,,,,,,,,,,13.18000076,,,,,,,
2007-09-19,,,,,,,,,,,,,,,,,,,,,,,,13.27400096,,,,,,,
2007-09-20,,,,,,,,,,,,,,,,,,,,,,,,13.20000036,,,,,,,
2007-09-23,,,,,,,,,,,,,,,,,,,,,,,,13.20000036,,,,,,,
2007-09-24,,,,,,,,,,,,,,,,,,,,,,,,13.09799995,,,,,,,
2007-09-25,,,,,,,,,,,,,,,,,,,,,,,,13.10000035,,,,,,,
2007-09-26,,,,,,,,,,,,,,,,,,,,,,,,13.00000035,,,,,,,
2007-09-27,,,,,,,,,,,,,,,,,,,,,,,,13.13800075,,,,,,,
2007-09-30,,,,,,,,,,,,,,,,,,,,,,,,13.40000036,,,,,,,
2007-10-01,,,,,,,,,,,,,,,,,,,,,,,,13.40000036,,,,,,,
2007-10-02,,,,,,,,,,,,,,,,,,,,,,,,13.97800018,,,,,,,
2007-10-03,,,,,,,,,,,,,,,,,,,,,,,,13.60000037,,,,,,,
2007-10-04,,,,,,,,,,,,,,,,,,,,,,,,13.60000037,,,,,,,
2007-10-08,,,,,,,,,,,,,,,,,,,,,,,,14.40000039,,,,,,,
2007-10-09,,,,,,,,,,,,,,,,,,,,,,,,14.29799999,,,,,,,
2007-10-10,,,,,,,,,,,,,,,,,,,,,,,,14.14200018,,,,,,,
2007-10-11,,,,,,,,,,,,,,,,,,,,,,,,14.40000039,,,,,,,
2007-10-16,,,,,,,,,,,,,,,,,,,,,,,,14.40000039,,,,,,,
2007-10-17,,,,,,,,,,,,,,,,,,,,,,,,14.20000038,,,,,,,
2007-10-18,,,,,,,,,,,,,,,,,,,,,,,,14.10000038,,,,,,,
2007-10-21,,,,,,,,,,,,,,,,,,,,,,,,14.00000038,,,,,,,
2007-10-22,,,,,,,,,,,,,,,,,,,,,,,,13.96000098,,,,,,,
2007-10-23,,,,,,,,,,,,,,,,,,,,,,,,14.00000038,,,,,,,
2007-10-24,,,,,,,,,,,,,,,,,,,,,,,,14.35000039,,,,,,,
2007-10-25,,,,,,,,,,,,,,,,,,,,,,,,14.60000039,,,,,,,
2007-10-28,,,,,,,,,,,,,,,,,,,,,,,,14.50000039,,,,,,,
2007-10-29,,,,,,,,,,,,,,,,,,,,,,,,14.45000039,,,,,,,
2007-10-30,,,,,,,,,,,,,,,,,,,,,,,,14.50399979,,,,,,,
2007-10-31,,,,,,,,,,,,,,,,,,,,,,,,14.49600099,,,,,,,
2007-11-01,,,,,,,,,,,,,,,,,,,,,,,,14.41999999,,,,,,,
2007-11-04,,,,,,,,,,,,,,,,,,,,,,,,14.40000039,,,,,,,
2007-11-05,,,,,,,,,,,,,,,,,,,,,,,,14.36999999,,,,,,,
2007-11-06,,,,,,,,,,,,,,,,,,,,,,,,14.41999999,,,,,,,
2007-11-07,,,,,,,,,,,,,,,,,,,,,,,,14.8800008,,,,,,,
2007-11-08,,,,,,,,,,,,,,,,,,,,,,,,14.21799958,,,,,,,
2007-11-11,,,,,,,,,,,,,,,,,,,,,,,,14.40000039,,,,,,,
2007-11-12,,,,,,,,,,,,,,,,,,,,,,,,14.7500004,,,,,,,
2007-11-13,,,,,,,,,,,,,,,,,,,,,,,,14.40000039,,,,,,,
2007-11-14,,,,,,,,,,,,,,,,,,,,,,,,14.60000039,,,,,,,
2007-11-15,,,,,,,,,,,,,,,,,,,,,,,,14.7800008,,,,,,,
2007-11-18,,,,,,,,,,,,,,,,,,,,,,,,14.910001,,,,,,,
2007-11-19,,,,,,,,,,,,,,,,,,,,,,,,15.11799961,,,,,,,
2007-11-20,,,,,,,,,,,,,,,,,,,,,,,,15.14800001,,,,,,,
2007-11-21,,,,,,,,,,,,,,,,,,,,,,,,15.04800001,,,,,,,
2007-11-22,,,,,,,,,,,,,,,,,,,,,,,,15.20000041,,,,,,,
2007-11-25,,,,,,,,,,,,,,,,,,,,,,,,15.30000041,,,,,,,
2007-11-26,,,,,,,,,,,,,,,,,,,,,,,,15.23999981,,,,,,,
2007-11-27,,,,,,,,,,,,,,,,,,,,,,,,15.59600102,,,,,,,
2007-11-28,,,,,,,,,,,,,,,,,,,,,,,,15.59600102,,,,,,,
2007-11-29,,,,,,,,,,,,,,,,,,,,,,,,15.60000042,,,,,,,
2007-12-02,,,,,,,,,,,,,,,,,,,,,,,,15.90000043,,,,,,,
2007-12-03,,,,,,,,,,,,,,,,,,,,,,,,15.85000043,,,,,,,
2007-12-04,,,,,,,,,,,,,,,,,,,,,,,,15.69800002,,,,,,,
2007-12-05,,,,,,,,,,,,,,,,,,,,,,,,15.96000103,,,,,,,
2007-12-06,,,,,,,,,,,,,,,,,,,,,,,,15.80399983,,,,,,,
2007-12-09,,,,,,,,,,,,,,,,,,,,,,,,15.85000043,,,,,,,
2007-12-10,,,,,,,,,,,,,,,,,,,,,,,,15.60000042,,,,,,,
2007-12-11,,,,,,,,,,,,,,,,,,,,,,,,15.80000043,,,,,,,
2007-12-12,,,,,,,,,,,,,,,,,,,,,,,,15.60000042,,,,,,,
2007-12-13,,,,,,,,,,,,,,,,,,,,,,,,15.60000042,,,,,,,
2007-12-16,,,,,,,,,,,,,,,,,,,,,,,,15.60000042,,,,,,,
2007-12-17,,,,,,,,,,,,,,,,,,,,,,,,15.78000083,,,,,,,
2007-12-23,,,,,,,,,,,,,,,,,,,,,,,,15.77800023,,,,,,,
2007-12-24,,,,,,,,,,,,,,,,,,,,,,,,15.85000043,,,,,,,
2007-12-25,,,,,,,,,,,,,,,,,,,,,,,,15.62000002,,,,,,,
2007-12-26,,,,,,,,,,,,,,,,,,,,,,,,15.70000042,,,,,,,
2007-12-27,,,,,,,,,,,,,,,,,,,,,,,,15.98600043,,,,,,,
2007-12-30,,,,,,,,,,,,,,,,,,,,,,,,16.75800065,,,,,,,
2007-12-31,,,,,,,,,,,,,,,,,,,,,,,,16.70000045,,,,,,,
2008-01-02,,,,,,,,,,,,,,,,,,,,,,,,16.94600106,,,,,,,
2008-01-03,,,,,,,,,,,,,,,,,,,,,,,,16.80200085,,,,,,,
2008-01-06,,,,,,,,,,,,,,,,,,,,,,,,17.20000046,,,,,,,
2008-01-08,,,,,,,,,,,,,,,,,,,,,,,,17.60000047,,,,,,,
2008-01-10,,,,,,,,,,,,,,,,,,,,,,,,17.80200088,,,,,,,
2008-01-13,,,,,,,,,,,,,,,,,,,,,,,,17.99200028,,,,,,,
2008-01-14,,,,,,,,,,,,,,,,,,,,,,,,17.78999988,,,,,,,
2008-01-15,,,,,,,,,,,,,,,,,,,,,,,,17.60000047,,,,,,,
2008-01-16,,,,,,,,,,,,,,,,,,,,,,,,17.50000047,,,,,,,
2008-01-17,,,,,,,,,,,,,,,,,,,,,,,,17.48400007,,,,,,,
2008-01-20,,,,,,,,,,,,,,,,,,,,,,,,17.04200026,,,,,,,
2008-01-21,,,,,,,,,,,,,,,,,,,,,,,,16.60000045,,,,,,,
2008-01-22,,,,,,,,,,,,,,,,,,,,,,,,15.68999982,,,,,,,
2008-01-23,,,,,,,,,,,,,,,,,,,,,,,,16.79600105,,,,,,,
2008-01-24,,,,,,,,,,,,,,,,,,,,,,,,15.95000043,,,,,,,
2008-01-27,,,,,,,,,,,,,,,,,,,,,,,,16.02400103,,,,,,,
2008-01-28,,,,,,,,,,,,,,,,,,,,,,,,15.79800003,,,,,,,
2008-01-29,,,,,,,,,,,,,,,,,,,,,,,,15.80000043,,,,,,,
2008-01-30,,,,,,,,,,,,,,,,,,,,,,,,15.64600102,,,,,,,
2008-01-31,,,,,,,,,,,,,,,,,,,,,,,,15.69600102,,,,,,,
2008-02-03,,,,,,,,,,,,,,,,,,,,,,,,15.99600103,,,,,,,
2008-02-04,,,,,,,,,,,,,,,,,,,,,,,,15.69600102,,,,,,,
2008-02-05,,,,,,,,,,,,,,,,,,,,,,,,16.49600104,,,,,,,
2008-02-06,,,,,,,,,,,,,,,,,,,,,,,,16.56000105,,,,,,,
2008-02-07,,,,,,,,,,,,,,,,,,,,,,,,16.60000045,,,,,,,
2008-02-10,,,,,,,,,,,,,,,,,,,,,,,,16.20000044,,,,,,,
2008-02-11,,,,,,,,,,,,,,,,,,,,,,,,16.24800004,,,,,,,
2008-02-12,,,,,,,,,,,,,,,,,,,,,,,,16.25000044,,,,,,,
2008-02-13,,,,,,,,,,,,,,,,,,,,,,,,16.28000084,,,,,,,
2008-02-14,,,,,,,,,,,,,,,,,,,,,,,,16.40000044,,,,,,,
2008-02-17,,,,,,,,,,,,,,,,,,,,,,,,16.28999984,,,,,,,
2008-02-18,,,,,,,,,,,,,,,,,,,,,,,,16.68000085,,,,,,,
2008-02-19,,,,,,,,,,,,,,,,,,,,,,,,16.84800005,,,,,,,
2008-02-20,,,,,,,,,,,,,,,,,,,,,,,,16.64200025,,,,,,,
2008-02-21,,,,,,,,,,,,,,,,,,,,,,,,16.80000045,,,,,,,
2008-02-24,,,,,,,,,,,,,,,,,,,,,,,,17.16799966,,,,,,,
2008-02-25,,,,,,,,,,,,,,,,,,,,,,,,17.50000047,,,,,,,
2008-02-26,,,,,,,,,,,,,,,,,,,,,,,,18.3780003,,,,,,,
2008-02-27,,,,,,,,,,,,,,,,,,,,,,,,18.3780003,,,,,,,
2008-02-28,,,,,,,,,,,,,,,,,,,,,,,,18.10000049,,,,,,,
2008-03-02,,,,,,,,,,,,,,,,,,,,,,,,17.89600108,,,,,,,
2008-03-03,,,,,,,,,,,,,,,,,,,,,,,,17.90000048,,,,,,,
2008-03-04,,,,,,,,,,,,,,,,,,,,,,,,18.10000049,,,,,,,
2008-03-05,,,,,,,,,,,,,,,,,,,,,,,,19.00000051,,,,,,,
2008-03-06,,,,,,,,,,,,,,,,,,,,,,,,18.79400071,,,,,,,
2008-03-09,,,,,,,,,,,,,,,,,,,,,,,,18.85000051,,,,,,,
2008-03-10,,,,,,,,,,,,,,,,,,,,,,,,18.24200029,,,,,,,
2008-03-11,,,,,,,,,,,,,,,,,,,,,,,,18.4899999,,,,,,,
2008-03-12,,,,,,,,,,,,,,,,,,,,,,,,18.6759999,,,,,,,
2008-03-13,,,,,,,,,,,,,,,,,,,,,,,,18.6000005,,,,,,,
2008-03-16,,,,,,,,,,,,,,,,,,,,,,,,18.4000005,,,,,,,
2008-03-17,,,,,,,,,,,,,,,,,,,,,,,,18.20000049,,,,,,,
2008-03-18,,,,,,,,,,,,,,,,,,,,,,,,17.88000088,,,,,,,
2008-03-19,,,,,,,,,,,,,,,,,,,,,,,,18.00000048,,,,,,,
2008-03-23,,,,,,,,,,,,,,,,,,,,,,,,17.79800008,,,,,,,
2008-03-24,,,,,,,,,,,,,,,,,,,,,,,,18.95800071,,,,,,,
2008-03-25,,,,,,,,,,,,,,,,,,,,,,,,19.00000051,,,,,,,
2008-03-26,,,,,,,,,,,,,,,,,,,,,,,,18.20000049,,,,,,,
2008-03-27,,,,,,,,,,,,,,,,,,,,,,,,17.78000088,,,,,,,
2008-03-30,,,,,,,,,,,,,,,,,,,,,,,,18.00000048,,,,,,,
2008-03-31,,,,,,,,,,,,,,,,,,,,,,,,17.68800088,,,,,,,
2008-04-01,,,,,,,,,,,,,,,,,,,,,,,,17.89600108,,,,,,,
2008-04-02,,,,,,,,,,,,,,,,,,,,,,,,17.77000008,,,,,,,
2008-04-03,,,,,,,,,,,,,,,,,,,,,,,,17.70000048,,,,,,,
2008-04-06,,,,,,,,,,,,,,,,,,,,,,,,17.70000048,,,,,,,
2008-04-07,,,,,,,,,,,,,,,,,,,,,,,,17.60000047,,,,,,,
2008-04-08,,,,,,,,,,,,,,,,,,,,,,,,17.20200086,,,,,,,
2008-04-09,,,,,,,,,,,,,,,,,,,,,,,,16.90399986,,,,,,,
2008-04-10,,,,,,,,,,,,,,,,,,,,,,,,17.30000047,,,,,,,
2008-04-13,,,,,,,,,,,,,,,,,,,,,,,,17.00000046,,,,,,,
2008-04-14,,,,,,,,,,,,,,,,,,,,,,,,16.80000045,,,,,,,
2008-04-15,,,,,,,,,,,,,,,,,,,,,,,,17.07800026,,,,,,,
2008-04-16,,,,,,,,,,,,,,,,,,,,,,,,16.80000045,,,,,,,
2008-04-17,,,,,,,,,,,,,,,,,,,,,,,,17.00000046,,,,,,,
2008-04-20,,,,,,,,,,,,,,,,,,,,,,,,17.00000046,,,,,,,
2008-04-21,,,,,,,,,,,,,,,,,,,,,,,,17.00000046,,,,,,,
2008-04-22,,,,,,,,,,,,,,,,,,,,,,,,17.27599987,,,,,,,
2008-04-23,,,,,,,,,,,,,,,,,,,,,,,,17.40000047,,,,,,,
2008-04-24,,,,,,,,,,,,,,,,,,,,,,,,18.20000049,,,,,,,
2008-04-29,,,,,,,,,,,,,,,,,,,,,,,,18.18000089,,,,,,,
2008-04-30,,,,,,,,,,,,,,,,,,,,,,,,17.40000047,,,,,,,
2008-05-04,,,,,,,,,,,,,,,,,,,,,,,,17.00000046,,,,,,,
2008-05-05,,,,,,,,,,,,,,,,,,,,,,,,16.40000044,,,,,,,
2008-05-06,,,,,,,,,,,,,,,,,,,,,,,,16.40000044,,,,,,,
2008-05-07,,,,,,,,,,,,,,,,,,,,,,,,16.20000044,,,,,,,
2008-05-08,,,,,,,,,,,,,,,,,,,,,,,,16.25000044,,,,,,,
2008-05-11,,,,,,,,,,,,,,,,,,,,,,,,16.20000044,,,,,,,
2008-05-12,,,,,,,,,,,,,,,,,,,,,,,,16.00000043,,,,,,,
2008-05-13,,,,,,,,,,,,,,,,,,,,,,,,16.58000085,,,,,,,
2008-05-14,,,,,,,,,,,,,,,,,,,,,,,,16.40000044,,,,,,,
2008-05-15,,,,,,,,,,,,,,,,,,,,,,,,16.50000044,,,,,,,
2008-05-18,,,,,,,,,,,,,,,,,,,,,,,,15.99400063,,,,,,,
2008-05-19,,,,,,,,,,,,,,,,,,,,,,,,15.98999983,,,,,,,
2008-05-20,,,,,,,,,,,,,,,,,,,,,,,,15.70000042,,,,,,,
2008-05-21,,,,,,,,,,,,,,,,,,,,,,,,14.8000004,,,,,,,
2008-05-22,,,,,,,,,,,,,,,,,,,,,,,,15.45800062,,,,,,,
2008-05-25,,,,,,,,,,,,,,,,,,,,,,,,15.20000041,,,,,,,
2008-05-26,,,,,,,,,,,,,,,,,,,,,,,,15.20000041,,,,,,,
2008-05-27,,,,,,,,,,,,,,,,,,,,,,,,14.8560002,,,,,,,
2008-05-28,,,,,,,,,,,,,,,,,,,,,,,,15.19400061,,,,,,,
2008-05-29,,,,,,,,,,,,,,,,,,,,,,,,15.0000004,,,,,,,
2008-06-01,,,,,,,,,,,,,,,,,,,,,,,,15.0000004,,,,,,,
2008-06-02,,,,,,,,,,,,,,,,,,,,,,,,15.09800001,,,,,,,
2008-06-03,,,,,,,,,,,,,,,,,,,,,,,,14.8020008,,,,,,,
2008-06-04,,,,,,,,,,,,,,,,,,,,,,,,14.774001,,,,,,,
2008-06-05,,,,,,,,,,,,,,,,,,,,,,,,14.40000039,,,,,,,
2008-06-08,,,,,,,,,,,,,,,,,,,,,,,,14.40000039,,,,,,,
2008-06-09,,,,,,,,,,,,,,,,,,,,,,,,14.25000038,,,,,,,
2008-06-10,,,,,,,,,,,,,,,,,,,,,,,,14.10000038,,,,,,,
2008-06-11,,,,,,,,,,,,,,,,,,,,,,,,14.00000038,,,,,,,
2008-06-12,,,,,,,,,,,,,,,,,,,,,,,,13.99799998,,,,,,,
2008-06-15,,,,,,,,,,,,,,,,,,,,,,,,13.71000097,,,,,,,
2008-06-16,,,,,,,,,,,,,,,,,,,,,,,,13.53000076,,,,,,,
2008-06-17,,,,,,,,,,,,,,,,,,,,,,,,13.25000036,,,,,,,
2008-06-18,,,,,,,,,,,,,,,,,,,,,,,,13.19799996,,,,,,,
2008-06-19,,,,,,,,,,,,,,,,,,,,,,,,12.00000032,,,,,,,
2008-06-22,,,,,,,,,,,,,,,,,,,,,,,,12.60000034,,,,,,,
2008-06-23,,,,,,,,,,,,,,,,,,,,,,,,12.20000033,,,,,,,
2008-06-24,,,,,,,,,,,,,,,,,,,,,,,,12.00199992,,,,,,,
2008-06-25,,,,,,,,,,,,,,,,,,,,,,,,12.10000033,,,,,,,
2008-06-26,,,,,,,,,,,,,,,,,,,,,,,,12.55000034,,,,,,,
2008-06-29,,,,,,,,,,,,,,,,,,,,,,,,13.00000035,,,,,,,
2008-06-30,,,,,,,,,,,,,,,,,,,,,,,,12.36999993,,,,,,,
2008-07-02,,,,,,,,,,,,,,,,,,,,,,,,12.35000033,,,,,,,
2008-07-03,,,,,,,,,,,,,,,,,,,,,,,,12.00000032,,,,,,,
2008-07-06,,,,,,,,,,,,,,,,,,,,,,,,11.2400005,,,,,,,
2008-07-07,,,,,,,,,,,,,,,,,,,,,,,,11.39600031,,,,,,,
2008-07-08,,,,,,,,,,,,,,,,,,,,,,,,11.39600031,,,,,,,
2008-07-09,,,,,,,,,,,,,,,,,,,,,,,,10.65000029,,,,,,,
2008-07-10,,,,,,,,,,,,,,,,,,,,,,,,10.80000029,,,,,,,
2008-07-13,,,,,,,,,,,,,,,,,,,,,,,,10.15000027,,,,,,,
2008-07-14,,,,,,,,,,,,,,,,,,,,,,,,10.20000027,,,,,,,
2008-07-15,,,,,,,,,,,,,,,,,,,,,,,,10.79800069,,,,,,,
2008-07-16,,,,,,,,,,,,,,,,,,,,,,,,9.50199986,,,,,,,
2008-07-17,,,,,,,,,,,,,,,,,,,,,,,,9.14000045,,,,,,,
2008-07-20,,,,,,,,,,,,,,,,,,,,,,,,10.18000067,,,,,,,
2008-07-21,,,,,,,,,,,,,,,,,,,,,,,,10.00000027,,,,,,,
2008-07-22,,,,,,,,,,,,,,,,,,,,,,,,10.00000027,,,,,,,
2008-07-24,,,,,,,,,,,,,,,,,,,,,,,,10.20000027,,,,,,,
2008-07-27,,,,,,,,,,,,,,,,,,,,,,,,10.44400048,,,,,,,
2008-07-28,,,,,,,,,,,,,,,,,,,,,,,,10.20000027,,,,,,,
2008-07-29,,,,,,,,,,,,,,,,,,,,,,,,10.10000027,,,,,,,
2008-07-30,,,,,,,,,,,,,,,,,,,,,,,,10.20000027,,,,,,,
2008-07-31,,,,,,,,,,,,,,,,,,,,,,,,10.20000027,,,,,,,
2008-08-03,,,,,,,,,,,,,,,,,,,,,,,,9.45000025,,,,,,,
2008-08-04,,,,,,,,,,,,,,,,,,,,,,,,9.90000027,,,,,,,
2008-08-05,,,,,,,,,,,,,,,,,,,,,,,,10.19600027,,,,,,,
2008-08-06,,,,,,,,,,,,,,,,,,,,,,,,10.19200007,,,,,,,
2008-08-07,,,,,,,,,,,,,,,,,,,,,,,,10.15800047,,,,,,,
2008-08-10,,,,,,,,,,,,,,,,,,,,,,,,10.28000068,,,,,,,
2008-08-11,,,,,,,,,,,,,,,,,,,,,,,,10.28000068,,,,,,,
2008-08-12,,,,,,,,,,,,,,,,,,,,,,,,9.46400025,,,,,,,
2008-08-13,,,,,,,,,,,,,,,,,,,,,,,,10.10000027,,,,,,,
2008-08-14,,,,,,,,,,,,,,,,,,,,,,,,10.00000027,,,,,,,
2008-08-17,,,,,,,,,,,,,,,,,,,,,,,,9.62200046,,,,,,,
2008-08-18,,,,,,,,,,,,,,,,,,,,,,,,9.52400006,,,,,,,
2008-08-19,,,,,,,,,,,,,,,,,,,,,,,,9.98000067,,,,,,,
2008-08-20,,,,,,,,,,,,,,,,,,,,,,,,9.60000026,,,,,,,
2008-08-21,,,,,,,,,,,,,,,,,,,,,,,,9.40000025,,,,,,,
2008-08-25,,,,,,,,,,,,,,,,,,,,,,,,9.15000025,,,,,,,
2008-08-26,,,,,,,,,,,,,,,,,,,,,,,,9.15000025,,,,,,,
2008-08-27,,,,,,,,,,,,,,,,,,,,,,,,9.00000024,,,,,,,
2008-08-28,,,,,,,,,,,,,,,,,,,,,,,,8.94000044,,,,,,,
2008-08-31,,,,,,,,,,,,,,,,,,,,,,,,8.40199983,,,,,,,
2008-09-01,,,,,,,,,,,,,,,,,,,,,,,,9.00000024,,,,,,,
2008-09-02,,,,,,,,,,,,,,,,,,,,,,,,8.79600024,,,,,,,
2008-09-03,,,,,,,,,,,,,,,,,,,,,,,,8.60000023,,,,,,,
2008-09-04,,,,,,,,,,,,,,,,,,,,,,,,8.60000023,,,,,,,
2008-09-07,,,,,,,,,,,,,,,,,,,,,,,,8.98000064,,,,,,,
2008-09-08,,,,,,,,,,,,,,,,,,,,,,,,8.95000024,,,,,,,
2008-09-09,,,,,,,,,,,,,,,,,,,,,,,,9.10000025,,,,,,,
2008-09-10,,,,,0.18593723,,,,,,,,,,,,,,,,,,,8.80000024,,,,,,,
2008-09-11,,,,,0.18593723,,,,,,,,,,,,,,,,,,,8.50000023,,,,,,,
2008-09-14,,,,,0.18593723,,,,,,,,,,,,,,,,,,,9.20000025,,,,,,,
2008-09-15,,,,,0.18593723,,,,,,,,,,,,,,,,,,,7.96000001,,,,,,,
2008-09-16,,,,,0.18593723,,,,,,,,,,,,,,,,,,,7.606,,,,,,,
2008-09-17,,,,,0.18593723,,,,,,,,,,,,,,,,,,,7.5900004,,,,,,,
2008-09-21,,,,,0.18593723,,,,,,,,,,,,,,,,,,,8.60000023,,,,,,,
2008-09-22,,,,,0.18593723,,,,,,,,,,,,,,,,,,,7.6000002,,,,,,,
2008-09-23,,,,,0.18593723,,,,,,,,,,,,,,,,,,,7.00199979,,,,,,,
2008-09-24,,,,,0.18593723,,,,,,,,,,,,,,,,,,,7.20000019,,,,,,,
2008-09-25,,,,,0.18593723,,,,,,,,,,,,,,,,,,,7.3800006,,,,,,,
2008-09-28,,,,,0.18593723,,,,,,,,,,,,,,,,,,,7.36,,,,,,,
2008-09-29,,,,,0.18593723,,,,,,,,,,,,,,,,,,,8.40000023,,,,,,,
2008-10-07,,,,,0.18593723,,,,,,,,,,,,,,,,,,,8.20000022,,,,,,,
2008-10-08,,,,,0.18593723,,,,,,,,,,,,,,,,,,,8.00199982,,,,,,,
2008-10-09,,,,,0.18593723,,,,,,,,,,,,,,,,,,,8.80000024,,,,,,,
2008-10-12,,,,,0.18593723,,,,,,,,,,,,,,,,,,,8.00000022,,,,,,,
2008-10-13,,,,,0.18593723,,,,,,,,,,,,,,,,,,,8.80000024,,,,,,,
2008-10-14,,,,,0.18593723,,,,,,,,,,,,,,,,,,,8.10000022,,,,,,,
2008-10-15,,,,,0.18593723,,,,,,,,,,,,,,,,,,,8.00000022,,,,,,,
2008-10-16,,,,,0.18593723,,,,,,,,,,,,,,,,,,,8.39800063,,,,,,,
2008-10-19,,,,,0.18593723,,,,,,,,,,,,,,,,,,,8.37800003,,,,,,,
2008-10-20,,,,,0.18593723,,,,,,,,,,,,,,,,,,,7.524,,,,,,,
2008-10-21,,,,,0.18593723,,,,,,,,,,,,,,,,,,,7.20199979,,,,,,,
2008-10-22,,,,,0.18593723,,,,,,,,,,,,,,,,,,,6.41999977,,,,,,,
2008-10-23,,,,,0.18593723,,,,,,,,,,,,,,,,,,,6.20000017,,,,,,,
2008-10-26,,,,,0.18593723,,,,,,,,,,,,,,,,,,,7.20000019,,,,,,,
2008-10-28,,,,,0.18593723,,,,,,,,,,,,,,,,,,,5.90000016,,,,,,,
2008-10-29,,,,,0.18593723,,,,,,,,,,,,,,,,,,,6.40000017,,,,,,,
2008-10-30,,,,,0.18593723,,,,,,,,,,,,,,,,,,,5.77599996,,,,,,,
2008-11-02,,,,,0.18593723,,,,,,,,,,,,,,,,,,,5.80000016,,,,,,,
2008-11-03,,,,,0.18593723,,,,,,,,,,,,,,,,,,,6.05000016,,,,,,,
2008-11-04,,,,,0.18593723,,,,,,,,,,,,,,,,,,,6.55199978,,,,,,,
2008-11-05,,,,,0.18593723,,,,,,,,,,,,,,,,,,,5.99800016,,,,,,,
2008-11-06,,,,,0.18593723,,,,,,,,,,,,,,,,,,,6.05000016,,,,,,,
2008-11-09,,,,,0.18593723,,,,,,,,,,,,,,,,,,,6.00000016,,,,,,,
2008-11-10,,,,,0.18593723,,,,,,,,,,,,,,,,,,,5.94000036,,,,,,,
2008-11-11,,,,,0.18593723,,,,,,,,,,,,,,,,,,,5.80000016,,,,,,,
2008-11-13,,,,,0.18593723,,,,,,,,,,,,,,,,,,,5.40000015,,,,,,,
2008-11-16,,,,,0.18593723,,,,,,,,,,,,,,,,,,,5.40200015,,,,,,,
2008-11-18,,,,,0.18593723,,,,,,,,,,,,,,,,,,,4.60000012,,,,,,,
2008-11-19,,,,,0.18593723,,,,,,,,,,,,,,,,,,,4.50000012,,,,,,,
2008-11-20,,,,,0.18593723,,,,,,,,,,,,,,,,,,,4.00000011,,,,,,,
2008-11-23,,,,,0.18593723,,,,,,,,,,,,,,,,,,,4.10000011,,,,,,,
2008-11-24,,,,,0.18593723,,,,,,,,,,,,,,,,,,,4.92000013,,,,,,,
2008-11-26,,,,,0.18593723,,,,,,,,,,,,,,,,,,,4.22000011,,,,,,,
2008-11-27,,,,,0.18593723,,,,,,,,,,,,,,,,,,,4.48000012,,,,,,,
2008-12-01,,,,,0.18593723,,,,,,,,,,,,,,,,,,,4.48000012,,,,,,,
2008-12-02,,,,,0.18593723,,,,,,,,,,,,,,,,,,,3.98000011,,,,,,,
2008-12-03,,,,,0.18593723,,,,,,,,,,,,,,,,,,,4.05000011,,,,,,,
2008-12-04,,,,,0.18593723,,,,,,,,,,,,,,,,,,,3.93200011,,,,,,,
2008-12-10,,,,,0.18593723,,,,,,,,,,,,,,,,,,,3.99600011,,,,,,,
2008-12-11,,,,,0.18593723,,,,,,,,,,,,,,,,,,,3.99000031,,,,,,,
2008-12-14,,,,,0.18593723,,,,,,,,,,,,,,,,,,,3.6640001,,,,,,,
2008-12-15,,,,,0.18593723,,,,,,,,,,,,,,,,,,,3.8000001,,,,,,,
2008-12-16,,,,,0.18593723,,,,,,,,,,,,,,,,,,,3.6800001,,,,,,,
2008-12-17,,,,,0.18593723,,,,,,,,,,,,,,,,,,,3.7680001,,,,,,,
2008-12-18,,,,,0.18593723,,,,,,,,,,,,,,,,,,,3.7000001,,,,,,,
2008-12-21,,,,,0.18593723,,,,,,,,,,,,,,,,,,,3.5980001,,,,,,,
2008-12-22,,,,,0.18593723,,,,,,,,,,,,,,,,,,,3.6619999,,,,,,,
2008-12-23,,,,,0.18593723,,,,,,,,,,,,,,,,,,,3.6000001,,,,,,,
2008-12-28,,,,,0.18593723,,,,,,,,,,,,,,,,,,,3.40200009,,,,,,,
2008-12-30,,,,,0.18593723,,,,,,,,,,,,,,,,,,,3.8000001,,,,,,,
2008-12-31,,,,,0.18593723,,,,,,,,,,,,,,,,,,,3.6599999,,,,,,,
2009-01-04,,,,,0.18593723,,,,,,,,,,,,,,,,,,,3.5500001,,,,,,,
2009-01-05,,,,,0.18593723,,,,,,,,,,,,,,,,,,,3.5800001,,,,,,,
2009-01-06,,,,,0.18593723,,,,,,,,,,,,,,,,,,,3.5500001,,,,,,,
2009-01-08,,,,,0.18593723,,,,,,,,,,,,,,,,,,,3.5900003,,,,,,,
2009-01-11,,,,,0.18593723,,,,,,,,,,,,,,,,,,,3.7000001,,,,,,,
2009-01-12,,,,,0.18593723,,,,,,,,,,,,,,,,,,,3.5619999,,,,,,,
2009-01-13,,,,,0.18593723,,,,,,,,,,,,,,,,,,,3.40600029,,,,,,,
2009-01-14,,,,,0.18593723,,,,,,,,,,,,,,,,,,,3.48000009,,,,,,,
2009-01-15,,,,,0.18593723,,,,,,,,,,,,,,,,,,,3.43200009,,,,,,,
2009-01-18,,,,,0.18593723,,,,,,,,,,,,,,,,,,,3.40000009,,,,,,,
2009-01-19,,,,,0.18593723,,,,,,,,,,,,,,,,,,,3.40000009,,,,,,,
2009-01-20,,,,,0.18593723,,,,,,,,,,,,,,,,,,,3.30000009,,,,,,,
2009-01-21,,,,,0.18593723,,,,,,,,,,,,,,,,,,,3.10200008,,,,,,,
2009-01-22,,,,,0.18593723,,,,,,,,,,,,,,,,,,,3.39399989,,,,,,,
2009-01-25,,,,,0.18593723,,,,,,,,,,,,,,,,,,,2.81000008,,,,,,,
2009-01-26,,,,,0.18593723,,,,,,,,,,,,,,,,,,,2.83000008,,,,,,,
2009-01-27,,,,,0.18593723,,,,,,,,,,,,,,,,,,,3.13800008,,,,,,,
2009-01-29,,,,,0.18593723,,,,,,,,,,,,,,,,,,,3.17800009,,,,,,,
2009-02-02,,,,,0.18593723,,,,,,,,,,,,,,,,,,,2.61400007,,,,,,,
2009-02-04,,,,,0.18593723,,,,,,,,,,,,,,,,,,,2.70000007,,,,,,,
2009-02-08,,,,,0.18593723,,,,,,,,,,,,,,,,,,,2.73000007,,,,,,,
2009-02-10,,,,,0.18593723,,,,,,,,,,,,,,,,,,,2.44000007,,,,,,,
2009-02-11,,,,,0.18593723,,,,,,,,,,,,,,,,,,,2.60000007,,,,,,,
2009-02-12,,,,,0.18593723,,,,,,,,,,,,,,,,,,,2.51400007,,,,,,,
2009-02-15,,,,,0.18593723,,,,,,,,,,,,,,,,,,,2.58000007,,,,,,,
2009-02-16,,,,,0.18593723,,,,,,,,,,,,,,,,,,,2.40000006,,,,,,,
2009-02-17,,,,,0.18593723,,,,,,,,,,,,,,,,,,,2.40000006,,,,,,,
2009-02-19,,,,,0.18593723,,,,,,,,,,,,,,,,,,,2.35800006,,,,,,,
2009-02-22,,,,,0.18593723,,,,,,,,,,,,,,,,,,,2.16000006,,,,,,,
2009-02-23,,,,,0.18593723,,,,,,,,,,,,,,,,,,,2.19800006,,,,,,,
2009-02-24,,,,,0.18593723,,,,,,,,,,,,,,,,,,,2.10000006,,,,,,,
2009-02-25,,,,,0.18593723,,,,,,,,,,,,,,,,,,,2.39000006,,,,,,,
2009-02-26,,,,,0.18593723,,,,,,,,,,,,,,,,,,,2.44800007,,,,,,,
2009-03-01,,,,,0.18593723,,,,,,,,,,,,,,,,,,,2.50000007,,,,,,,
2009-03-02,,,,,0.18593723,,,,,,,,,,,,,,,,,,,2.40000006,,,,,,,
2009-03-03,,,,,0.18593723,,,,,,,,,,,,,,,,,,,2.20200006,,,,,,,
2009-03-04,,,,,0.18593723,,,,,,,,,,,,,,,,,,,2.62800007,,,,,,,
2009-03-05,,,,,0.18593723,,,,,,,,,,,,,,,,,,,2.35000006,,,,,,,
2009-03-08,,,,,0.18593723,,,,,,,,,,,,,,,,,,,2.40000006,,,,,,,
2009-03-10,,,,,0.18593723,,,,,,,,,,,,,,,,,,,2.40000006,,,,,,,
2009-03-11,,,,,0.18593723,,,,,,,,,,,,,,,,,,,2.70000007,,,,,,,
2009-03-12,,,,,0.18593723,,,,,,,,,,,,,,,,,,,2.60200007,,,,,,,
2009-03-15,,,,,0.18593723,,,,,,,,,,,,,,,,,,,2.59600007,,,,,,,
2009-03-16,,,,,0.18593723,,,,,,,,,,,,,,,,,,,2.48000007,,,,,,,
2009-03-17,,,,,0.18593723,,,,,,,,,,,,,,,,,,,2.54600007,,,,,,,
2009-03-18,,,,,0.18593723,,,,,,,,,,,,,,,,,,,2.49000007,,,,,,,
2009-03-19,,,,,0.18593723,,,,,,,,,,,,,,,,,,,2.46800007,,,,,,,
2009-03-22,,,,,0.18593723,,,,,,,,,,,,,,,,,,,2.47800007,,,,,,,
2009-03-23,,,,,0.18593723,,,,,,,,,,,,,,,,,,,2.65800007,,,,,,,
2009-03-24,,,,,0.18593723,,,,,,,,,,,,,,,,,,,2.74000007,,,,,,,
2009-03-25,,,,,0.18593723,,,,,,,,,,,,,,,,,,,3.15600009,,,,,,,
2009-03-26,,,,,0.18593723,,,,,,,,,,,,,,,,,,,3.5480001,,,,,,,
2009-03-29,,,,,0.18593723,,,,,,,,,,,,,,,,,,,3.8800001,,,,,,,
2009-03-30,,,,,0.18593723,,,,,,,,,,,,,,,,,,,3.6300001,,,,,,,
2009-03-31,,,,,0.18593723,,,,,,,,,,,,,,,,,,,3.39600009,,,,,,,
2009-04-01,,,,,0.18593723,,,,,,,,,,,,,,,,,,,3.33000009,,,,,,,
2009-04-02,,,,,0.18593723,,,,,,,,,,,,,,,,,,,3.29600009,,,,,,,
2009-04-05,,,,,0.18593723,,,,,,,,,,,,,,,,,,,3.47000009,,,,,,,
2009-04-06,,,,,0.18593723,,,,,,,,,,,,,,,,,,,3.50000009,,,,,,,
2009-04-07,,,,,0.18593723,,,,,,,,,,,,,,,,,,,3.45000009,,,,,,,
2009-04-08,,,,,0.18593723,,,,,,,,,,,,,,,,,,,3.40600029,,,,,,,
2009-04-09,,,,,0.18593723,,,,,,,,,,,,,,,,,,,3.40000009,,,,,,,
2009-04-12,,,,,0.18593723,,,,,,,,,,,,,,,,,,,3.5700001,,,,,,,
2009-04-13,,,,,0.18593723,,,,,,,,,,,,,,,,,,,3.50000009,,,,,,,
2009-04-14,,,,,0.18593723,,,,,,,,,,,,,,,,,,,3.42000009,,,,,,,
2009-04-15,,,,,0.18593723,,,,,,,,,,,,,,,,,,,3.40000009,,,,,,,
2009-04-16,,,,,0.18593723,,,,,,,,,,,,,,,,,,,3.39800009,,,,,,,
2009-04-21,,,,,0.18593723,,,,,,,,,,,,,,,,,,,3.34000029,,,,,,,
2009-04-22,,,,,0.18593723,,,,,,,,,,,,,,,,,,,3.34000029,,,,,,,
2009-04-23,,,,,0.18593723,,,,,,,,,,,,,,,,,,,3.37799989,,,,,,,
2009-04-26,,,,,0.18593723,,,,,,,,,,,,,,,,,,,3.5380003,,,,,,,
2009-04-27,,,,,0.18593723,,,,,,,,,,,,,,,,,,,3.40000009,,,,,,,
2009-04-28,,,,,0.18593723,,,,,,,,,,,,,,,,,,,3.40800029,,,,,,,
2009-04-29,,,,,0.18593723,,,,,,,,,,,,,,,,,,,3.6700001,,,,,,,
2009-04-30,,,,,0.18593723,,,,,,,,,,,,,,,,,,,3.6480001,,,,,,,
2009-05-03,,,,,0.18593723,,,,,,,,,,,,,,,,,,,3.6000001,,,,,,,
2009-05-04,,,,,0.18593723,,,,,,,,,,,,,,,,,,,3.6000001,,,,,,,
2009-05-05,,,,,0.18593723,,,,,,,,,,,,,,,,,,,3.47200029,,,,,,,
2009-05-06,,,,,0.18593723,,,,,,,,,,,,,,,,,,,3.5480001,,,,,,,
2009-05-07,,,,,0.18593723,,,,,,,,,,,,,,,,,,,3.6380003,,,,,,,
2009-05-10,,,,,0.18593723,,,,,,,,,,,,,,,,,,,4.10000011,,,,,,,
2009-05-11,,,,,0.18593723,,,,,,,,,,,,,,,,,,,4.00000011,,,,,,,
2009-05-12,,,,,0.18593723,,,,,,,,,,,,,,,,,,,4.20000011,,,,,,,
2009-05-13,,,,,0.18593723,,,,,,,,,,,,,,,,,,,4.17599991,,,,,,,
2009-05-14,,,,,0.18593723,,,,,,,,,,,,,,,,,,,3.7980001,,,,,,,
2009-05-17,,,,,0.18593723,,,,,,,,,,,,,,,,,,,3.8000001,,,,,,,
2009-05-18,,,,,0.18593723,,,,,,,,,,,,,,,,,,,3.8400003,,,,,,,
2009-05-19,,,,,0.18593723,,,,,,,,,,,,,,,,,,,3.90999991,,,,,,,
2009-05-20,,,,,0.18593723,,,,,,,,,,,,,,,,,,,3.7119999,,,,,,,
2009-05-21,,,,,0.18593723,,,,,,,,,,,,,,,,,,,3.7000001,,,,,,,
2009-05-24,,,,,0.18593723,,,,,,,,,,,,,,,,,,,3.6000001,,,,,,,
2009-05-25,,,,,0.18593723,,,,,,,,,,,,,,,,,,,3.8000001,,,,,,,
2009-05-26,,,,,0.18593723,,,,,,,,,,,,,,,,,,,3.8000001,,,,,,,
2009-05-27,,,,,0.18593723,,,,,,,,,,,,,,,,,,,3.8000001,,,,,,,
2009-05-28,,,,,0.18593723,,,,,,,,,,,,,,,,,,,3.6800001,,,,,,,
2009-05-31,,,,,0.18593723,,,,,,,,,,,,,,,,,,,3.8500001,,,,,,,
2009-06-01,,,,,0.18593723,,,,,,,,,,,,,,,,,,,4.05999991,,,,,,,
2009-06-02,,,,,0.18593723,,,,,,,,,,,,,,,,,,,4.20000011,,,,,,,
2009-06-03,,,,,0.18593723,,,,,,,,,,,,,,,,,,,4.09800011,,,,,,,
2009-06-04,,,,,0.18593723,,,,,,,,,,,,,,,,,,,4.24000031,,,,,,,
2009-06-07,,,,,0.18593723,,,,,,,,,,,,,,,,,,,4.14000031,,,,,,,
2009-06-08,,,,,0.18593723,,,,,,,,,,,,,,,,,,,4.59399992,,,,,,,
2009-06-09,,,,,0.18593723,,,,,,,,,,,,,,,,,,,4.65999993,,,,,,,
2009-06-10,,,,,0.18593723,,,,,,,,,,,,,,,,,,,4.61800012,,,,,,,
2009-06-11,,,,,0.18593723,,,,,,,,,,,,,,,,,,,4.90000013,,,,,,,
2009-06-14,,,,,0.18593723,,,,,,,,,,,,,,,,,,,5.05999994,,,,,,,
2009-06-15,,,,,0.18593723,,,,,,,,,,,,,,,,,,,4.95999993,,,,,,,
2009-06-16,,,,,0.18593723,,,,,,,,,,,,,,,,,,,4.99800013,,,,,,,
2009-06-17,,,,,0.18593723,,,,,,,,,,,,,,,,,,,4.97799993,,,,,,,
2009-06-18,,,,,0.18593723,,,,,,,,,,,,,,,,,,,4.82000013,,,,,,,
2009-06-21,,,,,0.18593723,,,,,,,,,,,,,,,,,,,4.80000013,,,,,,,
2009-06-22,,,,,0.18593723,,,,,,,,,,,,,,,,,,,4.69000033,,,,,,,
2009-06-23,,,,,0.18593723,,,,,,,,,,,,,,,,,,,4.49000032,,,,,,,
2009-06-24,,,,,0.18593723,,,,,,,,,,,,,,,,,,,4.58000012,,,,,,,
2009-06-25,,,,,0.18593723,,,,,,,,,,,,,,,,,,,4.10000011,,,,,,,
2009-06-28,,,,,0.18593723,,,,,,,,,,,,,,,,,,,4.05000011,,,,,,,
2009-06-29,,,,,0.18593723,,,,,,,,,,,,,,,,,,,4.15999991,,,,,,,
2009-06-30,,,,,0.18593723,,,,,,,,,,,,,,,,,,,4.47000012,,,,,,,
2009-07-02,,,,,0.18593723,,,,,,,,,,,,,,,,,,,4.50000012,,,,,,,
2009-07-05,,,,,0.18593723,,,,,,,,,,,,,,,,,,,4.45999992,,,,,,,
2009-07-06,,,,,0.18593723,,,,,,,,,,,,,,,,,,,4.45999992,,,,,,,
2009-07-07,,,,,0.18593723,,,,,,,,,,,,,,,,,,,4.44000032,,,,,,,
2009-07-08,,,,,0.18593723,,,,,,,,,,,,,,,,,,,4.16600011,,,,,,,
2009-07-09,,,,,0.18593723,,,,,,,,,,,,,,,,,,,4.20000011,,,,,,,
2009-07-12,,,,,0.18593723,,,,,,,,,,,,,,,,,,,4.05999991,,,,,,,
2009-07-13,,,,,0.18593723,,,,,,,,,,,,,,,,,,,4.16800011,,,,,,,
2009-07-14,,,,,0.18593723,,,,,,,,,,,,,,,,,,,4.27599992,,,,,,,
2009-07-16,,,,,0.18593723,,,,,,,,,,,,,,,,,,,4.45999992,,,,,,,
2009-07-20,,,,,0.18593723,,,,,,,,,,,,,,,,,,,4.38000012,,,,,,,
2009-07-21,,,,,0.18593723,,,,,,,,,,,,,,,,,,,4.32000012,,,,,,,
2009-07-22,,,,,0.18593723,,,,,,,,,,,,,,,,,,,4.57799992,,,,,,,
2009-07-26,,,,,0.18593723,,,,,,,,,,,,,,,,,,,4.65000013,,,,,,,
2009-07-27,,,,,0.18593723,,,,,,,,,,,,,,,,,,,4.47599992,,,,,,,
2009-07-28,,,,,0.18593723,,,,,,,,,,,,,,,,,,,4.52000012,,,,,,,
2009-07-29,,,,,0.18593723,,,,,,,,,,,,,,,,,,,4.63000012,,,,,,,
2009-07-30,,,,,0.18593723,,,,,,,,,,,,,,,,,,,4.70000013,,,,,,,
2009-08-02,,,,,0.18593723,,,,,,,,,,,,,,,,,,,4.93000013,,,,,,,
2009-08-03,,,,,0.18593723,,,,,,,,,,,,,,,,,,,4.69000033,,,,,,,
2009-08-04,,,,,0.18593723,,,,,,,,,,,,,,,,,,,4.53200012,,,,,,,
2009-08-05,,,,,0.18593723,,,,,,,,,,,,,,,,,,,4.59600012,,,,,,,
2009-08-06,,,,,0.18593723,,,,,,,,,,,,,,,,,,,4.52000012,,,,,,,
2009-08-09,,,,,0.18593723,,,,,,,,,,,,,,,,,,,4.79000033,,,,,,,
2009-08-10,,,,,0.18593723,,,,,,,,,,,,,,,,,,,4.65999993,,,,,,,
2009-08-11,,,,,0.18593723,,,,,,,,,,,,,,,,,,,4.69600013,,,,,,,
2009-08-12,,,,,0.18593723,,,,,,,,,,,,,,,,,,,4.66600013,,,,,,,
2009-08-13,,,,,0.18593723,,,,,,,,,,,,,,,,,,,4.60000012,,,,,,,
2009-08-16,,,,,0.18593723,,,,,,,,,,,,,,,,,,,4.67000013,,,,,,,
2009-08-17,,,,,0.18593723,,,,,,,,,,,,,,,,,,,4.53800032,,,,,,,
2009-08-18,,,,,0.18593723,,,,,,,,,,,,,,,,,,,4.45999992,,,,,,,
2009-08-19,,,,,0.18593723,,,,,,,,,,,,,,,,,,,4.33000012,,,,,,,
2009-08-20,,,,,0.18593723,,,,,,,,,,,,,,,,,,,4.25800031,,,,,,,
2009-08-23,,,,,0.18593723,,,,,,,,,,,,,,,,,,,4.44000032,,,,,,,
2009-08-24,,,,,0.18593723,,,,,,,,,,,,,,,,,,,4.40000012,,,,,,,
2009-08-25,,,,,0.18593723,,,,,,,,,,,,,,,,,,,4.40000012,,,,,,,
2009-08-26,,,,,0.18593723,,,,,,,,,,,,,,,,,,,4.35400012,,,,,,,
2009-08-27,,,,,0.18593723,,,,,,,,,,,,,,,,,,,4.40000012,,,,,,,
2009-08-30,,,,,0.18593723,,,,,,,,,,,,,,,,,,,4.36800012,,,,,,,
2009-08-31,,,,,0.18593723,,,,,,,,,,,,,,,,,,,4.33000012,,,,,,,
2009-09-01,,,,,0.18593723,,,,,,,,,,,,,,,,,,,4.40000012,,,,,,,
2009-09-02,,,,,0.18593723,,,,,,,,,,,,,,,,,,,4.37200032,,,,,,,
2009-09-03,,,,,0.18593723,,,,,,,,,,,,,,,,,,,4.55000012,,,,,,,
2009-09-06,,,,,0.18593723,,,,,,,,,,,,,,,,,,,4.67400033,,,,,,,
2009-09-07,,,,,0.18593723,,,,,,,,,,,,,,,,,,,5.52000015,,,,,,,
2009-09-08,,,,,0.18593723,,,,,,,,,,,,,,,,,,,5.49000035,,,,,,,
2009-09-09,,,,,0.18593723,,,,,,,,,,,,,,,,,,,5.99000036,,,,,,,
2009-09-10,,,,,0.18593723,,,,,,,,,,,,,,,,,,,6.38800037,,,,,,,
2009-09-13,,,,,0.18593723,,,,,,,,,,,,,,,,,,,6.20000017,,,,,,,
2009-09-14,,,,,0.18593723,,,,,,,,,,,,,,,,,,,5.97599996,,,,,,,
2009-09-15,,,,,0.18593723,,,,,,,,,,,,,,,,,,,5.70000015,,,,,,,
2009-09-16,,,,,0.18593723,,,,,,,,,,,,,,,,,,,6.00200016,,,,,,,
2009-09-17,,,,,0.18593723,,,,,,,,,,,,,,,,,,,6.58000058,,,,,,,
2009-09-22,,,,,0.18593723,,,,,,,,,,,,,,,,,,,7.61800021,,,,,,,
2009-09-23,,,,,0.18593723,,,,,,,,,,,,,,,,,,,8.00000022,,,,,,,
2009-09-24,,,,,0.18593723,,,,,,,,,,,,,,,,,,,8.20000022,,,,,,,
2009-09-27,,,,,0.18593723,,,,,,,,,,,,,,,,,,,7.89000041,,,,,,,
2009-09-28,,,,,0.18593723,,,,,,,,,,,,,,,,,,,7.84600021,,,,,,,
2009-09-29,,,,,0.18593723,,,,,,,,,,,,,,,,,,,7.76000001,,,,,,,
2009-09-30,,,,,0.18593723,,,,,,,,,,,,,,,,,,,7.3720004,,,,,,,
2009-10-01,,,,,0.18593723,,,,,,,,,,,,,,,,,,,7.5720004,,,,,,,
2009-10-04,,,,,0.18593723,,,,,,,,,,,,,,,,,,,7.4000002,,,,,,,
2009-10-05,,,,,0.18593723,,,,,,,,,,,,,,,,,,,6.99800059,,,,,,,
2009-10-07,,,,,0.18593723,,,,,,,,,,,,,,,,,,,7.00000019,,,,,,,
2009-10-08,,,,,0.18593723,,,,,,,,,,,,,,,,,,,6.88000059,,,,,,,
2009-10-11,,,,,0.18593723,,,,,,,,,,,,,,,,,,,7.20400019,,,,,,,
2009-10-12,,,,,0.18593723,,,,,,,,,,,,,,,,,,,7.19600019,,,,,,,
2009-10-13,,,,,0.18593723,,,,,,,,,,,,,,,,,,,6.61999978,,,,,,,
2009-10-14,,,,,0.18593723,,,,,,,,,,,,,,,,,,,6.89600019,,,,,,,
2009-10-15,,,,,0.18593723,,,,,,,,,,,,,,,,,,,6.80000018,,,,,,,
2009-10-18,,,,,0.18593723,,,,,,,,,,,,,,,,,,,6.74000038,,,,,,,
2009-10-19,,,,,0.18593723,,,,,,,,,,,,,,,,,,,6.78000058,,,,,,,
2009-10-20,,,,,0.18593723,,,,,,,,,,,,,,,,,,,7.00400019,,,,,,,
2009-10-21,,,,,0.18593723,,,,,,,,,,,,,,,,,,,6.98000059,,,,,,,
2009-10-22,,,,,0.18593723,,,,,,,,,,,,,,,,,,,6.85999998,,,,,,,
2009-10-25,,,,,0.18593723,,,,,,,,,,,,,,,,,,,6.89400039,,,,,,,
2009-10-26,,,,,0.18593723,,,,,,,,,,,,,,,,,,,6.71999978,,,,,,,
2009-10-27,,,,,0.18593723,,,,,,,,,,,,,,,,,,,6.55999998,,,,,,,
2009-10-28,,,,,0.18593723,,,,,,,,,,,,,,,,,,,6.60000018,,,,,,,
2009-10-29,,,,,0.18593723,,,,,,,,,,,,,,,,,,,6.37200037,,,,,,,
2009-11-01,,,,,0.18593723,,,,,,,,,,,,,,,,,,,6.10000016,,,,,,,
2009-11-02,,,,,0.18593723,,,,,,,,,,,,,,,,,,,6.00000016,,,,,,,
2009-11-03,,,,,0.18593723,,,,,,,,,,,,,,,,,,,5.65000015,,,,,,,
2009-11-04,,,,,0.18593723,,,,,,,,,,,,,,,,,,,5.40600035,,,,,,,
2009-11-05,,,,,0.18593723,,,,,,,,,,,,,,,,,,,5.40000015,,,,,,,
2009-11-08,,,,,0.18593723,,,,,,,,,,,,,,,,,,,6.38000017,,,,,,,
2009-11-09,,,,,0.18593723,,,,,,,,,,,,,,,,,,,6.20000017,,,,,,,
2009-11-10,,,,,0.18593723,,,,,,,,,,,,,,,,,,,6.00000016,,,,,,,
2009-11-11,,,,,0.18593723,,,,,,,,,,,,,,,,,,,6.00200016,,,,,,,
2009-11-12,,,,,0.18593723,,,,,,,,,,,,,,,,,,,5.70000015,,,,,,,
2009-11-15,,,,,0.18593723,,,,,,,,,,,,,,,,,,,5.78000016,,,,,,,
2009-11-16,,,,,0.18593723,,,,,,,,,,,,,,,,,,,6.19800017,,,,,,,
2009-11-17,,,,,0.18593723,,,,,,,,,,,,,,,,,,,6.29800017,,,,,,,
2009-11-18,,,,,0.18593723,,,,,,,,,,,,,,,,,,,5.75800036,,,,,,,
2009-11-19,,,,,0.18593723,,,,,,,,,,,,,,,,,,,5.98000016,,,,,,,
2009-11-22,,,,,0.18593723,,,,,,,,,,,,,,,,,,,5.60000015,,,,,,,
2009-11-23,,,,,0.18593723,,,,,,,,,,,,,,,,,,,5.60000015,,,,,,,
2009-11-24,,,,,0.18593723,,,,,,,,,,,,,,,,,,,5.60000015,,,,,,,
2009-11-25,,,,,0.18593723,,,,,,,,,,,,,,,,,,,5.45999995,,,,,,,
2009-11-30,,,,,0.18593723,,,,,,,,,,,,,,,,,,,5.25000014,,,,,,,
2009-12-01,,,,,0.18593723,,,,,,,,,,,,,,,,,,,5.20000014,,,,,,,
2009-12-02,,,,,0.18593723,,,,,,,,,,,,,,,,,,,5.39399995,,,,,,,
2009-12-03,,,,,0.18593723,,,,,,,,,,,,,,,,,,,5.55000015,,,,,,,
2009-12-06,,,,,0.18593723,,,,,,,,,,,,,,,,,,,6.00000016,,,,,,,
2009-12-07,,,,,0.18593723,,,,,,,,,,,,,,,,,,,5.32400034,,,,,,,
2009-12-08,,,,,0.18593723,,,,,,,,,,,,,,,,,,,5.34000034,,,,,,,
2009-12-09,,,,,0.18593723,,,,,,,,,,,,,,,,,,,5.00000013,,,,,,,
2009-12-10,,,,,0.18593723,,,,,,,,,,,,,,,,,,,4.95000013,,,,,,,
2009-12-13,,,,,0.18593723,,,,,,,,,,,,,,,,,,,5.40000015,,,,,,,
2009-12-14,,,,,0.18593723,,,,,,,,,,,,,,,,,,,5.16800014,,,,,,,
2009-12-15,,,,,0.18593723,,,,,,,,,,,,,,,,,,,4.94000033,,,,,,,
2009-12-16,,,,,0.18593723,,,,,,,,,,,,,,,,,,,4.58000012,,,,,,,
2009-12-17,,,,,0.18593723,,,,,,,,,,,,,,,,,,,4.30000012,,,,,,,
2009-12-20,,,,,0.18593723,,,,,,,,,,,,,,,,,,,4.40400012,,,,,,,
2009-12-21,,,,,0.18593723,,,,,,,,,,,,,,,,,,,4.27799992,,,,,,,
2009-12-22,,,,,0.18593723,,,,,,,,,,,,,,,,,,,4.02400031,,,,,,,
2009-12-23,,,,,0.18593723,,,,,,,,,,,,,,,,,,,4.50000012,,,,,,,
2009-12-24,,,,,0.18593723,,,,,,,,,,,,,,,,,,,4.40000012,,,,,,,
2009-12-27,,,,,0.18593723,,,,,,,,,,,,,,,,,,,4.30000012,,,,,,,
2009-12-28,,,,,0.18593723,,,,,,,,,,,,,,,,,,,4.00000011,,,,,,,
2009-12-29,,,,,0.18593723,,,,,,,,,,,,,,,,,,,3.99800011,,,,,,,
2009-12-30,,,,,0.18593723,,,,,,,,,,,,,,,,,,,3.97799991,,,,,,,
2009-12-31,,,,,0.18593723,,,,,,,,,,,,,,,,,,,3.99800011,,,,,,,
2010-02-16,,,,,0.18593723,,,2.11387046,,,,,,,,,,,,,,,,3.99800011,,,,,,,
2010-02-21,,,,,0.18593723,,,2.06481055,,,,,,,,,,,,,,,,3.99800011,,,,,,,
2010-02-22,,,,,0.18593723,,,2.09784752,,,,,,,,,,,,,,,,3.99800011,,,,,,,
2010-02-23,,,,,0.18593723,,,2.10610676,,,,,,,,,,,,,,,,3.99800011,,,,,,,
2010-03-01,,,,,0.18593723,,,2.13088449,,,,,,,,,,,,,,,,3.99800011,,,,,,,
2010-03-02,,,,,0.18593723,,,2.04664023,,,,,,,,,,,,,,,,3.99800011,,,,,,,
2010-03-03,,,,,0.18593723,,,2.04664023,,,,,,,,,,,,,,,,3.99800011,,,,,,,
2010-03-04,,,,,0.18593723,,,2.06481055,,,,,,,,,,,,,,,,3.99800011,,,,,,,
2010-03-08,,,,,0.18593723,,,2.01657658,,,,,,,,,,,,,,,,3.99800011,,,,,,,
2010-03-09,,,,,0.18593723,,,2.06481055,,,,,,,,,,,,,,,,3.99800011,,,,,,,
2010-03-10,,,,,0.18593723,,,2.08958827,,,,,,,,,,,,,,,,3.99800011,,,,,,,
2010-03-11,,,,,0.18593723,,,2.01690694,,,,,,,,,,,,,,,,3.99800011,,,,,,,
2010-03-15,,,,,0.18593723,,,1.98221814,,,,,,,,,,,,,,,,3.99800011,,,,,,,
2010-03-17,,,,,0.18593723,,,1.98221814,,,,,,,,,,,,,,,,3.99800011,,,,,,,
2010-03-18,,,,,0.18593723,,,2.03177358,,,,,,,,,,,,,,,,3.99800011,,,,,,,
2010-03-22,,,,,0.18593723,,,1.98221814,,,,,,,,,,,,,,,,3.99800011,,,,,,,
2010-03-23,,,,,0.18593723,,,1.98221814,,,,,,,,,,,,,,,,3.99800011,,,,,,,
2010-03-24,,,,,0.18593723,,,1.98221814,,,,,,,,,,,,,,,,3.99800011,,,,,,,
2010-03-25,,,,,0.18593723,,,1.98221814,,,,,,,,,,,,,,,,3.99800011,,,,,,,
2010-03-28,,,,,0.18593723,,,1.98221814,,,,,,,,,,,,,,,,3.99800011,,,,,,,
2010-03-29,,,,,0.18593723,,,2.06481055,,,,,,,,,,,,,,,,3.99800011,,,,,,,
2010-03-30,,,,,0.18593723,,,2.06481055,,,,,,,,,,,,,,,,3.99800011,,,,,,,
2010-03-31,,,,,0.18593723,,,2.06481055,,,,,,,,,,,,,,,,3.99800011,,,,,,,
2010-04-01,,,,,0.18593723,,,2.06481055,,,,,,,,,,,,,,,,3.99800011,,,,,,,
2010-04-06,,,,,0.18593723,,,2.09619568,,,,,,,,,,,,,,,,3.99800011,,,,,,,
2010-04-07,,,,,0.18593723,,,2.09801271,,,,,,,,,,,,,,,,3.99800011,,,,,,,
2010-04-08,,,,,0.18593723,,,2.08132903,,,,,,,,,,,,,,,,3.99800011,,,,,,,
2010-04-11,,,,,0.18593723,,,2.06662759,,,,,,,,,,,,,,,,3.99800011,,,,,,,
2010-04-12,,,,,0.18593723,,,2.11420083,,,,,,,,,,,,,,,,3.99800011,,,,,,,
2010-04-13,,,,,0.18593723,,,2.08149422,,,,,,,,,,,,,,,,3.99800011,,,,,,,
2010-04-14,,,,,0.18593723,,,2.08132903,,,,,,,,,,,,,,,,3.99800011,,,,,,,
2010-04-15,,,,,0.18593723,,,2.13104951,,,,,,,,,,,,,,,,3.99800011,,,,,,,
2010-04-18,,,,,0.18593723,,,2.10263788,,,,,,,,,,,,,,,,3.99800011,,,,,,,
2010-04-19,,,,,0.18593723,,,2.08132903,,,,,,,,,,,,,,,,3.99800011,,,,,,,
2010-04-20,,,,,0.18593723,,,2.114366,,,,,,,,,,,,,,,,3.99800011,,,,,,,
2010-04-21,,,,,0.18593723,,,2.08149422,,,,,,,,,,,,,,,,3.99800011,,,,,,,
2010-04-22,,,,,0.18593723,,,2.13088449,,,,,,,,,,,,,,,,3.99800011,,,,,,,
2010-04-26,,,,,0.18593723,,,2.12262524,,,,,,,,,,,,,,,,3.99800011,,,,,,,
2010-04-27,,,,,0.18593723,,,2.13088449,,,,,,,,,,,,,,,,3.99800011,,,,,,,
2010-04-28,,,,,0.18593723,,,2.06563647,,,,,,,,,,,,,,,,3.99800011,,,,,,,
2010-04-29,,,,,0.18593723,,,2.10610676,,,,,,,,,,,,,,,,3.99800011,,,,,,,
2010-05-02,,,,,0.18593723,,,2.11403563,,,,,,,,,,,,,,,,3.99800011,,,,,,,
2010-05-03,,,,,0.18593723,,,2.114366,,,,,,,,,,,,,,,,3.99800011,,,,,,,
2010-05-04,,,,,0.18593723,,,2.12262524,,,,,,,,,,,,,,,,3.99800011,,,,,,,
2010-05-05,,,,,0.18593723,,,2.13088449,,,,,,,,,,,,,,,,3.99800011,,,,,,,
2010-05-06,,,,,0.18593723,,,2.13088449,,,,,,,,,,,,,,,,3.99800011,,,,,,,
2010-05-09,,,,,0.18593723,,,2.07472164,,,,,,,,,,,,,,,,3.99800011,,,,,,,
2010-05-10,,,,,0.18593723,,,2.03177358,,,9.16666225,,,,,,,,,,,,,3.99800011,,,,,,,
2010-05-11,,,,,0.18593723,,,2.09784752,,,8.86363209,,,,,,,,,,,,,3.99800011,,,,,,,
2010-05-12,,,,,0.18593723,,,2.06481055,,,8.78787455,,,,,,,,,,,,,3.99800011,,,,,,,
2010-05-13,,,,,0.18593723,,,2.06497574,,,8.93938963,,,,,,,,,,,,,3.99800011,,,,,,,
2010-05-16,,,,,0.18593723,,,2.00699587,,,8.66666249,,,,,,,,,,,,,3.99800011,,,,,,,
2010-05-17,,,,,0.18593723,,,2.0327647,,,8.48484439,,,,,,,,,,,,,3.99800011,,,,,,,
2010-05-18,,,,,0.18593723,,,2.17961401,,,8.62726826,,,,,,,,,,,,,3.99800011,,,,,,,
2010-05-19,,,,,0.18593723,,,2.114366,,,8.36666293,,,,,,,,,,,,,3.99800011,,,,,,,
2010-05-20,,,,,0.18593723,,,2.06894018,,,8.18181424,,,,,,,,,,,,,3.99800011,,,,,,,
2010-05-23,,,,,0.18593723,,,2.06481055,,,8.16666303,,,,,,,,,,,,,3.99800011,,,,,,,
2010-05-24,,,,,0.18593723,,,2.06481055,,,8.18181424,,,,,,,,,,,,,3.99800011,,,,,,,
2010-05-25,,,,,0.18593723,,,1.98221814,,,7.57878422,,,,,,,,,,,,,3.99800011,,,,,,,
2010-05-26,,,,,0.18593723,,,1.98221814,,,7.84545046,,,,,,,,,,,,,3.99800011,,,,,,,
2010-05-27,,,,,0.18593723,,,2.02351435,,,8.31817811,,,,,,,,,,,,,3.99800011,,,,,,,
2010-05-30,,,,,0.18593723,,,2.02351435,,,8.39393565,,,,,,,,,,,,,3.99800011,,,,,,,
2010-05-31,,,,,0.18593723,,,1.98221814,,,8.24242057,,,,,,,,,,,,,3.99800011,,,,,,,
2010-06-01,,,,,0.18593723,,,1.98221814,,,8.18181424,,,,,,,,,,,,,3.99800011,,,,,,,
2010-06-02,,,,,0.18593723,,,1.98221814,,,8.03029916,,,,,,,,,,,,,3.99800011,,,,,,,
2010-06-03,,,,,0.18593723,,,1.98221814,,,8.18181424,,,,,,,,,,,,,3.99800011,,,,,,,
2010-06-06,,,,,0.18593723,,,1.98221814,,,8.03029916,,,,,,,,,,,,,3.99800011,,,,,,,
2010-06-07,,,,,0.18593723,,,1.98221814,,,7.93939041,,,,,,,,,,,,,3.99800011,,,,,,,
2010-06-08,,,,,0.18593723,,,1.96751668,,,7.82423865,,,,,,,,,,,,,3.99800011,,,,,,,
2010-06-09,,,,,0.18593723,,,1.98254851,,,7.82423865,,,,,,,,,,,,,3.99800011,,,,,,,
2010-06-10,,,,,0.18593723,,,1.98238332,,,8.02423855,,,,,,,,,,,,,3.99800011,,,,,,,
2010-06-13,,,,,0.18593723,,,1.98221814,,,8.02726886,,,,,,,,,,,,,3.99800011,,,,,,,
2010-06-14,,,,,0.18593723,,,1.98320924,,,7.76969292,,,,,,,,,,,,,3.99800011,,,,,,,
2010-06-15,,,,,0.18593723,,,1.98320924,,,7.75757202,,,,,,,,,,,,,3.99800011,,,,,,,
2010-06-16,,,,,0.18593723,,,2.10610676,,,7.81514805,,,,,,,,,,,,,3.99800011,,,,,,,
2010-06-17,,,,,0.18593723,,,2.11254897,,,7.84848106,,,,,,,,,,,,,3.99800011,,,,,,,
2010-06-20,,,,,0.18593723,,,2.11304453,,,8.02726886,,,,,,,,,,,,,3.99800011,,,,,,,
2010-06-21,,,,,0.18593723,,,2.11304453,,,7.78787534,,,,,,,,,,,,,3.99800011,,,,,,,
2010-06-22,,,,,0.18593723,,,1.9989018,,,7.727269,,,,,,,,,,,,,3.99800011,,,,,,,
2010-06-23,,,,,0.18593723,,,1.98221814,,,7.727269,,,,,,,,,,,,,3.99800011,,,,,,,
2010-06-24,,,,,0.18593723,,,2.06481055,,,7.80302654,,,,,,,,,,34.069903,,,3.99800011,,,,,,,
2010-06-27,,,,,0.18593723,,,2.06481055,,,7.80302654,,,,,,,,,,36.827106,,,3.99800011,,,,,,,
2010-06-28,,,,,0.18593723,,,2.06481055,,,7.727269,,,,,,,,,,35.123611,,,3.99800011,,,,,,,
2010-06-29,,,,,0.18593723,,,2.04829206,,,7.61817784,,,,,,,,,,34.069903,,,3.99800011,,,,,,,
2010-06-30,,,,,0.18593723,,,2.04829206,,,7.57575392,,,,,,,,,,32.86165,,,3.99800011,,,,,,,
2010-07-04,,,,,0.18593723,,,2.04829206,,,7.28787497,,,,,,,,,,33.36743,,,3.99800011,,,,,,,
2010-07-05,,,,,0.18593723,,,2.01525511,,,7.57575392,,,,,,,,,,32.436654,,,3.99800011,,,,,,,
2010-07-06,,,,,0.18593723,,,2.00352697,,,7.57575392,,,,,,,,,,33.36743,,,3.99800011,,,,,,,
2010-07-07,7.71999223,,,,0.18593723,,,1.98254851,,,7.57575392,,,,,,,,,,33.191812,,,3.99800011,,,,,,,
2010-07-08,7.63999231,,,,0.18593723,,,2.04829206,,,7.57575392,,,,,,,,,,33.332307,,,3.99800011,,,,,,,
2010-07-11,7.87959247,,,,0.18593723,,,2.03177358,,,7.727269,,,,,,,,,,31.962486,,,3.99800011,,,,,,,
2010-07-12,7.60039195,,,,0.18593723,,,2.03177358,,,7.68181448,,,,,,,,,,31.604226,,,3.99800011,,,,,,,
2010-07-13,7.71999223,,,,0.18593723,,,1.9879996,,,7.60302664,,,,,,,,,,31.614763,,,3.99800011,,,,,,,
2010-07-14,7.63999231,,,,0.18593723,,,2.03177358,,,7.86666257,,,,,,,,,,31.61125,,,3.99800011,,,,,,,
2010-07-15,7.59999235,,,,0.18593723,,,2.03177358,,,7.84242016,,,,,,,,,,31.414558,,,3.99800011,,,,,,,
2010-07-18,7.60039195,,,,0.18593723,,,2.03177358,,,7.84848106,,,,,,,,,,31.61125,,,3.99800011,,,,,,,
2010-07-19,7.75879219,,,,0.18593723,,,2.03177358,,,7.74848111,,,,,,,,,,30.964977,,,3.99800011,,,,,,,
2010-07-20,7.56039199,,,,0.18593723,,,2.03177358,,,7.58181453,,,,,,,,,,31.260014,,,3.99800011,,,,,,,
2010-07-21,7.59999235,,,,0.18593723,,,2.03177358,,,7.57575392,,,,,,,,,,31.260014,,,3.99800011,,,,,,,
2010-07-22,7.59999235,,,,0.18593723,,,2.01525511,,,7.66666267,,,,,5.852652,,,,,31.61125,,,3.99800011,,,,,,,
2010-07-25,7.59999235,,,,0.18593723,,,2.01525511,,,7.57878422,,,,,5.956199,,,,,31.277577,,,3.99800011,,,,,,,
2010-07-26,7.79959255,,,,0.18593723,,,2.01508992,,,7.65151146,,,,,5.852652,,,,,31.61125,,,3.99800011,,,,,,,
2010-07-27,7.7559918,,,,0.18593723,,,2.01525511,,,7.63332996,,,,,5.950197,,,,,31.955462,,,3.99800011,,,,,,,
2010-07-28,7.79999215,,,,0.18593723,,,2.03193877,,,8.15151122,,,,,6.00272,,,,,31.927363,,,3.99800011,,,,,,,
2010-07-29,7.79999215,,,,0.18593723,,,2.03177358,,,8.08787519,,,,,5.923184,,,,,31.61125,,,3.99800011,,,,,,,
2010-08-01,7.84119211,,,,0.18593723,,,2.03177358,,,7.99393524,,,,,6.055243,,,,,31.61125,,,3.99800011,,,,,,,
2010-08-02,7.76199219,,,,0.18593723,,,2.0557254,,,7.87575378,,,,,6.052243,,,,,31.61125,,,3.99800011,,,,,,,
2010-08-03,7.71999223,,,,0.18593723,,,2.11271417,,,7.87878408,,,,,6.152788,,,,,31.614763,,,3.99800011,,,,,,,
2010-08-04,7.68039187,,,,0.18593723,,,2.08132903,,,7.86060257,,,,,6.107768,,,,,33.016194,,,3.99800011,,,,,,,
2010-08-05,7.75999219,,,,0.18593723,,,2.08083349,,,7.81817774,,,,,6.077754,,,,,32.840576,,,3.99800011,,,,,,,
2010-08-08,7.91999203,,,,0.18593723,,,2.08083349,,,7.90908709,,,,,5.965203,,,,,32.53149,,,3.99800011,,,,,,,
2010-08-09,7.99999195,,,,0.18593723,,,2.06497574,,,8.14545031,,,,,6.031233,,,,,32.910822,,,3.99800011,,,,,,,
2010-08-10,7.99999195,,,,0.18593723,,,2.06497574,,,8.26363238,,,,,6.032734,,,,,32.141617,,,3.99800011,,,,,,,
2010-08-11,7.99999195,,,,0.18593723,,,2.09784752,,,8.16363273,,,,,6.00272,,,,,32.313722,,,3.99800011,,,,,,,
2010-08-12,7.97999197,,,,0.18593723,,,2.09784752,,,7.88484468,,,,,5.993716,,,,,33.012681,,,3.99800011,,,,,,,
2010-08-15,7.91959243,,,,0.18593723,,,2.06481055,,,7.90908709,,,,,5.929186,,,,,32.48934,,,3.99800011,,,,,,,
2010-08-16,7.93399242,,,,0.18593723,,,2.06481055,,,7.95454162,,,,,5.926186,,,,,32.48934,,,3.99800011,,,,,,,
2010-08-17,7.99999195,,,,0.18593723,,,2.09751715,,,8.05757187,,,,,5.927686,,,,,32.436654,,,3.99800011,,,,,,,
2010-08-18,8.00999194,,,,0.18593723,,,2.09784752,,,7.89393528,,,,,5.929186,,,,,32.436654,,,3.99800011,,,,,,,
2010-08-19,7.99599156,,,,0.18593723,,,2.09784752,,,8.02726886,,,,,5.927686,,,,,32.664958,,,3.99800011,,,,,,,
2010-08-22,7.99999195,,,,0.18593723,,,2.09784752,,,8.02726886,,,,,5.86916,,,,,32.173227,,,3.99800011,,,,,,,
2010-08-23,8.07999187,,,,0.18593723,,,2.114366,,,7.9242386,,,,,5.897672,,,,,32.664958,,,3.99800011,,,,,,,
2010-08-24,8.06079189,,,,0.18593723,,,2.13914373,,,8.01817765,,,,,5.882666,,,,,32.840576,,,3.99800011,,,,,,,
2010-08-25,7.95999199,,,,0.18593723,,,2.11469639,,,7.79090503,,,,,5.852652,,,,,32.794917,,,3.99800011,,,,,,,
2010-08-26,7.99999195,,,,0.18593723,,,2.11453102,,,7.90908709,,,,,5.962202,,,,,32.668471,,,3.99800011,,,,,,,
2010-08-29,8.02199193,,,,0.18593723,,,2.13418819,,,7.79393533,,,,,5.977209,,,,,32.661445,,,3.99800011,,,,,,,
2010-08-30,8.03199192,,,,0.18593723,,,2.114366,,,7.74848111,,,,,5.911178,,,,,32.513927,,,3.99800011,,,,,,,
2010-08-31,7.99999195,,,,0.18593723,,,2.09784752,,,7.81514805,,,,,5.852652,,,,,32.664958,,,3.99800011,,,,,,,
2010-09-01,8.03999191,,,,0.18593723,,,2.114366,,,7.87878408,,,,,5.792624,,,,,32.313722,,,3.99800011,,,,,,,
2010-09-02,8.07959227,,,,0.18593723,,,2.114366,,,8.02423855,,,,,5.777618,,,,,32.664958,,,3.99800011,3.77999629,,,,,,
2010-09-05,8.05999189,,,,0.18593723,,,2.114366,,,8.08484459,,,,,5.687578,,,,,32.401531,,,3.99800011,3.83999623,,,,,,
2010-09-06,8.0479919,,,,0.18593723,,,2.11354008,,,8.16969273,,,,,5.702584,,,,,32.492853,,,3.99800011,3.83999623,,,,,,
2010-09-07,8.05999189,,,,0.18593723,,,2.09784752,,,8.13635971,,,,,5.62755,,,,,32.664958,,,3.99800011,3.75719619,,,,,,
2010-09-08,7.55999239,,,,0.18593723,,,2.09784752,,,8.06969278,,,,,5.632052,,,,,32.664958,,,3.99800011,3.94679601,,,,,,
2010-09-13,7.47999247,,,,0.18593723,,,2.06497574,,,7.89393528,,,,,5.699583,,,,,33.36743,,,3.99800011,3.89999617,,,,,,
2010-09-14,7.47999247,,,,0.18593723,,,2.08132903,,,7.88484468,,,,,5.924685,,,,,32.54905,,,3.99800011,3.89759617,,,,,,
2010-09-15,7.47959287,,,,0.18593723,,,2.08149422,,,7.9242386,,,,,5.702584,,,,,32.436654,,,3.99800011,3.90119593,,,,,,
2010-09-16,7.47999247,,,,0.18593723,,,2.08149422,,,7.9181777,,,,,5.702584,,,,,32.48934,,,3.99800011,3.95999611,,,,,,
2010-09-19,7.47199248,,,,0.18593723,,,2.08149422,,,7.9181777,,,,,5.738601,,,,,33.226935,,,3.99800011,3.93599602,,,,,,
2010-09-20,7.43999251,,,,0.18593723,,,2.13104951,,,7.9181777,,,,,5.777618,,,,3.306,32.313722,,,3.99800011,3.90599605,,,,,,
2010-09-21,7.47199248,,,,0.18593723,,,2.14740297,,,7.9181777,4.63990041,,,,5.785121,,,,3.312,32.141617,,,3.99800011,3.95999611,,,,,,
2010-09-22,7.55999239,1.48356075,,,0.18593723,,,2.14740297,,,7.9181777,4.60173964,,,,5.837646,,,,3.324,32.313722,,,3.99800011,3.95999611,,,,,,
2010-09-23,7.52999242,1.49866829,,,0.18593723,,,2.14723795,,,7.9181777,4.65942997,,,,6.062748,,,,3.312,32.78789,,,3.99800011,3.95999611,,,,,,
2010-09-26,7.47999247,1.49866829,,,0.18593723,,,2.14740297,,,7.9181777,5.52163862,,,,6.070251,0.61370265,,,3.354,32.48934,,,3.99800011,3.95999611,,0.08574194,,,1.288538,
2010-09-27,7.36319259,1.49262528,,,0.18593723,,,2.15582723,,,7.9181777,5.02083466,,,,6.678026,0.61185084,,,3.306,33.325281,,,3.99800011,3.95759611,4.473414,0.08621391,,,1.271911,
2010-09-28,7.33999262,1.49262528,,,0.18593723,,,2.16392146,,,7.9181777,5.25249319,,,,6.529458,0.63425819,7.62716194,,3.342,33.314744,,,3.99800011,3.94439601,4.390573,0.08479799,,,1.271911,
2010-09-29,7.54799241,1.56211998,2.73333058,,0.18593723,7.22,8.57405522,2.09784752,,,8.75757153,5.40985002,,18.040001,,6.648012,0.62851744,7.65301672,,3.576,33.897798,,,3.99800011,3.98279597,4.44329,0.08479799,,7.0731725,1.280225,
2010-09-30,7.54799241,1.59535657,2.73266405,,0.18593723,7.17,8.54698352,2.09801271,,,8.43938987,5.11803238,,17.879999,,6.610495,0.61796191,7.65043124,,3.474,35.120098,,,3.99800011,3.95999611,4.44329,0.08338207,,6.9365871,1.355043,
2010-10-03,7.43399292,1.63161468,2.73333058,,0.18593723,7.35,8.55665186,2.22669171,,,8.74242003,5.29761246,,17.6,,6.910631,0.62573971,7.60389263,,3.48,35.123611,,,3.99800011,3.95999611,4.5186,0.08432602,,7.0829286,1.396609,
2010-10-04,7.53319242,1.62557166,2.72666406,,0.18593723,7.58,8.83317191,2.22173615,,,8.72423852,5.20692475,,18.040001,,7.21527,0.62036933,7.70472604,,3.45,36.528555,,,3.99800011,3.98999608,4.5186,0.08778716,,7.1707335,1.396609,
2010-10-05,7.50799245,1.60744261,2.72599719,,0.18593723,7.75,8.89118311,2.14740297,,,8.63635947,5.38628013,,17.950001,,8.25374,0.62018418,7.75643587,,3.39,35.327328,,,3.99800011,4.01999605,4.44329,0.08904576,,7.1804896,1.388296,
2010-10-07,7.34639261,1.58327054,2.73333058,,0.18593723,7.6,8.55665186,2.09784752,,,8.70605641,5.31669307,,17.940001,,7.5034,0.6251841,7.83399997,,3.342,35.123611,,,3.99800011,3.98999608,4.480945,0.08778716,,7.1512213,1.47974,
2010-10-10,7.3599926,1.56816299,2.69799735,,0.18593723,7.53,8.50830919,2.114366,,,8.67878339,5.16315165,,17.809999,,7.498898,0.63851745,7.8779531,,3.3,35.299229,,,3.99800011,3.95999611,4.435759,0.08668589,,7.1804896,1.446488,
2010-10-11,7.30599225,1.55607696,2.69999728,,0.18593723,7.69,8.45803321,2.10610676,,,8.1030264,5.11533868,,17.639999,,7.720999,0.62129523,7.87019718,,3.36,34.652956,,,3.99800011,3.89999617,4.405635,0.08495532,,7.0926847,1.421548,
2010-10-12,7.39999255,1.55607696,2.70666381,,0.18593723,7.5,8.50830919,2.10197715,,,8.04545036,5.14945867,,17.6,,7.588939,0.61666561,7.78229065,,3.306,34.652956,,,3.99800011,3.95999611,4.405635,0.08479799,,7.2000018,1.446488,
2010-10-13,7.39999255,1.57722752,2.74599717,,0.18593723,7.73,8.65913812,2.10197715,,,8.14545031,5.23004568,,17.790001,,7.5034,0.60499895,7.75643587,,3.33,35.116587,,,3.99800011,3.98159609,4.44329,0.08589926,,7.2585384,1.454801,
2010-10-14,7.39999255,1.62557166,2.76266382,,0.18593723,7.7,8.65333719,2.09801271,,,8.4999956,5.11803238,,17.610001,,7.5034,0.6048138,7.73833752,,3.36,35.474847,,,3.99800011,3.95999611,4.44329,0.08794449,,7.2097579,1.471427,
2010-10-17,7.3599926,1.63161468,2.74599717,,0.18593723,7.64,8.60499453,2.09801271,,,8.99393506,5.11803238,,17.57,,7.353332,0.60148047,7.66594412,,3.366,35.053365,,,3.99800011,3.98279597,4.44329,0.08951773,,7.2097579,1.438174,
2010-10-18,7.39679256,1.60744261,2.75866396,,0.18593723,7.7,8.60112711,2.09768234,,,8.78787455,5.11803238,,17.5,,7.396852,0.59925827,7.61681976,,3.36,34.284157,,,3.99800011,3.97319622,4.428228,0.08794449,,7.2682945,1.429861,
2010-10-19,7.39679256,1.58629205,2.77933047,,0.18593723,7.68,8.60306121,2.06497574,,,8.78484425,5.11803238,,17.5,,7.623454,0.59536941,7.52374279,,3.36,34.06639,,,3.99800011,3.95999611,4.405635,0.08684321,,7.3853677,1.413235,
2010-10-20,7.3575926,1.54399092,2.76999715,,0.18593723,7.6,8.55085093,1.99047738,,,8.51514741,5.11803238,,17.5,,7.428366,0.5925916,7.44617817,,3.366,34.421139,,,3.99800011,3.95999611,4.330325,0.08511264,,7.317075,1.396609,
2010-10-21,7.33999262,1.5711845,2.79266379,,0.18593723,7.89,8.60112711,1.99047738,,,8.72423852,5.11803238,,17.549999,,7.477889,0.59296197,7.5056447,,3.342,34.421139,,,3.99800011,3.95999611,4.435759,0.08621391,,7.4048799,1.388296,
2010-10-24,7.32359263,1.59535657,2.85799706,,0.18593723,7.95,8.60306121,1.99047738,,,8.48787469,5.16068243,,17.59,,7.5034,0.59240641,7.52374279,,3.3,34.772375,,,3.99800011,3.95999611,4.405635,0.08542729,,7.5317092,1.396609,
2010-10-25,7.30999265,1.58629205,2.91999699,,0.18593723,8.08,8.64173476,1.99047738,,,8.36363233,5.11354288,,17.790001,,7.426866,0.58425826,7.497888,,3.252,34.435189,,,3.99800011,3.95999611,4.435759,0.08605659,,7.5414653,1.421548,
2010-10-26,7.27999268,1.59233506,2.91333047,,0.18593723,7.95,8.65140387,1.99047738,,,8.39393565,5.02599736,,17.870001,,7.5034,0.58148051,7.6142348,,3.318,33.831062,,,3.99800011,3.94559625,4.375511,0.08526997,,7.4731726,1.413235,
2010-10-27,7.24079272,1.55003394,2.90533054,,0.18593723,7.96,8.60499453,1.98238332,,,8.03029916,4.85539651,,17.719999,,7.426866,0.56999906,7.64008907,,3.348,33.866185,,,3.99800011,3.90119593,4.330325,0.08353939,,7.5512214,1.413235,
2010-10-28,7.23999272,1.54399092,2.89866375,,0.18593723,8.09,8.50830919,1.98221814,,,8.33332931,4.83721425,,17.879999,,7.41336,0.57666568,7.5754521,,3.33,33.894285,,,3.99800011,3.84239623,4.330325,0.08338207,,7.4731726,1.404922,
2010-10-31,7.23999272,1.51679735,2.9099972,,0.18593723,8.16,8.41742479,1.98221814,,,8.22726876,4.84866226,,17.65,,7.201764,0.56481387,7.5754521,,3.354,33.806476,,,3.99800011,3.89999617,4.322794,0.08196615,,7.4243921,1.404922,
2010-11-01,7.24399311,1.49564679,2.89799715,,0.18593723,7.99,8.38841958,2.01195141,,,7.9242386,4.70926299,,17.51,,7.090713,0.55648053,7.62716194,,3.42,33.795939,,,3.99800011,3.83999623,4.307732,0.08243812,,7.3853677,1.404922,
2010-11-02,7.23999272,1.47751773,2.91199707,,0.18593723,8.06,8.33427521,1.98221814,,,8.03029916,4.71936482,,17.4,,6.898626,0.56481387,7.6917989,,3.456,33.715153,,,3.99800011,3.94079613,4.330325,0.08259545,,7.4341482,1.529619,
2010-11-03,7.27999268,1.48658226,2.94999703,,0.18593723,8.020001,8.25305992,1.98221814,,,8.16060213,4.75819879,,17.639999,,6.898626,0.57407311,7.93741963,,3.444,33.016194,,,3.99800011,3.93959637,4.345387,0.0829101,,7.4439043,1.529619,
2010-11-04,7.28399307,1.50773282,2.99999698,,0.18593723,8.28,8.35941378,1.95083301,,,9.09090471,4.71397719,,17.4,,6.975161,0.58777679,8.17011245,,3.42,34.421139,,,3.99800011,4.08119575,4.322794,0.08432602,,7.6487824,1.50468,
2010-11-07,7.22399313,1.50773282,2.99399699,,0.18593723,8.38,8.2762642,1.95083301,,,9.39393486,4.73417973,,17.4,,7.071204,0.5851842,8.39504935,,3.366,34.421139,,,3.99800011,4.13759594,4.684282,0.08747251,,7.6878068,1.496366,
2010-11-08,7.20599235,1.49866829,3.01666363,,0.18593723,8.33,8.31107112,2.13914373,,,9.09393501,4.70275344,,17.389999,,7.113224,0.58240645,8.50622518,,3.378,34.596757,,,3.99800011,4.09799622,4.74453,0.09093365,,7.8731727,1.488053,
2010-11-09,7.20599235,1.4654317,3.0153303,,0.18593723,8.33,8.31493853,2.13914373,,,8.99999596,4.69152968,,17.440001,,6.904628,0.58333235,8.71306322,,3.432,33.718667,,,3.99800011,4.09799622,4.691813,0.08888843,,7.9609776,1.47974,
2010-11-10,7.33999262,1.47751773,2.96666368,,0.18593723,8.48,8.27433088,2.05407354,,,8.86363209,4.66908217,,17.549999,,6.903128,0.5925916,8.89146072,,3.594,33.72218,,,3.99800011,4.08119575,4.654158,0.09077633,,7.8536605,1.471427,
2010-11-11,7.32799263,1.43521661,2.96666368,,0.18593723,8.46,8.17957887,2.04482318,,,8.60605646,5.02689549,,17.5,,6.903128,0.59759159,8.84233715,,3.534,34.754812,,,3.99800011,4.12199571,4.526131,0.09219225,,7.8536605,1.446488,
2010-11-14,7.31999264,1.4321951,2.97999707,,0.18593723,8.35,8.16024219,2.02995655,,,8.48181409,5.02824234,,17.5,,7.053196,0.64722115,8.83716593,,3.708,34.726715,,,3.99800011,4.12559607,4.556255,0.090619,,7.8634166,1.421548,
2010-11-18,7.39599216,1.44428114,2.96666368,,0.18593723,8.38,8.22018652,1.98205295,,,8.72726822,4.98559229,,17.84,,6.898626,0.65666555,9.17844911,,3.852,34.730225,,,3.99800011,4.10999596,4.59391,0.09266423,,7.8926849,1.471427,
2010-11-21,7.39999255,1.47751773,3.02599689,,0.18593723,8.32,8.25692752,1.98221814,,,8.92423842,5.00579483,,17.85,,7.045693,0.66555442,9.22498772,,3.9,35.21142,,,3.99800011,4.10999596,4.556255,0.09581072,,7.9609776,1.471427,
2010-11-22,7.33999262,1.48053924,3.03999681,,0.18593723,8.3,8.34394452,1.98254851,,,8.66969309,5.27291998,,18.1,,7.03819,0.65462849,9.30513808,,3.774,35.299229,,,3.99800011,4.07999599,4.586379,0.09596804,,8.0780508,1.446488,
2010-11-23,7.33999262,1.47147472,3.03599701,,0.18593723,8.15,8.29366756,2.04317135,,,8.53029892,5.20782242,,17.959999,,7.023182,0.64814706,9.08795787,,3.72,35.123611,,,3.99800011,4.04999602,4.646627,0.0950241,,8.0292703,1.429861,
2010-11-24,7.32999263,1.4654317,3.10066341,,0.18593723,8.0,8.25112582,2.04317135,,,8.60302585,5.99236314,,17.790001,,7.008176,0.64573964,9.01814969,,3.69,34.986629,,,3.99800011,3.98999608,4.624034,0.09282155,,7.902441,1.421548,
2010-11-25,7.27999268,1.4654317,3.16666348,,0.18593723,8.0,8.15637459,2.0565513,,,8.63332917,6.05970567,,17.74,,6.961654,0.64203592,8.91990125,,3.69,35.088488,,,3.99800011,4.04399615,4.639096,0.0931362,,7.8634166,1.446488,
2010-11-28,7.45999249,1.46845321,3.13333018,,0.18593723,7.95,8.16024219,2.0565513,,,8.78787455,6.58834432,,17.540001,,6.976662,0.64962858,8.91990125,,3.672,35.292204,,,3.99800011,3.97199586,4.571317,0.09234958,,7.8146361,1.429861,
2010-11-29,7.47959287,1.51377584,3.11199687,,0.18593723,7.88,8.12156787,2.04234542,,,8.4999956,6.39754048,,17.799999,,6.963156,0.6451841,8.91214507,,3.738,34.508948,,,3.99800011,4.07999599,4.5186,0.09266423,,7.9219532,1.429861,
2010-11-30,7.3599926,1.5349264,3.13333018,,0.18593723,7.78,8.11189953,2.04234542,,,8.56060193,6.385868,,17.65,,6.903128,0.63907296,8.86819142,,3.9,34.456262,,,3.99800011,4.08239599,4.458352,0.09203493,,7.8829288,1.404922,
2010-12-01,7.32239263,1.61952864,3.13333018,,0.18593723,7.74,8.10223119,2.04218023,,,8.39696534,6.16184162,,17.5,,6.898626,0.63092487,8.79062732,,3.87,34.772375,,,3.99800011,4.13999594,4.458352,0.09423747,,7.9219532,1.404922,
2010-12-02,7.28799267,1.61952864,3.13933017,,0.18593723,7.82,8.11963455,2.03094767,,,8.59696585,6.28530292,,17.58,,7.005174,0.64527645,8.70013608,,3.75,34.596757,,,3.99800011,4.10399609,4.503538,0.09423747,,7.9512215,1.404922,
2010-12-05,7.29999266,1.5711845,3.1493303,,0.18593723,7.9,8.15057385,2.0316084,,,8.57272344,6.2401832,,17.65,,6.901628,0.62360986,8.78804235,,3.678,34.554607,,,3.99800011,4.10879621,4.511069,0.09408015,,7.8439044,1.404922,
2010-12-06,7.59999235,1.65880825,3.19999678,,0.18593723,8.05,8.16024219,2.01525511,,,8.59090495,6.06060312,,17.5,,6.895625,0.64194315,8.79062732,,3.66,34.512461,,,3.99800011,4.10159597,4.571317,0.09203493,,7.8146361,1.396609,
2010-12-08,7.73959261,1.68902334,3.2086635,,0.18593723,8.35,8.29560185,2.01525511,,,8.5030259,6.06082782,,17.790001,,6.903128,0.64166535,8.66393835,,3.618,34.428162,,,3.99800011,4.15199568,4.706875,0.09297887,,7.902441,1.429861,
2010-12-09,7.60039195,1.66787278,3.19999678,,0.18593723,8.34,8.50637587,1.93514045,,,8.75151063,5.98203683,,17.74,,6.961654,0.65777643,8.91990125,,3.63,34.515971,,,3.99800011,4.18679577,4.691813,0.09234958,,8.1463435,1.429861,
2010-12-12,7.79999215,1.73132446,3.22533015,,0.18593723,8.21,8.65140387,1.92440344,,,8.74848093,6.0159328,,17.85,,6.903128,0.67055415,8.94575552,,3.582,35.123611,,,3.99800011,4.13999594,4.721937,0.09219225,,8.292685,1.429861,
2010-12-13,7.71999223,1.69808787,3.20066331,,0.18593723,8.3,8.79643187,1.92902862,,,8.54545073,5.81390521,,17.82,,6.8431,0.65555421,8.81648159,,3.594,35.120098,,,3.99800011,4.12079595,4.654158,0.09203493,,8.3219533,1.429861,
2010-12-14,7.82999212,1.80081916,3.21266337,,0.18593723,8.4,9.08648786,1.99873663,,,8.92120812,5.76901018,,17.719999,,6.828094,0.66333194,8.80355445,,3.6,34.60027,,,3.99800011,4.15199568,4.691813,0.09156295,,8.1756118,1.438174,
2010-12-15,7.99999195,1.90657196,3.17399687,,0.18593723,8.28,9.13676385,1.98601739,,,8.63635947,5.79055957,,17.790001,,6.828094,0.65722087,8.77511419,,3.6,34.508948,,,3.99800011,4.19759588,4.608972,0.09156295,,8.0780508,1.429861,
2010-12-16,7.99999195,1.86729235,3.06666358,,0.18593723,8.19,9.02847609,2.01525511,,,8.8757536,6.58834432,,17.799999,,6.826594,0.6666653,8.66135338,,3.66,35.053365,,,3.99800011,4.22999585,4.556255,0.09109098,,8.06829568,1.454801,
2010-12-19,7.97319198,1.82801274,3.00133031,,0.18593723,8.2,9.04974686,2.01525511,,,8.78181395,7.519916,,17.700001,,6.828094,0.6666653,8.53207945,,3.642,35.116587,,,3.99800011,4.13999594,4.465883,0.09109098,,8.0390264,1.446488,
2010-12-20,7.67999227,1.80081916,2.98333033,,0.18593723,8.11,9.20057656,1.98552183,,,8.45454138,7.93519494,,18.25,,6.452924,0.71527631,8.77511419,,3.63,34.60027,,,3.99800011,4.13999594,4.59391,0.09046168,,7.9804898,1.429861,
2010-12-21,7.97959237,1.80686218,2.99999698,,0.18593723,8.2,9.1773715,2.01508992,,,8.75757153,7.7443911,,18.049999,,6.260837,0.69999859,8.70013608,,3.624,34.947993,,,3.99800011,4.13999594,4.66922,0.09046168,,7.9707337,1.429861,
2010-12-22,7.99599156,1.77060407,2.99866365,,0.18593723,8.57,9.09422211,1.99741514,,,8.64545068,8.19334131,,17.700001,,6.37789,0.69166525,8.65359721,,3.75,34.596757,,,3.99800011,4.13999594,4.646627,0.09046168,,8.0878069,1.429861,
2010-12-23,7.99599156,1.76153955,2.99866365,,0.18593723,8.97,8.89505052,2.02846989,,,8.43029896,8.08110376,,17.799999,,6.451424,0.69666524,8.63549912,,3.72,34.747788,,,3.99800011,4.13999594,4.66922,0.09077633,,8.1853679,1.429861,
2010-12-26,7.93879201,1.73132446,2.93999691,,0.18593723,8.95,8.89505052,2.02846989,,,8.42726836,7.63574515,,17.690001,,6.738054,0.68888745,8.57344711,,3.72,34.772375,,,3.99800011,4.07999599,4.684282,0.09109098,,8.195124,1.429861,
2010-12-27,7.93999201,1.74945351,2.93333038,,0.18593723,9.2,8.89505052,1.98221814,,,8.40908685,7.29544089,,17.9,,6.529458,0.68833195,8.75960183,,3.708,34.772375,,,3.99800011,4.09199574,4.74453,0.090619,,8.2341484,1.413235,
2010-12-28,7.92999202,1.75851804,2.98333033,,0.18593723,9.33,8.94339319,1.97974036,,,8.54545073,7.43304413,,17.91,,6.602992,0.69444302,8.87336263,,3.72,35.123611,,,3.99800011,4.07999599,4.804778,0.0937655,,8.2829289,1.413235,
2010-12-29,7.99199196,1.76758256,2.96666368,,0.18593723,9.28,9.13676385,1.98403517,,,8.48484439,7.8555065,,18.17,,6.460427,0.70499852,8.86819142,,3.66,35.081462,,,3.99800011,4.10999596,4.797247,0.09644002,,8.4000021,1.421548,
2010-12-30,7.98959236,1.83405576,2.93733044,,0.18593723,9.3,9.22378084,1.98254851,,,8.45454138,7.81173363,,18.190001,,6.538463,0.70360967,8.8242388,,3.66,35.474847,,,3.99800011,4.13399606,4.812309,0.09565339,,8.4780509,1.421548,
2011-01-02,7.99999195,1.89750744,2.99999698,,0.18593723,9.3,9.16383555,1.98254851,,,8.78787455,8.1708938,,18.200001,,6.593988,0.72944295,8.76994297,,3.714,35.478359,,,3.99800011,4.13399606,4.834902,0.09565339,,8.4390265,1.429861,
2011-01-03,7.99919195,1.93376554,3.01933036,,0.18593723,9.4,9.08648786,1.98238332,,,8.57575314,8.93410916,,18.67,,6.601492,0.72944295,8.76218679,,3.6,35.474847,,,3.99800011,4.07999599,4.81984,0.09596804,,8.390246,1.463114,
2011-01-04,7.98959236,1.91563649,3.09999688,,0.18593723,9.65,9.04781354,1.98238332,,,8.75454093,8.64229152,,19.0,,6.636007,0.73916518,9.11381214,,3.714,36.827106,,,3.99800011,4.07999599,4.797247,0.09565339,,8.4097582,1.50468,
2011-01-05,7.97999197,1.98210968,3.13266365,,0.18593723,9.56,9.02847609,2.01525511,,,9.39393486,8.51703464,,19.23,,6.75306,0.73888737,9.11122718,,3.726,36.521531,,,3.99800011,4.07999599,4.729468,0.09832791,,8.3414655,1.488053,
2011-01-06,7.95999199,2.00930326,3.16666348,,0.18597795,9.55,8.89505052,2.01442918,,,9.54544994,8.70716505,,19.51,,6.640509,0.72499851,9.0776157,,3.696,36.809544,,,3.99800011,4.13399606,4.714406,0.09722664,,8.3804899,1.471427,
2011-01-10,7.95999199,2.01534627,3.19266339,,0.18597795,9.57,8.89505052,2.01442918,,,9.87878251,9.42324063,,19.299999,,7.035188,0.72499851,9.04917518,,3.66,37.231028,,,3.99800011,4.08119575,4.691813,0.09754129,,8.4195143,1.454801,
2011-01-11,7.89999205,1.96398063,3.18799679,,0.18597795,9.42,8.71908322,2.01442918,,,9.79393467,9.76466704,,18.860001,,7.135733,0.72138738,9.04400422,,3.624,37.494455,,,3.99800011,4.14119569,4.639096,0.09659734,,8.3414655,1.438174,
2011-01-12,7.91599164,1.94887308,3.3099968,,0.18597795,9.4,8.69974654,2.06150686,,,9.79999527,9.8290914,,18.799999,,7.419362,0.72583181,9.22498772,,3.6,36.820081,,,3.99800011,4.13999594,4.646627,0.09533874,,8.3414655,1.438174,
2011-01-13,7.95999199,1.90657196,3.46666318,,0.18597795,9.33,8.59532619,2.04829206,,,9.90908643,9.94424713,,18.799999,,7.728502,0.73444296,9.11381214,,3.66,38.976671,,,3.99800011,4.19519576,4.639096,0.09486677,,8.3414655,1.463114,
2011-01-16,7.98999196,1.88844291,3.46666318,,0.18597795,9.25,8.54698352,2.04829206,,,9.69696502,9.96557249,,19.0,,8.013632,0.71638744,8.98453821,,3.63,38.63246,,,3.99800011,4.18679577,4.691813,0.0950241,,8.31219818,1.446488,
2011-01-17,7.88439207,1.86427084,3.46666318,,0.18597795,9.21,8.4483641,2.04498838,,,9.32120763,10.07893219,,18.74,,7.450877,0.71999852,8.79579827,,3.606,38.249612,,,3.99800011,4.09799622,4.706875,0.09470945,,8.292685,1.429861,
2011-01-18,7.91999203,1.78269011,3.36599675,,0.18597795,9.06,8.06355686,2.03177358,,,9.19393496,9.15858426,,18.25,,7.841053,0.69444302,8.44675814,,3.54,36.879791,,,3.99800011,4.13999594,4.59391,0.09046168,,8.0487825,1.396609,
2011-01-19,7.91999203,1.6739158,3.45199646,,0.18597795,8.9,8.02488254,2.03094767,,,9.0848441,8.66900406,,17.790001,,7.056197,0.69444302,8.24250559,,3.558,37.898376,,,3.99800011,4.12919595,4.511069,0.08810181,,7.902441,1.338417,
2011-01-20,7.951192,1.66182976,3.67999636,,0.18597795,8.95,8.04421922,1.98221814,,,9.11211682,8.93366043,,18.0,,7.12823,0.69166525,8.23474941,,3.528,38.63246,,,3.99800011,4.15199568,4.488476,0.08888843,,7.9219532,1.355043,
2011-01-23,7.949992,1.63765769,3.89932954,,0.18597795,8.93,8.05582184,1.91944789,,,8.97575355,9.0238992,,17.82,,7.12823,0.68694303,8.28645873,,3.546,38.460354,,,3.99800011,4.19879612,4.465883,0.08904576,,7.8146361,1.34673,
2011-01-24,7.949992,1.64974373,3.88266289,,0.18597795,9.05,8.05582184,1.97808851,,,9.06060169,9.40528218,,18.0,,7.104219,0.68166529,8.39504935,,3.51,38.635972,,,3.99800011,4.19999588,4.488476,0.08810181,,7.9902459,1.34673,
2011-01-26,7.93999201,1.57722752,3.66732951,,0.18597795,8.67,7.90305882,1.97792332,,,8.75757153,8.75452907,,17.610001,,6.75456,0.65277644,8.01498373,,3.378,36.883304,,,3.99800011,4.16399603,4.360449,0.08621391,,7.7268312,1.296851,
2011-01-27,7.91999203,1.395937,3.52999651,,0.18597795,7.96,7.54145588,1.89962572,,,7.88181438,7.40767845,,16.77,,6.152788,0.56944327,7.23675466,,3.36,36.528555,,,3.99800011,4.01879629,4.14205,0.07708908,,7.0926847,1.163841,
2011-03-23,7.71999223,1.395937,3.21199677,,0.19261237,6.43,7.05802922,1.63896405,,,6.93635999,5.88663491,,14.43,,5.279392,0.56944327,6.14826842,,2.958,36.001701,,,3.99800011,3.51359667,3.306109,0.06261521,,5.7365868,0.947699,
2011-03-24,7.91999203,1.35363588,3.25733012,,0.19261237,5.79,6.28261324,1.48781989,,,7.00302723,6.2404079,,15.87,,4.752654,0.56944327,5.53550973,,3.252,37.613875,,,3.99800011,3.61199645,2.982276,0.0682789,,5.170733,1.039143,
2011-03-27,8.51959183,1.37176493,3.48332983,,0.20224299,5.98,6.33095591,1.62277588,,,7.59696603,6.21459349,,16.0,,4.752654,0.56027663,5.92074605,,2.988,41.16136,,,3.99800011,3.92039591,2.688567,0.07268399,,5.0243915,1.022517,
2011-03-28,8.31999163,1.48356075,3.45999665,,0.21230164,5.95,6.80084585,1.58577451,,,7.87575378,6.22267415,,17.6,,4.737647,0.56860991,5.8173269,,3.282,45.270822,,,3.99800011,3.96119587,2.424982,0.07551584,,5.1512208,1.122275,
2011-03-29,7.92039163,1.35363588,3.49999648,,0.22278831,5.87,6.5842709,1.63532996,,,7.80302654,6.61573028,,17.49,,4.464523,0.61083208,5.55877904,,3.438,43.728896,,,3.99800011,3.99959631,2.394858,0.07457189,,4.8292695,1.18878,
2011-03-30,7.91999203,1.38082946,3.59666311,,0.23391703,6.0,6.67128789,1.73444087,,,7.97575373,7.14212462,,17.4,,4.276938,0.58333213,5.9336737,,3.6,43.904514,,,3.99800011,3.86399633,2.191521,0.07315597,,4.87805,1.180467,
2011-03-31,7.92039163,1.34759286,3.71666293,,0.24547377,5.8,7.03675825,1.76334821,,,7.77272352,7.84405805,,17.5,,4.186897,0.58027656,5.84318169,,3.51,43.725383,,,3.99800011,3.83999623,2.10868,0.07236934,,4.8390256,1.163841,
2011-04-03,7.87999207,1.40198002,3.7399961,,0.24547377,5.88,6.55526588,1.91465752,,,8.14848062,8.62276219,,17.5,,4.336965,0.59027656,5.68805297,,3.54,43.553278,,,3.99800011,3.84479635,2.131273,0.07394259,,4.6926841,1.172154,
2011-04-04,8.11999183,1.41406605,3.73332958,,0.25767255,6.0,6.54366325,1.74352604,,,8.03029916,9.45758532,,17.299999,,4.351972,0.59333214,5.68805297,,3.51,43.711334,,,3.99800011,3.83999623,2.304486,0.07331329,,5.073172,1.163841,
2011-04-05,8.07959227,1.38687247,3.93332937,,0.27051338,5.68,6.3812319,1.74352604,,,7.99999614,8.73208156,,17.469999,,4.427006,0.61110986,5.59756122,,3.504,43.202041,,,3.99800011,3.83759623,2.063494,0.07630246,,4.5951231,1.18878,
2011-04-06,7.91999203,1.38385097,3.99999597,,0.27051338,5.86,6.57460256,1.81604217,,,8.09090549,8.75452907,,17.370001,,4.351972,0.62222094,5.69063845,,3.426,43.904514,,,3.99800011,3.83999623,2.048432,0.07236934,,4.4780499,1.172154,
2011-04-07,7.91999203,1.34457135,3.79999617,,0.28399624,5.85,6.20719791,1.81604217,,,8.03029916,8.50738176,,17.299999,,4.351972,0.61083208,5.63634314,,3.276,43.48303,,,3.99800011,3.82799624,1.935467,0.07158272,,4.390245,1.163841,
2011-04-10,7.99999195,1.31435627,3.74532956,,0.29812115,5.88,6.11051297,1.81604217,,,8.17272303,8.7080625,,17.190001,,4.245424,0.60555428,5.55102234,,3.27,43.342536,,,3.99800011,3.80999626,1.897812,0.07158272,,4.3024401,1.147214,
2011-04-11,7.92399243,1.29622721,3.73332958,,0.3128881,5.92,5.99255686,1.73460604,,,8.17878393,8.57494899,,17.190001,,4.30395,0.59305434,5.50706921,,3.27,43.296875,,,3.99800011,3.82799624,2.010777,0.0714254,,4.3219523,1.147214,
2011-04-12,7.92399243,1.25090458,3.73332958,,0.3285111,5.8,5.99449057,1.73477124,,,7.95454162,8.35024919,,16.75,,4.219912,0.57777656,5.55877904,,3.258,43.131794,,,3.99800011,3.81359638,1.784847,0.06875088,,4.6341475,1.105649,
2011-04-13,7.90599165,1.29320571,3.83332947,,0.34477617,5.77,5.80111991,1.73444087,,,8.22726876,8.44026393,,17.48,,4.221413,0.60138765,5.46828729,,3.504,44.25575,,,3.99800011,3.82799624,1.702006,0.07000947,,4.292684,1.147214,
2011-04-14,7.90599165,1.30831325,3.83332947,,0.36189725,5.6,5.81658956,1.73444087,,,8.48484439,8.10354769,,17.360001,,4.224414,0.60222098,5.44501772,,3.51,44.080132,,,3.99800011,3.82799624,1.747192,0.07126807,,4.3024401,1.147214,
2011-04-17,7.90599165,1.32039928,3.83266294,,0.3798744,4.8,5.78178284,1.73163272,,,8.78787455,7.5277693,,17.219999,,4.164387,0.58055436,5.27437639,,3.36,44.571862,,,3.99800011,3.82799624,1.65682,0.0714254,,4.1756108,1.105649,
2011-04-18,7.59999235,1.25392609,3.72999631,,0.39870759,5.15,5.56907492,1.73163272,,,8.54242043,7.07994167,,16.629999,,4.17039,0.54583221,4.75469493,,3.372,43.904514,,,3.99800011,3.77999629,1.536324,0.06843623,,3.9512205,1.039143,
2011-04-19,7.59999235,1.26299062,3.79999617,,0.38308461,4.55,5.58841218,1.72122607,,,8.60605646,7.34607966,,17.190001,,4.264933,0.55527664,4.98997348,,3.33,44.080132,,,3.99800011,3.83999623,1.558917,0.06749228,,3.9219522,1.05577,
2011-04-20,7.59999235,1.23277553,3.7419963,,0.37452406,4.49,5.48979294,1.73427568,,,8.62120827,7.67661911,,16.65,,4.625096,0.54444333,4.96411921,,3.3,43.37766,,,3.99800011,3.77999629,1.5062,0.06985215,,3.90244,1.072396,
2011-04-21,7.83999211,1.23579704,3.79666291,,0.35312269,4.52,5.4530529,1.71775719,,,9.04545018,7.84679318,,16.379999,,4.652108,0.54444333,4.91240938,,3.42,38.284736,,,3.99800011,3.77999629,1.483607,0.06938018,,3.8243912,1.080709,
2011-04-26,7.60159195,1.23277553,3.82666295,,0.33386145,4.65,5.38537298,1.71709646,,,9.09090471,7.99692207,,16.74,,4.484032,0.54722113,4.58663908,,3.3,37.9335,,,3.99800011,3.7679963,1.468545,0.06654833,,3.804879,1.072396,
2011-04-27,7.66199229,1.21464648,3.81666282,,0.34713028,4.79,5.36603591,1.71709646,,,8.93938963,8.62089524,,16.75,,4.276938,0.54583221,4.45736514,,3.3,36.388061,,,3.99800011,3.7679963,1.483607,0.06560438,,3.5414643,1.064083,
2011-04-28,8.07999187,1.22673252,3.8733293,,0.33578757,4.93,5.41437858,1.70305575,,,9.06060169,8.96806828,,17.0,,4.351972,0.54860998,4.75469493,,3.3,37.582264,,,3.99800011,3.81599613,1.498669,0.07032412,,3.6292692,1.064083,
2011-05-02,8.19999175,1.26299062,3.99999597,,0.32102062,4.91,5.43371564,1.68488541,,,9.05757109,9.86457613,,16.700001,,4.353473,0.54972112,4.78313545,,3.3,37.582264,,,3.99800011,3.83999623,1.5062,0.07063877,,3.6390253,1.080709,
2011-05-03,8.42999152,1.25090458,4.29999567,,0.3362156,4.94,5.41631228,1.69314466,,,9.09090471,9.93750849,,16.459999,,4.652108,0.54666554,4.75728067,,3.3,37.153756,,,3.99800011,3.88559631,1.453483,0.07000947,,3.6195131,1.105649,
2011-05-04,8.39999155,1.23881855,4.61599522,,0.32337477,4.88,5.51106391,1.69314466,,,9.0787832,9.55280322,,16.4,,4.351972,0.54444333,4.91240938,,3.3,37.582264,,,3.99800011,3.83999623,1.43089,0.06796425,,3.4341472,1.097335,
2011-05-05,8.40679154,1.21162497,4.73199544,,0.31460021,4.8,5.40857726,1.60642262,,,8.98181355,9.46835573,,16.25,,4.410498,0.53555448,4.80899024,,3.21,37.301275,,,3.99800011,3.83999623,1.302863,0.06843623,,3.2878057,1.080709,
2011-05-08,8.40679154,1.18443139,4.29999567,,0.29640904,4.59,5.38537298,1.55917973,,,8.86060179,9.42144002,,16.1,,4.321958,0.52499892,4.71849849,,3.24,36.879791,,,3.99800011,3.80999626,1.257677,0.06654833,,3.2000008,1.080709,
2011-05-09,8.12079183,1.19047441,4.41532909,,0.29640904,4.69,5.54780453,1.65184844,,,9.02726868,9.55365623,,16.120001,,4.332463,0.52611006,4.71332753,,3.288,36.704173,,,3.99800011,3.83759623,1.257677,0.06607636,,3.2975618,1.05577,
2011-05-10,8.35999159,1.19047441,4.80932843,,0.3081798,4.6,5.55940658,1.65184844,,,8.99696566,9.42570547,,16.290001,,4.209407,0.52666556,5.06495262,,3.27,37.118632,,,3.99800011,3.77999629,1.242615,0.06670566,,3.3463423,1.05577,
2011-05-11,8.1519918,1.19651743,4.43332887,,0.3081798,4.45,5.54200322,1.70041278,,,8.96666234,10.18871847,,16.700001,,4.312954,0.5166656,5.01324279,,3.282,36.177319,,,3.99800011,3.71999635,1.227553,0.06607636,,3.317074,1.05577,
2011-05-12,8.31999163,1.20860346,4.43332887,,0.29961925,4.55,5.70830199,1.70041278,,,9.0727232,10.4493115,,16.65,,4.23792,0.52222112,4.97187539,,3.27,36.370499,,,3.99800011,3.83999623,1.20496,0.06733495,,3.3463423,1.05577,
2011-05-15,8.31599123,1.2206895,4.43332887,,0.31010592,4.62,5.71797052,1.70041278,,,9.24241979,10.31880173,,16.51,,4.270935,0.54111,5.01582853,,3.27,36.525043,,,3.99800011,3.77999629,1.295332,0.06717763,,3.5902448,1.080709,
2011-05-16,8.10839224,1.21162497,4.43266207,,0.29384088,4.66,5.69669955,1.69843056,,,9.2727228,10.40666125,,16.639999,,4.203405,0.54444333,5.06495262,,3.27,36.78847,,,3.99800011,3.83999623,1.363111,0.06985215,,3.6975619,1.072396,
2011-05-17,8.15999179,1.20860346,4.43332887,,0.29384088,5.0,5.80111991,1.66010769,,,9.39393486,10.66256275,,16.6,,4.499039,0.55249884,5.10632028,,3.252,36.370499,,,3.99800011,3.87599607,1.43089,0.06985215,,3.9317083,1.080709,
2011-05-18,8.16199179,1.24788308,4.4033291,,0.29705108,5.22,5.79145157,1.65184844,,,9.4636318,10.83316376,,16.6,,4.497538,0.55444328,5.14510246,,3.324,36.690124,,,3.99800011,3.89279606,1.513731,0.06938018,,4.2439035,1.072396,
2011-05-19,8.11999183,1.26299062,4.37999539,,0.29555299,5.38,5.77211431,1.65184844,,,9.54241964,10.76918838,,16.889999,,4.449516,0.55360997,5.15544463,,3.288,36.879791,,,3.99800011,3.95999611,1.491138,0.07126807,,4.3024401,1.080709,
2011-05-22,8.31919163,1.26601213,4.39999557,,0.30860783,5.37,6.01769524,1.66836693,,,9.90908643,10.91803818,,17.16,,4.500539,0.55860999,5.16837177,,3.42,36.876279,,,3.99800011,3.98999608,1.604103,0.07205469,,4.292684,1.122275,
2011-05-23,8.31999163,1.24788308,4.39999557,,0.30710973,5.21,5.9751535,1.66836693,,,9.72726743,10.61777999,,17.120001,,4.351972,0.55694327,5.17095724,,3.336,36.879791,,,3.99800011,3.95999611,1.619165,0.07174005,,4.3024401,1.147214,
2011-05-24,8.11999183,1.2206895,4.36599547,,0.30475558,5.05,5.90747358,1.65201364,,,9.54241964,10.49196175,,16.700001,,4.396992,0.55222106,5.17095724,,3.33,36.837643,,,3.99800011,3.90599605,1.641758,0.07063877,,4.195123,1.130588,
2011-05-25,8.01999193,1.2206895,4.37932906,,0.30603966,5.01,6.11051297,1.65184844,,,9.54241964,10.40666125,,15.69,,4.380485,0.54583221,5.62600148,,3.306,36.774421,,,3.99800011,3.93479626,1.634227,0.07032412,,4.2146352,1.138901,
2011-05-26,8.15999179,1.21162497,4.4399954,,0.31973654,5.05,6.18786123,1.65184844,,,9.39393486,10.35974555,,15.82,,4.357975,0.54860998,5.61048887,,3.342,38.196927,,,3.99800011,3.81599613,1.679413,0.07032412,,4.4000011,1.147214,
2011-05-29,8.17199178,1.23881855,4.48666235,,0.33535954,5.44,6.24587224,1.65184844,,,9.69090442,10.59773437,,16.049999,,4.787169,0.57360993,6.00606684,,3.33,37.571727,,,3.99800011,3.81599613,1.792378,0.07205469,,4.7512207,1.163841,
2011-05-30,8.14399221,1.23881855,4.89332854,,0.35205264,5.73,6.24587224,1.73262382,,,9.76666196,10.40666125,,16.0,,5.154835,0.57194327,5.95952797,,3.354,37.582264,,,3.99800011,3.82799624,1.799909,0.07268399,,4.8585378,1.155527,
2011-05-31,8.14239181,1.22975402,4.94399529,,0.36938773,6.27,6.18786123,1.73196309,,,9.68181382,10.35889297,,16.0,,5.483485,0.55277664,5.94660083,,3.42,36.286202,,,3.99800011,3.83759623,1.686944,0.07126807,,4.6243914,1.172154,
2011-06-01,8.29439166,1.23579704,4.52666224,,0.36275333,6.7,6.10084424,1.76582599,,,9.75454045,10.32093467,,15.92,,5.102312,0.56972105,5.94660083,,3.45,36.35645,,,3.99800011,3.84119599,1.709537,0.07236934,,4.6439036,1.163841,
2011-06-02,8.00039155,1.21162497,4.49332894,,0.35740298,6.1,5.95968385,1.73444087,,,9.57575296,10.16781942,,15.65,,4.803676,0.55666555,5.75268993,,3.372,36.35645,,,3.99800011,3.83999623,1.702006,0.07032412,,4.585367,1.147214,
2011-06-05,8.00199195,1.22673252,4.69999527,,0.33921179,6.52,5.93647956,1.73444087,,,9.4545412,10.38533612,,15.78,,4.950744,0.56360998,5.65961245,,3.426,36.827106,,,3.99800011,3.84119599,1.73213,0.07032412,,4.5073182,1.155527,
2011-06-06,8.0507919,1.26903364,5.08399502,,0.35205264,6.19,5.86106462,1.76483489,,,9.37878366,11.17010031,,15.6,,4.76766,0.55555441,5.42950511,,3.438,36.879791,,,3.99800011,3.89999617,1.694475,0.07000947,,4.4097572,1.147214,
2011-06-07,8.11999183,1.30227023,4.66466204,,0.342422,5.97,5.93454586,1.75095935,,,9.52726844,11.51642035,,15.6,,4.87721,0.54722113,5.42950511,,3.396,36.528555,,,3.99800011,3.82199625,1.702006,0.06938018,,4.5073182,1.147214,
2011-06-08,8.03999191,1.29320571,4.68066189,,0.34969847,6.16,5.9442142,1.73609272,,,9.57575296,11.21530958,,15.64,,4.907224,0.54916554,5.40365032,,3.42,36.321326,,,3.99800011,3.82199625,1.664351,0.07000947,,4.6146353,1.138901,
2011-06-09,8.20199175,1.29622721,5.12732844,,0.34777234,5.96,5.89780524,1.77573708,,,9.87878251,11.5070373,,15.71,,4.824687,0.54999884,5.42433415,,3.426,36.879791,,,3.99800011,3.78239629,1.724599,0.07221202,,4.682928,1.130588,
2011-06-12,8.35999159,1.26903364,4.79599531,,0.32102062,5.85,5.88620319,1.76747784,,,9.92120794,11.3279071,,15.6,,4.697128,0.55555441,5.34676979,,3.6,36.704173,,,3.99800011,3.83999623,1.769785,0.07063877,,4.6243914,1.138901,
2011-06-13,8.39879155,1.3264423,4.79666164,,0.33022321,5.86,5.89393782,1.76764301,,,10.0393894,11.28099139,,15.51,,4.778165,0.56888772,5.60790339,,3.48,36.876279,,,3.99800011,3.83999623,1.905343,0.07063877,,4.7024402,1.138901,
2011-06-14,8.35799159,1.33550683,5.25066151,,0.32037858,6.34,6.06023659,1.76780821,,,9.99999518,11.25966627,,15.68,,4.652108,0.55555441,5.81215594,,3.45,36.739297,,,3.99800011,3.80879626,2.025839,0.07048145,,4.8292695,1.130588,
2011-06-15,8.27999167,1.32946381,4.76666187,,0.32102062,6.34,6.04283323,1.76780821,,,10.28181322,11.21360442,,15.56,,4.757156,0.55277664,5.76561707,,3.444,37.231028,,,3.99800011,3.83999623,1.88275,0.07158272,,4.8000012,1.130588,
2011-06-16,8.27999167,1.32342079,4.73332857,,0.32102062,6.24,5.99255686,1.76830376,,,10.53938855,11.41917778,,15.4,,4.640103,0.54444333,5.6311727,,3.396,37.406646,,,3.99800011,3.83999623,1.965591,0.07126807,,4.9170744,1.130588,
2011-06-19,8.19999175,1.38989398,4.7066618,,0.32102062,6.68,6.0911759,1.76830376,,,10.45454041,11.33217212,,15.53,,4.682122,0.57472107,5.79147211,,3.45,36.528555,,,3.99800011,3.81119626,2.03337,0.07362794,,5.0536598,1.130588,
2011-06-20,8.0479919,1.42615209,4.64666179,,0.32102062,6.4,6.12985023,1.76747784,,,10.33332774,11.04641501,,15.53,,4.577074,0.5763877,5.80439977,,3.36,36.879791,,,3.99800011,3.77999629,2.03337,0.07315597,,5.0439037,1.122275,
2011-06-21,8.02039153,1.39895851,4.56132861,,0.33129328,6.19,6.03316489,1.76747784,,,10.30302533,10.90311017,,15.35,,4.574073,0.56249884,5.71390776,,3.39,36.391573,,,3.99800011,3.72599622,1.973122,0.07063877,,5.1219525,1.105649,
2011-06-22,8.02039153,1.37478644,4.51332859,,0.342422,6.28,5.96355126,1.75095935,,,10.06363121,10.66256275,,15.25,,4.602586,0.55360997,5.61048887,,3.348,36.686612,,,3.99800011,3.71999635,1.935467,0.06969482,,5.0926842,1.105649,
2011-06-23,7.99999195,1.37780795,4.46666217,,0.32102062,6.07,5.89393782,1.88310723,,,9.99999518,11.08479981,,15.28,,4.604086,0.54916554,5.49414207,,3.336,36.704173,,,3.99800011,3.70799636,1.95806,0.0701668,,5.3,1.113962,
2011-06-26,8.06999188,1.38385097,4.44532886,,0.32102062,6.0,5.87653427,1.7831704,,,9.89696492,11.19569089,,15.25,,4.802176,0.54388777,5.53292425,,3.33,36.567191,,,3.99800011,3.71399647,1.95806,0.07032412,,5.2,1.113962,
2011-06-27,7.83999211,1.3596789,4.42332875,,0.31031994,6.02,5.76244558,1.76780821,,,9.89696492,10.86728396,,15.14,,4.725641,0.53860998,5.38038075,,3.312,36.177319,,,3.99800011,3.64319654,1.920405,0.06938018,,5.05,1.105649,
2011-06-28,7.81999213,1.3596789,4.42999534,,0.32316076,5.97,5.62708631,1.7537675,,,10.2393893,10.70308049,,15.0,,4.667115,0.54333219,5.36486814,,3.354,35.826083,,,3.99800011,3.59639635,1.905343,0.06969482,,5.05,1.097335,
2011-06-29,7.80079215,1.33248532,4.39199538,,0.29961925,5.8,5.58454457,1.75128972,,,9.98787367,10.42798637,,14.89,,4.650607,0.53555448,5.24852134,,3.36,35.675052,,,3.99800011,3.52319666,1.822502,0.0682789,,4.95,1.080709,
2011-06-30,7.83999211,1.28716269,4.43066214,,0.30732374,5.83,5.83786052,1.73609272,,,10.29696473,10.19127748,,15.15,,4.622094,0.53027669,5.24852134,,3.354,35.474847,,,3.99800011,3.53999652,1.784847,0.06796425,,5.02,1.089022,
2011-07-03,8.19519175,1.31133476,4.44666199,,0.32230471,5.8,5.80305361,1.73543197,,,9.99999518,10.78624806,,15.23,,4.712135,0.54972112,5.3286717,,3.366,36.704173,,,3.99800011,3.53879653,1.830033,0.06843623,,5.12,1.080709,
2011-07-04,8.19519175,1.2901842,4.36666227,,0.3205926,5.7,5.80111991,1.75145491,,,9.87878251,10.36187848,,15.27,,4.646105,0.53194335,5.32608596,,3.414,34.03478,,,3.99800011,3.53999652,1.814971,0.0676496,,5.07,1.072396,
2011-07-05,7.87999207,1.2901842,4.3699958,,0.31096198,5.72,5.99255686,1.88310723,,,9.78787376,10.30003562,,15.3,,4.718138,0.53305449,5.35194101,,3.42,34.772375,,,3.99800011,3.59999647,1.935467,0.06749228,,5.17,1.05577,
2011-07-06,7.85999209,1.25996911,4.31332879,,0.30175939,5.54,5.72763925,1.9161442,,,9.49393482,10.10810949,,15.4,,4.575573,0.52222112,5.3700391,,3.342,34.421139,,,3.99800011,3.53999652,1.95806,0.06623368,,4.94,1.047457,
2011-07-07,7.85999209,1.25392609,4.37132893,,0.31053395,5.56,5.80111991,1.9161442,,,9.54544994,10.06460623,,15.2,,4.688124,0.51416561,5.48121494,,3.33,36.173807,,,3.99800011,3.58799648,1.860157,0.06591903,,4.97,1.047457,
2011-07-10,7.81679214,1.2569476,4.66666197,,0.32401682,5.6,5.78178284,1.9161442,,,9.51514693,10.19340999,,15.21,,4.652108,0.5194434,5.42950511,,3.3,35.120098,,,3.99800011,3.59399659,2.010777,0.06670566,,4.94,1.047457,
2011-07-11,7.79999215,1.22371101,4.59866224,,0.3253009,5.34,5.63095391,1.9161442,,,9.26060129,9.85220798,,15.05,,4.653609,0.5122212,5.29506022,,3.288,34.779399,,,3.99800011,3.56399662,1.769785,0.06403114,,4.65,1.014204,
2011-07-12,7.99999195,1.19953894,4.56666207,,0.31031994,5.16,5.39504151,1.73609272,,,9.0848441,9.67734153,,15.55,,4.614591,0.48055454,5.16837177,,3.222,35.453773,,,3.99800011,3.53879653,1.694475,0.06466044,,4.5,1.022517,
2011-07-13,7.99999195,1.22371101,4.59999537,,0.30796578,5.45,5.31382583,1.75095935,,,9.0696926,10.09531442,,15.43,,4.799175,0.49249899,5.26920517,,3.258,35.123611,,,3.99800011,3.53999652,1.762254,0.06623368,,4.6,1.022517,
2011-07-14,7.99999195,1.22673252,4.59132891,,0.31246007,5.5,5.26741687,1.75095935,,,9.20908616,10.02238291,,15.59,,4.652108,0.50833226,5.29506022,,3.264,35.049852,,,3.99800011,3.48119658,1.709537,0.06528973,,4.53,1.022517,
2011-07-17,7.99999195,1.26601213,4.65932858,,0.31995055,5.43,5.43371564,1.75095935,,,9.13332863,10.88263805,,15.73,,4.802176,0.51638783,5.6777108,,3.276,35.049852,,,3.99800011,3.51599643,1.762254,0.06654833,,4.79,1.039143,
2011-07-18,7.99999195,1.25996911,4.6033289,,0.30261544,5.35,5.35443387,1.75095935,,,9.09090471,10.12943462,,15.81,,4.802176,0.5166656,5.40882128,,3.252,35.049852,,,3.99800011,3.49319669,1.73213,0.06513241,,4.7,1.03083,
2011-07-19,7.97999197,1.23881855,4.58666225,,0.29747911,5.25,5.24034498,1.78399632,,,8.99999596,9.76690748,,15.8,,4.784168,0.50416563,5.28730404,,3.216,34.596757,,,3.99800011,3.53999652,1.694475,0.06528973,,4.69,1.022517,
2011-07-20,7.90439205,1.23579704,4.68332862,,0.31117599,5.28,5.24034498,1.78399632,,,9.09090471,10.23606024,,16.0,,4.839693,0.50416563,5.1761282,,3.258,34.860184,,,3.99800011,3.58799648,1.702006,0.06434579,,4.6,1.022517,
2011-07-21,7.99999195,1.22371101,4.75999534,,0.32572893,5.25,5.26935058,1.7831704,,,9.53029874,8.87125221,,15.9,,4.796173,0.50666563,5.14510246,,3.33,36.177319,,,3.99800011,3.62279656,1.671882,0.06481776,,4.54,1.022517,
2011-07-25,7.72199223,1.20860346,4.89932827,,0.33942581,5.23,5.31769325,1.67926912,,,9.2727228,8.61748322,,16.01,,4.800675,0.4972212,5.09339314,,3.3,33.911847,,,3.99800011,3.59999647,1.619165,0.06434579,,4.44,1.022517,
2011-07-26,7.79999215,1.20860346,4.9033286,,0.34349205,5.16,5.31769325,1.75095935,,,9.19696526,8.3594492,,15.96,,4.667115,0.49611012,5.04426879,,3.312,34.069903,,,3.99800011,3.65399653,1.611634,0.06434579,,4.41,1.022517,
2011-07-27,7.79999215,1.19953894,4.85732851,,0.36061317,5.04,5.2770856,1.75095935,,,9.16969255,8.01824719,,15.7,,4.727142,0.4944434,5.04168331,,3.27,35.819058,,,3.99800011,3.66119641,1.596572,0.0689082,,4.35,0.997578,
2011-07-28,7.80039175,1.19953894,4.86666177,,0.37859034,4.96,5.41437858,1.75095935,,,9.21211677,8.10184211,,15.69,,4.802176,0.49277677,5.0261707,,3.306,35.4046,,,3.99800011,3.65999641,1.589041,0.06639101,,4.37,1.014204,
2011-07-31,8.15559179,1.23579704,4.99999497,,0.39678151,4.93,5.26161556,1.75095935,,,9.37878366,7.92356363,,15.57,,4.860702,0.49166568,5.02875618,,3.3,35.299229,,,3.99800011,3.67199639,1.604103,0.06654833,,4.32,1.022517,
2011-08-01,8.23999171,1.22371101,5.04732819,,0.41647073,4.93,5.29835618,1.75095935,,,9.39393486,7.42114368,,15.72,,4.802176,0.4944434,5.03392662,,3.3,35.826083,,,3.99800011,3.58199648,1.611634,0.06466044,,4.39,1.047457,
2011-08-02,8.16999178,1.20256045,5.52466131,,0.43723009,4.86,5.24034498,1.76747784,,,9.36363185,7.99209142,,15.68,,4.727142,0.48611011,5.00807235,,3.306,35.562656,,,3.99800011,3.59999647,1.589041,0.06466044,,4.3,1.03083,
2011-08-03,8.27999167,1.20860346,5.01666162,,0.40940828,4.84,5.22100791,1.76747784,,,9.24241979,8.78847369,,15.3,,4.784168,0.48861011,4.91240938,,3.3,35.562656,,,3.99800011,3.65159641,1.566448,0.06607636,,4.27,1.014204,
2011-08-04,8.35799159,1.20256045,5.07799476,,0.40662612,4.89,5.29835618,1.76747784,,,9.8454504,8.78847369,,15.7,,4.845696,0.49027677,5.0675381,,3.3,36.177319,,,3.99800011,3.59999647,1.596572,0.06780693,,4.41,1.014204,
2011-08-07,8.23599131,1.18443139,4.97399506,,0.40662612,4.74,5.19200232,1.76747784,,,9.51514693,9.6649649,,15.3,,4.727142,0.47416569,4.84777242,,3.24,36.159757,,,3.99800011,3.59999647,1.558917,0.07000947,,4.35,0.989264,
2011-08-08,8.35999159,1.16630234,4.93332837,,0.41154844,4.62,5.08564826,1.76747784,,,9.36363185,10.63098969,,15.2,,4.631099,0.46583238,4.70557135,,3.18,36.159757,,,3.99800011,3.65759641,1.521262,0.07236934,,4.21,0.980951,
2011-08-09,8.35999159,1.12702273,4.80066197,,0.38543876,4.42,4.94448787,1.68455505,,,8.78787455,11.69126132,,14.82,,4.427006,0.44888797,4.51424542,,3.06,34.803985,,,3.99800011,3.59999647,1.400766,0.07095342,,4.12,0.931072,
2011-08-10,8.33999161,1.14515178,4.93332837,,0.39806557,4.48,4.93675323,1.70123871,,,9.24241979,12.75153294,,15.2,,4.61159,0.45805461,4.73918231,,3.12,35.826083,,,3.99800011,3.65879641,1.43089,0.07362794,,4.15,0.989264,
2011-08-11,9.03999091,1.12702273,4.92399511,,0.37473807,4.35,4.88067555,1.68455505,,,9.98181307,14.02385936,,15.01,,4.494537,0.45555462,4.67454535,,3.09,35.474847,,,3.99800011,3.59999647,1.43089,0.07252667,,4.05,0.931072,
2011-08-14,9.48119046,1.12097971,5.12666164,,0.38950504,4.3,4.91161485,1.68042542,,,9.87575281,15.42341791,,14.99,,4.712135,0.4499991,4.65386152,,3.018,34.512461,,,3.99800011,3.58799648,1.378173,0.07834768,,4.08,0.939386,
2011-08-15,9.75999018,1.10587217,5.23132813,,0.40876626,4.18,4.86327219,1.7014039,,,9.62120748,16.964346,,15.1,,4.6356,0.45416573,4.55044238,,3.03,34.772375,,,3.99800011,3.59999647,1.363111,0.07866233,,4.08,0.947699,
2011-08-16,9.95959038,1.10285066,5.23332807,,0.36061317,4.11,4.93095192,1.7014039,,,9.40605637,18.66077966,,14.99,,4.50204,0.45416573,4.49097663,,3.0,35.826083,,,3.99800011,3.60359658,1.370642,0.07504386,,4.1,0.947699,
2011-08-17,9.6399903,1.11493669,5.19999477,,0.37859034,4.05,5.16299691,1.7014039,,,9.93938884,16.77585233,,14.98,,4.354973,0.4499991,4.50907498,,3.0,36.177319,,,3.99800011,3.65879641,1.408297,0.07535851,,4.15,0.964325,
2011-08-18,9.79999014,1.09982915,5.12999464,,0.35975709,4.04,5.2171405,1.7014039,,,9.57878356,15.97004636,,15.23,,4.45702,0.4472213,4.50131828,,3.048,35.123611,,,3.99800011,3.67199639,1.408297,0.07362794,,4.17,0.980951,
2011-08-21,9.59999034,1.0817001,5.04666139,,0.342422,3.9,5.07791362,1.7014039,,,9.39393486,15.17366551,,14.99,,4.344469,0.44027687,4.26603973,,2.97,35.113074,,,3.99800011,3.62999644,1.348049,0.07048145,,3.99,0.964325,
2011-08-22,9.67959066,1.09378613,5.06599477,,0.34263601,3.8,5.26935058,1.7014039,,,9.39393486,14.7259948,,14.94,,4.360976,0.4411102,4.18847563,,2.94,34.249034,,,3.99800011,3.59999647,1.35558,0.07394259,,4.0,0.947699,
2011-08-23,9.51999042,1.10285066,5.01199495,,0.35847303,3.78,5.26935058,1.7014039,,,9.39393486,14.25005064,,14.95,,4.276938,0.43472133,4.2143299,,2.976,35.123611,,,3.99800011,3.59999647,1.35558,0.07315597,,3.97,0.956012,
2011-08-24,9.36399098,1.14213027,4.96599487,,0.36039915,3.95,5.39117391,1.7014039,,,9.23938948,13.79766856,,15.0,,4.299448,0.43305467,4.31774956,,2.97,34.947993,,,3.99800011,3.62159644,1.363111,0.07189737,,3.98,0.956012,
2011-08-25,9.35999058,1.13608726,4.79999517,,0.36703358,3.87,5.46078754,1.7014039,,,9.19090466,14.60818684,,14.95,,4.351972,0.43805466,4.27896686,,2.97,35.123611,,,3.99800011,3.60119646,1.348049,0.07221202,,4.05,0.964325,
2011-08-28,9.45199049,1.12702273,4.32866231,,0.38287058,4.0,5.43371564,1.7014039,,,9.666662,15.76741668,,15.0,,4.418002,0.44083243,4.26603973,,2.94,35.123611,,,3.99800011,3.6707964,1.332987,0.07252667,,4.05,0.964325,
2011-08-29,9.59959074,1.12702273,4.33332897,,0.39870759,3.83,5.36603591,1.68108617,,,9.67272261,17.341331,,14.99,,4.345969,0.433888,4.22725755,,2.988,35.474847,,,3.99800011,3.6707964,1.325456,0.0714254,,3.98,0.972638,
2011-09-04,9.67999026,1.12097971,4.38332892,,0.38715087,3.83,5.39504151,1.68108617,,,9.30302612,18.31206952,,15.0,,4.240922,0.46111016,4.27379642,,3.0,35.123611,,,3.99800011,3.65999641,1.332987,0.0714254,,4.0,0.964325,
2011-09-05,9.51599003,1.12702273,4.2679955,,0.38779293,3.97,5.4530529,1.68108617,,,9.39393486,16.77585233,,15.4,,4.314455,0.45527681,4.39789914,,3.12,36.170295,,,3.99800011,3.83519611,1.370642,0.06922285,,3.97,0.972638,
2011-09-06,9.51599003,1.15421631,4.26666237,,0.3862948,4.02,5.53040098,1.68108617,,,9.16666225,16.95492137,,15.5,,4.224414,0.45444354,4.43409584,,3.09,35.141173,,,3.99800011,3.82679612,1.363111,0.06922285,,3.96,0.980951,
2011-09-07,9.51999042,1.14213027,4.235329,,0.3862948,4.13,5.4781909,1.66836693,,,9.39393486,16.48368953,,15.78,,4.45702,0.44944352,4.45219393,,3.114,35.141173,,,3.99800011,3.77999629,1.363111,0.06780693,,4.12,0.972638,
2011-09-08,9.59999034,1.15421631,4.25266245,,0.39763755,4.28,5.41437858,1.66836693,,,9.09090471,16.43656682,,15.55,,4.427006,0.45138796,4.46770732,,3.108,35.650465,,,3.99800011,3.78119629,1.348049,0.06906553,,4.17,0.972638,
2011-09-11,9.54959079,1.13004424,4.21666242,,0.40020573,4.32,5.34669885,1.66836693,,,9.23938948,15.89464974,,15.5,,4.464523,0.44527689,4.42116844,,3.03,36.177319,,,3.99800011,3.78119629,1.325456,0.0676496,,4.1,0.964325,
2011-09-12,9.49999044,1.12702273,4.19999577,,0.38522475,4.14,5.26935058,1.7014039,,,9.22726858,16.25749825,,15.5,,4.291945,0.44416575,4.39531366,,3.0,35.474847,,,3.99800011,3.74399644,1.317925,0.06702031,,4.05,0.956012,
2011-09-13,9.5399904,1.10587217,4.19999577,,0.38522475,4.15,5.14365965,1.63532996,,,9.24241979,15.94648524,,15.21,,4.198903,0.4374991,4.38238652,,2.976,35.478359,,,3.99800011,3.74999632,1.272739,0.06717763,,3.92,0.939386,
2011-09-14,9.51999042,1.09076463,4.19799584,,0.3841547,4.05,5.06244397,1.63532996,,,9.18181345,14.91448753,,15.2,,4.198903,0.43055467,4.33067669,,2.952,35.134148,,,3.99800011,3.7679963,1.257677,0.06528973,,3.91,0.939386,
2011-09-15,9.59999034,1.06659256,4.01732916,,0.3841547,3.94,4.98122829,1.56942125,,,8.83635938,14.93804959,,14.93,,3.939285,0.42222135,4.29706573,,2.94,35.123611,,,3.99800011,3.73199634,1.212491,0.06450311,,3.92,0.922759,
2011-09-18,9.55519039,1.03637747,4.01666262,,0.3841547,3.89,4.86327219,1.51144132,,,8.63938977,15.56478699,,14.91,,4.282941,0.41666581,4.18589015,,2.88,35.165759,,,3.99800011,3.71999635,1.167305,0.06434579,,3.79,0.906133,
2011-09-19,9.51999042,1.04242049,3.96666267,,0.3841547,4.0,4.92708451,1.4866636,,,9.08787441,15.90407438,,14.86,,4.075847,0.42388802,4.21691537,,2.892,35.474847,,,3.99800011,3.71999635,1.159774,0.06686298,,3.83,0.906133,
2011-09-20,9.51999042,1.03939898,3.99999597,,0.36104122,3.95,5.22100791,1.4866636,,,9.16363194,15.07941867,,15.0,,3.939285,0.42222135,4.31516408,,2.886,35.21142,,,3.99800011,3.7679963,1.152243,0.07000947,,3.74,0.922759,
2011-09-21,9.51999042,1.02126993,3.99932944,,0.37816229,3.94,4.83426659,1.4866636,,,8.8939351,15.07941867,,14.88,,4.006816,0.41666581,4.35911722,,2.88,35.474847,,,3.99800011,3.76679618,1.159774,0.0676496,,3.76,0.914446,
2011-09-22,9.45159009,1.0122054,3.92599598,,0.36211126,3.83,4.76078593,1.56925602,,,8.78787455,14.57520061,,14.7,,3.856748,0.41055471,4.39531366,,2.85,35.826083,,,3.99800011,3.72239635,1.107057,0.06450311,,3.65,0.906133,
2011-09-25,9.50759043,1.00011937,3.87199624,,0.34349205,3.81,4.68730488,1.46254662,,,8.681814,14.02385936,,14.47,,3.826734,0.39249919,4.35653148,,2.802,35.808521,,,3.99800011,3.71999635,1.091995,0.06308719,,3.55,0.89782,
2011-09-26,9.4399905,0.96688277,3.8433296,,0.35954308,3.81,4.67763654,1.46254662,,,8.63029887,13.37827128,,15.44,,4.08185,0.38888809,4.48580541,,2.814,35.130636,,,3.99800011,3.71999635,1.039278,0.06214324,,3.68,0.881194,
2011-09-27,9.4395909,0.96688277,3.89999607,,0.34327807,3.87,4.68343728,1.46254662,,,8.59090495,13.19449134,,15.6,,4.336965,0.3936103,4.4987328,,2.79,35.720712,,,3.99800011,3.71159636,1.05434,0.06182859,,3.71,0.881194,
2011-09-28,9.35799059,0.91249561,3.83132954,,0.32615695,3.66,4.52293963,1.47014511,,,8.37878384,11.35668719,,15.07,,3.849244,0.3680548,4.42633966,,2.76,35.474847,,,3.99800011,3.71999635,1.001623,0.0561649,,3.65,0.856254,
2011-09-29,9.39799054,0.91551712,3.79799624,,0.33172131,3.64,4.44752526,1.47014511,,,8.77878334,12.01641175,,15.0,,3.753201,0.37194368,4.39531366,,2.802,35.471335,,,3.99800011,3.70799636,0.956437,0.05490631,,3.75,0.856254,
2011-10-02,9.6399903,0.92156014,3.81666282,,0.34199397,3.71,4.59835457,1.47014511,,,9.08787441,12.15778083,,15.01,,3.7517,0.38305477,4.51941663,,2.826,35.123611,,,3.99800011,3.60839646,1.001623,0.05789548,,3.85,0.864567,
2011-10-03,9.59999034,0.89436656,3.79999617,,0.34199397,3.6,4.44752526,1.47014511,,,9.08787441,13.34528552,,14.85,,3.7517,0.377777,4.36299473,,2.844,35.120098,,,3.99800011,3.59999647,0.986561,0.05553561,,3.81,0.847941,
2011-10-04,9.67959066,0.89436656,3.78332952,,0.33814172,3.44,4.38177923,1.47014511,,,8.78787455,12.67613632,,14.99,,3.603133,0.36777702,4.3274444,,2.742,35.123611,,,3.99800011,3.67199639,0.948906,0.05411968,,3.75,0.847941,
2011-10-05,9.65879028,0.873216,3.73666284,,0.32102062,3.3,4.42625429,1.55191156,,,8.4999956,11.80906928,,14.69,,3.7517,0.36138815,4.23372081,,2.724,33.016194,,,3.99800011,3.59999647,0.918782,0.05427701,,3.67,0.847941,
2011-10-09,9.62799031,0.88832355,3.76266281,,0.32102062,3.2,4.48619959,1.55191156,,,8.93938963,12.24731535,,14.85,,3.7517,0.35555482,4.13030168,,2.706,33.188299,,,3.99800011,3.60359658,0.896189,0.05270376,,3.52,0.831315,
2011-10-10,9.59999034,0.84904393,3.74999623,,0.31674035,3.07,4.46106121,1.47014511,,,8.93938963,11.33312512,,14.45,,3.721686,0.34916595,3.93962265,,2.7,33.701104,,,3.99800011,3.59999647,0.873596,0.05097319,,3.44,0.806375,
2011-10-11,9.66999027,0.873216,3.79799624,,0.32102062,3.26,4.50553627,1.4866636,,,9.01514717,11.7713712,,14.58,,3.7517,0.36305481,3.9363908,,2.784,33.701104,,,3.99800011,3.60119646,0.911251,0.05270376,,3.45,0.814688,
2011-10-12,9.67999026,0.87019449,3.79866284,,0.32123464,3.24,4.48619959,1.4866636,,,9.01514717,11.33312512,,14.61,,3.624142,0.36666591,3.95901373,,2.826,33.701104,,,3.99800011,3.60119646,0.918782,0.05254644,,3.5,0.823002,
2011-10-13,9.6399903,0.87623751,3.85732952,,0.32102062,3.32,4.61189032,1.4866636,,,8.99696566,11.70539874,,15.15,,3.66316,0.37249923,3.89437678,,2.94,33.718667,,,3.99800011,3.60599634,0.948906,0.05427701,,3.5,0.847941,
2011-10-16,9.67999026,0.9427107,4.19999577,,0.32080661,3.37,4.6641006,1.4866636,,,8.99999596,12.45937015,,15.03,,3.657157,0.38527699,3.91053602,,2.91,33.687057,,,3.99800011,3.65999641,0.971499,0.05569293,,3.58,0.856254,
2011-10-17,9.67959066,0.97292579,4.45266225,,0.33664363,3.37,4.75691832,1.53605384,,,8.99999596,12.67142353,,15.07,,3.603133,0.38444365,3.93962265,,2.952,33.051317,,,3.99800011,3.68999638,0.963968,0.05553561,,3.69,0.856254,
2011-10-18,8.79999115,0.95479674,4.38332892,,0.33172131,3.32,4.70857566,1.48996725,,,9.12120772,12.48764359,,14.98,,3.598631,0.38555476,3.9428545,,2.952,33.518462,,,3.99800011,3.59999647,0.963968,0.05569293,,3.73,0.847941,
2011-10-19,8.63959171,0.96083975,4.30066247,,0.32102062,3.61,4.76658686,1.60229299,,,9.39393486,12.38868537,,15.0,,3.631646,0.38888809,3.99456406,,2.934,33.016194,,,3.99800011,3.71999635,1.001623,0.06056999,,3.8,0.856254,
2011-10-20,8.67999127,0.9427107,4.43199574,,0.32102062,3.55,4.79559226,1.62690549,,,9.40302607,12.22846655,,14.99,,3.658658,0.38611032,3.99133221,,2.85,33.521975,,,3.99800011,3.71999635,1.009154,0.06418846,,3.77,0.847941,
2011-10-23,8.56799138,0.96990428,4.49999547,,0.32102062,3.51,4.90581393,1.61864625,,,9.69393472,12.40282186,,14.97,,3.657157,0.39722141,4.017187,,2.82,33.36743,,,3.99800011,3.71639623,1.05434,0.06513241,,3.78,0.856254,
2011-10-24,8.59999135,0.96083975,4.46666217,,0.30518361,3.45,5.00830018,1.6179855,,,9.51514693,12.10594627,,15.13,,3.645152,0.38611032,4.00425961,,2.832,33.016194,,,3.99800011,3.65999641,1.039278,0.06875088,,3.72,0.856254,
2011-10-25,8.63399171,0.95177523,4.46666217,,0.31888049,3.37,5.07597992,1.6179855,,,9.4696924,11.89860379,,15.1,,3.534101,0.38694365,4.13676537,,2.898,33.188299,,,3.99800011,3.65999641,1.031747,0.06906553,,3.75,0.856254,
2011-10-26,8.63999131,0.93968919,4.50732886,,0.32102062,3.33,5.03343856,1.60229299,,,9.37878366,11.66298788,,15.05,,3.59713,0.37833256,4.13676537,,2.898,33.188299,,,3.99800011,3.72119635,1.039278,0.06843623,,3.63,0.856254,
2011-10-27,8.87959147,0.9427107,4.53332877,,0.32102062,3.4,5.02957096,1.60229299,,,9.4545412,11.67241251,,15.0,,3.564115,0.38055477,4.12383798,,2.91,33.876722,,,3.99800011,3.71879635,1.069402,0.06906553,,3.71,0.864567,
2011-10-30,8.95999099,0.95781824,4.54999542,,0.31031994,3.41,5.2171405,1.61881148,,,9.44848029,11.78079584,,16.0,,3.630145,0.38499921,4.13353352,,2.892,33.458752,,,3.99800011,3.71999635,1.084464,0.07111075,,3.72,0.864567,
2011-10-31,8.91919103,0.95177523,4.51666212,,0.29961925,3.39,5.19200232,1.61881148,,,8.83332907,11.309564,,15.0,,3.598631,0.38305477,4.18524309,,2.97,33.36743,,,3.99800011,3.73199634,1.061871,0.07063877,,3.68,0.864567,
2011-11-01,8.99839135,0.93968919,4.46666217,,0.29961925,3.23,5.20553826,1.61864625,,,8.18181424,10.82890753,,14.7,,3.691673,0.38055477,4.13676537,,2.934,36.352937,,,3.99800011,3.71999635,1.039278,0.06733495,,3.61,0.856254,
2011-11-02,8.95999099,0.9427107,4.46599537,,0.31053395,3.27,5.18040027,1.57090784,,,8.18181424,10.25871701,,14.5,,3.639149,0.38305477,4.12060613,,2.91,36.352937,,,3.99800011,3.71999635,1.05434,0.06938018,,3.56,0.856254,
2011-11-03,9.35839098,0.95177523,4.46199551,,0.31246007,3.35,5.19006861,1.57090784,,,8.33332931,9.42463667,,14.9,,3.660158,0.38833254,4.24988005,,2.91,34.421139,,,3.99800011,3.74399644,1.05434,0.07000947,,3.62,0.864567,
2011-11-09,9.2407907,0.95781824,4.46666217,,0.31246007,3.36,5.24614591,1.60229299,,,8.33332931,7.92611944,,14.75,,3.624142,0.39444363,4.36299473,,2.88,34.421139,,,3.99800011,3.6695964,1.061871,0.06796425,,3.59,0.864567,
2011-11-10,9.15839119,0.93666768,4.4066621,,0.31246007,3.34,5.17266525,1.60229299,,,8.3030263,7.13444996,,14.8,,3.594129,0.39055475,4.35329918,,2.832,33.778376,,,3.99800011,3.71999635,1.039278,0.06686298,,3.51,0.856254,
2011-11-13,9.07959127,0.93364618,4.34999562,,0.29640904,3.37,5.14559355,1.54546938,,,7.96969282,6.42288989,,14.77,,3.601632,0.38888809,4.35653103,,2.814,33.016194,,,3.99800011,3.66719628,1.031747,0.06497508,,3.53,0.847941,
2011-11-14,8.87999107,0.873216,4.24999572,,0.29640904,3.1,4.96962625,1.54447829,,,7.87878408,5.7820146,,14.6,,3.601632,0.37833256,4.18201124,,2.73,32.805453,,,3.99800011,3.71999635,0.956437,0.06167127,,3.42,0.839628,
2011-11-15,8.87479107,0.88832355,4.33332897,,0.28891856,3.11,4.88260925,1.5380361,,,7.87878408,6.33806816,,14.45,,3.736693,0.37638812,4.07212841,,2.736,32.317235,,,3.99800011,3.65999641,0.956437,0.06104197,,3.27,0.839628,
2011-11-16,8.75999119,0.88228053,4.26666237,,0.29919122,3.16,4.82266454,1.55273754,,,7.89393528,6.1165892,,14.25,,3.601632,0.37694367,4.03980993,,2.712,32.485827,,,3.99800011,3.65999641,0.956437,0.06292986,,3.36,0.831315,
2011-11-17,8.7495916,0.90343109,4.26666237,,0.28891856,3.13,4.66023299,1.55273754,,,7.84545046,5.93280878,,14.2,,3.601632,0.377777,3.98163667,,2.73,31.61125,,,3.99800011,3.71999635,0.956437,0.06292986,,3.33,0.831315,
2011-11-20,8.57999137,0.87623751,4.2013291,,0.29961925,3.06,4.53067465,1.55273754,,,7.65151146,5.73489141,,13.85,,3.459067,0.37499923,3.94931819,,2.64,32.050295,,,3.99800011,3.60119646,0.941375,0.06198592,,3.32,0.823002,
2011-11-21,8.55999139,0.86717298,4.1413291,,0.2848523,2.96,4.42818819,1.5395227,,,7.35454191,5.32491972,,13.32,,3.451564,0.32111045,3.78449395,,2.52,31.61125,,,3.99800011,3.71999635,0.888658,0.06041267,,3.29,0.806375,
2011-11-22,7.99999195,0.82789337,3.9766628,,0.27800386,2.74,4.17874023,1.51970057,,,7.12423899,4.69346906,,12.6,,3.283488,0.34777706,3.38697665,,2.4,31.267037,,,3.99800011,3.65999641,0.866065,0.05695153,,3.39,0.789749,
2011-11-23,8.19999175,0.83393639,4.15332909,,0.27800386,2.86,4.15166795,1.51970057,,,7.41211733,4.83012629,,13.0,,3.293993,0.31916601,3.35789002,,2.4,31.61125,,,3.99800011,3.60119646,0.881127,0.05821012,,3.43,0.798062,
2011-11-24,8.35999159,0.84602242,4.13332917,,0.25895664,2.83,4.20581193,1.51970057,,,7.45151156,4.82070166,,12.92,,3.284988,0.32194378,3.32880339,,2.394,31.61125,,,3.99800011,3.65879641,0.888658,0.05821012,,3.36,0.789749,
2011-11-29,8.95999099,0.91249561,4.26666237,,0.27158345,3.05,4.56161395,1.51986579,,,8.05757187,5.20711176,,13.7,,3.444061,0.34583262,3.59704676,,2.574,33.012681,,,3.99800011,3.70799636,0.956437,0.06340184,,3.66,0.856254,
2011-11-30,8.84039071,0.92760316,4.6366622,,0.27821787,3.08,4.58288492,1.51986579,,,7.95454162,5.71604214,,14.44,,3.39904,0.34555485,3.65198818,,2.61,32.310209,,,3.99800011,3.63119643,0.97903,0.06292986,,3.86,0.864567,
2011-12-01,8.95999099,0.94875372,4.29999567,,0.27821787,3.13,4.70857566,1.51970057,,,8.08484459,5.66420664,,14.3,,3.42155,0.35944371,3.74894362,,2.616,31.61125,,,3.99800011,3.71999635,1.001623,0.06466044,,3.84,0.864567,
2011-12-04,8.87999107,0.93968919,4.31932905,,0.25895664,3.1,4.73758126,1.50599019,,,7.88484468,5.63122041,,14.23,,3.42155,0.35472149,3.73601623,,2.592,31.632323,,,3.99800011,3.65999641,1.016685,0.06371649,,3.81,0.856254,
2011-12-05,8.95919099,0.92458165,4.29999567,,0.25895664,3.01,4.53454225,1.50599019,,,7.99999614,5.46157695,,14.28,,3.42005,0.34694373,3.63906079,,2.604,31.962486,,,3.99800011,3.63239643,0.971499,0.06292986,,3.69,0.847941,
2011-12-06,9.78399056,0.93666768,4.29666214,,0.27179746,3.03,4.53454225,1.50318208,,,8.02120795,5.46628927,,14.43,,3.393038,0.34999928,3.66491557,,2.58,31.89224,,,3.99800011,3.69479649,0.994092,0.06340184,,3.72,0.87288,
2011-12-07,9.59999034,1.01824842,4.29999567,,0.27179746,3.1,4.6022216,1.50599019,,,8.02423855,5.45215231,,14.35,,3.42005,0.3497215,3.66168372,,2.622,31.927363,,,3.99800011,3.68999638,1.001623,0.06308719,,3.73,0.906133,
2011-12-08,9.51999042,1.03637747,4.33332897,,0.26238086,2.99,4.40885093,1.50565989,,,7.81211775,5.34376899,,14.03,,3.394538,0.34555485,3.55180089,,2.592,31.962486,,,3.99800011,3.71759635,0.971499,0.06230057,,3.61,0.906133,
2011-12-11,9.47999046,1.07565708,4.48666235,,0.26238086,3.01,4.51520499,1.51144132,,,7.84848106,5.38617986,,13.97,,3.378031,0.34194374,3.57119198,,2.61,31.64286,,,3.99800011,3.71759635,0.994092,0.06277254,,3.7,0.914446,
2011-12-12,9.45999048,1.05752803,4.46666217,,0.25039609,2.91,4.26382294,1.51144132,,,7.93332951,5.23538567,,13.8,,3.278986,0.33861042,3.4580773,,2.514,31.61125,,,3.99800011,3.65999641,0.956437,0.06056999,,3.57,0.881194,
2011-12-13,9.28079066,1.06357105,4.46732897,,0.2568165,3.0,4.20387822,1.51970057,,,7.80302654,5.18355017,,14.06,,3.256476,0.33749931,3.34496262,,2.55,31.302163,,,3.99800011,3.69599625,0.941375,0.06340184,,3.51,0.881194,
2011-12-14,9.47839086,1.09076463,4.69332874,,0.25253622,2.85,4.20967934,1.51986579,,,7.97575373,5.27308422,,14.15,,3.256476,0.3399993,3.31264415,,2.592,31.607737,,,3.99800011,3.65999641,0.941375,0.06292986,,3.49,0.881194,
2011-12-15,9.4399905,1.06054954,4.6399952,,0.24654384,2.93,4.2290166,1.54018345,,,7.96969282,5.22124871,,14.01,,3.301496,0.33694375,3.32557154,,2.55,31.61125,,,3.99800011,3.65999641,0.933844,0.06135662,,3.46,0.87288,
2011-12-18,9.29999064,1.02429144,4.45999564,,0.23562914,2.83,4.1091266,1.51309314,,,7.58787543,5.01861903,,13.73,,3.151428,0.33055488,3.29648491,,2.43,31.260014,,,3.99800011,3.61679633,0.911251,0.05852477,,3.43,0.847941,
2011-12-19,9.27799067,1.02731294,4.46666217,,0.24675785,2.83,4.09945826,1.51986579,,,7.63332996,4.83955093,,13.63,,3.301496,0.33277709,3.28678936,,2.43,31.260014,,,3.99800011,3.59999647,0.90372,0.05978337,,3.33,0.839628,
2011-12-20,9.20039034,1.00314087,4.43332887,,0.24204955,2.77,3.98343567,1.61055223,,,7.38181492,4.76415384,,13.5,,3.301496,0.32638822,3.20599316,,2.406,31.260014,,,3.99800011,3.62999644,0.888658,0.05883942,,3.32,0.831315,
2011-12-21,9.06799088,0.98501182,4.43332887,,0.25039609,2.72,3.9060876,1.56925602,,,7.42423884,4.57094878,,13.25,,3.151428,0.32499933,3.23184795,,2.46,31.242451,,,3.99800011,3.62999644,0.866065,0.05663688,,3.23,0.814688,
2011-12-22,8.7333246,0.99709786,4.44599566,,0.24204955,2.69,3.80360095,1.56925602,,,7.42423884,4.4201546,,13.05,,3.151428,0.31499935,3.18337023,,2.388,31.242451,,,3.99800011,3.59999647,0.851003,0.0567942,,3.1,0.806375,
2011-12-25,8.78999187,1.02429144,4.46666217,,0.25296425,2.74,3.87708161,1.54200048,,,7.65151146,4.7028937,,13.2,,3.149927,0.32194378,3.24800719,,2.46,31.035223,,,3.99800011,3.59999647,0.873596,0.05852477,,3.21,0.823002,
2011-12-26,8.669324,1.06357105,4.45932878,,0.26559106,2.76,3.80940226,1.54200048,,,7.66363297,4.47670242,,13.22,,3.076394,0.31388824,3.16721099,,2.406,31.61125,,,3.99800011,3.59999647,0.851003,0.05663688,,3.1,0.814688,
2011-12-27,8.4999915,1.09680764,4.46199551,,0.27885991,2.67,3.82873894,1.51144132,,,7.48484518,4.42486692,,13.1,,2.989355,0.3083327,3.17690653,,2.4,31.260014,,,3.99800011,3.59999647,0.843472,0.05663688,,3.04,0.806375,
2011-12-28,8.52665814,1.05450652,4.39999557,,0.28913257,2.58,3.71078323,1.55257233,,,7.27878437,4.2410865,,13.15,,3.148427,0.3083327,3.21568871,,2.37,31.260014,,,3.99800011,3.63959643,0.835941,0.05537828,,3.0,0.814688,
2011-12-29,8.662658,1.06659256,4.53332877,,0.28913257,2.58,3.66050666,1.53241975,,,7.18484472,4.26464809,,13.31,,3.269982,0.31055492,3.26416643,,2.34,31.61125,,,3.99800011,3.64199642,0.835941,0.05600758,,3.01,0.823002,
2012-01-02,8.660658,1.07867859,4.54999542,,0.28913257,2.63,3.70884933,1.53208944,,,7.16363261,4.33533287,,13.44,,2.990855,0.31472158,3.29648491,,2.34,31.61125,,,3.99800011,3.59999647,0.851003,0.05773815,,3.04,0.823002,
2012-01-03,8.4666582,1.05450652,4.56332854,,0.28913257,2.6,3.68177763,1.53208944,,,7.27272377,4.28820968,,13.29,,2.990855,0.31944379,3.26416643,,2.34,31.61125,,,3.99800011,3.65999641,0.835941,0.05600758,,3.1,0.814688,
2012-01-04,8.65865801,1.04242049,4.56666207,,0.31802443,2.57,3.72238527,1.53208944,,,7.27272377,4.23166186,,13.7,,2.990855,0.32194378,3.23507979,,2.4,31.61125,,,3.99800011,3.65879641,0.835941,0.05663688,,3.0,0.806375,
2012-01-05,8.61999138,1.02429144,4.69332874,,0.34948445,2.54,3.73785493,1.53208944,,,7.38484523,4.14684013,,13.54,,2.918823,0.30555493,3.21568871,,2.394,32.313722,,,3.99800011,3.65879641,0.835941,0.05553561,,2.95,0.806375,
2012-01-09,8.5333248,1.02429144,4.86399504,,0.35312269,2.52,3.89255126,1.53208944,,,7.07575416,4.12327854,,13.47,,2.915821,0.3083327,3.4580773,,2.4,32.029222,,,3.99800011,3.65879641,0.820879,0.05506363,,2.9,0.798062,
2012-01-10,8.43999156,1.0484635,4.93266157,,0.33172131,2.51,3.92735798,1.55273754,,,7.32423889,4.09500463,,13.92,,3.00136,0.30972159,3.48070024,,2.328,31.962486,,,3.99800011,3.65879641,0.851003,0.0574235,,3.09,0.798062,
2012-01-11,8.4666582,1.0484635,4.76666187,,0.29961925,2.53,3.92155725,1.55273754,,,7.27272377,4.12799086,,13.88,,3.00136,0.31027714,3.47423654,,2.34,31.962486,,,3.99800011,3.60119646,0.888658,0.05789548,,3.21,0.806375,
2012-01-12,8.58999207,1.04242049,4.74732849,,0.32102062,2.63,3.9060876,1.55273754,,,7.27272377,4.10914159,,13.82,,3.00136,0.31388824,3.42575882,,2.34,31.962486,,,3.99800011,3.59999647,0.918782,0.05758083,,3.28,0.806375,
2012-01-15,8.47065819,1.10285066,4.81866175,,0.3004753,2.67,3.97376694,1.55273754,,,7.26666316,4.25993577,,14.07,,3.00136,0.31638824,3.52271426,,2.28,31.786868,,,3.99800011,3.59999647,0.918782,0.0586821,,3.31,0.856254,
2012-01-16,8.56532477,1.13608726,4.75999534,,0.3004753,2.62,3.9621649,1.56066646,,,7.13635989,4.17040173,,14.32,,3.226462,0.31611046,3.39344034,,2.292,31.467242,,,3.99800011,3.59999647,0.948906,0.0593114,,3.4,0.847941,
2012-01-17,8.56332477,1.12097971,4.82999494,,0.29961925,2.69,3.96603231,1.55042497,,,7.03029994,4.10914159,,14.7,,3.188945,0.32916599,3.44191806,,2.28,31.467242,,,3.99800011,3.60119646,0.956437,0.05695153,,3.43,0.881194,
2012-01-18,8.5333248,1.09680764,4.80066197,,0.30175939,2.76,3.94862895,1.51970057,,,7.12120869,4.19396332,,14.79,,3.181442,0.33333265,3.4580773,,2.31,31.61125,,,3.99800011,3.59999647,0.963968,0.05789548,,3.43,0.87288,
2012-01-19,8.46532487,1.07565708,4.76399514,,0.31010592,2.7,3.92542428,1.51970057,,,6.96969361,4.09029231,,14.75,,3.151428,0.31944379,3.34496262,,2.304,31.61125,,,3.99800011,3.59999647,0.933844,0.05663688,,3.35,0.864567,
2012-01-22,8.40332493,1.08774312,4.86599497,,0.29384088,2.59,3.85967825,1.51970057,,,6.9606024,4.05259377,,14.25,,3.076394,0.30972159,3.29971675,,2.394,31.61125,0.15087,,3.99800011,3.59999647,0.933844,0.05600758,,3.23,0.856254,
2012-01-23,8.53265813,1.07867859,4.83332847,,0.29384088,2.6,3.88675034,1.53621905,,,7.25757256,4.04316913,,14.88,,3.151428,0.31249936,3.39344034,,2.424,31.61125,0.10379,,3.99800011,3.59999647,0.941375,0.05600758,,3.36,0.856254,
2012-01-24,8.51999148,1.10285066,4.82332834,,0.28356822,2.74,4.01244127,1.53621905,,,7.27272377,4.15155245,,14.98,,3.283488,0.32249934,3.52271426,,2.418,31.786868,0.10807,,3.99800011,3.59999647,0.963968,0.05915407,,3.46,0.889507,
2012-01-26,8.95999037,1.15723782,5.11999505,,0.30839381,2.92,4.34117159,1.543322,,,7.57575392,4.48612753,,15.47,,3.466571,0.33861042,3.79095764,,2.646,33.718667,0.11021,,3.99800011,3.74399644,1.031747,0.06230057,,3.74,0.922759,
2012-01-29,8.7333246,1.14817329,5.13332817,,0.29961925,2.94,4.58675194,1.53572351,,,7.56969332,4.58508574,,15.75,,3.502587,0.33972152,3.84589906,,2.694,34.421139,0.12091,,3.99800011,3.64919642,1.039278,0.06466044,,3.9,0.931072,
2012-01-30,8.666658,1.14213027,5.05932817,,0.28891856,2.94,4.54421059,1.53572351,,,7.27272377,4.46727778,,15.25,,3.403542,0.34166596,3.71662514,,2.706,34.227958,0.1177,,3.99800011,3.74879632,1.031747,0.06639101,,4.0,0.914446,
2012-01-31,8.7999912,1.1511948,5.22332794,,0.30989191,3.13,4.63896222,1.53208944,,,7.27272377,4.69346906,,15.2,,3.601632,0.34833262,4.00102776,,2.88,34.069903,0.12091,,3.99800011,3.60599634,1.076933,0.06843623,,4.05,0.947699,
2012-02-01,8.8666578,1.15421631,5.27999449,,0.32102062,3.12,4.63702851,1.51970057,,,7.25757256,4.75001688,,15.06,,3.601632,0.35555482,4.13676537,,2.868,33.669494,0.12305,,3.99800011,3.59759647,1.12965,0.0676496,,4.15,0.947699,
2012-02-02,8.5999914,1.10285066,5.74666068,,0.29255679,3.04,5.02763725,1.51970057,,,7.12423899,4.49083937,,15.0,,3.372028,0.34111041,3.88791308,,2.832,34.06639,0.13161,,3.99800011,3.60479658,1.099526,0.06387381,,4.45,0.914446,
2012-02-06,8.4666582,1.10889368,5.08999474,,0.27821787,2.9,4.42818819,1.53588874,,,7.23333015,4.71703065,,14.88,,3.339013,0.33611042,3.62936524,,2.76,33.286645,0.12733,,3.99800011,3.59999647,1.05434,0.06245789,,4.13,0.89782,
2012-02-07,8.4666582,1.10889368,5.19999477,,0.27308154,2.97,4.36244198,1.52003088,,,7.20908774,4.47670242,,15.05,,3.37653,0.33611042,3.63582894,,2.82,34.400065,0.13375,,3.99800011,3.59999647,1.091995,0.06481776,,3.96,0.922759,
2012-02-08,8.4999915,1.1179582,5.36599447,,0.30026129,3.02,4.38951425,1.52795981,,,7.26363256,4.56623647,,15.0,,3.450063,0.34166596,3.71662514,,2.88,33.36743,0.14231,,3.99800011,3.59999647,1.159774,0.06906553,,4.1,0.956012,
2012-02-09,8.47999152,1.13004424,5.36599447,,0.31246007,3.08,4.42818819,1.51986579,,,7.26060226,4.59451038,,15.09,,3.37653,0.33749931,3.80065319,,2.88,34.400065,0.15408,,3.99800011,3.59999647,1.189898,0.06733495,,4.12,0.947699,
2012-02-12,8.5333248,1.18140989,5.26666137,,0.29961925,3.31,4.63896222,1.51986579,,,7.42423884,4.96207121,,15.93,,3.526598,0.35277705,4.07212841,,3.0,34.400065,0.15408,,3.99800011,3.59999647,1.272739,0.06796425,,4.45,0.964325,
2012-02-13,8.8659918,1.21162497,5.37266099,,0.29640904,3.47,4.77625558,1.52795981,,,7.39090522,5.20711176,,17.02,,3.601632,0.3741659,4.31451701,,2.97,33.743253,0.15408,,3.99800011,3.62999644,1.35558,0.07236934,,4.67,0.989264,
2012-02-14,8.58665808,1.23277553,5.34999461,,0.28891856,3.63,4.71824419,1.54431308,,,7.50605699,5.18355017,,18.5,,3.7517,0.39888807,4.29835777,,3.06,33.718667,0.16906,,3.99800011,3.53999652,1.370642,0.07457189,,4.9,0.997578,
2012-02-15,8.59332407,1.19953894,5.33332796,,0.27415161,3.53,4.64476334,1.53126346,,,7.45454186,5.07516685,,16.5,,3.556612,0.4241658,4.21109787,,2.946,34.227958,0.18511,,3.99800011,3.47999658,1.348049,0.07174005,,4.77,0.989264,
2012-02-16,8.45732487,1.21766799,5.29666113,,0.29491095,3.47,4.56161395,1.54431308,,,7.27272377,5.04689294,,16.0,,3.481578,0.45555462,4.06566472,,2.97,33.887261,0.15943,,3.99800011,3.3599967,1.415828,0.07048145,,4.75,0.964325,
2012-02-19,8.4999915,1.24486157,5.50266119,,0.27821787,3.74,4.71824419,1.53621905,,,7.39393583,5.15527626,,15.98,,3.541605,0.4630546,4.20463418,,2.94,34.069903,0.16906,,3.99800011,3.50999655,1.491138,0.07252667,,4.84,1.005891,
2012-02-20,8.4999915,1.25090458,5.97132732,,0.27693379,3.89,4.75691832,1.53621905,,,7.36363251,5.38146754,,16.25,,3.600131,0.45666576,4.29512592,,2.946,33.932921,0.16692,,3.99800011,3.47639647,1.551386,0.07236934,,4.89,1.014204,
2012-02-21,8.4999915,1.21162497,5.51666111,,0.25724453,3.73,4.71824419,1.53621905,,,7.37878432,5.28722117,,16.0,,3.7517,0.43527688,4.23372081,,2.916,33.736229,0.15729,,3.99800011,3.45479673,1.528793,0.07063877,,4.78,0.980951,
2012-02-22,8.45399154,1.19953894,5.51332758,,0.2568165,3.63,4.67957025,1.53621905,,,7.345451,5.15527626,,15.79,,3.687171,0.42944356,4.20140233,,2.91,33.644907,0.15194,,3.99800011,3.45599649,1.498669,0.06843623,,4.65,0.972638,
2012-02-23,8.4333249,1.21162497,5.63332766,,0.26216684,3.82,4.97929459,1.54447829,,,7.727269,5.2165364,,16.219999,,3.601632,0.44694353,4.4082406,,2.994,34.055853,0.15943,,3.99800011,3.47999658,1.604103,0.07032412,,4.73,1.022517,
2012-02-26,8.46399153,1.31435627,5.65599404,,0.2568165,3.95,4.98896293,1.54447829,,,7.63636026,5.23067335,,16.15,,3.736693,0.45499904,4.67971583,,3.024,34.055853,0.16585,,3.99800011,3.47999658,1.724599,0.07347062,,4.82,1.03083,
2012-02-27,8.59865807,1.35665739,5.61666101,,0.26858725,3.89,4.92901821,1.69892612,,,7.7121178,5.20711176,,16.0,,3.648153,0.45972125,4.80898974,,3.0,34.05234,0.15729,,3.99800011,3.43919662,1.830033,0.07236934,,4.8,1.022517,
2012-02-28,8.65199135,1.32039928,5.66666096,,0.26751719,4.01,4.83233288,1.6981002,,,7.64242025,5.17412553,,15.99,,3.661659,0.47222125,4.75081648,,2.916,33.788913,0.16264,,3.99800011,3.45599649,1.799909,0.07236934,,4.71,1.022517,
2012-02-29,8.7979912,1.32946381,5.80332769,,0.27072739,4.05,4.89807891,1.7014039,,,7.69696599,5.61237114,,16.0,,3.673665,0.48027682,4.86393116,,2.97,33.788913,0.17227,,3.99800011,3.41999664,1.73213,0.07551584,,4.84,1.039143,
2012-03-01,8.8999911,1.32946381,5.86666076,,0.2662331,3.98,4.87294091,1.71792238,,,8.03029916,6.03176747,,16.35,,3.790718,0.47916568,5.00936432,,2.94,34.069903,0.18404,,3.99800011,3.43199663,1.754723,0.07771838,,4.82,1.03083,
2012-03-05,9.11332422,1.29622721,6.01666061,,0.26858725,3.91,4.95608991,1.70388168,,,7.77272352,5.97521965,,15.96,,3.826734,0.4944434,5.41334531,,2.922,34.60027,0.18511,,3.99800011,3.47999658,1.754723,0.08495532,,5.16,1.022517,
2012-03-06,9.1333242,1.33248532,6.17266019,,0.26751719,4.03,5.19780324,1.70388168,,,7.62120845,6.03176747,,15.9,,3.825233,0.50444341,5.42627303,,2.928,34.421139,0.18083,,3.99800011,3.47999658,1.792378,0.08416869,,5.14,1.03083,
2012-03-07,9.0333243,1.32946381,6.29999366,,0.25938466,3.97,5.12432258,1.81703329,,,7.56666271,5.89982255,,15.9,,3.789217,0.51444339,5.3163902,,2.898,34.256057,0.17976,,3.99800011,3.45239661,1.762254,0.08322475,,5.1,1.022517,
2012-03-08,8.8026572,1.31133476,6.26332683,,0.27950196,3.86,5.07791362,1.79803703,,,7.48181488,5.72546678,,15.85,,3.744197,0.50138783,5.17095671,,2.88,33.718667,0.16585,,3.99800011,3.43199663,1.717068,0.08133685,,4.93,1.005891,
2012-03-12,8.7333246,1.22975402,6.00266069,,0.29619503,3.62,4.89227759,1.77557189,,,7.53939,5.551111,,15.8,,3.675165,0.46694346,4.91564073,,2.82,33.195325,0.16478,,3.99800011,3.45599649,1.619165,0.08542729,,4.68,0.989264,
2012-03-13,8.52599147,1.21766799,5.95532747,,0.29747911,3.45,4.83620029,1.74253492,,,7.27575407,5.27308422,,15.54,,3.594129,0.44638797,4.78313496,,2.814,33.36743,0.16264,,3.99800011,3.44159662,1.528793,0.08306742,,4.55,0.980951,
2012-03-14,8.4666582,1.23579704,5.83999399,,0.29319884,3.35,4.82653157,1.7014039,,,7.24242075,5.10344076,,15.4,,3.424552,0.45777684,4.60538332,,2.832,32.858139,0.1605,,3.99800011,3.47999658,1.528793,0.08243812,,4.47,0.972638,
2012-03-15,8.5313248,1.24184006,5.93332736,,0.28784849,3.36,4.90774725,1.70156907,,,7.25757256,5.11286539,,15.3,,3.478576,0.46361019,4.63446996,,2.772,33.188299,0.1712,,3.99800011,3.45479673,1.558917,0.08448334,,4.53,1.014204,
2012-03-19,8.50065816,1.22975402,5.90932732,,0.28378223,3.27,4.81492952,1.70156907,,,7.25757256,4.9856328,,15.0,,3.450063,0.44694353,4.46318201,,2.694,32.998631,0.15729,,3.99800011,3.3599967,1.5062,0.08951773,,4.31,0.997578,
2012-03-20,8.49332484,1.22673252,6.15999393,,0.29961925,3.32,4.96769254,1.70156907,,,7.20908774,5.00448207,,14.97,,3.447062,0.46722126,4.52458713,,2.7,32.945948,0.15515,,3.99800011,3.29999676,1.513731,0.08904576,,4.47,0.989264,
2012-03-21,8.4999915,1.27507665,6.16666046,,0.29319884,3.38,5.06437787,1.70156907,,,7.20908774,5.00919439,,15.07,,3.37653,0.47749905,4.6506292,,2.76,32.682521,0.15622,,3.99800011,3.14639679,1.513731,0.08873111,,4.45,0.964325,
2012-03-22,8.4979915,1.25090458,6.13332716,,0.29319884,3.36,5.00830018,1.70156907,,,7.04848145,4.9856328,,15.0,,3.301496,0.46527682,4.53428267,,2.742,32.664958,0.15622,,3.99800011,3.11999694,1.468545,0.09030436,,4.4,0.956012,
2012-03-25,8.4979915,1.22975402,6.07532702,,0.27992998,3.28,4.96769254,1.70156907,,,6.97575421,4.90081107,,15.0,,3.233965,0.4530546,4.4147043,,2.7,32.664958,0.15408,,3.99800011,3.01679692,1.43089,0.08904576,,4.3,0.956012,
2012-03-26,8.4999915,1.17838838,5.99332743,,0.27821787,3.09,4.80912859,1.70156907,,,6.90908727,4.66048283,,14.61,,3.223461,0.44444353,4.54397821,,2.646,32.840576,0.15087,,3.99800011,2.9747972,1.340518,0.08810181,,4.15,0.947699,
2012-03-27,8.46999153,1.19047441,6.06666056,,0.27800386,3.14,4.79365894,1.71808756,,,6.90908727,4.66048283,,14.5,,3.226462,0.44638797,4.68617952,,2.7,33.181276,0.15301,,3.99800011,2.82839722,1.340518,0.09282155,,4.23,0.956012,
2012-03-28,8.4666582,1.17536687,6.09932706,,0.28463829,3.21,4.97929459,1.71891348,,,6.96969361,4.66048283,,14.65,,3.22196,0.44638797,4.68617952,,2.688,33.012681,0.16264,,3.99800011,2.75759729,1.400766,0.09895721,,4.29,0.947699,
2012-03-29,8.54999145,1.14817329,6.09999386,,0.27843189,3.16,4.87680794,1.71808756,,,6.93029999,4.6274966,,14.3,,3.158931,0.44444353,4.63123811,,2.67,31.084396,0.1712,,3.99800011,2.63999741,1.35558,0.09864256,,4.25,0.956012,
2012-04-01,8.53932479,1.13910876,6.03332726,,0.27778985,3.07,4.98896293,1.71808756,,,6.83332973,4.54267487,,14.18,,3.151428,0.43333244,4.39531321,,2.64,30.908778,0.15515,,3.99800011,2.58839746,1.310394,0.09596804,,4.11,0.947699,
2012-04-02,8.5313248,1.12400122,6.06666056,,0.27821787,3.04,5.04504061,1.71742682,,,6.83332973,4.40601764,,14.1,,3.116912,0.43333244,4.33067625,,2.682,30.726136,0.16585,,3.99800011,2.50799754,1.265208,0.0925069,,4.03,0.956012,
2012-04-03,8.4666582,1.1179582,6.06666056,,0.27821787,3.03,4.98896293,1.7014039,,,6.96969361,4.37303141,,13.87,,3.00136,0.41972136,4.23372081,,2.646,30.908778,0.15301,,3.99800011,2.47919757,1.348049,0.09203493,,3.97,0.947699,
2012-04-04,8.37332496,1.11191519,6.05866037,,0.27821787,3.05,4.78399022,1.7014039,,,6.92423909,4.34946982,,13.85,,2.926326,0.41694359,4.28543038,,2.646,30.73316,0.15515,,3.99800011,2.39999764,1.340518,0.09077633,,4.01,0.947699,
2012-04-05,8.3999916,1.07867859,5.96666066,,0.28228413,3.01,4.80912859,1.68488541,,,6.74242099,4.31648359,,13.84,,2.926326,0.41916581,4.22725711,,2.67,30.381923,0.15194,,3.99800011,2.35439781,1.348049,0.09156295,,3.9,0.947699,
2012-04-08,8.4333249,1.08774312,5.92666083,,0.27843189,3.02,4.80526099,1.68488541,,,6.74242099,4.36360678,,13.81,,2.923325,0.41638803,4.20140233,,2.67,30.12552,0.15515,,3.99800011,2.39999764,1.332987,0.09077633,,3.85,0.939386,
2012-04-09,8.43265823,1.04242049,5.96799379,,0.27821787,2.95,4.75498462,1.73444087,,,6.63636044,4.23166186,,13.74,,2.872301,0.40611028,4.13030168,,2.58,30.206305,0.14659,,3.99800011,2.39999764,1.287801,0.08920308,,3.76,0.939386,
2012-04-17,8.4273249,1.04242049,5.78066078,,0.28870455,2.9,4.78205651,1.73444087,,,6.96666331,4.2410865,,12.66,,2.942834,0.43305467,3.84266721,,2.592,30.69101,0.15515,,3.99800011,2.27759776,1.257677,0.08589926,,3.77,0.906133,
2012-04-18,8.4273249,1.02731294,5.71266105,,0.27778985,2.9,4.76658686,1.68488541,,,6.96666331,4.23637418,,12.47,,2.963843,0.41999914,3.75863916,,2.52,30.69101,0.15729,,3.99800011,2.27279789,1.235084,0.08810181,,3.79,0.906133,
2012-04-19,8.49332484,1.04242049,5.66666096,,0.27564971,3.11,4.73758126,1.68488541,,,7.07272386,4.21752491,,12.45,,3.038877,0.43194356,3.77803025,,2.46,30.301138,0.15729,,3.99800011,2.20319796,1.257677,0.0931362,,3.93,0.906133,
2012-04-22,8.46732486,1.09378613,5.76399413,,0.26751719,3.25,4.85360365,1.70966314,,,7.12120869,4.38245605,,13.25,,3.038877,0.45972125,4.05273733,,2.556,30.301138,0.15729,,3.99800011,2.37359779,1.348049,0.09533874,,4.16,0.922759,
2012-04-23,8.58265875,1.10587217,5.79999416,,0.27586372,3.27,5.06244397,1.70966314,,,7.05454236,4.43429155,,13.83,,3.004361,0.46166575,4.03980993,,2.556,29.855069,0.16906,,3.99800011,2.35319781,1.385704,0.09581072,,4.25,0.939386,
2012-04-24,8.57999142,1.09680764,5.78732737,,0.27821787,3.26,5.02183594,1.68488541,,,6.96969361,4.39188069,,13.52,,2.926326,0.45555462,4.24988005,,2.58,29.855069,0.16799,,3.99800011,2.27999776,1.370642,0.0918776,,4.25,0.931072,
2012-04-26,8.53999212,1.09076463,5.73332756,,0.295767,3.25,5.00830018,1.68488541,,,6.90908727,4.33533287,,13.58,,2.926326,0.45222132,4.56660115,,2.58,30.557542,0.17013,,3.99800011,2.3639978,1.453483,0.08998971,,4.27,0.922759,
2012-04-29,8.56199077,1.07867859,5.73332756,,0.2863504,3.2,4.95028899,1.61782039,,,6.90908727,4.40601764,,13.4,,2.881306,0.4472213,4.52781897,,2.61,30.557542,0.16692,,3.99800011,2.3639978,1.483607,0.08762984,,4.28,0.922759,
2012-04-30,8.666658,1.06961406,5.73999409,,0.27821787,3.22,5.00830018,1.52151761,,,6.7636331,4.5756611,,13.31,,2.924825,0.4436102,4.52458713,,2.61,32.225913,0.15408,,3.99800011,2.3387977,1.498669,0.08621391,,4.3,0.939386,
2012-05-02,8.60399139,1.0484635,5.71799404,,0.26987134,3.19,5.00830018,1.52151761,,,6.5666635,4.51911328,,13.0,,2.924825,0.43888799,4.38238582,,2.568,31.260014,0.15194,,3.99800011,2.29439787,1.5062,0.08353939,,4.23,0.922759,
2012-05-03,8.7333246,1.03033445,5.73332756,,0.26708916,3.15,4.94642157,1.56925602,,,6.5666635,4.37774373,,13.07,,2.888809,0.43583244,4.57629669,,2.58,30.557542,0.15087,,3.99800011,2.27279789,1.415828,0.08196615,,4.1,0.914446,
2012-05-06,8.7999912,1.05450652,5.79932736,,0.27436563,3.3,4.983162,1.56925602,,,6.93332969,4.50026401,,13.2,,2.926326,0.45416573,4.57629669,,2.604,30.554028,0.15194,,3.99800011,2.33519759,1.476076,0.08385404,,4.22,0.931072,
2012-05-07,8.7333246,1.045442,5.76666086,,0.28035801,3.41,5.09531698,1.55075527,,,6.93332969,4.51911328,,13.05,,2.917322,0.45277682,4.67648398,,2.598,30.557542,0.15087,,3.99800011,2.31599761,1.468545,0.08306742,,4.22,0.931072,
2012-05-08,8.7333246,1.06659256,5.83332746,,0.28677842,3.41,5.09531698,1.56925602,,,6.66363315,4.50497633,,13.25,,3.061387,0.45833239,4.57629669,,2.664,30.445146,0.1498,,3.99800011,2.42039762,1.483607,0.08574194,,4.29,0.931072,
2012-05-09,8.7666579,1.06961406,5.82666093,,0.28592237,3.36,5.05084192,1.56925602,,,6.66060285,4.50026401,,13.16,,3.077895,0.46111016,4.41793614,,2.7,30.554028,0.15194,,3.99800011,2.42159762,1.521262,0.08495532,,4.34,0.922759,
2012-05-10,8.8666578,1.06054954,5.79866103,,0.27907393,3.33,5.07597992,1.56925602,,,6.66060285,4.44842851,,13.0,,3.224961,0.45388796,4.36299473,,2.664,30.40651,0.15087,,3.99800011,2.4263975,1.5062,0.08652856,,4.41,0.914446,
2012-05-13,8.7999912,1.09076463,5.79999416,,0.2677312,3.35,5.10498552,1.54447829,,,6.90302728,4.49555169,,13.07,,3.182942,0.46277683,4.35329918,,2.664,29.830483,0.15194,,3.99800011,2.45279771,1.551386,0.08873111,,4.46,0.922759,
2012-05-14,8.8666578,1.07565708,5.78399431,,0.26751719,3.3,5.09531698,1.52795981,,,6.87878486,4.48141474,,13.04,,3.233965,0.45611017,4.25634375,,2.664,30.030687,0.15515,,3.99800011,2.39999764,1.536324,0.08762984,,4.45,0.922759,
2012-05-15,8.8666578,1.05752803,5.74666068,,0.26751719,3.23,5.0701786,1.4866636,,,6.87878486,4.40601764,,13.03,,3.161933,0.44777689,4.11091059,,2.664,30.554028,0.15408,,3.99800011,2.37119767,1.491138,0.08495532,,4.39,0.914446,
2012-05-16,8.8326585,1.03637747,5.70266099,,0.26473501,3.14,5.03150466,1.4866636,,,6.74242099,4.32590823,,13.0,,3.226462,0.44249909,3.99133221,,2.64,30.216842,0.15194,,3.99800011,2.21039783,1.445952,0.08432602,,4.33,0.906133,
2012-05-17,8.75465858,1.02126993,5.66666096,,0.2568165,3.11,5.00636628,1.4866636,,,6.80605702,4.27407273,,13.0,,3.203952,0.43555466,3.92669526,,2.64,29.718088,0.14873,,3.99800011,2.15999788,1.43089,0.08511264,,4.2,0.89782,
2012-05-20,8.7333246,1.02126993,5.69999426,,0.2553184,3.0,4.93868694,1.51953536,,,6.80605702,4.21752491,,12.9,,3.113911,0.42638801,3.79095764,,2.64,29.714574,0.14445,,3.99800011,2.12999791,1.370642,0.08133685,,4.12,0.889507,
2012-05-21,8.66999133,1.04242049,5.64932751,,0.2568165,3.02,5.02957096,1.51953536,,,6.66969375,4.2410865,,12.8,,3.00136,0.42555468,3.66491557,,2.58,29.623252,0.14766,,3.99800011,2.039998,1.393235,0.08212347,,4.29,0.914446,
2012-05-22,8.667324,1.0484635,5.66399423,,0.26751719,3.04,5.02957096,1.47080586,,,6.66969375,4.2410865,,12.85,,3.00136,0.42888801,3.69077036,,2.574,29.855069,0.14766,,3.99800011,2.01959802,1.400766,0.08196615,,4.3,0.906133,
2012-05-23,8.6999913,1.06659256,5.76532773,,0.26730317,3.14,5.00830018,1.48501178,,,6.51514837,4.42486692,,12.8,,3.211455,0.44083243,3.66168372,,2.64,29.855069,0.15087,,3.99800011,2.00039804,1.43089,0.08432602,,4.41,0.947699,
2012-05-24,8.6999913,1.10285066,5.76466093,,0.26216684,3.15,5.11272054,1.47064065,,,6.59090591,4.42957923,,12.72,,3.076394,0.4374991,3.65522003,,2.58,29.707551,0.14873,,3.99800011,2.02679789,1.438421,0.08589926,,4.45,0.939386,
2012-05-27,8.6999913,1.07867859,5.8953274,,0.26216684,3.11,5.06051026,1.47179693,,,6.59090591,4.36831957,,12.62,,3.076394,0.43861021,3.62936524,,2.58,29.855069,0.14766,,3.99800011,1.98959805,1.415828,0.08495532,,4.42,0.931072,
2012-05-28,8.666658,1.04242049,5.66666096,,0.2568165,2.97,4.85747126,1.36640905,,,6.59090591,4.27407273,,12.55,,2.975848,0.41444359,3.50978687,,2.568,29.191233,0.14552,,3.99800011,1.94279821,1.332987,0.08212347,,4.22,0.914446,
2012-05-29,8.667324,1.02731294,5.61932774,,0.26216684,2.89,4.79559226,1.37351202,,,6.5606029,4.17982636,,12.43,,3.076394,0.40916583,3.48070024,,2.586,28.383389,0.14231,,3.99800011,1.91999811,1.302863,0.0810222,,4.13,0.889507,
2012-05-30,8.66799133,1.02731294,5.66532783,,0.26216684,2.91,4.79559226,1.35451572,,,6.5606029,4.20810027,,12.4,,3.020869,0.40416584,3.52917796,,2.67,29.503833,0.14445,,3.99800011,1.90439813,1.302863,0.08149417,,4.15,0.914446,
2012-05-31,8.666658,1.03637747,5.59332784,,0.26216684,2.81,4.89227759,1.35451572,,,6.36363329,4.15155245,,12.66,,3.076394,0.40694361,3.76833471,,2.826,29.433587,0.14231,,3.99800011,1.9319981,1.28027,0.08023558,,4.17,0.939386,
2012-06-03,8.66799133,1.02126993,5.53332776,,0.26216684,2.76,4.79365894,1.45924285,,,6.36363329,4.38245605,,12.85,,3.074893,0.39944362,3.89760862,,2.706,28.801361,0.14231,,3.99800011,1.90679813,1.257677,0.07866233,,4.1,0.922759,
2012-06-04,8.667324,1.00011937,5.5346609,,0.26216684,2.69,4.80912859,1.46155555,,,6.36363329,4.15626477,,12.51,,3.188945,0.39999918,3.61643785,,2.688,28.804874,0.14017,,3.99800011,1.90799813,1.250146,0.07897698,,4.09,0.914446,
2012-06-05,8.76332457,0.99709786,5.5293279,,0.2568165,2.62,4.78592392,1.44255927,,,6.60605712,4.0620184,,12.4,,3.043379,0.39583252,3.86529014,,2.646,28.804874,0.13803,,3.99800011,1.88999814,1.220022,0.07583049,,4.01,0.906133,
2012-06-06,8.7999912,1.00918389,5.53332776,,0.2429056,2.61,4.75691832,1.44255927,,,6.07878464,4.05259377,,12.3,,3.043379,0.38722143,3.51625057,,2.64,28.804874,0.13482,,3.99800011,1.88639815,1.20496,0.07425724,,3.95,0.906133,
2012-06-07,8.7686579,1.0122054,5.48466095,,0.24611581,2.6,4.73564755,1.47592656,,,6.03636073,4.04788145,,12.4,,3.076394,0.38916587,3.49039578,,2.592,29.152597,0.13375,,3.99800011,1.89599814,1.20496,0.07441456,,3.93,0.889507,
2012-06-10,8.75999057,0.99105484,5.46999469,,0.24611581,2.68,4.75498462,1.4751007,,,6.48181475,4.10442927,,12.4,,3.194948,0.39166586,3.45161361,,2.586,29.152597,0.13268,,3.99800011,1.91879812,1.212491,0.07394259,,3.93,0.89782,
2012-06-11,8.666658,0.99709786,5.46666116,,0.24483173,2.65,4.72791292,1.47906511,,,6.48181475,4.04316913,,12.45,,3.016367,0.39166586,3.40636774,,2.556,28.759212,0.13054,,3.99800011,1.92839811,1.197429,0.07268399,,3.89,0.89782,
2012-06-12,8.72665727,1.02429144,5.49999446,,0.24461771,2.63,4.7201779,1.47906511,,,6.48181475,3.98662131,,12.58,,3.031374,0.39166586,3.41606328,,2.616,28.759212,0.13803,,3.99800011,1.91999811,1.189898,0.07378527,,4.01,0.89782,
2012-06-13,8.71665795,1.01522691,5.53332776,,0.23605716,2.6,4.72791292,1.47906511,,,6.48181475,3.93949813,,12.56,,3.031374,0.3899992,3.31587599,,2.67,28.759212,0.15087,,3.99800011,1.9319981,1.174836,0.07284132,,3.98,0.889507,
2012-06-14,8.78665788,0.99709786,5.54666088,,0.23605716,2.59,4.73758126,1.45858222,,,6.36060299,3.99604595,,12.66,,3.149927,0.39027698,3.31264415,,2.688,28.695989,0.14552,,3.99800011,1.9547982,1.197429,0.07284132,,4.06,0.881194,
2012-06-18,8.69065797,0.98199031,5.49999446,,0.23605716,2.56,4.83426659,1.38755269,,,6.36060299,3.95363508,,12.58,,3.082397,0.39166586,3.24800719,,2.664,28.695989,0.1498,,3.99800011,2.039998,1.197429,0.07126807,,4.07,0.881194,
2012-06-19,8.666658,1.00314087,5.46999469,,0.23541512,2.48,4.51520499,1.38755269,,,6.36060299,3.79812858,,12.18,,3.071892,0.38777698,3.10903772,,2.64,28.695989,0.14017,,3.99800011,1.91399812,1.144712,0.0676496,,3.84,0.87288,
2012-06-20,8.6999913,1.01824842,5.52999423,,0.23541512,2.46,4.41851966,1.35583724,,,6.36363329,3.71330685,,12.05,,3.020869,0.38527699,3.01854598,,2.676,28.474711,0.14231,,3.99800011,1.90799813,1.114588,0.06686298,,3.69,0.856254,
2012-06-21,8.667324,0.99709786,5.5279943,,0.23541512,2.44,4.33730398,1.33799723,,,6.36363329,3.66618366,,11.96,,2.926326,0.38333255,2.97976381,,2.676,28.098889,0.14124,,3.99800011,1.90319813,1.107057,0.06607636,,3.55,0.847941,
2012-06-24,8.7999912,1.02731294,5.59999436,,0.23541512,2.57,4.46879623,1.33783202,,,6.36363329,3.79812858,,11.99,,2.963843,0.38888809,3.09287849,,2.688,28.098889,0.14766,,3.99800011,1.93679798,1.182367,0.06922285,,3.86,0.881194,
2012-06-25,8.92999107,1.09982915,5.83399426,,0.23541512,2.77,4.73758126,1.3710342,,,6.78787551,4.11856622,,13.1,,3.253474,0.42638801,3.33526708,,2.802,29.152597,0.15836,,3.99800011,2.10839793,1.28027,0.07409992,,4.12,0.947699,
2012-06-26,8.9333244,1.11191519,5.83332746,,0.23541512,3.03,5.02763725,1.3518727,,,7.25757256,4.32590823,,13.35,,3.226462,0.44416575,3.55826459,,2.844,29.152597,0.16692,,3.99800011,2.13239791,1.385704,0.07693176,,4.34,0.972638,
2012-06-27,8.8659918,1.1179582,5.83332746,,0.24397567,3.24,5.02763725,1.32180908,,,7.19696623,4.37774373,,13.22,,3.226462,0.43916576,3.42252698,,2.82,28.892683,0.15729,,3.99800011,2.15879788,1.453483,0.07535851,,4.29,0.964325,
2012-06-28,8.6999913,1.12702273,5.79999416,,0.25146615,3.18,5.05664285,1.32147875,,,7.12120869,4.42486692,,13.59,,3.181442,0.43888799,3.34496262,,2.85,30.206305,0.17013,,3.99800011,2.15999788,1.483607,0.07425724,,4.51,0.980951,
2012-07-02,8.7993252,1.19047441,5.86799389,,0.26516303,3.4,5.52073225,1.32180908,,,7.13635989,4.5238256,,13.84,,3.181442,0.45833239,3.52594611,,2.94,30.206305,0.17334,,3.99800011,2.21999782,1.589041,0.08007825,,4.81,0.997578,
2012-07-03,8.75999057,1.19651743,5.92666083,,0.26516303,3.32,5.8301255,1.32180908,,,6.86363305,4.46256546,,13.65,,3.301496,0.45138796,3.66168372,,2.934,30.557542,0.18083,,3.99800011,2.21879782,1.619165,0.07866233,,4.9,0.989264,
2012-07-04,8.7326586,1.17838838,5.86666076,,0.26516303,3.27,5.77404821,1.32197429,,,6.86363305,4.44371619,,13.45,,3.339013,0.45083241,3.75540731,,2.898,30.557542,0.17976,,3.99800011,2.21399795,1.58151,0.07708908,,4.81,0.972638,
2012-07-05,8.7333246,1.17838838,5.86666076,,0.26516303,3.39,5.70443457,1.32973799,,,6.83332973,4.43900387,,13.23,,3.33301,0.4505546,3.75540731,,2.916,30.209818,0.17976,,3.99800011,2.18759785,1.611634,0.07630246,,4.8,0.980951,
2012-07-08,8.7333246,1.19349592,5.77332739,,0.2568165,3.36,5.69283253,1.32973799,,,6.83332973,4.37774373,,13.24,,3.218959,0.44611017,3.73278438,,2.88,30.209818,0.17976,,3.99800011,2.18159786,1.596572,0.07614514,,4.73,0.980951,
2012-07-09,8.75665857,1.14515178,5.67799415,,0.2568165,3.26,5.61355055,1.32395656,,,6.77272401,4.28349737,,12.82,,3.218959,0.43777688,3.58411937,,3.0,28.098889,0.18297,,3.99800011,2.15759788,1.528793,0.07394259,,4.4,0.972638,
2012-07-10,8.68799198,1.14817329,5.63332766,,0.24761391,3.15,5.41437858,1.32147875,,,6.87575456,4.22223723,,12.5,,3.218959,0.42361024,3.54210535,,2.916,28.102402,0.17976,,3.99800011,2.1419979,1.498669,0.07252667,,4.04,0.947699,
2012-07-11,8.66999133,1.23277553,5.73332756,,0.24761391,3.16,5.60774924,1.32147875,,,6.74242099,4.26464809,,12.47,,3.292492,0.4277769,3.58735122,,2.88,30.030687,0.18083,,3.99800011,2.1419979,1.5062,0.07315597,,4.01,0.947699,
2012-07-12,8.7999912,1.25392609,5.74666068,,0.25553242,3.15,5.63675484,1.32147875,,,6.72726979,4.30705896,,12.6,,3.202451,0.42972134,3.6261334,,2.88,29.152597,0.1819,,3.99800011,2.14559777,1.543855,0.07378527,,4.07,0.956012,
2012-07-15,8.77999122,1.2206895,5.67732789,,0.25553242,3.01,5.57680994,1.32147875,,,6.66666345,4.2410865,,12.52,,3.157431,0.41722136,3.55180089,,2.874,29.057764,0.17976,,3.99800011,2.12399803,1.513731,0.07111075,,3.95,0.956012,
2012-07-16,8.65065735,1.1874529,5.66666096,,0.23648519,2.95,5.53233488,1.32147875,,,6.66666345,4.14212782,,12.5,,2.980351,0.40638805,3.51625057,,2.814,29.057764,0.1605,,3.99800011,2.15999788,1.476076,0.0707961,,3.97,0.964325,
2012-07-17,8.666658,1.19651743,5.71932764,,0.233489,3.01,5.62902021,1.33799723,,,6.33636058,4.22223723,,12.9,,2.974348,0.41666581,3.60351046,,2.862,27.972443,0.17066628,,3.99800011,2.15999788,1.483607,0.07063877,,4.08,0.989264,
2012-07-18,8.666658,1.20558195,5.71666091,,0.23113485,3.02,5.62708631,1.33799723,,,6.33636058,4.14212782,,12.85,,3.151428,0.41611026,3.56796013,,2.844,27.972443,0.17454505,,3.99800011,2.15999788,1.491138,0.0707961,,4.06,0.997578,
2012-07-19,8.73999192,1.20860346,5.66866089,,0.23134886,3.1,5.70443457,1.3312246,,,6.21514852,4.21752491,,12.99,,3.239968,0.41666581,3.88791308,,2.85,29.152597,0.17066628,,3.99800011,2.20079784,1.513731,0.0707961,,4.15,0.997578,
2012-07-22,8.67332532,1.20256045,5.71999444,,0.23134886,3.1,5.6541582,1.3312246,,,6.43636053,4.21752491,,12.95,,3.239968,0.42083247,3.63259709,,2.838,29.152597,0.18230261,,3.99800011,2.21519771,1.513731,0.07221202,,4.15,0.997578,
2012-07-24,8.7999912,1.19047441,5.66666096,,0.23134886,3.06,5.64255596,1.32973799,,,6.22726942,4.25051161,,12.75,,3.208454,0.41833247,3.59704676,,2.85,29.092888,0.19781773,,3.99800011,2.19719772,1.513731,0.07205469,,4.1,1.005891,
2012-07-25,8.71599195,1.18443139,5.66932769,,0.23134886,2.96,5.46465495,1.32973799,,,6.22726942,4.23166186,,12.7,,3.154429,0.41249915,3.58411937,,2.886,29.092888,0.21333284,,3.99800011,2.17799786,1.491138,0.0701668,,4.05,0.989264,
2012-07-26,8.79332387,1.17838838,5.71866084,,0.23134886,2.96,5.31769325,1.32973799,,,6.22726942,4.40130532,,12.61,,3.15593,0.41638803,3.52271426,,2.82,29.152597,0.20557529,,3.99800011,2.24879779,1.476076,0.07151505,,4.02,0.997578,
2012-07-29,8.7999912,1.18140989,5.71999444,,0.23134886,2.96,5.33703031,1.32973799,,,6.22726942,4.57094878,,12.7,,3.181442,0.41166582,3.49039578,,2.76,28.86107,0.21333284,,3.99800011,2.21999782,1.483607,0.07167758,,3.99,0.989264,
2012-07-30,8.8666578,1.2206895,5.71999444,,0.23134886,2.94,5.27515189,1.32973799,,,6.30302696,4.47670242,,12.68,,3.182942,0.40833249,3.45161361,,2.76,28.86107,0.22496918,,3.99800011,2.22839781,1.468545,0.07135251,,3.99,0.989264,
2012-07-31,8.92532441,1.21766799,5.73132763,,0.23134886,3.07,5.35636757,1.32973799,,,6.33333028,4.48612753,,13.0,,3.181442,0.43055467,3.50978687,,2.76,28.86107,0.23660552,,3.99800011,2.33279783,1.521262,0.07151505,,4.06,1.022517,
2012-08-01,8.999991,1.21464648,5.74532755,,0.23134886,3.07,5.41437858,1.33799723,,,6.26060304,4.50497633,,12.9,,3.263979,0.43305467,3.52271426,,2.754,29.152597,0.24436308,,3.99800011,2.40359776,1.536324,0.07167758,,4.09,1.047457,
2012-08-02,9.05932427,1.20860346,5.74999421,,0.25360629,3.02,5.80111991,1.33799723,,,6.35151179,4.44842851,,12.97,,3.263979,0.42861023,3.50978687,,2.712,29.152597,0.23272674,,3.99800011,2.39999764,1.521262,0.07541587,,4.14,1.039143,
2012-08-05,9.19865747,1.20860346,5.74799428,,0.24055145,3.14,5.5091302,1.33882321,,,6.35151179,4.4719901,,13.14,,3.278986,0.43333244,3.52917796,,2.7,29.128011,0.23660552,,3.99800011,2.39999764,1.58151,0.0750908,,4.31,1.039143,
2012-08-06,9.10532423,1.20256045,5.79999416,,0.24055145,3.15,5.47432329,1.33882321,,,6.24242123,4.45314083,,13.26,,3.299995,0.43027689,3.51301872,,2.7,29.152597,0.2404843,,3.99800011,2.38079766,1.611634,0.07427813,,4.32,1.03083,
2012-08-07,9.05932427,1.21464648,5.79999416,,0.24055145,3.2,5.4221136,1.32891203,,,6.32423968,4.45314083,,13.2,,3.232465,0.43555466,3.56149644,,2.7,29.110448,0.23660552,,3.99800011,2.39999764,1.626696,0.07492826,,4.35,1.03083,
2012-08-08,8.999991,1.20860346,5.76666086,,0.24183554,3.14,5.41437858,1.32891203,,,6.32423968,4.40130532,,13.08,,3.227963,0.42722134,3.52594611,,2.688,29.152597,0.23660552,,3.99800011,2.39399777,1.596572,0.07362799,,4.27,1.03083,
2012-08-09,8.999991,1.19047441,5.76666086,,0.24140751,3.05,5.37570425,1.40407117,,,6.32423968,4.34946982,,12.97,,3.448563,0.42555468,3.47100469,,2.688,29.120987,0.21721162,,3.99800011,2.39519753,1.551386,0.07216518,,4.19,1.022517,
2012-08-12,8.8939911,1.20558195,5.78932724,,0.24140751,3.06,5.40471024,1.40407117,,,6.25151183,4.33533287,,13.08,,3.489081,0.4180547,3.48716393,,2.736,31.61125,0.22884796,,3.99800011,2.43359773,1.558917,0.07281532,,4.28,1.022517,
2012-08-13,8.8939911,1.19349592,5.76532773,,0.24140751,3.08,5.49172684,1.33155505,,,6.23636063,4.35889446,,13.21,,3.330009,0.41944358,3.77156655,,2.7,29.120987,0.23272674,,3.99800011,2.40119764,1.596572,0.07200265,,4.3,1.03083,
2012-08-14,8.8939911,1.18140989,5.76666086,,0.23648519,3.14,5.52846727,1.32973799,,,6.23636063,4.40130532,,13.48,,3.339013,0.43277689,3.54856905,,2.724,28.098889,0.23272674,,3.99800011,2.41199763,1.596572,0.07249025,,4.37,1.047457,
2012-08-15,8.89332377,1.18443139,5.79266077,,0.23627118,3.13,5.54973824,1.32147875,,,6.23636063,4.38245605,,13.55,,3.339013,0.42805468,3.59704676,,2.7,28.976979,0.23272674,,3.99800011,2.4419976,1.589041,0.07297785,,4.4,1.039143,
2012-08-16,8.9326584,1.25392609,5.78999404,,0.23584315,3.15,5.56907492,1.32147875,,,6.1848455,4.46256546,,13.62,,3.373529,0.43583244,3.71662514,,2.7,29.082351,0.23660552,,3.99800011,2.50199754,1.649289,0.07281532,,4.44,1.047457,
2012-08-21,8.9339904,1.31435627,5.78999404,,0.23584315,3.17,5.5980809,1.32147875,,,6.21211822,4.50026401,,13.85,,3.361523,0.44416575,3.77803025,,2.712,29.082351,0.2404843,,3.99800011,2.57159748,1.664351,0.07444066,,4.48,1.039143,
2012-08-22,8.9666577,1.29924872,5.76666086,,0.24718588,3.15,5.57100862,1.32147875,,,6.21211822,4.46727778,,13.74,,3.339013,0.44444353,3.71662514,,2.706,29.061275,0.24436308,,3.99800011,2.56199748,1.649289,0.07330292,,4.86,1.047457,
2012-08-23,9.00865766,1.30529174,5.78466064,,0.24611581,3.19,5.60774924,1.32147875,,,6.28181515,4.63692124,,13.94,,3.390036,0.4813879,3.79418949,,2.76,28.836484,0.2404843,,3.99800011,2.56679736,1.709537,0.07541587,,4.68,1.064083,
2012-08-26,9.333324,1.36874342,5.81332728,,0.24611581,3.27,5.65995932,1.32147875,,,6.40908782,4.81127702,,13.94,,3.441059,0.51722119,3.85236275,,2.76,29.117474,0.24436308,,3.99800011,2.60999744,1.724599,0.07622854,,4.71,1.072396,
2012-08-27,9.16332417,1.39291549,5.81332728,,0.24611581,3.33,5.75277724,1.32147875,,,6.5606029,5.18826249,,14.0,,3.519095,0.53610998,3.83297166,,2.802,28.976979,0.24824185,,3.99800011,2.61119744,1.724599,0.07850402,,4.68,1.064083,
2012-08-28,9.0666576,1.40500153,5.79932736,,0.24825595,3.41,5.89780524,1.32147875,,,6.5696938,5.39089217,,14.1,,3.526598,0.52916555,3.86529014,,2.808,28.660866,0.24436308,,3.99800011,2.6267973,1.73213,0.08012936,,4.67,1.064083,
2012-08-29,9.0673236,1.40198002,5.29866153,,0.2568165,3.36,5.86879964,1.32147875,,,6.5606029,5.25894726,,14.18,,3.540104,0.52083226,4.21109787,,2.85,28.976979,0.24436308,,3.99800011,2.6255973,1.709537,0.07980429,,4.61,1.05577,
2012-08-30,9.331324,1.4321951,5.29799473,,0.27629175,3.54,5.83979423,1.29257141,,,6.44848204,5.31078276,,14.18,,3.541605,0.53860998,4.00102776,,2.91,29.503833,0.2404843,,3.99800011,2.62079743,1.73213,0.08386764,,4.68,1.064083,
2012-09-02,9.333324,1.54096942,5.30666119,,0.27072739,3.57,6.18786123,1.37086899,,,6.51211807,5.3720429,,14.15,,3.499586,0.56944327,4.03334624,,2.928,29.184207,0.2404843,,3.99800011,2.66759738,1.792378,0.08549299,,4.76,1.064083,
2012-09-03,9.3999906,1.65276524,5.3279945,,0.27821787,3.7,6.72156388,1.32147875,,,6.50908777,5.32491972,,14.17,,3.639149,0.57222105,4.11414244,,2.94,29.184207,0.24436308,,3.99800011,2.64119741,1.912874,0.087931,,4.82,1.064083,
2012-09-04,9.4666572,1.67693731,5.36666126,,0.2739376,3.69,6.18786123,1.32147875,,,6.83332973,5.55582332,,14.22,,3.714183,0.57860992,4.14646092,,2.982,28.801361,0.2404843,,3.99800011,2.69879735,1.927936,0.08776846,,4.85,1.072396,
2012-09-05,9.4333239,1.64672222,5.33866143,,0.27136943,3.62,6.12985023,1.32197429,,,7.00605753,5.76787764,,14.2,,3.736693,0.56110999,4.11414244,,2.964,28.801361,0.24436308,,3.99800011,2.67599725,1.935467,0.08516792,,4.77,1.05577,
2012-09-06,9.4666572,1.63765769,5.33332796,,0.27179746,3.62,6.10857926,1.32147875,,,6.96666331,5.79143923,,14.2,,3.714183,0.55138776,4.13676537,,3.03,29.152597,0.24436308,,3.99800011,2.69279748,1.988184,0.0874434,,4.79,1.064083,
2012-09-09,10.333323,1.62255015,5.33266117,,0.27179746,3.62,6.19172865,1.33832757,,,6.96969361,5.89511024,,14.2,,3.676666,0.55138776,4.22079342,,3.048,29.503833,0.22496918,,3.99800011,2.65799739,2.003246,0.08858114,,4.76,1.064083,
2012-09-10,9.7333236,1.65276524,5.33332796,,0.27179746,3.66,6.3812319,1.33799723,,,7.08181507,5.87626096,,14.2,,3.7517,0.55555441,4.25634375,,3.03,29.328215,0.2404843,,3.99800011,2.68919736,2.040901,0.08776846,,4.8,1.05577,
2012-09-11,9.6313237,1.67693731,5.33332796,,0.27179746,3.79,6.39863526,1.33799723,,,7.42423884,6.29094498,,14.2,,3.954292,0.5666655,4.34360364,,3.012,29.328215,0.22496918,,3.99800011,2.73119732,2.161397,0.09101915,,4.99,1.147214,
2012-09-12,9.5313238,1.65880825,5.32666144,,0.26601909,3.8,6.57460256,1.33799723,,,7.27575407,6.47943771,,14.59,,3.957293,0.57055441,4.37592212,,3.012,29.152597,0.2404843,,3.99800011,2.72399745,2.236707,0.09069408,,5.0,1.138901,
2012-09-13,9.59332307,1.62859317,5.28599475,,0.26601909,3.72,6.49725391,1.33799723,,,7.27272377,6.912971,,14.29,,4.051836,0.58749879,4.28219853,,3.03,28.871607,0.2210904,,3.99800011,2.72399745,2.274362,0.08776846,,5.02,1.113962,
2012-09-16,9.6326577,1.7434105,5.3293281,,0.27800386,3.85,6.77764156,1.33799723,,,7.50605699,7.17214851,,14.2,,4.087852,0.61666543,4.41147245,,3.192,29.152597,0.2210904,,3.99800011,2.76719716,2.402389,0.09183182,,5.41,1.122275,
2012-09-17,9.61332372,1.74945351,5.32532777,,0.27778985,4.07,6.76797322,1.38672671,,,7.43029945,7.49258615,,15.01,,4.161386,0.64027643,4.52458713,,3.18,29.064788,0.22884796,,3.99800011,2.76239729,2.477699,0.09719545,,5.68,1.122275,
2012-09-18,9.54999045,1.71923843,5.27999449,,0.27222549,4.32,6.70609461,1.38755269,,,7.49393578,7.2993811,,15.0,,4.156884,0.64360979,4.20140233,,3.126,29.152597,0.24436308,,3.99800011,2.87639706,2.568071,0.09963346,,5.86,1.113962,
2012-09-19,9.5999904,1.78269011,5.25066151,,0.26751719,4.5,6.74670226,1.50301687,,,7.32423889,7.35592892,,14.95,,4.141877,0.65194308,4.11737428,,3.15,29.48627,0.24436308,,3.99800011,2.93999711,2.575602,0.10483455,,5.86,1.113962,
2012-09-20,9.62532371,1.70715239,5.25999484,,0.28763448,4.55,6.65388453,1.4866636,,,7.19999653,7.05434055,,15.0,,4.194401,0.63749872,4.16262016,,3.132,29.855069,0.22884796,,3.99800011,2.99999705,2.56054,0.10190894,,5.66,1.122275,
2012-09-23,9.6333237,1.68298032,5.23332807,,0.28763448,4.63,6.60360855,1.51937025,,,7.06060235,6.96009418,,15.37,,4.128371,0.63305428,3.95901373,,3.228,29.855069,0.22496918,,3.99800011,3.01199704,2.492761,0.10450949,,5.57,1.122275,
2012-09-24,9.5999904,1.66182976,5.26666137,,0.27778985,4.46,6.74283484,1.47675254,,,6.9515121,6.73861522,,15.09,,4.128371,0.63777644,3.99133221,,3.162,29.855069,0.21721162,,3.99800011,2.99999705,2.462637,0.10938551,,5.58,1.122275,
2012-09-25,9.666657,1.71621692,5.28666155,,0.27778985,4.79,7.05802922,1.48649839,,,7.17878472,7.23812096,,14.8,,4.203405,0.65805423,4.03980993,,3.462,29.855069,0.23272674,,3.99800011,2.99999705,2.507823,0.11393647,,5.78,1.130588,
2012-09-26,9.666657,1.70715239,5.29932787,,0.27436563,4.82,7.05996254,1.56826495,,,7.36060281,7.72348928,,14.71,,4.387988,0.65777643,3.99133221,,3.618,30.908778,0.2210904,,3.99800011,2.99999705,2.455106,0.11767476,,5.77,1.122275,
2012-09-27,9.7326576,1.77362558,5.29999466,,0.27436563,4.72,6.99615061,1.49013246,,,7.23635984,7.49729847,,14.61,,4.351972,0.64527645,4.05920102,,3.522,29.802383,0.21721162,,3.99800011,2.99999705,2.424982,0.1131238,,5.7,1.122275,
2012-09-30,9.68799098,1.74945351,5.33199483,,0.27179746,4.61,6.79504492,1.4866636,,,7.727269,7.27110719,,14.58,,4.332463,0.63888758,3.92669526,,3.45,29.328215,0.21721162,,3.99800011,2.98799707,2.281893,0.11198606,,5.58,1.113962,
2012-10-01,9.60998972,1.70715239,5.29332814,,0.2677312,4.47,6.75830488,1.46684146,,,7.42423884,6.97423114,,14.5,,4.216911,0.68333193,3.86852199,,3.378,29.328215,0.20945406,,3.99800011,2.94119711,2.251769,0.11084832,,5.51,1.105649,
2012-10-02,9.41865725,1.62255015,5.26332784,,0.26751719,4.21,6.7660399,1.43198745,,,7.09696627,6.50771162,,14.17,,4.216911,0.59722099,3.65845188,,3.378,29.236893,0.20557529,,3.99800011,2.8487972,2.093618,0.10418442,,5.29,1.089022,
2012-10-03,9.44999055,1.58327054,5.23866153,,0.26751719,4.16,6.76797322,1.42471929,,,7.04545115,6.44645148,,14.0,,4.204905,0.59027656,3.63582894,,3.45,29.131524,0.20557529,,3.99800011,2.75999729,2.093618,0.10320921,,5.2,1.072396,
2012-10-04,9.5333238,1.61650713,5.28332802,,0.2833542,4.17,6.94200721,1.45362663,,,7.12120869,6.5783964,,14.05,,4.203405,0.58416549,3.63906079,,3.696,29.749697,0.20945406,,3.99800011,2.75999729,2.138804,0.10548469,,5.24,1.097335,
2012-10-08,9.44199056,1.61046411,5.24399499,,0.2833542,4.07,6.92266956,1.45180958,,,7.25757256,6.69620435,,13.92,,4.203405,0.58305436,3.62290155,,3.66,29.233382,0.20945406,,3.99800011,2.75999729,2.078556,0.10337175,,5.1,1.072396,
2012-10-09,9.5999904,1.60139959,5.23199493,,0.2833542,4.05,6.90333288,1.46172066,,,7.25757256,6.67264276,,13.79,,4.487033,0.59666544,3.82973982,,3.504,28.998052,0.20945406,,3.99800011,2.75999729,2.018308,0.10142134,,4.78,1.097335,
2012-10-10,9.57465709,1.69204485,5.30599439,,0.28677842,4.13,7.28040587,1.53588874,,,7.12120869,6.89412172,,14.0,,4.487033,0.60555428,3.87821754,,3.528,29.328215,0.21721162,,3.99800011,2.75999729,2.063494,0.10402188,,4.98,1.097335,
2012-10-11,9.4999905,1.80988369,5.28866148,,0.28677842,4.32,7.25139988,1.50978951,,,6.83636004,6.85642318,,13.87,,4.45702,0.65305421,3.82973982,,3.6,29.328215,0.21333284,,3.99800011,2.75999729,2.048432,0.10239654,,4.86,1.097335,
2012-10-14,9.59665707,1.79477614,5.27332789,,0.28677842,4.37,7.20305722,1.51970057,,,6.83636004,6.83286159,,13.85,,4.360976,0.70277631,3.8620583,,3.6,29.503833,0.20945406,,3.99800011,2.75639717,2.03337,0.10239654,,4.82,1.113962,
2012-10-15,9.5999904,1.80988369,5.26666137,,0.27800386,4.24,7.3442178,1.52795981,,,6.83636004,6.62551958,,13.86,,4.427006,0.69972081,3.96870928,,3.6,29.465197,0.20945406,,3.99800011,2.74439743,2.176459,0.09930839,,4.82,1.105649,
2012-10-16,9.57999042,1.85218481,5.25999484,,0.27800386,4.17,7.42930051,1.53374124,,,6.87878486,6.55954712,,13.73,,4.629598,0.71916516,3.9299271,,3.828,29.714574,0.22496918,,3.99800011,2.74679718,1.988184,0.10142134,,4.85,1.080709,
2012-10-17,9.59665707,1.89146442,5.28332802,,0.27843189,4.25,7.63814121,1.53621905,,,6.83636004,6.68677972,,13.8,,4.688124,0.72722073,3.99133221,,3.69,29.675938,0.23660552,,3.99800011,2.75999729,2.018308,0.10207147,,4.94,1.089022,
2012-10-18,9.59332307,1.90959347,5.28332802,,0.27843189,4.25,7.6342738,1.52597754,,,6.96969361,6.59724567,,13.8,,4.682122,0.71360967,3.98810037,,3.648,29.503833,0.25987819,,3.99800011,2.87999717,2.025839,0.10093373,,5.0,1.072396,
2012-10-21,9.665991,1.87937839,5.26466143,,0.27843189,4.18,7.52018491,1.53621905,,,6.96969361,6.49357467,,13.7,,4.839693,0.69972081,3.92023156,,3.558,29.503833,0.25599941,,3.99800011,2.87639706,1.995715,0.09914586,,4.96,1.05577,
2012-10-22,9.59199041,1.87937839,5.22999454,,0.27843189,4.13,7.50278155,1.52812504,,,6.96969361,6.43231453,,13.65,,4.652108,0.71305409,3.85882645,,3.624,29.328215,0.23272674,,3.99800011,2.83439734,1.965591,0.10239654,,4.9,1.05577,
2012-10-23,8.7333246,1.87333537,5.19999477,,0.27843189,4.15,7.44477054,1.4866636,,,7.06969356,6.40875294,,13.6,,4.565069,0.71583186,3.88144938,,3.63,29.236893,0.24824185,,3.99800011,2.81999723,2.040901,0.10776017,,4.85,1.047457,
2012-10-24,8.7333246,1.89448593,5.19999477,,0.27843189,4.22,7.58786522,1.48831541,,,6.96363301,6.56425944,,13.97,,4.518548,0.72916517,3.9299271,,3.78,29.503833,0.24824185,,3.99800011,2.87999717,2.138804,0.10857284,,4.93,1.05577,
2012-10-29,8.69332397,1.93376554,5.21599462,,0.27843189,4.6,7.65747789,1.51953536,,,7.10302718,6.63965653,,14.18,,4.802176,0.75833175,3.98486852,,4.05,29.335239,0.25212063,,3.99800011,2.85599708,2.296955,0.10987311,,5.18,1.072396,
2012-10-30,8.73199127,1.93980856,5.22332794,,0.29940523,4.25,7.61880453,1.49492284,,,7.04545115,6.5548348,,14.0,,4.784168,0.7741651,3.93962265,,4.05,29.335239,0.24436308,,3.99800011,2.87999717,2.2593,0.10824777,,5.18,1.064083,
2012-10-31,8.63199137,1.91261498,5.2013279,,0.29940523,4.14,7.3770912,1.53621905,,,7.04545115,6.40875294,,13.99,,4.712135,0.77166511,3.86852199,,3.984,28.991029,0.23660552,,3.99800011,2.90879714,2.131273,0.10678497,,5.05,1.05577,
2012-11-01,8.7333246,1.87333537,5.2033283,,0.29940523,4.08,7.40609622,1.53621905,,,6.71817858,6.33806816,,13.9,,4.76766,0.75555403,3.82973982,,3.96,28.991029,0.23660552,,3.99800011,2.89079716,2.086087,0.10467202,,4.89,1.047457,
2012-11-04,8.67799132,1.82801274,5.20066156,,0.29940523,3.91,7.21079224,1.51821398,,,6.52423958,5.98464428,,14.12,,4.727142,0.72388737,3.74571177,,3.9,28.991029,0.22884796,,3.99800011,2.936397,2.010777,0.1007712,,4.66,1.014204,
2012-11-05,8.666658,1.75247502,5.19999477,,0.29940523,3.9,7.29007421,1.51970057,,,6.86969366,5.654782,,14.1,,4.727142,0.70555411,3.7004659,,3.93,28.991029,0.23272674,,3.99800011,2.81999723,1.973122,0.09719545,,4.64,0.997578,
2012-11-06,8.666658,1.75851804,5.21666142,,0.29940523,3.95,7.36742189,1.53621905,,,6.86969366,5.81971314,,14.3,,4.727142,0.7263874,3.71662514,,4.242,29.152597,0.23272674,,3.99800011,2.81999723,1.988184,0.09752052,,4.69,1.014204,
2012-11-07,8.5999914,1.72225994,5.21999495,,0.29940523,3.95,7.46410722,1.62657518,,,6.88484486,5.86683633,,14.2,,4.712135,0.73888737,3.66491557,,4.29,29.328215,0.22884796,,3.99800011,2.81999723,2.003246,0.09654531,,4.86,1.014204,
2012-11-08,8.7333246,1.71319541,5.19732803,,0.29940523,3.9,7.52405252,1.60212778,,,6.60908742,5.81500082,,14.2,,4.712135,0.7361096,3.63582894,,4.38,29.503833,0.22884796,,3.99800011,2.81999723,2.003246,0.09540757,,4.8,1.014204,
2012-11-11,8.7326586,1.70110937,5.18132818,,0.29940523,3.91,7.46604151,1.64854479,,,6.60908742,5.84327473,,14.15,,4.712135,0.72749853,3.63582894,,4.752,29.679451,0.22884796,,3.99800011,2.82599711,1.995715,0.0945949,,4.75,1.005891,
2012-11-12,8.7306586,1.8159267,5.1953281,,0.29940523,3.89,7.53952256,1.57668929,,,6.46969385,5.654782,,14.11,,4.652108,0.72083188,3.65198818,,4.68,29.679451,0.23660552,,3.99800011,2.79599713,1.988184,0.0941073,,4.73,1.005891,
2012-11-13,8.65999067,1.82801274,5.16666147,,0.29940523,3.95,7.52405252,1.64375441,,,6.51514837,5.73960373,,14.1,,4.652108,0.72777631,3.65522003,,4.584,29.48627,0.24436308,,3.99800011,2.79599713,2.010777,0.09589517,,4.8,1.014204,
2012-11-14,8.65999067,1.86729235,5.16666147,,0.29940523,3.92,7.5433892,1.61881148,,,6.28484545,5.74431605,,14.02,,4.652108,0.72166518,3.65198818,,4.53,29.503833,0.23660552,,3.99800011,2.79599713,2.003246,0.09524504,,4.8,1.005891,
2012-11-18,8.47599152,1.82196972,5.19999477,,0.26323691,3.89,7.49117989,1.60229299,,,6.28484545,5.67363127,,13.71,,4.652108,0.70416522,3.62290155,,4.272,29.503833,0.23272674,,3.99800011,2.79599713,1.965591,0.09329463,,4.72,1.005891,
2012-11-19,8.666658,1.79175463,5.1946613,,0.26323691,3.75,7.23979745,1.60212778,,,6.08181525,5.45215231,,13.6,,4.431508,0.69388746,3.59058307,,4.302,29.503833,0.23272674,,3.99800011,2.83679709,1.897812,0.08874367,,4.55,0.997578,
2012-11-20,8.6006574,1.78873313,5.20666129,,0.26323691,3.76,7.42349958,1.57668929,,,6.08181525,5.40502913,,13.3,,4.431508,0.66166531,3.56796013,,4.29,29.106937,0.22496918,,3.99800011,2.79599713,1.867688,0.08728086,,4.57,0.997578,
2012-11-21,8.6006574,1.78571162,5.18199498,,0.28463829,3.73,7.45443888,1.60229299,,,6.02120952,5.3720429,,13.55,,4.353473,0.65194308,3.56796013,,4.32,29.106937,0.22496918,,3.99800011,2.79599713,1.88275,0.08695579,,4.52,0.997578,
2012-11-22,8.57332542,1.83707726,5.16666147,,0.29319884,3.82,7.34808521,1.68092098,,,6.36060299,5.27308422,,13.64,,4.351972,0.64999866,3.49039578,,4.188,28.976979,0.22496918,,3.99800011,2.79599713,1.95806,0.087931,,4.5,0.989264,
2012-11-25,8.5333248,1.78571162,5.14399509,,0.29212877,3.73,7.23979745,1.61468186,,,5.9999968,5.18826249,,13.51,,4.351972,0.63749872,3.464541,,4.056,28.098889,0.2210904,,3.99800011,2.73719719,1.80744,0.08598059,,4.43,0.980951,
2012-11-26,8.39865827,1.68902334,5.13199503,,0.29212877,3.39,6.84532187,1.59485973,,,5.75757298,4.69346906,,12.88,,4.203405,0.582221,3.46130915,,3.876,28.098889,0.21333284,,3.99800011,2.63759741,1.65682,0.07947922,,4.15,0.956012,
2012-11-27,8.35932497,1.67089429,4.89866194,,0.29212877,3.33,6.84338759,1.58379224,,,5.45757313,4.80185238,,12.84,,4.197402,0.57360993,3.31264415,,3.804,28.102402,0.20945406,,3.99800011,2.58359758,1.619165,0.07915415,,4.15,0.931072,
2012-11-28,8.333325,1.65276524,4.87332829,,0.29212877,3.26,6.75443728,1.56925602,,,5.45454282,4.73116761,,12.7,,4.197402,0.56722106,3.31264415,,3.744,28.098889,0.20557529,,3.99800011,2.61599731,1.589041,0.07769134,,4.08,0.914446,
2012-11-29,8.333325,1.63161468,4.72666204,,0.29212877,3.31,6.41410452,1.56925602,,,5.45454282,4.66519515,,12.59,,4.197402,0.54166555,3.28678936,,3.738,28.095376,0.20169651,,3.99800011,2.66879738,1.476076,0.07476573,,3.97,0.881194,
2012-12-02,8.29532504,1.6739158,4.78666205,,0.29961925,3.14,6.47598391,1.55769313,,,5.45454282,4.83012629,,12.65,,4.12687,0.5691655,3.36112186,,3.84,28.098889,0.20945406,,3.99800011,2.56079749,1.58151,0.076066,,4.02,0.914446,
2012-12-03,8.24065842,1.64672222,4.69999527,,0.29961925,3.2,6.3812319,1.55273754,,,5.22727021,4.70760602,,12.4,,4.035328,0.55277664,3.29648491,,3.768,28.098889,0.20169651,,3.99800011,2.52359764,1.476076,0.07395306,,3.95,0.889507,
2012-12-04,8.333325,1.69204485,5.05999504,,0.29961925,3.25,6.7292989,1.56925602,,,5.6030276,4.87253716,,12.55,,4.035328,0.58333213,3.32880339,,3.96,28.098889,0.20557529,,3.99800011,2.63999741,1.558917,0.07769134,,4.03,0.906133,
2012-12-05,8.3666583,1.69808787,4.93199524,,0.29961925,3.28,6.81438257,1.58577451,,,5.6030276,4.98092048,,12.72,,4.275437,0.59444322,3.32233969,,3.912,28.098889,0.20557529,,3.99800011,2.6519974,1.58151,0.07882908,,4.11,0.906133,
2012-12-06,8.335325,1.6739158,4.84932832,,0.30496959,3.17,6.72156388,1.58247085,,,5.6030276,4.86782484,,12.6,,4.12687,0.58277658,3.29648491,,3.852,28.098889,0.20169651,,3.99800011,2.59799745,1.521262,0.07687867,,4.04,0.889507,
2012-12-09,8.335325,1.69204485,4.92999484,,0.30496959,3.23,6.7621723,1.56942125,,,5.44848222,5.01861903,,12.75,,4.12687,0.5763877,3.31910784,,3.96,28.098889,0.20557529,,3.99800011,2.68799736,1.573979,0.07639107,,4.1,0.906133,
2012-12-10,8.13665853,1.67693731,4.91066199,,0.30496959,3.16,6.66161955,1.56942125,,,5.44848222,4.91494802,,12.75,,4.12687,0.55944327,3.28678936,,3.822,28.098889,0.20557529,,3.99800011,2.69999735,1.528793,0.0755784,,3.97,0.906133,
2012-12-11,8.1999918,1.67693731,4.86599497,,0.31031994,3.19,6.57460256,1.57768049,,,5.20302779,4.90081107,,12.41,,4.125369,0.55805441,3.29002121,,3.81,28.098889,0.20169651,,3.99800011,2.75999729,1.536324,0.07639107,,3.96,0.906133,
2012-12-12,8.36332497,1.75247502,4.99266157,,0.31031994,3.39,6.67128789,1.59436406,,,5.72120906,5.22596103,,13.2,,4.276938,0.59860985,3.47100469,,4.05,28.098889,0.21333284,,3.99800011,2.78399739,1.664351,0.08110456,,4.2,0.931072,
2012-12-13,8.335325,1.77362558,4.93332837,,0.31031994,3.42,6.67128789,1.58841753,,,5.75757298,5.34376899,,13.0,,4.276938,0.59944321,3.46130915,,4.08,28.098889,0.21333284,,3.99800011,2.78399739,1.762254,0.08451778,,4.2,0.972638,
2012-12-16,8.3666583,1.83707726,4.98666185,,0.31031994,3.56,6.67128789,1.65102247,,,5.82726992,5.50870013,,13.1,,4.276938,0.61499871,3.57119198,,4.29,27.168112,0.21721162,,3.99800011,2.81999723,1.799909,0.0874434,,4.4,0.980951,
2012-12-17,8.13399186,1.84312028,4.93332837,,0.31031994,3.54,6.59393924,1.63549517,,,5.7909066,5.46628927,,13.25,,4.228916,0.61388763,3.5453372,,4.26,27.396417,0.21721162,,3.99800011,2.81999723,1.792378,0.08614312,,4.36,0.972638,
2012-12-18,8.23999176,1.82801274,4.96666167,,0.31888049,3.58,6.59393924,1.63532996,,,5.7909066,5.41916608,,13.15,,4.164387,0.60833208,3.5453372,,4.338,27.572035,0.21721162,,3.99800011,2.8499972,1.912874,0.08695579,,4.41,0.980951,
2012-12-19,8.32332501,1.86729235,4.93132844,,0.31888049,3.79,6.78924419,1.63532996,,,5.7909066,5.69719287,,13.5,,4.276938,0.61944314,3.59704676,,4.338,26.799316,0.2210904,,3.99800011,2.79599713,1.950529,0.08971887,,4.57,1.014204,
2012-12-20,8.31665835,2.01836778,4.93332837,,0.31888049,3.9,6.96134389,1.63516473,,,5.74545147,5.81971314,,14.0,,4.276938,0.64583201,3.7004659,,4.44,26.869562,0.2210904,,3.99800011,2.81999723,1.935467,0.09231942,,4.57,1.005891,
2012-12-23,8.30665836,2.09692701,4.92332824,,0.31845246,4.05,7.00001821,1.63516473,,,5.80908811,5.97993197,,13.98,,4.270935,0.65222088,3.71662514,,4.398,28.046203,0.2210904,,3.99800011,2.80799724,2.018308,0.09475743,,4.65,1.014204,
2012-12-24,8.30665836,2.25102395,4.90932832,,0.31845246,3.8,6.79117751,1.62723594,,,5.72726997,5.69248055,,13.75,,4.12687,0.63055429,3.60997416,,4.458,28.000543,0.21333284,,3.99800011,2.75999729,1.875219,0.09296956,,4.48,1.014204,
2012-12-25,8.30665836,2.27217451,4.88266162,,0.31845246,3.73,6.75830488,1.6513529,,,5.54848187,5.63122041,,13.61,,4.12687,0.63055429,3.57442383,,4.44,27.05923,0.21333284,,3.99800011,2.75999729,1.837564,0.09231942,,4.42,1.005891,
2012-12-26,8.09132524,2.35073374,4.88266162,,0.31845246,3.64,6.74670226,1.6513529,,,5.54848187,5.46628927,,13.74,,4.12687,0.6361098,3.56472829,,4.5,27.05923,0.21333284,,3.99800011,2.76119729,1.830033,0.0941073,,4.33,0.997578,
2012-12-27,8.1999918,2.40209938,4.96332814,,0.32637097,3.74,6.86465855,1.65184844,,,5.68181544,5.60765882,,14.29,,4.201904,0.65555421,3.60027861,,4.908,27.05923,0.21721162,,3.99800011,2.79359738,1.890281,0.09735798,,4.45,0.997578,
2012-12-30,8.16599183,2.36886279,4.88866188,,0.32637097,3.78,6.82985183,1.65102247,,,5.69696665,5.60765882,,14.4,,4.201904,0.65555421,3.60351046,,4.74,27.572035,0.21721162,,3.99800011,2.81759723,1.927936,0.09540757,,4.45,1.039143,
2012-12-31,8.14665852,2.31749714,4.89999507,,0.32637097,3.87,6.75637079,1.77243338,,,5.47575494,5.48042622,,14.3,,4.23792,0.65277644,3.58088752,,4.728,27.572035,0.21721162,,3.99800011,3.0359969,1.867688,0.09345716,,4.47,1.089022,
2013-01-02,8.29932503,2.32656167,4.99999497,,0.32637097,4.04,6.94974145,1.78796076,,,5.65454273,5.60765882,,14.58,,4.273937,0.67499859,3.74571177,,4.77,28.095376,0.22884796,,3.99800011,2.89199716,1.942998,0.09670785,,4.72,1.080709,
2013-01-03,8.2999917,2.34469072,4.96399494,,0.32637097,4.16,7.13537787,1.65762991,,,5.65151243,5.73017909,,14.54,,4.216911,0.68555415,3.76187101,,4.902,27.719553,0.23272674,,3.99800011,2.9579971,1.965591,0.09817065,,4.76,1.113962,
2013-01-06,8.2999917,2.32051865,4.93332837,,0.32637097,4.21,7.17211791,1.68306839,,,5.65151243,5.79615155,,14.52,,4.203405,0.68138752,3.79742134,,4.758,27.719553,0.23272674,,3.99800011,2.90399727,1.995715,0.09768305,,4.76,1.097335,
2013-01-08,8.20132513,2.29936809,4.99932817,,0.32637097,4.3,7.45443888,1.6535003,,,5.61211851,5.73017909,,14.93,,4.203405,0.6797208,3.7812621,,4.77,27.740629,0.23272674,,3.99800011,2.87999717,2.025839,0.09589517,,4.84,1.080709,
2013-01-09,8.3999916,2.31447563,4.99999497,,0.32637097,4.31,7.59559947,1.65184844,,,5.61211851,5.84798705,,15.11,,4.216911,0.68055416,3.80065319,,4.74,27.392903,0.23272674,,3.99800011,2.87879717,2.048432,0.09670785,,4.85,1.089022,
2013-01-10,8.28199172,2.27519602,5.01599482,,0.32637097,4.24,7.54145588,1.65184844,,,5.51211886,5.7820146,,15.25,,4.201904,0.67138751,3.76510286,,4.704,27.04518,0.22884796,,3.99800011,2.84279733,2.018308,0.0950825,,4.77,1.089022,
2013-01-13,8.2666584,2.24498093,5.04666139,,0.32637097,4.19,7.35582023,1.63599071,,,5.51211886,5.68776823,,14.62,,4.201904,0.65277644,3.70369775,,4.626,27.04518,0.22496918,,3.99800011,2.82119723,1.980653,0.09296956,,4.68,1.097335,
2013-01-14,8.2666584,2.24800244,5.01666162,,0.32637097,4.22,7.15471455,1.63945957,,,5.66666424,5.60765882,,14.72,,4.201904,0.65249866,3.70369775,,4.8,27.565011,0.22496918,,3.99800011,2.81999723,1.973122,0.09296956,,4.64,1.097335,
2013-01-15,8.2999917,2.22080886,5.00066177,,0.32637097,4.15,7.12764285,1.63945957,,,5.56666429,5.52283709,,14.67,,4.201904,0.63805422,3.67461112,,4.764,27.375343,0.2210904,,3.99800011,2.8739973,1.942998,0.09183182,,4.57,1.089022,
2013-01-16,8.333325,2.17246473,4.99999497,,0.32637097,4.08,7.21272556,1.63945957,,,5.56666429,5.35319363,,14.85,,4.201904,0.62194314,3.613206,,4.74,26.890636,0.2210904,,3.99800011,2.8487972,1.950529,0.09215689,,4.57,1.080709,
2013-01-17,8.29199171,2.17850774,4.95199495,,0.32637097,4.1,7.22432818,1.63532996,,,5.56666429,5.3720429,,14.8,,4.201904,0.61194321,3.60997416,,4.728,26.922248,0.2210904,,3.99800011,2.8355971,1.95806,0.09215689,,4.48,1.080709,
2013-01-20,8.27065839,2.11505606,4.82666194,,0.32037858,4.05,7.34808521,1.62987883,,,5.56666429,5.27779653,,14.6,,4.201904,0.59055434,3.60027861,,4.632,26.922248,0.22884796,,3.99800011,2.82839722,1.935467,0.09118168,,4.38,1.072396,
2013-01-21,8.28332505,2.0606689,4.78399532,,0.32037858,3.91,7.32874853,1.63153066,,,5.45454282,5.00919439,,14.45,,4.201904,0.58277658,3.50009133,,4.668,26.922248,0.2210904,,3.99800011,2.79839725,1.852626,0.08939381,,4.22,1.05577,
2013-01-22,8.39332494,2.10599153,4.79932837,,0.32251872,4.01,7.25139988,1.63532996,,,5.43939162,5.13171467,,14.78,,4.201904,0.59972099,3.50332317,,4.908,25.482181,0.22496918,,3.8860001,2.84399733,1.860157,0.09004394,,4.24,1.05577,
2013-01-23,8.39332494,2.11505606,4.76666187,,0.32637097,4.05,7.32101351,1.64028555,,,5.45454282,5.13642698,,14.66,,4.239421,0.59722099,3.52271426,,4.95,26.251386,0.22496918,,3.8860001,2.83199722,1.875219,0.09101915,,4.32,1.072396,
2013-01-27,8.3999916,2.3023896,4.76666187,,0.32209069,3.98,7.44283723,1.63747732,,,5.45454282,5.10815307,,15.0,,4.201904,0.60249879,3.50978687,,5.01,26.138991,0.2210904,,3.8860001,2.82119723,1.867688,0.09020648,,4.32,1.072396,
2013-01-28,8.40332493,2.05462589,4.72666204,,0.32209069,3.92,7.38675954,1.64078109,,,5.30302775,5.08459148,,15.0,,4.201904,0.59416542,3.47746839,,4.95,26.138991,0.2210904,,3.8860001,2.81999723,1.845095,0.08939381,,4.25,1.064083,
2013-01-29,8.39932493,1.99419571,4.66666197,,0.32209069,3.96,7.0812335,1.64391952,,,5.27272473,4.85368788,,14.85,,3.976802,0.56944327,3.56149644,,4.992,26.138991,0.21721162,,3.8860001,2.73599719,1.784847,0.08809353,,4.19,1.064083,
2013-01-30,8.42999157,1.99419571,4.65332885,,0.32209069,3.94,6.96134389,1.64193738,,,5.25757322,4.90081107,,14.6,,4.051836,0.57777656,3.50009133,,5.118,26.342708,0.2210904,,3.8860001,2.80799724,1.799909,0.087931,,4.2,1.064083,
2013-01-31,8.41665825,2.04253985,4.59999537,,0.32209069,3.96,6.9323379,1.65102247,,,5.2242399,5.04218062,,14.6,,4.051836,0.58333213,3.5388735,,5.25,25.991472,0.22496918,,3.8860001,2.75999729,1.837564,0.09036901,,4.34,1.05577,
2013-02-03,8.666658,2.15433567,4.69999527,,0.32209069,4.06,7.00968655,1.6535003,,,5.30605805,5.40502913,,14.7,,4.12687,0.61083208,3.65845188,,5.25,25.991472,0.22496918,,3.8860001,2.75999729,1.905343,0.09264449,,4.41,1.072396,
2013-02-04,8.4666582,2.1996583,4.68332862,,0.32209069,4.08,7.09670354,1.81207774,,,5.30908835,5.59823418,,15.0,,4.12687,0.6130543,3.68430666,,5.25,26.342708,0.23660552,,3.8860001,2.80679712,1.920405,0.09378223,,4.45,1.089022,
2013-02-05,8.4666582,2.19059378,4.69999527,,0.32209069,4.14,7.13537787,1.73444087,,,5.42423981,5.58880954,,14.99,,4.12687,0.61527651,3.70692959,,5.298,26.342708,0.2404843,,3.8860001,2.76719716,1.935467,0.09426983,,4.46,1.089022,
2013-02-06,8.4999915,2.17548623,4.69999527,,0.32209069,4.06,7.05802922,1.66853212,,,5.30605805,5.58409723,,14.88,,4.12687,0.61110986,3.85882645,,5.28,25.706972,0.24824185,,3.8860001,2.75999729,1.920405,0.09313209,,4.36,1.089022,
2013-02-07,8.50665816,2.15433567,4.69732854,,0.32209069,4.02,6.92073624,1.65184844,,,5.30908835,5.49456318,,14.8,,4.141877,0.6105543,3.84589906,,5.25,26.342708,0.2404843,,3.8860001,2.75999729,1.897812,0.09248196,,4.32,1.080709,
2013-02-10,8.5333248,2.17246473,4.66599517,,0.32209069,4.02,6.98068057,1.637147,,,5.44242131,5.52283709,,14.68,,4.141877,0.61388763,3.8491309,,5.274,26.251386,0.24436308,,3.8860001,2.77199728,1.905343,0.09215689,,4.37,1.080709,
2013-02-11,8.666658,2.13318511,4.65666185,,0.32209069,3.98,6.91300122,1.64623222,,,5.4212092,5.46628927,,14.77,,4.141877,0.61749873,3.80711688,,5.214,25.991472,0.2404843,,3.8860001,2.75999729,1.875219,0.09134422,,4.28,1.072396,
2013-02-12,8.668658,2.20570132,4.65999544,,0.32209069,4.06,6.93620551,1.64590177,,,5.4212092,5.58880954,,14.8,,4.128371,0.62305428,3.83297166,,5.28,25.9142,0.25599941,,3.8860001,2.80799724,1.935467,0.09231942,,4.32,1.072396,
2013-02-13,8.7326586,2.28426055,4.61666202,,0.32209069,4.03,6.89559786,1.65184844,,,5.45151252,5.551111,,14.73,,4.201904,0.61722093,3.83297166,,5.16,26.342708,0.25987819,,3.8860001,2.76119729,1.920405,0.09183182,,4.32,1.072396,
2013-02-14,8.66999133,2.25404546,4.64799539,,0.32209069,4.05,6.81438257,1.68488541,,,5.81817932,5.49456318,,14.8,,4.096856,0.61083208,3.80065319,,5.25,26.658821,0.25212063,,3.8860001,2.76119729,1.897812,0.09118168,,4.28,1.072396,
2013-02-17,8.7333246,2.28123904,4.6066619,,0.32209069,4.07,6.76797322,1.65184844,,,5.6060579,5.77258996,,14.79,,4.063841,0.61944314,3.82327612,,5.232,26.342708,0.25212063,,3.8860001,2.79719713,1.912874,0.09101915,,4.31,1.072396,
2013-02-18,8.7333246,2.25102395,4.6033289,,0.32209069,4.05,6.82598423,1.65217881,,,5.48484584,5.67363127,,14.7,,4.053337,0.60583206,3.82650797,,5.19,26.342708,0.25212063,,3.8860001,2.75999729,1.912874,0.09004394,,4.3,1.039143,
2013-02-19,8.70665862,2.21476585,4.59999537,,0.32209069,4.0,6.76990654,1.65184844,,,5.4212092,5.54639868,,14.7,,4.128371,0.61444321,3.74571177,,5.19,25.745608,0.24824185,,3.8860001,2.75999729,1.875219,0.09004394,,4.24,1.047457,
2013-02-20,8.6999913,2.15131416,4.53399557,,0.32209069,3.9,6.72736558,1.7493075,,,5.48484584,5.26365958,,14.65,,4.12687,0.59333214,3.67461112,,5.16,25.742095,0.2404843,,3.8860001,2.75999729,1.830033,0.08776846,,4.19,1.039143,
2013-02-21,8.6999913,2.12109908,4.49999547,,0.32209069,3.86,6.67128789,1.652344,,,5.3999974,5.29664581,,14.76,,4.089353,0.59027656,3.64875633,,5.16,26.16709,0.24436308,,3.8860001,2.75999729,1.799909,0.08711833,,4.18,1.039143,
2013-02-24,8.6999913,2.11505606,4.49799554,,0.32209069,3.85,6.66548696,1.65184844,,,5.29999744,5.23067335,,14.69,,4.12687,0.582221,3.61643785,,5.13,26.290022,0.24436308,,3.8860001,2.81999723,1.792378,0.08516792,,4.18,1.039143,
2013-02-25,8.7973252,2.10297003,4.46666217,,0.32209069,3.82,6.66742048,1.65184844,,,5.39393649,5.2165364,,14.55,,4.110362,0.57999878,3.58735122,,5.1,25.780731,0.24436308,,3.8860001,2.70719722,1.769785,0.08484285,,4.12,1.03083,
2013-02-26,8.70132463,2.10599153,4.46666217,,0.32209069,3.82,6.66742048,1.63698178,,,5.35757317,5.30135813,,14.4,,4.159885,0.59166542,3.613206,,5.022,25.991472,0.24824185,,3.8860001,2.72399745,1.777316,0.08435525,,4.12,1.03083,
2013-02-27,8.70332463,2.11203455,4.40532903,,0.32209069,3.8,6.65195121,1.6435892,,,5.23030051,5.24952262,,14.29,,4.08185,0.58499877,3.613206,,4.968,25.85449,0.24824185,,3.8860001,2.75519717,1.762254,0.08435525,,4.1,1.022517,
2013-02-28,8.7999912,2.08786248,4.46399544,,0.32209069,3.79,6.65775194,1.71792238,,,5.30302775,5.17412553,,14.21,,4.080349,0.58305436,3.74894362,,4.866,26.300559,0.24824185,,3.8860001,2.69759735,1.747192,0.08256737,,4.11,0.980951,
2013-03-03,8.7333246,2.06671192,4.44999552,,0.32209069,3.78,6.57460256,1.63698178,,,5.218179,5.15056394,,13.81,,4.183896,0.57472107,3.74571177,,4.86,25.296024,0.26763575,,3.8860001,2.74199731,1.73213,0.08614312,,4.14,0.964325,
2013-03-04,8.79265787,2.02138929,4.41332869,,0.32209069,3.7,6.57460256,1.65184844,,,5.16969417,4.99505743,,13.89,,4.113364,0.55916549,3.71662514,,4.608,25.113382,0.29090842,,3.8860001,2.69399748,1.694475,0.08386764,,4.05,0.997578,
2013-03-05,8.7006573,1.94283007,4.42599548,,0.32209069,3.54,6.28454656,1.65184844,,,5.0181791,4.82541397,,13.69,,4.08185,0.54583221,3.57119198,,4.74,25.043136,0.27927209,,3.8860001,2.68799736,1.611634,0.08354258,,3.99,0.939386,
2013-03-06,8.68665798,1.92772252,4.56666207,,0.32209069,3.8,6.17819289,1.65168322,,,5.15151267,4.82541397,,13.6,,4.01732,0.54444333,3.59058307,,4.752,25.029086,0.27927209,,3.8860001,2.63999741,1.611634,0.08354258,,4.0,0.956012,
2013-03-07,8.70332463,1.97304515,4.57999519,,0.32209069,3.61,6.42957456,1.65184844,,,5.11211905,4.89609875,,13.65,,4.201904,0.55222106,3.6196697,,4.95,25.292513,0.28702964,,3.8860001,2.6519974,1.619165,0.08435525,,4.04,0.947699,
2013-03-10,8.7006573,1.97908817,4.59132891,,0.32209069,3.62,6.37929858,1.65184844,,,5.14848237,4.92437266,,13.6,,4.186897,0.55555441,3.61643785,,4.92,26.342708,0.29866598,,3.8860001,2.69999735,1.754723,0.08403018,,4.08,0.972638,
2013-03-11,8.6999913,2.00628175,4.58666225,,0.32209069,3.66,6.37929858,1.65184844,,,5.11211905,4.99034512,,13.8,,4.201904,0.55583219,3.65198818,,4.938,26.275973,0.30642354,,3.8860001,2.68799736,1.664351,0.08533045,,4.16,0.964325,
2013-03-12,8.7333246,2.01534627,4.58999525,,0.32209069,3.67,6.41410452,1.6435892,,,5.62120911,4.94793425,,13.8,,4.276938,0.55972107,3.66814742,,4.8,26.275973,0.32193866,,3.8860001,2.68799736,1.679413,0.08760593,,4.19,0.964325,
2013-03-13,8.75332458,1.97606666,4.58666225,,0.32209069,3.6,6.40250286,1.63698178,,,5.75757298,4.83955093,,13.65,,4.275437,0.54166555,3.65198818,,4.86,25.489204,0.30254476,,3.8860001,2.67599725,1.641758,0.09134422,,4.11,0.947699,
2013-03-14,8.72332527,1.99117421,4.54732869,,0.32209069,3.56,6.32322089,1.63532996,,,5.45151252,4.81598934,,13.5,,4.239421,0.54249891,3.55503274,,4.818,25.815854,0.29866598,,3.8860001,2.63879741,1.626696,0.09134422,,4.02,0.972638,
2013-03-17,8.72665727,2.04253985,4.53332877,,0.32209069,3.57,6.18592753,1.61484707,,,5.09090633,4.84897557,,13.38,,4.218412,0.54972112,3.58411937,,4.8,25.292513,0.30642354,,3.8860001,2.59199746,1.702006,0.09426983,,4.02,0.980951,
2013-03-18,8.8666578,2.00930326,4.54666189,,0.32209069,3.5,6.1201815,1.61881148,,,5.29999744,4.8065647,,13.25,,4.218412,0.53888778,3.55503274,,4.8,26.149527,0.31030232,,3.8860001,2.5499975,1.634227,0.09248196,,3.94,1.005891,
2013-03-19,8.78332455,2.07577645,4.56666207,,0.32209069,3.55,6.17239158,1.61881148,,,5.27272473,4.8584002,,13.3,,4.201904,0.54138778,3.53564165,,4.8,25.938786,0.30642354,,3.8860001,2.54639738,1.641758,0.09231942,,3.97,1.014204,
2013-03-20,8.78332455,2.00930326,4.53399557,,0.32209069,3.45,6.12791652,1.61864625,,,5.06666392,4.76886615,,13.1,,4.201904,0.52361004,3.42575882,,4.794,25.938786,0.2947872,,3.8860001,2.51999753,1.619165,0.08939381,,3.85,1.005891,
2013-03-21,8.7999912,2.00930326,4.59999537,,0.32209069,3.48,6.0911759,1.61881148,,,5.10605814,4.82541397,,13.17,,4.276938,0.52777669,3.41929513,,4.74,25.938786,0.2947872,,3.8860001,2.54399762,1.619165,0.08939381,,3.98,1.005891,
2013-03-24,8.666658,2.0244108,4.6033289,,0.32209069,3.46,6.0911759,1.61055223,,,5.19696719,4.85368788,,13.26,,4.312954,0.52638783,3.3837448,,4.8,25.938786,0.29866598,,3.8860001,2.57279759,1.619165,0.08906874,,3.92,0.997578,
2013-03-25,8.666658,2.07879796,4.59999537,,0.32209069,3.43,6.10084424,1.58577451,,,5.07575513,4.85368788,,13.14,,4.276938,0.52361004,3.36435371,,4.71,25.938786,0.29090842,,3.8860001,2.57279759,1.611634,0.08858114,,3.9,0.997578,
2013-03-26,8.67065799,2.05462589,4.59799544,,0.32209069,3.37,6.04089953,1.53621905,,,4.99999759,4.75001688,,13.05,,4.203405,0.50611004,3.31264415,,4.686,25.619163,0.28702964,,3.8860001,2.57999747,1.573979,0.08939381,,3.84,1.005891,
2013-03-27,8.7979912,2.05462589,4.56266221,,0.32209069,3.33,6.00415891,1.49773095,,,4.90908884,4.71231833,,13.1,,4.276938,0.4997212,3.34496262,,4.794,25.973909,0.28315087,,3.8860001,2.62799742,1.551386,0.08776846,,3.81,0.997578,
2013-03-28,8.88132445,2.08484097,4.54999542,,0.32209069,3.35,5.95581624,1.58577451,,,4.91514884,4.71231833,,13.5,,4.204905,0.50305455,3.28032567,,4.71,25.394372,0.28315087,,3.8860001,2.69999735,1.551386,0.0884186,,3.81,1.005891,
2013-03-31,8.8666578,2.05462589,4.56332854,,0.32209069,3.28,5.95194922,1.5856093,,,4.88181613,4.64163356,,13.34,,4.204905,0.49999897,3.24800719,,4.668,25.289,0.29866598,,3.8860001,2.64479752,1.521262,0.08776846,,3.77,0.997578,
2013-04-01,8.8666578,2.00628175,4.59532871,,0.32209069,3.18,5.83592662,1.5856093,,,4.85151281,4.59451038,,13.24,,4.204905,0.49249899,3.23184795,,4.8,23.989427,0.28315087,,3.8860001,2.64719728,1.543855,0.08614312,,3.74,0.989264,
2013-04-02,8.85732447,2.01232477,4.5733286,,0.32209069,3.19,5.63675484,1.61055223,,,4.85454311,4.61807197,,13.22,,4.201904,0.49305454,3.16074729,,4.722,24.586528,0.19006017,,3.8860001,2.63999741,1.476076,0.08484285,,3.75,0.980951,
2013-04-03,8.9333244,2.01534627,4.61666202,,0.32102062,3.12,5.49366055,1.60229299,,,4.84848251,4.48141474,,13.3,,4.201904,0.48527675,3.16074729,,4.65,24.586528,0.20557529,,3.8860001,2.57999747,1.445952,0.08370511,,3.7,0.980951,
2013-04-04,8.9313244,1.99419571,4.62999514,,0.3205926,3.1,5.49172684,1.58577451,,,4.69999773,4.57094878,,13.29,,4.201904,0.48611011,3.06056001,,4.62,25.218754,0.19781773,,3.8860001,2.69639723,1.445952,0.08289244,,3.79,0.972638,
2013-04-07,8.91665775,1.99419571,4.63132874,,0.3205926,3.11,5.58454457,1.58577451,,,4.84848251,4.96678352,,13.29,,4.201904,0.47916568,3.18337023,,4.674,24.937764,0.20557529,,3.8860001,2.64119741,1.445952,0.08338004,,3.74,0.972638,
2013-04-08,8.999991,2.00628175,4.61532889,,0.3205926,3.16,5.78178284,1.58577451,,,4.99999759,4.72645529,,13.4,,4.201904,0.5194434,3.18013838,,4.62,24.586528,0.19781773,,3.8860001,2.69519723,1.476076,0.08354258,,3.78,0.997578,
2013-04-09,8.9666577,2.03045382,4.66666197,,0.3205926,3.18,5.79338489,1.61055223,,,4.99696729,4.79242775,,13.56,,4.200403,0.51611005,3.19952947,,4.704,24.235292,0.20169651,,3.8860001,2.69039736,1.491138,0.08565552,,3.84,0.997578,
2013-04-10,8.9333244,2.04253985,4.66666197,,0.3205926,3.3,5.72377164,1.61055223,,,4.99999759,4.83483861,,13.69,,4.051836,0.54166555,3.32233969,,4.704,23.971864,0.19781773,,3.8860001,2.72879732,1.551386,0.08614312,,3.96,0.997578,
2013-04-11,8.9333244,2.22080886,4.67932876,,0.32102062,3.51,5.80111991,1.60245822,,,4.85757372,5.10815307,,13.7,,4.042832,0.5691655,3.3902085,,4.794,25.148505,0.20169651,,3.8860001,2.73479743,1.626696,0.08923127,,4.15,0.989264,
2013-04-14,8.9333244,2.33260468,4.63332867,,0.3205926,3.57,6.03316489,1.60229299,,,5.14242146,5.10815307,,13.85,,4.051836,0.57777656,3.51625057,,4.746,24.6638,0.21721162,,3.8860001,2.73359744,1.649289,0.09036901,,4.24,0.997578,
2013-04-15,8.999991,2.28123904,4.65666185,,0.3205926,3.52,6.05250157,1.60229299,,,4.99999759,4.99976975,,13.71,,4.051836,0.57499885,3.48393209,,4.77,24.6638,0.20169651,,3.8860001,2.71199734,1.649289,0.08923127,,4.2,0.997578,
2013-04-16,8.999991,2.26613149,4.55999554,,0.3205926,3.57,5.99642428,1.60229299,,,4.92424005,5.01861903,,13.75,,4.053337,0.57610993,3.71339329,,4.806,24.6638,0.20557529,,3.8860001,2.75639717,1.641758,0.0874434,,4.22,0.989264,
2013-04-17,8.999991,2.23591641,4.55999554,,0.3205926,3.48,5.94034659,1.60229299,,,4.85151281,4.99034512,,13.8,,4.068344,0.56749883,3.65198818,,4.788,24.937764,0.19781773,,3.8860001,2.69999735,1.604103,0.08630566,,4.15,0.980951,
2013-04-18,9.01465765,2.22383037,4.5679952,,0.3205926,3.48,5.93647956,1.60229299,,,4.84848251,4.96678352,,13.84,,4.068344,0.5658322,3.53240981,,4.8,25.113382,0.19781773,,3.8860001,2.72759732,1.671882,0.08711833,,4.16,0.972638,
2013-04-21,8.88732444,2.24195942,4.6733285,,0.3205926,3.54,5.94808161,1.48682882,,,5.0303006,5.04218062,,13.89,,4.068344,0.56972105,3.55503274,,4.8,24.842931,0.20169651,,3.8860001,2.7263972,1.709537,0.0874434,,4.22,0.972638,
2013-04-22,8.89332377,2.20267981,4.66666197,,0.3205926,3.45,5.94034659,1.4866636,,,4.99090638,4.90081107,,13.85,,4.200403,0.5666655,3.46130915,,4.8,24.586528,0.19781773,,3.8860001,2.73479743,1.664351,0.08663073,,4.14,0.980951,
2013-04-23,8.9333244,2.25102395,4.68266182,,0.3205926,3.48,5.93261196,1.61881148,,,5.15151267,4.92437266,,12.75,,4.201904,0.57972106,3.40313589,,4.878,25.113382,0.19781773,,3.8860001,2.74199731,1.664351,0.08760593,,4.11,0.980951,
2013-04-24,9.2666574,2.1996583,4.59999537,,0.33172131,3.45,5.95581624,1.60245822,,,5.00605819,4.83012629,,12.65,,3.978303,0.56944327,3.32557154,,4.92,24.902641,0.19393895,,3.8860001,2.5499975,1.634227,0.08663073,,4.08,0.989264,
2013-04-28,8.999991,2.20872283,4.62132868,,0.29940523,3.51,5.9712859,1.60245822,,,4.94848246,4.90081107,,12.65,,3.978303,0.57777656,3.39667219,,4.92,23.364225,0.19393895,,3.8860001,2.45039759,1.65682,0.08825607,,4.12,0.980951,
2013-04-29,9.333324,2.23591641,4.59932857,,0.29940523,3.46,5.92874454,1.61881148,,,4.98484638,4.87253716,,12.62,,3.976802,0.57610993,3.39344034,,4.968,23.216706,0.19393895,,3.8860001,2.62799742,1.641758,0.08760593,,4.05,0.989264,
2013-04-30,8.97065769,2.20267981,4.56732887,,0.29940523,3.46,5.92294323,1.58577451,,,4.98484638,4.86311252,,12.71,,3.978303,0.5763877,3.24800719,,4.986,23.44501,0.19006017,,3.8860001,2.51999753,1.649289,0.08728086,,4.01,0.980951,
2013-05-02,8.97065769,2.21476585,4.56666207,,0.29940523,3.49,6.07183883,1.58577451,,,5.05454302,4.85368788,,12.75,,3.978303,0.57222105,3.24477534,,5.4,24.498719,0.19393895,,3.8860001,2.57999747,1.649289,0.08825607,,4.04,0.972638,
2013-05-07,9.2326581,2.269153,4.59199518,,0.29940523,3.54,6.40056858,1.6189767,,,4.99999759,5.01861903,,13.25,,3.978303,0.58888771,3.26416643,,5.4,23.884055,0.19781773,,3.8860001,2.57999747,1.739661,0.08955634,,4.14,0.972638,
2013-05-08,9.1999908,2.46857257,4.59999537,,0.29940523,3.58,6.47791723,1.63532996,,,4.99999759,5.25423494,,13.2,,4.051836,0.59416542,3.28032567,,5.64,24.059674,0.19781773,,3.8860001,2.59199746,1.739661,0.08971887,,4.14,0.972638,
2013-05-09,9.333324,2.49274464,4.59332884,,0.29940523,3.67,6.49725391,1.63532996,,,5.04848241,5.2683719,,13.25,,4.051836,0.60499878,3.25123903,,5.52,24.551405,0.19781773,,3.8860001,2.58599734,1.73213,0.08906874,,4.14,0.980951,
2013-05-12,9.2666574,2.54108878,4.59999537,,0.29940523,3.66,6.55333159,1.63532996,,,5.05151272,5.18355017,,13.5,,4.080349,0.6105543,3.19952947,,5.58,24.551405,0.19781773,,3.8860001,2.57999747,1.717068,0.09101915,,4.14,0.972638,
2013-05-13,9.2666574,2.4776371,4.55732881,,0.29940523,3.59,6.54366325,1.63532996,,,4.99393699,5.08459148,,13.6,,4.10436,0.59360992,3.13489251,,5.574,24.231778,0.19781773,,3.8860001,2.61599731,1.686944,0.08939381,,4.09,0.964325,
2013-05-14,9.02999097,2.46857257,4.53332877,,0.29940523,3.59,6.51465746,1.63532996,,,5.05151272,5.07516685,,13.49,,4.10436,0.62499872,3.18337023,,5.67,23.884055,0.19781773,,3.8860001,2.61599731,1.762254,0.08906874,,4.13,0.964325,
2013-05-15,9.1333242,2.50785219,4.49999547,,0.32915315,3.61,6.66161955,1.63532996,,,5.08181573,5.15998858,,13.65,,4.179394,0.61110986,3.25447088,,5.67,23.884055,0.19781773,,3.8860001,2.65679727,1.814971,0.08988141,,4.18,0.964325,
2013-05-16,9.1333242,2.49274464,4.53399557,,0.32915315,3.61,6.67708882,1.71627053,,,4.95454307,5.11286539,,13.74,,3.834237,0.61110986,3.52917796,,5.64,24.568965,0.19393895,,3.8860001,2.63999741,1.784847,0.08906874,,4.19,0.956012,
2013-05-19,9.2666574,2.51691671,4.53332877,,0.32915315,3.57,6.71769724,1.60229299,,,4.99696729,5.15056394,,13.7,,4.25893,0.61666543,3.14458805,,5.616,23.589019,0.19393895,,3.8860001,2.63999741,1.792378,0.08874367,,4.28,0.906133,
2013-05-20,9.20665812,2.49576615,4.53332877,,0.31031994,3.58,6.74090152,1.63566028,,,4.99999759,5.04218062,,13.76,,4.25893,0.62222094,3.23184795,,5.7,23.708437,0.19393895,,3.8860001,2.60399756,1.777316,0.08776846,,4.27,0.89782,
2013-05-21,9.1999908,2.49274464,4.53199564,,0.31031994,3.47,6.7292989,1.65184844,,,4.96060397,5.03275598,,13.7,,4.141877,0.61805429,3.05732816,,5.79,23.613605,0.19393895,,3.8860001,2.63999741,1.769785,0.08646819,,4.22,0.881194,
2013-05-22,9.1333242,2.52295973,4.53199564,,0.31031994,3.48,6.89366454,1.65184844,,,4.95151276,5.11286539,,13.69,,4.096856,0.62499872,3.06056001,,5.97,23.357201,0.19393895,,3.8860001,2.63999741,1.777316,0.08711833,,4.22,0.881194,
2013-05-23,9.1999908,2.49274464,4.51666212,,0.31031994,3.4,6.76797322,1.69892612,,,4.95151276,5.06102989,,13.61,,4.141877,0.62222094,3.32233969,,5.88,23.884055,0.19006017,,3.8860001,2.67479749,1.747192,0.08695579,,4.19,0.856254,
2013-05-26,9.20465813,2.47461559,4.51066239,,0.31031994,3.3,6.73896724,1.69892612,,,4.81817949,4.99505743,,13.58,,4.051836,0.61388763,2.97006826,,6.09,23.884055,0.19393895,,3.8860001,2.63999741,1.724599,0.08679326,,4.15,0.839628,
2013-05-27,9.20465813,2.45648654,4.52532858,,0.31031994,3.29,6.92266956,1.65184844,,,4.91514884,4.91494802,,13.5,,4.051836,0.61110986,2.94421348,,6.042,23.862982,0.19393895,,3.8860001,2.63999741,1.709537,0.08711833,,4.12,0.831315,
2013-05-28,9.20465813,2.4776371,4.52999524,,0.31031994,3.32,6.97294632,1.65184844,,,4.84242191,4.96678352,,13.6,,4.051836,0.61360985,2.96683642,,6.522,23.862982,0.19393895,,3.8860001,2.63999741,1.709537,0.08711833,,4.23,0.806375,
2013-05-29,9.1999908,2.43533598,4.52599538,,0.31031994,3.2,6.95554296,1.65184844,,,4.77272497,4.85368788,,13.42,,4.051836,0.60305429,2.91512717,,6.51,23.862982,0.19006017,,3.8860001,2.63999741,1.679413,0.08614312,,4.21,0.773123,
2013-05-30,9.1999908,2.43231447,4.66732877,,0.31031994,3.23,7.15664787,1.61402109,,,4.84848251,4.8065647,,13.68,,4.201904,0.61388763,2.9183587,,6.522,23.936742,0.19393895,,3.8860001,2.84399733,1.702006,0.08614312,,4.37,0.773123,
2013-06-02,8.5666581,2.40209938,4.59999537,,0.31031994,3.2,7.1682505,1.65184844,,,4.75757346,4.81127702,,13.55,,4.051836,0.61110986,2.93774978,,6.42,24.059674,0.19006017,,3.8860001,2.71319746,1.686944,0.08679326,,4.32,0.76481,
2013-06-03,8.999991,2.41720693,4.5733286,,0.31031994,3.13,7.17405123,1.69975205,,,4.642422,4.71231833,,13.57,,4.051836,0.61944314,2.88604022,,6.36,23.322078,0.19006017,,3.8860001,2.71199734,1.664351,0.08516792,,4.3,0.748183,
2013-06-04,8.999991,2.29634658,4.56199541,,0.31031994,3.03,6.90333288,1.66027288,,,4.54545235,4.50497633,,13.1,,4.051836,0.60610987,2.82463511,,6.072,23.620628,0.18618139,,3.8860001,2.63999741,1.604103,0.08370511,,4.2,0.731557,
2013-06-05,9.19332347,2.20570132,4.51466219,,0.31031994,2.93,6.75250318,1.60311897,,,4.54545235,4.38245605,,12.82,,4.053337,0.60110985,2.74707075,,6.06,23.304515,0.18230261,,3.8860001,2.63999741,1.566448,0.07752881,,4.1,0.714931,
2013-06-06,9.19332347,2.14527115,4.49999547,,0.31031994,2.78,6.70996222,1.65184844,,,4.54545235,4.36831957,,12.55,,4.224414,0.59722099,2.65011532,,6.0,22.479111,0.17842383,,3.8860001,2.63999741,1.491138,0.07801641,,4.11,0.665052,
2013-06-09,8.73865793,2.0939055,4.52999524,,0.27928794,2.7,6.5842709,1.65184844,,,4.19999797,4.24579882,,12.45,,4.053337,0.59694322,2.61133314,,5.7,21.917134,0.17842383,,3.8860001,2.63519729,1.491138,0.07817895,,4.1,0.648425,
2013-06-10,8.8999911,1.88844291,4.45266225,,0.29961925,2.46,6.20719791,1.65184844,,,4.21211918,3.77456699,,12.08,,4.066843,0.55222106,2.48852292,,5.952,20.72293,0.1667875,,3.8860001,2.56199748,1.378173,0.07151505,,4.06,0.615173,
2013-06-11,8.8999911,1.91261498,4.41666222,,0.29961925,2.5,6.3812319,1.65184844,,,3.71211942,3.81697785,,12.1,,4.051836,0.55555441,2.41419042,,5.82,22.475599,0.16290872,,3.8860001,2.51999753,1.370642,0.07216518,,4.07,0.60686,
2013-06-12,8.667324,1.87333537,4.36666227,,0.29961925,2.41,6.3812319,1.65184844,,,3.60605887,3.66618366,,12.06,,3.901768,0.52444334,2.5208414,,5.58,22.008455,0.15902994,,3.8860001,2.58479758,1.332987,0.06826436,,3.96,0.598547,
2013-06-13,8.7999912,1.80988369,4.19999577,,0.29961925,2.31,6.14918691,1.60229299,,,3.60605887,3.53423875,,11.2,,3.901768,0.5166656,2.33016237,,5.508,22.479111,0.15515116,,3.8860001,2.56799748,1.242615,0.06663902,,3.91,0.58192,
2013-06-16,8.81665785,1.76758256,4.18599585,,0.29961925,2.29,6.15885563,1.65184844,,,3.60605887,3.4447047,,11.25,,3.901768,0.51388783,2.33016237,,5.52,22.479111,0.15127238,,3.8860001,2.51999753,1.242615,0.06647649,,3.9,0.58192,
2013-06-17,8.81665785,1.82499123,4.21666242,,0.29961925,2.38,6.0911759,1.60245822,,,3.81817998,3.50596484,,12.15,,3.901768,0.52777669,2.31723498,,5.676,22.479111,0.15127238,,3.8860001,2.51999753,1.220022,0.07053984,,3.92,0.573607,
2013-06-18,9.05999027,1.84614179,4.21666242,,0.29961925,2.38,6.22846888,1.62707072,,,3.71211942,3.55780034,,12.1,,3.909271,0.53194335,2.33662607,,5.64,20.371694,0.15902994,,3.8860001,2.51999753,1.235084,0.06972717,,4.0,0.565294,
2013-06-19,8.9333244,1.80384067,4.173329,,0.29961925,2.29,6.11051297,1.62707072,,,3.71211942,3.40700616,,11.8,,4.198903,0.53249891,2.31723498,,5.58,20.406817,0.1473936,,3.8860001,2.49599743,1.20496,0.06696409,,3.94,0.58192,
2013-06-20,9.05932427,1.92167951,4.21666242,,0.29961925,2.34,6.00415891,1.61881148,,,3.93333144,3.36930761,,11.51,,4.051836,0.54999884,2.33985791,,5.556,21.773127,0.15127238,,3.8860001,2.49599743,1.189898,0.06907703,,3.97,0.590233,
2013-06-23,9.05999027,1.95793761,4.16666247,,0.29961925,2.35,5.89200392,1.61881148,,,3.99999807,3.30333515,,11.19,,4.051836,0.55499886,2.30753943,,5.574,21.074167,0.15127238,,3.8860001,2.45999758,1.174836,0.06663902,,3.94,0.58192,
2013-06-24,9.05932427,1.94887308,4.19266238,,0.29961925,2.37,5.76244558,1.61881148,,,3.63333158,3.41171847,,11.33,,4.051836,0.54583221,2.32046683,,5.568,22.87952,0.15127238,,3.8860001,2.40359776,1.182367,0.06907703,,3.97,0.573607,
2013-06-25,9.05932427,2.0244108,4.16666247,,0.29961925,2.48,5.66576025,1.61881148,,,3.63333158,3.65204671,,11.68,,4.051836,0.57722106,2.36248085,,5.628,21.601021,0.15515116,,3.8860001,2.39999764,1.220022,0.07265278,,4.04,0.58192,
2013-06-26,8.97999102,1.96398063,4.16666247,,0.29961925,2.52,5.6541582,1.58577451,,,3.54545284,3.43999238,,11.64,,4.051836,0.56805442,2.38187194,,5.622,23.181583,0.15515116,,3.8860001,2.39999764,1.227553,0.07427813,,4.04,0.58192,
2013-06-27,9.1293242,2.0244108,4.19999577,,0.29961925,2.53,5.64448986,1.58577451,,,3.69696791,3.52952643,,11.6,,4.053337,0.58333213,2.40126302,,5.58,23.005965,0.15515116,,3.8860001,2.39999764,1.235084,0.07525333,,4.06,0.590233,
2013-06-30,9.1293242,2.06369041,4.25999585,,0.29961925,2.56,5.89393782,1.58577451,,,3.74242244,3.48240325,,11.6,,4.053337,0.61388763,2.42388596,,5.58,23.005965,0.15515116,,3.8860001,2.51999753,1.227553,0.07541587,,4.05,0.598547,
2013-07-02,9.20465813,2.19059378,4.26266231,,0.29961925,2.75,6.35222591,1.61881148,,,4.08484651,3.76043003,,12.1,,4.053337,0.63055429,2.58871021,,5.928,23.181583,0.16290872,,3.8860001,2.53199751,1.332987,0.08061696,,4.39,0.623486,
2013-07-03,9.20465813,2.16037869,4.24999572,,0.29961925,2.88,6.24587224,1.61881148,,,4.0636344,4.00547058,,11.78,,4.053337,0.61388763,2.61133314,,5.7,23.181583,0.17454505,,3.8860001,2.45999758,1.445952,0.08110456,,4.27,0.623486,
2013-07-04,9.6333237,2.32958318,4.59199518,,0.29961925,3.03,6.75056986,1.71775719,,,4.46969481,4.20338795,,12.81,,4.45852,0.66777643,2.82140326,,6.246,25.499741,0.18230261,,3.8860001,2.62319754,1.513731,0.08679326,,4.63,0.673365,
2013-07-07,9.6333237,2.48368012,4.53332877,,0.29961925,3.33,6.90333288,1.65184844,,,4.46969481,4.47670242,,12.85,,4.351972,0.69444302,2.89250391,,6.54,25.464618,0.19781773,,3.8860001,2.58479758,1.664351,0.08614312,,5.09,0.714931,
2013-07-08,9.6333237,2.25706697,4.40866203,,0.29961925,3.2,6.69062457,1.65184844,,,4.19696767,4.39659301,,12.51,,4.201904,0.6386098,2.78908478,,5.76,24.059674,0.20557529,,3.8860001,2.51999753,1.679413,0.08256737,,4.45,0.656739,
2013-07-09,9.5999904,2.30843261,4.51266226,,0.29961925,3.32,6.80664755,1.65184844,,,4.40908878,4.62278429,,12.99,,4.201904,0.66388752,2.84079435,,5.79,24.059674,0.20169651,,3.8860001,2.45999758,1.777316,0.08614312,,4.59,0.631799,
2013-07-10,9.7999902,2.34469072,4.5059952,,0.31031994,3.42,6.75830488,1.65184844,,,4.40908878,4.75001688,,13.01,,4.427006,0.6516653,2.92482239,,5.964,25.956349,0.21333284,,3.8860001,2.46599746,1.912874,0.08939381,,4.79,0.640112,
2013-07-11,9.5999904,2.28426055,4.49266208,,0.31031994,3.52,6.76797322,1.61881148,,,4.14545255,4.71231833,,13.1,,4.276938,0.64972086,2.90866315,,5.76,24.790245,0.20169651,,3.8860001,2.40359776,2.010777,0.08695579,,4.8,0.631799,
2013-07-14,9.36932329,2.27519602,4.52599538,,0.31031994,3.33,6.70996222,1.61864625,,,3.96363445,4.68875674,,13.5,,4.203405,0.64166535,3.00561859,,5.838,24.790245,0.20169651,,3.8860001,2.42879762,1.860157,0.08565552,,4.69,0.623486,
2013-07-15,9.36932329,2.23591641,4.49999547,,0.31031994,3.25,6.71769724,1.61881148,,,3.94545264,4.54738719,,13.65,,4.276938,0.63805422,2.81817141,,6.0,24.790245,0.20169651,,3.8860001,2.40599752,1.822502,0.08370511,,4.73,0.615173,
2013-07-16,9.99999,2.25102395,4.49999547,,0.31031994,3.31,6.69062457,1.61881148,,,4.13333134,4.66519515,,13.92,,4.276938,0.65277644,2.88280837,,6.048,23.884055,0.21721162,,3.8860001,2.39999764,1.875219,0.08533045,,4.81,0.623486,
2013-07-17,9.99999,2.25706697,4.52666224,,0.31031994,3.35,6.67128789,1.60229299,,,4.07575561,4.78300311,,13.94,,4.291945,0.63888758,2.89896761,,6.09,23.884055,0.20557529,,3.8860001,2.4479976,1.912874,0.08565552,,4.84,0.623486,
2013-07-18,9.666657,2.19059378,4.52332865,,0.31031994,3.24,6.63261356,1.60229299,,,4.0606041,4.66048283,,13.5,,4.351972,0.63694314,2.85048989,,6.12,23.971864,0.20169651,,3.8860001,2.39999764,1.88275,0.08419271,,4.81,0.623486,
2013-07-21,9.36932329,2.23591641,4.53332877,,0.31031994,3.33,6.74283484,1.61055223,,,4.0606041,4.83012629,,13.6,,4.314455,0.63888758,2.95067718,,6.24,23.912155,0.20945406,,3.8860001,2.40239764,1.88275,0.08565552,,4.92,0.615173,
2013-07-22,9.7999902,2.26008848,4.5366623,,0.31031994,3.35,6.83565257,1.61881148,,,4.36969486,5.01861903,,13.6,,4.315956,0.63888758,3.00561859,,6.21,23.912155,0.2210904,,3.8860001,2.40719752,1.890281,0.08516792,,4.95,0.623486,
2013-07-24,9.7999902,2.33260468,4.53332877,,0.31031994,3.31,6.85305612,1.61881148,,,4.0606041,4.94793425,,13.51,,4.276938,0.61972092,2.98945935,,6.018,23.912155,0.21333284,,3.8860001,2.36519756,1.852626,0.08338004,,4.86,0.60686,
2013-07-25,9.7993242,2.25404546,4.53332877,,0.31031994,3.25,6.73896724,1.61055223,,,4.30302823,4.73587993,,13.42,,4.209407,0.61249871,2.90866315,,5.97,23.912155,0.20945406,,3.8860001,2.39999764,1.822502,0.08321751,,4.85,0.615173,
2013-07-28,9.7979902,2.26008848,4.56599527,,0.31031994,3.49,6.81631589,1.61055223,,,4.19696767,4.80185238,,13.5,,4.204905,0.61166541,3.15751577,,5.922,23.912155,0.21333284,,3.8860001,2.39399777,1.845095,0.08321751,,4.88,0.615173,
2013-07-29,9.75332358,2.24498093,4.53332877,,0.31031994,3.48,6.75637079,1.60229299,,,4.17575556,4.71231833,,13.58,,4.276938,0.61138763,2.92482239,,5.922,23.912155,0.22884796,,3.8860001,2.38799766,1.837564,0.08289244,,4.81,0.615173,
2013-07-30,9.7333236,2.2328949,4.56666207,,0.31031994,3.44,6.75830488,1.60229299,,,4.36969486,4.66519515,,13.65,,4.213909,0.61110986,2.89250391,,5.88,23.912155,0.21333284,,3.8860001,2.38799766,1.822502,0.0822423,,4.79,0.623486,
2013-07-31,9.667323,2.23893792,4.63332867,,0.31031994,3.38,6.86079114,1.60229299,,,4.17575556,4.73587993,,13.5,,4.351972,0.61138763,2.90866315,,5.994,24.586528,0.21721162,,3.8860001,2.38199766,1.799909,0.08289244,,4.81,0.623486,
2013-08-01,9.66332367,2.27821753,4.65932858,,0.31031994,3.36,7.10443856,1.60229299,,,4.29999793,4.7028937,,13.5,,4.203405,0.6361098,2.85048989,,5.898,24.586528,0.21333284,,3.8860001,2.39999764,1.799909,0.08305497,,4.8,0.615173,
2013-08-04,9.7666569,2.29936809,4.76666187,,0.31031994,3.41,7.34228429,1.60146701,,,4.23636159,4.83012629,,14.17,,4.203405,0.64249865,2.94744533,,6.168,24.561941,0.22496918,,3.8860001,2.44559748,1.965591,0.08386764,,4.97,0.623486,
2013-08-05,9.99265667,2.39907787,4.83332847,,0.29469693,3.44,7.54145588,1.60229299,,,4.36060396,4.85368788,,14.1,,4.203405,0.64722086,2.97976381,,6.3,24.586528,0.23272674,,3.8860001,2.46239758,1.912874,0.08500538,,5.02,0.631799,
2013-08-06,9.7993242,2.41720693,4.86666177,,0.29469693,3.46,7.42349958,1.60229299,,,4.46666451,4.82541397,,14.0,,4.351972,0.65277644,3.17044284,,6.3,24.568965,0.23272674,,3.8860001,2.48999756,1.890281,0.08565552,,5.03,0.631799,
2013-08-07,9.7979902,2.40512089,4.86732857,,0.29469693,3.47,7.49311321,1.60229299,,,4.42424029,5.01390671,,13.94,,4.425505,0.65694309,3.00561859,,6.252,24.586528,0.22884796,,3.8860001,2.50919754,1.88275,0.08533045,,5.01,0.631799,
2013-08-12,9.73665693,2.34469072,4.85999524,,0.29469693,3.38,7.55112422,1.61055223,,,4.26060401,4.89609875,,14.0,,4.306952,0.6666653,2.93451794,,6.234,25.640236,0.22884796,,3.8860001,2.49839755,1.837564,0.08451778,,5.2,0.631799,
2013-08-13,9.666657,2.36584128,4.86666177,,0.29469693,3.43,7.54145588,1.60229299,,,4.2484828,4.99034512,,14.0,,4.351972,0.66694307,2.96683642,,6.24,23.585505,0.22884796,,3.8860001,2.59799745,1.860157,0.08614312,,5.24,0.631799,
2013-08-14,9.666657,2.32656167,4.74666169,,0.29469693,3.36,7.3770912,1.58775678,,,4.2484828,4.89609875,,13.8,,4.351972,0.66360972,2.91512717,,6.27,23.585505,0.22496918,,3.8860001,2.50799754,1.837564,0.08516792,,5.2,0.623486,
2013-08-18,9.7979902,2.24498093,4.69999527,,0.29469693,3.23,6.99034987,1.55273754,,,4.23333129,4.61807197,,13.15,,4.351972,0.63110979,2.81170771,,6.006,24.3793,0.21721162,,3.8860001,2.51999753,1.784847,0.08289244,,4.97,0.60686,
2013-08-19,9.65732367,2.24498093,4.69999527,,0.29469693,3.23,6.96134389,1.57751526,,,4.23333129,4.6274966,,12.98,,4.321958,0.63888758,2.7567663,,6.0,24.586528,0.21721162,,3.8860001,2.60039745,1.777316,0.08240484,,4.93,0.60686,
2013-08-20,9.65732367,2.29634658,4.75932848,,0.29469693,3.28,7.00195153,1.52069165,,,4.19696767,4.7028937,,13.01,,4.351972,0.64055421,2.81170771,,6.06,23.539843,0.2210904,,3.8860001,2.61479755,1.845095,0.08354258,,5.0,0.615173,
2013-08-21,9.7666569,2.29936809,4.73332857,,0.29469693,3.25,7.02515659,1.56925602,,,4.2424222,4.8065647,,13.0,,4.351972,0.64583201,2.77292554,,6.0,23.884055,0.2210904,,3.8860001,2.60399756,1.822502,0.08289244,,5.0,0.60686,
2013-08-22,9.666657,2.3386477,4.79666164,,0.29469693,3.3,7.03095752,1.56925602,,,4.34848275,4.79714006,,12.87,,4.351972,0.65972087,2.76969369,,6.0,25.640236,0.22496918,,3.8860001,2.64119741,1.837564,0.08500538,,5.03,0.615173,
2013-08-25,9.99999,2.33562619,4.8033287,,0.29469693,3.32,7.12957617,1.53126346,,,4.34848275,4.84426325,,13.0,,4.351972,0.66610974,2.79878032,,6.0,24.586528,0.22884796,,3.8860001,2.66999738,1.852626,0.08549299,,5.11,0.615173,
2013-08-26,9.8999901,2.32656167,4.79932837,,0.29469693,3.3,7.11604022,1.56925602,,,4.39090697,4.9856328,,12.83,,4.351972,0.65555421,2.78262108,,6.006,25.640236,0.22884796,,3.8860001,2.66279751,1.830033,0.08516792,,5.1,0.623486,
2013-08-27,9.7646569,2.29332507,4.76666187,,0.29469693,3.23,7.05802922,1.56925602,,,4.15454345,4.97620816,,12.69,,4.351972,0.63888758,2.72121597,,5.922,25.640236,0.22496918,,3.8860001,2.6735975,1.792378,0.08386764,,5.0,0.60686,
2013-08-28,9.7646569,2.22383037,4.79799524,,0.29469693,3.07,6.95167555,1.55273754,,,4.09999802,4.73587993,,12.33,,4.201904,0.62499872,2.61779684,,5.88,24.586528,0.21721162,,3.8860001,2.66999738,1.739661,0.08240484,,4.9,0.58192,
2013-08-29,9.9666567,2.23591641,4.73332857,,0.29469693,3.08,6.84532187,1.55273754,,,4.09999802,4.82070166,,12.56,,4.321958,0.63694314,2.63718792,,5.94,24.41091,0.21721162,,3.8860001,2.73599719,1.837564,0.0827299,,4.95,0.590233,
2013-09-01,9.9666567,2.26613149,4.73332857,,0.32401682,3.15,6.95167555,1.55273754,,,4.09999802,4.92437266,,12.66,,4.321958,0.635832,2.66304271,,5.85,24.41091,0.2210904,,3.8860001,2.65559727,1.754723,0.08451778,,5.07,0.598547,
2013-09-02,9.99199001,2.23591641,4.66666197,,0.33172131,3.05,6.86465855,1.55273754,,,4.09393742,4.91966034,,12.58,,4.323459,0.609721,2.60810129,,5.856,24.41091,0.21721162,,3.8860001,2.70119735,1.724599,0.08484285,,4.9,0.590233,
2013-09-03,9.99999,2.18757227,4.6733285,,0.33172131,3.06,6.83565257,1.56099678,,,4.22727069,4.90081107,,12.45,,4.321958,0.62333208,2.58547836,,5.91,24.41091,0.21721162,,3.8860001,2.87999717,1.694475,0.08451778,,4.87,0.590233,
2013-09-04,9.99999,2.21778736,4.6726617,,0.33172131,2.98,6.81631589,1.56099678,,,4.22727069,4.8065647,,12.49,,4.321958,0.61110986,2.54669618,,6.0,24.937764,0.21721162,,3.8860001,2.88119717,1.671882,0.08289244,,4.82,0.590233,
2013-09-05,9.98332335,2.21778736,4.6693287,,0.33172131,3.0,6.84145427,1.56099678,,,4.09090712,4.9690264,,12.45,,4.321958,0.59860985,2.54023249,,5.892,24.797269,0.21721162,,3.8860001,2.93999711,1.65682,0.08256737,,4.76,0.590233,
2013-09-08,9.98332335,2.269153,4.69266188,,0.33172131,2.95,6.82791832,1.55273754,,,4.26363431,4.84161546,,12.38,,4.321958,0.60833208,2.54346433,,5.778,24.238805,0.21721162,,3.8860001,2.87999717,1.634227,0.08256737,,4.73,0.58192,
2013-09-09,9.90599009,2.25706697,4.66666197,,0.33172131,3.07,7.01935489,1.55273754,,,3.97272536,4.86200121,,12.5,,4.321958,0.60833208,2.56608727,,5.808,25.289,0.2210904,,3.8860001,2.98559695,1.664351,0.08240484,,4.81,0.590233,
2013-09-10,10.8959891,2.3023896,4.74332869,,0.33172131,3.26,7.17018459,1.56925602,,,4.36969486,5.04547296,,12.8,,4.463022,0.62416536,2.70828858,,6.006,25.123919,0.22496918,,3.8860001,3.07799698,1.747192,0.08646819,,5.02,0.60686,
2013-09-11,10.7333226,2.36281977,4.7733284,,0.33172131,3.24,7.17018459,1.56925602,,,4.48484632,5.07605158,,13.55,,4.323459,0.62305428,2.7567663,,6.0,25.123919,0.22884796,,3.8860001,3.08999697,1.747192,0.08939381,,4.99,0.640112,
2013-09-12,10.61665605,2.35979826,4.76599507,,0.33172131,3.33,7.24173154,1.56909081,,,4.2424222,4.9690264,,12.96,,4.50204,0.63305428,2.80847587,,6.084,25.289,0.22884796,,3.8860001,3.14999691,1.739661,0.09264449,,5.04,0.648425,
2013-09-15,10.55332278,2.41720693,4.79999517,,0.33172131,3.38,7.24173154,1.56909081,,,4.37575547,5.3512592,,12.94,,4.454018,0.63472092,2.82140326,,6.012,24.937764,0.2404843,,3.8860001,3.11999694,1.769785,0.09264449,,5.01,0.673365,
2013-09-16,10.54998945,2.39907787,4.79666164,,0.33172131,3.28,7.28233919,1.56925602,,,4.2424222,5.45318794,,13.05,,4.454018,0.63166537,2.85048989,,5.994,24.927227,0.2404843,,3.8860001,3.17999688,1.784847,0.0941073,,5.03,0.673365,
2013-09-17,10.52998947,2.39303486,4.78666205,,0.33172131,3.25,7.32681425,1.56925602,,,4.45454331,5.66214187,,13.24,,4.454018,0.62916537,2.82786695,,6.0,24.927227,0.23660552,,3.8860001,3.19199687,1.769785,0.09524504,,5.0,0.665052,
2013-09-18,10.3999896,2.35677675,4.76599507,,0.33172131,3.22,7.35582023,1.56099678,,,4.31817974,5.77935993,,13.24,,4.454018,0.62499872,2.81170771,,6.0,24.586528,0.23660552,,3.8860001,3.20879685,1.762254,0.09183182,,4.98,0.656739,
2013-09-19,10.333323,2.35073374,4.78666205,,0.33172131,3.19,7.29007421,1.56925602,,,4.19393737,5.75897418,,13.3,,4.454018,0.62499872,2.81493956,,6.006,25.640236,0.24436308,,3.8860001,3.23999682,1.905343,0.09345716,,4.95,0.706617,
2013-09-22,10.5333228,2.38397033,4.99866183,,0.33172131,3.2,7.34808521,1.56925602,,,4.42120999,5.93225305,,13.34,,4.454018,0.62499872,2.87311282,,6.0,25.433008,0.23660552,,3.8860001,3.29879676,1.814971,0.09329463,,4.99,0.714931,
2013-09-23,10.666656,2.38397033,4.96466174,,0.33172131,3.34,7.36548857,1.58577451,,,4.4363615,6.16668917,,13.6,,4.45702,0.63555422,2.89896761,,6.0,24.604091,0.2404843,,3.8860001,3.29999676,1.837564,0.09264449,,5.1,0.706617,
2013-09-24,10.47332352,2.38699184,4.95999514,,0.33172131,3.35,7.44283723,1.56925602,,,4.47878572,6.4164146,,13.69,,4.329462,0.64722086,2.90866315,,6.0,24.270414,0.2404843,,3.8860001,3.29999676,1.830033,0.09296956,,5.24,0.714931,
2013-09-25,10.4666562,2.35677675,4.98332832,,0.33172131,3.31,7.43510221,1.55273754,,,4.49696753,6.37054666,,13.91,,4.330963,0.63749872,2.93774978,,6.0,25.640236,0.23660552,,3.8860001,3.3599967,1.814971,0.09215689,,5.16,0.706617,
2013-09-26,10.5993234,2.3718843,4.98066159,,0.33172131,3.34,7.40609622,1.55273754,,,4.84848251,6.28900366,,13.85,,4.332463,0.64166535,3.18013838,,6.12,25.640236,0.23660552,,3.8860001,3.41999664,1.852626,0.09426983,,5.16,0.723244,
2013-09-29,10.666656,2.34166921,4.99332844,,0.33172131,3.35,7.42156626,1.56925602,,,4.61817959,6.16668917,,13.91,,4.455519,0.63416536,2.96360457,,6.228,25.56999,0.23660552,,3.8860001,3.43199663,1.860157,0.09426983,,5.15,0.731557,
2013-09-30,10.666656,2.32051865,4.92666184,,0.33172131,3.25,7.39642788,1.56925602,,,4.60908869,6.09533905,,13.65,,4.452518,0.63305428,3.20340928,,6.126,25.250364,0.23272674,,3.8860001,3.45599649,1.814971,0.09264449,,5.04,0.731557,
2013-10-01,10.666656,2.33562619,4.93332837,,0.33172131,3.28,7.49311321,1.57751526,,,4.69696743,6.16668917,,13.68,,4.351972,0.63055429,2.92417748,,6.12,24.235292,0.23660552,,3.8860001,3.47999658,1.80744,0.09345716,,5.05,0.731557,
2013-10-02,10.666656,2.34166921,4.6679951,,0.33172131,3.27,7.50278155,1.60229299,,,4.93939125,6.13611054,,13.7,,4.351972,0.62777649,2.9086646,,6.18,24.586528,0.23272674,,3.8860001,3.45599649,1.792378,0.09703291,,5.05,0.731557,
2013-10-03,10.79865587,2.34771223,4.46666217,,0.33172131,3.3,7.54145588,1.63532996,,,4.84848251,6.12591767,,13.75,,4.276938,0.6386098,2.89702995,,6.414,24.586528,0.23660552,,3.8860001,3.53999652,1.822502,0.09817065,,5.15,0.731557,
2013-10-07,10.668656,2.37792731,4.46666217,,0.33172131,3.43,7.54145588,1.65184844,,,4.93939125,6.10553192,,13.8,,4.454018,0.64388757,2.9086646,,6.588,24.586528,0.23660552,,3.8860001,3.53999652,1.837564,0.1007712,,5.18,0.731557,
2013-10-08,10.8999891,2.46857257,4.46666217,,0.33386145,3.41,7.54145588,1.65184844,,,4.87878553,6.04947111,,13.72,,4.278439,0.64722086,2.87376063,,7.02,24.09831,0.23272674,,3.8860001,3.59999647,1.80744,0.09914586,,5.16,0.731557,
2013-10-09,10.8993231,2.49878796,4.45932878,,0.33172131,3.38,7.57046186,1.68488541,,,5.13030056,6.10553192,,13.78,,4.279939,0.68083193,2.88151707,,7.2,23.884055,0.23660552,,3.8860001,3.71999635,1.822502,0.09752052,,5.26,0.748183,
2013-10-10,10.999323,2.4776371,4.44532886,,0.33172131,3.42,7.73095913,1.79225557,,,5.11514875,6.19726779,,13.93,,4.427006,0.7080541,2.97459433,,7.32,24.235292,0.24824185,,3.8860001,3.7679963,1.845095,0.09898332,,5.51,0.781436,
2013-10-13,11.0666556,2.48670163,4.44532886,,0.33172131,3.45,7.80250589,1.78217928,,,5.11817905,6.24313573,,13.9,,4.422504,0.71388745,3.04440229,,7.236,24.895614,0.25212063,,3.8860001,3.71999635,1.837564,0.09979599,,5.56,0.789749,
2013-10-20,11.9326554,2.50785219,4.44666199,,0.33172131,3.5,7.8373128,1.84808804,,,5.11514875,6.52343978,,13.9,,4.422504,0.72138738,3.05603694,,7.2,24.586528,0.26763575,,3.8860001,3.71999635,1.852626,0.10109627,,5.55,0.798062,
2013-10-21,11.333988,2.50180917,4.44132906,,0.33172131,3.56,7.99781084,1.78399632,,,4.96666397,6.59988634,,14.0,,4.54556,0.70138745,3.30812121,,7.5,24.586528,0.26375697,,3.8860001,3.71999635,1.927936,0.09979599,,5.5,0.806375,
2013-10-22,10.33665633,2.50180917,4.43332887,,0.33172131,3.65,8.06549018,1.76747784,,,4.93636156,6.7171044,,14.99,,4.487033,0.7080541,3.0870627,,7.734,24.495206,0.28315087,,3.8860001,3.66119641,1.988184,0.1007712,,5.7,0.814688,
2013-10-23,10.333323,2.49576615,4.4019955,,0.33172131,3.62,7.99587655,1.75508897,,,4.90908884,6.58459703,,14.4,,4.50204,0.69999859,3.13360133,,7.92,24.217729,0.26375697,,3.8860001,3.65999641,1.988184,0.10223401,,5.61,0.806375,
2013-10-24,10.5333228,2.50483068,4.38332892,,0.33172131,3.57,8.06355686,1.71792238,,,4.93030065,6.44699322,,14.13,,4.487033,0.69444302,3.14135777,,7.914,24.744583,0.28315087,,3.8860001,3.65879641,2.040901,0.10174641,,5.57,0.798062,
2013-10-27,10.5333228,2.50483068,4.38332892,,0.33172131,3.68,8.15637459,1.70900241,,,4.87878553,6.47757184,,14.09,,4.359475,0.69444302,3.18013997,,7.662,24.586528,0.27539331,,3.8860001,3.59999647,2.086087,0.10402188,,5.6,0.798062,
2013-10-28,10.4333229,2.46857257,4.33332897,,0.33172131,3.58,8.16991053,1.7014039,,,4.80605829,6.26861791,,13.85,,4.315956,0.66638752,3.15687065,,7.542,23.954302,0.26375697,,3.8860001,3.59999647,2.025839,0.10190894,,5.51,0.76481,
2013-10-29,10.08665658,2.43231447,4.29799574,,0.33172131,3.54,8.11770045,1.7014039,,,4.78787648,6.30429298,,13.65,,4.315956,0.66194308,3.1103324,,7.554,24.586528,0.26763575,,3.8860001,3.52799654,2.01600464,0.09995853,,5.45,0.789749,
2013-10-30,10.4333229,2.44742201,4.31999585,,0.33172131,3.58,8.17957887,1.7014039,,,5.23939172,6.30429298,,13.76,,4.351972,0.66638752,3.17238353,,7.92,24.547891,0.26763575,,3.8860001,3.59999647,2.02391055,0.1007712,,5.52,0.789749,
2013-10-31,10.1999898,2.48972313,4.26666237,,0.35290867,3.52,8.35748027,1.7014039,,,5.72120906,6.43680035,,13.8,,4.50204,0.660832,3.16850531,,7.65,24.937764,0.26763575,,3.8860001,3.59999647,2.00019284,0.09995853,,5.6,0.781436,
2013-11-03,10.2999897,2.47159408,4.29666214,,0.31267409,3.52,8.35361286,1.7014039,,,5.72726997,6.49795759,,13.72,,4.500539,0.68194302,3.12972311,,7.692,24.611114,0.28315087,,3.8860001,3.59999647,1.97647514,0.1007712,,5.6,0.773123,
2013-11-04,10.332657,2.67705667,4.24999572,,0.31267409,3.6,8.31493853,1.68488541,,,5.48787644,6.75277946,,13.79,,4.500539,0.71194295,3.16074887,,7.668,24.611114,0.27151453,,3.8860001,3.59999647,2.00019284,0.10142134,,5.62,0.789749,
2013-11-06,11.34532132,2.87949775,4.26599584,,0.31267409,3.67,8.60886194,1.61864625,,,5.62727001,6.93115477,,14.04,,4.50204,0.71333187,3.2654608,,8.1,24.611114,0.27927209,,3.8860001,3.71999635,2.03181645,0.10385935,,5.75,0.798062,
2013-11-07,10.54732345,2.74957288,4.29732894,,0.31267409,3.68,8.66493962,1.62459291,,,5.6060579,6.84451533,,14.07,,4.50204,0.70833188,3.28485189,,8.1,25.552427,0.27927209,,3.8860001,3.72119635,2.07925185,0.10369682,,5.84,0.798062,
2013-11-10,10.3973236,2.70425025,4.26666237,,0.31267409,3.64,8.67847557,1.61055223,,,5.45454282,6.69671865,,14.0,,4.50204,0.69444302,3.24994792,,7.98,24.646237,0.27539331,,3.8860001,3.73199634,2.03181645,0.10239654,,5.72,0.789749,
2013-11-11,10.3646563,2.67705667,4.25866245,,0.31267409,3.58,8.79256426,1.61055223,,,5.33333076,6.5947899,,13.96,,4.427006,0.69166525,3.21892216,,7.74,24.646237,0.27151453,,3.8860001,3.74399644,2.00809874,0.10207147,,5.7,0.781436,
2013-11-12,10.09332257,2.69216421,4.26666237,,0.31267409,3.62,8.79836519,1.60989148,,,5.30302775,6.65594715,,14.0,,4.374482,0.69583188,3.23443504,,7.8,24.646237,0.27151453,,3.8860001,3.71999635,2.02391055,0.10434695,,5.76,0.789749,
2013-11-13,10.09332257,2.60454046,4.26666237,,0.34349205,3.55,8.67267387,1.60989148,,,5.4030277,6.49795759,,13.85,,4.427006,0.69722079,3.18789641,,7.74,24.646237,0.26763575,,3.8860001,3.71999635,1.98438104,0.10304668,,5.59,0.773123,
2013-11-14,10.31399035,2.62266952,4.24999572,,0.37559411,3.54,8.65913812,1.60245822,,,5.43939162,6.51834334,,13.88,,4.371481,0.70555411,3.20340928,,7.578,25.640236,0.27151453,,3.8860001,3.71879635,1.98438104,0.10337175,,5.6,0.76481,
2013-11-17,10.08332325,2.69518572,4.26599584,,0.38522475,3.53,8.66300553,1.59419897,,,5.45454282,6.51834334,,13.83,,4.50204,0.70249858,3.21504394,,7.506,25.475155,0.27539331,,3.8860001,3.71879635,1.98438104,0.10158387,,5.64,0.76481,
2013-11-18,10.3999896,2.6861212,4.25999585,,0.38522475,3.56,8.70167986,1.60642262,,,5.90908806,6.58969347,,13.9,,4.415001,0.71388745,3.25770436,,7.56,26.16709,0.27927209,,3.8860001,3.71999635,1.99228694,0.10320921,,5.69,0.76481,
2013-11-19,10.333323,2.67101365,4.2399956,,0.37452406,3.61,8.74035418,1.60229299,,,6.20908791,6.58459703,,13.85,,4.50204,0.71499853,3.33139053,,7.512,25.636723,0.28702964,,3.8860001,3.72599622,2.13459315,0.10239654,,5.9,0.773123,
2013-11-20,10.4666562,2.68007818,4.23332907,,0.38522475,3.72,8.84477454,1.63466921,,,6.11211826,6.6763329,,13.95,,4.539557,0.73166516,3.39732026,,7.704,25.289,0.29090842,,3.8860001,3.71999635,2.18202856,0.1064599,,6.08,0.773123,
2013-11-21,10.5626561,2.62871253,4.24999572,,0.3642514,3.75,8.79449778,1.64937063,,,5.84848173,6.54892197,,13.8,,4.443514,0.73277624,3.43998067,,7.554,25.633212,0.28702964,,3.8860001,3.71999635,2.15831086,0.10889791,,5.99,0.773123,
2013-11-24,10.6333227,2.68309969,4.28332902,,0.35890106,3.75,8.77322681,1.63532996,,,5.90908806,6.49795759,,13.76,,4.50204,0.71805408,3.41283314,,7.5,25.289,0.28702964,,3.8860001,3.71999635,2.14249905,0.1064599,,5.95,0.781436,
2013-11-25,10.3999896,2.67101365,4.23332907,,0.35590484,3.69,8.96853157,1.63532996,,,5.47878524,6.48776472,,13.75,,4.503541,0.69444302,3.38180738,,7.476,24.797269,0.28702964,,3.8860001,3.65999641,2.15831086,0.10564723,,5.85,0.76481,
2013-11-26,10.5999894,2.56526085,4.16732901,,0.3409239,3.62,8.77322681,1.63202631,,,5.45757313,6.36545022,,13.54,,4.503541,0.68388751,3.25770436,,7.5,25.289,0.27927209,,3.8860001,3.65999641,2.06344005,0.10402188,,5.67,0.773123,
2013-11-27,10.66532267,2.5833899,4.13399571,,0.36382337,3.62,8.58372356,1.58990414,,,5.54242187,6.37054666,,13.55,,4.503541,0.68055416,3.27709545,,7.5,24.453059,0.27927209,,3.8860001,3.60119646,2.05553415,0.10402188,,5.72,0.756496,
2013-11-28,10.666656,2.54411029,4.13332917,,0.35183862,3.57,8.45996653,1.62872254,,,5.51514916,6.31958229,,13.74,,4.50204,0.6666653,3.25770436,,7.5,24.235292,0.27539331,,3.8860001,3.62639632,2.00809874,0.10337175,,5.65,0.756496,
2013-12-01,10.9326564,2.57130387,4.18666239,,0.36596351,3.59,8.50830919,1.61748996,,,5.69393695,6.39602885,,13.8,,4.50204,0.66610974,3.27321723,,7.596,24.235292,0.27539331,,3.8860001,3.51839655,2.08715775,0.10434695,,5.7,0.756496,
2013-12-02,10.666656,2.55921783,4.14999582,,0.36917372,3.8,8.59532619,1.62707072,,,5.36363408,6.37054666,,13.61,,4.50204,0.65305421,3.29648655,,7.608,25.815854,0.27927209,,3.8860001,3.54239652,2.24527576,0.10727257,,5.75,0.76481,
2013-12-03,10.666656,2.5138952,4.13332917,,0.35312269,3.54,8.67654148,1.75095935,,,5.45454282,6.24313573,,13.6,,4.50204,0.660832,3.23055682,,7.614,24.235292,0.27539331,,3.8860001,3.71999635,2.07134595,0.10564723,,5.65,0.748183,
2013-12-04,10.666656,2.50180917,4.14999582,,0.36810367,3.53,8.69201152,1.69661354,,,5.51514916,6.44699322,,13.54,,4.54706,0.65666529,3.2266786,,7.674,23.567942,0.27539331,,3.8860001,3.71039636,2.05553415,0.10515962,,5.68,0.748183,
2013-12-05,10.667322,2.52295973,4.13332917,,0.39335725,3.52,8.94822286,1.69661354,,,5.48484584,6.42151103,,13.55,,4.652108,0.66944307,3.27709545,,7.908,23.536332,0.27927209,,3.8860001,3.89999617,2.04762825,0.1069475,,5.77,0.748183,
2013-12-08,10.66998933,2.59849745,4.15999595,,0.40662612,3.55,9.55734043,1.69248392,,,5.45454282,6.44699322,,13.7,,4.988261,0.67499859,3.31587765,,8.034,24.41091,0.27927209,,3.8860001,3.89999617,2.07925185,0.10564723,,5.9,0.773123,
2013-12-09,10.666656,2.56828236,4.15599582,,0.40662612,3.5,9.426815,1.68323356,,,5.45454282,6.39093241,,13.7,,4.65661,0.6666653,3.33526875,,7.944,22.868983,0.27927209,,3.8860001,3.93599602,2.03972235,0.10434695,,5.91,0.781436,
2013-12-10,10.666656,2.53806727,4.13399571,,0.38094445,3.44,9.35430104,1.7014039,,,5.45454282,6.3756431,,13.65,,4.802176,0.68055416,3.27321723,,8.094,23.318565,0.27539331,,3.8860001,3.96239611,2.01600464,0.10629736,,5.87,0.773123,
2013-12-11,10.7999892,2.55317482,4.13332917,,0.36489342,3.47,9.31949463,1.68571134,,,5.46969403,6.31958229,,13.67,,5.282394,0.68055416,3.26933901,,8.4,22.81981,0.27539331,,3.8860001,4.13999594,2.00809874,0.1069475,,5.94,0.773123,
2013-12-12,10.66932199,2.6166265,4.14666256,,0.37024376,3.53,9.40360996,1.73477124,,,5.69393695,6.37054666,,13.83,,5.25238,0.69583188,3.36241628,,8.388,22.802248,0.28315087,,3.8860001,4.16999591,2.07134595,0.11052325,,6.06,0.781436,
2013-12-15,10.68332265,2.62569102,4.16532914,,0.37238392,3.57,9.49932897,1.73262382,,,5.56969398,6.42151103,,13.86,,5.177346,0.70416522,3.41283314,,8.64,22.528284,0.29090842,,3.8860001,4.15079592,2.09506365,0.11377394,,6.15,0.781436,
2013-12-16,10.6999893,2.58943292,4.22532915,,0.36510743,3.53,9.41811362,1.89946052,,,5.4090883,6.24823217,,13.75,,5.102312,0.69444302,3.3856856,,8.274,22.479111,0.29090842,,3.8860001,4.08239599,2.07134595,0.11068579,,6.16,0.773123,
2013-12-17,10.7333226,2.61058348,4.18532905,,0.36596351,3.57,9.41811362,1.76747784,,,5.69090665,6.31958229,,13.7,,5.327414,0.70138745,3.41671135,,8.634,22.479111,0.29866598,,3.8860001,4.08239599,2.11087545,0.11296126,,6.24,0.781436,
2013-12-18,10.7006553,2.61058348,4.17866246,,0.36938773,3.64,9.59214684,1.76764301,,,5.71817936,6.30429298,,13.69,,5.327414,0.70083189,3.42446779,,8.688,22.524771,0.30254476,,3.8860001,4.13999594,2.11087545,0.11231113,,6.22,0.773123,
2013-12-19,10.8659898,2.62871253,4.21266236,,0.36510743,3.7,9.59794795,1.82578808,,,5.63636092,6.83432246,,13.94,,5.334917,0.70277631,3.43222423,,8.826,23.71195,0.30642354,,3.8860001,4.17599578,2.12668725,0.11279873,,6.27,0.773123,
2013-12-22,10.71132262,2.59849745,4.23332907,,0.36510743,3.62,9.53993649,1.85007026,,,5.75151238,6.37054666,,13.78,,5.327414,0.69444302,3.44773711,,8.88,23.139434,0.30254476,,3.8860001,4.08119575,2.18993446,0.11214859,,6.31,0.756496,
2013-12-23,10.8666558,2.55619632,4.2433292,,0.35676092,3.55,9.51673261,1.94422562,,,5.63636092,6.31448585,,13.72,,5.276391,0.68749859,3.42834601,,9.0,23.567942,0.29866598,,3.8860001,4.07999599,2.14249905,0.11572435,,6.19,0.748183,
2013-12-24,10.67065599,2.55921783,4.29999567,,0.35633289,3.55,9.63275437,1.9161442,,,5.64545152,6.29919654,,14.05,,5.276391,0.68222079,3.44773711,,9.12,23.139434,0.30254476,,3.8860001,4.06799625,2.12668725,0.12417612,,6.27,0.748183,
2013-12-25,10.667322,2.55619632,4.32666244,,0.34456214,3.59,9.67336189,1.9161442,,,5.67575484,6.47247541,,14.62,,5.468478,0.69444302,3.5059104,,9.6,23.139434,0.31805988,,3.8860001,4.08119575,2.16621676,0.1316527,,6.37,0.76481,
2013-12-26,10.8666558,2.53806727,4.33199584,,0.34285003,3.56,9.67626332,1.91465752,,,5.82120901,6.57440415,,14.69,,5.409951,0.68194302,3.52142328,,9.6,23.357201,0.30254476,,3.8860001,4.07999599,2.16621676,0.12888962,,6.3,0.756496,
2013-12-29,10.73732259,2.53202426,4.32666244,,0.37452406,3.56,9.57184293,1.9161442,,,5.86363354,6.48266828,,14.4,,5.409951,0.69166525,3.47876287,,9.45,22.654729,0.30254476,,3.8860001,4.07879624,2.13459315,0.12840201,,6.25,0.756496,
2013-12-30,10.7999892,2.52295973,4.28332902,,0.35312269,3.53,9.49642899,1.85172211,,,5.73333057,6.31958229,,14.56,,5.409951,0.69166525,3.45161533,,9.534,22.830347,0.30254476,,3.8860001,4.12679583,2.11087545,0.12758934,,6.3,0.76481,
2013-12-31,10.79665587,2.52295973,4.28332902,,0.35312269,3.51,9.53703652,1.9161442,,,5.63636092,6.31448585,,15.81,,5.403948,0.69166525,3.42834601,,9.6,23.181583,0.30254476,,3.8860001,4.13999594,2.11087545,0.13690322,,6.29,0.76481,
2014-01-02,10.79665587,2.52295973,4.26732917,,0.3533367,3.54,9.52833397,1.9161442,,,5.46060343,6.4164146,,14.9,,5.391943,0.69722079,3.43222423,,9.36,23.16402,0.30642354,,3.8860001,4.16399603,2.10296955,0.12715121,,6.3,0.756496,
2014-01-05,10.7333226,2.56223934,4.30932893,,0.3533367,3.55,9.65885939,1.9161442,,,5.6060579,6.4571861,,14.7,,5.391943,0.69722079,3.49039752,,9.3,23.16402,0.3141811,,3.8860001,4.16999591,2.11878135,0.12715121,,6.31,0.748183,
2014-01-06,10.666656,2.62266952,4.26666237,,0.35312269,3.54,9.65595941,1.9161442,,,5.69696665,6.54892197,,14.6,,5.117318,0.68333193,3.48264109,,9.306,23.16402,0.31805988,,3.8860001,4.13879618,2.11878135,0.12190013,,6.25,0.73987,
2014-01-08,10.7333226,2.56828236,4.34599576,,0.35312269,3.55,9.57184293,1.98221814,,,5.71514906,6.42151103,,15.0,,5.115818,0.68055416,3.71533425,,9.51,23.16402,0.32193866,,3.8860001,4.25759582,2.15040495,0.12039982,,6.4,0.731557,
2014-01-09,10.7333226,2.59849745,4.33332897,,0.3766642,3.69,9.65015801,2.13071947,,,5.53636097,6.62027209,,14.77,,5.109815,0.68055416,3.79677686,,9.48,23.48716,0.32581743,,3.8860001,4.20239587,2.26108756,0.12039982,,6.6,0.723244,
2014-01-12,10.7999892,2.64079857,4.39932877,,0.35611886,3.91,9.77198117,1.96586483,,,5.75757298,6.57950059,,14.83,,5.177346,0.68805414,4.17296415,,9.48,24.235292,0.35296889,,3.8860001,4.32239576,2.28480526,0.12058736,,6.78,0.748183,
2014-01-14,10.73732259,2.65892762,4.39999557,,0.35611886,3.96,9.83579375,1.98221814,,,5.75757298,6.53872909,,15.06,,5.402448,0.70555411,4.5801772,,9.474,23.553893,0.368484,,3.8860001,4.42799589,2.34014657,0.12246274,,7.08,0.748183,
2014-01-15,10.81665585,2.63475555,4.34199543,,0.35611886,3.94,9.74587586,2.04003282,,,5.69999695,6.53363266,,15.0,,5.402448,0.69555415,4.22725922,,9.24,23.884055,0.39951423,,3.8860001,4.43999564,2.30061707,0.12940167,,7.0,0.748183,
2014-01-16,10.8333225,2.62569102,4.33332897,,0.3533367,3.91,9.71397087,1.99873663,,,5.75757298,6.40622172,,14.95,,5.552516,0.68527637,4.25828498,,9.12,24.235292,0.43442325,,3.8860001,4.41599554,2.26899346,0.12733875,,6.89,0.748183,
2014-01-19,10.68332265,2.55317482,4.33332897,,0.38265656,3.82,9.62985439,1.96685595,,,5.53636097,6.26352148,,14.7,,5.521002,0.68055416,4.23113744,,9.0,24.224755,0.44993836,,3.8860001,4.19999588,2.22946396,0.12302536,,6.8,0.756496,
2014-01-20,10.666656,2.5471318,4.28732888,,0.38030243,3.75,9.55734043,1.99873663,,,5.34242136,6.22784642,,14.55,,5.477482,0.68055416,4.21562457,,8.85,23.539843,0.40339301,,3.8860001,4.19999588,2.19784036,0.12302536,,6.77,0.773123,
2014-01-21,10.8666558,2.56223934,4.32999544,,0.34991248,3.74,9.54283792,2.01525511,,,5.49999735,6.23803929,,14.6,,5.477482,0.68305415,4.20786813,,8.94,24.235292,0.43442325,,3.8860001,4.31999576,2.21365216,0.12265028,,6.88,0.831315,
2014-01-22,10.8333225,2.55619632,4.29999567,,0.36360936,3.79,9.72557224,1.96569966,,,5.51211886,6.24313573,,14.75,,5.477482,0.67499859,4.22725922,,8.988,24.586528,0.44993836,,3.8860001,4.31999576,2.28480526,0.12302536,,6.98,0.839628,
2014-01-23,10.8999891,2.56828236,4.28999555,,0.37623617,3.84,9.61535189,2.03177358,,,5.46060343,6.27881079,,14.71,,5.477482,0.67777638,4.23501566,,8.88,24.937764,0.48484737,,3.8860001,4.40999567,2.35595837,0.13315245,,7.15,0.831315,
2014-01-26,10.8999891,2.53806727,4.26666237,,0.36510743,3.81,9.61825186,1.98221814,,,5.56666429,6.31958229,,14.7,,5.477482,0.67888752,4.2427721,,8.82,24.614627,0.49260493,,3.8860001,4.40999567,2.27689936,0.13446522,,7.2,0.831315,
2014-01-27,10.90332243,2.51691671,4.2699959,,0.36510743,3.8,9.60084793,1.99873663,,,5.62120911,6.3348716,,14.75,,5.552516,0.68055416,4.22725922,,8.88,24.762146,0.46545348,,3.8860001,4.25999582,2.32433477,0.13221475,,7.08,0.831315,
2014-01-28,10.94998905,2.54411029,4.2733289,,0.37880436,3.93,9.77488231,2.18043994,,,5.54545157,6.55911484,,14.98,,5.552516,0.69860968,4.4211702,,8.964,23.887569,0.49648371,,3.8860001,4.39199545,2.37177017,0.13615306,,7.29,0.839628,
2014-01-29,10.9333224,2.52295973,4.25932898,,0.36403739,4.01,9.7980862,2.08132903,,,5.6060579,6.54892197,,14.89,,5.62755,0.70110967,4.382388,,9.18,24.902641,0.4615747,,3.8860001,4.31999576,2.43501738,0.14515492,,7.22,0.831315,
2014-01-30,10.94998905,2.53202426,4.235329,,0.37880436,4.13,9.81838982,2.14740297,,,5.63636092,6.46737897,,14.95,,5.822638,0.70388744,4.40565732,,9.18,24.902641,0.45769592,,3.8860001,4.38599557,2.49826458,0.147968,,7.24,0.831315,
2014-02-02,10.9333224,2.5471318,4.26532904,,0.38522475,4.14,9.81548984,2.14740297,,,5.70302755,6.46737897,,15.0,,5.845149,0.72499851,4.47934349,,9.174,24.937764,0.4615747,,3.8860001,4.42799589,2.50617048,0.14815554,,7.24,0.831315,
2014-02-03,10.91932174,2.53806727,4.25332899,,0.38308461,4.09,9.80388732,2.14740297,,,6.15454218,6.36545022,,15.1,,5.777618,0.7080541,4.49873459,,9.06,24.937764,0.47321104,,3.8860001,4.38719581,2.45873508,0.14628015,,7.24,0.814688,
2014-02-04,10.91932174,2.50785219,4.25866245,,0.40084775,4.04,9.70816947,2.29606933,,,6.36060299,6.34506447,,14.87,,5.702584,0.70249858,4.39790088,,9.174,24.927227,0.46933226,,3.8860001,4.39199545,2.43501738,0.14571754,,7.15,0.806375,
2014-02-05,10.9666557,2.52295973,4.2679955,,0.41604275,4.07,9.65595941,2.23164742,,,6.06060314,6.36545022,,14.69,,5.845149,0.70833188,4.382388,,9.06,24.927227,0.46933226,,3.8860001,4.39199545,2.43501738,0.14628015,,7.17,0.798062,
2014-02-06,11.0666556,2.71935779,4.33332897,,0.41946695,4.12,9.68496442,2.43614609,,,6.01514861,6.39602885,,14.88,,5.852652,0.71249854,4.43280486,,9.18,24.446033,0.47321104,,3.8860001,4.45199539,2.50617048,0.147968,,7.21,0.814688,
2014-02-09,10.98465568,2.79489551,4.36599547,,0.41604275,4.22,9.61535189,2.55227087,,,6.01514861,6.54382553,,14.7,,5.774617,0.7361096,4.45219595,,9.126,24.024551,0.46933226,,3.8860001,4.4411954,2.55360588,0.15078108,,7.21,0.806375,
2014-02-10,10.98465568,2.71935779,4.3699958,,0.39592544,4.23,9.74587586,2.80731644,,,5.96969439,6.56421128,,14.75,,5.777618,0.7263874,4.47934349,,9.18,25.113382,0.51199883,,3.8860001,4.4807956,2.56151178,0.15003093,,7.32,0.814688,
2014-02-11,11.0666556,2.67101365,4.33332897,,0.39592544,4.24,9.76037981,2.70903145,,,5.87878504,6.49795759,,14.99,,5.777618,0.72444296,4.42892664,,9.114,24.12992,0.4615747,,3.8860001,4.49999558,2.56151178,0.15471939,,7.31,0.806375,
2014-02-12,10.9333224,2.71633628,4.34999562,,0.39613945,4.23,10.67695599,2.62643903,,,6.03939103,7.06366214,,15.0,,6.062748,0.73583182,4.44443951,,9.114,23.947278,0.46545348,,3.8860001,4.57199527,2.56151178,0.15546955,,7.37,0.806375,
2014-02-13,11.1999888,2.68914271,4.39532891,,0.4171128,4.2,10.09394316,2.77345337,,,5.94242168,6.84451533,,14.99,,6.00272,0.72610959,4.41729198,,9.054,23.891079,0.4615747,,3.8860001,4.61639559,2.49826458,0.16222094,,7.36,0.806375,
2014-02-16,11.06998893,2.6861212,4.39999557,,0.41497264,4.19,10.14905464,2.75858691,,,6.04848163,6.74258659,,14.93,,6.00272,0.72222074,4.4017791,,9.18,23.919178,0.46545348,,3.8860001,4.61999546,2.49826458,0.16409632,,7.35,0.806375,
2014-02-17,11.0666556,2.74352986,4.43332887,,0.4280275,4.12,10.19546358,2.72538492,,,6.16060309,6.84451533,,14.99,,5.911178,0.71944297,4.382388,,9.15,23.884055,0.46545348,,3.8860001,4.65599531,2.55360588,0.16034555,,7.19,0.798062,
2014-02-18,10.999989,2.77978797,4.49999547,,0.42781348,4.15,10.39560153,2.77510539,,,6.29999726,6.84961177,,15.25,,6.00272,0.71944297,4.41341376,,9.36,23.891079,0.50424127,,3.8860001,4.84799548,2.56941768,0.16503402,,7.4,0.806375,
2014-02-19,10.997989,2.71935779,4.5699956,,0.42759947,4.16,10.73496629,2.77906999,,,6.20908791,6.74258659,,15.18,,5.792624,0.72499851,4.4405613,,9.33,24.235292,0.47708981,,3.8860001,5.01599496,2.60104129,0.1669094,,7.4,0.814688,
2014-02-20,11.03998962,2.74655137,4.59199518,,0.42588736,4.21,10.67405485,2.80814236,,,6.06060314,6.67123646,,15.14,,5.792624,0.72222074,4.77020995,,9.36,24.762146,0.48096859,,3.8860001,4.91999517,2.68010029,0.16953495,,7.75,0.831315,
2014-02-23,11.0673216,2.77072344,4.61332849,,0.40662612,4.3,10.8596906,2.80814236,,,6.1818152,6.72729727,,15.13,,5.702584,0.72499851,4.99126846,,9.24,24.621651,0.49260493,,3.8860001,4.82999526,2.69591209,0.16878479,,7.93,0.89782,
2014-02-24,11.0673216,2.68914271,4.56666207,,0.42524534,4.26,10.77557527,2.80814236,,,6.06060314,6.69162221,,15.23,,5.777618,0.7177763,5.01453778,,9.222,24.586528,0.49260493,,3.8860001,4.85999523,2.7433475,0.1678471,,8.09,0.922759,
2014-02-25,11.1333222,2.67403516,4.56666207,,0.40662612,4.26,10.66245233,2.77510539,,,5.95151198,6.75277946,,15.15,,5.852652,0.71944297,5.00290312,,9.18,24.586528,0.52751394,,3.8860001,4.91999517,2.7354416,0.16765956,,8.0,0.931072,
2014-02-26,11.32332267,2.59849745,4.59866224,,0.41689878,4.16,10.58703839,2.77510539,,,5.93939108,6.62536853,,15.12,,5.845149,0.71666517,4.89431297,,9.12,24.583015,0.55466539,,3.8860001,4.91999517,2.7196298,0.16297109,,7.95,0.931072,
2014-02-27,11.333322,2.65590611,4.66666197,,0.41625676,4.27,10.70886127,2.75858691,,,6.13636068,6.78845452,,15.34,,5.774617,0.71388745,4.96412092,,9.24,24.586528,0.55854417,,3.8860001,4.91999517,2.7512534,0.16503402,,8.12,0.964325,
2014-03-02,11.333322,2.59849745,4.66666197,,0.4047,4.28,10.73206631,2.79162388,,,6.05757284,6.77826165,,15.41,,5.774617,0.70777632,4.94472983,,9.24,24.561941,0.57405929,,3.8860001,4.97879535,2.7512534,0.16072063,,8.14,0.964325,
2014-03-03,11.333322,2.55619632,4.54999542,,0.42246314,4.17,10.64504985,2.75825652,,,5.75454268,6.6763329,,15.15,,5.702584,0.7080541,4.82838324,,8.874,24.561941,0.53915028,,3.8860001,4.9139953,2.67219439,0.15659478,,8.0,0.939386,
2014-03-04,11.9333214,2.55921783,4.61332849,,0.4265294,4.12,10.61604339,2.67896763,,,5.92423926,6.5540184,,15.19,,5.702584,0.67444309,4.85165256,,8.646,24.674337,0.53915028,,3.8860001,4.91999517,2.71172389,0.15396924,,8.1,0.939386,
2014-03-05,11.38332195,2.55317482,4.63266187,,0.42160711,4.19,10.73206631,2.67781151,,,5.88787595,6.59988634,,15.2,,5.702584,0.68055416,4.8788001,,8.58,24.059674,0.57793807,,3.8860001,4.91999517,2.7591593,0.15772001,,8.2,0.947699,
2014-03-06,11.3666553,2.51691671,4.66532884,,0.40662612,4.13,10.77557527,2.70077221,,,5.75757298,7.12371259,,15.08,,5.702584,0.68055416,4.8788001,,8.4,24.674337,0.56242295,,3.8860001,4.83239526,2.7354416,0.1562197,,8.15,0.914446,
2014-03-09,11.4666552,2.48972313,4.66666197,,0.43230779,4.07,10.70596129,2.69581666,,,5.75454268,6.56664502,,15.4,,5.692079,0.69388746,4.82838324,,8.166,24.632187,0.55466539,,3.8860001,4.85999523,2.7275357,0.15471939,,8.0,0.914446,
2014-03-10,11.38132195,2.59849745,4.66666197,,0.44450656,4.05,10.70306131,2.69581666,,,5.75757298,6.51600251,,15.7,,5.702584,0.68138752,4.82838324,,8.268,24.632187,0.55854417,,3.8860001,4.85999523,2.7354416,0.15753247,,8.020001,0.939386,
2014-03-11,11.38132195,2.63475555,4.66666197,,0.44429254,4.1,10.8016803,2.70903145,,,5.65757303,6.55539113,,16.120001,,5.702584,0.68888745,5.00678134,,8.13,24.632187,0.60121074,,3.8860001,4.85999523,2.86984191,0.15847016,,8.3,0.947699,
2014-03-12,11.1993228,2.63475555,4.66599517,,0.44429254,4.12,10.82488418,2.72554994,,,5.6060579,6.53288335,,16.450001,,5.702584,0.69110966,4.99514668,,8.022,24.632187,0.60121074,,3.8860001,5.15999493,2.95680681,0.15584462,,8.3,0.947699,
2014-03-13,11.15398884,2.58943292,4.65332885,,0.44429254,4.17,10.76687272,2.74206842,,,5.81817932,6.55539113,,16.219999,,5.696581,0.69749859,5.1192497,,8.01,24.762146,0.62448342,,3.8860001,5.14799519,3.04377172,0.15565708,,8.45,0.947699,
2014-03-16,11.15398884,2.60454046,4.63266187,,0.4004197,4.37,10.81908278,2.80814236,,,5.63636092,6.52162946,,16.389999,,5.554016,0.69444302,5.15027546,,8.076,24.937764,0.60121074,,3.8860001,5.09999499,3.09911302,0.15940786,,8.41,0.939386,
2014-03-17,11.333322,2.55317482,4.62332855,,0.41946695,4.27,10.9496082,2.80814236,,,5.59393639,6.35844805,,16.190001,,5.702584,0.68833195,5.10761504,,7.8,24.586528,0.59345318,,3.8860001,5.55239455,3.09120712,0.15659478,,8.39,0.956012,
2014-03-18,11.2333221,2.56828236,4.59932857,,0.39999172,4.35,10.88289535,2.80814236,,,5.75757298,6.39783667,,16.0,,5.552516,0.69722079,5.1192497,,7.806,25.640236,0.61284708,,3.8860001,5.63999446,3.22560743,0.15922032,,8.4,0.922759,
2014-03-19,11.2666554,2.56828236,4.59332884,,0.40662612,4.58,10.87709424,2.80814236,,,5.75757298,6.40346361,,16.0,,5.777618,0.72916517,5.177423,,7.8,25.640236,0.60121074,,3.8860001,5.75879459,3.24932513,0.16240848,,8.39,0.972638,
2014-03-20,11.2666554,2.6861212,4.62332855,,0.42567332,4.88,11.42820092,2.82466085,,,5.75757298,6.37532888,,17.299999,,5.554016,0.78888727,5.23559629,,7.71,25.798291,0.63999853,,3.8860001,5.63759447,3.26513693,0.1620334,,8.6,0.989264,
2014-03-23,11.2666554,2.66194913,4.62666214,,0.40684014,4.65,11.27737159,2.8576978,,,5.69696665,6.42034445,,17.690001,,5.554016,0.84860934,5.18130121,,7.8,25.815854,0.5895744,,3.8860001,5.63999446,3.29676054,0.15940786,,8.65,0.980951,
2014-03-24,11.2666554,2.57432568,4.64599546,,0.40598406,4.89,10.98731575,2.8576978,,,5.72726997,6.34156721,,17.82,,5.554016,0.92388693,5.10761504,,7.794,25.605113,0.62836219,,3.8860001,5.87999423,3.30466644,0.16128324,,8.58,0.964325,
2014-03-25,11.2666554,2.59849745,4.65999544,2.0,0.40598406,5.15,11.13524365,2.80830737,,,6.06060314,6.48786779,,17.98,,5.554016,0.97249795,5.20457053,,7.734,25.984448,0.57793807,,3.8860001,5.99759411,3.38372544,0.1620334,,8.64,0.972638,
2014-03-26,11.32665467,2.57432568,4.75399508,2.0,0.4464327,5.45,11.22516154,2.80797734,,,6.11211826,6.87612701,,17.93,,5.557018,0.95555365,5.20069231,,7.674,25.327636,0.58181685,,3.8860001,5.99399424,3.38372544,0.16822217,,8.65,0.980951,
2014-03-27,11.1673215,2.59849745,4.73332857,2.0,0.48816534,5.43,11.34118301,2.80830737,,,6.15151188,6.88175395,,17.799999,,5.555517,0.9444425,5.21620519,,8.1,25.850977,0.58569563,,3.8860001,5.95799439,3.38372544,0.16840971,,8.75,0.980951,
2014-03-30,11.0973229,2.49274464,4.66666197,2.0,0.5369605,5.0,10.87709424,2.80814236,,,5.66666424,6.34719416,,17.459999,,5.560019,0.88888706,4.96412092,,7.8,25.640236,0.54690784,,3.8860001,5.81999429,3.16236023,0.16578417,,8.1,0.947699,
2014-03-31,11.0333223,2.4776371,4.61999555,2.0,0.59046393,4.97,10.87709424,2.80814236,,,5.6090882,6.71559387,,17.5,,5.551016,0.8749982,4.94472983,,7.824,25.636723,0.52363516,,3.8860001,5.6999944,3.14654843,0.16034555,,8.0,0.960616,
2014-04-01,11.0666556,2.39303486,4.63332867,2.0,0.64931771,4.67,10.84808923,2.80814236,,,5.42423981,6.09628839,,17.08,,5.552516,0.86083156,4.89819119,,7.92,25.636723,0.48872615,,3.8860001,5.75999434,3.02795992,0.15753247,,8.15,0.934654,
2014-04-02,11.25998807,2.38699184,4.61666202,2.0,0.71416386,4.82,10.87709424,2.80814236,,,5.39696679,6.005973,,17.700001,,5.552516,0.85277605,4.88655653,,7.86,25.636723,0.50424127,,3.8860001,5.64119422,3.08330122,0.15734493,,8.1,0.934654,
2014-04-03,10.997323,2.28123904,4.61599522,2.0,0.6366909,4.65,10.6972599,2.80797734,,,5.30302775,5.58020048,,17.700001,,5.552516,0.83333162,4.82838324,,7.98,25.640236,0.5158776,,3.8860001,5.6999944,2.93308911,0.15003093,,8.0,0.917345,
2014-04-06,10.999989,2.24498093,4.60399523,2.0,0.66322861,4.59,10.73496629,2.80582976,,,5.30302775,5.52859169,,16.120001,,5.477482,0.8055539,4.74306241,,7.836,24.762146,0.44993836,,3.8860001,5.87999423,2.91727731,0.15003093,,8.020001,0.908691,
2014-04-07,10.999989,2.20570132,4.59999537,2.0,0.67178914,4.37,10.52902693,2.79988312,,,5.28787654,5.62535817,,15.7,,5.402448,0.77777618,4.61895939,,8.1,25.289,0.42278691,,3.8860001,5.6999944,2.7512534,0.14628015,,7.53,0.874074,
2014-04-08,10.9293224,2.26613149,4.67999509,2.0,0.67949365,4.45,10.70306131,2.79988312,,,5.12120965,5.74147795,,15.5,,5.402448,0.79860947,4.72754954,,7.806,24.937764,0.43442325,,3.8860001,5.75999434,2.8224065,0.14571754,,7.78,0.900037,
2014-04-09,10.99665567,2.24498093,4.69999527,2.0,0.6476056,4.42,10.73206631,2.79955274,,,5.37878528,5.78018455,,15.24,,5.402448,0.84722048,4.76245351,,7.8,25.289,0.4421808,,3.8860001,5.81999429,2.86984191,0.147968,,7.89,0.891383,
2014-04-10,10.9333224,2.28123904,4.69666174,2.0,0.64225526,4.77,10.90609924,2.7974055,,,5.37575498,5.81244004,,15.79,,5.555517,0.85472047,4.859409,,7.812,25.56999,0.46933226,,3.8860001,5.84399438,3.01214812,0.15171877,,7.86,0.900037,
2014-04-13,10.91532242,2.27217451,4.69932847,2.0,0.64161322,4.81,10.9496082,2.79129349,,,5.31817895,5.80598894,,15.67,,5.552516,0.82499833,4.86716544,,7.806,25.313586,0.47708981,,3.8860001,5.99999411,2.99633632,0.15190631,,7.84,0.900037,
2014-04-14,10.999989,2.25404546,4.69332874,2.0,0.62813035,4.68,10.90319926,2.7782439,,,5.30302775,5.67696696,,15.6,,5.552516,0.81360947,4.73142776,,7.788,25.313586,0.46933226,,3.8860001,5.78999432,2.96471271,0.14778046,,7.83,0.891383,
2014-04-15,11.000655,2.29634658,4.75932848,2.0,0.64204125,4.72,10.87709424,2.76684615,,,5.218179,5.73502685,,15.67,,5.552516,0.84027605,4.88655653,,8.034,25.956349,0.47708981,,3.8860001,5.85599413,3.05167762,0.14984339,,8.55,0.891383,
2014-04-16,11.1333222,2.29030356,4.93332837,2.0,0.62385008,4.72,10.87709424,2.75858691,,,5.45151252,5.81244004,,15.65,,5.477482,0.86110934,5.018416,,7.836,25.313586,0.48096859,,3.8860001,5.78399444,3.08330122,0.14984339,,8.82,0.891383,
2014-04-17,10.999989,2.32656167,4.96332814,2.0,0.62684629,4.78,10.90609924,2.75858691,,,5.88181535,6.0317774,,15.6,,5.552516,0.88194263,5.02229422,,7.74,25.815854,0.48096859,,3.8860001,5.9099942,3.21770153,0.14909323,,8.98,0.908691,
2014-04-22,11.666655,2.3718843,5.06666157,2.0,0.64075719,4.86,10.93800567,2.75313579,,,6.04242163,6.05758179,,15.9,,5.409951,0.90805366,5.07271107,,7.8,25.447055,0.51975638,,3.8860001,5.99999411,3.31257234,0.15096862,,9.0,0.908691,
2014-04-23,11.5959884,2.34166921,4.99999497,2.0,0.62235198,4.75,10.77267384,2.75858691,,,5.75757298,5.89630432,,15.71,,5.402448,0.90555364,5.018416,,7.692,26.16709,0.55854417,,3.8860001,5.99999411,3.32838414,0.15003093,,9.23,0.908691,
2014-04-27,10.8673218,2.3023896,5.169995,2.0,0.61464747,4.7,10.76107132,2.74718915,,,5.70302755,5.83824443,,15.0,,5.852652,0.90833149,4.9990249,,7.596,25.113382,0.52363516,,3.8860001,5.97719425,3.29676054,0.14984339,,9.18,0.900037,
2014-04-28,10.8666558,2.31145412,5.1619948,2.0,0.61849973,4.63,10.79007777,2.80814236,,,5.54545157,5.74792905,,14.79,,5.402448,0.8874982,4.98351202,,7.548,24.586528,0.50036249,,3.8860001,5.99999411,3.22560743,0.14909323,,9.01,0.900037,
2014-04-29,10.8999891,2.29936809,5.14999482,2.0,0.62320806,4.5,10.87419426,2.80731644,,,5.48787644,5.58665158,,14.77,,5.402448,0.88194263,4.96412092,,7.44,24.583015,0.48096859,,3.8860001,5.96399426,3.19398383,0.147968,,8.93,0.900037,
2014-04-30,10.9333224,2.31749714,5.19999477,2.0,0.6681509,4.5,11.02212216,2.75858691,,,5.53030036,5.61245598,,14.92,,5.402448,0.90694264,5.00290312,,7.41,24.927227,0.49260493,,3.8860001,5.93999417,3.28885464,0.15003093,,9.0,0.925999,
2014-05-04,10.999989,2.29936809,5.20066156,2.0,0.66108845,4.58,10.9351057,2.77510539,,,5.39393649,5.58665158,,14.97,,5.402448,0.91666478,5.07658929,,7.374,24.607601,0.50036249,,3.8860001,5.99639423,3.34419594,0.15003093,,9.12,0.934654,
2014-05-05,10.999989,2.32656167,5.22666154,2.0,0.6334807,4.57,10.83358528,2.77510539,,,5.46969403,5.54794499,,14.9,,5.402448,0.91638706,5.07658929,,7.2,24.607601,0.51199883,,3.8860001,5.93999417,3.33629004,0.15096862,,8.98,0.943308,
2014-05-06,10.9333224,2.29936809,5.36666126,2.0,0.63134056,4.59,10.9496082,2.77510539,,,5.52423976,5.66406477,,14.99,,5.400948,0.92499807,5.1192497,,7.02,24.607601,0.54302906,,3.8860001,5.81279417,3.45487855,0.14871815,,9.03,0.951962,
2014-05-07,10.9333224,2.29634658,5.39999456,2.0,0.64182723,4.68,10.94670822,2.74206842,,,5.45454282,5.58020048,,14.86,,5.400948,0.92360921,5.16966656,,7.128,24.235292,0.5158776,,3.8860001,5.75999434,3.44697265,0.14984339,,9.0,0.951962,
2014-05-08,10.8666558,2.28728205,5.33332796,2.0,0.61314939,4.55,10.80458027,2.72538492,,,5.16666387,5.483434,,14.6,,5.25238,0.90277592,5.1192497,,7.092,24.762146,0.49648371,,3.8860001,5.6999944,3.37581954,0.14740538,,8.86,0.943308,
2014-05-11,10.999989,2.3386477,5.33332796,2.0,0.61421948,4.5,10.73206631,2.70126775,,,5.16969417,5.54794499,,14.69,,5.198355,0.9024982,5.1580319,,7.014,24.674337,0.50036249,,3.8860001,5.64119422,3.39953724,0.14684277,,8.9,0.943308,
2014-05-12,10.9333224,2.33260468,5.3346611,2.0,0.63112655,4.46,10.73496629,2.54384661,,,5.28787654,5.54794499,,14.48,,5.20736,0.91499809,5.17354478,,7.242,24.674337,0.49648371,,3.8860001,5.80799454,3.37581954,0.14721785,,8.88,0.943308,
2014-05-13,10.9333224,2.32051865,5.39999456,2.0,0.63754698,4.51,10.80458027,2.75858691,,,5.18484629,5.60600488,,14.4,,5.198355,0.91638706,5.23559629,,7.2,24.762146,0.50424127,,3.8860001,5.75999434,3.43116085,0.14778046,,8.89,0.951962,
2014-05-14,10.99665567,2.35073374,5.43999439,2.0,0.64204125,4.54,11.02212216,2.64394862,,,5.22727021,5.59955378,,15.0,,5.53751,0.94860922,5.33642999,,7.2,24.937764,0.53139272,,3.8860001,5.87999423,3.57346706,0.14815554,,9.45,0.951962,
2014-05-15,10.999989,2.41418542,5.49999446,9.0,0.62492017,4.56,11.02212216,2.64295751,,,5.4030277,5.61245598,,14.41,,5.223867,0.95277579,5.37521219,,7.494,25.289,0.51975638,,3.8860001,6.17999393,3.59718476,0.14965585,,9.55,0.995233,
2014-05-18,10.8666558,2.39605637,5.43332786,14.0,0.61421948,4.57,11.02212216,2.64460952,,,5.30302775,5.91565762,,14.6,,5.222366,0.97166467,5.32479533,,7.488,24.674337,0.5352715,,3.8860001,6.00119387,3.65252606,0.14984339,,9.5,0.995233,
2014-05-19,10.9333224,2.46252956,5.46666116,10.53,0.62063987,4.58,11.09463612,2.64477454,,,5.4030277,5.96726641,,14.5,,5.402448,1.02860897,5.48768055,,7.38,24.287978,0.5352715,,3.8860001,6.23999387,3.68414966,0.14909323,,9.55,0.986579,
2014-05-20,10.9333224,2.50180917,5.33332796,10.35,0.61207932,4.6,11.33828303,2.64295751,,,5.24242141,5.93501092,,14.42,,5.402448,1.08055339,5.54585384,,7.41,24.586528,0.55854417,,3.8860001,6.23999387,3.69205557,0.14815554,,9.87,0.977925,
2014-05-21,10.9333224,2.46857257,5.29999466,10.34,0.60565889,4.5,11.17585147,2.61636274,,,5.22727021,5.84469553,,14.4,,5.402448,1.06527553,5.52646275,,7.206,24.270414,0.53139272,,3.8860001,6.11999399,3.67624376,0.14815554,,9.81,0.977925,
2014-05-22,10.9666557,2.50483068,5.33332796,10.8,0.63134056,4.53,11.28607298,2.64295751,,,5.39393649,5.83179334,,14.7,,5.402448,1.08333111,5.61954001,,7.278,25.289,0.5352715,,3.8860001,6.11999399,3.69205557,0.14665523,,9.9,0.986579,
2014-05-25,11.332656,2.50180917,5.33332796,11.05,0.62620423,4.57,11.21065904,2.64295751,,,5.30302775,5.93501092,,14.73,,5.390442,1.0583311,5.70098262,,7.2,25.633212,0.54302906,,3.8860001,6.02999408,3.72367917,0.14909323,,10.05,0.995233,
2014-05-26,10.8666558,2.50785219,5.33332796,11.5,0.61807169,4.77,11.19615509,2.54797622,,,5.18181568,5.96726641,,14.78,,5.390442,1.07999781,5.77854701,,7.344,24.656774,0.54690784,,3.8860001,6.11999399,3.73949097,0.15659478,,10.1,0.995233,
2014-05-28,10.8666558,2.43231447,5.30532813,11.0,0.60779905,4.71,11.10913862,2.5644947,,,5.38787649,5.74147795,,14.52,,5.390442,1.06388667,5.56136672,,6.936,24.586528,0.53139272,,3.8860001,5.99999411,3.59718476,0.15678232,,9.85,0.977925,
2014-05-29,10.8666558,2.41720693,5.33266117,11.06,0.5992385,4.71,11.13814508,2.56069546,,,5.17272478,5.73502685,,14.44,,5.390442,1.07194224,5.60402714,,6.906,24.586528,0.53139272,,3.8860001,5.99999411,3.61299656,0.15265647,,9.8,0.977925,
2014-06-01,10.8666558,2.23591641,5.09999487,11.0,0.55664976,4.23,10.46811549,2.55210585,,,4.98484638,5.28344994,,13.51,,5.390442,0.99999795,5.27050026,,6.654,24.059674,0.48096859,,3.8860001,5.75519423,3.34419594,0.14440477,,9.1,0.960616,
2014-06-02,10.8666558,2.25102395,5.16666147,10.98,0.55643575,4.28,10.55513196,2.54533327,,,4.99999759,5.29635213,,13.4,,5.402448,1.01249795,5.23947451,,6.834,22.661753,0.50036249,,3.8860001,5.51999458,3.37581954,0.14346707,,9.09,0.951962,
2014-06-03,10.88665578,2.26310998,5.101328,10.8,0.53075408,4.3,10.59573978,2.47777267,,,4.86363372,5.27054774,,13.5,,5.400948,1.01388681,5.2782567,,6.81,24.481156,0.48872615,,3.8860001,5.35559486,3.36000774,0.14252938,,9.0,0.943308,
2014-06-04,10.8666558,2.29936809,5.15932807,10.95,0.55408157,4.35,10.44201047,2.50255039,,,5.13030056,5.41892301,,13.6,,5.387442,1.01388681,5.51482809,,6.9,23.308029,0.50424127,,3.8860001,5.63759447,3.48650215,0.14815554,,8.95,0.951962,
2014-06-05,10.999989,2.38699184,5.28332802,11.47,0.59131997,4.48,10.64504985,2.54368159,,,5.18181568,5.63180927,,14.7,,5.38444,1.07166452,5.6156618,,7.32,25.271437,0.52363516,,3.8860001,5.75999434,3.60509066,0.15190631,,9.46,0.96927,
2014-06-09,10.8666558,2.38699184,5.33332796,11.35,0.64439542,4.81,10.76107132,2.50849705,,,5.17272478,5.76728235,,14.8,,5.327414,1.06971997,5.95306689,,7.83,24.832392,0.56630173,,3.8860001,5.99639423,3.60509066,0.15228139,,9.4,0.96927,
2014-06-10,10.999989,2.38699184,5.36666126,11.24,0.7066734,4.44,10.64504985,2.64279249,,,5.18181568,5.63826037,,14.6,,5.327414,1.04166453,6.0151184,,7.782,23.255342,0.5158776,,3.8860001,5.64119422,3.53393755,0.15021846,,9.43,0.951962,
2014-06-11,10.9333224,2.38699184,5.41599441,11.24,0.77729794,4.49,11.02212216,2.62643903,,,5.57575489,5.89630432,,14.64,,5.327414,1.13583097,6.01124018,,7.962,23.620628,0.56242295,,3.8860001,5.93999417,3.59718476,0.15096862,,9.65,0.951962,
2014-06-12,11.0666556,2.38397033,5.45999464,11.39,0.72743277,4.52,11.02212216,2.64295751,,,5.58484579,6.0511307,,14.77,,5.549515,1.16666427,6.00348374,,7.968,24.762146,0.53139272,,3.8860001,5.93999417,3.65252606,0.14740538,,9.73,0.951962,
2014-06-15,10.88465578,2.36886279,5.43332786,11.06,0.70624537,4.43,10.9786132,2.57688358,,,5.45151252,5.90275542,,14.5,,5.177346,1.19444199,5.99184908,,8.004,24.586528,0.54302906,,3.8860001,5.93759417,3.55765526,0.14590507,,9.54,0.943308,
2014-06-16,11.0666556,2.32051865,5.37332779,11.08,0.72764675,4.4,10.87709424,2.57688358,,,5.17272478,5.80598894,,14.25,,4.989761,1.21360859,5.99184908,,7.8,23.620628,0.52751394,,3.8860001,5.67359431,3.52603165,0.14590507,,9.44,0.943308,
2014-06-17,10.88332245,2.29634658,5.33332796,10.99,0.73278312,4.21,10.79007777,2.57473616,,,5.16666387,5.76728235,,14.0,,4.884713,1.20805313,5.8755025,,7.65,23.638191,0.50812005,,3.8860001,5.65919444,3.47859625,0.14440477,,9.2,0.934654,
2014-06-18,10.999989,2.31749714,5.33332796,11.15,0.78115018,4.16,10.70306131,2.57688358,,,5.08181573,5.61245598,,13.68,,5.175846,1.1861087,6.01124018,,7.944,23.708437,0.50036249,,3.8860001,5.75999434,3.43116085,0.14571754,,9.21,0.925999,
2014-06-19,11.333322,2.26008848,5.26732816,11.08,0.75974881,4.4,10.65955235,2.57688358,,,5.04848241,5.59955378,,13.61,,5.111316,1.16388655,6.01124018,,7.794,23.887569,0.49648371,,3.8860001,5.63999446,3.39163134,0.14252938,,9.020001,0.917345,
2014-06-22,11.24598875,2.23893792,5.33332796,11.1,0.74883415,4.11,10.58413841,2.56036509,,,5.0303006,5.4705318,,13.66,,5.175846,1.15805315,5.99184908,,7.98,23.870006,0.49260493,,3.8860001,5.57519441,3.43906675,0.14102907,,8.96,0.908691,
2014-06-23,11.666655,2.28426055,5.29399494,11.05,0.70624537,4.04,10.58703839,2.4614192,,,4.92424005,5.52214059,,13.55,,4.952244,1.16666427,5.97633621,,7.794,23.655751,0.48484737,,3.8860001,5.59199427,3.38372544,0.14384215,,8.9,0.925999,
2014-06-24,11.4666552,2.22080886,5.27666149,11.03,0.70410528,3.95,10.44201047,2.57688358,,,5.0303006,5.4898851,,13.5,,4.839693,1.15805315,5.97245799,,7.776,23.462573,0.48096859,,3.8860001,5.63999446,3.32047824,0.14084153,,8.8,0.934654,
2014-06-25,11.4666552,2.21476585,5.2699949,11.08,0.67007703,3.8,10.29698254,2.57605765,,,4.92424005,5.18668345,,13.4,,4.838193,1.12638655,5.99184908,,7.65,22.830347,0.46933226,,3.8860001,5.64359434,3.17817203,0.14065399,,8.6,0.908691,
2014-06-26,11.37398862,2.1996583,5.26666137,11.07,0.67392929,3.86,10.32598755,2.55607044,,,4.92424005,5.35441202,,13.55,,4.838193,1.13888655,6.02287484,,7.578,24.224755,0.47321104,,3.8860001,5.81399441,3.20188973,0.14065399,,8.7,0.908691,
2014-06-29,11.37398862,2.16037869,5.37666139,11.0,0.66344262,3.95,10.26797754,2.55309695,,,4.92424005,5.03830818,,13.33,,4.838193,1.1166644,6.05002238,,7.56,24.08426,0.46545348,,3.8860001,5.87879447,3.13864253,0.14065399,,8.48,0.908691,
2014-06-30,11.37398862,2.20570132,5.59999436,11.0,0.65274193,3.8,10.43620935,2.47810303,,,5.00302789,5.14797686,,13.5,,4.838193,1.13888655,5.98797086,,7.38,24.235292,0.47321104,,3.8860001,6.23999387,3.19398383,0.14159169,,8.68,0.908691,
2014-07-02,11.37398862,2.20570132,5.53332776,11.04,0.62278001,3.92,10.41300546,2.52732812,,,5.35454287,5.23184115,,13.4,,4.838193,1.17944199,5.97245799,,7.38,24.175582,0.48484737,,3.8860001,6.11639411,3.24932513,0.14515492,,8.72,0.908691,
2014-07-03,11.52998847,2.2328949,5.46666116,11.04,0.64075719,3.97,10.32598755,2.54384661,,,5.29999744,5.23184115,,13.5,,4.952244,1.18888642,5.99184908,,7.524,24.203682,0.49260493,,3.8860001,6.22679377,3.29676054,0.15003093,,8.770001,0.908691,
2014-07-06,11.52998847,2.22987339,5.48666134,11.11,0.64204125,4.09,10.42750796,2.54384661,,,5.29999744,5.32215653,,13.6,,4.689625,1.218053,6.01124018,,7.95,24.203682,0.49648371,,3.8860001,6.10799424,3.26513693,0.15115616,,8.82,0.917345,
2014-07-07,11.4666552,2.20570132,5.53332776,11.1,0.64204125,4.06,10.482618,2.56036509,,,5.22727021,5.19313455,,13.49,,4.952244,1.23888629,5.90652826,,7.936,24.203682,0.49260493,,3.8860001,5.99999411,3.30466644,0.15190631,,8.86,0.908691,
2014-07-08,11.45198855,2.23591641,5.53332776,11.25,0.62813035,4.14,10.52902693,2.61817979,,,5.14848237,5.21893895,,13.6,,4.952244,1.27777515,5.82508565,,7.928,23.708437,0.49648371,,3.8860001,5.99999411,3.32838414,0.15003093,,9.17,0.943308,
2014-07-09,11.3999886,2.26613149,5.56666106,11.29,0.61421948,4.16,10.72916634,2.67599448,,,5.02424,5.28990103,,13.72,,4.727142,1.2999973,5.84059852,,7.92,23.613605,0.5352715,,3.8860001,5.99999411,3.39163134,0.15078108,,9.8,0.934654,
2014-07-10,11.36532197,2.27519602,5.55999454,11.65,0.60180668,4.07,11.05112716,2.69251297,,,5.15151267,5.4640807,,13.5,,4.665614,1.31666402,5.73976482,,7.912,23.357201,0.5352715,,3.8860001,5.99999411,3.34419594,0.14928077,,9.17,0.925999,
2014-07-13,11.36532197,2.25102395,5.54332789,11.98,0.5992385,4.07,10.87709424,2.79162388,,,5.02424,5.38666752,,13.42,,4.665614,1.29388629,5.7552777,,7.88,23.058651,0.48484737,,3.8860001,5.99999411,3.28094874,0.14890569,,9.07,0.917345,
2014-07-14,11.4666552,2.21778736,5.53332776,12.14,0.62042586,4.05,11.01922218,2.80814236,,,5.02424,5.32215653,,13.59,,4.652108,1.34971945,5.82120743,,7.856,22.830347,0.49648371,,3.8860001,5.99999411,3.31257234,0.15003093,,9.15,0.917345,
2014-07-15,11.36532197,2.28123904,5.54999441,12.3,0.62063987,4.11,11.10913862,2.80781198,,,5.05151272,5.37376532,,13.8,,4.652108,1.36110831,5.91040648,,7.96,22.830347,0.50036249,,3.8860001,5.99999411,3.37581954,0.15453185,,9.51,0.925999,
2014-07-16,11.333988,2.32656167,5.53399456,12.1,0.60180668,4.11,11.08013362,2.80814236,,,5.01514879,5.35441202,,13.8,,4.652108,1.38055275,5.92591935,,7.992,22.707415,0.50036249,,3.8860001,5.99999411,3.38372544,0.15209385,,9.56,0.917345,
2014-07-17,11.4666552,2.43231447,5.58532764,12.35,0.64204125,4.24,11.283173,2.80896827,,,4.94242156,5.49633684,,13.6,,4.652108,1.37221946,6.16636896,,7.992,24.235292,0.49648371,,3.8860001,6.11999399,3.36000774,0.15190631,,9.54,0.917345,
2014-07-20,11.333322,2.43835749,5.51666111,12.3,0.62063987,4.23,11.30927803,2.80814236,,,5.2090887,5.41892301,,13.46,,4.652108,1.34721945,6.10819567,,7.984,23.908642,0.50036249,,3.8860001,5.99999411,3.33629004,0.15003093,,9.46,0.908691,
2014-07-21,11.333988,2.37490581,5.53332776,12.17,0.60993918,4.19,11.07143107,2.80814236,,,5.29696714,5.34796092,,13.4,,4.937238,1.32944174,5.93367579,,7.992,23.908642,0.48872615,,3.8860001,6.11999399,3.27304284,0.15078108,,9.28,0.908691,
2014-07-22,11.9333214,2.41720693,5.53332776,12.15,0.60137863,4.29,11.48621093,2.80830737,,,5.30302775,5.35441202,,13.53,,4.652108,1.32221945,5.97245799,,7.96,23.908642,0.48872615,,3.8860001,6.00119387,3.28094874,0.15003093,,9.19,0.908691,
2014-07-24,11.333322,2.44742201,5.53332776,12.15,0.60993918,4.34,11.94449975,2.97250127,,,5.15151267,5.40602081,,13.49,,4.652108,1.32721947,6.11983033,,8.584,24.937764,0.49648371,,3.8860001,5.99759411,3.33629004,0.15003093,,9.45,0.917345,
2014-07-27,11.333322,2.41720693,5.53332776,12.0,0.61871375,4.32,11.80527323,2.97316217,,,5.28787654,5.37376532,,13.5,,4.652108,1.31944173,6.16249074,,8.712,23.884055,0.49260493,,3.8860001,5.99999411,3.33629004,0.14909323,,9.4,0.917345,
2014-07-31,11.333988,2.43231447,5.52666124,12.0,0.60993918,4.36,12.43179386,2.80979437,,,5.25757322,5.483434,,13.5,,4.787169,1.38138605,6.15861252,,8.64,25.113382,0.49260493,,3.8860001,5.99999411,3.35210184,0.15003093,,9.53,0.917345,
2014-08-03,11.333322,2.3718843,5.46732796,11.9,0.59752639,4.32,12.19974919,2.80830737,,,5.30302775,5.38666752,,13.4,,5.198355,1.3994416,6.12758677,,8.4,23.908642,0.49648371,,3.8860001,5.88119399,3.32838414,0.15096862,,9.6,0.908691,
2014-08-04,11.3999886,2.41116391,5.49999446,12.0,0.60993918,4.28,12.67544077,2.77510539,,,5.2060581,5.72212466,,13.45,,4.728643,1.42999706,6.24005513,,8.32,23.971864,0.49260493,,3.8860001,5.99999411,3.32838414,0.14984339,,9.7,0.917345,
2014-08-05,11.3999886,2.4776371,5.53332776,12.01,0.62063987,4.36,12.62323043,2.80830737,,,5.29696714,5.78663564,,13.75,,4.802176,1.49416362,6.65114639,,8.44,23.919178,0.52363516,,3.8860001,5.88119399,3.37581954,0.15392173,,9.7,0.917345,
2014-08-06,11.39865527,2.45346503,5.44066126,12.0,0.62063987,4.36,12.61452934,2.80814236,,,5.212119,5.72212466,,13.71,,4.770662,1.4972192,6.69768503,,8.664,23.919178,0.5158776,,3.8860001,5.81999429,3.37581954,0.15294134,,9.75,0.917345,
2014-08-07,11.3999886,2.49274464,5.43999439,12.05,0.63134056,4.42,12.77695974,2.80797734,,,5.23939172,5.68986916,,13.8,,4.87721,1.50027464,6.82566627,,8.56,24.586528,0.51975638,,3.8860001,5.87999423,3.43906675,0.15039232,,9.92,0.917345,
2014-08-10,11.4006546,2.48368012,5.43332786,12.2,0.62063987,4.36,12.74795474,2.80797734,,,5.19393659,5.65761431,,13.89,,4.802176,1.47194148,6.70544185,,8.32,23.894592,0.51199883,,3.8860001,5.87279411,3.41534905,0.14725506,,9.75,0.908691,
2014-08-11,11.333322,2.55015331,5.49999446,12.24,0.62170992,4.39,13.15403205,2.89073477,,,5.19393659,5.85114663,,13.85,,4.952244,1.55277464,6.78300586,,8.312,24.586528,0.5158776,,3.8860001,5.75999434,3.42325495,0.14843153,,9.93,0.908691,
2014-08-12,11.3999886,2.52295973,5.46666116,12.1,0.62684629,4.46,13.28455747,2.80814236,,,5.12727025,5.67696696,,13.95,,4.952244,1.60249668,6.94976929,,8.304,24.558428,0.51975638,,3.8860001,5.52119434,3.47859625,0.14529427,,9.95,0.908691,
2014-08-13,11.34998865,2.52598124,5.43332786,12.19,0.62063987,4.51,13.21494465,2.89073477,,,5.11514875,5.65116257,,13.81,,4.923731,1.60944111,7.00018576,,8.272,25.289,0.5158776,,3.8860001,5.52359446,3.60509066,0.1441178,,10.03,0.917345,
2014-08-14,11.333988,2.52900275,5.43332786,12.05,0.63134056,4.62,13.63262478,2.89073477,,,5.30302775,5.61245598,,13.79,,4.952244,1.71916311,7.3104437,,8.24,25.289,0.51199883,,3.8860001,5.51999458,3.56556116,0.14509819,,9.95,0.908691,
2014-08-17,11.333322,2.50785219,5.42999433,12.0,0.64204125,4.6,13.82116166,2.88710072,,,5.36363408,5.63180927,,13.73,,4.950744,1.79166298,7.28717478,,8.12,25.289,0.51199883,,3.8860001,5.52119434,3.54974936,0.14607859,,9.95,0.908691,
2014-08-18,11.333322,2.53504576,5.47999428,11.8,0.60779905,4.49,13.61232087,2.88247553,,,5.38484589,5.56729828,,13.79,,4.952244,1.80082969,7.07775054,,8.08,25.289,0.50812005,,3.8860001,5.6387947,3.49440805,0.14588251,,9.84,0.908691,
2014-08-19,11.333322,2.50483068,5.41666121,11.84,0.60223467,4.52,13.60071834,2.89073477,,,5.25757322,5.59955378,,13.75,,4.937238,1.9163849,7.05448161,,8.12,24.094796,0.50036249,,3.8860001,5.63999446,3.54184345,0.14980408,,10.32,0.900037,
2014-08-20,11.333322,2.49274464,5.40666109,11.84,0.60137863,4.64,13.56301079,2.89073477,,,5.36363408,5.89630432,,13.75,,4.937238,1.95138488,7.14368027,,8.0,24.147483,0.50036249,,3.8860001,5.75999434,3.58927886,0.14980408,,10.59,0.874074,
2014-08-21,11.333322,2.44742201,5.3346611,12.19,0.60159267,4.55,13.47019321,2.87421628,,,5.37878528,5.80598894,,13.7,,4.952244,1.88055161,7.11653273,,7.88,25.289,0.49260493,,3.8860001,5.63519435,3.49440805,0.14588251,,10.43,0.856766,
2014-08-24,11.41665525,2.48670163,5.36599447,12.0,0.59688432,4.54,13.48759685,2.87322518,,,5.63636092,5.74792905,,13.79,,4.881712,1.97194034,7.25614824,,7.904,24.168556,0.49648371,,3.8860001,5.52599445,3.54974936,0.14509819,,10.85,0.856766,
2014-08-25,11.3999886,2.4776371,5.33199483,13.16,0.59688432,4.47,13.45859185,2.80995939,,,5.61211851,5.79953784,,13.76,,5.234372,1.9541626,7.20961,,7.84,24.586528,0.48872615,,3.8860001,5.46359452,3.54974936,0.14588251,,10.88,0.848112,
2014-08-26,11.3999886,2.4776371,5.3293281,12.9,0.59902448,4.46,13.4440879,2.80830737,,,5.6060579,6.07693509,,14.5,,5.001767,1.90277387,7.19409673,,7.984,24.586528,0.48872615,,3.8860001,5.34119452,3.47069035,0.1441178,,10.67,0.839457,
2014-08-27,11.5333218,2.45648654,5.29999466,12.55,0.62063987,4.5,13.40058039,2.80814236,,,5.69696665,6.25756586,,14.65,,5.001767,1.88888501,7.12041134,,8.0,24.67785,0.49260493,,3.8860001,5.51519447,3.48650215,0.1441178,,10.56,0.839457,
2014-08-28,11.5333218,2.46555106,5.26732816,12.7,0.60672898,4.65,13.63262478,2.81722751,,,5.74545147,6.10919059,,14.59,,4.952244,1.85971832,7.07775054,,8.16,24.937764,0.48872615,,3.8860001,5.51999458,3.47859625,0.14313741,,10.51,0.848112,
2014-08-31,11.5333218,2.4776371,5.2693281,12.6,0.59410217,4.66,13.63262478,2.82466085,,,5.57575489,6.05758179,,14.51,,4.952244,1.86110729,7.13592383,,8.04,24.586528,0.49648371,,3.8860001,5.40119446,3.48650215,0.14254917,,10.55,0.856766,
2014-09-01,11.999988,2.44742201,5.33066123,12.7,0.59174802,4.6,13.70513874,2.81788827,,,5.48181554,6.06403289,,14.39,,4.952244,1.8177741,7.05835983,,7.856,24.235292,0.49260493,,3.8860001,5.51879482,3.47069035,0.14117662,,10.6,0.839457,
2014-09-02,11.8666548,2.47461559,5.26666137,12.92,0.59388815,4.62,14.05610602,2.97332719,,,5.37272468,6.0446796,,14.49,,5.027278,1.84999614,7.368617,,8.144,24.590041,0.49648371,,3.8860001,5.4155948,3.57346706,0.14215701,,10.92,0.839457,
2014-09-03,11.8666548,2.55921783,5.26666137,12.69,0.59388815,4.72,13.95748703,2.97332719,,,5.56060338,5.97371751,,14.4,,4.952244,1.81888523,7.44618177,,8.0,24.586528,0.50812005,,3.8860001,5.33999476,3.56556116,0.14176486,,10.89,0.822149,
2014-09-04,11.43465523,2.5471318,5.32332784,12.65,0.59388815,4.76,13.9255806,2.8948644,,,5.48484584,5.87049993,,15.14,,4.952244,1.81694082,7.56252797,,8.12,24.586528,0.50036249,,3.8860001,5.28239481,3.59718476,0.14529427,,11.24,0.822149,
2014-09-07,11.4333219,2.60151895,5.25332825,12.63,0.60458884,4.75,13.92268062,2.97299683,,,5.53030036,5.93501092,,15.35,,4.952244,1.7499964,7.64009275,,8.016,24.498719,0.49260493,,3.8860001,5.28119457,3.65252606,0.15000016,,11.25,0.822149,
2014-09-08,11.4673212,2.56526085,5.2359948,12.55,0.58297345,4.71,13.98069208,2.95680871,,,5.34848227,5.89630432,,15.21,,4.952244,1.76388526,7.56252797,,8.224,24.270414,0.49260493,,3.8860001,5.28239481,3.66833786,0.14509819,,11.36,0.813495,
2014-09-09,11.38198862,2.52295973,5.19999477,12.97,0.55686377,4.66,13.92268062,2.92558878,,,5.45151252,5.64471147,,14.99,,4.676119,1.73610754,7.47720753,,8.224,24.270414,0.48484737,,3.8860001,5.51879482,3.59718476,0.14294133,,11.21,0.813495,
2014-09-10,11.4666552,2.46555106,5.22332794,12.94,0.5649963,4.61,13.95168563,2.95680871,,,5.18787659,5.64471147,,15.25,,5.14283,1.73332983,7.40739919,,8.312,24.340663,0.47321104,,3.8860001,5.40839469,3.58927886,0.13882368,,11.4,0.804841,
2014-09-11,11.35332198,2.4081424,5.19999477,12.77,0.5320382,4.45,13.97779094,2.95664369,,,5.15151267,5.41247191,,14.88,,5.139829,1.64138552,7.26778329,,8.232,25.278463,0.45769592,,3.8860001,5.28119457,3.47069035,0.13725505,,11.25,0.796186,
2014-09-14,11.35332198,2.36281977,5.39999456,12.76,0.55022933,4.47,13.90527698,2.94029022,,,5.28787654,5.4640807,,14.75,,4.952244,1.63444109,7.27166151,,8.208,24.586528,0.4615747,,3.8860001,5.38919471,3.47859625,0.13980407,,11.19,0.813495,
2014-09-15,11.4333219,2.44742201,5.40066136,12.8,0.58853781,4.48,13.91978064,2.87421628,,,5.2090887,5.43827631,,14.6,,4.952244,1.64832995,7.2522708,,8.176,24.41091,0.45769592,,3.8860001,5.38799495,3.44697265,0.13529426,,11.05,0.813495,
2014-09-16,11.32465534,2.38699184,5.46666116,12.99,0.58853781,4.48,13.99519458,2.90725325,,,5.33030046,5.54794499,,14.65,,5.093308,1.71527425,7.34534807,,8.16,24.586528,0.46545348,,3.8860001,5.33999476,3.48650215,0.13392171,,11.17,0.813495,
2014-09-17,11.32465534,2.38094882,5.53332776,13.15,0.5620001,4.46,14.21273647,2.95680871,,,5.07878543,5.41247191,,14.42,,4.952244,1.74860755,7.44618177,,8.24,24.586528,0.45769592,,3.8860001,5.45999464,3.52603165,0.13392171,,11.07,0.813495,
2014-09-18,11.32465534,2.441379,5.56666106,13.25,0.61742967,4.56,14.50279232,2.89073477,,,5.218179,5.51568949,,14.81,,4.997264,1.83027399,7.5470147,,8.472,25.271437,0.4615747,,3.8860001,5.57999452,3.55765526,0.13705897,,11.18,0.813495,
2014-09-21,11.32465534,2.41418542,5.56599426,13.22,0.65745021,4.54,14.50279232,2.89089979,,,5.22727021,5.60600488,,14.9,,4.994263,1.83332957,7.5470147,,8.552,24.586528,0.45769592,,3.8860001,5.4023947,3.54974936,0.13549034,,11.3,0.813495,
2014-09-22,11.32465534,2.38397033,5.33332796,13.11,0.78692855,4.51,14.53179732,2.89089979,,,5.22727021,5.52214059,,14.75,,4.802176,1.80221844,7.71765675,,8.4,24.446033,0.44993836,,3.8860001,5.51999458,3.52603165,0.13254916,,11.22,0.839457,
2014-09-23,11.4666552,2.36281977,5.33332796,13.75,0.74647998,4.48,14.76094173,2.97316217,,,5.35757317,5.41892301,,14.71,,5.004767,1.769163,7.70602248,,8.312,24.428472,0.45381714,,3.8860001,5.57999452,3.52603165,0.13235308,,11.39,0.830803,
2014-09-24,11.4673212,2.35979826,5.39999456,14.7,0.79334897,4.46,14.61881523,2.9155125,,,5.16666387,5.34150983,,14.57,,5.102312,1.75805197,7.60131017,,8.56,24.414423,0.45381714,,3.8860001,5.63999446,3.51021985,0.13352955,,11.62,0.822149,
2014-09-25,11.44865522,2.35375524,5.39932776,14.87,0.8474944,4.37,14.50279232,2.94045524,,,5.33333076,5.32215653,,14.6,,5.132326,1.75999641,7.41903346,,8.2,25.253877,0.44993836,,3.8860001,5.75639447,3.47859625,0.1331374,,11.61,0.822149,
2014-09-28,11.3999886,2.28426055,5.36532813,14.29,0.92004515,4.33,14.42737838,2.93863822,,,5.218179,5.27054774,,14.59,,5.099311,1.7499964,7.368617,,8.2,24.70946,0.4421808,,3.8860001,5.64239446,3.42325495,0.12960798,,11.5,0.813495,
2014-09-29,11.4666552,2.33260468,5.37999438,14.7,0.97590265,4.39,14.76384316,2.95680871,,,5.18181568,5.28990103,,14.15,,5.139829,1.78610752,7.35698195,,8.08,24.70946,0.44605958,,3.8860001,5.93639429,3.46278445,0.12882367,,11.6,0.813495,
2014-09-30,11.37798862,2.35677675,5.34332809,15.4,1.04524315,4.42,14.86536212,2.97332719,,,5.15757327,5.32215653,,13.97,,5.327414,1.75694083,7.29105222,,8.08,25.640236,0.46933226,,3.8860001,5.87759423,3.46278445,0.1294119,,11.56,0.813495,
2014-10-01,11.9333214,2.3386477,5.36666126,16.049999,1.07006874,4.37,14.7348367,3.00636416,,,5.53939157,5.31570543,,13.75,,5.402448,1.77638527,7.27941795,,8.0,25.092308,0.45769592,,3.8860001,5.89199398,3.44697265,0.1303923,,11.47,0.822149,
2014-10-02,11.999988,2.34469072,5.4286612,16.1,1.09125615,4.39,14.61591381,2.99810492,,,6.00908801,5.45117851,,13.68,,5.372434,1.79721845,7.23675753,,8.08,25.092308,0.45769592,,3.8860001,6.0719938,3.45487855,0.13098053,,11.4,0.813495,
2014-10-08,11.78132155,2.3718843,5.43399466,15.9,1.1659469,4.38,14.57530628,3.00636416,,,6.54545139,5.50923839,,13.71,,5.477482,1.77471855,7.17470602,,8.0,25.092308,0.45381714,,3.8860001,6.23999387,3.43906675,0.12960798,,11.4,0.804841,
2014-10-09,11.78132155,2.3386477,5.42999433,15.66,1.2196644,4.37,14.1199186,3.00636416,,,6.96666331,5.41247191,,13.5,,5.327414,1.7499964,6.97691683,,7.92,25.605113,0.45381714,,3.8860001,6.23039364,3.40744314,0.13078445,,11.1,0.804841,
2014-10-12,11.78132155,2.3023896,5.42332774,15.12,1.19847699,4.32,14.03870354,3.03940113,,,6.81514823,5.33505937,,13.31,,5.12032,1.72221868,6.78688408,,7.84,25.236314,0.44605958,,3.8860001,5.87639435,3.36791364,0.12843151,,10.99,0.796186,
2014-10-13,11.78132155,2.21174434,4.78532845,15.2,1.07969938,4.07,13.7776527,2.98984568,,,6.36363329,5.14797686,,13.37,,4.87871,1.62221894,6.39130569,,8.2,25.289,0.41502935,,3.8860001,5.70119416,3.22560743,0.12509817,,10.52,0.778878,
2014-10-14,11.2666554,2.18152925,4.79332864,15.07,1.01656531,4.05,13.63262478,2.94029022,,,6.42423963,5.10927027,,13.3,,4.87721,1.59721894,6.36027993,,7.912,26.869562,0.41115057,,3.8860001,5.75999434,3.17817203,0.12509817,,10.4,0.770224,
2014-10-15,11.2666554,2.19059378,4.72799511,15.1,1.04160487,4.07,13.60361977,2.91567752,,,6.35454209,4.99960159,,13.05,,4.839693,1.54110794,6.3757932,,7.912,25.952836,0.40727179,,3.8860001,5.75879459,3.17817203,0.12509817,,10.2,0.752915,
2014-10-16,11.5999884,2.1301636,4.58666225,14.9,1.11394156,3.98,13.44118792,2.9155125,,,5.75454268,4.83832412,,12.89,,4.839693,1.43749705,6.12370855,,7.912,25.991472,0.39563546,,3.8860001,5.6387947,3.09120712,0.12254915,,9.99,0.744261,
2014-10-19,11.09198891,2.08484097,4.66666197,14.93,1.03796668,3.96,13.42088401,2.9133651,,,5.59696669,4.96089499,,12.6,,4.689625,1.41638603,6.15861252,,8.08,24.909664,0.39563546,,3.8860001,5.51999458,3.06748942,0.12039229,,10.19,0.744261,
2014-10-20,11.09198891,2.05462589,4.66666197,14.68,0.98018297,3.9,13.24975106,2.89899401,,,5.45454282,4.80606862,,12.65,,4.802176,1.38333046,6.11207389,,7.848,24.909664,0.39175668,,3.8860001,5.51999458,3.01214812,0.11823542,,9.8,0.744261,
2014-10-21,11.09198891,2.14527115,4.66666197,14.7,0.9619918,3.93,13.33386754,2.89833345,,,5.55151247,4.85122631,,12.74,,4.802176,1.37833047,6.16636896,,7.776,24.909664,0.39951423,,3.8860001,5.51999458,3.09120712,0.12156876,,9.87,0.76157,
2014-10-22,11.5333218,2.13922813,4.66666197,14.91,1.16209466,3.96,13.78055268,2.80896827,,,5.69090665,4.9157373,,12.8,,4.802176,1.45833034,6.20515116,,7.768,24.909664,0.40727179,,3.8860001,5.51999458,3.12283072,0.12156876,,9.97,0.76157,
2014-10-23,11.09198891,2.11505606,4.66666197,14.9,1.23271919,3.9,13.76024906,2.8576978,,,5.62727001,4.83832412,,12.79,,4.802176,1.46916362,6.1353432,,7.76,25.464618,0.42666569,,3.8860001,5.51999458,3.13073663,0.12019621,,9.88,0.770224,
2014-10-26,10.7006553,2.11203455,4.66666197,14.55,1.35042675,3.91,13.60361977,2.95680871,,,5.30302775,4.83832412,,13.5,,4.802176,1.45666365,6.22842008,,7.76,24.245828,0.45381714,,3.8860001,5.51999458,3.10701892,0.12980406,,9.87,0.76157,
2014-10-27,10.999989,2.0244108,4.67666209,14.5,1.62115415,3.84,13.66162978,2.90725325,,,5.30302775,4.70930214,,13.15,,4.697128,1.38888603,6.12758677,,7.76,24.179092,0.43830202,,3.8860001,5.51879482,3.02005402,0.12411778,,9.79,0.752915,
2014-10-28,10.8666558,2.11505606,4.67399536,14.45,1.73351147,3.95,13.49339797,2.88049331,,,5.45454282,4.78671533,,13.7,,4.692626,1.39444161,6.30210664,,7.76,24.586528,0.44605958,,3.8860001,5.51999458,3.08330122,0.13470603,,10.13,0.752915,
2014-10-29,10.8666558,2.11505606,4.66666197,14.4,1.8554992,3.99,13.7776527,2.87421628,,,5.45454282,4.78671533,,13.7,,4.802176,1.49999692,6.47662691,,7.68,24.179092,0.45381714,,3.8860001,5.86799448,3.13073663,0.13235308,,10.57,0.76157,
2014-10-30,10.84732315,2.14527115,4.68266182,14.55,1.68000793,4.07,14.21853759,2.89073477,,,5.57272428,4.86412851,,13.72,,4.803676,1.57138566,6.61236381,,7.68,25.285487,0.46545348,,3.8860001,6.09599389,3.28094874,0.13607858,,10.62,0.770224,
2014-11-02,11.4666552,2.11807757,4.6733285,14.73,1.69605896,4.11,14.34326189,2.89073477,,,5.56969398,4.87057961,,13.75,,4.802176,1.60527451,6.77524903,,7.68,24.6919,0.47708981,,3.8860001,6.47999364,3.41534905,0.1349021,,10.82,0.787532,
2014-11-03,10.84732315,2.15735718,4.6679951,14.55,2.01493944,4.16,14.79284816,2.89056977,,,5.63636092,4.87057961,,14.1,,4.812681,1.59638564,7.01957724,,7.608,24.6919,0.49648371,,3.8860001,6.46799389,3.46278445,0.13137269,,10.82,0.796186,
2014-11-04,11.666655,2.19059378,4.68266182,14.91,1.86940999,4.2,14.9436772,2.87421628,,,5.53333066,4.87703071,,14.52,,5.018274,1.63194109,7.00018576,,7.6,24.762146,0.50812005,,3.8860001,6.32279367,3.51812575,0.13431387,,10.9,0.787532,
2014-11-05,11.52798847,2.14829266,4.6733285,14.77,1.96250608,4.12,14.87986463,2.89073477,,,5.66666424,4.9350906,,15.02,,5.025778,1.57221894,6.85281381,,7.592,24.937764,0.51975638,,3.8860001,6.23759388,3.41534905,0.13666681,,10.67,0.778878,
2014-11-06,11.52798847,2.16037869,4.66732877,14.74,2.03313061,4.15,15.01039005,2.89073477,,,5.71817936,4.99315049,,14.95,,4.938738,1.58333008,6.90323027,,7.52,24.937764,0.52751394,,3.8860001,6.20399403,3.47859625,0.13529426,,10.69,0.770224,
2014-11-09,11.3999886,2.13318511,4.68266182,14.75,1.96143601,4.08,14.79284816,2.87421628,,,5.6060579,5.05121038,,15.39,,4.87871,1.53471907,6.88771778,,7.44,25.289,0.51975638,,3.8860001,6.11639411,3.44697265,0.13392171,,10.5,0.752915,
2014-11-10,11.4006546,2.25706697,4.66732877,15.24,1.91756319,4.1,14.93787608,2.89073477,,,5.72726997,5.10281917,,15.33,,5.102312,1.54583021,6.85281381,,7.36,25.991472,0.5158776,,3.8860001,5.99999411,3.51021985,0.13333348,,10.53,0.752915,
2014-11-11,11.37332262,2.29332507,4.66666197,15.2,1.9239836,4.12,15.053899,2.73380918,,,5.28181563,5.1737819,,15.3,,4.974755,1.58333008,6.97303861,,7.36,26.339195,0.52363516,,3.8860001,5.99999411,3.57346706,0.13254916,,10.64,0.744261,
2014-11-12,11.3999886,2.25706697,4.66532884,15.09,2.05346203,4.01,14.79284816,2.74206842,,,5.18484629,5.31570543,,15.02,,4.952244,1.55971907,6.84505737,,7.4160008,26.254899,0.51199883,,3.8860001,5.99999411,3.54184345,0.1331374,,10.55,0.735607,
2014-11-13,11.4333219,2.16642171,4.63732853,15.3,2.09198429,3.9,14.50279232,2.89073477,,,5.28787654,5.19313455,,14.9,,4.952244,1.49999692,6.98079505,,7.208,25.991472,0.50424127,,3.8860001,5.99399424,3.44697265,0.12862759,,10.33,0.726953,
2014-11-16,11.3999886,2.1996583,4.63732853,15.27,2.12729656,3.92,14.41577585,2.73892991,,,5.23939172,5.12862356,,14.7,,4.974755,1.49999692,7.01957724,,7.2,25.973909,0.50424127,,3.8860001,6.05999405,3.45487855,0.12745112,,10.45,0.726953,
2014-11-17,11.3999886,2.15131416,4.5733286,15.16,2.1294368,3.79,14.35776439,2.73876472,,,5.34545166,5.06411258,,14.45,,4.803676,1.46916362,6.88383956,,7.2,25.331149,0.49260493,,3.8860001,5.99999411,3.39953724,0.1239217,,10.35,0.726953,
2014-11-18,11.53198847,2.16037869,4.59999537,15.4,2.07272326,3.79,14.4969912,2.89073477,,,5.39393649,5.12862356,,14.4,,4.81118,1.46388591,6.90323027,,7.12,24.779709,0.49260493,,3.8860001,5.93879441,3.39163134,0.12352954,,10.34,0.726953,
2014-11-19,11.47532186,2.23591641,4.65732871,15.1,2.0299203,3.78,14.49989234,2.89073477,,,5.26666382,5.06411258,,14.36,,4.808179,1.4997192,6.9924301,,7.184,24.937764,0.50036249,,3.8860001,6.39479384,3.39953724,0.12490209,,10.3,0.726953,
2014-11-20,11.47532186,2.22383037,4.59999537,15.3,1.99567821,3.8,14.47378731,2.92377174,,,5.72423936,5.11572137,,14.56,,4.805177,1.5116635,7.00018576,,7.12,24.937764,0.51199883,,3.8860001,6.35999376,3.47069035,0.12450994,,10.42,0.726953,
2014-11-23,11.5273218,2.18455076,4.55332895,15.05,2.11766615,3.81,14.47378731,2.97332719,,,5.45454282,5.06411258,,14.48,,4.803676,1.49916361,7.21348822,,7.104,24.590041,0.51199883,,3.8860001,6.29999381,3.48650215,0.12549033,,10.45,0.726953,
2014-11-24,11.3999886,2.1634002,4.59999537,15.01,2.11873601,3.75,14.34036075,2.89073477,,,5.35151257,4.96734609,,14.45,,4.802176,1.47777477,7.17858424,,6.96,24.934251,0.50036249,,3.8860001,6.52799383,3.43116085,0.12509817,,10.3,0.70099,
2014-11-25,11.4333219,2.14829266,4.66666197,16.49,1.97855711,3.75,14.09671355,2.89089979,,,5.15757327,4.9092862,,14.4,,4.854699,1.44388592,7.25614824,,6.96,24.235292,0.49648371,,3.8860001,6.50399373,3.37581954,0.12509817,,10.15,0.709644,
2014-11-26,11.4666552,2.19361529,4.73332857,16.360001,1.97427694,3.75,14.42447724,2.89073477,,,5.34848227,4.90283511,,14.41,,4.854699,1.47166364,7.368617,,6.984,24.235292,0.49648371,,3.8860001,6.45599354,3.41534905,0.12490209,,10.26,0.709644,
2014-11-27,11.4666552,2.17548623,4.76666187,16.290001,1.95608577,3.76,14.44478086,2.89073477,,,5.33333076,4.9415417,,14.55,,4.854699,1.50138578,7.47332892,,6.928,24.586528,0.51199883,,3.8860001,6.81599319,3.43116085,0.12333347,,10.31,0.718299,
2014-11-30,11.665989,2.19361529,4.66666197,16.219999,1.95073532,3.79,14.49409093,2.89073477,,,5.30302775,4.9479928,,14.38,,4.802176,1.48610806,7.46557248,,6.96,24.498719,0.52751394,,3.8860001,6.92879344,3.42325495,0.12470602,,10.22,0.718299,
2014-12-01,11.6306557,2.16037869,4.64999532,16.25,1.95180539,3.75,14.35776439,2.92377174,,,5.19999749,4.9350906,,14.39,,4.764659,1.46527477,7.34534807,,7.12,24.498719,0.5352715,,3.8860001,6.7199934,3.42325495,0.12470602,,10.18,0.709644,
2014-12-02,11.5999884,2.15433567,4.60066217,16.4,1.95073532,3.7,14.35776439,2.97332719,,,5.15151267,4.83832412,,14.19,,4.727142,1.47777477,7.3298348,,7.112,24.41091,0.53139272,,3.8860001,6.70799365,3.41534905,0.12098052,,10.11,0.70099,
2014-12-03,11.5673211,2.16944322,4.63332867,16.4,1.91328281,3.62,14.79284816,2.97349221,,,5.12423995,4.85767741,,13.75,,4.727142,1.55555236,7.368617,,7.176,23.957815,0.54302906,,3.8860001,6.62999349,3.44697265,0.12372562,,10.28,0.692336,
2014-12-04,11.666655,2.19663679,4.63332867,16.4,1.94645515,3.61,14.82185317,2.98984568,,,5.36363408,4.87057961,,13.99,,4.652108,1.6111078,7.368617,,7.288,24.235292,0.55078662,,3.8860001,6.77999334,3.51812575,0.12294131,,10.69,0.70099,
2014-12-07,11.666655,2.23591641,4.65266205,16.4,1.93040412,3.62,14.99588754,2.97349221,,,5.24242141,4.96734609,,13.87,,4.653609,1.60277451,7.46169426,,7.32,24.235292,0.55078662,,3.8860001,6.91199297,3.52603165,0.12294131,,10.85,0.692336,
2014-12-08,11.7333216,2.23591641,4.6013285,17.48,1.91328281,3.57,14.96688109,2.97349221,,,5.30302775,4.9350906,,13.79,,4.652108,1.66610769,7.40739919,,7.24,24.140459,0.56630173,,3.8860001,7.37999275,3.52603165,0.12156876,,10.9,0.692336,
2014-12-09,11.4326559,2.20872283,4.63266187,17.200001,1.87797054,3.5,14.92047244,2.97828275,,,5.17272478,4.87057961,,13.61,,4.652108,1.69332983,7.38025204,,7.304,24.140459,0.56242295,,3.8860001,7.378793,3.51812575,0.12098052,,10.75,0.683682,
2014-12-10,11.01665565,2.20267981,4.59999537,17.299999,1.89188154,3.34,14.78994818,3.07062108,,,5.17272478,4.77381313,,13.41,,4.952244,1.6805521,7.3298348,,7.632,24.586528,0.55078662,,3.8860001,7.54799283,3.43906675,0.11980405,,10.62,0.657719,
2014-12-11,11.00998832,2.16037869,4.56666207,17.15,1.95073532,3.23,14.50279232,3.10547507,,,5.09999754,4.68349775,,13.18,,4.802176,1.64582995,7.13980205,,7.728,24.586528,0.5352715,,3.8860001,7.55999258,3.36791364,0.1156864,,10.5,0.640411,
2014-12-14,11.2666554,2.14224964,4.66599517,17.16,1.90900264,3.06,14.08511219,3.10547507,,,5.09393663,4.3931983,,13.0,,4.667115,1.60971894,6.68992859,,7.208,24.358223,0.5158776,,3.8860001,7.28999284,3.26513693,0.11725503,,10.24,0.571177,
2014-12-15,10.999989,2.09994852,4.31666232,17.0,1.87048016,2.93,14.18083004,3.13867706,,,5.14848237,4.16095874,,12.68,,4.650607,1.58333008,6.58133806,,7.312,25.289,0.50812005,,3.8860001,7.31999281,3.13073663,0.11490208,,10.21,0.605794,
2014-12-16,10.8006552,2.07879796,4.2733289,16.68,1.81055631,2.79,13.7776527,3.20376005,,,4.89393703,3.99968127,,12.65,,4.650607,1.56860792,6.29822842,,7.232,25.253877,0.48484737,,3.8860001,7.19999293,3.02795992,0.10960796,,9.95,0.631757,
2014-12-17,10.7999892,2.03951834,4.14999582,16.35,1.79236515,2.72,13.7631502,3.14115499,,,4.84848251,3.90291479,,12.28,,4.562067,1.5416635,6.31374169,,7.2,24.586528,0.48872615,,3.8860001,7.19999293,3.02795992,0.11313738,,9.8,0.657719,
2014-12-18,10.8666558,2.00930326,4.15666235,16.299999,1.7356514,2.61,13.63262478,3.20458598,,,4.833331,3.70293072,,12.0,,4.427006,1.52777464,6.11595211,,7.224,24.937764,0.48484737,,3.8860001,7.19999293,2.8303124,0.10784325,,9.51,0.649065,
2014-12-21,10.79332187,2.13318511,4.19999577,16.299999,1.78701491,2.81,14.03580211,3.20458598,,,4.95151276,3.80614831,,12.1,,4.419503,1.59027451,6.39906213,,7.592,24.235292,0.50036249,,3.8860001,7.4399927,3.04377172,0.11137267,,9.75,0.675028,
2014-12-22,10.666656,2.20570132,4.06666257,16.25,1.74849233,2.86,13.84146528,3.23762295,,,4.84848251,3.79324611,,12.05,,4.763158,1.63805222,6.32149735,,7.64,24.238805,0.50036249,,3.8860001,7.21199268,3.19398383,0.11078443,,9.69,0.709644,
2014-12-23,10.666656,2.29332507,4.06666257,16.9,1.72816102,2.85,13.86466916,3.38628931,,,4.84848251,3.8190505,,12.2,,4.652108,1.62777438,6.2943502,,7.52,25.289,0.50424127,,3.8860001,7.31999281,3.21770153,0.10941188,,9.7,0.70099,
2014-12-24,10.666656,2.29030356,4.06666257,17.200001,1.73351147,2.81,13.92268062,3.30402726,,,5.06060392,3.80614831,,12.22,,4.652108,1.6294411,6.20515116,,7.496,25.289,0.51199883,,3.8860001,7.31999281,3.16236023,0.10980404,,9.67,0.718299,
2014-12-25,10.6999893,2.28123904,4.05666245,17.299999,1.71210999,2.86,13.92268062,3.54404084,,,4.96969457,3.79324611,,12.32,,4.646105,1.64166324,6.10819567,,7.4,25.289,0.5158776,,3.8860001,7.30079283,3.16236023,0.1101962,,9.49,0.744261,
2014-12-28,10.666656,2.19361529,4.04532926,17.450001,1.69070862,2.84,13.89077419,3.41519665,,,5.29696714,3.8319527,,12.04,,4.607088,1.60277451,6.09656101,,7.4,25.289,0.5158776,,3.8860001,7.31999281,3.25723103,0.11039227,,9.65,0.726953,
2014-12-29,10.666656,2.23591641,4.12532925,17.379999,1.8383781,3.02,14.4969912,3.38628931,,,4.96060397,3.90291479,,12.3,,4.727142,1.65721882,6.27883771,,7.632,25.289,0.52751394,,3.8860001,7.31999281,3.39163134,0.11215698,,10.07,0.692336,
2014-12-30,10.666656,2.2328949,4.10732927,17.35,1.93254404,3.02,14.49409093,3.46888174,,,5.10605814,3.8577571,,12.3,,4.653609,1.65277438,6.24393335,,7.6,25.113382,0.52751394,,3.8860001,7.31999281,3.38372544,0.11098051,,10.2,0.666373,
2014-12-31,10.666656,2.26613149,4.13199584,17.0,2.12515663,2.96,14.45928336,3.63423159,,,4.99999759,3.8448549,,12.07,,4.652108,1.6361078,6.18576006,,7.664,25.078259,0.51975638,,3.8860001,7.31399294,3.35210184,0.11039227,,10.16,0.666373,
2015-01-04,10.666656,2.23591641,4.0733291,16.950001,2.0545321,2.95,14.56080377,3.63406659,,,4.96969457,4.01258347,,12.1,,4.652108,1.61777451,6.08880457,,7.648,25.078259,0.5158776,,3.8860001,7.25999287,3.31257234,0.11098051,,9.97,0.657719,
2015-01-05,10.7999892,2.22080886,4.13332917,16.889999,2.07593336,2.97,14.49409093,3.79925142,,,4.97272487,4.05129006,,12.42,,4.652108,1.62082995,6.12370855,,8.16,24.814832,0.51199883,,3.04000008,7.85879204,3.29676054,0.11098051,,10.03,0.657719,
2015-01-06,10.7999892,2.34771223,3.99999597,16.35,1.99995859,2.84,14.20983649,3.79925142,,,4.85757372,3.87065929,,12.0,,4.577074,1.58805224,5.91816291,,8.0,24.853468,0.49648371,,3.11800008,8.09999205,3.16236023,0.10803933,,9.82,0.640411,
2015-01-08,10.7999892,2.35375524,3.99999597,16.01,2.0438313,2.9,14.50569229,3.88184384,,,4.76060376,3.94807248,,12.21,,4.50204,1.60694109,5.97245799,,8.16,25.461105,0.50036249,,3.07000008,8.09879181,3.24141923,0.10784325,,10.0,0.657719,
2015-01-11,10.7999892,2.35375524,4.00132931,16.049999,2.03420068,2.88,14.48828981,3.88184384,,,4.76060376,3.92871918,,12.3,,4.50204,1.59721894,5.99184908,,8.0,25.991472,0.49648371,,3.05800008,8.04119235,3.26513693,0.10784325,,9.95,0.640411,
2015-01-12,10.7999892,2.30541111,4.06666257,16.15,2.03313061,2.89,14.82185317,3.88184384,,,4.96969457,3.92871918,,12.15,,4.952244,1.65499665,6.27883771,,8.072,26.342708,0.50036249,,3.06400008,8.26799212,3.33629004,0.10764717,,10.3,0.649065,
2015-01-13,10.7999892,2.29634658,4.17599573,16.15,2.13692717,2.93,14.93787608,3.88184384,,,4.99999759,3.96097468,,12.7,,5.442966,1.71110754,6.59685132,,8.2,26.342708,0.50812005,,3.04000008,8.73599178,3.38372544,0.11078443,,10.53,0.649065,
2015-01-14,10.7999892,2.41720693,4.0066625,16.24,2.09733474,2.94,15.80514365,4.03034518,,,4.99999759,4.03838786,,12.93,,5.986212,1.76388526,6.73258939,,8.64,27.396417,0.51199883,,3.24000029,8.87999128,3.41534905,0.11078443,,10.59,0.649065,
2015-01-15,10.7999892,2.42325025,3.99999597,16.02,2.05346203,2.9,15.65721458,3.96278426,,,4.99999759,3.96097468,,12.72,,6.566975,1.7944407,6.88383956,,8.64,27.392903,0.51199883,,3.02200008,8.75279165,3.43906675,0.10784325,,11.05,0.649065,
2015-01-18,10.666656,2.41418542,3.90932933,16.0,2.03313061,2.85,15.37295985,3.71831102,,,5.0121191,3.92871918,,12.49,,6.446921,1.80555185,6.84505737,,8.52,27.392903,0.50424127,,2.91000008,8.69759182,3.43116085,0.10901972,,10.97,0.649065,
2015-01-19,10.53665613,2.41116391,3.86666277,16.0,2.01065928,2.86,15.47157884,3.71665899,,,5.0121191,3.90291479,,12.38,,6.302856,1.88749604,6.86057063,,8.48,27.392903,0.50036249,,2.87000008,9.0011914,3.49440805,0.10686286,,11.38,0.631757,
2015-01-20,10.8006552,2.45044352,3.86599624,16.24,2.01172913,2.91,15.71812602,3.69188126,,,4.99999759,3.95452358,,12.5,,6.227822,1.92194055,7.07775054,,8.392,27.396417,0.51199883,,3.02000008,9.23999093,3.65252606,0.10666678,,11.93,0.631757,
2015-01-21,10.8666558,2.4444005,3.76666288,16.200001,1.99995859,2.88,15.94437016,3.71500699,,,4.98484638,3.93517028,,12.54,,5.875163,1.91527376,7.07775054,,8.248,26.377831,0.52363516,,2.95000008,8.88119152,3.62880836,0.10686286,,11.77,0.614448,
2015-01-22,10.666656,2.44742201,3.76666288,16.0,2.01921983,3.07,16.01108301,3.63505769,,,4.93939125,4.00613237,,12.5,,5.882666,1.92332933,7.05835983,,8.552,27.74414,0.53139272,,2.90400008,8.7599914,3.62880836,0.10980404,,11.75,0.631757,
2015-01-26,10.999989,2.50785219,4.13266264,15.7,2.07486319,3.19,16.15611093,3.65058507,,,4.93636156,3.93517028,,12.35,,5.702584,1.89694057,6.9924301,,8.36,26.693944,0.51975638,,2.95000008,8.63999152,3.56556116,0.11784326,,11.6,0.640411,
2015-01-27,10.4673222,2.52900275,3.86666277,15.95,2.03313061,3.25,16.3388464,3.49382449,,,4.99999759,3.99968127,,12.45,,5.699583,1.97221817,7.12428956,,8.512,28.063766,0.52363516,,3.00000008,9.22798973,3.58137296,0.12352954,,11.69,0.649065,
2015-01-28,10.68332265,2.50180917,3.83532941,16.5,2.09198429,3.23,16.16481231,3.70674774,,,4.94545216,3.96097468,,12.34,,5.620047,1.95832931,6.98079505,,8.44,28.186698,0.5158776,,3.00000008,8.96399003,3.55765526,0.11803934,,11.65,0.631757,
2015-01-29,10.68332265,2.45950805,3.79999617,16.6,2.07218812,3.29,16.11260197,3.65058507,,,4.94545216,3.92871918,,12.35,,5.53751,1.93055159,6.98079505,,8.52,28.797848,0.50812005,,3.00000008,8.54999049,3.51812575,0.1129413,,11.59,0.640411,
2015-02-01,10.68332265,2.44742201,3.86666277,16.75,1.98230235,3.28,16.08359697,3.63324066,,,4.99999759,3.89001259,,12.3,,5.432462,1.93055159,6.82178805,,8.4,28.467688,0.50812005,,2.98600008,8.32799073,3.52603165,0.11176483,,11.6,0.631757,
2015-02-02,10.666656,2.47461559,3.97266267,16.27,1.92612374,3.24,16.24312739,3.63489249,,,4.99696729,3.98677907,,12.29,,5.457973,1.91610726,6.81790983,,8.44,28.450125,0.5158776,,2.99200008,8.33999072,3.49440805,0.11274522,,11.78,0.631757,
2015-02-03,10.666656,2.51691671,3.95999615,17.0,1.94217477,3.34,16.3823542,3.79594773,,,5.06060392,4.05774116,,12.46,,5.834644,1.95138488,6.89547461,,8.792,28.450125,0.51975638,,2.98000008,8.38799067,3.52603165,0.11490208,,12.1,0.631757,
2015-02-04,10.666656,2.54411029,3.99332945,17.25,2.07058302,3.37,16.58539329,3.79925142,,,5.05757362,4.14805654,,12.43,,5.702584,2.00860693,6.92262176,,8.992,28.794337,0.51975638,,2.98800008,8.31599075,3.52603165,0.1156864,,12.15,0.623102,
2015-02-05,10.666656,2.55317482,3.99866264,17.01,2.04650647,3.29,16.53318324,3.79925142,,,4.92424005,4.09644775,,12.3,,5.681575,2.00694032,6.79851912,,9.104,28.453638,0.51199883,,2.96000008,8.33999072,3.50231395,0.11392169,,11.93,0.614448,
2015-02-08,10.666656,2.55317482,3.99332945,17.5,2.03687585,3.27,16.66370866,3.91405488,,,4.99999759,4.19321423,,12.34,,5.702584,1.99999589,6.82566627,,9.112,28.453638,0.50812005,,2.90000008,8.21999085,3.50231395,0.11509816,,11.91,0.614448,
2015-02-09,10.666656,2.5138952,3.95999615,17.450001,1.99835338,3.23,16.35915031,3.73317748,,,5.04545211,4.11580105,,12.2,,5.755107,1.96527374,6.78688408,,9.04,28.453638,0.50424127,,2.92000008,8.11799097,3.48650215,0.11313738,,11.53,0.614448,
2015-02-10,10.666656,2.53806727,3.97999606,17.6,1.98711766,3.25,16.38815532,3.73317748,,,5.36060378,4.09644775,,12.24,,5.729596,1.96805146,6.82566627,,9.44,28.453638,0.50812005,,2.90000008,7.94999115,3.46278445,0.11431385,,11.6,0.605794,
2015-02-11,10.40998892,2.50785219,3.93332937,17.790001,1.96625132,3.17,16.38815532,3.83228839,,,5.11817905,4.01903457,,12.2,,5.624549,1.91610726,6.73646761,,9.32,27.185676,0.49648371,,2.90000008,7.73999139,3.39953724,0.11352953,,11.43,0.605794,
2015-02-12,10.36332297,2.5138952,3.92532945,18.1,1.95341049,3.12,16.38525534,3.79925142,,,5.11817905,3.96742578,,12.02,,5.657564,1.90277387,6.58521666,,9.312,28.450125,0.49260493,,2.86000008,7.79999132,3.35210184,0.11156875,,11.22,0.605794,
2015-02-15,10.666656,2.49878796,3.88666269,19.0,1.9550156,3.17,16.24312739,3.7348295,,,5.24242141,3.99323017,,12.03,,5.641056,1.92499613,6.63951212,,9.088,28.801361,0.49260493,,2.85600008,7.97999112,3.36791364,0.11098051,,11.27,0.614448,
2015-02-16,10.7999892,2.53806727,3.88999595,18.92,1.91649312,3.12,16.18511593,3.79941644,,,4.85151281,4.00788442,,11.95,,5.534508,1.88888501,6.53479981,,8.88,28.450125,0.48484737,,2.80200008,7.81199131,3.34419594,0.10725502,,11.21,0.605794,
2015-02-17,10.5999894,2.47159408,3.84666286,18.25,1.86994513,3.02,16.09809947,3.84798094,,,4.84848251,3.87339165,,11.88,,5.327414,1.83332957,6.34088884,,8.8,28.450125,0.47321104,,2.83800008,7.70999142,3.28885464,0.10529423,,11.12,0.605794,
2015-02-18,10.666656,2.4776371,3.80332944,18.5,1.8041359,3.08,16.02558551,3.84880687,,,4.84848251,3.78597136,,11.86,,5.352925,1.81944071,6.36027993,,8.8,28.450125,0.48096859,,2.81000008,7.7339914,3.32047824,0.11078443,,11.2,0.605794,
2015-02-19,10.13665653,2.43835749,3.80066271,18.299999,1.8041359,3.11,15.99367908,3.84616392,,,4.84848251,3.77252208,,11.86,,5.327414,1.80555185,6.28271593,,8.72,28.801361,0.48096859,,2.80200008,7.76999136,3.28885464,0.11156875,,11.12,0.605794,
2015-02-22,10.11599055,2.44742201,3.99932944,18.48,1.76079812,3.14,16.01108301,3.84616392,,,4.84848251,3.69855106,,11.9,,5.25238,1.79166298,6.24393335,,8.48,28.450125,0.47708981,,2.80000008,7.67999146,3.25723103,0.11117659,,11.04,0.605794,
2015-02-23,10.11599055,2.44742201,3.7733294,18.4,1.78647977,3.12,16.4867743,3.84880687,,,4.96666397,3.71200033,,12.0,,5.25238,1.84638512,6.35640133,,8.4,28.801361,0.5158776,,2.80600008,7.68599145,3.28885464,0.11372561,,11.2,0.605794,
2015-02-24,10.666656,2.441379,3.77999626,18.299999,1.75758791,3.04,16.52158072,3.83228839,,,4.86060402,3.63130467,,12.0,,5.202857,1.81666299,6.33701062,,8.4,28.604669,0.49260493,,2.80400008,7.64999149,3.27304284,0.11666679,,11.06,0.59714,
2015-02-25,10.666656,2.44742201,3.77999626,18.110001,1.73993178,3.0,16.43746423,3.84880687,,,4.59393718,3.59768148,,11.98,,5.34242,1.79999638,6.32149735,,8.392,28.604669,0.48872615,,2.80000008,7.67399146,3.24932513,0.11960797,,10.94,0.59714,
2015-02-26,10.79332187,2.39605637,3.79466271,17.950001,1.69338379,2.91,16.21412239,3.84880687,,,4.84848251,3.52371046,,11.9,,5.304903,1.78999638,6.20515116,,8.0,28.604669,0.47708981,,2.80000008,7.37999179,3.21770153,0.11784326,,10.86,0.59714,
2015-03-01,10.66932199,2.4776371,3.75999635,18.0,1.67733276,2.92,16.0052816,3.96443626,,,4.84848251,3.55733365,,11.86,,5.177346,1.79166298,6.27883771,,8.0,28.415002,0.47708981,,2.77600007,7.40399176,3.16236023,0.11960797,,10.8,0.59714,
2015-03-02,10.66932199,2.4776371,3.74999623,17.84,1.70622461,2.94,16.15611093,3.8157699,,,4.84848251,3.57750757,,11.98,,5.25238,1.825274,6.43784432,,8.0,28.450125,0.48096859,,2.80000008,7.19999199,3.24141923,0.11823542,,11.13,0.588486,
2015-03-03,10.66932199,2.4776371,3.73332958,17.969999,1.74795729,2.99,16.15611093,3.83228839,,,4.84848251,3.59095684,,11.98,,5.25238,1.86055182,6.4921394,,8.08,28.30963,0.48096859,,2.72000007,7.34399183,3.28094874,0.12352954,,11.19,0.579831,
2015-03-04,10.66932199,2.48065861,3.72999631,17.790001,1.73030116,3.01,16.06619304,3.79925142,,,4.84848251,3.6178554,,11.94,,5.214863,1.86194059,6.46499186,,7.88,28.629256,0.48096859,,2.72000007,7.07999212,3.28094874,0.12352954,,11.34,0.579831,
2015-03-05,10.20798979,2.49274464,3.73399611,17.85,1.73832667,3.04,16.30113885,3.79925142,,,4.91817945,3.66492787,1.0,12.01,,5.222366,1.8880517,6.72483256,,8.112,28.625743,0.48872615,,2.70400007,7.11599208,3.31257234,0.12431386,,11.49,0.588486,
2015-03-08,10.2006558,2.4776371,3.73332958,17.549999,1.74795729,3.06,16.30113885,3.79925142,,,4.91817945,3.6716525,1.0,12.0,,5.16234,1.91666273,6.78688408,,7.88,28.625743,0.49260493,,2.68400007,7.02599218,3.35210184,0.12352954,,11.58,0.59714,
2015-03-09,10.23665643,2.49576615,3.72999631,17.5,1.72548585,3.01,16.44036537,3.79925142,,,4.99696729,3.63802931,1.0,11.99,,5.154835,1.95638487,6.94976929,,7.88,28.274507,0.49260493,,2.79800008,7.55999159,3.35210184,0.12431386,,11.63,0.59714,
2015-03-10,10.21465645,2.50785219,3.73332958,17.450001,1.72548585,3.05,16.47517178,3.78273293,,,4.93939125,3.65820323,1.0,11.95,,5.141329,1.97221817,6.94201285,,7.84,28.450125,0.49648371,,2.66200007,7.61999152,3.38372544,0.12549033,,11.76,0.579831,
2015-03-11,10.666656,2.45346503,3.72599618,17.5,1.75598281,2.94,16.50417824,3.78273293,,,4.99999759,3.55060902,1.0,11.5,,5.057292,1.91527376,6.74422327,,7.72,28.625743,0.48096859,110.45,2.65400007,7.26599192,3.27304284,0.12254915,,11.5,0.571177,
2015-03-12,10.666656,2.4776371,3.73332958,17.26,1.75437771,2.93,16.99727201,3.79842549,,,4.98484638,3.55060902,1.0,11.34,,5.139829,1.91666273,6.82566627,,7.76,28.327193,0.47708981,106.85,2.66000007,7.26599192,3.28094874,0.12313739,,11.47,0.579831,
2015-03-15,10.666656,2.50785219,3.73532951,17.309999,1.76240322,3.0,17.17130639,3.79925142,,,4.98484638,3.53715974,1.0,11.46,,5.027278,1.92777387,6.86444885,,7.68,28.327193,0.48484737,108.0,2.62200007,7.2839919,3.43906675,0.12235307,,11.54,0.588486,
2015-03-16,10.61332272,2.51691671,3.73399611,17.309999,1.69659399,2.9,16.85224409,3.78256791,,,4.98484638,3.49008727,1.0,11.25,,4.952244,1.88832954,6.71707613,,7.6,28.453638,0.47321104,113.51,2.60200007,7.21799197,3.34419594,0.12078444,,11.3,0.571177,
2015-03-17,10.61332272,2.53504576,3.73199624,17.549999,1.66288683,2.86,16.82323909,3.7554776,,,4.93939125,3.49008727,1.0,11.23,,5.177346,1.88332955,6.77524903,,7.52,28.453638,0.46933226,121.69,2.59200007,7.37999179,3.36791364,0.11960797,,11.2,0.571177,
2015-03-18,10.61332272,2.52900275,3.71799626,17.68,1.61312863,2.81,16.81743797,3.7554776,,,4.89393703,3.42956553,1.0,11.29,,5.402448,1.84610729,6.60848637,,7.36,28.141038,0.4615747,124.87,2.40000006,7.19999199,3.31257234,0.11960797,,11.0,0.562523,
2015-03-19,10.61332272,2.50785219,3.63332968,17.709999,1.58744698,2.81,16.82323909,3.76621445,,,4.89393703,3.39594233,1.0,11.17,,5.552516,1.84721843,6.67441532,,7.928,28.801361,0.47708981,132.78999,2.49600007,7.30199188,3.36000774,0.11784326,,10.98,0.562523,
2015-03-22,10.61332272,2.48368012,3.63332968,17.73,1.47669487,2.72,16.77102903,3.7579552,,,4.98484638,3.31524668,1.0,11.05,,5.552516,1.81888523,6.61236381,,7.28,28.801361,0.47321104,132.0,2.40200006,7.187992,3.31257234,0.11176483,,10.75,0.545215,
2015-03-23,10.3999896,2.49274464,3.59332985,17.549999,1.42051626,2.71,16.82323909,3.75745966,,,4.89393703,3.31524668,1.0,10.92,,5.33942,1.83027399,6.62399886,,7.36,28.801361,0.46545348,131.5,2.42000007,7.13999206,3.32047824,0.12058836,,10.91,0.527906,
2015-03-24,10.34665632,2.48368012,3.53332978,17.790001,1.52484796,2.73,16.88125055,3.63406659,,,4.94545216,3.30852204,1.0,10.81,,5.357428,1.83027399,6.65114639,,7.424,28.801361,0.46933226,131.35001,2.40000006,6.97199224,3.33629004,0.11764718,,10.9,0.519252,
2015-03-25,10.333989,2.4776371,3.45332979,17.59,1.62115415,2.61,16.76522763,3.61738308,,,4.65151291,3.22782638,1.0,10.83,,5.213363,1.78471855,6.51540833,,7.28,28.801361,0.45769592,124.0,2.42000007,6.77999246,3.29676054,0.11764718,,10.75,0.519252,
2015-03-26,10.333323,2.40209938,3.39999658,17.299999,1.50719183,2.53,16.63470221,3.60466367,,,4.65151291,3.11350753,1.0,10.8,,5.205859,1.70249653,6.20515116,,7.24,29.152597,0.4421808,122.88,2.35800006,6.61199264,3.24141923,0.114706,,10.28,0.519252,
2015-03-29,10.666656,2.34469072,3.44999653,17.059999,1.50879693,2.57,16.67821116,3.60466367,,,4.65151291,3.14040608,1.0,10.86,,5.247878,1.70277425,6.20515116,,7.36,28.625743,0.44993836,119.0,2.29600006,6.53999272,3.27304284,0.1119609,,10.44,0.527906,
2015-03-30,10.666656,2.41720693,3.4099967,17.049999,1.50077141,2.58,16.59989608,3.47714098,,,4.69696743,3.26144957,1.0,11.25,,5.51,1.78749627,6.08880457,,7.28,28.625743,0.44605958,117.5,2.37000006,6.48599278,3.22560743,0.11862758,,10.49,0.519252,
2015-03-31,10.666656,2.42325025,3.46666318,17.01,1.49756121,2.6,16.49257571,3.46888174,,,4.75757346,3.27489885,1.0,11.36,,6.06,1.840274,6.18576006,,7.32,29.328215,0.44605958,117.49,2.54000007,6.51599275,3.23351333,0.1184315,,10.52,0.510598,
2015-04-01,10.666656,2.3718843,3.39999658,17.0,1.45582853,2.55,16.6056972,3.46888174,,,4.84242191,3.24127565,1.0,11.2,,5.79,1.82777411,6.16636896,,7.28,29.152597,0.4421808,117.43,2.64800007,6.50399276,3.22560743,0.11764718,,10.4,0.510598,
2015-04-02,10.666656,2.38699184,3.33733004,17.0,1.47348466,2.58,16.52158072,3.46888174,5.69999975,,4.75757346,3.19420319,1.0,10.99,,5.2,1.80638515,6.06941347,,7.424,29.328215,0.43830202,115.9,2.60000007,6.53999272,3.16236023,0.11764718,,10.3,0.510598,
2015-04-05,10.666656,2.35677675,3.33799664,16.25,1.40446523,2.55,16.10099945,3.46888174,5.42250025,,4.75757346,3.09333361,1.0,10.85,,5.19,1.72527426,5.77854701,,7.36,28.151575,0.41890813,113.0,2.50000007,6.34199294,3.09911302,0.11000012,,10.04,0.510598,
2015-04-06,10.666656,2.29332507,3.33332998,16.440001,1.38680909,2.48,15.48898277,3.46888174,5.46,,4.75757346,3.05971042,1.0,10.81,,5.0,1.71944097,5.72037372,,7.32,28.151575,0.40727179,113.49,2.44600007,6.22199308,3.00424222,0.1119609,,9.94,0.519252,
2015-04-07,10.666656,2.32656167,3.39333005,16.690001,1.40446523,2.49,15.77613719,3.46855137,5.80499975,,4.75757346,3.11350753,1.0,10.88,,5.09,1.69444096,5.84447674,,7.32,28.151575,0.41115057,113.5,2.39600006,6.23999306,3.00424222,0.1156864,,10.05,0.527906,
2015-04-08,10.7333226,2.38094882,3.39999658,17.01,1.3884142,2.5,15.86605508,3.43584477,6.23,,4.75757346,3.16057999,1.0,11.1,,5.0,1.70832982,5.93755401,,7.32,28.172648,0.41502935,115.84,2.40200006,6.39599288,2.97261861,0.11156875,,10.16,0.571177,
2015-04-09,10.68332265,2.34166921,3.41999649,16.709999,1.3884142,2.46,16.10680086,3.46888174,6.0,,4.75757346,3.09333361,1.0,11.24,,4.84,1.71666311,6.04226594,,7.48,28.502811,0.40727179,116.88,2.40000006,6.35399293,2.94099501,0.11549032,,10.24,0.59714,
2015-04-14,10.666656,2.31145412,3.40199651,17.0,1.38680909,2.46,16.38525534,3.46888174,6.3725,,4.75757346,3.10005825,1.0,11.2,,4.79,1.73638527,6.10431745,,7.456,28.151575,0.41502935,116.5,2.40000006,6.41399286,2.96471271,0.11078443,,10.23,0.571177,
2015-04-15,10.666656,2.35073374,3.39266318,16.99,1.36433765,2.36,16.35915031,3.44905955,6.5,,4.75757346,3.10005825,1.0,11.1,,4.78,1.73527424,6.05002238,,7.44,28.169135,0.41115057,115.99,2.40200006,6.3839929,2.93308911,0.11078443,,10.09,0.571177,
2015-04-16,10.666656,2.33260468,3.33332998,16.809999,1.33223559,2.33,16.29533745,3.4488942,6.4975,,4.75757346,2.95884085,1.0,10.9,,4.6,1.70416311,5.87162428,,7.44,28.172648,0.41115057,117.98,2.57800007,6.29999299,2.87774781,0.11078443,,10.03,0.571177,
2015-04-19,10.666656,2.35677675,3.33332998,16.799999,1.33223559,2.34,16.04008801,3.4488942,6.5625,,4.75757346,3.02608723,1.0,10.85,,4.7,1.73610754,5.8755025,,7.44,28.801361,0.41502935,115.5,2.40000006,6.34799294,2.88565371,0.11372561,,10.09,0.571177,
2015-04-20,10.666656,2.3023896,3.33666324,16.950001,1.26803146,2.29,15.66011572,3.44872918,6.48500025,,4.75757346,2.96556548,1.0,10.78,,4.64,1.6797188,5.76303414,,7.32,28.738138,0.40339301,113.9,2.30000006,6.23999306,2.82360248,0.10980404,,9.9,0.553869,
2015-04-21,10.666656,2.29634658,3.29999668,16.98,1.21827326,2.3,15.49768387,3.38628931,6.42250025,,4.75757346,2.94539157,1.0,10.5,,4.6,1.6805521,5.70098262,,7.08,29.328215,0.40339301,112.0,2.30000006,6.23999306,2.81419047,0.10980404,,10.08,0.553869,
2015-04-22,10.666656,2.35073374,3.25332999,16.799999,1.21185285,2.37,15.86605508,3.38628931,6.46999975,,4.39393727,2.95884085,1.0,10.33,,4.66,1.67777439,5.80181633,,7.08,29.328215,0.40339301,112.0,2.40000006,6.293993,2.7388944,0.11137267,,10.17,0.553869,
2015-04-23,10.666656,2.3718843,3.29933015,16.950001,1.27605698,2.4,15.95307155,3.30369689,6.5,,4.54545235,2.93194229,1.0,10.3,,4.65,1.6805521,5.81732921,,7.2,29.152597,0.39951423,111.0,2.39600006,6.41999286,2.7388944,0.11274522,,10.29,0.553869,
2015-04-26,10.666656,2.31145412,3.20333004,17.0,1.31939476,2.37,15.8718562,3.30353187,6.5,,4.48484632,2.8983191,1.0,10.2,,4.7,1.65332994,5.73976482,,7.408,29.152597,0.39951423,110.0,2.36000006,6.3839929,2.71065838,0.1119609,,10.1,0.545215,
2015-04-27,10.13665653,2.27821753,3.20333004,16.9,1.30334373,2.33,15.95307155,3.22110447,6.375,,4.27272521,2.89159446,1.0,10.18,,4.84,1.66388553,5.70098262,,7.208,28.450125,0.39175668,108.5,2.20200006,6.20999309,2.63536231,0.10901972,,10.16,0.545215,
2015-04-28,10.666656,2.27821753,3.06999684,17.17,1.21987837,2.23,15.80804362,3.22110447,6.2725,,4.27272521,2.77727561,1.0,9.78,,4.65,1.62221894,5.36357753,,7.32,28.731115,0.368484,109.9,2.28000006,6.05999326,2.44712215,0.10764717,,9.75,0.553869,
2015-04-29,10.666656,2.35073374,3.13466351,17.5,1.25037533,2.34,15.9965805,3.22110447,6.30000025,,4.54242205,2.844522,1.0,9.88,,4.87,1.70138539,5.53421919,,7.32,29.152597,0.37236278,110.0,2.40000006,6.35999292,2.56006625,0.11274522,,10.2,0.562523,
2015-04-30,10.666656,2.36886279,3.13933017,17.6,1.27124167,2.35,16.21412239,3.22110447,6.375,,4.65454321,2.85797127,1.0,10.0,,5.05,1.7249964,5.62341823,,7.496,29.152597,0.38399912,114.01,2.45000007,6.41999286,2.59771428,0.12137268,,10.19,0.579831,
2015-05-03,10.666656,2.26613149,3.19999678,17.690001,1.2359294,2.36,16.09229835,3.22110447,6.13250025,,4.72424015,2.94539157,1.0,9.85,,5.08,1.69499652,5.56524494,,7.552,28.625743,0.37624156,113.6,2.45000007,6.41399286,2.59771428,0.11235306,,10.05,0.571177,
2015-05-04,10.666656,2.32958318,3.18799679,17.799999,1.21987837,2.31,16.24892851,3.22110447,6.11250025,,4.72424015,2.96556548,1.0,9.8,,5.28,1.74360753,5.68159153,,7.52,28.678429,0.368484,113.0,2.40000006,6.29999299,2.66359834,0.11274522,,10.19,0.571177,
2015-05-05,10.666656,2.32656167,3.19999678,17.889999,1.24556002,2.33,16.38525534,3.20458598,6.31,,4.72424015,2.92521765,1.0,9.92,,5.54,1.76388526,5.86774606,,8.0,30.206305,0.38012034,113.96,2.59800007,6.35999292,2.76713043,0.11549032,,10.35,0.571177,
2015-05-06,10.666656,2.29634658,3.109997,17.74,1.26321615,2.32,16.35915031,3.13851204,6.71750025,,4.72424015,2.92521765,1.0,9.92,,5.4,1.76110755,5.8561114,,7.96,29.862093,0.38012034,111.1,2.60000007,6.26999302,2.78595445,0.11235306,,10.37,0.571177,
2015-05-07,10.7326566,2.29030356,3.06733011,17.85,1.2359294,2.3,16.24312739,3.21945246,7.125,,4.66666442,2.89159446,1.0,9.9,,5.3,1.73610754,5.84835496,,7.92,31.400509,0.37624156,111.0,2.60000007,6.44999282,2.7294824,0.11000012,,10.28,0.571177,
2015-05-10,10.7326566,2.28123904,3.07333011,17.6,1.22790388,2.28,16.24312739,3.21945246,6.82499975,,4.54545235,2.8108988,1.0,9.75,,5.23,1.74166312,5.70098262,,7.76,28.811898,0.37236278,110.4,2.46600007,6.22799307,2.72007039,0.11215698,,10.05,0.571177,
2015-05-11,10.7326566,2.28123904,3.06666358,17.700001,1.21506306,2.27,16.5157796,3.21928744,7.19999975,,4.54545235,2.80417417,1.0,9.41,,5.19,1.72221868,5.75915592,,7.96,28.818924,0.37236278,110.0,2.50000007,6.11999319,2.7294824,0.10588247,,10.17,0.562523,
2015-05-12,10.7326566,2.28123904,3.03399681,17.6,1.182961,2.15,16.41716032,3.22110447,7.5025,,4.30302823,2.7571017,1.0,9.25,,5.22,1.69471868,5.72037372,,8.44,28.818924,0.37236278,108.12,2.60000007,6.0179933,2.60712629,0.10588247,,10.0,0.562523,
2015-05-13,10.68332265,2.22080886,3.00733037,17.6,1.16851507,2.1,16.44616678,3.30369689,7.44999975,,4.30302823,2.71675387,1.0,9.05,,5.35,1.69444096,5.7358866,,8.008,28.804874,0.37236278,108.1,2.50000007,5.82599352,2.56006625,0.09960795,,10.0,0.562523,
2015-05-14,10.666656,2.12109908,3.06533025,17.299999,1.07541909,2.02,16.43166427,3.33673386,7.125,,4.30302823,2.64278285,1.0,8.25,,5.17,1.65277438,5.54585384,,7.92,29.855069,0.35684767,103.57,2.45400007,5.54999383,2.45653416,0.09705893,,9.59,0.553869,
2015-05-17,10.666656,2.26008848,3.06599705,16.700001,1.04010682,1.97,16.21412239,3.3701012,7.5,,4.28484642,2.51501472,1.0,8.23,,5.32,1.62777438,5.52258453,,7.92,28.485248,0.34909011,102.0,2.31000006,5.45999393,2.40947412,0.10254913,,9.18,0.553869,
2015-05-18,10.7333226,2.34469072,3.19266339,17.9,1.11233646,2.09,17.11619491,3.4692121,7.09749975,,4.68181592,2.67640604,1.0,8.83,,5.62,1.73110755,5.89101538,,8.0,28.485248,0.36460522,111.26,2.58000007,5.96399336,2.58830227,0.10941188,,9.76,0.579831,
2015-05-19,10.7333226,2.31145412,3.19999678,17.0,1.1845661,2.14,17.09008988,3.52669643,7.0,,4.68181592,2.79072489,1.0,9.0,,5.39,1.76944084,6.20515116,,7.984,28.976979,0.40339301,113.1,2.42800007,6.23999306,2.72007039,0.10980404,,10.25,0.579831,
2015-05-20,10.666656,2.26613149,3.06666358,17.700001,1.14122832,2.02,16.76522763,3.55147416,7.1,,4.62120989,2.91849302,1.0,8.8,,5.4,1.72916311,5.93367579,,7.92,28.804874,0.3878779,112.0,2.58000007,6.56999269,2.67301035,0.10725502,,10.05,0.553869,
2015-05-21,10.5333228,2.26008848,3.13333018,17.0,1.16048955,2.01,16.86674804,3.55147416,7.12,,4.54545235,3.01936259,1.0,8.81,,5.45,1.77721857,6.11595211,,8.24,28.804874,0.40727179,112.0,2.50000007,6.71999252,2.80477846,0.11039227,,10.3,0.571177,
2015-05-24,10.5333228,2.23591641,3.13333018,17.0,1.19740692,2.07,16.99727201,3.5597334,7.0,,4.54545235,3.10005825,1.0,9.03,,5.35,1.77777412,6.26332445,,8.168,28.801361,0.41502935,112.5,2.41200006,6.86399236,3.01184264,0.1119609,,10.4,0.562523,
2015-05-25,10.666656,2.24800244,3.13333018,16.959999,1.28408249,2.06,16.87834941,3.5597334,6.875,,4.54545235,3.10005825,1.0,9.0,,5.3,1.74221867,6.20515116,,8.0,29.152597,0.41502935,111.2,2.40000006,6.59999266,3.00243064,0.11215698,,10.3,0.562523,
2015-05-26,10.666656,2.22080886,3.09999688,17.0,1.40446523,2.04,16.75072512,3.41932628,6.875,,4.54545235,3.08660897,1.0,8.85,,5.44,1.75832969,6.28271593,,8.0,29.152597,0.41115057,110.0,2.40000006,6.5579927,3.04949068,0.10784325,,10.26,0.562523,
2015-05-27,10.6999893,2.2328949,3.09999688,16.6,1.42051626,2.15,16.48967428,3.5597334,6.875,,4.61817959,3.04626114,1.0,9.15,,5.39,1.77499641,6.20515116,,7.84,28.959416,0.40727179,110.85,2.40200006,6.53999272,2.99301863,0.10666678,,10.2,0.562523,
2015-05-28,10.6999893,2.19361529,3.09999688,16.99,1.38038868,2.12,16.67531118,3.55163918,7.0875,,4.61817959,2.99246404,1.0,8.87,,5.25,1.75555198,6.14697786,,7.92,28.976979,0.39951423,107.31,2.31000006,6.74999249,2.9553706,0.10588247,,10.09,0.553869,
2015-06-02,11.333322,2.16642171,3.09999688,16.68,1.3370509,2.05,16.73622262,3.55147416,7.05000025,,4.61817959,2.92521765,1.0,8.81,,5.08,1.72221868,6.03063128,,7.912,28.836484,0.3878779,104.75,2.24400006,6.65999259,2.94595859,0.10509815,,9.83,0.545215,
2015-06-03,11.333322,2.13922813,3.09999688,16.889999,1.32421007,2.1,16.82613906,3.55130914,7.025,,4.61817959,2.90504374,1.0,8.85,,5.0,1.72221868,6.04226594,,7.768,29.15611,0.39175668,104.25,2.24400006,6.71999252,2.9647826,0.10509815,,9.95,0.545215,
2015-06-04,11.333322,2.09994852,3.09999688,16.49,1.32099986,2.08,16.72172012,3.54288453,7.02,,4.61817959,2.83107272,1.0,8.7,,5.0,1.71638539,5.98797086,,7.76,28.871607,0.38399912,106.0,2.30200006,6.53999272,2.91772256,0.10392168,,9.93,0.545215,
2015-06-07,10.9333224,2.09994852,3.09999688,16.49,1.29852842,2.13,16.5911947,3.5351207,6.94750025,,4.39393727,2.82434808,1.0,8.6,,5.06,1.69444096,5.8948936,,7.752,28.804874,0.38012034,105.35,2.20000006,6.52199274,2.86125051,0.10392168,,9.6,0.545215,
2015-06-08,10.9333224,2.06973343,3.13333018,18.0,1.28087229,2.1,16.7536251,3.53462529,7.0,,4.39393727,2.77727561,1.0,8.67,,5.1,1.68805209,5.81732921,,7.68,28.625743,0.37624156,103.51,2.26600006,6.47999279,2.82360248,0.10176481,,9.48,0.545215,
2015-06-09,10.7999892,2.06973343,3.13266365,16.530001,1.27284677,2.07,16.88125055,3.53462529,6.97249975,,4.12727074,2.73692778,1.0,8.36,,5.0,1.68749653,5.87938072,,7.72,28.801361,0.36460522,107.16,2.26600006,6.39599288,2.75771842,0.1009805,,9.34,0.545215,
2015-06-10,10.80665652,2.08786248,3.14999683,16.42,1.30334373,2.11,16.95086337,3.47218542,6.9625,,4.15151315,2.77055097,1.0,8.48,,5.07,1.68166324,5.91040648,,7.712,28.625743,0.37236278,106.0,2.20200006,6.35999292,2.78595445,0.09843148,,9.38,0.545215,
2015-06-11,10.7999892,2.00930326,3.13333018,16.01,1.27445187,2.09,17.05528347,3.46970766,6.9975,,4.09696772,2.73020314,1.0,8.31,,5.07,1.66666324,5.7164955,,7.448,28.467688,0.36072645,106.0,2.33800006,6.59399266,2.68242236,0.09803932,,9.05,0.545215,
2015-06-14,10.7999892,2.02138929,3.09999688,16.0,1.24556002,2.1,17.00597456,3.53495568,6.875,,4.4454524,2.66295676,1.0,8.29,,4.88,1.62055223,5.68159153,,7.48,28.485248,0.36072645,105.1,2.22000006,6.59999266,2.67301035,0.09705893,,8.96,0.545215,
2015-06-15,10.85998847,2.01534627,3.13266365,15.8,1.22629878,2.07,17.11329493,3.50191871,7.0025,,4.39393727,2.67640604,1.0,8.25,,4.67,1.63194109,5.57300138,,7.52,28.485248,0.34909011,105.0,2.20000006,6.47999279,2.63536231,0.09509814,,8.8,0.53656,
2015-06-16,10.85998847,2.01836778,3.16666348,15.5,1.2359294,2.09,16.9479631,3.46904676,7.42500025,,4.36060396,2.70330459,1.0,8.28,,4.88,1.62777438,5.61178358,,7.52,30.030687,0.35296889,104.9,2.20800006,6.53999272,2.69183436,0.09607853,,8.89,0.545215,
2015-06-17,10.7006553,2.08181947,3.19266339,15.5,1.23111409,2.12,16.939262,3.46904676,7.3975,,4.36060396,2.77727561,1.0,8.33,,4.87,1.64582995,5.6156618,,7.512,28.573057,0.35296889,105.0,2.25200006,6.41999286,2.68242236,0.1009805,,8.97,0.53656,
2015-06-18,10.82065584,2.05462589,3.15133016,15.5,1.21827326,2.11,16.8145377,3.55147416,7.475,,4.40908878,2.7571017,1.0,8.37,,4.9,1.6555521,5.63505289,,7.48,29.855069,0.35296889,104.99,2.25000006,6.6539926,2.65418633,0.10078442,,9.22,0.545215,
2015-06-21,10.82065584,2.01836778,3.19999678,15.2,1.19901203,2.12,16.82323909,3.55147416,7.5,,3.93939204,2.72347851,1.0,8.3,,4.88,1.6261078,5.56912316,,7.352,29.855069,0.34909011,103.5,2.25000006,6.59999266,2.64477432,0.09843148,,9.25,0.53656,
2015-06-22,10.7999892,1.96700214,3.16666348,15.1,1.18777631,2.1,16.91025555,3.55147416,7.625,,4.0606041,2.6696814,1.0,8.16,,4.7,1.6111078,5.54585384,,7.2,29.837506,0.34521133,103.0,2.20000006,6.50399276,2.6165383,0.09705893,,9.14,0.53656,
2015-06-23,10.7999892,1.96095912,3.11666353,15.0,1.15567424,2.08,16.96826701,3.55147416,7.5,,4.21211918,2.64950748,1.0,8.06,,4.69,1.59721894,5.4372637,,7.2,29.770773,0.34133255,101.51,2.24000006,6.33599295,2.56006625,0.09764716,,8.9,0.53656,
2015-06-24,10.7999892,2.00628175,3.08333023,14.56,1.16209466,2.09,16.92475805,3.5597334,7.35,,4.14848285,2.66295676,1.0,8.13,,4.46,1.61083008,5.54585384,,7.152,29.770773,0.34521133,103.01,2.20200006,6.34199294,2.58830227,0.09862756,,9.01,0.545215,
2015-06-25,10.7999892,1.918658,2.99999698,14.92,1.16530486,2.09,16.82033911,3.55147416,7.55000025,,3.93939204,2.65623212,1.0,8.19,,4.5,1.63832997,5.46053302,,7.0,29.855069,0.34133255,107.0,2.20000006,6.31199298,2.57889026,0.09862756,,9.3,0.53656,
2015-06-28,10.7999892,1.93678705,2.9826638,14.68,1.19419672,2.08,16.90155416,3.55147416,7.42500025,,4.23939189,2.69657995,1.0,8.35,,4.5,1.63971882,5.50707165,,7.104,29.855069,0.35684767,106.01,2.20200006,6.29999299,2.6165383,0.09803932,,9.29,0.545215,
2015-06-29,10.8999891,1.96095912,2.89333055,15.0,1.17493548,2.05,16.67821116,3.55147416,7.2525,,4.04545259,2.66295676,1.0,8.2,,4.31,1.6111078,5.42950726,,6.96,29.855069,0.35684767,104.0,2.10200006,6.52199274,2.58830227,0.09784324,,9.1,0.545215,
2015-07-02,10.89532177,1.93376554,2.99999698,15.05,1.17654058,2.0,16.47517178,3.55147416,7.255,,4.04545259,2.65623212,1.0,8.28,,4.29,1.60277451,5.34030821,,6.8,29.855069,0.34909011,105.0,2.11200006,6.29999299,2.56006625,0.09470598,,8.88,0.545215,
2015-07-05,10.89532177,1.90355045,2.8806637,15.0,1.17172527,2.0,16.53318324,3.5503177,7.5025,,4.04545259,2.62933357,4.08,8.26,,4.44,1.58388563,5.38684685,,6.68,29.855069,0.34909011,103.02,2.10000006,6.15599315,2.59771428,0.09470598,,8.95,0.545215,
2015-07-06,10.89532177,1.88844291,2.99199705,14.7,1.11554667,1.88,15.95307155,3.54932675,7.2525,,4.4424221,2.48811617,3.75,8.1,,4.0,1.52749692,5.00290312,,6.576,29.855069,0.32969621,103.0,2.10000006,5.99999332,2.49418219,0.09686285,,8.5,0.545215,
2015-07-07,10.89532177,1.87333537,2.83199715,14.6,1.0818395,1.86,15.61950674,3.54916158,7.5,,4.36363426,2.41414514,3.6,8.1,,4.0,1.47916363,4.76245351,,6.4,29.855069,0.32581743,100.1,2.10000006,5.87999346,2.45653416,0.09352951,,8.2,0.545215,
2015-07-08,10.666656,1.88844291,2.73333058,14.98,1.06418337,1.81,15.37295985,3.46888174,7.0,,4.31817974,2.42086978,3.51,8.0,,4.14,1.42999706,4.59569007,,6.48,29.855069,0.31805988,100.0,2.09800006,5.75999359,2.38123809,0.09411775,,7.98,0.53656,
2015-07-09,10.66532267,1.90355045,2.62599729,14.93,1.05936806,1.8,15.33815344,3.41932628,7.2525,,4.23030099,2.38724659,3.35,7.85,,3.8,1.4027749,4.75081885,,6.728,29.851556,0.3141811,100.0,2.00000005,6.00599332,2.36241407,0.09019617,,8.08,0.527906,
2015-07-12,10.66998933,1.84312028,2.60066392,14.52,1.04652723,1.8,15.52668916,3.39223597,7.13749975,,4.23030099,2.42759442,3.44,7.89,,3.71,1.41666376,4.65386337,,6.4160008,29.855069,0.31805988,100.0,2.18000006,5.80799354,2.37182608,0.08843147,,8.03,0.53656,
2015-07-13,10.666656,1.8159267,2.53999731,14.51,1.04010682,1.79,15.37876097,3.30369689,7.0875,,4.23030099,2.38052195,3.42,7.91,,3.61,1.36777502,4.5220039,,6.68,29.75321,0.31805988,100.0,2.00000005,5.71199424,2.34359006,0.087255,,7.7,0.527906,
2015-07-14,10.666656,1.86729235,2.53399732,14.52,1.10110074,1.81,15.54699278,3.30369689,7.085,,4.36060396,2.40069587,3.51,7.89,,3.51,1.37444162,4.5220039,,6.6,29.855069,0.3141811,99.870003,2.00000005,5.99999332,2.29653002,0.0862746,,7.8,0.53656,
2015-07-15,10.666656,1.90355045,2.63933068,15.0,1.14283342,1.87,15.93566791,3.30369689,7.2525,,4.23030099,2.46794225,3.55,8.05,,3.8,1.3994416,4.69652378,,6.736,29.855069,0.33745377,101.5,2.05000006,6.59999266,2.38123809,0.08647068,,7.97,0.545215,
2015-07-16,10.666656,1.95793761,2.62933062,14.72,1.13801811,1.93,16.02558551,3.38628931,7.75,,4.34848275,2.48811617,3.57,8.19,,3.75,1.41333046,4.82838324,,6.92,29.855069,0.34133255,101.0,2.05000006,6.49199278,2.48477018,0.0890197,,8.23,0.571177,
2015-07-21,10.666656,1.94887308,2.59999738,15.06,1.10752115,1.92,16.30113885,3.38628931,7.7475,,3.96969506,2.4948408,3.55,8.14,,3.72,1.43110817,4.91370407,,7.0,29.855069,0.33357499,101.0,2.15800006,6.48599278,2.46594617,0.09352951,,8.3,0.562523,
2015-07-22,11.31265535,1.94887308,2.59999738,15.1,1.11394156,1.94,16.30113885,3.38628931,7.5025,,4.0606041,2.53518863,3.51,8.03,,3.75,1.4127749,4.7197931,,7.0,28.804874,0.33745377,101.0,2.10000006,6.47999279,2.44712215,0.09431383,,8.22,0.553869,
2015-07-26,11.31265535,1.97908817,2.63333068,15.37,1.09468033,1.99,16.24312739,3.38794132,7.5,,4.0606041,2.60915966,3.51,8.05,,3.82,1.41666376,4.75081885,,6.96,28.808385,0.33745377,100.0,2.04000005,6.27599302,2.44712215,0.09411775,,8.44,0.562523,
2015-07-27,10.7339886,1.90052895,2.63266415,15.03,1.05134254,1.93,16.02558551,3.51017795,7.5625,,4.09090712,2.60243502,3.45,7.95,,3.6,1.37499717,4.53751678,,6.912,30.030687,0.32193866,101.0,2.04000005,6.26999302,2.277706,0.09098049,,7.98,0.553869,
2015-07-28,10.9333224,1.918658,2.63199735,15.43,1.09147012,1.93,16.16771345,3.38661968,7.5025,,4.09090712,2.62260893,3.56,7.99,,3.59,1.34721945,4.61508117,,6.96,29.855069,0.32581743,101.9,2.10000006,6.41399286,2.31535403,0.09039225,,8.06,0.553869,
2015-07-29,10.9333224,1.96398063,2.59999738,15.65,1.12967157,1.97,16.47517178,3.4028078,8.2524995,,4.09090712,2.63605821,3.56,8.08,,3.8,1.40138604,4.75081885,,6.8,29.679451,0.33357499,107.4,2.07800006,6.41999286,2.36241407,0.09392167,,8.16,0.545215,
2015-07-30,10.9333224,1.96398063,2.59333086,16.15,1.3511758,2.02,16.44616678,3.55147416,8.94499975,,4.28484642,2.6696814,3.54,8.07,,4.02,1.41110818,4.85777398,,6.8,28.952393,0.34521133,111.5,2.04400006,6.41999286,2.40006211,0.09313735,,8.270001,0.545215,
2015-08-02,10.9333224,1.9549161,2.53999731,16.1,1.27918693,2.0,16.30113885,3.51678517,8.875,,4.28484642,2.75037706,3.5,8.11,,4.0,1.41666376,4.87999619,,6.8,29.855069,0.34521133,111.5,2.04400006,6.29999299,2.40006211,0.0945099,,8.55,0.545215,
2015-08-03,10.93198907,1.9549161,2.50066402,16.35,1.20442925,1.96,16.17641455,3.55147416,8.8125,,3.98484656,2.68985531,3.43,8.0,,3.86,1.37777489,4.79999625,,6.752,29.503833,0.33745377,110.0,2.04400006,6.47999279,2.35300207,0.09294128,,8.4,0.545215,
2015-08-04,10.7999892,1.93376554,2.5199974,16.299999,1.19335404,1.98,16.38815532,3.54321492,8.875,,4.23939189,2.68985531,3.49,8.06,,3.89,1.39444161,4.82221845,,6.6160008,28.941856,0.34909011,110.0,2.04000005,6.44999282,2.3906501,0.09411775,,8.51,0.545215,
2015-08-05,10.9333224,1.93980856,2.52266413,16.450001,1.17674122,1.98,16.24312739,3.63423159,8.92500025,,4.33636155,2.68313068,3.41,7.97,,3.92,1.37805275,4.79999625,,7.04,28.941856,0.34521133,109.01,2.03000005,6.46199281,2.38123809,0.09117657,,8.56,0.545215,
2015-08-09,10.70332263,1.84009877,2.49999748,16.6,1.11582756,1.97,15.95017157,3.65058507,8.75,,4.21211918,2.58898574,3.3,8.03,,4.0,1.33333059,4.67999634,,6.888,28.854047,0.33357499,109.0,2.03000005,6.35999292,2.36241407,0.08862755,,8.4,0.545215,
2015-08-10,10.6999893,1.84312028,2.50333075,16.0,1.12690277,1.94,15.95307155,3.64926358,8.75,,3.97272536,2.62933357,3.17,8.2,,3.85,1.31944173,4.62221861,,7.192,29.855069,0.32969621,108.0,2.03000005,6.43199284,2.35300207,0.0917648,,8.26,0.545215,
2015-08-11,10.7666559,1.81290519,2.50533094,16.299999,1.12136516,1.96,16.09229835,3.78273293,8.875,,3.97272536,2.63605821,3.17,8.23,,3.85,1.32777502,4.66666302,,6.96,30.206305,0.33357499,108.01,2.00000005,6.59399266,2.35300207,0.08960794,,8.35,0.545215,
2015-08-12,10.70332263,1.77362558,2.48933083,16.299999,1.09090833,1.91,15.70362323,3.68378704,8.875,,4.18181617,2.55536255,3.06,8.020001,,3.6,1.27221958,4.55555199,,6.848,29.855069,0.32581743,107.5,1.90400025,6.50999276,2.29653002,0.0890197,,8.2,0.53656,
2015-08-13,10.8666558,1.80988369,2.50666401,16.0,1.07983312,1.89,15.71522575,3.68362202,8.74250025,,3.98484656,2.58898574,3.0,7.96,,3.5,1.23610857,4.51555203,,7.0,30.206305,0.32581743,105.5,1.95000005,6.44999282,2.32476604,0.09098049,,8.19,0.545215,
2015-08-16,10.70332263,1.74945351,2.44666427,16.0,1.02445706,1.86,15.61950674,3.68362202,8.0625,,4.19696767,2.54863791,2.9,7.86,,3.42,1.19444199,4.44444097,,6.632,29.855069,0.31805988,103.03,1.90200005,6.30599298,2.29653002,0.08705892,,7.94,0.53656,
2015-08-17,10.6999893,1.75247502,2.4199975,15.99,0.99676903,1.81,15.181523,3.55147416,8.375,,4.34848275,2.48139153,2.83,7.8,,3.45,1.20833085,4.24444113,,6.6,29.858582,0.3141811,103.75,1.99400005,6.17999312,2.18358592,0.08823539,,7.7,0.545215,
2015-08-18,10.667322,1.67693731,2.46666418,15.51,0.95800579,1.78,14.96688109,3.88184384,8.125,,4.15151315,2.48139153,2.8,7.7,,3.35,1.18055313,4.15110787,,6.584,29.858582,0.31030232,102.21,1.98000005,6.11999319,2.14593788,0.09411775,,7.51,0.545215,
2015-08-19,10.667322,1.62859317,2.39999758,15.51,0.91370495,1.73,14.53179732,3.55147416,7.82499975,,4.15151315,2.3536234,2.68,7.58,,3.15,1.19083086,4.12444122,,6.48,30.206305,0.29866598,101.0,1.98000005,5.91599342,2.07064182,0.09392167,,7.49,0.53656,
2015-08-20,10.66798933,1.56816299,2.39999758,15.0,0.90539854,1.7,13.9255806,3.48540022,7.75,,4.15151315,2.32000021,2.58,7.47,,3.02,1.2011087,4.08444125,,6.4,29.855069,0.2947872,99.900002,1.88000005,5.81999352,2.01416977,0.09392167,,7.32,0.527906,
2015-08-23,10.666656,1.53190489,2.35999776,14.99,0.84448488,1.61,13.6297248,3.48540022,7.9825,,4.21211918,2.25275383,2.34,7.32,,2.99,1.15833098,3.91999694,,6.048,29.855069,0.27539331,97.0,1.83800005,5.4839939,1.91063768,0.09019617,,7.0,0.519252,
2015-08-24,10.666656,1.51377584,2.29933115,14.0,0.80295283,1.52,13.48759685,3.51843719,8.0,,4.17878586,2.13843498,2.33,6.74,,2.72,1.09971996,3.73333042,,6.24,29.858582,0.26763575,96.0,1.83800005,5.35199405,1.8165176,0.09352951,,6.97,0.510598,
2015-08-25,10.67332332,1.54096942,2.26666439,14.0,0.78357121,1.57,13.98069208,3.30353187,8.125,,3.63636188,2.07118859,2.25,6.77,,2.74,1.1074977,3.75555262,,6.32,29.858582,0.26763575,91.989998,1.83800005,5.40599399,1.88240165,0.09588246,,7.07,0.519252,
2015-08-26,10.67332332,1.55607696,2.26666439,14.0,0.76142079,1.56,14.11411748,3.30369689,8.0,,3.63636188,2.07118859,2.18,6.69,,2.7,1.09360884,3.72888597,,6.48,29.858582,0.26375697,90.099998,1.80000005,5.43599395,1.86357764,0.09588246,,6.99,0.510598,
2015-08-27,10.666656,1.5711845,2.27999777,13.95,0.78357121,1.62,14.26784679,3.46888174,8.7475005,,3.96969506,2.11826106,2.44,6.79,,2.77,1.13888655,3.80444147,,6.64,29.855069,0.27151453,92.5,1.85000005,5.69999366,1.94828571,0.10156874,,7.24,0.53656,
2015-08-30,10.666656,1.56816299,2.26666439,13.94,0.77803361,1.64,14.21273647,3.30369689,8.0,,3.81817998,2.14515961,2.58,7.11,,2.75,1.1552754,3.82221923,,6.504,29.855069,0.27151453,91.5,1.80000005,5.69999366,1.95769772,0.10607854,,7.3,0.53656,
2015-08-31,10.6999893,1.62255015,2.33999751,14.0,0.81956565,1.66,14.79284816,3.33689888,8.125,,4.11817983,2.21913063,2.65,7.14,,2.86,1.21527528,3.92444138,,6.736,29.855069,0.27927209,96.0,1.77600005,6.11999319,2.02358178,0.10960796,,7.63,0.53656,
2015-09-01,10.6999893,1.56816299,2.36666428,13.98,0.79741523,1.64,14.40127335,3.36151159,8.0,,4.11817983,2.25275383,2.6,6.97,,2.78,1.20833085,3.91110805,,6.736,29.855069,0.27927209,95.0,1.76000005,5.99999332,2.00475776,0.11078443,,7.58,0.53656,
2015-09-02,10.7333226,1.55909847,2.3533309,13.98,0.80849044,1.7,14.15472501,3.46888174,7.995,,4.08787682,2.212406,2.55,7.08,,2.75,1.15083097,3.83110812,,6.64,29.855069,0.27539331,93.010002,1.72000005,5.99999332,1.94828571,0.1064707,,7.34,0.53656,
2015-09-03,10.666656,1.63161468,2.38333093,13.89,0.81125924,1.72,14.64782024,3.50191871,8.01249975,,4.01514958,2.24602919,2.61,7.12,,2.95,1.16083098,3.8622192,,6.88,29.872632,0.27539331,93.099998,1.80000005,5.99999332,1.96710973,0.10882365,,7.5,0.527906,
2015-09-06,10.666656,1.63161468,2.37399768,13.5,0.79187762,1.67,14.7348367,3.58451113,8.0,,4.01514958,2.212406,2.57,7.08,,2.85,1.16527541,3.77777483,,6.784,29.872632,0.27151453,93.0,1.80000005,5.98199334,1.92946169,0.11411777,,7.55,0.527906,
2015-09-07,10.7999892,1.61952864,2.39666432,13.0,0.78910882,1.67,14.71743422,3.42262997,8.0,,4.01514958,2.1787828,2.59,7.03,,2.84,1.14583098,3.73333042,,6.72,29.890192,0.27539331,93.0,1.73000005,5.98199334,1.9388737,0.114706,,7.7,0.527906,
2015-09-08,10.7999892,1.55607696,2.31733087,12.41,0.76142079,1.59,14.50279232,3.5597334,8.0,,3.93939204,2.13171034,2.39,6.95,,2.72,1.0849978,3.59999719,,6.8,29.855069,0.25599941,89.199997,1.70000005,5.88599345,1.83534161,0.10784325,,7.22,0.519252,
2015-09-09,10.6999893,1.5711845,2.3199976,12.66,0.75034558,1.57,14.45928336,3.41932628,8.0,,3.87878601,2.09136251,2.44,6.9,,2.64,1.06888669,3.6666638,,6.568,29.858582,0.25987819,90.0,1.68600005,5.87999346,1.8259296,0.11313738,,7.13,0.510598,
2015-09-10,10.7333226,1.53794791,2.33333098,12.49,0.73650156,1.56,14.43027835,3.46888174,8.25,,3.87878601,2.09136251,2.38,6.85,,2.54,1.05555339,3.66221936,,6.872,29.855069,0.25987819,87.800003,1.79000005,5.93999339,1.80710559,0.10941188,,7.05,0.519252,
2015-09-13,10.667322,1.53190489,2.33333098,12.8,0.74480797,1.57,14.55790264,3.41750924,8.2524995,,4.16666466,2.08463787,2.43,6.89,,2.55,1.07999781,3.64888604,,6.88,29.855069,0.25987819,85.529999,1.75800005,5.87999346,1.8165176,0.11176483,,7.0,0.527906,
2015-09-14,10.667322,1.57722752,2.3533309,12.25,0.73927037,1.64,14.86536212,3.4194913,8.3175,,4.23333129,2.09136251,2.47,6.87,,2.58,1.08360883,3.69333045,,6.92,29.328215,0.26375697,89.0,1.75800005,5.94599338,1.86357764,0.10784325,,7.1,0.519252,
2015-09-15,10.667322,1.57420601,2.31333107,12.15,0.78357121,1.68,14.86536212,3.41965665,8.3175,,4.23333129,2.15860889,2.44,6.89,,2.65,1.08221997,3.68444156,,6.92,28.811898,0.26375697,89.0,1.74000005,5.78399356,1.86357764,0.10568639,,7.09,0.519252,
2015-09-16,10.666656,1.60139959,2.33333098,12.2,0.78634002,1.68,15.02489255,3.50191871,8.3125,,4.23333129,2.1249857,2.43,7.34,,2.83,1.10944214,3.73333042,,6.928,29.890192,0.27151453,91.0,1.76600005,5.99999332,1.89181366,0.10431384,,7.12,0.519252,
2015-09-17,10.7333226,1.55607696,2.33333098,12.9,0.77803361,1.66,15.02489255,3.55147416,8.4975005,,4.19696767,2.11153642,2.47,7.41,,3.03,1.11944212,3.72444153,,6.912,29.855069,0.26763575,90.0,1.71000005,6.14999316,1.87298964,0.10764717,,7.08,0.510598,
2015-09-20,10.666656,1.52586187,2.5493309,12.3,0.83064086,1.61,15.08290401,3.55147416,8.25,,4.03030109,2.16533353,2.41,7.12,,3.0,1.11360882,3.68888601,,6.912,29.855069,0.26375697,89.0,1.71000005,6.07199324,1.84475362,0.10980404,,6.95,0.493289,
2015-09-21,10.666656,1.54096942,2.59999738,12.1,0.85279129,1.61,15.37005988,3.55147416,8.25,,4.03030109,2.13171034,2.4,7.12,,3.12,1.14138654,3.71110821,,6.64,29.858582,0.26763575,88.989998,1.71000005,6.16799314,1.86357764,0.10392168,,6.99,0.501944,
2015-09-22,10.666656,1.54701243,2.46733072,12.01,0.85279129,1.61,15.51798778,3.50191871,8.25,,4.09090712,2.1787828,2.41,7.09,,3.19,1.15555313,3.71110821,,6.72,29.858582,0.26763575,89.0,1.71000005,6.14999316,1.87298964,0.10450992,,7.06,0.501944,
2015-09-28,10.666656,1.54399092,2.49999748,12.25,0.83064086,1.6,15.7674361,3.46888174,8.24250025,,4.0575738,2.14515961,2.45,7.2,,3.2,1.14444212,3.68888601,,6.68,29.855069,0.27539331,89.5,1.66000004,6.293993,1.90122567,0.10490207,,6.99,0.510598,
2015-09-29,10.666656,1.5349264,2.43733095,12.0,0.81125924,1.61,15.6630157,3.46888174,8.25,,4.0575738,2.11153642,2.41,7.1,,3.17,1.13333098,3.6444416,,6.56,29.858582,0.27539331,88.5,1.65200004,6.09599322,1.88240165,0.10392168,,6.9,0.501944,
2015-09-30,10.666656,1.52284036,2.36666428,12.25,0.81679685,1.64,15.56729669,3.55147416,8.75,,4.0575738,2.10481178,2.42,7.06,,3.14,1.1277754,3.65777492,,6.424,29.872632,0.27539331,87.099998,1.65200004,6.17399313,1.90122567,0.09901971,,6.9,0.501944,
2015-10-01,10.666656,1.51377584,2.33199765,12.0,0.80295283,1.65,15.45707634,3.48622615,8.25,,4.0575738,2.09808715,2.4,7.0,,3.13,1.14721984,3.63555271,,6.56,29.865606,0.27151453,86.669998,1.60000004,6.0179933,1.91063768,0.09921579,,6.87,0.501944,
2015-10-04,10.666656,1.50773282,2.26799772,11.56,0.79187762,1.65,15.42516991,3.55147416,8.1274995,,3.94242234,2.10481178,2.4,7.0,,3.0,1.11083111,3.61333051,,6.488,29.865606,0.27151453,86.300003,1.60000004,5.99999332,1.89181366,0.09901971,,6.82,0.493289,
2015-10-05,10.666656,1.49262528,2.31666433,11.5,0.78634002,1.64,15.34395485,3.46888174,8.17500025,,4.09090712,2.09808715,2.32,6.95,,3.02,1.09694225,3.59555275,,6.4,29.855069,0.26763575,86.0,1.60000004,6.00599332,1.88240165,0.10058834,,6.75,0.484635,
2015-10-07,10.666656,1.52586187,2.32999772,11.5,0.80018403,1.7,15.6630157,3.50191871,8.29749975,,4.14242224,2.11153642,2.35,7.03,,3.12,1.10777553,3.65333048,,6.48,30.381923,0.27151453,85.849998,1.56200004,6.38999289,1.94828571,0.10196089,,6.85,0.484635,
2015-10-08,10.666656,1.54701243,2.33133105,11.96,0.94969939,1.84,15.95597153,3.50191871,8.375,,4.2424222,2.13843498,2.4,7.09,,3.16,1.1277754,3.78666415,,6.512,30.030687,0.30642354,86.010002,1.57400004,6.59999266,1.97652174,0.10294129,,6.98,0.493289,
2015-10-11,10.667322,1.58327054,2.35666416,11.99,1.04937629,1.91,15.98207655,3.50142315,8.495,,4.29393732,2.1787828,2.55,7.13,,3.24,1.14721984,3.9155525,,6.48,29.855069,0.30254476,87.0,1.56000004,6.59999266,2.02358178,0.10352952,,6.96,0.484635,
2015-10-12,10.62665537,1.6044211,2.05933119,12.06,1.02445706,1.98,16.09809947,3.55147416,8.3125,,4.30302823,2.19223208,2.7,7.2,,3.26,1.17194201,3.9599969,,6.792,29.855069,0.30254476,90.989998,1.59000004,6.59999266,2.08005383,0.10784325,,7.13,0.493289,
2015-10-13,10.333323,1.62859317,2.02933136,12.25,1.02168826,1.94,16.16191205,3.46888174,8.5,,4.30302823,2.36034804,2.8,7.16,,3.2,1.20416414,3.91110805,,6.864,29.855069,0.29866598,88.75,1.58000004,6.59999266,2.0518178,0.10784325,,7.05,0.493289,
2015-10-15,10.333323,1.61650713,2.01466457,12.04,1.01338185,1.93,16.12710447,3.46888174,8.2749995,,4.35454335,2.39397123,2.75,7.11,,3.15,1.20055312,3.87110809,,6.64,30.557542,0.30254476,88.0,1.47000004,6.59999266,2.09887784,0.10725502,,7.01,0.484635,
2015-10-18,10.6333227,1.60139959,2.00866458,12.06,1.00230664,1.94,15.83704863,3.45236325,8.255,,4.39393727,2.29982629,2.64,7.04,,2.94,1.18749756,3.85777476,,7.16,29.907755,0.2947872,86.779999,1.46000004,6.59399266,2.0518178,0.10686286,,6.95,0.484635,
2015-10-19,10.37398962,1.6044211,2.07999797,12.3,1.01891946,1.96,15.88055759,3.45236325,8.25,,4.37575547,2.37379732,2.82,7.2,,2.97,1.218053,4.08888569,,6.648,29.872632,0.30642354,88.0,1.56800004,6.5639927,2.09887784,0.10588247,,7.18,0.484635,
2015-10-20,10.37398962,1.61650713,2.07199791,12.65,1.02999467,1.99,15.84865115,3.45236325,8.42500025,,4.39393727,2.36707268,2.91,7.24,,3.0,1.22221971,4.11999722,,6.88,29.855069,0.3141811,88.970001,1.60000004,6.5639927,2.11770186,0.10686286,,7.21,0.493289,
2015-10-21,10.37398962,1.6044211,2.05266467,12.8,1.02445706,1.97,15.79354112,3.45236325,8.55000025,,4.37575547,2.40069587,3.05,7.17,,2.94,1.23305299,4.19999672,,6.72,30.04825,0.31805988,91.480003,1.60000004,6.58799267,2.13652588,0.10764717,,7.18,0.519252,
2015-10-22,10.37398962,1.58629205,2.03199795,12.8,1.04383868,1.93,15.75003216,3.45236325,8.5625,,4.42424029,2.3536234,2.98,7.15,,2.86,1.23249744,4.1333301,,6.72,29.858582,0.31805988,91.0,1.52200004,6.41999286,2.10828985,0.10392168,,7.11,0.510598,
2015-10-25,10.46998953,1.60744261,2.06599792,12.85,1.07429552,1.92,15.6630157,3.45236325,8.75,,4.51211904,2.32672485,3.03,7.14,,2.98,1.26527515,4.19110784,,6.704,29.858582,0.32581743,89.800003,1.52200004,6.40799287,2.10828985,0.10392168,,7.11,0.510598,
2015-10-26,9.99999,1.59233506,2.05866453,13.0,1.07152671,1.93,15.58470062,3.45236325,8.5024995,,4.29696762,2.29982629,2.99,7.11,,2.97,1.24999743,4.15999675,,6.792,29.855069,0.32193866,88.0,1.54000004,6.24599305,2.10828985,0.10568639,,7.11,0.519252,
2015-10-27,9.99999,1.5711845,2.02666463,13.17,1.0632203,1.88,15.40776627,3.45236325,8.375,,4.14848285,2.25947846,2.95,7.08,,3.05,1.24721971,4.05333017,,6.68,29.855069,0.32193866,86.989998,1.50200004,6.59999266,2.06122981,0.10490207,,6.95,0.519252,
2015-10-28,9.5999904,1.55909847,2.03266462,12.99,1.07152671,1.87,15.34395485,3.45236325,8.25,,4.03030109,2.2662031,2.92,6.94,,3.23,1.20833085,4.03110796,,6.544,29.855069,0.32193866,87.699997,1.50200004,6.65999259,2.04240579,0.10450992,,6.85,0.510598,
2015-10-29,9.34132399,1.58629205,2.02666463,13.0,1.07429552,1.89,15.40196486,3.38628931,8.375,,3.96969506,2.31327557,2.9,6.93,,3.2,1.21583083,4.06666349,,6.4,29.855069,0.32581743,87.989998,1.50400004,6.59999266,2.04240579,0.11215698,,6.89,0.501944,
2015-11-01,9.34132399,1.5711845,2.00599798,13.0,1.08813953,1.85,15.40196486,3.4028078,8.375,,3.95151325,2.212406,2.84,6.89,,2.96,1.18499756,4.02666352,,6.248,30.557542,0.32193866,86.470001,1.47000004,6.58799267,1.99534575,0.11176483,,6.74,0.501944,
2015-11-02,9.34132399,1.58629205,2.01399791,12.97,1.08260192,1.86,15.51798778,3.38628931,8.44999975,,3.95151325,2.16533353,2.8,6.77,,2.93,1.18694201,3.94221914,,6.4,30.206305,0.31030232,86.699997,1.50000004,6.59399266,1.96710973,0.10784325,,6.65,0.501944,
2015-11-03,9.34132399,1.58327054,2.00999798,13.0,1.08813953,1.87,15.5730981,3.4028078,8.3774995,,3.95151325,2.20568136,2.83,6.78,,2.94,1.20277528,3.98221911,,6.64,30.206305,0.31030232,85.139999,1.56000004,6.47999279,1.99534575,0.10784325,,6.7,0.501944,
2015-11-04,9.34132399,1.58327054,2.00999798,13.0,1.08537073,1.88,15.51798778,3.38645433,8.8500005,,3.95151325,2.19895672,2.82,6.71,,2.92,1.17916427,4.17333007,,6.52,30.206305,0.31030232,85.900002,1.55800004,6.5639927,2.04240579,0.10588247,,6.54,0.501944,
2015-11-05,9.333324,1.58327054,2.02599789,13.0,1.08813953,1.93,15.55859531,3.38612429,8.42500025,,3.95151325,2.212406,2.99,6.76,,3.11,1.22221971,4.25333001,,6.48,30.206305,0.3141811,86.82,1.55800004,6.59399266,2.1647619,0.1064707,,6.82,0.519252,
2015-11-08,9.333324,1.55003394,2.00133132,12.86,1.08813953,1.91,15.37876097,3.35325234,8.25,,3.78787696,2.15188425,2.89,6.68,,3.05,1.19444199,4.1111079,,6.4,29.855069,0.30642354,84.019997,1.46000004,6.51599275,2.09887784,0.10509815,,6.68,0.501944,
2015-11-09,9.666657,1.54399092,1.97933141,12.41,1.09090833,1.84,15.08580399,3.35325234,8.4125005,,3.69999822,2.09808715,2.81,6.6,,3.05,1.15277541,3.96444135,,6.4,30.030687,0.29866598,81.110001,1.45800004,6.41399286,2.01416977,0.10274521,,6.58,0.501944,
2015-11-10,9.33399,1.47147472,1.9853314,12.3,1.08813953,1.85,14.20983649,3.31988501,8.75,,3.69999822,2.05773932,2.74,6.55,,2.99,1.10833111,3.82221923,,6.32,29.855069,0.2947872,77.010002,1.45800004,6.19199311,1.9388737,0.09980403,,6.46,0.493289,
2015-11-11,9.33399,1.49564679,1.93333139,12.3,1.08537073,1.78,13.86466916,3.27032955,8.3999995,,3.69999822,1.99721757,2.64,6.43,,2.9,1.06944225,3.80444147,,6.32,29.855069,0.2947872,77.0,1.45800004,6.23999306,1.92946169,0.09803932,,6.49,0.484635,
2015-11-12,9.3666573,1.51075433,1.9519981,12.35,1.07983312,1.8,13.76605018,3.23778797,8.84749975,,3.69999822,2.01739149,2.65,6.44,,2.88,1.09721997,3.76888594,,6.624,29.851556,0.30254476,75.5,1.45800004,6.16199314,1.94828571,0.10176481,,6.43,0.484635,
2015-11-15,9.5333238,1.39291549,1.93266472,11.98,1.07706432,1.71,13.42088401,3.27065992,8.755,,3.69999822,1.93669583,2.53,6.3,,2.68,1.05555339,3.62221939,,6.08,29.851556,0.29090842,71.519997,1.45800004,6.00599332,1.85416563,0.1037256,,6.13,0.467327,
2015-11-16,9.666657,1.395937,1.89999809,11.35,1.04937629,1.74,13.09892202,3.23762295,8.15499975,,3.72121033,1.99049293,2.56,6.4,,2.75,1.04416452,3.55555278,,6.064,29.851556,0.27539331,68.599998,1.45800004,5.87999346,1.83534161,0.10196089,,6.09,0.467327,
2015-11-17,9.5666571,1.42313058,1.85999813,11.28,1.00507544,1.76,12.96259548,3.22110447,8.27750025,,3.63939218,2.01739149,2.6,6.45,,2.79,1.05416453,3.62666383,,5.88,29.855069,0.28315087,69.900002,1.45800004,5.70599365,1.87298964,0.10196089,,6.14,0.467327,
2015-11-18,9.5666571,1.45032416,1.83333149,11.2,1.00230664,1.75,12.46660027,3.22275647,8.25,,3.63030128,1.95686974,2.6,6.3,,2.76,1.10249771,3.55999722,,5.92,29.855069,0.26763575,68.010002,1.45800004,5.69999366,1.89181366,0.10000011,,6.19,0.458673,
2015-11-19,9.6999903,1.46241019,1.86399806,11.19,1.05214509,1.77,12.8494737,3.22110447,8.5,,3.63636188,2.06446395,2.69,6.37,,2.88,1.11110883,3.63999716,,6.32,29.855069,0.27151453,68.0,1.40200004,5.69999366,1.96710973,0.09941187,,6.25,0.467327,
2015-11-22,9.665991,1.45334566,1.96533135,11.39,1.05214509,1.75,12.93649017,3.22110447,8.46,,3.63939218,2.13843498,2.71,6.54,,3.01,1.10694211,3.61333051,,6.24,29.851556,0.25987819,67.900002,1.49600004,5.57999379,2.02358178,0.1009805,,6.26,0.467327,
2015-11-23,9.68332365,1.42010907,1.90666475,11.5,1.02445706,1.75,12.92198766,3.22110447,8.38749975,,3.56666495,2.1249857,2.66,6.46,,3.03,1.09444225,3.59999719,,6.32,29.851556,0.25987819,68.900002,1.48600004,5.49599389,2.04240579,0.09980403,,6.28,0.458673,
2015-11-24,9.666657,1.38989398,1.83666475,11.2,1.01338185,1.68,12.29836846,3.22110447,8.375,,3.60605887,2.05773932,2.6,6.31,,2.99,1.06777556,3.51110837,,6.24,29.851556,0.23660552,64.010002,1.48600004,5.39999399,2.01416977,0.09803932,,6.15,0.458673,
2015-11-25,9.666657,1.38989398,1.83866482,11.2,1.02445706,1.67,12.48980503,3.05591962,8.25,,3.70605882,2.05773932,2.63,6.27,,3.1,1.08166442,3.55555278,,6.24,29.855069,0.22884796,66.400002,1.40000004,5.39999399,2.07064182,0.09980403,,6.13,0.458673,
2015-11-26,9.4673232,1.38687247,1.84333148,11.19,1.04937629,1.66,12.5681204,2.94029022,8.25,,3.59696796,2.05773932,2.64,6.38,,3.09,1.09027554,3.57777498,,6.32,29.855069,0.2210904,64.5,1.40000004,5.393994,2.07064182,0.09803932,,6.17,0.458673,
2015-11-29,9.99332267,1.3627004,1.81333157,11.19,1.04937629,1.63,12.87557873,2.97332719,8.2250005,,3.63636188,1.99721757,2.6,6.28,,3.04,1.06249782,3.53777501,,6.32,29.855069,0.21333284,63.110001,1.40000004,5.3039941,2.04240579,0.09803932,,6.05,0.458673,
2015-11-30,9.9333234,1.33550683,1.79333153,11.19,1.04937629,1.61,12.8349712,2.97332719,8.2250005,,3.63636188,1.97031902,2.6,6.25,,2.94,1.05555339,3.51555281,,6.32,29.855069,0.21333284,62.549999,1.40000004,5.20799421,2.02358178,0.09784324,,6.0,0.458673,
2015-12-01,9.8979901,1.34457135,1.72666493,11.17,1.00230664,1.65,12.8204687,2.97332719,8.2250005,,3.63636188,1.97031902,2.61,6.3,,3.0,1.07499782,3.4933306,,6.16,29.855069,0.2210904,61.900002,1.40000004,5.09999433,2.02358178,0.09803932,,5.96,0.450018,
2015-12-02,9.8979901,1.38385097,1.79933152,11.15,1.02445706,1.72,13.51370188,3.1051447,8.25,,3.63333158,2.03084076,2.86,6.5,,3.08,1.15971984,3.63999716,,6.4,29.855069,0.22884796,63.43,1.40000004,5.33999406,2.15534989,0.10196089,,6.47,0.467327,
2015-12-03,9.54665712,1.40500153,1.82933156,11.01,1.00507544,1.74,13.57171334,3.10497951,8.5,,3.63333158,2.08463787,2.99,6.59,,3.18,1.19166427,3.70221933,,6.4,30.206305,0.22884796,64.290001,1.48400004,5.32799407,2.22123395,0.10274521,,6.6,0.467327,
2015-12-06,9.53465713,1.43521661,1.79999819,11.04,1.02445706,1.77,13.51660186,3.13851204,8.28250025,,3.49090741,2.11826106,2.9,6.46,,3.4,1.20833085,3.75110818,,6.32,29.855069,0.22884796,63.330002,1.40200004,5.24399417,2.25888198,0.10176481,,6.69,0.467327,
2015-12-07,9.666657,1.38989398,1.76999815,11.0,1.01061305,1.76,13.58911582,3.13851204,8.5,,3.60605887,2.11826106,2.9,6.47,,3.56,1.21305301,3.73333042,,6.12,29.855069,0.22884796,63.369999,1.40000004,5.21999419,2.24005797,0.10117658,,6.68,0.467327,
2015-12-08,9.8666568,1.37478644,1.76599822,11.0,1.01891946,1.67,13.05251308,3.08069734,8.4750005,,3.60605887,2.02411612,2.78,6.3,,3.5,1.18083085,3.59555275,,6.08,29.855069,0.2210904,60.650002,1.38000004,5.18399423,2.12711387,0.10039226,,6.42,0.467327,
2015-12-09,9.64532302,1.38989398,1.73333159,11.0,1.01615066,1.66,12.97999912,3.08895659,8.07499975,,3.60605887,2.01739149,2.8,6.3,,3.58,1.19444199,3.63110827,,6.08,29.855069,0.21721162,58.0,1.38000004,5.19599422,2.15534989,0.10235305,,6.46,0.458673,
2015-12-10,9.5339898,1.395937,1.73333159,11.0,1.00507544,1.64,13.14315582,3.08895659,8.25,,3.60605887,1.99049293,2.77,6.35,,3.51,1.18194199,3.59555275,,6.08,29.855069,0.21721162,59.790001,1.39400004,5.09999433,2.17417391,0.10117648,,6.39,0.458673,
2015-12-13,9.3999906,1.3596789,1.71199828,10.98,1.02445706,1.56,12.68994355,3.07574181,8.125,,3.60605887,1.92324655,2.7,6.2,,3.37,1.15277541,3.47999728,,6.08,29.855069,0.20557529,57.02,1.39600004,4.91999453,2.08005383,0.10000001,,6.1,0.450018,
2015-12-14,9.3999906,1.30529174,1.66666499,10.75,1.02168826,1.53,12.54854169,3.07574181,8.30000025,,3.60605887,1.90307264,2.67,6.2,,3.41,1.16666427,3.45333063,,6.08,28.629256,0.20169651,55.5,1.36000004,5.06399437,2.13652588,0.1002353,,6.14,0.450018,
2015-12-15,9.5333238,1.35363588,1.66666499,10.99,0.94139298,1.52,12.38175993,3.0707861,8.25,,3.60605887,1.90307264,2.77,6.15,,3.69,1.17777541,3.57777498,,6.016,29.855069,0.20945406,54.740002,1.36000004,4.91999453,2.23064596,0.1002353,,6.12,0.450018,
2015-12-16,9.5333238,1.38989398,1.66333173,10.75,0.91647375,1.57,12.3926363,3.10547507,8.25,,3.60605887,1.92324655,2.81,6.19,,3.78,1.2011087,3.67555313,,6.32,29.855069,0.21333284,56.25,1.36000004,4.85999459,2.277706,0.1002353,,6.25,0.458673,
2015-12-17,9.4666572,1.43521661,1.66466492,10.6,0.99953784,1.58,13.04526197,2.98158644,8.2675,,3.60605887,1.97704366,2.84,6.29,,3.75,1.22194199,3.80888591,,6.4,29.855069,0.23660552,56.880001,1.36000004,4.82999463,2.29653002,0.10094119,,6.52,0.458673,
2015-12-20,9.3999906,1.40500153,1.66199833,10.24,1.09921474,1.58,13.21567015,2.97332719,8.26500025,,3.4848468,1.97704366,2.85,6.25,,3.63,1.22194199,3.7422193,,6.2,29.855069,0.23660552,56.419998,1.36000004,4.73999473,2.35300207,0.09976472,,6.47,0.450018,
2015-12-21,9.4666572,1.44428114,1.656665,10.25,1.20719805,1.58,13.43321131,2.84943856,8.125,,3.4727256,2.03084076,2.82,6.23,,3.64,1.21416414,3.79999703,,6.144,29.855069,0.24824185,56.5,1.35800004,4.76999469,2.35300207,0.10070589,,6.43,0.450018,
2015-12-22,9.4666572,1.4654317,1.65266507,10.36,1.10475235,1.6,13.49847424,2.80814236,8.2250005,,3.4727256,2.00394221,2.81,6.32,,3.62,1.22221971,3.91110805,,6.144,29.855069,0.24824185,59.009998,1.29000003,4.81199525,2.38123809,0.09952942,,6.55,0.450018,
2015-12-24,9.42532391,1.46241019,1.656665,10.29,1.11582756,1.58,13.30268618,2.90725325,8.42500025,,3.4727256,2.04429004,2.82,6.37,,3.56,1.24166414,3.93333026,,6.32,28.818924,0.27539331,62.25,1.33800004,4.77599469,2.38123809,0.1004706,,6.53,0.450018,
2015-12-27,9.52665647,1.44730265,1.6579984,10.0,1.09367714,1.63,13.16128395,2.97332719,8.375,,3.63636188,2.0375654,2.8,6.36,,3.65,1.23333085,3.85333032,,6.2,28.811898,0.27539331,62.599998,1.28200003,4.68599479,2.33417805,0.09882354,,6.45,0.458673,
2015-12-28,9.4006566,1.43521661,1.654665,10.0,1.06598911,1.63,13.18666384,2.90741828,8.32250025,,3.4727256,2.0375654,2.82,6.26,,3.7,1.23888629,3.84444144,,6.312,29.503833,0.27151453,64.199997,1.28200003,4.64999483,2.31535403,0.09905883,,6.4,0.450018,
2015-12-29,9.3999906,1.43521661,1.67999838,10.0,1.09921474,1.62,13.37882693,2.90064604,8.3725005,,3.4848468,2.08463787,2.8,6.32,,3.61,1.34027502,3.88888585,,6.296,28.991029,0.27151453,67.940002,1.27000003,4.70999476,2.34359006,0.09882354,,6.48,0.450018,
2015-12-30,9.39332327,1.50471131,1.69199823,10.0,1.09367714,1.65,13.79578113,2.90064604,8.25,,3.72424063,2.11826106,2.84,6.59,,3.7,1.38888603,3.96444135,,6.296,28.991029,0.28315087,72.190002,1.35800004,4.73999473,2.3906501,0.10541178,,6.58,0.450018,
2015-12-31,9.4999905,1.54096942,1.68199831,10.0,1.09090833,1.63,13.92268165,2.89073477,8.375,,3.53030133,2.10481178,2.8,6.5,,3.66,1.4027749,3.96444135,,6.4,30.030687,0.28315087,69.300003,1.35400004,4.79399467,2.40947412,0.10329413,,6.54,0.450018,
2016-01-03,9.41265725,1.52586187,1.72666493,9.99,1.09090833,1.61,14.86536245,2.89073477,8.24250025,,3.64242249,2.2662031,2.78,6.48,,3.55,1.40138604,3.94221914,,6.384,29.581105,0.27927209,69.440002,1.33600004,5.06399437,2.38123809,0.10141177,,6.61,0.450018,
2016-01-04,9.3666573,1.64672222,1.71666494,9.75,1.05214509,1.6,14.32875912,2.89073477,8.125,,3.63333158,2.31327557,2.79,6.4,,3.53,1.37221946,3.90221917,,6.32,28.906733,0.27539331,68.0,1.28600003,4.91999453,2.37182608,0.10000001,,6.54,0.450018,
2016-01-05,9.4666572,1.65880825,1.86733145,9.99,1.07429552,1.57,14.31788275,2.96490293,8.25,,3.98484656,2.46794225,2.69,6.76,,3.49,1.37499717,3.83555256,,6.248,29.152597,0.27151453,66.980003,1.27600003,4.90799454,2.33417805,0.10352942,,6.67,0.450018,
2016-01-06,9.44465722,1.61348562,1.94133145,9.81,1.06598911,1.55,14.08583662,2.87438131,8.14000025,,3.93939204,2.52173936,2.65,6.79,,3.43,1.37499717,3.79110815,,6.24,28.931319,0.26763575,66.0,1.26000003,4.79999466,2.28711801,0.10305883,,6.58,0.458673,
2016-01-10,9.43999122,1.51075433,1.9533313,9.5,1.08537073,1.5,13.58549136,2.8576978,8.125,,3.78484666,2.42759442,2.58,6.5,,3.33,1.34027502,3.67555313,,6.2,28.85756,0.26375697,63.799999,1.29600003,4.72199475,2.21182194,0.10117648,,6.44,0.450018,
2016-01-11,9.4333239,1.55607696,1.89999809,9.29,1.07152671,1.5,13.57461354,2.80649034,8.125,,3.78484666,2.29982629,2.48,6.46,,3.4,1.33055288,3.63999716,,6.048,28.801361,0.26375697,65.800003,1.23000003,4.72199475,2.19299793,0.1002353,,6.37,0.450018,
2016-01-12,9.333324,1.43521661,1.84066488,9.4,1.02999467,1.44,13.04888839,2.74206842,7.9375,,3.78484666,2.212406,2.36,6.38,,3.2,1.30555287,3.4933306,,5.92,28.980492,0.25212063,62.369999,1.22200003,4.35599515,2.11770186,0.10000001,,5.95,0.450018,
2016-01-13,9.4999905,1.39291549,1.8533314,9.1,1.04660749,1.43,12.72619981,2.69251297,7.5025,,3.78484666,2.17205817,2.35,6.34,,3.21,1.29027515,3.4711084,,5.84,28.980492,0.24824185,63.5,1.22200003,4.38599512,2.11770186,0.09882354,,5.96,0.450018,
2016-01-14,9.333324,1.2901842,1.69999829,8.97,0.93308657,1.27,11.96480392,2.63601974,7.125,,3.45454379,1.9501451,2.18,6.06,,3.05,1.20277528,3.18666418,,5.76,28.467688,0.21721162,56.0,1.22200003,4.00199555,1.91063768,0.09035295,,5.56,0.43271,
2016-01-17,9.333324,1.28716269,1.58333174,9.2,0.92478016,1.25,11.77989404,2.52732812,7.25,,3.44545288,1.91652191,2.14,5.79,,2.83,1.17944199,3.14221977,,5.6,28.393926,0.21721162,54.0,1.10800003,3.89399567,1.89181366,0.08964707,,5.48,0.43271,
2016-01-18,9.333324,1.30529174,1.62666503,8.5,0.92478016,1.31,11.84878158,2.47992006,7.38749975,,3.44545288,1.97704366,2.19,5.91,,2.86,1.21860858,3.19110862,,5.72,27.923271,0.21721162,56.0,1.11000003,3.85199571,1.97652174,0.0922353,,5.6,0.424056,
2016-01-19,9.3999906,1.31737777,1.63333169,8.9,1.01338185,1.37,12.1497138,2.64295751,7.26000025,,3.57575585,2.11153642,2.25,6.15,,2.92,1.25277515,3.33333073,,5.76,28.098889,0.23272674,56.880001,1.10200003,3.83399573,2.04240579,0.09600001,,5.74,0.43271,
2016-01-20,9.3999906,1.26601213,1.57799841,8.25,1.01061305,1.31,11.78351901,2.47992006,7.4975,,3.60605887,2.07791323,2.14,5.97,,2.84,1.19805312,3.15555309,,5.736,27.923271,0.21721162,54.099998,1.10200003,3.70799587,1.97652174,0.09552942,,5.59,0.424056,
2016-01-21,9.3999906,1.2569476,1.56599842,8.25,1.02445706,1.3,11.09463636,2.52732812,7.255,,3.53636193,2.07791323,2.03,5.77,,2.63,1.20833085,2.98221989,,5.6,27.747653,0.21333284,54.0,1.10200003,3.64799594,1.92946169,0.08800001,,5.2,0.424056,
2016-01-24,9.3999906,1.29924872,1.65399827,8.0,1.01891946,1.34,11.60585908,2.50651499,7.375,,3.53636193,2.15188425,2.1,6.0,,2.71,1.23583085,3.11110868,,5.92,28.801361,0.2210904,55.799999,1.10200003,3.8639957,2.02358178,0.08941177,,5.37,0.424056,
2016-01-26,9.3999906,1.27205515,1.58599847,8.25,1.04383868,1.33,11.47170861,2.64031455,7.125,,3.57272555,2.13171034,2.06,6.01,,2.68,1.24999743,3.124442,,5.92,28.450125,0.22496918,56.43,1.20000003,4.09799544,2.08005383,0.08941177,,5.24,0.424056,
2016-01-27,9.3999906,1.30227023,1.59333173,8.0,1.09090833,1.34,11.52971978,2.52732812,7.07499975,,3.54242253,2.22585527,2.22,6.06,,2.75,1.24999743,3.23110859,,5.8,28.450125,0.22496918,57.650002,1.11800003,4.13999539,2.08005383,0.08752942,,5.28,0.424056,
2016-01-28,9.32865667,1.27809816,1.62666503,7.85,1.07706432,1.36,11.46445794,2.52732812,7.25,,3.53636193,2.25275383,2.21,6.18,,2.71,1.22221971,3.23555303,,6.0,27.607158,0.22884796,58.93,1.11600003,4.07999546,2.09887784,0.08752942,,5.32,0.424056,
2016-01-31,9.28932404,1.27507665,1.65999833,7.8,1.0549139,1.36,11.89228959,2.55689604,7.17749975,,3.53636193,2.25275383,2.21,6.23,,2.71,1.21138643,3.25333079,,6.0,27.607158,0.23272674,60.48,1.11600003,4.04999549,2.13652588,0.08941177,,5.3,0.424056,
2016-02-01,9.1333242,1.28414118,1.59333173,8.0,1.00784425,1.3,11.4245749,2.50998371,7.1875,,3.53636193,2.14515961,2.15,6.03,,2.6,1.1736087,3.12888644,,5.984,27.751166,0.2210904,58.43,1.08200003,4.03199551,2.01416977,0.08964707,,5.09,0.424056,
2016-02-02,8.5333248,1.3264423,1.59866506,8.0,1.07429552,1.31,11.77264228,2.51080964,7.1225,,3.53333163,2.20568136,2.3,6.24,,2.65,1.22194199,3.1999975,,5.88,27.751166,0.23272674,58.5,1.08000003,4.03799551,2.10828985,0.09364707,,5.12,0.424056,
2016-02-03,8.46332487,1.33550683,1.57999848,7.9,1.07706432,1.32,11.89228959,2.54368159,7.255,,3.53333163,2.22585527,2.35,6.32,,2.71,1.20721971,3.20888638,,5.84,27.751166,0.23272674,58.389999,1.10000003,4.07999546,2.12711387,0.09011766,,5.14,0.415402,
2016-02-04,8.3999916,1.31435627,1.58466507,7.8,1.07983312,1.34,12.5449149,2.47793769,7.625,,3.53030133,2.21913063,2.39,6.35,,2.71,1.22221971,3.27110855,,5.76,27.575548,0.23660552,58.900002,1.10400003,4.07999546,2.25888198,0.08964707,,5.18,0.43271,
2016-02-07,8.999991,1.29924872,1.56666509,7.75,1.07983312,1.33,12.39988806,2.47810303,7.32749975,,3.45454379,2.14515961,2.3,6.32,,2.65,1.17221984,3.1999975,,5.744,27.575548,0.22496918,57.849998,1.10000003,4.07999546,2.24946998,0.09035295,,5.09,0.424056,
2016-02-08,8.999991,1.28414118,1.53999845,7.56,1.04106988,1.34,12.68994355,2.47810303,7.32749975,,3.45454379,2.17205817,2.32,6.31,,2.67,1.19444199,3.24444191,,5.944,27.575548,0.22884796,58.349998,1.10000003,4.10999543,2.25888198,0.08988236,,5.12,0.424056,
2016-02-09,8.99332367,1.25996911,1.53333179,7.51,1.07706432,1.29,12.32374876,2.56020007,7.32499975,,3.45454379,2.09136251,2.21,6.32,,2.56,1.16305314,3.08888647,,5.616,27.536912,0.22496918,55.889999,1.05000003,3.91199565,2.1647619,0.08705883,,5.0,0.415402,
2016-02-10,8.4666582,1.25090458,1.53066506,7.98,1.14628439,1.29,12.25485941,2.46125418,7.32499975,,3.45454379,2.11153642,2.21,6.62,,2.54,1.15971984,3.05333095,,5.76,27.396417,0.22496918,56.5,1.08000003,3.89999566,2.15534989,0.0882353,,4.88,0.415402,
2016-02-11,8.4666582,1.22371101,1.50733188,7.4,1.2487301,1.27,12.10258081,2.47777267,7.01249975,,3.2878772,2.05101468,2.17,6.5,,2.47,1.13888655,3.01777542,,5.6,28.098889,0.2210904,56.5,1.00000003,3.97799557,2.12711387,0.08564707,,4.82,0.415402,
2016-02-14,8.40332493,1.20860346,1.46666519,7.25,1.37055742,1.22,11.6566203,2.47727711,7.0025,,3.30302871,2.05101468,2.14,6.45,,2.35,1.12444213,2.93333104,,5.6,27.814388,0.21721162,54.400002,0.99800003,3.59999599,2.07064182,0.08517648,,4.58,0.415402,
2016-02-15,8.40332493,1.20860346,1.48266517,7.25,1.50622876,1.21,11.58773095,2.47777267,7.0025,,3.17575604,2.11826106,2.14,6.4,,2.35,1.14583098,2.93333104,,5.6,27.814388,0.21721162,54.0,1.01000003,3.62999596,2.10828985,0.08494118,,4.51,0.406747,
2016-02-16,8.4666582,1.21162497,1.5233318,7.26,1.65574412,1.22,11.78351901,2.47826823,7.25,,3.33333173,2.1249857,2.16,6.36,,2.3,1.15277541,2.99110877,,5.48,27.814388,0.22496918,54.0,1.04000003,3.60599599,2.14593788,0.08588236,,4.62,0.406747,
2016-02-17,8.4666582,1.17838838,1.51599847,7.25,1.81910349,1.23,11.92854766,2.56036509,7.25,,3.17272574,2.07791323,2.22,6.33,,2.26,1.1291644,3.11110868,,5.68,27.814388,0.22496918,54.0,1.01600003,3.74999583,2.22123395,0.08894119,,4.6,0.406747,
2016-02-18,8.4666582,1.17838838,1.52866513,7.5,1.99907568,1.22,11.85240692,2.55937397,7.225,,3.17272574,2.07791323,2.22,6.35,,2.25,1.12499769,3.06666427,,5.44,27.814388,0.22496918,54.380001,1.01600003,3.65999593,2.23064596,0.09435295,,4.66,0.398093,
2016-02-21,8.4666582,1.14515178,1.5199984,7.5,2.15689744,1.24,12.12433428,2.81524514,7.12,,3.33333173,2.11826106,2.21,6.3,,2.24,1.1277754,3.08888647,,5.752,27.814388,0.22496918,54.389999,1.00200003,3.70799587,2.21182194,0.09694119,,4.67,0.398093,
2016-02-22,8.4666582,1.17838838,1.51599847,7.5,2.35625125,1.26,12.28386572,2.77494037,7.0,,3.19696816,2.11153642,2.24,6.45,,2.27,1.15138655,3.11110868,,5.44,27.814388,0.23272674,54.650002,1.03800003,3.74999583,2.24005797,0.0964706,,4.71,0.406747,
2016-02-23,8.5333248,1.17838838,1.51599847,7.25,2.59159949,1.27,12.2802393,2.82466085,6.75,,3.18181665,2.25947846,2.24,6.45,,2.25,1.15305313,3.11110868,,5.6,27.04518,0.23272674,54.84,1.00000003,4.06799547,2.24946998,0.09294119,,4.81,0.406747,
2016-02-24,8.52865814,1.16025932,1.4926651,7.21,2.84909816,1.25,12.10983257,2.90725325,6.75,,3.17878635,2.27965238,2.2,6.38,,2.22,1.1277754,3.14666421,,5.488,26.841463,0.22884796,53.389999,1.04600003,4.36799514,2.20240993,0.09176471,,4.76,0.389439,
2016-02-25,8.4666582,1.24184006,1.49599856,7.29,2.84909816,1.24,12.0735745,3.00636416,7.0,,3.18181665,2.27292774,2.24,6.35,,2.23,1.1461087,3.13333088,,5.44,26.841463,0.22884796,53.0,1.01800003,4.39199511,2.17417391,0.09388236,,4.81,0.389439,
2016-02-28,8.37665829,1.23881855,1.50133182,7.0,2.59159949,1.24,12.17509514,2.98984568,6.92500025,,3.18181665,2.46121761,2.23,6.72,,2.27,1.16666427,3.18221974,,5.4,28.797848,0.22496918,53.299999,1.02600003,4.64999483,2.21182194,0.09482354,,4.87,0.398093,
2016-02-29,8.37665829,1.20860346,1.56666509,7.08,2.84909816,1.24,12.21860315,2.97497922,6.99249975,,3.18181665,2.52173936,2.27,6.86,,2.34,1.15138655,3.17777529,,5.128,26.693944,0.23272674,53.049999,0.99800003,4.60799487,2.20240993,0.09200001,,4.92,0.406747,
2016-03-01,8.5333248,1.18140989,1.67999838,6.72,3.13151605,1.23,12.12070894,3.00636416,6.99249975,,3.18181665,2.42086978,2.25,6.73,,2.29,1.13888655,3.18221974,,5.04,26.606135,0.22884796,51.0,0.99800003,4.50599499,2.14593788,0.09082354,,4.95,0.415402,
2016-03-02,8.37532496,1.16932385,1.76533156,6.8,3.44439078,1.23,12.08807766,2.98175146,6.875,,3.18181665,2.44776834,2.26,6.75,,2.28,1.13916427,3.1999975,,5.008,25.552427,0.22884796,49.900002,1.00000003,4.34999516,2.1647619,0.09458824,,4.93,0.406747,
2016-03-03,8.3999916,1.14213027,1.67999838,6.95,3.78772233,1.2,12.27298754,2.97332719,7.5625,,3.18181665,2.42759442,2.2,6.75,,2.21,1.12221997,3.14221977,,5.4,25.496228,0.22496918,51.0,1.00000003,4.19999533,2.12711387,0.09482354,,4.88,0.406747,
2016-03-06,8.34465832,1.15421631,1.7259982,6.92,4.16427952,1.23,12.41801619,2.97332719,7.4975,,3.18181665,2.46794225,2.22,6.89,,2.24,1.16694199,3.16888641,,5.208,26.342708,0.23660552,51.849998,0.99200003,4.493995,2.1647619,0.09600001,,5.04,0.415402,
2016-03-07,8.333325,1.16025932,1.718665,6.66,4.57960023,1.23,12.5993011,2.97332719,7.475,,3.18181665,2.41414514,2.27,7.0,,2.26,1.19166427,3.15555309,,5.328,25.496228,0.24436308,50.900002,1.00000003,4.45799504,2.18358592,0.09482354,,5.19,0.415402,
2016-03-08,8.333325,1.17234536,1.72399833,6.89,5.03645271,1.25,12.83134542,2.90741828,7.20249975,,3.18181665,2.45449297,2.29,6.81,,2.27,1.24166414,3.18666418,,5.2,26.342708,0.24824185,51.5,1.04800003,4.49999499,2.20240993,0.09600001,,5.3,0.406747,
2016-03-09,8.2666584,1.19047441,1.71133161,6.62,4.4300846,1.23,13.05613834,2.90725325,7.7475,,3.24242268,2.42759442,2.27,6.83,,2.25,1.24916413,3.26666411,,5.2,25.376809,0.24824185,52.700001,1.06000003,4.4039951,2.20240993,0.09576472,,5.22,0.406747,
2016-03-10,8.333325,1.21464648,1.73999825,6.96,3.90678086,1.25,13.59636809,2.97332719,7.69999975,,3.49999831,2.51501472,2.36,7.23,,2.42,1.24721971,3.33333073,,5.096,25.306563,0.25212063,53.470001,1.02200003,4.43399507,2.24005797,0.0964706,,5.32,0.43271,
2016-03-13,8.15665851,1.2569476,1.76666489,6.96,4.29718206,1.23,13.86467048,2.90857474,7.625,,3.40302866,2.47466689,2.36,7.3,,2.45,1.21527528,3.33333073,,5.12,25.306563,0.24824185,53.240002,1.00000003,4.33799517,2.21182194,0.09411766,,5.26,0.43271,
2016-03-14,8.2666584,1.28111967,1.81666484,7.5,4.34425171,1.32,14.90524549,3.1992999,7.88749975,,3.59090736,2.65623212,2.59,7.85,,2.6,1.31860843,3.60444163,,5.52,25.991472,0.26763575,57.700001,1.04800003,4.75799471,2.43771014,0.09694119,,5.7,0.441364,
2016-03-15,8.1333252,1.27507665,1.79999819,7.4,4.69312115,1.32,14.57530696,3.30733096,8.0024995,,3.63636188,2.67640604,2.64,8.09,,2.62,1.3433306,4.31555218,,5.88,26.342708,0.26763575,57.75,1.09200003,4.88399457,2.40006211,0.10282354,,6.14,0.43271,
2016-03-16,8.0666586,1.30831325,1.7533315,7.68,4.63774482,1.33,14.50279263,3.19632674,8.72000025,,3.51818012,2.72347851,2.67,8.1,,2.68,1.35777502,4.28888554,,6.2,24.639214,0.27539331,58.25,1.12000003,4.78199468,2.42829813,0.10352942,,6.25,0.441364,
2016-03-17,8.00999199,1.32039928,1.76333163,7.5,4.65158855,1.4,14.86536245,3.30369689,8.75,,3.62121037,2.75037706,2.84,8.0,,2.69,1.45138591,5.08888491,,6.24,24.674337,0.28315087,59.700001,1.12000003,5.16599425,2.62595031,0.09929413,,6.67,0.43271,
2016-03-20,8.12665854,1.28414118,1.77333155,7.98,4.31379488,1.45,15.15179296,3.30336652,8.74250025,,3.4848468,2.69657995,2.75,7.9,,2.6,1.48610806,4.7511074,,6.04,24.674337,0.27927209,59.799999,1.09200003,5.27999413,2.58830227,0.09717648,,6.56,0.424056,
2016-03-21,7.9333254,1.27507665,1.72666493,7.46,4.29164446,1.44,15.03939596,3.2871784,8.7475005,,3.62121037,2.68313068,2.72,7.64,,2.51,1.48416362,4.62221861,,5.84,25.289,0.27927209,58.580002,1.10400003,4.99799444,2.56006625,0.09670589,,6.45,0.424056,
2016-03-22,7.90399209,1.28414118,1.72533153,8.06,4.25565002,1.47,15.15541794,3.30369689,8.7475005,,3.60605887,2.67640604,2.75,7.68,,2.51,1.45249704,4.5999964,,5.832,25.289,0.29866598,59.240002,1.08000003,4.92599452,2.56947826,0.09764707,,6.4,0.424056,
2016-03-23,7.93665873,1.26601213,1.76666489,8.2,4.20858037,1.52,15.00676431,3.30419245,8.625,,3.60605887,2.74365242,2.68,7.58,,2.61,1.4722192,4.48888538,,6.072,25.640236,0.30642354,61.48,1.08000003,4.90199455,2.55065424,0.09905883,,6.37,0.415402,
2016-03-24,7.67332566,1.26299062,1.79999819,8.0,4.53806764,1.56,14.93062501,3.30402726,8.625,,3.63636188,2.85797127,2.8,7.92,,2.64,1.4722192,4.66666302,,5.96,25.640236,0.31030232,62.0,1.10000003,4.94999449,2.65418633,0.09835295,,6.68,0.415402,
2016-03-27,7.86732546,1.30529174,1.79199813,7.79,4.87309306,1.58,14.57530696,3.24687329,8.72000025,,3.60908917,2.844522,2.83,8.14,,2.66,1.49666362,4.72888519,,5.728,25.359246,0.30642354,61.799999,1.09400003,4.85999459,2.66359834,0.09929413,,6.79,0.415402,
2016-03-28,7.8666588,1.27205515,1.74999824,7.71,4.66820192,1.54,14.35776398,3.30452282,8.73750025,,3.74242244,2.77727561,2.76,7.9,,2.58,1.4447192,4.62221861,,5.8,25.482181,0.30642354,59.880001,1.16000003,4.77599469,2.69183436,0.10211766,,6.57,0.415402,
2016-03-29,7.83732549,1.29622721,1.7566649,7.9,4.7900287,1.57,14.50279263,3.30386191,8.75,,3.51514982,2.80417417,2.82,8.04,,2.66,1.4722192,4.65777414,,5.8,25.780731,0.31805988,60.5,1.19800003,4.73999473,2.74830641,0.10376472,,6.62,0.415402,
2016-03-30,7.83732549,1.25996911,1.73999825,7.75,4.64328242,1.56,14.14384779,3.24588219,8.75,,3.44848319,2.86469591,2.76,8.5,,2.65,1.45527476,4.55999644,,5.832,25.113382,0.31030232,59.700001,1.16000003,4.55999493,2.7388944,0.10352942,,6.54,0.415402,
2016-03-31,7.79332554,1.25392609,1.7566649,7.74,4.45223502,1.68,14.08221164,3.24588219,8.75,,3.44848319,2.87142055,2.75,8.37,,2.61,1.44721919,4.57332976,,5.92,25.780731,0.30642354,59.220001,1.13400003,4.43999506,2.77654244,0.10305883,,6.45,0.415402,
2016-04-03,7.7333256,1.26601213,1.76666489,7.7,4.62390108,1.71,14.0967148,3.22209558,8.25,,3.63333158,2.97229012,2.75,8.25,,2.59,1.45360818,4.54666311,,5.92,25.780731,0.3141811,59.150002,1.12000003,4.39799511,2.77654244,0.10070589,,6.42,0.415402,
2016-04-04,7.7333256,1.33550683,1.74599831,7.74,4.50484228,1.72,14.24536842,3.22126949,8.25,,3.71211942,2.96556548,2.72,8.58,,2.55,1.55249678,4.52888535,,5.92,25.197678,0.30642354,58.700001,1.11400003,4.42199508,2.78595445,0.09976472,,6.45,0.415402,
2016-04-05,7.7333256,1.37780795,1.73466492,7.7,4.62113228,1.71,14.50279263,3.22110447,8.3125,,3.8606042,2.92521765,2.77,8.66,,2.53,1.56388565,4.56444088,,5.984,25.815854,0.30642354,59.900002,1.12000003,4.37999513,2.68242236,0.1002353,,6.65,0.415402,
2016-04-06,7.666659,1.32946381,1.724665,7.58,5.09182821,1.67,14.7203338,3.13851204,8.375,,3.4848468,2.87814519,2.73,8.68,,2.45,1.5416635,4.51999647,,5.92,25.991472,0.31030232,59.25,1.10200003,4.20599532,2.66359834,0.09788236,,6.58,0.415402,
2016-04-07,7.666659,1.29924872,1.69866496,7.34,5.31887005,1.59,14.46653637,3.15503053,8.28250025,,3.75757395,2.75037706,2.6,8.46,,2.36,1.49166363,4.42221877,,5.8,24.639214,0.30254476,56.279999,1.11000003,4.25999526,2.56006625,0.09694119,,6.38,0.424056,
2016-04-10,7.6999923,1.26601213,1.69333163,7.28,5.31887005,1.59,14.59343508,3.13851204,8.2524995,,3.4696953,2.8108988,2.62,8.56,,2.39,1.47388589,4.44444097,,5.8,24.639214,0.30254476,56.970001,1.21000003,4.25399527,2.58830227,0.09505883,,6.53,0.424056,
2016-04-11,7.50132583,1.27507665,1.69399829,7.61,5.84771195,1.57,14.49916766,3.13851204,8.2749995,,3.45151349,2.75037706,2.54,8.26,,2.35,1.43360819,4.33332995,,5.688,24.639214,0.2947872,55.349998,1.28200003,4.10999543,2.52241821,0.09482354,,6.28,0.43271,
2016-04-12,7.5999924,1.25392609,1.69399829,7.5,6.92754479,1.57,14.41215018,3.13851204,8.5,,3.44848319,2.73692778,2.53,8.31,,2.38,1.44305262,4.32888551,,5.52,25.991472,0.2947872,55.66,1.37000004,4.19999533,2.51300621,0.09458824,,6.24,0.406747,
2016-04-13,7.5666591,1.28111967,1.7533315,7.7,6.31840816,1.58,14.52092076,3.13851204,8.375,,3.48787711,2.79072489,2.57,8.4,,2.41,1.44444148,4.39110768,,5.84,27.04518,0.29866598,55.990002,1.49200004,4.19999533,2.54124223,0.09529413,,6.28,0.415402,
2016-04-14,7.85999214,1.25996911,1.80599818,8.15,6.91923838,1.6,14.59343508,3.15503053,8.25,,3.45151349,2.7571017,2.58,8.4,,2.39,1.44444148,4.48888538,,5.704,27.220798,0.28702964,55.98,1.79800005,4.25999526,2.57889026,0.09435295,,6.31,0.406747,
2016-04-17,7.77599222,1.25392609,1.87933151,8.7,6.31840816,1.58,14.44840643,3.22110447,8.25749975,,3.30605901,2.80417417,2.71,8.7,,2.44,1.4447192,4.55110755,,5.72,26.809853,0.29090842,56.009998,1.81200005,4.47599502,2.65418633,0.0962353,,6.36,0.415402,
2016-04-18,7.666659,1.29924872,1.90933134,8.82,6.94969522,1.63,15.02851923,3.17154901,8.3125,,3.51514982,2.82434808,2.73,8.79,,2.58,1.4847192,4.64888526,,5.864,26.809853,0.29090842,56.099998,1.51600004,4.70999476,2.65418633,0.0964706,,6.55,0.406747,
2016-04-19,7.85999214,1.29622721,1.87799811,8.9,6.31840816,1.65,15.62675833,3.20458598,8.25,,3.61818007,2.93866693,2.78,9.0,,2.58,1.50694135,4.74666296,,5.92,26.693944,0.2947872,59.290001,1.51000004,4.65599482,2.69183436,0.09811766,,6.81,0.415402,
2016-04-20,7.82999217,1.27809816,1.86666479,8.75,6.31840816,1.63,15.68114453,3.13851204,8.3125,,3.56363465,2.91849302,2.78,8.98,,2.54,1.4997192,4.75555184,,5.84,26.704481,0.29090842,59.009998,1.50800004,4.55399493,2.67301035,0.09882354,,6.99,0.406747,
2016-04-21,7.5333258,1.28716269,1.87999817,8.6,6.31840816,1.61,15.69564769,3.13851204,8.255,,3.51211952,2.87814519,2.76,8.75,,2.48,1.46388591,4.58666308,,5.84,26.697457,0.29866598,59.290001,1.45600004,4.52999496,2.60712629,0.10070589,,6.8,0.406747,
2016-04-24,7.85932547,1.28414118,1.86599812,8.65,6.31840816,1.56,15.63401009,3.13851204,8.2250005,,3.37878625,2.79072489,2.71,8.73,,2.44,1.43333033,4.49777426,,5.736,28.098889,0.2947872,61.25,1.43000004,4.36799514,2.54124223,0.10235295,,6.77,0.406747,
2016-04-26,7.78332555,1.30831325,1.86466472,8.83,6.31840816,1.56,16.67821153,3.05674554,8.375,,3.37878625,2.82434808,2.76,8.32,,2.47,1.45416362,4.63999637,,5.76,26.869562,0.29866598,61.509998,1.41800004,4.19999533,2.58830227,0.10494119,,6.79,0.406747,
2016-04-27,7.61332572,1.26903364,1.85866473,8.7,6.31287028,1.53,16.93201076,3.05558925,8.3125,,3.39393776,2.82434808,2.76,7.96,,2.41,1.4388859,4.66221858,,5.712,26.873075,0.30642354,59.0,1.38400004,4.07999546,2.57889026,0.10352942,,6.93,0.406747,
2016-04-28,7.58065908,1.28414118,1.85866473,8.5,5.71757794,1.48,16.71446778,3.05591962,8.83,,3.35757414,2.71675387,2.64,7.87,,2.36,1.42749704,4.52444091,,5.768,26.374318,0.29090842,56.799999,1.36000004,4.03199551,2.48477018,0.10164707,,6.73,0.398093,
2016-05-03,7.50399249,1.24184006,1.85866473,8.4,5.46561688,1.49,16.51505475,2.97151017,8.59500025,,3.35757414,2.69657995,2.61,7.81,,2.33,1.41388604,4.49332982,,5.76,26.693944,0.29090842,56.0,1.32400004,3.95999559,2.48477018,0.09811766,,6.65,0.398093,
2016-05-04,7.5999924,1.21464648,1.80133152,8.2,4.96723263,1.42,15.95307189,2.95680871,8.44999975,,3.35757414,2.66295676,2.53,7.7,,2.35,1.38055275,4.38666324,,5.68,26.781753,0.28315087,53.299999,1.27800003,3.79799577,2.40006211,0.09952942,,6.32,0.398093,
2016-05-05,7.4666592,1.25392609,1.83266482,8.35,5.0755147,1.43,15.95307189,2.97349221,9.295,,3.21211966,2.68985531,2.57,7.88,,2.37,1.38916376,4.52888535,,5.76,27.04518,0.28702964,53.849998,1.35200004,3.83399573,2.41888612,0.09764707,,6.37,0.398093,
2016-05-08,7.3999926,1.23579704,1.8233315,8.25,5.0755147,1.44,16.04371435,2.97332719,9.9399995,,3.19090755,2.72347851,2.57,8.21,,2.36,1.38055275,4.60888529,,5.76,27.132989,0.2947872,53.700001,1.33600004,3.77999579,2.44712215,0.10000001,,6.38,0.398093,
2016-05-09,7.333326,1.21766799,1.80866478,8.25,5.0755147,1.45,16.23950241,3.03841003,9.8125,,3.18484695,2.72347851,2.6,8.25,,2.4,1.39055273,4.62221861,,5.76,27.132989,0.2947872,54.34,1.30000004,3.86999569,2.47535817,0.09788236,,6.44,0.406747,
2016-05-10,7.29265937,1.22673252,1.80666485,8.33,4.61567163,1.43,16.35914973,2.98984568,9.94999975,,3.21211966,2.71675387,2.56,8.15,,2.52,1.37499717,4.54221867,,5.68,28.098889,0.29090842,54.75,1.27000003,3.89999566,2.44712215,0.09764707,,6.46,0.398093,
2016-05-11,7.3999926,1.19349592,1.7866648,8.44,4.51220729,1.4,16.22137428,2.98984568,9.99250025,,3.33333173,2.62933357,2.49,8.1,,2.45,1.34444174,4.45332985,,5.68,29.152597,0.28702964,53.5,1.22200003,3.82199575,2.36241407,0.09811766,,6.34,0.398093,
2016-05-12,7.3999926,1.20860346,1.80666485,8.5,4.06098656,1.41,16.09810055,2.98984568,9.625,,3.21211966,2.6696814,2.49,8.04,,2.44,1.3341639,4.50666314,,5.72,29.855069,0.28702964,54.400002,1.23000003,3.83999573,2.38123809,0.0964706,,6.34,0.398093,
2016-05-15,7.3999926,1.1874529,1.79999819,8.39,4.07823067,1.36,16.04371435,2.98984568,9.4425,,3.21211966,2.60915966,2.44,7.91,,2.38,1.3124973,4.42666321,,5.68,29.848046,0.27927209,54.98,1.20000003,3.71999586,2.32476604,0.09505883,,6.18,0.389439,
2016-05-16,7.3999926,1.17838838,1.80666485,8.47,3.71035644,1.32,15.99295494,2.98984568,9.1274995,,3.31514992,2.63605821,2.34,7.82,,2.35,1.33333059,4.51999647,,5.76,29.848046,0.27927209,54.0,1.16600003,3.6839959,2.29653002,0.09482354,,6.01,0.398093,
2016-05-17,7.3999926,1.17838838,1.88333144,8.520001,3.61263985,1.36,16.17061306,2.97332719,9.0625,,3.31818022,2.65623212,2.49,8.15,,2.41,1.38333046,4.83110734,,5.68,29.848046,0.29090842,54.549999,1.19800003,3.74399583,2.44712215,0.09811766,,6.2,0.389439,
2016-05-18,7.25865941,1.19651743,1.86999805,8.56,3.9517739,1.35,16.31564171,2.99810492,8.875,,3.34848323,2.68313068,2.5,8.22,,2.41,1.38888603,4.86221842,,5.76,29.855069,0.2947872,54.849998,1.18400003,3.7739958,2.43771014,0.10000001,,6.25,0.389439,
2016-05-19,7.2666594,1.17838838,1.93266472,8.49,3.9517739,1.32,16.10172552,2.97332719,8.75749975,,3.24848328,2.61588429,2.41,8.0,,2.35,1.33333059,4.71110743,,5.76,29.855069,0.28702964,53.490002,1.15600003,3.71999586,2.38123809,0.10094119,,6.08,0.380785,
2016-05-22,7.21399278,1.17838838,1.94066478,8.4,3.9517739,1.32,15.88055757,2.97332719,9.21,,3.32424082,2.68985531,2.44,8.0,,2.35,1.33305287,4.75999628,,5.688,31.435632,0.29090842,53.779999,1.14000003,3.69599589,2.40947412,0.10188236,,6.13,0.380785,
2016-05-23,7.0666596,1.16630234,1.95266477,8.44,3.9517739,1.3,15.69927266,2.97332719,8.75749975,,3.24848328,2.62933357,2.38,8.1,,2.34,1.32416389,4.82221845,,5.704,30.206305,0.28702964,53.669998,1.12600003,3.70199588,2.37182608,0.10117648,,6.03,0.372131,
2016-05-24,7.333326,1.1874529,2.02666463,8.4,3.59252173,1.31,15.59050208,2.97365756,9.25,,3.31514992,2.64950748,2.42,8.270001,,2.36,1.34638615,4.86666286,,5.76,29.985028,0.29090842,53.799999,1.15200003,3.77999579,2.3906501,0.10117648,,6.08,0.372131,
2016-05-25,7.5333258,1.19349592,2.12466459,8.4,3.59252173,1.32,15.59050208,2.99810492,9.32499975,,3.19696816,2.62933357,2.44,8.46,,2.36,1.34694173,4.9466628,,5.536,29.893706,0.29090842,53.900002,1.15000003,3.74999583,2.40006211,0.09882354,,6.16,0.363476,
2016-05-26,7.45999254,1.17838838,2.09999789,8.4,3.93740382,1.31,15.59050208,3.00239957,9.2,,3.18787725,2.62260893,2.44,8.46,,2.36,1.33055288,4.96888501,,5.56,30.206305,0.28702964,54.299999,1.13400003,3.86999569,2.40006211,0.09811766,,6.14,0.372131,
2016-05-29,7.34399265,1.16328083,2.08599797,8.34,3.59252173,1.31,15.55424582,2.99826994,9.1899995,,3.16969544,2.58898574,2.42,8.43,,2.36,1.32110842,4.95555168,,5.672,29.890192,0.28702964,53.59,1.09800003,3.80999576,2.38123809,0.09811766,,6.09,0.372131,
2016-05-30,7.4666592,1.16025932,2.06666459,8.3,3.54653745,1.29,15.4817315,2.99810492,9.05,,3.16969544,2.59571038,2.39,8.74,,2.37,1.31110844,4.98666277,,5.64,29.890192,0.28315087,55.0,1.10000003,3.90599565,2.35300207,0.09788236,,6.05,0.354822,
2016-05-31,7.40265926,1.14817329,2.06666459,8.3,3.5206713,1.28,15.59050208,2.97332719,9.0,,3.16969544,2.55536255,2.38,8.96,,2.54,1.30555287,5.0444405,,5.712,30.206305,0.27927209,54.860001,1.07600003,3.97199558,2.36241407,0.09552942,,6.01,0.346168,
2016-06-01,7.33399266,1.15723782,2.0533312,8.3,3.36834837,1.29,15.77178699,3.05591962,9.09,,3.16969544,2.55536255,2.42,9.28,,2.62,1.33333059,5.24444035,,5.608,29.893706,0.27927209,55.889999,1.10000003,3.90599565,2.36241407,0.09717648,,5.93,0.346168,
2016-06-02,7.32065934,1.15421631,2.05933119,8.25,3.49193112,1.29,15.76091025,3.05591962,9.125,,3.15757423,2.55536255,2.47,9.23,,2.61,1.35666388,5.29777364,,5.616,31.260014,0.27927209,56.77,1.15800003,3.91799564,2.37182608,0.09905883,,5.97,0.346168,
2016-06-05,7.33999266,1.16630234,2.10266462,8.2,3.4890571,1.27,15.68114453,3.02288265,9.2,,3.15757423,2.66295676,2.45,9.19,,2.57,1.3399973,5.30666252,,5.6,30.803406,0.27927209,56.700001,1.18600003,3.80999576,2.3906501,0.09835295,,5.92,0.337514,
2016-06-06,7.3999926,1.14817329,2.13999771,8.2,3.17578921,1.26,15.95307189,3.02288265,8.8999995,,3.18181665,2.62933357,2.43,9.14,,2.53,1.36166387,5.44444019,,5.608,29.855069,0.27927209,57.900002,1.16000003,3.83999573,2.38123809,0.0964706,,5.9,0.337514,
2016-06-07,7.33999266,1.16932385,2.13199785,8.2,3.42008069,1.24,16.06184248,3.02288265,8.75,,3.16666514,2.64278285,2.51,9.17,,2.6,1.39166375,5.51555124,,5.576,29.855069,0.28315087,58.5,1.13600003,3.77999579,2.51300621,0.0964706,,6.06,0.32886,
2016-06-08,7.33465933,1.20860346,2.14999784,8.2,3.49193112,1.26,16.11985365,3.02536025,8.5,,3.16666514,2.71002923,2.53,9.47,,2.61,1.41666376,5.55110677,,5.744,29.855069,0.28315087,58.970001,1.13400003,3.80999576,2.54124223,0.09835295,,6.17,0.32886,
2016-06-09,7.33465933,1.1874529,2.1886646,8.3,3.49193112,1.24,16.11260225,2.97332719,9.0299995,,3.16666514,2.66295676,2.49,9.55,,2.56,1.4011082,5.33332916,,5.72,29.855069,0.27927209,59.490002,1.11800003,3.80399577,2.56947826,0.10141177,,6.1,0.32886,
2016-06-12,7.33665933,1.16328083,2.2219979,8.15,3.17578921,1.24,15.89143575,2.97497922,9.0,,3.25454389,2.62260893,2.45,9.61,,2.54,1.38888603,5.47555128,,5.72,29.855069,0.26375697,58.650002,1.09200003,3.74999583,2.52241821,0.09764707,,6.02,0.320205,
2016-06-13,7.333326,1.14817329,2.20599778,8.0,3.48043505,1.26,15.91681564,2.97332719,8.41,,3.16666514,2.64278285,2.44,9.7,,2.52,1.38805273,5.52444013,,5.72,29.855069,0.25599941,58.459999,1.11600003,3.71999586,2.52241821,0.09670589,,6.06,0.32886,
2016-06-14,7.333326,1.13608726,2.18599787,7.84,3.44307283,1.23,15.95307189,2.97332719,7.65,,3.16666514,2.58898574,2.4,9.55,,2.5,1.36138604,5.35555137,,5.72,29.855069,0.24824185,56.990002,1.08000003,3.65999593,2.49418219,0.09435295,,5.95,0.32886,
2016-06-15,7.331326,1.13306575,2.14666457,7.6,3.44882086,1.2,15.59050208,2.97332719,8.1850005,,3.16666514,2.50829008,2.36,9.37,,2.6,1.34721945,5.19999594,,5.72,29.855069,0.2404843,56.0,1.05000003,3.61199598,2.41888612,0.0964706,,5.9,0.337514,
2016-06-16,7.333326,1.12400122,2.1199978,7.6,3.16429314,1.2,15.38383728,2.97332719,8.615,,3.16666514,2.48811617,2.34,9.23,,2.59,1.33360832,5.13777376,,5.76,29.855069,0.2404843,55.5,1.06000003,3.59999599,2.44712215,0.09458824,,5.97,0.354822,
2016-06-19,7.3999926,1.12097971,2.13333119,7.52,3.16141912,1.2,15.33670284,2.97332719,8.05,,3.16666514,2.528464,2.32,8.91,,2.52,1.31916401,5.15110709,,5.76,29.855069,0.23660552,55.5,1.04600003,3.58199601,2.44712215,0.09435295,,5.93,0.363476,
2016-06-20,7.6333257,1.1179582,2.03333129,7.3,3.07807262,1.17,15.22793226,2.97316217,8.0249995,,3.16666514,2.40069587,2.28,8.54,,2.5,1.29721958,4.97332945,,5.72,29.855069,0.22884796,56.34,1.02600003,3.47999613,2.40006211,0.09411766,,5.61,0.363476,
2016-06-21,7.40065926,1.11493669,2.03333129,7.11,2.87401738,1.16,15.26056355,2.97316217,8.175,,3.16666514,2.43431906,2.27,8.7,,2.5,1.29166401,5.0222183,,5.752,29.855069,0.23272674,56.009998,1.00200003,3.46799614,2.3906501,0.09411766,,5.64,0.363476,
2016-06-22,7.40065926,1.08472161,2.01666464,6.8,2.45153683,1.09,15.03939596,2.96952795,7.985,,3.16666514,2.42086978,2.27,8.4,,2.5,1.25055299,4.91999615,,5.72,30.206305,0.22884796,55.5,0.98000003,3.47399613,2.31535403,0.0922353,,5.58,0.354822,
2016-06-23,7.40465926,1.09378613,2.04333128,6.89,2.44578879,1.09,15.23155724,2.97299683,8.0,,3.16666514,2.41073512,2.32,8.34,,2.5,1.27777515,5.00888497,,5.608,30.202792,0.22496918,56.0,0.96400003,3.47999613,2.32241563,0.09058824,,5.48,0.354822,
2016-06-26,7.33665933,1.03033445,1.9866646,6.55,2.42854469,1.01,14.77471999,2.97299683,7.58,,3.16666514,2.21620894,2.19,8.3,,2.35,1.20833085,4.76444072,,5.368,30.202792,0.20945406,52.490002,0.87600002,3.24599639,2.22358944,0.08776471,,5.16,0.346168,
2016-06-27,7.32065934,1.02731294,1.98333134,6.2,2.48602504,1.0,14.75659186,2.97332719,7.895,,3.16666514,2.23010367,2.2,8.3,,2.24,1.22194199,4.75555184,,5.44,30.202792,0.21721162,53.0,0.90200002,3.2339964,2.21370682,0.09058824,,5.08,0.346168,
2016-06-28,7.28399271,1.08774312,1.97333135,6.5,2.48602504,1.0,14.59343508,2.97332719,7.5,,3.16666514,2.24399839,2.21,8.42,,2.25,1.24999743,4.82221845,,5.44,30.202792,0.21333284,53.0,0.95800003,3.17999646,2.2038242,0.09129413,,5.0,0.346168,
2016-06-29,7.333326,1.08472161,1.99999799,6.8,2.48602504,1.01,14.61156321,2.97332719,7.65,,3.25757419,2.39684039,2.21,8.37,,2.27,1.27360844,4.85777398,,5.6,31.435632,0.21721162,53.5,0.95000003,3.20999643,2.22358944,0.08988236,,4.98,0.354822,
2016-07-03,7.333326,1.03637747,2.07999797,6.79,2.48602504,1.02,14.50279263,2.97332719,7.5,,3.11818031,2.40378775,2.21,8.36,,2.27,1.27777515,4.8711073,,5.72,31.368896,0.21721162,53.799999,0.96000003,3.17999646,2.29276777,0.09176471,,5.05,0.354822,
2016-07-04,7.33465933,1.09378613,2.09999789,7.1,2.48602504,1.04,14.93787677,2.97332719,7.5,,3.11818031,2.47326139,2.34,8.7,,2.36,1.36110831,5.17777373,,5.6,29.855069,0.2210904,54.75,0.94800003,3.35999626,2.45088969,0.09411766,,5.43,0.363476,
2016-07-10,7.90999209,1.1179582,2.15999796,7.21,2.48602504,1.08,15.77178699,2.97415312,7.625,,3.39696806,2.52884029,2.48,8.88,,2.46,1.42749704,5.46666239,,5.72,29.855069,0.23272674,56.0,0.96800003,3.58799601,2.56948113,0.09435295,,5.76,0.389439,
2016-07-11,7.8666588,1.10889368,2.23333109,7.05,2.48602504,1.07,15.84430131,2.97349221,7.5,,3.42121047,2.49410348,2.52,8.85,,2.45,1.41666376,5.46666239,,5.6,30.908778,0.23272674,55.880001,0.94200003,3.53999606,2.54971589,0.09176471,,5.88,0.380785,
2016-07-12,7.37999262,1.07263557,2.2886645,6.93,2.48602504,1.05,15.58687711,2.98984568,7.495,,3.12121062,2.39684039,2.42,9.2,,2.37,1.38805273,5.35555137,,5.584,30.908778,0.22496918,54.799999,0.92400002,3.47999613,2.45088969,0.09129413,,5.57,0.372131,
2016-07-13,7.4666592,1.07867859,2.25599773,6.79,2.48602504,1.06,15.65938998,3.05608464,7.5,,3.33333173,2.39684039,2.44,9.25,,2.39,1.41333046,5.43999575,,5.576,30.873655,0.22884796,55.779999,0.91000002,3.44999616,2.49042017,0.09505883,,5.64,0.372131,
2016-07-14,7.4646592,1.07565708,2.27933097,6.71,2.48602504,1.05,15.58325068,2.9914977,7.375,,3.12121062,2.40378775,2.43,9.25,,2.37,1.43055262,5.40888466,,5.536,30.206305,0.22496918,55.060001,0.89800002,3.41999619,2.50030279,0.0922353,,5.66,0.389439,
2016-07-17,7.3999926,1.09378613,2.3199976,6.69,2.48602504,1.05,15.56512219,2.9914977,7.35,,3.12121062,2.4524193,2.56,9.48,,2.36,1.41666376,5.36888469,,5.536,30.206305,0.22496918,54.299999,0.89400002,3.47399613,2.54971589,0.09105883,,5.64,0.415402,
2016-07-18,7.5333258,1.10587217,2.29999768,6.68,2.480277,1.07,15.76091025,3.05591962,7.25,,3.12121062,2.45936666,2.59,9.54,,2.37,1.43055262,5.39999578,,5.44,29.858582,0.22884796,55.0,0.89000002,3.41999619,2.56948113,0.09294119,,5.7,0.450018,
2016-07-19,7.5999924,1.13306575,2.30133102,6.53,2.26185168,1.05,15.68114453,3.01462341,7.5,,3.33333173,2.3759983,2.6,9.53,,2.34,1.39999718,5.2933292,,5.288,29.855069,0.2210904,54.0,0.95600003,3.37799624,2.55959851,0.09105883,,5.64,0.424056,
2016-07-20,7.5999924,1.14213027,2.29999768,6.37,2.43716674,1.04,15.59412705,3.01065881,7.315,,3.33333173,2.36210357,2.56,9.4,,2.3,1.38333046,5.27110699,,5.28,29.855069,0.21721162,53.0,0.93600003,3.35999626,2.52995065,0.09082354,,5.6,0.415402,
2016-07-21,7.5999924,1.1179582,2.27866437,6.4,2.2158674,1.01,15.4817315,3.01049379,7.25,,3.33333173,2.38294566,2.44,9.23,,2.27,1.41471932,5.2177737,,5.28,29.855069,0.21333284,52.200001,0.91000002,3.24599639,2.47065493,0.09082354,,5.46,0.406747,
2016-07-24,7.60065906,1.12702273,2.29333116,6.5,2.2158674,1.01,15.46360337,3.01065881,7.22,,3.33333173,2.38989302,2.45,9.2,,2.28,1.44860819,5.23110702,,5.52,29.855069,0.21333284,52.5,0.95400003,3.31799631,2.49042017,0.09011766,,5.44,0.406747,
2016-07-25,7.5999924,1.11493669,2.29999768,6.66,2.2158674,1.02,15.6630164,3.01065881,7.485,,3.35151354,2.41768248,2.52,9.07,,2.31,1.44249704,5.33332916,,5.2,29.890192,0.21333284,53.799999,0.96400003,3.2399964,2.51018541,0.0882353,,5.42,0.406747,
2016-07-26,7.5999924,1.1179582,2.33599772,6.75,2.2158674,1.02,15.77178699,3.01065881,7.445,,3.33333173,2.50105084,2.54,9.05,,2.31,1.45527476,5.37777357,,5.144,30.557542,0.2210904,54.099998,0.96600003,3.20999643,2.52995065,0.08917648,,5.47,0.406747,
2016-07-27,7.666659,1.14817329,2.39866425,7.07,2.2158674,1.04,16.67821153,3.10051953,7.275,,3.36363474,2.53578766,2.6,9.34,,2.33,1.51388578,5.99555087,,5.2,30.557542,0.22496918,56.0,0.98200003,3.29399634,2.6584247,0.09035295,,5.77,0.406747,
2016-07-28,7.5333258,1.16025932,2.37266428,7.11,2.43716674,1.03,17.60276419,3.08912161,7.3,,3.34242263,2.54273502,2.59,9.29,,2.35,1.51388578,5.87555096,,5.04,29.855069,0.22496918,56.450001,0.94800003,3.17999646,2.62877685,0.09105883,,5.7,0.398093,
2016-07-31,7.5273258,1.13306575,2.449331,7.0,2.2158674,1.02,17.32358544,3.08350549,7.325,,3.33636203,2.48020875,2.55,9.36,,2.27,1.50555249,5.84443988,,5.16,29.855069,0.2210904,56.5,0.95000003,3.18599646,2.57936375,0.0882353,,5.58,0.398093,
2016-08-01,7.5273258,1.13306575,2.43399742,6.96,2.2158674,1.01,17.25832251,3.02288265,7.275,,3.33333173,2.43157721,2.54,9.28,,2.25,1.5108302,5.76443994,,4.824,31.61125,0.2210904,56.299999,0.92600002,3.1499965,2.58924637,0.08964707,,5.5,0.398093,
2016-08-02,7.5333258,1.12097971,2.449331,7.0,2.2158674,1.02,17.1314238,3.08895659,7.25,,3.33333173,2.4524193,2.55,9.25,,2.24,1.5416635,5.82221767,,4.8,31.607737,0.2210904,58.990002,0.94000003,3.35999626,2.61889423,0.08964707,,5.5,0.398093,
2016-08-03,7.47665919,1.17838838,2.40933084,7.0,2.2158674,1.04,17.51212174,3.17105345,7.125,,3.33333173,2.49410348,2.56,9.28,,2.29,1.56805236,5.87555096,,4.672,29.858582,0.22884796,58.689999,0.96000003,3.37199625,2.6584247,0.09105883,,5.71,0.406747,
2016-08-04,7.57332576,1.17838838,2.39999758,6.98,2.2158674,1.04,17.96533401,3.16857585,7.2,,3.33333173,2.5079982,2.58,9.35,,2.33,1.56944122,6.0533286,,4.68,29.855069,0.22884796,60.5,0.93600003,3.64799594,2.68807256,0.09035295,,5.71,0.406747,
2016-08-07,7.5666591,1.20558195,2.46666418,6.83,2.2158674,1.03,17.94358091,3.23018963,6.96,,3.33333173,2.64694547,2.62,9.24,,2.44,1.54083019,6.02221752,,4.48,31.084396,0.22496918,60.790001,0.95400003,3.96599559,2.64854208,0.09058824,,5.76,0.398093,
2016-08-08,7.5666591,1.26903364,2.55933069,6.8,2.41704862,1.04,18.02334518,3.34829679,6.75,,3.4848468,2.68168229,2.65,9.36,,2.43,1.55555236,6.10221745,,4.4,30.627788,0.23272674,61.93,0.95200003,4.10999543,2.67818994,0.09058824,,5.81,0.398093,
2016-08-09,7.5333258,1.23881855,2.53399732,6.74,2.47452897,1.07,17.76592097,3.33144778,6.4,,3.54545284,2.63305075,2.66,9.7,,2.45,1.54388577,6.00888419,,4.36,29.855069,0.24436308,61.77,0.95000003,4.14599539,2.63865946,0.09176471,,5.7,0.406747,
2016-08-10,7.5333258,1.24486157,2.53666405,6.8,2.72169446,1.11,18.1719988,3.30369689,5.75,,3.35151354,2.63305075,2.74,9.65,,2.48,1.5549968,5.97332866,,4.296,29.855069,0.24436308,63.950001,1.02800003,3.92399563,2.63865946,0.0924706,,5.92,0.406747,
2016-08-11,7.53465913,1.23881855,2.53999731,6.84,2.9918521,1.11,18.67234551,3.30369689,5.5,,3.51514982,2.59831393,2.73,9.73,,2.54,1.58333008,5.92888425,,4.248,29.855069,0.2404843,65.0,1.04000003,3.99599555,2.62877685,0.09270589,,6.08,0.398093,
2016-08-14,7.5666591,1.23881855,2.54999743,6.8,3.2907499,1.09,18.46568072,3.30369689,5.325,,3.39393776,2.59136656,2.76,9.56,,2.56,1.54860793,5.88888429,,4.632,29.858582,0.24436308,64.25,1.09000003,4.19999533,2.63865946,0.09105883,,6.17,0.406747,
2016-08-15,7.5333258,1.25996911,2.53333078,7.39,3.2907499,1.09,19.17994398,3.38628931,5.225,,3.42424077,2.61220866,2.77,9.67,,2.53,1.5666635,5.91110649,,4.528,29.872632,0.2404843,64.900002,1.08000003,4.28999523,2.64854208,0.09364707,,6.19,0.406747,
2016-08-16,7.4999925,1.23881855,2.54666417,7.3,3.2907499,1.07,19.03491533,3.30402726,5.095,,3.53030133,2.56357711,2.7,9.61,,2.48,1.5416635,5.80888435,,4.264,31.607737,0.23272674,64.0,1.03600003,4.32599519,2.59912899,0.09294119,,6.07,0.406747,
2016-08-17,7.48199252,1.23579704,2.52266413,7.2,3.2907499,1.06,18.69047364,3.36977083,5.15,,3.48787711,2.54968238,2.63,9.54,,2.45,1.61166335,5.72443997,,4.16,30.557542,0.23272674,63.98,1.05000003,4.30799521,2.55959851,0.09529413,,6.08,0.406747,
2016-08-18,7.48199252,1.23277553,2.4826643,7.0,3.2907499,1.05,18.85363042,3.36977083,5.56,,3.51514982,2.46631402,2.66,9.65,,2.45,1.62082995,5.67555112,,4.176,29.999078,0.22884796,63.25,1.11000003,4.4039951,2.54971589,0.09600001,,6.18,0.406747,
2016-08-21,7.48332585,1.30529174,2.4806641,6.73,3.2907499,1.05,18.4910606,3.36977083,5.9,,3.51514982,2.46631402,2.66,10.0,,2.49,1.61805223,5.69777332,,4.336,29.992051,0.23272674,63.0,1.11800003,4.42799507,2.53983327,0.09576472,,6.2,0.406747,
2016-08-22,7.6999923,1.31133476,2.46733072,6.7,2.9918521,1.04,18.4910606,3.46888174,6.1,,3.56060434,2.57052447,2.65,10.08,,2.55,1.60999666,5.68888444,,4.408,31.260014,0.23272674,62.970001,1.10000003,4.34399517,2.53983327,0.09435295,,6.16,0.415402,
2016-08-23,7.79665887,1.2901842,2.46733072,6.83,2.98035603,1.04,17.94358091,3.46888174,5.725,,3.51514982,2.63305075,2.58,10.0,,2.48,1.58055236,5.57777342,,4.256,29.855069,0.22884796,62.0,1.09000003,4.36199515,2.49042017,0.09411766,,6.11,0.406747,
2016-08-24,7.4353259,1.27205515,2.53333078,7.12,3.01771825,1.03,18.05960289,3.46888174,5.51,,3.51514982,2.68168229,2.54,9.97,,2.5,1.57221894,5.61777339,,4.24,29.409001,0.22884796,63.0,1.10000003,4.42799507,2.49042017,0.09411766,,6.18,0.398093,
2016-08-25,7.6999923,1.23579704,2.55799736,7.12,2.96598594,1.03,17.90732284,3.55147416,5.495,,3.51514982,2.57747184,2.47,9.92,,2.43,1.53860792,5.57777342,,4.152,29.855069,0.22496918,61.990002,1.07200003,4.33199518,2.47065493,0.09129413,,6.1,0.398093,
2016-08-28,7.666659,1.1874529,2.63333068,6.99,3.21889947,1.01,17.7840491,3.55130914,5.225,,3.45454379,2.49410348,2.43,9.86,,2.35,1.51388578,5.54666233,,4.088,28.980492,0.2210904,61.549999,1.05600003,4.07999546,2.44100707,0.09411766,,5.9,0.389439,
2016-08-29,7.7333256,1.18140989,2.586664,6.95,3.19303331,1.02,17.80217723,3.58451113,5.45,,3.36363474,2.54968238,2.45,9.88,,2.35,1.52777464,5.47555128,,4.088,28.804874,0.2210904,63.0,1.03800003,4.07399547,2.44100707,0.09105883,,5.84,0.389439,
2016-08-30,7.7333256,1.19349592,2.55199736,6.93,2.91425363,1.01,17.65715039,3.55147416,5.41,,3.36363474,2.57747184,2.45,9.85,,2.36,1.52777464,5.59999562,,4.08,28.801361,0.2210904,64.0,1.03600003,4.14599539,2.45088969,0.09435295,,5.84,0.389439,
2016-08-31,7.48999251,1.19651743,2.55933069,6.93,2.93724577,1.01,17.7840491,3.56782763,5.4,,3.36363474,2.59136656,2.46,10.6,,2.4,1.54555235,5.59999562,,4.072,28.801361,0.2210904,64.43,1.02000003,4.23599529,2.46077231,0.09600001,,5.84,0.398093,
2016-09-01,7.4999925,1.17838838,2.56999735,6.77,2.82228507,1.01,17.74779284,3.55147416,5.25,,3.36363474,2.51494557,2.45,10.14,,2.37,1.54999679,5.71110665,,3.976,28.801361,0.2210904,65.0,1.02800003,4.16999536,2.48053755,0.09176471,,5.74,0.389439,
2016-09-04,7.4666592,1.19349592,2.56666408,6.81,2.86826935,1.0,18.05597646,3.87523662,5.25,,3.36363474,2.57052447,2.43,10.06,,2.38,1.55555236,5.79999547,,3.92,28.783798,0.2210904,66.5,1.02000003,4.52399497,2.48053755,0.09176471,,5.75,0.398093,
2016-09-05,7.4999925,1.18140989,2.63266415,6.95,3.34535624,1.01,18.05597646,3.71665899,5.275,,3.39393776,2.69557702,2.45,10.15,,2.36,1.57749679,5.82221767,,3.88,28.854047,0.2210904,68.0,1.02000003,4.60799487,2.49042017,0.09105883,,5.85,0.398093,
2016-09-06,7.666659,1.15421631,2.62666416,6.8,3.06945057,0.99,17.95445728,3.71665899,5.155,,3.4848468,2.75115592,2.41,10.0,,2.32,1.55555236,5.74221773,,3.784,31.256501,0.2210904,70.400002,1.01000003,4.52399497,2.45088969,0.08964707,,5.8,0.389439,
2016-09-07,7.59932573,1.13004424,2.62666416,6.62,2.79067088,0.99,18.00159208,3.63406659,5.1,,3.4848468,2.70947174,2.36,9.93,,2.29,1.52777464,5.61332895,,3.768,29.869119,0.21721162,70.110001,1.00400003,4.66199481,2.47065493,0.09152942,,5.74,0.389439,
2016-09-08,7.5939924,1.16328083,2.53466412,6.64,2.79067088,0.99,18.08860775,3.79743439,5.1,,3.42424077,2.65389284,2.41,9.86,,2.32,1.52749692,5.54221789,,3.696,29.869119,0.21721162,70.0,1.01400003,4.80599465,2.46077231,0.09129413,,5.7,0.389439,
2016-09-14,7.5999924,1.13608726,2.57933067,6.55,2.79067088,0.99,17.94720588,3.70030553,5.065,,3.42424077,2.5844192,2.38,9.73,,2.32,1.49166363,5.49332904,,3.656,29.869119,0.21721162,69.059998,1.01000003,4.91399453,2.44100707,0.09835295,,5.67,0.389439,
2016-09-15,7.5999924,1.13306575,2.56666408,6.46,2.79067088,0.98,17.92182599,3.63406659,5.0,,3.42424077,2.54968238,2.36,9.68,,2.26,1.47388589,5.4888846,,3.632,29.869119,0.21721162,71.389999,0.98000003,4.80599465,2.41135921,0.09882354,,5.6,0.389439,
2016-09-18,7.666659,1.09982915,2.5199974,6.28,2.86539533,0.96,17.58463607,3.61391403,5.0,,3.42424077,2.54273502,2.31,9.55,,2.27,1.44583033,5.47999572,,3.44,28.362316,0.21333284,70.699997,0.96000003,4.70999476,2.41135921,0.1002353,,5.35,0.389439,
2016-09-19,7.666659,1.15421631,2.53333078,6.23,3.07807262,0.96,17.74779284,3.61573106,4.965,,3.42424077,2.52189293,2.34,9.45,,2.26,1.45749703,5.53332901,,3.52,28.32368,0.21721162,72.68,0.94000003,4.7639947,2.42124183,0.1002353,,5.36,0.389439,
2016-09-20,7.65799234,1.14817329,2.54599737,6.28,3.07807262,0.96,17.74779284,3.61391403,4.945,,3.42424077,2.50105084,2.36,9.58,,2.25,1.4722192,5.55555121,,3.456,28.450125,0.21721162,72.949997,0.92000002,4.81199525,2.42124183,0.10117648,,5.52,0.380785,
2016-09-21,7.6333257,1.12400122,2.53333078,6.18,2.79929293,0.94,17.68978167,3.55147416,4.95,,3.24242268,2.48715611,2.32,9.42,,2.23,1.44444148,5.59110674,,3.368,28.801361,0.21721162,71.610001,0.90000002,4.70399477,2.39159397,0.10141177,,5.48,0.389439,
2016-09-22,7.61799238,1.11493669,2.52599739,5.74,3.04645843,0.92,17.58463607,3.55147416,4.875,,3.23333177,2.50105084,2.3,9.46,,2.23,1.41666376,5.47999572,,3.248,28.62223,0.21333284,71.010002,0.89000002,4.58999489,2.37182873,0.10705883,,5.42,0.380785,
2016-09-25,7.6333257,1.11191519,2.66733052,5.73,2.79929293,0.92,17.57013291,3.55147416,5.0,,3.33333173,2.49410348,2.29,9.4,,2.23,1.41971933,5.47999572,,3.36,28.62223,0.21333284,71.0,0.89000002,4.64999483,2.36194611,0.10588236,,5.48,0.380785,
2016-09-26,7.6333257,1.1179582,2.59999738,5.6,3.07807262,0.92,18.05960289,3.35407827,5.0,,3.34242263,2.49410348,2.3,9.38,,2.24,1.43055262,5.52888457,,3.432,29.855069,0.21333284,71.0,0.91600002,4.67999479,2.37182873,0.10517648,,5.5,0.380785,
2016-09-27,7.6333257,1.11191519,2.81733036,5.6,3.07807262,0.9,18.11398763,3.35407827,5.0,,3.33939233,2.48715611,2.29,9.3,,2.24,1.41666376,5.54666233,,3.392,29.163134,0.20945406,72.010002,0.90000002,4.75199471,2.36194611,0.10329413,,5.5,0.380785,
2016-09-28,7.3999926,1.09076463,2.73133065,5.41,3.07807262,0.89,17.7840491,3.30369689,4.95,,3.33333173,2.52189293,2.26,9.18,,2.23,1.41666376,5.5644401,,3.344,29.163134,0.21333284,71.440002,0.90000002,4.66199481,2.38171135,0.10376472,,5.46,0.380785,
2016-09-29,7.60665906,1.08472161,2.6826641,5.19,3.07807262,0.87,17.67890349,3.55147416,4.945,,3.4848468,2.49410348,2.25,9.03,,2.22,1.41666376,5.58221786,,3.352,30.346801,0.21333284,72.0,0.90000002,4.75799471,2.37182873,0.10705883,,5.44,0.380785,
2016-10-03,7.7333256,1.1179582,2.7199972,5.26,3.07807262,0.86,18.09585951,3.42494256,4.95,,3.45757409,2.49410348,2.37,9.2,,2.3,1.47249692,5.90221761,,3.592,29.925315,0.2210904,71.940002,0.90000002,5.15999426,2.44100707,0.10517648,,5.8,0.389439,
2016-10-04,7.7333256,1.1179582,2.73199725,5.33,3.07807262,0.85,18.45480435,3.70014051,4.945,,3.43030138,2.49410348,2.37,9.15,,2.28,1.4722192,6.06666193,,3.68,30.188743,0.21721162,72.239998,0.89200002,5.21999419,2.44100707,0.10352942,,5.79,0.380785,
2016-10-05,7.8666588,1.13004424,2.75999736,5.37,3.07807262,0.85,19.17994398,3.60515923,4.91,,3.4848468,2.46631402,2.39,9.03,,2.28,1.48610806,6.21777292,,3.696,29.047225,0.2210904,72.5,0.89000002,5.59799377,2.46077231,0.10588236,,5.75,0.380785,
2016-10-09,7.8666588,1.11493669,2.81333057,5.28,3.07807262,0.84,19.4337414,3.50505722,4.89,,3.4848468,2.46631402,2.37,8.94,,2.27,1.4722192,6.28443953,,3.648,29.047225,0.2210904,73.0,0.87000002,5.56199441,2.48053755,0.10564707,,5.79,0.380785,
2016-10-10,7.8666588,1.09076463,2.82666395,5.18,3.07807262,0.79,19.46999947,3.63406659,4.91,,3.51514982,2.44547193,2.33,8.85,,2.22,1.4563859,6.23999512,,3.624,29.047225,0.21721162,73.0,0.86000002,5.59199378,2.47065493,0.10352942,,5.73,0.372131,
2016-10-11,7.66732566,1.06357105,2.80133051,4.95,3.07807262,0.75,19.19082035,3.63406659,4.87,,3.49393771,2.39684039,2.23,8.71,,2.17,1.41249704,6.11555078,,3.576,28.134012,0.20945406,73.0,0.84200002,5.45399393,2.40147659,0.10258825,,5.5,0.354822,
2016-10-12,7.51132582,1.05752803,2.78733059,5.0,3.07807262,0.75,19.06029522,3.50241425,4.905,,3.51514982,2.36210357,2.2,8.61,,2.09,1.41055263,6.13332854,,3.432,28.137525,0.20945406,73.489998,0.81400002,5.42399397,2.39159397,0.10258825,,5.5,0.363476,
2016-10-13,7.7333256,1.07263557,2.77999727,5.01,3.07807262,0.75,19.57877005,3.51017795,5.0,,3.60605887,2.40378775,2.25,8.87,,2.08,1.49999692,6.4222172,,3.48,28.190211,0.22496918,78.800003,0.82400002,5.63999372,2.44100707,0.10352942,,5.77,0.354822,
2016-10-16,7.56332577,1.07565708,2.78333053,4.94,3.07807262,0.74,19.70566876,3.51017795,4.925,,3.57575585,2.38294566,2.25,9.1,,2.05,1.51388578,6.41777276,,3.456,28.204261,0.2210904,79.940002,0.82400002,5.63999372,2.43112445,0.10141177,,5.77,0.346168,
2016-10-17,7.47999252,1.045442,2.76733041,4.69,3.07807262,0.72,19.06392164,3.50191871,4.67,,3.63636188,2.32041939,2.2,8.93,,1.94,1.4722192,6.248884,,3.416,28.221821,0.22496918,77.889999,0.80600002,5.47799391,2.38171135,0.10141177,,5.61,0.346168,
2016-10-18,7.34132599,1.0122054,2.40799751,4.54,3.38559248,0.69,19.08930153,3.50191871,4.325,,3.59696796,2.25789312,2.13,8.37,,1.87,1.4722192,6.23999512,,3.352,28.207771,0.2210904,81.199997,0.78000002,5.28599412,2.30265039,0.10117648,,5.36,0.346168,
2016-10-19,7.34132599,0.99407635,2.46333092,4.62,3.72185251,0.67,18.85725539,3.50191871,4.105,,3.36666504,2.20231421,2.09,8.26,,1.89,1.46805248,6.44443941,,3.28,28.207771,0.21721162,81.900002,0.77800002,5.20799421,2.29276777,0.10188236,,5.32,0.346168,
2016-10-20,7.19665947,0.99709786,2.58333073,4.8,4.09260076,0.68,18.98052913,3.50191871,4.125,,3.45454379,2.18147212,2.05,8.43,,1.91,1.57499679,6.62666149,,3.312,28.134012,0.21721162,84.970001,0.78000002,5.33999406,2.29276777,0.1044706,,5.38,0.346168,
2016-10-23,7.1666595,0.97896881,2.54999743,4.75,4.09260076,0.67,18.98052913,3.47202025,4.125,,3.4848468,2.18841948,2.04,8.37,,1.89,1.61944109,6.62221705,,3.28,27.375343,0.21333284,85.099998,0.77000002,5.36399403,2.27300254,0.1004706,,5.39,0.346168,
2016-10-24,6.81932651,0.99709786,2.53599751,4.85,3.72185251,0.65,18.93702148,3.61672217,4.21,,3.51211952,2.20231421,2.0,8.35,,1.88,1.6111078,6.66666146,,3.28,27.375343,0.20945406,86.199997,0.75800002,5.20199421,2.24335468,0.10000001,,5.4,0.346168,
2016-10-25,6.81932651,0.98803333,2.53266425,4.93,3.72185251,0.66,18.85363042,3.50191871,4.25,,3.57272555,2.43157721,1.97,8.61,,1.9,1.61805223,6.88443906,,3.2,27.220798,0.21333284,86.650002,0.76000002,5.09999433,2.26311992,0.10000001,,5.61,0.363476,
2016-10-26,6.73399326,0.98199031,2.53333078,5.09,4.08972674,0.71,18.85363042,3.50191871,4.275,,3.57575585,2.34820884,2.03,8.53,,1.95,1.59999666,6.91110571,,3.12,27.484226,0.21333284,85.760002,0.77600002,5.08199435,2.24335468,0.10000001,,5.67,0.372131,
2016-10-27,6.9666597,1.01522691,2.68333063,5.4,4.09260076,0.73,18.85725539,3.48473964,4.6,,3.71211942,2.30652466,2.14,8.8,,2.02,1.63888552,6.94666124,,3.176,27.466663,0.2210904,85.510002,0.80000002,5.20199421,2.32241563,0.09882354,,5.7,0.363476,
2016-10-30,6.92865974,1.00011937,2.63999721,5.47,4.03799442,0.73,18.9406479,3.45682323,4.62,,3.78787696,2.36210357,2.15,8.73,,2.02,1.66666324,6.95555012,,3.168,27.452616,0.2210904,87.650002,0.80000002,5.15999426,2.32241563,0.09882354,,5.68,0.372131,
2016-10-31,6.92865974,1.00616238,2.65933059,5.45,3.72185251,0.73,18.85725539,3.46888174,4.725,,3.75757395,2.30652466,2.18,8.84,,1.99,1.63888552,7.06666114,,3.2,27.782776,0.2210904,91.0,0.79000002,5.56199441,2.29276777,0.09882354,,5.71,0.372131,
2016-11-01,6.98332635,1.01522691,2.63999721,5.44,3.72185251,0.77,18.86450715,3.46888174,5.09,,3.6757558,2.29262994,2.21,8.76,,2.0,1.64999666,7.07999447,,3.312,29.152597,0.2210904,93.0,0.78800002,5.54399383,2.32241563,0.09670589,,5.88,0.363476,
2016-11-02,6.8666598,1.03939898,2.64666407,5.47,3.73909662,0.79,19.21620024,3.43733143,5.5,,3.34545293,2.34126148,2.24,8.83,,2.06,1.66527438,7.3333276,,3.416,28.976979,0.22884796,92.0,0.81800002,5.62799374,2.38171135,0.0964706,,6.06,0.372131,
2016-11-03,7.5333258,1.0817001,2.66066399,5.89,3.99488416,0.8,20.80788136,3.46838618,5.675,,3.6666649,2.3759983,2.39,9.48,,2.36,1.71666311,7.78666058,,3.872,29.46871,0.2404843,96.0,0.86000002,6.0239933,2.55959851,0.10000001,,6.56,0.372131,
2016-11-06,7.19265947,1.13910876,2.59999738,6.19,4.02362434,0.8,21.99711,3.55147416,5.95,,3.64545279,2.33431412,2.44,9.53,,2.38,1.6805521,7.68888243,,3.8,28.450125,0.24824185,92.0,0.83800002,5.99999332,2.55959851,0.10188236,,6.86,0.372131,
2016-11-07,7.1333262,1.16630234,2.59999738,6.67,4.57543568,0.8,23.59241791,3.79925142,6.37,,3.4696953,2.40378775,2.54,9.8,,2.83,1.71527425,7.77332726,,4.048,28.274507,0.25987819,90.5,0.85000002,6.23999306,2.6584247,0.09976472,,6.94,0.372131,
2016-11-08,7.0666596,1.25392609,2.59599732,6.69,4.24492368,0.82,23.92960784,3.95865463,6.625,,3.4696953,2.42462984,2.57,9.89,,2.9,1.73777423,7.66666067,,4.328,28.801361,0.26375697,89.0,0.84800002,6.13199318,2.64854208,0.09929413,,6.95,0.389439,
2016-11-09,6.7999932,1.28414118,2.82066389,7.13,3.94889989,0.85,23.82083581,4.34138825,6.64,,3.54545284,2.38989302,2.59,10.0,,2.8,1.71666311,7.99554931,,4.464,28.818924,0.26763575,91.900002,0.85000002,6.02999329,2.71772042,0.09929413,,7.2,0.398093,
2016-11-10,7.41865925,1.37176493,2.98733039,7.5,4.13571102,0.87,24.77801976,4.74245705,7.115,,3.78787696,2.47326139,2.69,10.26,,2.84,1.81666299,8.39999343,,4.76,28.804874,0.28315087,95.800003,0.91600002,6.13199318,2.9054902,0.10282354,,7.7,0.424056,
2016-11-13,8.05665861,1.45032416,3.61132956,7.99,4.12421495,0.9,25.3798871,4.80687897,7.25,,3.81817998,2.65389284,2.75,10.17,,2.89,1.83638514,8.44443784,,4.808,28.836484,0.2947872,96.779999,1.00000003,6.10199321,2.94502068,0.11058825,,8.1,0.441364,
2016-11-14,7.69732563,1.5349264,3.79999617,8.09,4.0178763,0.91,25.13696605,4.70776806,6.955,,3.74545274,2.70252438,2.81,9.9,,2.78,1.83610728,8.2222158,,5.208,28.818924,0.30642354,93.800003,1.14000003,5.93999339,2.9054902,0.11411766,,8.0,0.43271,
2016-11-15,7.69732563,1.57722752,3.72932951,8.0,3.96039596,0.93,24.46983614,4.63673876,6.925,,3.81514968,2.66778756,2.86,9.56,,2.73,1.81110731,8.42221608,,5.12,28.896194,0.31030232,92.010002,1.16800003,5.96399336,3.02408163,0.11223531,,8.05,0.424056,
2016-11-16,8.09665857,1.59837808,3.65999645,8.0,4.01500229,0.99,24.79977612,4.54423524,6.87,,3.78484666,2.75810329,2.98,9.97,,2.94,1.88305171,8.88888194,,5.2,29.012102,0.34133255,93.0,1.15600003,6.29999299,3.11302521,0.11294119,,8.65,0.458673,
2016-11-17,7.99932533,1.61046411,3.59332985,7.99,4.00925425,1.01,25.30737423,4.65821261,6.8,,3.84545269,2.84147165,3.25,10.34,,3.03,1.8872184,9.38221533,,5.064,28.941856,0.34521133,98.0,1.14000003,6.39599288,3.19208617,0.11764707,,8.87,0.484635,
2016-11-20,7.92265874,1.55305545,3.52666325,7.57,3.93740382,1.02,25.34363085,4.65821261,6.815,,4.07575561,2.73031383,3.12,10.1,,2.86,1.89999615,9.19999325,,4.792,28.892683,0.36072645,96.059998,1.19000003,6.29999299,3.13279045,0.11717648,,8.72,0.527906,
2016-11-21,7.57465909,1.59837808,3.53332978,7.76,4.2161835,1.04,25.56117201,4.70776806,7.0,,4.11514953,2.77199801,3.21,10.3,,2.88,1.97221817,9.43999262,,4.928,28.818924,0.36072645,96.510002,1.27600003,6.53999272,3.26126451,0.11858825,,9.2,0.519252,
2016-11-22,7.4666592,1.58629205,3.58732979,7.9,4.2161835,1.03,25.48865914,4.77185978,7.125,,4.22424039,2.88315583,3.28,10.37,,2.88,2.11277338,9.43999262,,4.944,28.804874,0.36460522,103.98,1.30000004,6.86399236,3.3600907,0.11764707,,9.2,0.527906,
2016-11-23,7.34065932,1.56514148,3.69999628,8.0,4.17882128,1.02,25.30737423,4.75732352,7.125,,4.41817969,2.95957683,3.22,10.18,,2.84,2.25582867,9.44443706,,4.744,29.851556,0.35684767,106.0,1.27000003,6.89999232,3.29091237,0.11976472,,9.15,0.519252,
2016-11-24,7.1353262,1.54701243,3.73466291,8.0,4.0178763,1.01,25.01731729,4.75732352,7.17,,4.39393727,3.05683992,3.24,10.2,,2.84,2.47916157,9.4222153,,4.64,29.461684,0.35296889,104.55,1.25000003,6.81599242,3.27114713,0.12000001,,9.28,0.519252,
2016-11-27,6.94199306,1.51981885,3.64999633,7.9,3.99488416,0.97,24.64387074,4.75732352,7.125,,4.26666461,3.02905046,3.08,9.9,,2.69,2.33332854,8.96888188,,4.56,29.117474,0.33745377,100.87,1.22400003,7.19999199,3.15255569,0.11811766,,8.83,0.510598,
2016-11-28,6.9333264,1.51679735,3.72332945,8.46,3.8195691,0.98,24.65474747,4.75732352,6.95,,4.10302832,3.0985241,3.05,10.0,,2.71,2.38888398,9.04888226,,4.832,29.117474,0.34133255,101.54,1.24000003,7.63199151,3.14267307,0.12258825,,8.82,0.519252,
2016-11-29,6.99932633,1.51075433,3.75932948,8.38,3.63850601,0.96,24.39369684,4.75732352,7.125,,4.09090712,3.34168182,2.99,9.85,,2.71,2.42916159,8.92443747,,4.824,28.892683,0.34133255,104.99,1.20200003,8.33399073,3.09325997,0.12211766,,8.68,0.519252,
2016-11-30,6.9333264,1.5349264,4.05599592,8.3,3.87992347,1.0,25.12608932,4.79449012,7.15,,4.2424222,3.53620799,3.07,9.99,,2.92,2.44443958,8.9866592,,4.8,28.927806,0.36072645,104.99,1.27400003,8.42999062,3.11302521,0.12941178,,8.81,0.519252,
2016-12-01,7.0333263,1.54701243,4.369329,8.4,3.76208876,1.03,25.48865914,4.79036049,7.03,,4.23939189,3.48757645,3.09,10.05,,2.91,2.38110637,9.22221501,,4.752,28.980492,0.37236278,104.0,1.24800003,9.02998995,3.14267307,0.12988237,,8.72,0.510598,
2016-12-04,6.87665979,1.54096942,4.79599531,8.91,3.72185251,1.04,25.45239998,4.75699332,7.48,,4.23939189,3.44589227,3.1,10.3,,3.15,2.30110642,9.37777045,,4.784,28.927806,0.36460522,104.95,1.26000003,9.5279894,3.18220355,0.12800001,,8.71,0.510598,
2016-12-05,6.8666598,1.63765769,4.58932845,8.93,3.66437216,1.02,25.34363085,4.79036049,7.275,,4.21817978,3.63347108,3.14,10.27,,3.19,2.31999527,9.33332604,,4.96,28.910243,0.35296889,103.5,1.22800003,8.92199007,3.20196879,0.12258825,,8.65,0.519252,
2016-12-06,6.8666598,1.63161468,4.39999557,8.75,3.54366343,0.99,25.3798871,4.70776806,7.855,,4.14242224,3.78631308,3.07,10.1,,3.12,2.4722173,9.10665955,,5.184,28.854047,0.33357499,104.8,1.20000003,8.99998999,3.09325997,0.12282354,,8.51,0.510598,
2016-12-07,6.8333265,1.59837808,4.23332907,8.82,3.39134051,0.99,25.2747415,4.70776806,8.245,,4.17575556,3.77241835,3.04,10.3,,3.06,2.5322173,9.15999329,,5.328,28.850534,0.32969621,104.0,1.21000003,8.95799003,3.13279045,0.12894119,,8.72,0.510598,
2016-12-08,6.999993,1.52888338,4.06666257,8.16,3.35972632,0.97,24.90854526,4.65011871,7.995,,4.15151315,3.6682079,2.96,10.8,,3.07,2.70555017,8.84443753,,5.456,28.850534,0.31030232,103.0,1.17000003,8.81999019,3.07349473,0.12682354,,8.69,0.510598,
2016-12-12,6.99932633,1.52586187,4.23266254,8.12,3.40858462,0.97,25.05357354,4.59841569,7.8,,4.04545259,3.64041844,3.05,11.41,,3.1,2.82221661,8.97777121,,5.544,28.808385,0.31030232,105.0,1.17800003,8.84399016,3.17232093,0.12517648,,8.92,0.510598,
2016-12-13,7.06332627,1.58024903,4.14266243,7.92,3.61551387,0.96,24.83603238,4.59841569,7.72,,4.18181617,3.6682079,3.08,11.39,,3.07,2.7966611,8.959993,,5.68,28.537934,0.31030232,104.0,1.17800003,8.77199024,3.18220355,0.13082354,,8.91,0.501944,
2016-12-14,7.00599299,1.6044211,4.12599578,7.68,3.90291561,0.94,24.69100373,4.62352363,7.5,,4.0636344,3.61262899,3.04,11.15,,3.24,2.69999452,8.90666015,,5.48,29.855069,0.29866598,103.0,1.16600003,9.29998965,3.14267307,0.12941178,,8.81,0.501944,
2016-12-15,6.90665976,1.55305545,4.02666275,7.69,3.72760055,0.92,24.63661789,4.62335878,7.5,,3.98484656,3.50841854,3.02,11.3,,3.1,2.63110588,8.85332641,,5.36,29.595155,0.30642354,103.38,1.18000003,9.86998962,3.13279045,0.12823531,,8.75,0.510598,
2016-12-18,7.3999926,1.56816299,4.09332935,7.85,3.60114378,0.92,24.46258583,4.62005491,7.65,,3.93939204,3.49452381,3.0,11.7,,3.12,2.68888365,8.9111037,,5.264,28.973466,0.31030232,102.51,1.18200003,10.16398929,3.12290783,0.12941178,,8.78,0.510598,
2016-12-19,7.19665947,1.57722752,4.16666247,8.09,3.59252173,0.91,25.41614336,4.6165862,7.495,,4.14848285,3.4389449,3.07,12.67,,3.36,2.86110542,9.72888084,,5.344,29.152597,0.32969621,104.97,1.20000003,9.89998899,3.18220355,0.13105884,,9.06,0.519252,
2016-12-20,7.33265933,1.70715239,4.25199565,8.3,3.61838789,0.92,26.01438428,4.64169412,7.4,,4.14848285,3.48062909,3.17,13.54,,3.4,2.87666083,9.99999218,,5.28,29.152597,0.33745377,104.89,1.21000003,10.37998785,3.22173403,0.13176472,,9.3,0.527906,
2016-12-21,7.09132624,1.8159267,4.26666237,8.1,3.471813,0.94,26.25005539,4.62517564,7.25,,4.19696767,3.4389449,3.17,13.44,,3.31,2.8588832,10.75999115,,5.112,29.152597,0.36460522,104.0,1.21000003,9.88198841,3.27114713,0.13223531,,9.47,0.519252,
2016-12-22,6.96532637,1.87333537,4.6066619,8.04,3.44882086,0.94,26.28268522,4.62517564,7.18,,4.13333134,3.41810281,3.19,13.3,,3.36,2.86554997,11.22221345,,5.24,29.152597,0.35684767,109.0,1.20600003,9.98998889,3.32056023,0.13223531,,9.7,0.519252,
2016-12-25,6.92665974,1.82801274,5.12999464,7.57,3.40858462,0.91,26.06877048,4.62517564,7.235,,4.06666471,3.35557654,3.13,12.75,,3.29,2.79443888,10.82221376,,5.136,29.120987,0.34133255,106.7,1.21600003,9.57598935,3.24149927,0.13035295,,9.8,0.510598,
2016-12-26,7.1333262,1.91563649,5.12999464,7.09,3.47756103,0.9,25.9962547,4.62517564,7.24,,4.06666471,3.24441873,3.03,12.15,,3.45,2.76110562,10.62221392,,5.12,28.998052,0.34133255,104.66,1.26000003,9.23998972,3.15255569,0.12564707,,9.67,0.510598,
2016-12-27,7.09065957,2.04556136,5.26666137,7.05,3.4890571,0.97,25.72432734,4.72428655,7.2,,4.06666471,3.29305027,2.99,12.07,,3.39,2.77777225,10.66665833,,5.072,30.206305,0.34133255,104.0,1.33600004,9.57598935,3.15255569,0.12823531,,9.520001,0.519252,
2016-12-28,7.00332633,2.20872283,5.14399509,6.94,3.40858462,1.03,26.23192545,4.74080503,7.335,,4.22424039,3.21662927,2.98,12.02,,3.37,2.85554999,11.17332416,,5.056,29.630279,0.33745377,108.01,1.32800004,9.68998922,3.12290783,0.12776472,,9.35,0.527906,
2016-12-29,6.999993,2.20570132,4.9679948,6.93,3.37122239,1.06,26.66701104,4.62517564,7.325,,4.23939189,3.06378728,2.95,12.04,,3.31,2.81888339,11.59999093,,4.984,29.152597,0.33745377,108.9,1.31800004,9.50998942,3.11302521,0.12705884,,9.28,0.519252,
2017-01-02,6.94665972,2.33260468,5.16666147,6.92,3.30511999,1.13,26.49660286,4.62517564,7.255,,4.16060405,2.91094528,2.93,12.2,,3.28,2.77777225,11.68887931,,5.008,29.096398,0.32969621,110.5,1.29600003,10.06198881,3.12290783,0.12541178,,9.25,0.510598,
2017-01-03,6.88732644,2.41720693,5.04999492,7.27,3.19303331,1.13,26.46759655,4.93902685,7.24,,4.16060405,2.86231374,2.96,12.48,,3.23,2.7733277,11.61776825,,4.992,28.976979,0.32969621,115.0,1.25400003,10.13998872,3.19208617,0.12611766,,9.22,0.519252,
2017-01-04,6.8273265,2.44742201,5.03132834,7.46,3.23326956,1.13,26.83016637,4.70776806,7.345,,4.16060405,3.06378728,3.01,13.1,,3.35,2.9333275,11.97776886,,5.0,28.976979,0.32969621,115.25,1.24000003,10.04998882,3.43915166,0.12705884,,9.33,0.545215,
2017-01-05,6.80999319,2.3718843,4.99999497,7.39,3.2562617,1.13,26.97519502,4.83991594,7.295,,4.2424222,3.13326091,3.07,13.27,,3.35,3.02777175,12.91110058,,4.992,29.047225,0.34133255,114.39,1.21800003,9.91798957,3.54786048,0.12941178,,9.54,0.553869,
2017-01-08,6.95799304,2.33260468,4.99999497,7.22,3.2735058,1.19,27.15647993,4.70776806,7.25,,4.2424222,3.18189246,3.08,14.15,,3.51,3.03332719,12.95998987,,4.864,29.012102,0.34133255,113.56,1.27400003,9.86398963,3.52809524,0.12964707,,9.55,0.545215,
2017-01-09,6.86599313,2.4081424,4.99999497,7.15,3.21889947,1.19,26.97519502,4.70611606,7.055,,4.2424222,3.10547146,3.0,13.9,,3.52,3.15443806,12.54221197,,4.8,28.976979,0.33745377,112.2,1.25400003,9.99598888,3.44903428,0.12917648,,9.38,0.545215,
2017-01-10,6.80665986,2.44742201,4.99999497,7.75,3.18441126,1.16,28.13541698,4.95554533,7.27,,4.2424222,3.11241882,2.97,14.05,,3.5,3.31110441,12.47999025,,4.744,29.047225,0.33357499,112.0,1.26000003,10.10998875,3.46879952,0.12752942,,9.42,0.553869,
2017-01-11,6.8666598,2.52295973,5.31999484,8.33,3.16141912,1.17,28.20430633,4.95554533,7.26,,4.2424222,3.04989255,2.94,13.75,,3.45,3.22221581,12.3599899,,4.76,29.064788,0.32581743,114.0,1.23200003,9.92398956,3.42926904,0.13411766,,9.45,0.545215,
2017-01-12,6.89932643,2.69216421,5.36332773,9.06,3.11543484,1.23,28.1172903,5.28591536,7.445,,4.2424222,3.06378728,3.06,13.65,,3.41,3.26332695,12.5511013,,4.904,29.503833,0.32969621,114.98,1.25000003,10.34998848,3.52809524,0.13976472,,9.71,0.562523,
2017-01-15,6.8666598,2.77374495,5.36666126,9.91,3.10393877,1.25,27.91787581,5.28591536,7.335,,4.09090712,3.19578718,3.1,13.61,,3.52,3.29443789,12.66221233,,4.896,29.120987,0.34133255,114.5,1.27000003,10.73998805,3.53797786,0.15058825,,9.85,0.571177,
2017-01-16,6.8666598,2.84021814,5.33332796,10.3,3.04645843,1.27,28.42547428,5.12403452,7.4,,4.04545259,3.27915555,3.06,13.49,,3.43,3.24221577,12.47999025,,4.952,29.120987,0.33745377,112.23,1.32000004,10.64998815,3.44903428,0.15741178,,9.71,0.59714,
2017-01-17,6.82265984,2.90971284,5.26666137,9.66,3.30511999,1.3,28.64301545,5.18680443,7.445,,4.22727069,3.22357664,3.06,13.35,,3.48,3.3822156,12.73332338,,5.064,29.019128,0.33357499,112.98,1.41600004,10.58998822,3.41938642,0.16188237,,9.81,0.605794,
2017-01-18,6.8666598,2.84021814,5.31332778,9.53,3.44882086,1.31,28.7336579,5.30243384,7.5,,4.27272521,3.21662927,3.13,13.35,,3.4,3.4222153,12.79998955,,4.96,29.152597,0.32969621,115.5,1.48600004,10.64998815,3.41938642,0.1647059,,10.04,0.605794,
2017-01-19,6.86599313,2.6861212,5.18999464,9.2,3.25338768,1.26,28.28769594,5.4511002,7.5,,4.23030099,3.04989255,3.06,12.78,,3.22,3.29888244,12.37332366,,4.696,29.113961,0.3141811,113.14,1.40800004,10.31398912,3.33044285,0.1527059,,9.85,0.579831,
2017-01-22,6.7333266,2.56828236,5.35666114,9.25,3.0579545,1.17,27.80910378,5.41806323,7.31,,4.13636164,2.89705056,2.91,12.38,,3.07,3.23443812,11.85776851,,4.864,28.801361,0.2947872,113.0,1.39600004,9.95998892,3.12290783,0.15600002,,9.59,0.562523,
2017-01-23,6.66066027,2.61058348,5.5953277,9.95,3.23326956,1.18,28.58862925,5.58324808,7.255,,4.09090712,2.93873474,2.9,12.68,,3.09,3.29777122,11.91110136,,4.992,29.855069,0.2947872,113.9,1.36000004,10.12798813,3.13279045,0.16400002,,9.63,0.579831,
2017-01-24,6.66666,2.58943292,5.71999444,9.9,3.15854511,1.16,28.53424341,5.52212936,7.435,,4.22727069,2.98041892,2.79,12.84,,3.07,3.35554899,11.78221301,,4.992,29.721601,0.28702964,113.0,1.32000004,10.16998928,3.12290783,0.16258825,,9.58,0.571177,
2017-01-26,6.66666,2.63777706,5.72332744,10.25,3.16141912,1.26,28.49798679,6.06922226,7.6,,4.36969486,3.21662927,2.76,13.15,,3.1,3.43888216,11.91110136,,5.176,28.896194,0.29866598,114.99,1.34000004,10.31998912,3.15255569,0.15764707,,9.38,0.588486,
2017-01-29,6.66799333,2.61964801,5.71666091,10.0,3.1901593,1.28,28.61400914,6.02726497,7.625,,4.39393727,3.21662927,2.76,13.22,,3.15,3.46110423,11.8133241,,5.144,30.030687,0.31805988,114.06,1.30800004,10.91398846,3.13279045,0.16541178,,9.35,0.588486,
2017-01-30,6.51732695,2.54108878,5.66799409,9.51,3.11830886,1.25,28.54512268,6.57733054,7.5,,4.81817949,3.21662927,2.73,13.04,,3.39,3.47777075,11.63999135,,5.0,30.202792,0.3141811,110.5,1.27600003,10.55398826,3.08337735,0.1647059,,9.21,0.588486,
2017-01-31,6.47866019,2.36281977,5.53332776,8.96,3.0090962,1.21,28.22243301,6.60574234,7.5,,5.28787654,3.25136609,2.65,12.5,,3.34,3.37888217,11.37332444,,4.912,29.855069,0.30254476,107.82,1.23000003,10.43998838,2.93513806,0.15788237,,8.85,0.571177,
2017-02-01,6.7999932,2.30843261,5.73332756,8.770001,2.94586782,1.22,28.09916072,7.22320332,7.46,,5.81514901,3.19578718,2.57,12.37,,3.25,3.29777122,10.97776964,,5.0,29.855069,0.2947872,105.99,1.22000003,10.49998832,2.83631186,0.15294119,,8.61,0.571177,
2017-02-02,7.2666594,2.33562619,6.19399403,9.3,2.92862371,1.21,28.06653089,7.06991178,7.6,,5.96969439,3.383366,2.59,12.37,,3.23,3.28888235,11.10665799,,4.912,29.672428,0.2947872,105.95,1.23200003,11.42398789,2.87584234,0.15576472,,8.61,0.571177,
2017-02-05,7.52999247,2.31749714,6.89332639,9.53,2.97748201,1.23,28.24418937,7.2681336,7.625,,5.8030275,3.48757645,2.6,12.6,,3.33,3.32777127,11.11110243,,4.984,29.672428,0.2947872,106.9,1.27600003,11.99398666,2.9054902,0.15411766,,8.55,0.571177,
2017-02-06,7.4333259,2.21778736,8.07465854,9.69,2.96311192,1.21,28.10278715,7.26648175,7.69,,5.45454282,3.71683944,2.53,13.05,,3.19,3.23888245,10.87110217,,5.344,31.61125,0.29090842,105.0,1.35000004,11.87998618,2.82642924,0.16000002,,8.14,0.571177,
2017-02-07,7.32665934,2.37792731,7.79999215,10.39,2.96023791,1.21,29.18687017,7.2681336,8.335,,5.34848227,3.75157626,2.64,13.32,,3.24,3.24777132,11.20887968,,5.752,34.069903,0.29866598,104.99,1.33000004,11.63398646,3.05372949,0.16705884,,8.15,0.571177,
2017-02-08,7.2333261,2.51993822,7.53332575,10.55,2.92000166,1.21,29.8358705,7.0728851,8.95,,5.6060579,3.70989208,2.63,13.26,,3.27,3.27110471,11.23554722,,6.784,35.868232,0.2947872,104.5,1.34000004,11.69998698,3.05372949,0.17364708,,8.25,0.571177,
2017-02-09,7.0666596,2.52295973,7.39999255,10.2,2.86252131,1.16,29.3717815,7.2681336,8.745,,5.13636146,3.61957635,2.6,13.81,,3.22,3.20332696,11.08443623,,6.76,38.987208,0.28702964,101.1,1.28200003,11.38198674,3.01419901,0.17294119,,8.11,0.571177,
2017-02-12,6.999993,2.53806727,7.16932612,10.07,2.80791527,1.14,29.08535098,7.10294875,8.96,,5.0303006,3.66126054,2.69,13.5,,3.23,3.20443807,10.93332479,,6.6,37.768419,0.28702964,100.0,1.36600004,11.10598764,2.99443377,0.17058825,,8.05,0.562523,
2017-02-13,7.3939926,2.4081424,6.86332642,9.7,2.75043464,1.12,28.55599942,7.06991178,8.545,,4.99696729,3.57094481,2.66,13.05,,3.17,3.16777148,10.59554727,,6.736,36.879791,0.27927209,99.0,1.36000004,10.89598788,2.94502068,0.16776472,,7.98,0.571177,
2017-02-14,8.333325,2.35677675,6.79999316,9.98,2.66708813,1.09,28.28407205,7.20205966,8.7,,4.90605854,3.76547099,2.62,12.64,,3.14,3.13110488,10.40443631,,6.8,35.720712,0.27539331,98.0,1.33200004,10.64398816,2.9054902,0.16941178,,7.94,0.562523,
2017-02-15,7.94332539,2.29332507,6.38332691,9.62,2.58661565,1.07,27.71846133,6.87168995,8.8,,4.6333311,3.96694453,2.65,11.88,,3.15,3.04443839,10.48443625,,6.672,34.870721,0.27151453,98.0,1.27000003,10.50598831,2.84619448,0.16400002,,7.94,0.553869,
2017-02-16,7.83265883,2.32051865,6.45332704,9.72,2.58661565,1.1,28.13541698,6.87168995,8.8500005,,4.85757372,4.18926016,2.71,12.04,,3.16,3.09666062,10.52443622,,6.6,36.507481,0.27151453,92.0,1.28000003,10.64998815,2.83631186,0.16305884,,8.18,0.562523,
2017-02-19,7.68665898,2.51087369,6.43332686,9.67,2.67283617,1.11,27.97226201,6.87168995,8.8100005,,5.29999744,4.5227336,2.77,12.39,,3.24,3.09888261,10.39110255,,6.424,36.121122,0.27539331,91.739998,1.26000003,10.52998768,2.87584234,0.16305884,,8.2,0.562523,
2017-02-20,7.56599243,2.56828236,6.31532718,9.270001,2.64697001,1.09,27.58793583,6.86177885,8.6000005,,5.25454292,4.76589132,2.85,12.35,,3.16,3.04332717,10.11999209,,6.16,32.664958,0.27151453,91.900002,1.32000004,10.72798746,2.94502068,0.16329413,,8.75,0.571177,
2017-02-21,7.58199242,2.4444005,6.77265985,9.45,2.64409599,1.14,27.91787581,6.8713599,8.745,,5.07272483,4.97431223,2.91,12.6,,3.22,3.08221609,10.26665864,,6.2,32.664958,0.28702964,95.25,1.37600004,10.77598741,3.04384687,0.16305884,,8.8,0.579831,
2017-02-22,7.58332575,2.40512089,7.46665915,9.23,2.59811172,1.13,27.56255631,6.82213449,8.6499995,,5.08484634,5.06462795,2.85,12.41,,3.19,3.06443835,10.23999244,,6.008,32.664958,0.28315087,97.0,1.42000004,10.79998798,3.06361211,0.15882355,,8.61,0.579831,
2017-02-23,7.666659,2.36886279,7.19999275,9.3,2.58661565,1.1,27.19273618,6.80528597,8.6450005,,4.92120975,4.87704914,2.76,12.2,,3.11,3.07666066,10.12443698,,5.992,32.180253,0.27539331,93.730003,1.33600004,10.67998752,3.11302521,0.16117649,,8.55,0.571177,
2017-02-26,7.56599243,2.26310998,7.00065962,9.0,2.4141746,1.08,27.01145128,6.68833476,8.6499995,,4.91817945,4.61999669,2.72,11.95,,2.99,3.0322163,10.21332535,,5.96,31.61125,0.27151453,89.949997,1.29600003,10.61998878,3.12290783,0.15882355,,8.6,0.562523,
2017-02-27,7.31132602,2.20570132,6.76865985,8.69,2.37106434,1.09,26.69601445,6.59219685,8.5649995,,5.29393654,4.46715469,2.69,11.71,,2.91,2.97443853,10.04443659,,5.992,31.456705,0.26763575,89.0,1.25400003,10.61998878,3.11302521,0.15529413,,8.63,0.562523,
2017-02-28,7.1019929,2.14527115,6.55266014,8.19,2.31645801,1.06,26.53648554,6.67346813,8.55,,5.30302775,4.27262852,2.65,11.55,,2.8,2.90777199,10.02221394,,5.72,31.61125,0.25987819,89.5,1.22800003,10.3379885,3.03396425,0.15529413,,8.25,0.562523,
2017-03-01,7.00665966,2.1301636,6.62666013,8.25,2.50614316,1.05,26.36970379,6.67313809,8.7200005,,5.61817941,4.48104942,2.73,11.22,,2.87,2.90554977,10.24443599,,5.832,31.61125,0.26375697,87.900002,1.25000003,10.21798923,3.04384687,0.16658825,,7.99,0.571177,
2017-03-02,7.2333261,2.15735718,6.73332656,8.54,2.72169446,1.07,27.04770753,6.59087571,8.6000005,,6.03939103,4.73115451,2.76,11.48,,2.96,3.02777175,10.97776964,,5.872,31.61125,0.26763575,92.0,1.28000003,10.52998768,3.15255569,0.17176472,,8.020001,0.571177,
2017-03-05,7.79265887,2.24498093,6.66665996,8.65,2.94586782,1.08,27.33413805,6.57402718,9.25,,6.3666636,4.72420714,2.76,11.58,,2.94,3.04999404,10.9999914,,6.184,33.36743,0.27151453,94.989998,1.28000003,10.55998825,3.26126451,0.18117649,,8.19,0.571177,
2017-03-06,7.9666587,2.25102395,6.58599344,9.08,2.80791527,1.08,27.44653397,6.57402718,8.87,,6.27272455,4.57136515,2.78,11.72,,2.96,3.29999355,11.06665802,,6.088,33.363917,0.26763575,93.75,1.29200003,10.70998808,3.3600907,0.18658825,,8.47,0.571177,
2017-03-07,7.999992,2.41720693,6.73332656,9.07,2.91425363,1.11,27.48279312,6.50828326,8.8599995,,6.28181515,4.62694405,2.82,11.87,,3.09,3.29999355,11.46665726,,6.056,33.325281,0.27927209,95.5,1.28200003,11.27398806,3.3600907,0.18564708,,8.48,0.562523,
2017-03-08,8.0666586,2.41116391,7.19999275,8.99,2.90275756,1.12,27.2507488,6.64043116,9.0,,6.08484555,4.62694405,2.76,11.68,,3.01,3.27777126,11.48443547,,6.152,33.325281,0.27539331,93.989998,1.27000003,11.45398726,3.29091237,0.18400002,,8.34,0.571177,
2017-03-09,8.75732457,2.39303486,7.33332595,9.18,2.85389926,1.12,27.99038869,6.64043116,9.24,,6.06060314,4.79368078,2.75,11.89,,2.97,3.25554897,11.55554652,,6.272,33.016194,0.27151453,93.0,1.30400004,11.37598674,3.28102975,0.18588237,,8.39,0.562523,
2017-03-12,9.0666576,2.38094882,7.1166595,9.49,2.81653704,1.1,28.63576514,6.77257904,9.125,,5.99393681,4.71725978,2.72,12.1,,2.95,3.2444381,11.64443579,,6.016,32.183764,0.27151453,92.940002,1.27800003,11.21998812,3.24149927,0.19529414,,8.49,0.562523,
2017-03-13,8.999991,2.3023896,7.16999278,9.6,2.73606484,1.09,28.64301545,6.83799224,9.125,,6.40605721,4.62694405,2.67,12.25,,2.85,3.28666013,11.70665752,,5.84,32.183764,0.27151453,94.0,1.26800003,11.69998698,3.24149927,0.20188237,,8.37,0.571177,
2017-03-14,8.78932454,2.25404546,7.05065957,10.17,2.6642144,1.08,28.44360096,6.74152429,8.5,,7.62423875,4.50189151,2.63,11.74,,2.77,3.29999355,11.53332476,,5.8,31.614763,0.26763575,93.75,1.24000003,11.60398709,3.21185141,0.20941179,,8.55,0.571177,
2017-03-15,8.98332435,2.23591641,7.02999292,9.95,2.71882045,1.06,28.18980318,6.74152429,8.8999995,,8.99999596,4.53662833,2.57,11.53,,2.79,3.29332667,11.31110271,,5.816,31.614763,0.27927209,93.949997,1.23000003,11.60998708,3.11302521,0.21247061,,8.56,0.571177,
2017-03-16,8.98265835,2.29332507,7.19999275,9.85,2.70157634,1.05,28.92944596,6.74053317,9.125,,9.67575291,4.54357569,2.63,11.6,,2.76,3.42332641,11.43554662,,5.92,32.313722,0.27927209,98.400002,1.25200003,11.69398699,3.12290783,0.20941179,,9.25,0.59714,
2017-03-19,9.05665827,2.31447563,7.3166593,9.8,2.92287568,1.06,28.96570222,6.73425615,9.0,,10.57878278,4.63389142,2.65,11.55,,2.75,3.51110413,11.75554681,,6.056,33.188299,0.29866598,100.0,1.25000003,11.63998705,3.21185141,0.21411767,,9.4,0.59714,
2017-03-20,8.9333244,2.42929296,7.45999249,9.72,3.0751986,1.05,28.34933462,6.60904602,8.6499995,,11.63635863,4.66168087,2.66,11.6,,2.82,3.44999303,11.79999033,,5.976,32.577149,0.2947872,99.0,1.25800003,11.35798736,3.28102975,0.22117649,,9.37,0.588486,
2017-03-21,8.8666578,2.56526085,7.45865916,9.74,3.04645843,1.04,28.10641103,6.60739419,8.8999995,,11.24241821,4.82147023,2.63,11.56,,2.86,3.39999324,11.60443582,,6.424,32.577149,0.29090842,98.07,1.28200003,11.54998715,3.23161665,0.2209412,,9.18,0.588486,
2017-03-22,8.85599114,2.56526085,7.22799272,9.89,2.97460799,1.04,27.91787581,6.67346813,8.755,,10.75757057,4.7519966,2.59,11.45,,2.88,3.3711044,11.4444355,,6.68,32.577149,0.29090842,99.150002,1.26400003,11.47198784,3.18220355,0.22117649,,9.09,0.579831,
2017-03-23,8.75932457,2.68914271,7.18665943,9.770001,3.01771825,1.1,28.10641103,6.67346813,8.9449995,,11.10333912,4.66168087,2.62,11.52,,2.83,3.36665986,11.8888796,,6.632,32.106494,0.2947872,102.99,1.29200003,11.53198657,3.20196879,0.2209412,,9.11,0.579831,
2017-03-26,8.7959912,2.75259439,7.13332615,9.73,3.16141912,1.15,28.15717334,6.65761038,8.755,,11.13667214,4.69641769,2.68,11.72,,2.83,3.38777104,11.96887953,,6.64,32.106494,0.2947872,102.0,1.30000004,11.66998762,3.30079499,0.21858826,,9.21,0.579831,
2017-03-27,8.5666581,2.7586374,7.04599291,9.71,3.31661606,1.14,28.02664785,6.73954207,8.755,,12.06333893,4.66862823,2.66,11.64,,2.82,3.35554899,11.99999062,,6.552,31.962486,0.29090842,100.0,1.31400004,11.56798773,3.27114713,0.22682355,,9.17,0.579831,
2017-03-28,8.5999914,2.81000305,6.95865966,9.67,3.2074034,1.13,27.84536294,6.93743386,8.995,,12.48667247,4.5991546,2.6,11.7,,2.76,3.3333267,11.91110136,,6.6,31.61125,0.29090842,100.0,1.33200004,11.1479876,3.23161665,0.2287059,,9.15,0.588486,
2017-03-29,8.5333248,2.77978797,7.03799292,9.72,3.14417502,1.12,27.77284716,7.10294875,9.2349995,,12.95000569,4.61999669,2.59,11.6,,2.71,3.27777126,11.77776857,,6.64,32.840576,0.2947872,101.99,1.31400004,11.18398696,3.23161665,0.23929414,,9.1,0.588486,
2017-03-30,8.7999912,2.81000305,7.06599289,9.6,3.11256083,1.12,27.73659091,7.10294875,9.25,,12.66667289,4.56441778,2.58,11.56,,2.68,3.31110441,11.72887928,,6.68,32.327772,0.2947872,100.0,1.31600004,11.87998618,3.25138189,0.25505885,,9.270001,0.588486,
2017-04-02,8.8326585,2.97920754,7.09665952,10.34,3.21315144,1.11,27.38489782,7.03753555,8.55,,12.02333924,4.51578624,2.55,11.46,,2.67,3.2822158,11.59999093,,6.608,32.313722,0.29090842,101.97,1.29600003,12.05998658,3.22173403,0.27976473,,9.24,0.579831,
2017-04-03,9.59465707,3.18164862,7.06532622,11.14,3.11256083,1.15,28.10278715,7.14887013,8.75,,12.00000589,4.56441778,2.55,11.51,,2.76,3.28332669,11.55554652,,6.784,32.043271,0.28702964,99.980003,1.30000004,11.99998665,3.17232093,0.30752944,,9.18,0.579831,
2017-04-04,10.2666564,3.41128327,7.05999289,11.16,3.26200973,1.17,28.63938902,7.10592207,8.8999995,,11.99667323,4.56441778,2.6,11.8,,2.73,3.34777101,11.67999132,,7.344,32.629835,0.2947872,101.5,1.41600004,11.90398676,3.21185141,0.33811768,,9.32,0.588486,
2017-04-05,10.14465652,3.41128327,7.06665955,10.9,3.17578921,1.17,29.00195884,7.10294875,9.05,,12.33333939,4.53662833,2.6,11.67,,2.66,3.31999328,11.75554681,,7.2,32.398018,0.29866598,101.0,1.47600004,11.81398746,3.22173403,0.34776474,,9.32,0.588486,
2017-04-06,12.27398772,3.35387461,7.31332597,10.7,3.12980493,1.15,28.73003148,7.10294875,8.88,,12.97667304,4.51578624,2.56,11.45,,2.59,3.23888245,11.55554652,,7.024,31.614763,0.29090842,99.199997,1.56800004,11.65798703,3.19208617,0.36188239,,9.25,0.588486,
2017-04-09,12.2626544,3.29344444,7.38265924,10.93,3.10106476,1.12,28.27681921,7.08543915,8.54,,12.60000586,4.46715469,2.51,11.35,,2.5,3.19888264,11.23110233,,7.04,31.614763,0.28702964,99.010002,1.69400005,11.78998688,3.17232093,0.37647063,,9.13,0.579831,
2017-04-10,11.7999882,3.25114332,7.16932612,11.24,3.01771825,1.12,28.08103114,7.08543915,8.55,,12.33333939,4.34904952,2.49,11.3,,2.52,3.14443808,11.02221316,,6.88,31.140595,0.28315087,101.0,1.69200005,11.69998698,3.13279045,0.37129415,,9.01,0.588486,
2017-04-11,11.79332087,3.36898215,7.13332615,12.07,3.0751986,1.14,28.18980318,7.10294875,8.625,,12.33333939,4.41157579,2.54,11.48,,2.49,3.14332719,11.08888067,,7.0,32.664958,0.28315087,102.9,1.77600005,11.80798686,3.14267307,0.36000004,,9.15,0.59714,
2017-04-12,11.4306559,3.30855198,7.36599259,11.7,3.15567109,1.12,28.42547428,7.2681336,8.635,,12.00333856,4.4463126,2.52,11.75,,2.5,3.15554928,11.11999131,,6.96,32.538513,0.28315087,101.9,1.73200005,11.93998672,3.16243831,0.34352945,,9.18,0.579831,
2017-04-13,11.20465613,3.2118637,7.15065947,11.51,3.09531672,1.11,28.09916072,7.81324363,8.615,,12.03667291,4.35599688,2.53,11.65,,2.45,3.10777148,11.17776904,,7.04,31.61125,0.28315087,102.85,1.71000005,11.87998618,3.18220355,0.34305886,,8.98,0.553869,
2017-04-18,11.333322,3.21790672,7.18665943,11.65,3.06082851,1.12,28.20067991,7.66457725,8.7700005,,12.24333935,4.09894443,2.56,11.73,,2.54,3.13110488,11.23110233,,6.936,30.950927,0.28702964,103.0,1.76800005,11.93998672,3.22173403,0.33764709,,8.95,0.553869,
2017-04-19,11.3999886,3.10006788,6.97332613,11.41,2.97173398,1.11,27.92512612,7.6070926,8.55,,12.06667293,4.05031289,2.53,11.62,,2.56,3.08888263,11.11110243,,7.04,30.950927,0.28315087,102.49,1.73200005,12.14998648,3.14267307,0.33764709,,8.7,0.562523,
2017-04-20,11.2999887,3.22999276,6.79999297,11.1,2.94586782,1.1,28.01576858,7.69761422,8.55,,11.92667219,4.0294708,2.53,11.76,,2.55,3.00554946,11.17332416,,7.152,31.61125,0.27927209,112.2,1.68000005,12.10798653,3.14267307,0.3374118,,8.39,0.562523,
2017-04-23,11.333322,3.25416482,6.45332667,10.85,2.8596473,1.07,27.83448367,7.55753714,8.55,,11.57333935,3.91136562,2.49,11.71,,2.5,2.95888289,11.04443581,,6.96,32.313722,0.27539331,109.0,1.63600004,11.96398729,3.09325997,0.3294118,,8.26,0.553869,
2017-04-24,11.66532167,3.12726146,6.19999359,10.72,2.79929293,1.04,27.56255631,7.26846364,8.875,,11.3333389,3.84883935,2.44,11.54,,2.42,2.86999429,11.04443581,,7.232,32.271573,0.26763575,108.0,1.59000004,11.8679874,2.96478592,0.32329415,,8.2,0.553869,
2017-04-26,11.7306556,3.142369,6.35332677,10.82,2.76767874,1.03,27.74384122,7.36724451,8.6000005,,11.13667214,3.99473398,2.51,10.52,,2.47,2.94443859,11.10665799,,7.176,32.271573,0.26763575,115.0,1.60200004,11.96998728,2.98455115,0.32047062,,8.270001,0.553869,
2017-04-27,11.997988,3.16956258,6.33999345,10.84,2.73319053,1.03,27.4791667,7.59850331,9.125,,11.00667207,3.99473398,2.49,10.43,,2.45,2.96110522,11.09776866,,7.432,32.271573,0.26763575,113.5,1.63000004,11.89198677,2.99443377,0.32000003,,8.24,0.562523,
2017-04-30,12.0673206,3.15143353,6.20666025,10.52,2.67283617,1.0,27.07308742,7.33817198,9.0,,11.30667155,3.90441826,2.48,10.13,,2.43,2.87888316,10.83999108,,7.4,31.347823,0.27151453,111.3,1.59200004,11.21998812,2.98455115,0.30447062,,8.1,0.553869,
2017-05-02,12.52465414,3.15747655,6.18666027,10.55,2.69870232,1.0,27.01870158,7.51591089,9.375,,11.79667213,3.9530498,2.54,10.07,,2.45,2.89999423,10.88443594,,7.44,31.347823,0.26763575,110.0,1.57000004,11.08198707,2.99443377,0.28211767,,8.18,0.553869,
2017-05-03,12.29332037,3.13632599,6.20666025,10.11,2.63547394,0.99,27.28337864,7.30150061,9.5,,11.4066726,3.89747089,2.6,10.0,,2.57,2.9333275,10.79110312,,7.496,31.61125,0.26763575,110.0,1.56800004,11.75998692,2.99443377,0.2931765,,8.21,0.545215,
2017-05-04,12.1999878,3.32365952,6.19999359,10.35,2.82515909,0.99,27.5009198,7.52846493,9.75,,11.83000648,3.91136562,2.68,10.03,,2.54,2.99110516,10.9999914,,7.44,31.548027,0.26763575,111.9,1.55800004,11.69998698,3.02408163,0.28894121,,8.3,0.545215,
2017-05-07,12.0666546,3.52912211,6.19999359,10.33,2.81941105,0.98,27.53717642,7.41052296,9.5200005,,12.67667256,3.93220771,2.68,10.01,,2.51,3.03110519,11.04443581,,7.376,31.61125,0.28702964,111.0,1.60000004,11.45998725,3.01419901,0.29152944,,8.31,0.545215,
2017-05-08,12.1999878,3.62581039,6.29332683,10.32,2.8596473,0.99,27.59156226,7.54068861,9.745,,13.50000663,3.9530498,2.66,10.05,,2.54,3.04443839,11.11110243,,7.44,31.61125,0.28702964,110.99,1.59600004,11.63998705,3.04384687,0.28705885,,8.43,0.553869,
2017-05-09,12.0666546,3.5955953,6.43332669,10.25,2.83665516,1.0,27.80910378,7.53540269,9.75,,12.60000586,3.93915507,2.66,10.18,,2.52,3.05554948,11.31554627,,7.448,31.3127,0.29090842,113.0,1.66000004,11.47198784,3.13279045,0.30823532,,8.68,0.571177,
2017-05-10,11.999988,3.5955953,6.39999339,10.17,2.84240319,1.01,28.26231605,7.59883335,9.8199995,,12.36333941,4.02252343,2.67,10.2,,2.55,3.03666063,11.30665827,,7.424,31.3127,0.2947872,111.63,1.67000004,11.55598714,3.16243831,0.32352944,,8.7,0.571177,
2017-05-11,12.333321,3.5955953,6.39332673,10.05,2.78492285,0.99,28.25506574,7.65334469,9.675,,11.91333985,3.95999716,2.62,10.17,,2.51,2.98110518,11.14665795,,7.264,31.347823,0.29090842,108.21,1.68800005,11.45398726,3.12290783,0.31764709,,8.66,0.571177,
2017-05-14,12.7993212,3.56235871,6.33999345,9.85,2.75905669,0.99,27.91787581,7.64904988,9.75,,11.73000543,3.8766288,2.57,10.13,,2.46,2.9199943,11.05332514,,7.344,31.61125,0.28702964,107.44,1.65200004,11.51998778,3.12290783,0.31200003,,8.72,0.562523,
2017-05-15,12.999987,3.5230791,6.31332681,9.73,2.7274425,0.99,27.84536294,7.92920307,9.75,,12.33333939,3.88357617,2.55,10.23,,2.45,2.86666085,11.18665792,,7.24,31.614763,0.28315087,106.1,1.65000004,11.57998652,3.10314259,0.30564709,,8.71,0.562523,
2017-05-16,12.93998772,3.40826177,6.28666017,9.57,2.81941105,0.98,28.09916072,8.09405787,9.5299995,,12.00000589,3.92526035,2.56,10.41,,2.43,2.88888314,12.23999088,,7.208,31.61125,0.28315087,106.0,1.68800005,11.66398762,3.18220355,0.30211768,,8.6,0.571177,
2017-05-17,12.9333204,3.33574556,6.26666019,9.57,2.81653704,0.98,28.29857521,8.25924274,9.575,,11.98333955,4.1058918,2.6,10.37,,2.4,2.97777174,12.19110158,,7.4160008,31.621787,0.28702964,107.0,1.82200005,11.63998705,3.23161665,0.29764709,,7.9,0.562523,
2017-05-18,13.7326536,3.29646595,6.19999359,9.53,2.74756062,0.96,28.22968622,8.42442759,9.6499995,,11.50000565,4.07115498,2.59,10.21,,2.37,3.02777175,12.12887985,,7.16,31.962486,0.28315087,107.0,1.89200005,11.5979871,3.21185141,0.28823532,,7.88,0.562523,
2017-05-21,14.12665187,3.3508531,6.37999341,9.88,2.77055276,0.94,28.09916072,8.34546923,9.625,,12.36000674,4.15452334,2.58,10.16,,2.32,2.99999403,12.07110168,,7.0,31.737695,0.29090842,108.88,2.00600005,11.48398662,3.21185141,0.28705885,,7.7,0.562523,
2017-05-22,14.2659864,3.29646595,6.31332681,9.7,2.73893857,0.94,27.93237897,8.3421652,9.625,,12.65000655,4.06420761,2.57,10.07,,2.3,2.97777174,11.98221241,,6.952,31.61125,0.28315087,108.34,2.14200006,11.48998722,3.18220355,0.28235297,,7.67,0.562523,
2017-05-23,14.666652,3.02150866,6.25332687,9.35,2.64122198,0.86,27.84536294,8.3600055,9.6499995,,12.40000642,3.98083925,2.54,10.03,,2.12,2.93888315,11.11110243,,6.656,31.61125,0.28315087,107.97,2.12000006,11.87398739,2.96478592,0.26705885,,7.67,0.562523,
2017-05-24,15.330652,3.1393475,6.5799932,9.44,2.7274425,0.85,28.2695689,8.42442759,9.615,,12.2900057,4.04336552,2.56,10.16,,2.14,2.95888289,11.19999169,,6.752,31.614763,0.2947872,112.0,2.26800006,11.99998665,2.99443377,0.27058826,,7.8,0.562523,
2017-05-25,14.999319,3.23905728,6.65999312,9.68,2.70445036,0.85,29.00558526,8.52353849,10.05,,12.08333927,4.00862871,2.56,10.61,,2.17,2.9333275,11.4444355,,6.896,31.621787,0.30642354,113.5,2.34200006,11.8679874,3.02408163,0.27058826,,7.82,0.562523,
2017-05-28,14.8999851,3.25416482,6.59332652,9.64,2.68145822,0.84,29.31014246,8.50702001,9.925,,11.96667321,3.96694453,2.79,10.7,,2.18,2.9222163,11.46665726,,7.2,31.621787,0.30642354,113.01,2.30000006,11.81998745,3.03396425,0.26470591,,7.89,0.562523,
2017-05-29,15.333318,3.20279918,6.56665988,9.770001,2.65846608,0.83,29.38628466,8.50371598,9.9750005,,11.96000621,4.0294708,2.78,10.6,,2.16,2.9333275,11.4444355,,7.12,31.61125,0.31030232,121.1,2.28600006,11.63398646,3.04384687,0.26470591,,8.0,0.553869,
2017-05-30,15.85331748,3.11819694,6.44666001,9.67,2.6642144,0.82,29.3717815,8.50702001,9.925,,11.82333947,3.96694453,2.83,10.5,,2.21,2.99999403,11.63110202,,7.12,31.61125,0.30642354,121.5,2.26000006,11.51998778,3.02408163,0.2691765,,7.88,0.553869,
2017-05-31,15.9333174,3.10913241,6.44666001,9.61,2.61535582,0.81,30.63714943,8.45746455,9.925,,11.6666724,3.91831298,2.81,10.5,,2.19,3.07777177,11.77776857,,7.12,30.979024,0.29866598,120.0,2.22000006,11.39998732,3.01419901,0.2571765,,8.0,0.553869,
2017-06-01,16.2639844,3.08798185,6.46665999,9.59,2.73606484,0.83,30.59726639,8.58928174,9.75,,11.75000577,3.89052353,2.8,10.5,,2.18,3.22221581,11.3955462,,6.96,30.979024,0.30254476,119.1,2.15200006,11.53798716,3.07349473,0.25976473,,7.99,0.553869,
2017-06-04,16.2666504,3.1393475,6.42666003,9.65,2.90850559,0.84,30.54288056,8.91965145,9.75,,12.33333939,3.86273408,2.76,10.46,,2.23,3.22221581,11.33332448,,6.96,30.557542,0.29866598,118.0,2.21400006,11.63998705,3.09325997,0.27411767,,7.92,0.553869,
2017-06-05,15.9253174,3.13330448,6.42666003,9.56,3.08956869,0.84,30.45949095,8.7547973,9.75,,12.1466723,3.84189198,2.75,10.4,,2.27,3.19999352,11.61332381,,6.84,29.855069,0.30254476,122.75,2.28000006,11.57998652,3.10314259,0.2691765,,7.89,0.545215,
2017-06-06,15.991984,3.17258409,6.38666007,9.4,3.16141912,0.84,31.00334567,8.78783427,9.95,,11.91667252,3.8766288,2.75,10.39,,2.26,3.19999352,11.64443579,,6.952,30.206305,0.30642354,122.0,2.39400006,11.38798733,3.09325997,0.28447062,,7.89,0.553869,
2017-06-07,15.666651,3.35387461,6.37332675,9.4,3.05508048,0.83,30.81843434,8.7547973,9.75,,11.97667255,3.86273408,2.78,10.59,,2.23,3.2333269,11.62221314,,6.856,29.79536,0.31030232,121.11,2.44000007,11.39998732,3.10314259,0.28447062,,8.01,0.553869,
2017-06-08,15.51865114,3.41430478,6.36666009,9.56,3.06370253,0.87,30.81480792,8.91998215,9.51,,11.90000618,3.90441826,2.91,10.69,,2.23,3.22221581,11.64443579,,6.792,31.61125,0.31030232,120.0,2.42600007,11.51998778,3.11302521,0.28800003,,8.0,0.553869,
2017-06-11,15.65998367,3.32365952,6.35999343,9.45,3.0751986,0.86,30.65165259,8.91998215,9.4399995,,12.1466723,3.99473398,2.89,10.65,,2.2,3.1955492,11.55554652,,6.72,31.61125,0.31805988,118.52,2.34000006,11.38798733,3.10314259,0.29647062,,7.95,0.545215,
2017-06-12,15.49865116,3.29344444,6.46665999,9.47,3.01484424,0.86,30.45586453,8.91998215,9.5,,12.16667264,4.02252343,2.85,10.65,,2.18,3.15443806,11.38665821,,6.648,33.36743,0.31805988,115.73,2.30400006,11.35798736,3.09325997,0.30352944,,7.92,0.553869,
2017-06-13,15.7333176,3.21488521,6.59999318,9.62,3.22464751,0.85,30.12955097,9.00257457,9.4750005,,11.96000621,3.99473398,2.96,10.56,,2.16,3.16554926,11.43110173,,6.84,32.44368,0.31805988,116.85,2.35600006,11.46598784,3.07349473,0.30188238,,7.85,0.553869,
2017-06-14,16.66665,3.20582069,6.75999302,9.8,3.19303331,0.85,30.05703845,9.25035186,9.4750005,,11.69667241,3.95999716,2.94,10.5,,2.14,3.16332693,11.4444355,,6.776,33.36743,0.31805988,115.2,2.39200006,11.45398726,3.05372949,0.29647062,,7.72,0.553869,
2017-06-15,16.8659838,3.15445504,7.14665928,9.68,3.4229547,0.84,29.86850034,9.58072157,9.4750005,,11.83333915,3.94610244,2.93,10.25,,2.14,3.10999381,11.29776895,,6.608,33.353381,0.31805988,115.5,2.36800006,11.27398806,3.15255569,0.29858826,,7.62,0.562523,
2017-06-18,16.999983,3.142369,7.11999264,9.6,3.52354531,0.83,29.78511109,9.91109127,9.4750005,,12.73667259,4.00862871,2.84,10.2,,2.16,3.14443808,11.04443581,,6.52,34.793448,0.31805988,120.01,2.32600006,11.25598748,3.17232093,0.28705885,,7.58,0.553869,
2017-06-19,16.72198327,3.16654107,6.99999277,9.5,3.58964771,0.83,29.73072489,9.91109127,9.3999995,,12.96333937,4.07115498,2.82,10.3,,2.14,3.08777175,11.08888067,,6.488,35.299229,0.3141811,124.0,2.27800006,11.2379875,3.16243831,0.28164709,,7.51,0.553869,
2017-06-20,16.4666502,3.17258409,6.93332617,9.44,3.50630121,0.82,29.79598746,9.91109127,9.45,,12.73000592,4.02252343,2.79,10.25,,2.12,3.10443838,11.02221316,,6.52,38.758905,0.31030232,124.1,2.31600006,11.21998812,3.10314259,0.27670591,,7.49,0.562523,
2017-06-21,16.5999834,3.1393475,6.97999279,9.37,3.52929335,0.82,29.69084185,9.69668166,9.3999995,,12.42000543,3.97389189,2.73,10.13,,2.11,3.12221601,10.78221379,,6.48,42.608452,0.27151453,124.0,2.38400006,11.09998765,3.07349473,0.28000003,,7.42,0.562523,
2017-06-22,16.66665,3.1061109,6.92665951,9.38,3.72185251,0.82,29.53856325,9.91274279,9.4300005,,12.42667244,3.98083925,2.74,10.24,,2.16,3.16110493,10.79554756,,6.472,43.904514,0.26375697,125.96,2.41800007,11.35798736,3.08337735,0.27976473,,7.49,0.562523,
2017-06-28,16.72598327,3.09100336,6.95999281,9.25,3.7362226,0.82,29.36815508,9.91076058,9.745,,12.38000575,3.91831298,2.74,10.35,,2.18,3.27777126,11.08888067,,6.304,46.415848,0.26375697,128.39999,2.53800007,10.90198787,3.05372949,0.28964709,,8.17,0.562523,
2017-07-02,17.1979828,3.14539051,7.19999256,9.35,3.66149815,0.84,29.73072489,9.41553671,9.4350005,,12.41667277,3.9530498,2.81,10.34,,2.21,3.24221577,10.87554661,,6.36,48.470583,0.26375697,128.99001,2.55400007,10.94998782,3.08337735,0.29294121,,7.97,0.562523,
2017-07-03,17.25931674,3.11517543,7.08665934,9.51,3.5379154,0.84,29.71984816,9.46509216,9.885,,13.54334032,3.98083925,2.8,10.14,,2.2,3.19666031,10.76888047,,6.544,52.678392,0.26763575,124.88,2.56000007,10.94398782,3.08337735,0.28847062,,7.9,0.553869,
2017-07-04,16.85998247,3.14841202,7.2266592,9.45,3.44019881,0.9,29.71259532,9.38249974,9.79,,14.62334018,4.21704961,2.76,10.2,,2.18,3.15554928,10.63999213,,6.72,55.779807,0.26375697,124.49,2.52800007,10.80598798,3.07349473,0.28564709,,7.8,0.553869,
2017-07-05,16.5999834,3.24812181,7.17999258,9.31,3.34535624,0.93,29.55306641,9.74590642,9.8999995,,17.69000869,4.27262852,2.78,10.38,,2.16,3.11110492,10.27554797,,6.704,52.453601,0.26375697,123.24,2.48800007,10.25998858,3.07349473,0.27976473,,7.73,0.553869,
2017-07-06,16.51998348,3.19071314,7.13332596,9.3,3.26488375,0.94,29.62195286,9.58732929,9.8999995,,18.95667564,4.21704961,2.82,10.45,,2.15,3.08777175,10.3111035,,6.6,50.858989,0.25987819,124.5,2.45000007,10.40998842,3.08337735,0.27058826,,7.81,0.53656,
2017-07-09,16.38865027,3.21488521,7.23332586,9.2,3.27637982,0.92,30.05703845,9.89457278,9.8999995,,20.86334358,4.2378917,2.79,10.39,,2.13,3.05554948,10.33332526,,6.48,49.938747,0.25987819,123.49,2.41800007,10.43998838,3.06361211,0.2691765,,7.75,0.527906,
2017-07-10,16.5313168,3.2451003,7.18665924,9.1,3.32523811,0.99,30.41960827,9.59195413,9.925,,22.1233452,4.4463126,2.79,10.4,,2.13,2.99888292,10.48888069,,6.472,45.96627,0.27151453,125.02,2.46000007,10.31998912,3.05372949,0.27458826,,7.7,0.519252,
2017-07-11,15.98265135,3.21790672,7.19999256,9.05,3.26200973,1.04,31.39854532,9.58072157,9.95,,23.0000113,4.5991546,2.81,10.43,,2.13,3.03888284,10.71554762,,6.496,48.821819,0.28315087,125.0,2.42400007,10.46998895,3.09325997,0.28070591,,7.72,0.527906,
2017-07-12,16.0666506,3.16654107,7.11999264,8.91,3.28212785,1.03,31.27164661,9.89424209,9.75,,22.6666778,4.48104942,2.79,10.26,,2.15,3.01110512,10.65332456,,6.392,47.416875,0.28702964,124.5,2.42600007,10.30798853,3.18220355,0.30094121,,7.66,0.527906,
2017-07-13,15.999318,3.17258409,7.24665918,8.84,3.23039554,1.02,31.83363091,10.07627613,9.745,,21.71000966,4.40462842,2.81,10.33,,2.16,3.05110493,10.5111029,,6.488,50.391845,0.29090842,122.95,2.45800007,10.20598864,3.24149927,0.29929415,,7.68,0.527906,
2017-07-16,15.8666508,3.19977767,7.2933258,8.88,3.35110427,1.05,31.75748871,9.74722823,9.745,,20.66667682,4.3907337,2.78,10.42,,2.16,3.02332721,10.41777008,,6.32,48.294965,0.28702964,125.0,2.41400007,10.25998858,3.32056023,0.29388238,,7.66,0.527906,
2017-07-17,15.72331827,3.19675616,7.16665926,8.79,3.37122239,1.03,32.19620073,10.70364788,9.75,,20.66667682,4.37683897,2.79,10.58,,2.15,2.99999403,10.68888009,,6.488,48.892066,0.28702964,127.5,2.40000006,10.6979881,3.29091237,0.31411768,,7.68,0.53656,
2017-07-18,15.36131797,3.1756056,7.06665937,8.78,3.30511999,1.02,32.11643501,9.97716522,9.5,,20.03334251,4.30041797,2.8,10.87,,2.14,2.97554975,10.73332494,,6.432,46.41234,0.27927209,125.98,2.34600006,10.61998878,3.28102975,0.32235297,,7.61,0.53656,
2017-07-19,15.92665007,3.12121844,6.98665945,8.42,3.3396082,1.0,31.50731772,10.04323916,9.5,,21.11001104,4.18926016,2.76,11.0,,2.11,2.91110543,10.51554734,,6.24,44.958222,0.27151453,120.95,2.29600006,11.39998732,3.26126451,0.32235297,,7.43,0.527906,
2017-07-20,15.999984,3.12121844,7.05999271,8.41,3.30511999,1.02,31.5472004,10.04323916,9.3999995,,22.48334338,4.24483906,2.74,11.0,,2.1,2.9222163,10.42221452,,6.32,46.714403,0.27151453,120.0,2.33600006,11.09398766,3.24149927,0.31529415,,7.44,0.527906,
2017-07-24,15.95998337,3.12726146,6.99332611,8.29,3.24763964,1.02,31.652346,10.27449795,9.3999995,,21.93334511,4.25178643,2.72,11.07,,2.06,2.9222163,10.26665864,,6.152,46.310485,0.27151453,121.0,2.28800006,11.06998828,3.21185141,0.31294121,,7.44,0.527906,
2017-07-25,16.8659838,3.10308939,7.01332609,8.35,3.28787589,1.07,31.71760857,10.24179169,9.3999995,,21.66001164,4.37683897,2.73,11.19,,2.02,2.93110517,10.235548,,6.24,47.381748,0.27151453,121.79,2.38600006,11.00998775,3.18220355,0.32564709,,7.51,0.527906,
2017-07-26,17.5333158,3.12121844,7.00665943,8.36,3.50342719,1.08,31.54357397,10.24146098,9.3999995,,23.32334512,4.45325997,2.75,11.06,,2.19,2.98888294,10.41332519,,6.104,46.299947,0.27539331,121.0,2.38000006,11.45998725,3.21185141,0.32823533,,7.7,0.519252,
2017-07-27,17.7999822,3.09402487,7.02665941,8.3,3.44882086,1.07,31.53269724,10.24146098,9.3999995,,24.33334528,4.47410206,2.76,11.0,,2.13,3.00110514,10.33332526,,5.928,43.728896,0.27539331,120.99,2.39400006,11.37598674,3.19208617,0.32447062,,7.7,0.510598,
2017-07-30,17.50664982,3.02453017,6.93332617,8.25,3.49767916,1.05,30.99971925,10.24146098,9.0,,24.66667878,4.37683897,2.71,11.0,,2.09,2.94888313,10.17776982,,5.696,42.692749,0.26763575,120.43,2.36000006,11.33998738,3.16243831,0.31882356,,7.64,0.519252,
2017-07-31,17.333316,2.98827206,6.92665951,8.1,3.77071081,1.05,30.83656392,10.23749654,8.75,,24.66667878,4.3143127,2.68,11.22,,2.07,2.89332769,10.0666588,,5.576,41.565281,0.26763575,120.0,2.30600006,11.15998758,3.17232093,0.31152944,,7.64,0.519252,
2017-08-01,16.74398325,2.97316452,7.00665943,8.11,4.03799442,1.06,30.45586453,10.23749654,8.75,,26.15667985,4.21704961,2.58,11.2,,2.05,2.86443886,9.97332598,,5.544,41.621479,0.26763575,119.99,2.28000006,11.03998772,3.15255569,0.31694121,,7.6,0.519252,
2017-08-02,17.1666495,2.9671215,6.99999277,8.26,4.10984486,1.12,30.48849436,10.07627613,8.75,,28.0233471,4.25873379,2.57,11.15,,2.06,2.89443857,9.99999218,,5.464,42.777046,0.26763575,118.0,2.26000006,11.27998685,3.15255569,0.31764709,,7.6,0.519252,
2017-08-03,16.333317,2.94294943,6.96665947,8.29,4.0178763,1.14,30.39422838,10.24080057,8.75,,31.86668165,4.30041797,2.58,11.0,,2.02,3.07777177,9.87999228,,5.44,41.551232,0.26375697,118.0,2.26000006,11.09998765,3.08337735,0.31294121,,7.65,0.510598,
2017-08-06,16.5999834,3.00337961,7.10665932,8.36,4.00638023,1.15,30.78217808,10.06603467,8.75,,30.50001498,4.30041797,2.59,11.1,,2.04,3.13332721,9.95999222,,5.448,43.620012,0.27539331,120.04,2.30000006,11.21998812,3.09325997,0.3294118,,7.79,0.510598,
2017-08-07,16.0,3.0003581,7.1599926,8.36,4.19606538,1.16,31.18463058,9.91109127,8.5,,30.33001423,4.30041797,2.59,11.16,,2.04,3.15554928,10.10665877,,5.824,43.620012,0.27927209,121.5,2.28600006,11.21998812,3.10314259,0.33882356,,7.95,0.527906,
2017-08-08,16.349001,2.99431508,7.15332594,8.36,4.47197105,1.15,31.13387117,9.91109127,8.25,,30.33001423,4.21010225,2.57,11.29,,2.01,3.11999379,9.95999222,,5.84,43.904514,0.27539331,120.0,2.27600006,11.35198737,3.07349473,0.33764709,,7.9,0.527906,
2017-08-09,15.9,3.26927237,7.1266593,8.35,4.45185293,1.16,31.11211517,9.85955359,8.255,,32.31334987,4.24483906,2.71,11.17,,2.04,3.11110492,9.77777014,,5.872,42.661138,0.27151453,119.21,2.27200006,11.36998795,3.07349473,0.33152944,,7.83,0.519252,
2017-08-10,15.660001,3.41430478,7.07999268,8.37,4.34551428,1.15,30.90907679,9.91109127,8.25,,33.00001621,4.32168345,2.68,11.5,,2.04,3.11110492,9.76888125,,5.776,41.761973,0.27151453,118.41,2.34000006,11.27998685,3.09325997,0.3294118,,7.78,0.519252,
2017-08-13,15.194,3.35387461,7.05999271,8.270001,4.25354573,1.14,30.3760988,9.59955297,8.25,,34.4000169,4.21471109,2.64,11.5,,2.03,3.08999374,9.6222147,,5.76,42.148333,0.26763575,116.69,2.29200006,11.30998742,3.05372949,0.32705886,,7.7,0.519252,
2017-08-14,14.4,3.35387461,7.03332607,8.1,4.16445119,1.14,30.1621837,9.59955297,8.255,,34.61668367,4.1291332,2.62,11.58,,2.03,2.98888294,9.17332572,,5.92,43.549765,0.26375697,115.0,2.23200006,11.24998748,3.05372949,0.33529415,,7.62,0.519252,
2017-08-15,14.4,3.29344444,7.13999262,8.0,4.17307324,1.12,29.73072489,9.41520601,8.255,,33.8000166,4.07921276,2.62,11.65,,2.04,2.92110541,9.1555484,,5.936,40.304344,0.26763575,113.0,2.33800006,11.27998685,3.00431639,0.33647062,,7.69,0.519252,
2017-08-16,16.7,3.25718633,7.17332592,7.83,3.97476604,1.1,29.72709847,9.58072157,8.255,,31.6300152,4.00076636,2.57,11.8,,2.08,2.90221656,9.08888223,,5.984,39.338444,0.26375697,113.78,2.36400006,11.27998685,2.93513806,0.31482356,,7.65,0.519252,
2017-08-17,15.899001,3.22394974,7.13999262,7.72,3.94027783,1.09,29.73435132,9.8780543,8.8500005,,30.57668268,3.92945145,2.56,12.0,,2.05,2.93777204,9.09332578,,6.04,37.9335,0.26375697,118.0,2.33400006,11.21998812,2.91537282,0.29176473,,7.66,0.519252,
2017-08-20,15.528999,3.19373465,7.17332592,7.48,3.82244312,1.09,29.44066795,9.58072157,8.4350005,,30.00001473,3.92231996,2.55,11.88,,2.07,2.86110542,9.03999293,,5.92,37.571727,0.25987819,115.38,2.27800006,11.27398806,2.89560758,0.28705885,,7.57,0.519252,
2017-08-21,15.108,3.12726146,7.11332598,7.52,3.69886037,1.13,29.73072489,9.72938793,8.4350005,,28.63334806,3.80821611,2.69,12.01,,2.07,2.86666085,8.90666015,,5.912,40.65558,0.25987819,116.5,2.29000006,11.39998732,2.86595972,0.27247062,,7.56,0.519252,
2017-08-22,15.0,3.09704637,7.1266593,7.5,3.55228549,1.16,29.73435132,9.58105226,8.25,,28.60001505,3.80108462,2.66,11.97,,2.14,2.85666087,9.02221473,,5.84,41.621479,0.25987819,117.0,2.27200006,11.36998795,2.87584234,0.27200003,,7.56,0.527906,
2017-08-23,15.775,3.11517543,7.11332598,7.4,3.44594684,1.14,29.62557928,9.58072157,8.0,,30.7500151,3.75116418,2.63,11.91,,2.16,2.85554999,8.93332635,,5.776,41.122724,0.25987819,117.0,2.26000006,11.22598691,2.82642924,0.26588238,,7.5,0.527906,
2017-08-24,15.7,3.09100336,7.03999273,7.25,3.4057106,1.13,29.54943999,9.58006116,8.0,,33.24001666,3.6584548,2.65,11.82,,2.12,2.76777227,8.84443753,,5.76,37.627924,0.25599941,116.62,2.28000006,11.09998765,2.77701614,0.2569412,,7.46,0.519252,
2017-08-27,16.182001,3.12121844,6.99332611,6.98,3.47756103,1.13,29.49505379,9.58072157,8.0,,38.33001883,3.60853437,2.71,11.9,,2.11,2.7333279,9.08443779,,5.76,35.28518,0.25212063,110.33,2.33800006,11.21398812,2.78689876,0.25882356,,7.5,0.519252,
2017-08-28,17.0,3.11517543,6.99999277,7.0,3.44882086,1.23,29.9120098,9.58072157,8.0,,36.00001768,3.61566586,2.8,12.81,,2.14,2.69443908,9.01777117,,5.688,35.615342,0.25599941,109.94,2.28800006,11.09998765,2.78689876,0.25623532,,7.51,0.527906,
2017-08-29,16.312,3.13028297,7.01999275,7.13,3.42582872,1.24,30.12955097,9.58072157,8.0,,33.26335,3.65132331,2.92,12.93,,2.29,2.71666137,9.20888125,,5.712,33.272598,0.25599941,109.9,2.30000006,11.08198707,2.84619448,0.25764708,,7.7,0.519252,
2017-08-30,16.099001,3.12121844,7.01332609,7.3,3.43732479,1.27,30.70966231,9.58072157,8.495,,33.33334971,3.70837524,2.91,12.95,,2.26,2.77888336,9.25777054,,5.792,33.36743,0.25987819,109.1,2.32000006,10.98598718,2.86595972,0.26941179,,7.73,0.519252,
2017-09-05,15.7,3.12121844,6.99999277,7.4,3.60114378,1.31,30.80755761,9.58039086,7.995,,34.0000167,3.7369012,2.93,12.98,,2.37,2.79999454,9.28888163,,5.84,34.947993,0.26375697,109.0,2.31800006,10.9679884,2.93513806,0.27011767,,7.9,0.519252,
2017-09-06,15.67,3.11215392,6.98665945,7.45,3.70173439,1.29,30.43411106,9.54702419,7.995,,33.21001531,3.82961058,2.89,12.89,,2.42,2.85554999,9.31554783,,5.816,32.405044,0.26375697,108.1,2.36000006,10.97998718,2.93513806,0.27270591,,7.85,0.519252,
2017-09-07,15.598,3.17862711,7.01999275,7.56,3.63850601,1.39,30.10054502,9.5476846,8.125,,32.66668271,3.82247909,2.9,12.7,,2.43,2.96554977,9.2799923,,6.144,31.962486,0.26763575,109.0,2.57000007,10.91998845,2.99443377,0.2769412,,7.96,0.519252,
2017-09-10,16.4,3.19675616,7.11332598,7.8,3.77933286,1.45,30.12955097,9.58072157,8.0,,33.10001726,3.90092549,2.9,12.71,,2.41,2.97777174,9.3555478,,6.24,31.607737,0.27539331,108.13,2.75200007,10.79998798,3.02408163,0.28235297,,8.15,0.519252,
2017-09-11,16.744,3.17258409,7.06665937,7.91,3.89141954,1.47,30.05703845,9.51497833,8.0,,33.6666832,3.92231996,2.98,12.54,,2.4,3.01554944,9.5733263,,6.28,31.260014,0.28315087,111.85,2.80200008,10.80598798,3.06361211,0.26941179,,8.31,0.519252,
2017-09-12,16.537,3.17258409,7.093326,7.81,3.84256124,1.49,29.9120098,9.51464763,8.0,,36.36001786,3.88666251,3.05,12.5,,2.46,3.02221632,9.60888182,,6.224,33.718667,0.28702964,110.9,2.72400007,10.6979881,3.09325997,0.26752944,,8.33,0.519252,
2017-09-13,17.15,3.23301426,7.44665897,7.85,3.82244312,1.46,29.73435132,9.44857368,8.0,,39.21001926,3.97937189,3.0,12.75,,2.4,2.99999403,9.66665911,,6.12,34.772375,0.28315087,111.47,2.67400007,10.79998798,3.04384687,0.2691765,,8.28,0.519252,
2017-09-14,17.325,3.24812181,7.64665877,7.85,3.79082893,1.47,29.9120098,9.74557573,8.0,,38.97668581,3.99363487,3.09,12.86,,2.4,3.06666057,9.64443735,,6.48,32.967022,0.27927209,118.99,2.68000007,10.7819874,3.09325997,0.26776473,,8.6,0.519252,
2017-09-17,17.492999,3.20582069,7.73332534,7.95,3.83681321,1.56,29.91563622,9.48557508,7.98,,40.00001965,3.9722404,3.12,12.7,,2.46,3.0455495,9.55110365,,6.4160008,32.594712,0.28315087,127.0,2.85800008,10.67998752,3.12290783,0.26682356,,8.63,0.553869,
2017-09-18,17.3,3.17258409,7.59999215,7.9,3.85118329,1.53,29.73072489,9.48557508,8.0,,39.33335265,3.92231996,3.11,12.63,,2.57,3.0322163,9.44443706,,6.4,32.664958,0.28315087,126.0,2.85000008,10.81798856,3.15255569,0.26588238,,8.71,0.562523,
2017-09-19,17.4,3.29646595,7.68665872,8.12,3.85118329,1.47,29.9120098,9.51464763,8.0,,41.50002038,3.95797742,3.18,13.24,,2.7,3.15554928,9.53332633,,6.336,32.338309,0.27927209,124.72,3.08600008,11.00998775,3.20196879,0.26447061,,8.9,0.553869,
2017-09-20,17.4,3.55027267,7.79999194,8.26,3.97476604,1.43,30.02078183,9.51497833,7.95,,44.16668836,3.94371444,3.14,13.04,,2.81,3.1211049,9.51110368,,6.4,32.995121,0.28702964,123.11,3.22200029,10.89598788,3.18220355,0.26352944,,8.82,0.579831,
2017-09-24,17.9,3.84638052,7.95999178,8.2,4.04374246,1.39,29.81411704,9.51464763,8.745,,48.66669057,4.03642382,3.15,12.83,,2.86,3.11110492,9.4488815,,6.32,32.383968,0.28315087,123.0,3.30800029,10.84798793,3.13279045,0.2689412,,8.75,0.579831,
2017-09-25,18.239999,4.12133781,7.89332518,8.1,3.99488416,1.42,29.73072489,9.51464763,8.0,,46.33668609,4.1291332,3.14,12.75,,2.92,3.11110492,9.52888189,,6.496,32.180253,0.28315087,122.5,3.16600009,10.85998792,3.15255569,0.27623532,,8.85,0.588486,
2017-09-26,18.1,4.37514454,8.07999165,8.2,4.10984486,1.42,29.72347458,9.38283045,8.0,,48.00002358,4.18618512,3.18,12.62,,2.92,3.08888263,9.51110368,,6.672,31.61125,0.30254476,125.0,3.39199989,11.37598674,3.15255569,0.27623532,,8.9,0.588486,
2017-09-27,17.719,4.58060713,8.00665839,8.15,4.21043547,1.37,29.61470255,9.67983248,8.0,,46.12002265,4.15765916,3.24,12.82,,3.16,3.02777175,9.77777014,,6.72,31.29865,0.30254476,126.5,3.48000009,11.33998738,3.15255569,0.27176473,,8.97,0.588486,
2017-09-28,18.678,4.77398368,8.03332503,8.14,4.19031735,1.37,29.74885447,9.9143953,8.0,,43.41335799,4.17192214,3.5,13.0,,3.3,3.14999373,9.99999218,,6.744,30.768282,0.30254476,134.0,3.50000009,11.39998732,3.24149927,0.27411767,,9.24,0.588486,
2017-10-01,18.799001,4.61988674,8.43332462,8.08,4.07248263,1.36,29.80323777,10.24146098,7.985,,44.33335511,4.47857625,3.5,13.28,,3.21,3.21888237,10.02221394,,6.72,30.908778,0.29866598,130.0,3.7000001,11.57998652,3.24149927,0.27623532,,9.3,0.588486,
2017-10-02,19.389999,4.60477919,8.49999122,8.33,4.0178763,1.35,29.94826606,11.08885895,7.995,,46.66668959,4.76383588,3.5,13.06,,3.2,3.22221581,9.97777042,,6.672,31.61125,0.29866598,130.0,3.6000001,11.54998715,3.27114713,0.28682356,,9.13,0.640411,
2017-10-03,19.388,4.48391885,8.37999134,8.78,3.88854552,1.31,29.76698115,11.23257012,7.945,,48.60002387,4.9064657,3.38,13.88,,3.24,3.16666037,9.65777023,,6.64,32.313722,0.2947872,128.5,3.5800001,11.40598731,3.19208617,0.27976473,,9.09,0.657719,
2017-10-04,19.249001,4.40233811,8.85999085,8.76,3.93165578,1.36,29.44066795,11.02179424,8.0,,53.33335953,5.2202513,3.4,13.94,,3.09,3.17777146,9.22221501,,6.704,31.042246,0.2947872,130.89999,3.6300001,11.36998795,3.17232093,0.28682356,,9.09,0.683682,
2017-10-08,19.7,4.21500458,9.59999008,8.86,3.90866364,1.44,29.07809814,10.90220041,8.125,,54.1500266,5.55543137,3.47,14.05,,3.03,3.20110463,9.2311039,,6.8,31.61125,0.30642354,133.14999,3.6779999,11.39398732,3.39962118,0.29411768,,9.2,0.709644,
2017-10-09,19.799001,4.16666044,9.76665658,8.9,4.04949049,1.45,29.11073087,10.73701554,8.1949995,,52.63002585,5.70519267,3.5,13.98,,3.06,3.24888243,9.26221498,,6.936,30.908778,0.31030232,135.0,3.6020001,11.36998795,3.39962118,0.29294121,,9.25,0.709644,
2017-10-10,19.508,3.99443445,9.49999018,8.89,3.98051408,1.43,28.54149626,10.73701554,7.98,,50.54002482,5.90487442,3.46,13.54,,3.13,3.26777128,9.1777706,,6.96,32.974045,0.30642354,134.89,3.48200009,11.15998758,3.35020808,0.28705885,,9.14,0.692336,
2017-10-11,19.184,4.03371406,9.26665709,8.770001,3.92878176,1.41,28.26231605,10.73470263,7.9,,51.00002505,5.78363907,3.44,13.33,,3.19,3.26110462,9.46221527,,6.872,32.225913,0.30642354,130.39,3.45000009,11.27398806,3.32056023,0.2809412,,9.11,0.675028,
2017-10-12,19.75,4.07903669,9.20665715,8.78,3.93740382,1.39,28.49798679,10.57183069,7.75,,49.87335783,5.69806118,3.41,13.4,,3.15,3.28888235,9.47554815,,6.904,31.973023,0.30254476,132.0,3.42000009,11.51398779,3.31067761,0.28000003,,9.1,0.675028,
2017-10-15,20.0,4.14550988,9.28665707,8.68,3.94889989,1.38,28.46173054,10.57183069,7.75,,51.33335855,5.99045231,3.4,13.43,,3.38,3.25999351,9.47110326,,6.872,31.89224,0.30254476,131.98,3.42200029,11.36998795,3.28102975,0.2729412,,9.37,0.70099,
2017-10-16,19.781,4.10925177,9.15999054,8.6,3.88854552,1.35,28.53424341,10.57017918,7.75,,50.216688,6.04037274,3.4,13.3,,3.5,3.18221578,9.3555478,,6.792,32.095955,0.29866598,129.99001,3.33800029,11.28598684,3.24149927,0.26941179,,9.3,0.683682,
2017-10-17,19.599001,3.96724087,8.44665794,8.44,3.7534667,1.32,27.74384122,10.43604907,7.74,,48.00002358,5.86921696,3.42,13.3,,3.45,3.14999373,9.28888163,,6.6,32.306698,0.28702964,129.5,3.5960001,10.94998782,3.42926904,0.27388238,,9.3,0.692336,
2017-10-18,19.4,4.06392915,8.49999122,8.61,3.80519902,1.34,27.62781887,10.3230623,7.74,,48.00002358,6.43973623,3.65,13.15,,3.45,3.18888266,9.19999325,,6.48,31.962486,0.29090842,129.7,3.8439999,10.94998782,3.6071562,0.27364709,,9.59,0.70099,
2017-10-19,19.142,4.08810121,8.41332464,8.57,4.01500229,1.37,27.86348962,10.08618688,7.6,,44.93668874,6.66081245,3.63,13.0,,3.47,3.24999353,9.52888189,,6.8,31.639349,0.29866598,127.4,3.7400003,10.79398799,3.67633454,0.2689412,,9.65,0.692336,
2017-10-22,18.735001,4.10925177,8.25999147,8.54,4.03799442,1.34,28.15354692,10.24146098,7.75,,45.16335885,6.3826843,3.6,12.85,,3.4,3.18554922,9.4311033,,7.36,31.263527,0.29866598,128.5,3.7000001,10.63798816,3.64668668,0.2611765,,9.65,0.675028,
2017-10-23,18.8,4.09414423,8.49999122,8.44,4.06960862,1.32,28.31670189,10.24146098,7.75,,45.96002257,5.93340038,3.91,13.27,,3.31,3.16666037,9.68888087,,7.4,31.260014,0.30254476,128.39999,3.7000001,11.03398712,3.88386955,0.2611765,,9.81,0.666373,
2017-10-24,18.517,4.12435932,8.63332441,8.61,4.09547477,1.34,28.46535696,10.23815695,7.75,,45.03668879,5.92626889,3.97,13.2,,3.31,3.21999359,9.87999228,,7.4,30.908778,0.30642354,133.0,3.7500001,11.09998765,3.95304789,0.26329414,,9.8,0.675028,
2017-10-25,17.9,4.0488216,8.5533245,8.54,4.01212827,1.38,28.17530002,10.24146098,7.7,,43.50002137,5.89061144,3.86,13.0,,3.26,3.25554897,9.97332598,,7.4,30.424073,0.30642354,134.5,3.6660001,11.00998775,3.96293051,0.26823532,,9.56,0.683682,
2017-10-26,18.005,4.03975708,8.74665763,8.69,4.05236451,1.41,27.9867648,10.40664585,7.75,,43.66335811,5.90487442,3.9,13.13,,3.29,3.25554897,10.44888072,,7.48,29.851556,0.3141811,134.0,3.90000011,11.03998772,3.95304789,0.27152944,,9.62,0.692336,
2017-10-29,18.1,4.0125635,8.87999083,8.7,4.13858503,1.39,27.82723336,10.34057189,7.75,,44.00002161,5.84782249,3.95,13.06,,3.32,3.36443786,10.59554727,,7.288,29.152597,0.31030232,140.0,4.06600011,10.92598724,4.09140456,0.27176473,,9.61,0.683682,
2017-10-30,18.298,4.03371406,9.03999066,8.67,4.11271888,1.38,28.35295851,10.34057189,7.73,,44.10002166,6.14734511,3.96,13.2,,3.3,3.44443759,10.67110277,,7.32,29.503833,0.32969621,141.0,4.00200011,11.02798713,4.08152194,0.27600003,,9.65,0.683682,
2017-10-31,18.347,4.33888643,8.9999907,8.83,4.08110469,1.39,28.82067393,10.57183069,7.73,,43.83335486,6.29710641,4.02,13.2,,3.39,3.45554868,10.66665833,,7.32,28.801361,0.33357499,143.0,4.30999992,10.97998718,4.15070028,0.27529414,,9.71,0.692336,
2017-11-01,20.0,4.40838113,8.85332419,8.73,3.98626211,1.37,28.64301545,10.48923827,7.75,,42.9600211,6.51105114,3.95,13.02,,3.38,3.44110415,10.43999184,,7.32,29.461684,0.32581743,141.38,4.20000011,11.03998772,4.14081766,0.27152944,,9.65,0.683682,
2017-11-02,20.3,4.32075738,8.83332421,8.65,3.92590775,1.39,28.6792717,10.57183069,7.75,,43.96002159,6.64654947,3.86,12.9,,3.35,3.47777075,10.59999172,,7.32,28.555497,0.32581743,138.0,4.22000011,11.03398712,4.08152194,0.2691765,,9.9,0.683682,
2017-11-05,20.5,4.23917665,8.76665761,8.5,3.83393919,1.37,28.33120504,10.34486671,7.735,,44.33002511,6.48965667,3.8,12.93,,3.29,3.50665958,10.47554737,,7.52,28.467688,0.32193866,138.0,4.15600031,10.94998782,4.05187408,0.26658826,,9.73,0.683682,
2017-11-06,20.252,4.21802609,8.79999091,8.55,3.92303373,1.35,28.15717334,10.57183069,7.7,,43.38668798,6.25431818,3.78,12.9,,3.29,3.48888195,10.37776967,,7.4,29.089375,0.32581743,136.00999,3.97400031,10.79998798,4.05187408,0.26541179,,9.45,0.675028,
2017-11-07,19.9,4.10320876,8.71332433,8.42,3.79945098,1.36,28.10641103,10.90220041,8.45,,42.14668737,6.06176722,3.74,12.8,,3.14,3.38110438,10.33332526,,8.0,29.855069,0.3141811,133.13,3.8360001,10.68598751,4.02222623,0.26352944,,9.21,0.666373,
2017-11-08,19.989,4.03371406,8.66665771,8.35,3.802325,1.39,28.25869217,10.73701554,8.0,,41.82335388,6.24718598,3.78,13.35,,3.17,3.31999328,10.98665764,,8.384,31.843738,0.32581743,134.8,4.04000031,10.5119883,4.10128718,0.2691765,,9.48,0.666373,
2017-11-09,20.969999,4.13946686,8.73999097,8.520001,3.82244312,1.49,28.41459755,10.73701554,8.5,,41.3300203,6.25431818,3.75,13.71,,3.16,3.31999328,10.97776964,,8.536,34.618736,0.32581743,136.89,4.05999991,10.37398906,4.05187408,0.26635297,,9.520001,0.666373,
2017-11-12,20.4,4.28449928,8.63332441,8.54,3.74484465,1.5,28.44360096,10.6114754,8.255,,39.49668607,6.14734511,3.77,13.77,,3.35,3.27777126,10.96888032,,8.064,33.012487,0.32193866,140.0,3.94000031,10.36798906,4.05187408,0.26705885,,9.5,0.666373,
2017-11-13,19.629999,4.29054229,8.66665771,8.44,3.69023832,1.47,28.03752458,10.73701554,8.1000005,,38.50001891,5.97618933,3.7,13.7,,3.33,3.22777124,10.72888006,,7.832,30.187487,0.3141811,137.07001,3.8099999,10.07398939,3.99257837,0.26400003,,9.39,0.666373,
2017-11-14,19.58,4.54737053,8.66665771,8.38,3.66149815,1.43,27.69670786,10.73536403,8.0950005,,39.00001916,6.01184678,3.65,13.7,,3.3,3.21999359,10.59554727,,7.72,27.49374,0.31030232,134.5,3.8759999,10.07998819,4.00246099,0.26023532,,9.520001,0.666373,
2017-11-15,19.459999,4.65312333,9.00665736,8.39,3.61838789,1.47,27.555306,10.64484206,8.05,,37.99668533,6.03324125,3.65,13.55,,3.27,3.22221581,10.49777002,,7.76,26.868741,0.30642354,135.0,3.90000011,10.07998819,4.05187408,0.26423532,,9.5,0.675028,
2017-11-16,19.059999,4.59269316,8.90665746,8.29,3.54941147,1.46,27.0694639,10.58834918,8.45,,37.09335155,5.94766336,3.57,13.25,,3.2,3.14443808,10.44443628,,7.6,25.62499,0.29866598,135.0,3.95200011,9.91198897,3.98269575,0.25929414,,9.35,0.683682,
2017-11-19,18.969999,4.49298337,9.01332402,8.29,3.53216737,1.44,26.82653994,10.57183069,8.1499995,,36.1733511,5.86208547,3.6,13.09,,3.15,3.08888263,10.42221452,,7.72,24.556241,0.29090842,137.0,4.05999991,9.39598955,3.99257837,0.25882356,,9.35,0.675028,
2017-11-20,18.440001,4.36910152,8.90665746,8.03,3.48618309,1.4,26.91355851,10.54407965,8.0550005,,34.92335049,5.64814075,3.47,12.99,,3.1,2.99999403,10.28888085,,7.6,23.999992,0.28702964,137.0,3.98600011,9.59998932,3.96293051,0.25223532,,9.19,0.675028,
2017-11-21,18.65,4.26939173,8.71332433,8.05,3.50630121,1.4,26.97519502,10.57183069,8.1499995,,35.16668394,5.55543137,3.47,12.68,,3.13,3.08888263,10.37332523,,7.64,23.706241,0.29090842,139.77,3.95999991,9.71998979,4.02222623,0.25200002,,9.24,0.70099,
2017-11-22,19.9,4.41744566,8.58665779,8.05,3.5867737,1.41,26.72139433,11.52990285,8.0200005,,36.33335118,5.89774364,3.65,12.5,,3.14,3.08888263,10.44443628,,7.64,23.749991,0.28702964,135.5,3.98200011,9.68998922,4.01234361,0.25482355,,9.44,0.735607,
2017-11-23,19.889999,4.49600488,8.76665761,8.12,3.56378156,1.42,26.83016637,12.16520414,8.05,,36.7933514,5.95479485,3.72,13.2,,3.41,3.12666033,10.53332555,,7.8,24.06249,0.29090842,134.0,3.98200011,9.83998905,4.1605829,0.2611765,,9.6,0.744261,
2017-11-26,19.75,4.47183281,8.81332423,8.12,3.54653745,1.43,26.72139433,12.7192338,8.05,,37.03001819,5.87634845,3.73,13.7,,3.65,3.16221582,10.48888069,,7.8,23.749991,0.28702964,136.75,3.98000011,10.34998848,4.22976124,0.26564709,,9.75,0.744261,
2017-11-27,20.200001,4.42046717,8.9999907,8.17,3.6212619,1.43,26.6343783,13.14871442,8.05,,40.12001971,6.13308213,3.7,13.69,,3.92,3.12554923,10.62221392,,8.0,23.593741,0.28702964,138.7,3.90999991,10.20598864,4.19023076,0.26470591,,9.75,0.735607,
2017-11-28,20.389999,4.48089734,9.1333239,8.56,3.6212619,1.45,27.23261923,12.58708592,8.0,,42.54668756,6.24005449,3.76,13.79,,4.22,3.17554924,10.79999111,,8.0,23.749991,0.29090842,150.39,3.8279999,10.73998805,4.22976124,0.27623532,,10.03,0.735607,
2017-11-29,20.1,4.44161773,8.99332404,8.92,3.56378156,1.43,27.54805569,12.7192338,8.045,,42.53335422,6.16160809,3.78,13.7,,4.21,3.27221582,10.88888038,,8.16,24.68749,0.29090842,149.5,3.8500001,10.64998815,4.17046552,0.27764709,,10.18,0.735607,
2017-12-03,19.889999,4.41140264,8.90665746,9.020001,3.53216737,1.4,27.91787581,12.62012289,7.99,,42.66335429,6.32563238,3.9,13.53,,4.02,3.35110444,10.95554699,,8.072,24.68749,0.2947872,150.00999,3.8360001,10.90798786,4.10128718,0.27952944,,10.35,0.726953,
2017-12-04,19.5,4.38723057,8.86665751,8.88,3.5551595,1.41,27.73659091,12.88408796,7.9,,42.33335413,6.22579151,3.86,13.5,,4.12,3.35332666,10.91110214,,8.0,25.62499,0.2947872,148.99001,3.7980001,11.03998772,4.0617567,0.27741179,,10.35,0.726953,
2017-12-05,19.4,4.37816605,8.79999091,8.93,3.66437216,1.41,27.33051163,12.57254966,8.1850005,,40.85002006,6.29710641,3.75,13.44,,4.02,3.32999326,10.80443556,,7.768,25.31249,0.2947872,146.02,3.8360001,10.88998788,4.05187408,0.27529414,,10.05,0.726953,
2017-12-06,19.200001,4.43859622,8.84665753,8.85,3.60689182,1.39,26.9933217,12.65315986,8.25,,39.51335274,6.27571194,3.7,13.6,,3.98,3.29999355,10.58221351,,7.76,24.99999,0.29090842,145.0,4.00000011,10.67998752,4.01234361,0.27529414,,10.13,0.718299,
2017-12-07,19.1,4.48391885,8.73332431,8.24,3.5551595,1.36,26.57636858,13.21478836,8.1949995,,38.56335227,6.02610976,3.67,13.66,,4.08,3.29999355,10.44443628,,8.008,24.993741,0.28702964,143.0,3.90000011,10.41598901,3.97281313,0.2731765,,10.14,0.709644,
2017-12-10,19.299999,4.5715426,8.74665763,8.28,3.69311234,1.36,26.64888146,13.04960351,7.99,,39.98335297,6.08316169,3.79,13.54,,4.19,3.39443758,10.45777005,,8.16,27.23749,0.28702964,145.5,4.06800011,10.61398879,4.02222623,0.28188238,,10.27,0.709644,
2017-12-11,19.389999,4.84952109,8.73332431,8.2,3.70173439,1.37,26.55823901,13.18175139,7.99,,40.86668674,6.3113694,3.78,13.51,,4.28,3.40665989,10.59999172,3.7389491,8.44,29.062488,0.28702964,152.0,4.39399992,10.57198884,4.01234361,0.27764709,,10.22,0.718299,
2017-12-12,19.360001,4.79815575,8.69999101,8.34,3.72760055,1.38,26.83016637,13.37997323,7.99,,41.61668711,6.36842132,3.8,13.68,,4.36,3.66777026,10.57776907,4.44806014,8.72,27.562488,0.29090842,150.05,4.39199992,10.91998845,4.05187408,0.27976473,,10.25,0.744261,
2017-12-13,20.200001,4.90995157,8.77999093,8.19,3.66437216,1.37,26.97882144,13.21908317,7.99,,40.66335331,6.22579151,3.75,14.01,,4.28,3.75110343,10.57776907,4.58343588,9.104,26.818739,0.2947872,147.48,4.54000032,10.85998792,4.04199146,0.27882356,,10.16,0.744261,
2017-12-14,21.799999,4.81326329,8.77332427,8.14,3.62988396,1.35,26.97519502,13.67730595,8.0,,41.00002014,6.29710641,3.75,13.84,,4.23,3.78777024,10.62221392,4.54475709,8.936,26.874989,0.29090842,146.8,4.63800032,10.79398799,3.99257837,0.27741179,,10.16,0.744261,
2017-12-17,23.1,4.8162848,8.78665759,8.1,3.60976583,1.35,26.90267924,13.71034292,7.99,,41.83335388,6.27571194,3.72,13.98,,4.08,3.85332567,10.63999213,4.83484797,9.144,26.493739,0.28702964,146.0,4.60000012,10.67998752,4.04199146,0.27623532,,10.17,0.744261,
2017-12-18,23.200001,4.82534933,9.19999049,8.12,3.65862413,1.36,26.72502076,13.64426898,7.99,,43.96668493,6.22579151,3.73,13.79,,4.16,3.76332573,10.62665836,4.77038333,9.2,25.999988,0.28702964,148.0,4.57799992,10.79998798,4.03210885,0.2729412,,10.0,0.744261,
2017-12-19,22.940001,4.86765075,9.55332346,8.01,3.90866364,1.34,26.47122297,13.71034292,7.8,,45.0000221,6.24005449,3.67,13.58,,4.25,3.80554798,10.6311028,5.14427824,9.12,26.84374,0.28702964,147.03,4.50000012,10.56598884,3.99257837,0.26800003,,9.98,0.744261,
2017-12-20,22.530001,4.82534933,9.35999033,7.98,4.03512041,1.31,26.83016637,13.84249082,8.1000005,,44.06668831,6.1544766,3.59,13.55,,4.2,3.99776982,10.44888072,5.41502973,8.816,26.24999,0.27927209,149.5,4.50000012,10.49998832,3.91351741,0.26305885,,9.85,0.735607,
2017-12-21,22.01,4.65916635,9.27332375,7.89,4.00638023,1.3,26.9389384,14.86663691,7.75,,42.74002099,6.06889871,3.53,13.5,,4.2,3.9444366,10.37776967,5.64065597,8.64,25.931241,0.28315087,149.89999,4.36600012,10.37998785,3.82457383,0.25364708,,9.9,0.735607,
2017-12-24,21.870001,4.71355351,9.20665715,7.87,3.96039596,1.31,27.55167958,14.2058975,7.625,,42.66668762,5.99045231,3.54,13.45,,4.06,3.89999202,10.48888069,5.37635095,8.456,24.837491,0.28702964,146.53,4.30000012,10.37398906,3.88386955,0.25600003,,9.73,0.726953,
2017-12-25,22.450001,4.68333842,9.23332379,7.85,3.90866364,1.32,27.37402109,14.37108235,7.625,,44.33002511,6.04750423,3.59,14.03,,4.16,3.96554755,10.52443622,5.35056509,8.392,24.37499,0.28702964,145.0,4.43000012,10.37998785,3.94316527,0.25670591,,9.83,0.726953,
2017-12-26,22.639999,4.68333842,9.23332379,7.87,3.83393919,1.33,27.91062551,14.5722775,7.625,,43.45668801,6.02610976,3.57,13.9,,4.24,3.92665885,10.47999181,5.37635095,8.76,23.749991,0.28315087,145.0,4.64000033,10.37398906,3.91351741,0.25552944,,9.73,0.726953,
2017-12-27,22.4,4.63801579,9.26665709,7.77,3.81382107,1.3,27.85623967,14.5362672,8.0,,45.0000221,5.97618933,3.56,13.81,,4.4,4.02888065,10.5288811,5.35056509,8.328,24.37499,0.28315087,144.53999,4.59600012,10.16998928,3.92340003,0.25552944,,9.76,0.735607,
2017-12-28,22.030001,4.77398368,9.29999039,7.74,3.79370295,1.29,28.28044563,14.5362672,8.05,,44.88002204,6.11120136,3.64,13.68,,4.56,3.99999204,10.55999175,5.37635095,8.56,24.37499,0.28315087,144.0,4.70000013,10.13998872,3.91351741,0.26447061,,9.92,0.744261,
2017-12-31,22.07,4.75283312,9.31999037,7.74,3.7362226,1.28,28.1716736,15.19700662,8.785,,44.33335511,6.05039339,3.59,13.53,,4.6,3.99776982,10.57776907,5.38279741,8.56,24.37499,0.27927209,143.0,4.89000033,10.06198881,3.90363479,0.26352944,,9.91,0.744261,
2018-01-02,22.17,4.7467901,9.36665699,7.81,3.73334858,1.31,28.20793276,15.5207686,9.0,,43.99669161,6.04279239,3.62,13.53,,4.93,3.91554799,10.57332551,5.35701155,8.424,24.37499,0.28315087,144.0,4.81600013,10.01998945,3.88386955,0.26588238,,10.11,0.778878,
2018-01-03,21.98,4.77096217,9.20665715,7.8,3.84256124,1.32,27.91062551,14.80056297,9.135,,46.66335959,5.97438342,3.6,13.55,,5.14,3.85332567,10.50665801,5.67288829,8.6,24.06249,0.28315087,143.17999,4.80000013,9.97198951,3.86410431,0.26447061,,10.12,0.770224,
2018-01-04,21.83,4.6772954,9.13,7.77,3.86267936,1.32,27.69670786,15.03182177,8.885,,47.16668983,5.92877744,3.6,13.45,,4.85,3.855548,10.44443628,5.60842365,8.672,23.80624,0.28315087,142.64999,4.80999993,10.13398812,3.86410431,0.26541179,,10.19,0.76157,
2018-01-08,22.59,4.90390855,8.85,7.8,4.04661648,1.31,28.93307239,15.16396965,8.885,,46.66668959,5.88317146,3.71,13.39,,4.79,3.91443666,10.07554768,5.58263779,9.12,23.218742,0.28315087,144.0,4.81600013,10.18798866,4.10128718,0.26305885,,10.28,0.76157,
2018-01-09,23.5,4.89786523,8.81,7.8,4.132837,1.31,29.44066795,15.13093268,9.0,,45.6066924,5.96678242,3.77,13.37,,4.81,3.91110344,9.68888087,5.57619133,9.04,23.118742,0.29090842,146.98,4.80000013,10.49998832,4.05187408,0.25976473,,10.29,0.770224,
2018-01-10,25.0,5.07311334,8.89,8.020001,4.19319136,1.34,29.44066795,15.19700662,8.9799995,,44.6533586,6.10360036,3.8,13.4,,5.1,3.98888118,9.62665914,5.57619133,9.6,23.062492,0.28702964,146.0,4.80000013,10.64998815,4.02222623,0.25858826,,10.06,0.76157,
2018-01-11,24.74,5.061027,9.2,8.1,4.20756145,1.36,29.07084783,15.19700662,9.2,,46.06668748,6.18721133,3.89,13.7,,5.17,4.05221427,9.68888087,5.67288829,9.6,23.062492,0.29090842,147.25,4.97599993,10.70398809,3.97281313,0.25858826,,10.13,0.76157,
2018-01-14,25.4,5.16073679,9.23,8.1,4.14145905,1.37,28.9838318,15.13456641,8.995,,45.33335513,6.27082229,3.93,13.7,,5.24,4.08888064,9.67554799,5.80181757,9.84,23.118742,0.2947872,146.03999,5.00000013,10.56598884,3.95304789,0.25882356,,10.21,0.76157,
2018-01-15,25.33,5.03987644,9.14,8.0,4.12421495,1.36,28.63576514,15.14745117,8.995,,44.34668599,6.23281731,3.92,13.83,,5.27,4.09999207,9.71999285,5.67288829,9.744,22.812491,0.2947872,145.03999,4.97599993,10.45198837,3.93328265,0.26752944,,10.12,0.76157,
2018-01-16,25.9,4.98548929,9.19,8.0,4.07535665,1.34,28.38559124,15.14745117,8.3999995,,43.53335626,6.18721133,3.91,13.72,,5.46,4.07443612,9.5733263,5.6342095,9.6,22.499991,0.29090842,143.75,4.99600013,10.43398779,3.90363479,0.26329414,,10.0,0.787532,
2018-01-17,25.74,5.13656472,9.42,8.16,4.03799442,1.35,28.37108808,15.10615496,8.385,,44.1666879,6.23281731,3.93,13.55,,5.59,4.13221389,9.41332598,5.67933475,9.6,22.781242,0.29090842,143.45,5.16800014,10.31998912,3.96293051,0.26541179,,10.11,0.822149,
2018-01-18,25.690001,5.24231752,9.5,8.2,4.08110469,1.35,28.93307239,15.0787346,8.5,,44.63335279,6.4912512,3.96,13.68,,5.55,4.13332522,9.65332534,6.05322966,9.84,22.781242,0.2947872,146.0,5.22000014,10.22398922,3.95304789,0.26564709,,10.4,0.830803,
2018-01-21,25.26,5.18490886,9.35,8.23,4.05236451,1.35,28.96932901,15.03182177,8.375,,43.77335704,6.52925618,3.92,13.55,,5.48,4.11110293,9.63999291,6.12414077,9.6,22.368742,0.29866598,147.0,5.50000015,10.19998865,3.95304789,0.26564709,,10.44,0.830803,
2018-01-22,25.6,5.1305217,9.24,8.26,4.02362434,1.32,28.66839533,15.06485874,8.625,,42.66668718,6.40764023,3.85,13.5,,5.48,4.0588807,9.34665981,6.5109286,9.6,22.106241,0.2947872,146.0,5.58600015,10.10998875,3.95304789,0.26047061,,10.5,0.830803,
2018-01-23,25.1,5.10634963,9.15,8.16,4.02362434,1.32,28.45448023,15.06452803,8.55,,43.66668766,6.40003924,3.85,13.55,,5.4,4.05554749,9.32443716,6.8332518,9.52,21.874991,0.29090842,145.0,5.45000015,9.86998962,3.94316527,0.26141179,,10.4,0.822149,
2018-01-24,25.6,5.13958623,9.17,8.15,3.98913613,1.31,28.82430035,14.88051277,8.375,,43.00002067,6.44564522,3.86,13.4,,5.34,4.0166589,9.22221501,6.9944134,9.048,21.518741,0.29090842,149.3,5.70000015,9.76198914,3.90363479,0.27058826,,10.38,0.830803,
2018-01-28,26.9,5.15167196,9.270001,8.1,3.99488416,1.32,29.19049659,14.80056297,8.5,,44.06668652,6.43044322,3.85,13.55,,5.23,4.14443609,9.20888125,6.9235023,8.968,21.862491,0.30254476,148.0,5.82200036,9.86998962,3.85422169,0.28000003,,10.32,0.830803,
2018-01-29,29.52,5.21210244,9.35,8.03,4.07535665,1.32,29.61832898,15.52737634,8.625,,46.53335771,6.43044322,3.98,13.36,,5.25,4.18999155,9.23999322,6.96218108,8.824,21.481241,0.30254476,158.99001,5.80000016,9.77398973,3.81469121,0.29058826,,10.35,0.830803,
2018-01-30,30.969999,5.19699519,9.770001,7.91,4.02362434,1.33,29.54943999,15.52737634,8.625,,48.96668821,6.52925618,4.04,13.44,,5.2,4.15110296,9.19999325,6.96218108,8.8,23.006241,0.29866598,160.75,5.78000016,9.68998922,3.80480859,0.31058827,,10.2,0.856766,
2018-01-31,33.0,5.13958623,9.89,7.9,3.94889989,1.31,29.36452865,15.52737634,8.49,,47.86669168,6.45324621,3.98,13.47,,5.1,4.0711029,9.23999322,6.71076899,9.104,23.437491,0.29090842,158.35001,5.65999995,9.59998932,3.75539549,0.30588238,,9.89,0.848112,
2018-02-01,30.450001,5.03081192,9.73,7.74,3.86555338,1.29,28.99470853,15.85774605,8.4449995,,48.6000247,6.33163027,3.81,13.35,,5.11,3.97776975,9.1288822,6.76878716,9.144,23.124991,0.28315087,157.0,5.88800036,9.83998905,3.72574763,0.33152944,,9.74,0.86542,
2018-02-04,30.0,5.04289825,9.53,7.89,3.79370295,1.27,28.61763556,16.18811574,8.45,,47.60002422,6.22521631,3.74,13.26,,5.02,3.98332519,9.10221511,6.66564374,8.792,22.399991,0.27927209,156.0,5.80000016,9.57598935,3.69609977,0.32470591,,9.65,0.86542,
2018-02-05,30.190001,4.97038204,9.36,7.74,3.79370295,1.33,28.09916072,16.45241152,8.455,,47.40002146,6.00478741,3.71,13.5,,5.05,4.04888072,9.1555484,6.63985788,8.8,21.912492,0.27927209,157.0,5.70000015,9.41998952,3.6565693,0.31411768,,9.47,0.856766,
2018-02-06,29.58,4.86462894,9.33,7.68,3.72472653,1.31,27.96138528,16.0229309,8.455,,46.56001972,5.95158043,3.79,13.44,,4.97,3.9955475,9.0533267,6.62051849,8.8,22.03749,0.27151453,154.57001,5.58800035,9.47398946,3.62692144,0.3094118,,9.53,0.839457,
2018-02-07,30.200001,4.80419877,9.45,7.7,3.70748243,1.33,28.20430633,15.91225672,8.455,,46.99335459,6.0123884,3.87,13.2,,5.11,4.00110293,9.65332534,6.80101948,8.8,21.82499,0.27151453,154.99001,5.60000015,9.47998945,3.77516073,0.31247062,,9.8,0.848112,
2018-02-08,29.559999,4.7467901,9.28,7.7,3.6701202,1.31,28.19705349,15.85774605,8.75,,45.58002391,6.07319638,3.89,13.01,,5.55,3.99665883,9.69332531,7.32318306,8.784,21.599992,0.26763575,154.89999,6.08600016,9.50998942,3.73563025,0.30564709,,9.78,0.839457,
2018-02-11,28.9,4.58362863,9.24,7.77,3.56090754,1.29,27.82360694,15.82503977,8.745,,45.30001978,5.88317146,3.76,12.95,,5.8,3.94110338,9.56443697,7.28450428,8.728,21.35624,0.26375697,152.0,6.20000017,9.35998959,3.6565693,0.29670591,,9.78,0.830803,
2018-02-12,29.01,4.67427389,9.31,7.75,3.54941147,1.3,27.91787581,15.82470906,8.745,,43.86668976,5.73875252,3.86,12.8,,5.8,3.96665889,9.78665902,7.28450428,8.88,21.249992,0.26375697,153.3,6.41999977,9.50398943,3.81469121,0.29882356,,9.9,0.839457,
2018-02-13,29.5,4.64708032,9.3,7.69,3.50630121,1.28,27.555306,17.24529882,8.505,,44.00002115,5.70834854,3.81,12.59,,5.7,3.93221429,9.65777023,7.54236284,9.2,20.812491,0.25987819,152.72,6.21199997,9.47998945,3.73563025,0.29600003,,9.84,0.839457,
2018-02-14,29.01,4.55341355,9.23,7.73,3.6701202,1.29,27.12022331,16.47553774,8.505,,43.66668766,5.62473757,3.86,12.38,,5.61,3.9444366,9.76888125,7.4778982,9.112,20.624992,0.25599941,150.13,6.35999997,9.35398959,3.80480859,0.29294121,,9.8,0.848112,
2018-02-15,29.190001,4.57758562,9.37,7.84,3.70748243,1.3,27.28337864,16.3529699,8.75,,44.33335465,5.63993957,4.0,12.45,,5.59,3.99443661,9.95554777,8.03874056,9.08,22.312492,0.25987819,150.0,6.48000057,9.38998955,3.99257837,0.30094121,,10.23,0.856766,
2018-02-18,29.83,4.60175769,9.36,8.0,3.70460841,1.32,27.84536294,16.1798565,8.715,,43.58002295,5.64754056,4.13,12.4,,5.65,4.14999152,10.10665877,8.25147387,9.152,21.874991,0.25599941,151.28,6.57600038,9.44398949,4.09140456,0.31176474,,10.35,0.856766,
2018-02-19,32.400002,4.61988674,9.24,8.0,3.64138003,1.35,27.68220471,15.95685696,8.715,,43.2666888,5.70074754,4.2,12.51,,5.63,4.2666584,9.85332563,8.21279509,9.184,21.562491,0.25599941,149.67999,6.60000018,9.50398943,4.09140456,0.30588215,,10.4,0.891383,
2018-02-20,34.349998,4.72866105,9.23,8.01,3.65000208,1.37,28.07378084,16.51749436,8.715,,42.68001852,5.67794455,4.2,12.67,,5.59,4.20554697,9.8666594,7.92270421,9.168,21.249992,0.25599941,147.08,6.47600037,9.44398949,4.08152194,0.2999998,,10.34,0.891383,
2018-02-21,33.099998,4.85858592,9.19,8.16,3.64425404,1.36,28.62488587,16.51848546,8.715,,42.66668718,5.61713657,4.25,12.42,,5.43,4.19888065,9.77777014,7.49079113,9.112,20.749992,0.25987819,146.85001,6.30600037,9.27598968,4.1111698,0.29705863,,10.3,0.882728,
2018-02-22,34.200001,5.25138175,9.15,8.13,3.60689182,1.4,28.82792678,16.51848546,9.0,,42.00002019,5.52592461,4.2,12.4,,5.15,4.12443613,9.91110292,7.40054063,9.504,21.874991,0.25987819,148.8,6.86400018,9.11998985,4.04199146,0.3117645,,10.15,0.874074,
2018-02-25,34.099998,5.22720968,9.21,8.41,3.75059269,1.44,28.82430035,17.63678627,8.615,,41.65335336,5.50312162,4.17,12.39,,5.23,4.16665838,9.78665902,7.40054063,9.248,21.993741,0.26375697,149.49001,7.3760004,9.05398993,4.05187408,0.3117645,,10.1,0.874074,
2018-02-26,35.200001,5.49008123,9.22,8.41,3.78795491,1.44,28.73003148,17.50959458,8.615,,41.91335282,5.57153059,4.29,12.38,,5.17,4.16665838,9.82221455,7.28450428,9.416,21.681241,0.26375697,147.8,6.78000058,9.47398946,4.1111698,0.32647037,,10.18,0.856766,
2018-02-27,36.689999,5.43871558,9.2,8.29,3.75634072,1.42,28.54874657,18.15381552,8.615,,42.33335369,5.60953558,4.34,12.36,,5.06,4.22110294,9.48888147,7.4778982,9.568,19.606243,0.25599941,149.99001,6.91800019,9.74398916,4.14081766,0.32823508,,10.1,0.856766,
2018-02-28,36.650002,5.68043597,9.13,8.18,3.79082893,1.41,28.30582552,19.81326191,8.615,,42.00002019,5.57913159,4.31,12.28,,5.0,4.15554751,10.26665864,7.55525577,9.328,19.531242,0.25599941,150.5,6.95999999,9.68998922,4.12105242,0.33470566,,9.96,0.848112,
2018-03-01,35.779999,5.49310274,9.07,8.07,3.72472653,1.41,28.13541698,18.33551885,8.425,,41.63335402,5.53352561,4.21,12.19,,4.92,4.11332515,9.99999218,7.4778982,9.2,19.306242,0.25599941,149.60001,6.78799998,9.64798927,4.1111698,0.32941155,,10.0,0.86542,
2018-03-04,35.290001,5.31785524,9.23,8.0,3.72472653,1.42,28.14267019,18.33551885,8.45,,41.0400204,5.58673259,4.37,12.23,,4.9,4.11332515,10.21332535,6.82680534,9.2,19.181243,0.25599941,148.22,6.79400038,9.75598915,4.10128718,0.32941155,,10.24,0.86542,
2018-03-05,35.790001,5.34202731,9.36,8.09,3.76496277,1.42,28.86055661,18.6325209,8.2349995,,39.74668511,5.66274256,4.39,12.34,,4.83,4.34443558,10.1422143,6.48514275,9.2,19.343743,0.25212063,146.45,6.60000018,9.71998979,4.17046552,0.32558802,,10.4,0.856766,
2018-03-06,35.18,5.43267257,9.26,8.04,3.74197063,1.48,29.67271227,19.82218255,8.175,,41.16002112,5.67794455,4.78,12.61,,5.1,4.4444356,10.44443628,6.57539324,9.184,19.043742,0.25599941,149.0,7.03000059,9.65998925,4.209996,0.3235292,,11.2,0.86542,
2018-03-07,35.5,5.4085005,9.22,8.35,3.70748243,1.5,30.67340569,20.74721773,8.375,,40.40001809,5.62473757,4.75,12.73,,5.15,4.38999104,10.60888104,6.56250032,8.84,19.249992,0.25987819,157.0,7.01999979,9.98998889,4.19023076,0.3235292,,11.15,0.856766,
2018-03-08,34.200001,5.34807063,9.15,9.020001,3.6701202,1.55,31.12661796,22.39906628,8.375,,42.66668718,5.5639296,4.66,12.7,,5.15,4.33221383,10.68888009,6.42712457,9.04,19.218742,0.25987819,153.98,6.88000059,9.81598968,4.1111698,0.31705861,,11.1,0.86542,
2018-03-11,33.029999,5.31785524,9.11,9.07,3.7189785,1.61,30.88369691,21.73832687,8.8999995,,42.80001858,5.5487276,4.74,12.46,,5.06,4.28888013,10.79999111,6.41423164,9.36,20.312492,0.26763575,155.5,6.72200038,9.83998905,4.20011338,0.32205861,,11.76,0.891383,
2018-03-12,32.849998,5.43871558,9.35,9.82,3.96614399,1.69,31.90614379,20.48192987,8.7250005,,42.76668856,5.59433358,4.87,12.88,,5.2,4.33332471,10.92888035,6.38844579,9.6,20.006241,0.27539331,165.8,6.80000018,9.92398956,4.40764839,0.31941155,,11.8,0.891383,
2018-03-13,34.5,5.42360834,9.55,10.14,3.99488416,1.71,32.23245735,20.48259127,9.1450005,,42.33335369,5.69314654,4.8,12.95,,5.35,4.30554699,11.10221354,6.50448214,10.04,19.812493,0.27927209,170.0,6.70999998,9.96598951,4.42741363,0.3235292,,11.8,0.891383,
2018-03-14,33.599998,5.55957593,9.6,9.7,3.89429356,1.68,31.90614379,20.63158834,8.8149995,,41.49335462,5.62473757,4.63,12.97,,5.24,4.25443609,11.10665799,6.31753468,9.84,19.687492,0.27151453,166.85001,6.58000058,9.79198911,4.33847006,0.31588214,,11.61,0.925999,
2018-03-15,33.220001,5.51123179,9.45,9.71,3.83393919,1.81,33.17513814,20.15255227,9.0,,40.66668622,5.52592461,4.6,12.87,,5.03,4.11221382,11.52443544,6.02099734,9.952,19.499993,0.27151453,166.0,6.53799998,9.65998925,4.3088222,0.30882333,,11.78,0.934654,
2018-03-18,33.650002,5.45986615,9.45,9.65,3.87130142,1.94,33.39267931,20.29626242,8.995,,41.22002115,5.5487276,4.65,12.92,,5.04,4.13332522,11.8399903,5.95008624,10.064,19.449993,0.29090842,165.0,6.60000018,9.50998942,4.39776577,0.31735273,,12.0,0.934654,
2018-03-19,34.220001,5.39641477,9.45,9.5,3.78220688,2.01,33.13888189,20.35077408,8.8199995,,44.00002115,5.59433358,4.69,12.74,,4.99,4.33332471,11.77776857,6.01455088,10.0,19.537492,0.28702964,164.0,6.60000018,9.35398959,4.40764839,0.3185292,,11.82,0.917345,
2018-03-20,33.630001,5.37828511,10.3,9.68,3.72760055,2.13,32.649413,20.38381105,8.8199995,,44.83335489,5.47271764,4.59,12.49,,4.97,4.21776928,11.8399903,6.29819594,9.752,19.312492,0.27927209,161.5,6.90000019,9.35398959,4.29893958,0.32058802,,11.66,0.891383,
2018-03-21,33.349998,5.30274739,10.83,9.64,3.85118329,2.27,32.63128342,20.44492878,9.7,,44.00002115,5.44991465,4.6,12.48,,5.06,4.24332478,11.79554678,6.28530236,9.672,19.281242,0.28702964,164.0,6.70800038,9.28798967,4.34835268,0.31617626,,11.9,0.891383,
2018-03-22,32.970001,5.27555381,10.55,9.41,3.89716757,2.23,32.2687136,20.41684802,9.5,,42.87335261,5.35870269,4.48,12.34,,5.18,4.15332518,11.61776825,6.14992662,9.536,19.062492,0.29866598,162.44,6.69600018,9.14998982,4.29893958,0.3099998,,11.85,0.882728,
2018-03-25,32.189999,5.22720968,10.41,9.21,3.81382107,2.18,31.90614379,20.34714035,10.3999995,,41.67335204,5.28269272,4.55,12.42,,5.1,4.06999201,11.45332438,5.91785392,9.52,18.774993,0.29090842,159.8,6.50000018,9.11998985,4.21987862,0.30735274,,11.73,0.891383,
2018-03-26,32.549999,5.19699519,10.38,9.0,3.79082893,2.32,32.08380227,20.43006347,10.045,,42.20001962,5.35870269,4.58,12.46,,5.22,4.08554743,11.54221276,6.0467832,9.6,18.743743,0.2947872,157.12,6.50000018,9.11998985,4.28905696,0.30823509,,11.58,0.891383,
2018-03-27,33.200001,5.15167196,10.27,9.28,4.05811255,2.48,32.12368495,19.9873674,10.9750005,,41.53335263,5.26749073,4.7,12.5,,5.36,4.11110293,11.67110199,6.04033673,9.536,18.424993,0.3141811,161.00999,6.60000018,9.08998989,4.53612245,0.30294098,,11.65,0.891383,
2018-03-28,32.389999,5.09124209,10.08,9.28,4.19606538,2.6,32.63128342,19.82185186,10.995,,41.33335321,5.27509172,4.9,12.4,,5.35,4.21332473,11.51110211,6.25951651,9.504,18.712493,0.33357499,159.00999,6.60000018,9.44998949,5.06978392,0.29852922,,11.66,0.874074,
2018-03-29,31.99,5.0247686,10.4,10.04,4.16732521,2.51,32.44999851,19.6784724,10.9750005,,41.53335263,5.57153059,4.95,12.5,,5.33,4.18332523,11.55554652,6.43357104,9.504,18.587493,0.35684767,160.0,6.84000038,9.56998935,5.19825797,0.30117627,,11.55,0.874074,
2018-04-01,32.099998,5.03081192,10.93,10.65,4.07823067,2.59,32.57689722,19.65105137,10.0,,41.74002073,5.7843585,5.0,12.53,,5.38,4.22221382,11.68443576,6.32398115,9.32,18.424993,0.35684767,164.5,6.80000018,9.89998899,5.34649727,0.30617627,,11.75,0.874074,
2018-04-02,32.75,4.96736054,11.31,10.82,4.13858503,2.54,32.22520414,19.63188927,10.0,,41.86668613,6.43804422,4.89,13.29,,5.25,4.33888015,11.91110136,6.92994876,9.44,18.406243,0.34909011,164.0,6.67600038,9.91198897,5.15872749,0.31882332,,12.69,0.908691,
2018-04-03,32.68,4.89182282,10.99,10.52,4.08110469,2.45,31.97865666,19.6569977,10.9449995,,42.10002157,6.81809406,4.8,13.09,,5.2,4.28888013,11.76443481,6.76878716,9.328,18.756242,0.34133255,162.98,6.59000038,9.86398963,5.06978392,0.31323509,,13.37,0.908691,
2018-04-04,32.439999,4.83441385,10.74,10.3,4.05236451,2.39,32.0874287,19.49148215,10.04,,42.00002019,6.84089705,4.7,12.94,,5.62,4.22221382,11.77776857,7.0846639,9.392,19.168742,0.33357499,163.60001,6.90000019,9.77998852,5.09943177,0.30264686,,14.26,0.900037,
2018-04-05,31.4,4.75585463,10.29,9.89,4.12996298,2.32,32.2614633,19.4257389,10.04,,43.00002067,6.50645319,4.77,12.5,,5.92,4.06665835,11.46221371,6.86548412,9.24,18.768743,0.32193866,160.75,6.91200039,9.68998922,5.14884487,0.29588216,,14.9,0.934654,
2018-04-10,32.200001,4.83139234,10.74,9.78,4.3972466,2.33,32.66753968,19.82218255,10.0,,43.92001912,6.64327113,4.92,12.8,,6.41,4.15888061,11.49332479,6.76878716,10.072,18.681242,0.32193866,161.0,7.04000039,10.11598934,5.30696679,0.30117627,,13.3,0.934654,
2018-04-11,32.790001,4.83441385,11.05,9.69,4.56393961,2.32,32.74005545,19.95300961,10.0,,43.33335417,6.43044322,5.13,13.13,,6.3,4.41110245,12.08887988,6.65919727,10.192,18.624992,0.32193866,164.89,7.01999979,10.28998855,5.74180206,0.30117627,,13.92,0.925999,
2018-04-12,32.02,4.68333842,11.34,9.59,4.41161668,2.32,32.25783687,19.82218255,10.0,,42.88668862,6.11880236,4.98,13.4,,5.99,4.30554699,11.70665752,6.7623407,10.04,18.243743,0.31030232,163.5,7.00000019,10.22998802,5.63309324,0.29852922,,13.49,0.900037,
2018-04-15,31.5,4.68333842,11.45,9.31,4.35413634,2.29,31.86988753,20.31773711,10.0,,42.96002199,5.99718641,4.75,14.0,,5.95,4.15554751,11.4177693,6.56250032,10.08,18.124993,0.31030232,159.2,7.00000019,10.4279878,5.45520608,0.29470569,,13.5,0.900037,
2018-04-16,31.139999,4.74981161,11.17,9.47,4.4805931,2.38,31.63421643,19.95399974,10.0,,43.23335279,5.90597445,4.8,14.09,,6.15,4.13888065,11.46665726,6.68498313,10.0,17.774994,0.30642354,160.38,6.89600019,10.43398779,5.43544085,0.29647039,,13.72,0.917345,
2018-04-17,31.68,5.05800549,11.4,9.63,4.48346712,2.41,32.0112894,19.95399974,9.5200005,,44.00002115,6.34683226,4.79,14.6,,6.36,4.18888067,11.35110268,6.62696495,10.2,17.687492,0.3141811,163.5,6.79600018,10.36798906,5.43544085,0.30235274,,13.7,0.934654,
2018-04-18,31.620001,5.04289825,11.2,9.42,4.44323088,2.46,32.30496986,19.83770894,9.26,,44.80001954,6.22521631,4.72,14.79,,6.65,4.18776933,11.42221374,6.78812655,10.616,17.687492,0.31805988,166.0,6.76600058,9.83998905,5.36626251,0.30529392,,13.65,0.951962,
2018-04-19,32.0,4.98548929,11.0,9.3,4.56968764,2.56,32.627657,20.31410338,9.26,,47.93335771,6.2632213,4.68,14.99,,6.48,4.16443616,11.28888007,7.09111036,10.408,17.481242,0.3141811,165.0,6.87799999,9.74998915,5.19825797,0.30735274,,13.36,0.943308,
2018-04-22,33.889999,5.01268286,11.2,9.46,4.65303443,2.71,32.66753968,19.9103906,9.7749995,,48.99335555,6.52925618,4.73,15.3,,6.58,4.16443616,11.24443521,7.21359318,10.56,17.187493,0.34133255,163.8,6.85000018,9.70198921,5.21802321,0.30352921,,13.08,0.943308,
2018-04-23,33.599998,5.01872618,11.14,9.45,4.73638065,2.94,33.17513814,19.82218255,9.75,,47.49335483,6.50645319,4.8,15.28,,6.47,4.11221382,11.77776857,7.22003964,10.888,17.799993,0.34133255,164.5,6.76999978,9.59998932,5.39591037,0.31294097,,13.62,0.951962,
2018-04-24,33.080002,5.31785524,11.19,9.34,4.67027825,2.85,33.90027777,19.82020033,9.75,,46.72668646,6.37723625,4.77,15.11,,6.4,4.09332519,11.95110133,7.13623561,11.192,17.737492,0.33745377,163.5,6.60000018,9.56998935,5.35637989,0.31470568,,13.64,0.977925,
2018-04-26,32.790001,5.71065136,11.3,9.28,4.70764019,2.81,34.98798722,19.82251324,10.0,,46.60002374,6.27842329,4.74,14.91,,6.2,4.021103,12.04443503,7.14912854,11.12,17.499993,0.33745377,164.00999,6.59800058,9.38998955,5.36626251,0.31441156,,13.44,1.012541,
2018-04-29,32.599998,5.62302791,11.28,9.17,4.62716799,2.85,34.53477495,20.15255227,10.2650005,,46.67335711,6.14160535,4.7,15.99,,6.3,4.00110293,12.04887992,7.04598511,11.192,17.506243,0.35684767,163.13,6.70000018,9.3479896,5.35637989,0.32176449,,13.75,0.995233,
2018-04-30,32.09,5.43871558,11.21,8.96,4.57830969,2.81,34.17220514,20.51597973,10.005,,47.66668958,6.15680734,4.63,16.34,,6.38,3.99443661,11.95110133,6.96862755,11.08,17.481242,0.34909011,161.03999,7.31,9.25198971,5.27731893,0.31558803,,13.72,0.986579,
2018-05-02,32.240002,5.49914606,11.26,8.73,4.46909703,2.73,34.62541741,20.41686871,10.2650005,,50.66669103,6.21001432,4.58,16.25,,6.3,3.90443657,11.71110196,7.40698709,11.04,17.124993,0.33357499,172.0,7.89800061,9.46198947,5.17849273,0.30911744,,13.61,1.003887,
2018-05-03,31.370001,5.36015636,11.15,8.46,4.33976625,2.67,34.43688219,20.31181103,10.0299995,,51.00002452,6.09600013,4.5,16.120001,,6.48,3.79999255,11.42221374,7.34896892,11.04,16.906243,0.32581743,168.3,7.4460002,9.44998949,5.03025344,0.31411744,,13.28,1.012541,
2018-05-06,31.190001,5.31181222,11.4,8.39,4.36850642,2.64,34.40062303,20.11854555,10.0,,50.39335489,6.04279239,4.38,16.0,,7.0,3.72221482,11.51110211,7.0846639,11.12,16.687494,0.32581743,169.0,7.64000041,9.41998952,4.99072296,0.31764685,,13.2,1.003887,
2018-05-07,30.200001,5.2362745,11.52,8.34,4.31102608,2.58,33.13888189,19.5744251,10.0,,49.80002194,5.83756548,4.35,16.25,,6.77,3.77777026,11.64887934,7.21359318,11.04,16.274994,0.32193866,163.84,7.7,9.26998969,5.33661465,0.3099998,,13.31,0.995233,
2018-05-08,30.15,5.21210244,11.75,8.59,4.38287651,2.77,33.68273661,19.32664757,10.0,,48.83335681,5.95918143,4.33,17.5,,6.72,3.75443709,11.64443579,7.00730633,11.032,16.849993,0.32969621,164.0,7.47,9.29998965,5.10931439,0.30882333,,13.45,0.995233,
2018-05-09,30.41,5.16980162,12.1,8.31,4.3483883,2.79,33.53770796,19.21762445,10.0,,48.17335783,5.92117644,4.22,16.91,,6.6,3.70999251,11.43554662,6.96218108,10.872,16.562493,0.32581743,161.59,7.29,9.29398966,5.06978392,0.30588215,,13.31,0.986579,
2018-05-10,28.76,5.08519907,12.1,7.98,4.23917564,2.92,32.74005545,18.66954155,10.75,,47.60002422,5.73875252,4.06,16.6,,6.5,3.5966594,11.30665827,7.02019926,10.8,16.174993,0.32581743,157.89999,6.81,9.23998972,4.87213152,0.29588216,,13.02,0.986579,
2018-05-13,28.5,5.22418877,12.22,7.94,4.33976625,3.05,32.44999851,18.13731541,10.675,,47.66002158,5.65514156,4.11,16.190001,,6.6,3.65221484,11.42221374,6.9944134,10.656,15.787494,0.32581743,160.0,6.85,9.13798983,4.911662,0.29411745,,12.85,0.986579,
2018-05-14,28.299999,5.33296278,12.21,8.43,4.31102608,3.14,32.12731174,17.64176034,10.675,,46.43335699,5.51832362,4.06,15.87,,6.33,3.60777071,11.46665726,6.85903766,10.6,15.868743,0.32193866,164.0,6.65,8.99998999,4.80295318,0.29411745,,12.53,0.977925,
2018-05-15,28.450001,5.22720968,12.09,8.13,4.5955538,3.1,31.90614379,17.83998236,10.0249995,,47.30002074,5.5487276,4.2,15.5,,6.26,3.5833262,11.37776889,6.85259119,10.344,15.562494,0.32969621,164.0,6.5,8.63999039,4.71400961,0.29352922,,12.27,0.977925,
2018-05-16,28.1,5.26044657,12.34,8.270001,4.58405773,3.13,32.44999851,17.36028506,10.75,,47.68002092,5.50312162,4.22,15.29,,6.06,3.60554849,11.24443521,6.60762556,10.096,15.624994,0.32581743,163.13,6.42,8.99398999,4.79307056,0.29235275,,12.49,1.012541,
2018-05-17,28.6,5.18793037,12.59,8.18,4.45472695,3.06,31.99315982,17.36028506,10.24,,47.5666882,5.46511664,4.18,14.93,,5.96,3.59443707,11.21776901,6.92994876,10.16,15.624994,0.32193866,165.0,6.64,9.05998992,4.74365746,0.2882351,,12.49,1.012541,
2018-05-20,28.700001,5.27857532,12.75,8.17,4.73638065,3.02,31.90614379,17.44353832,10.24,,47.33335609,5.38910667,4.11,14.5,,5.84,3.56221525,11.11554687,7.07177097,10.0,15.624994,0.33357499,162.02,6.7,8.92199007,4.72389223,0.29117628,,12.56,1.012541,
2018-05-21,29.700001,5.33296278,12.72,8.21,4.60130183,3.07,31.00334567,17.51688146,10.24,,49.09335627,5.47271764,4.12,14.57,,5.85,3.55665937,11.11999131,6.92994876,10.52,15.749994,0.33357499,165.0,6.75,8.69999032,4.65471389,0.2999998,,12.67,1.038504,
2018-05-22,29.6,5.34504912,12.57,8.16,4.53232541,3.13,30.92720637,16.93708103,10.0,,49.66002254,5.42711166,4.1,14.67,,5.85,3.56221525,10.91999147,6.82035887,10.08,15.937494,0.32581743,164.50999,7.0,8.75399026,4.63494865,0.29617628,,12.56,1.021196,
2018-05-23,29.799999,5.27857532,12.7,8.1,4.45472695,3.07,30.83656392,16.84887223,10.0,,49.26669169,5.47271764,4.02,14.59,,5.81,3.52221533,10.79999111,6.78168009,10.096,15.937494,0.31805988,164.0,7.1,8.99998999,4.63494865,0.29705863,,12.65,1.021196,
2018-05-24,30.24,5.22720968,12.69,8.1,4.54956952,3.01,31.10849128,17.13629318,10.0,,49.53335915,5.44231365,4.17,14.5,,5.75,3.53332619,10.52443622,6.91705583,10.08,16.124993,0.31805988,162.99001,7.18,8.84999015,4.64483127,0.29558804,,12.6,1.021196,
2018-05-27,29.49,5.27253291,12.51,8.08,4.40299463,2.93,30.96346299,17.43957487,10.0,,49.32002571,5.62473757,4.33,14.41,,5.75,3.51110413,10.48888069,6.78812655,10.0,16.062494,0.31805988,159.92999,7.15,8.65799037,4.69424437,0.30294098,,12.6,1.021196,
2018-05-28,28.99,5.34807063,12.26,7.98,4.42598677,3.01,31.36953937,17.47327162,10.0,,48.540022,5.59433358,4.38,14.43,,5.8,3.64221486,10.57332551,6.8332518,9.736,15.812493,0.31805988,161.53999,6.94,8.81999019,4.94130986,0.30235274,,12.96,1.02985,
2018-05-29,29.360001,5.33296278,12.4,8.1,4.31390009,3.02,32.0874287,17.54066711,10.0,,44.13335255,5.62473757,4.44,14.7,,5.87,3.6433262,10.65776945,6.82035887,10.232,15.812493,0.32193866,160.83,7.06,8.93999005,5.04013606,0.29764686,,13.2,1.02985,
2018-05-30,28.98,5.21512394,12.69,8.270001,4.27366385,2.98,31.73936204,17.44353832,10.0,,43.56001828,5.50312162,4.35,14.61,,5.82,3.57888166,10.6311028,6.7623407,10.32,16.031244,0.3141811,160.0,6.79,8.81999019,4.95119248,0.2999998,,13.03,1.02985,
2018-05-31,28.42,5.19699519,12.63,8.14,4.20181342,2.93,31.4710611,17.98864888,10.0,,42.77335656,5.36630368,4.3,15.1,,5.77,3.49888193,10.35554702,6.76878716,10.0,15.774994,0.31030232,157.89999,6.5,8.63999039,4.88201414,0.30294098,,12.46,1.021196,
2018-06-03,28.5,5.20908093,12.63,8.1,4.15870315,2.96,31.68860262,18.13235986,10.0,,42.66668718,5.35110169,4.24,15.3,,5.77,3.55554848,10.47110248,6.63985788,10.0,15.718744,0.31030232,158.0,6.3,8.51399053,4.95119248,0.31499979,,12.3,1.021196,
2018-06-04,29.700001,5.34202731,12.55,8.07,4.10984486,3.0,31.652346,17.64176034,10.0,,42.52668778,5.39670767,4.19,15.35,,5.82,3.51110413,10.44443628,6.58183971,10.0,15.624994,0.30642354,156.73,6.38,8.39999065,4.87213152,0.31058803,,12.25,1.02985,
2018-06-05,29.07,5.15771528,12.3,7.97,3.99488416,2.93,31.21726041,17.16602747,10.0,,40.7666876,5.28269272,4.07,14.98,,5.74,3.4333265,10.12888142,6.6011791,10.16,15.449993,0.29866598,156.8,6.18,8.30399076,4.78318794,0.30588215,,11.55,1.021196,
2018-06-06,28.059999,5.00361804,12.18,7.95,4.0006322,2.9,31.17375385,16.84887223,10.0,,40.66668622,5.17627877,4.07,15.09,,5.66,3.44221537,9.99999218,6.74944777,10.2,14.831244,0.2947872,156.0,6.17,7.96799113,4.7634227,0.30882333,,11.64,1.012541,
2018-06-07,27.969999,4.83441385,11.71,7.61,3.74771867,2.84,31.18100416,16.70218793,10.0,,39.41335162,4.90264288,4.06,15.25,,5.77,3.38888215,9.87554739,6.63985788,10.0,14.312494,0.28315087,154.87,6.06,7.61999152,4.60530079,0.31441156,,11.44,1.012541,
2018-06-10,27.799999,4.84045687,11.64,7.6,3.85118329,2.87,31.18100416,16.70020571,10.0,,39.98668589,4.81903192,4.2,15.5,,5.73,3.44443759,10.18221426,6.69787606,10.0,14.187495,0.29090842,154.0,6.1,7.69799144,4.72389223,0.3235292,,12.19,1.003887,
2018-06-11,27.940001,4.9552742,11.85,7.58,3.74484465,2.87,31.1447479,16.45738374,10.0,,40.67335155,4.79622893,4.17,15.98,,5.8,3.40443756,10.11999209,6.89771644,10.0,14.043744,0.29090842,155.0,6.0,7.70999142,4.67447913,0.33235272,,12.2,1.003887,
2018-06-12,27.91,5.00059653,11.83,7.58,3.79370295,2.83,31.1447479,15.85875222,9.995,,40.93335435,4.65941099,4.1,15.38,,5.65,3.34443779,10.22221423,7.09111036,10.0,14.949994,0.29090842,153.5,5.9,7.79399133,4.54600507,0.31941155,,12.15,0.995233,
2018-06-13,28.299999,5.14865106,11.9,7.6,3.83681321,2.96,31.19188089,15.8577621,9.75,,40.35335207,4.82663292,4.3,15.4,,5.59,3.38554871,10.62221392,7.43277295,9.616,14.937494,0.29090842,151.32001,6.19,7.91399119,4.61518341,0.31764685,,12.68,1.003887,
2018-06-14,29.700001,5.13656472,11.77,7.5,3.82244312,3.17,31.85175759,16.35331717,9.75,,38.92668471,4.78862793,4.27,15.49,,5.65,3.36110442,10.5111029,7.41343356,9.6,14.668744,0.28702964,152.96001,6.21,7.97999112,4.62506603,0.32205861,,12.48,0.995233,
2018-06-19,29.1,5.17282312,11.76,7.58,3.96614399,3.38,31.51094414,16.15608526,9.5,,38.0733523,4.73542096,4.2,15.34,,5.48,3.35554899,10.44443628,7.54236284,9.992,14.806245,0.29090842,151.0,6.11,7.67399146,4.53612245,0.30970568,,12.15,0.986579,
2018-06-20,28.75,5.49612455,11.78,7.67,3.93740382,3.41,30.81843434,15.97570421,9.5,,37.33335128,4.88744089,4.45,14.76,,5.5,3.47221531,10.55554731,7.3876477,9.608,14.999994,0.29090842,150.0,6.13,7.78799134,4.66459651,0.30852921,,12.4,0.986579,
2018-06-21,28.98,5.5142533,11.8,7.7,3.87992347,3.47,31.18463058,16.13527294,9.4799995,,37.95335158,5.05466282,4.49,14.71,,5.6,3.5077708,10.57776907,7.41343356,9.608,14.762495,0.2947872,149.50999,6.16,7.73999139,4.74365746,0.31411744,,12.44,0.995233,
2018-06-24,28.85,5.45382283,11.7,7.7,3.89429356,3.47,31.28977619,16.34340509,9.4799995,,37.99335293,5.16867777,4.48,14.6,,5.52,3.52221533,10.77332491,7.41343356,9.6,15.156244,0.2947872,149.89999,6.44,7.73999139,4.72389223,0.3099998,,12.34,0.995233,
2018-06-25,30.0,5.36317787,12.24,7.67,3.97764006,3.43,31.52907082,17.25522838,9.25,,37.56668339,5.13067278,4.5,14.6,,5.48,3.48221529,10.8799915,7.41343356,9.976,15.406244,0.29090842,149.03999,6.55,7.77599135,4.66459651,0.31470568,,12.3,0.995233,
2018-06-26,29.719999,5.28764015,12.2,7.57,3.92015971,3.32,31.36228906,18.43464845,9.25,,36.82668571,5.01665783,4.42,14.15,,5.45,3.38332671,10.47554737,7.73575676,9.728,15.024995,0.28702964,147.95,6.59,7.6379915,4.56577031,0.31088215,,11.98,0.995233,
2018-06-27,29.32,5.43569408,12.0,7.5,3.84830928,3.37,31.18100416,17.64176034,9.25,,36.86668372,4.90264288,4.33,14.1,,5.72,3.31777129,10.44443628,7.69063151,9.896,15.555,0.28315087,145.0,6.8,7.70999142,4.49659197,0.31470568,,11.8,0.995233,
2018-06-28,29.290001,5.43871558,11.85,7.56,3.81669509,3.42,31.18100416,18.02333873,9.25,,37.32668595,4.88744089,4.46,14.2,,5.65,3.31666007,10.36443634,7.83245372,9.608,16.020001,0.28315087,148.0,6.89,7.59599155,4.51635721,0.31617626,,11.74,0.995233,
2018-07-02,29.01,5.47497399,11.96,7.56,3.86555338,3.45,31.10486486,17.89152009,9.25,,37.1533512,4.8570369,4.39,14.18,,5.7,3.29110467,10.39999187,7.68418505,9.752,16.11,0.28315087,145.60001,6.74,7.43999172,4.49659197,0.31264685,,11.81,0.995233,
2018-07-03,29.15,5.46288765,11.9,7.5,3.86267936,3.65,31.35503876,17.62887591,9.25,,36.98668445,4.97865285,4.4,14.18,,5.8,3.21443805,10.28888085,7.41343356,9.6,15.945,0.29090842,144.92999,6.59,7.39799177,4.54600507,0.3099998,,11.74,1.003887,
2018-07-04,29.030001,5.42058683,11.78,7.5,3.78795491,3.65,31.18825447,17.34244509,9.25,,36.66001896,4.95584986,4.36,14.11,,5.8,3.19999352,10.32888082,7.36830831,9.6,15.69,0.29090842,145.0,6.68,7.33199184,4.59541817,0.31235274,,11.84,1.003887,
2018-07-05,29.0,5.43267257,11.93,7.52,3.79370295,3.58,31.13749469,17.33253398,9.25,,36.36668348,4.84943591,4.28,14.47,,5.67,3.11110492,10.14665874,7.27161135,9.56,15.4275,0.28702964,144.0,6.53,7.25999192,4.42741363,0.3117645,,11.6,1.003887,
2018-07-08,29.139999,5.40547869,11.88,7.48,3.82531714,3.62,30.98158967,17.24531629,9.25,,36.26668544,4.91784488,4.25,14.6,,5.53,2.99888292,10.17332494,7.20070025,9.52,15.210001,0.28702964,143.5,6.45,7.22399196,4.26929172,0.30882333,,11.7,1.003887,
2018-07-09,28.92,5.28461864,11.8,7.33,3.82244312,3.67,31.12661796,17.04709425,9.25,,35.62668313,4.636608,4.3,14.28,,5.5,2.89443857,10.22221423,7.70352444,9.52,14.7375,0.27539331,144.97,6.33,6.89999232,4.18034814,0.30647039,,11.67,1.003887,
2018-07-10,28.790001,5.22720968,12.0,7.44,3.99488416,3.86,30.81843434,16.5515392,9.1000005,,35.58668444,4.82663292,4.27,14.5,,5.72,2.91666086,10.33332526,7.60682748,9.4,14.729999,0.27539331,146.0,6.4,7.01999219,4.17046552,0.3067645,,11.63,1.02985,
2018-07-11,28.879999,5.21512394,12.17,7.52,3.94889989,3.76,30.78217808,16.45738374,9.25,,35.33335032,5.0850668,4.22,14.6,,6.05,2.86999429,10.44888072,7.60682748,9.208,14.8725,0.27927209,148.0,6.6,7.12799207,4.13093504,0.30529392,,11.59,1.021196,
2018-07-12,29.0,5.21512394,12.0,7.42,3.89429356,3.76,30.66615574,16.84887223,9.575,,36.00001731,5.0850668,4.23,14.5,,6.14,2.82221661,10.55554751,7.60682748,9.208,14.3625,0.27539331,147.5,6.5,7.16399203,4.13093504,0.30558803,,11.49,1.012541,
2018-07-15,29.23,5.28764015,11.9,7.33,3.90578963,3.76,30.5283774,16.60307692,9.3199995,,36.3333508,4.94064787,4.18,14.3,,6.13,2.83110548,10.36110321,7.43277295,9.208,13.8825,0.27539331,147.99001,6.39,7.07999212,4.1605829,0.30294098,,11.3,1.012541,
2018-07-16,29.219999,5.34807063,11.8,7.17,3.86267936,3.76,30.40510511,16.55550264,9.375,,35.79334987,4.8570369,4.17,14.19,,6.04,2.82110539,10.24999274,7.43277295,9.208,14.055,0.27151453,147.89999,6.25,7.06799214,4.05187408,0.30852921,,11.08,1.012541,
2018-07-17,28.85,5.28159713,11.68,6.89,3.83968723,3.76,30.43411106,16.32853941,9.375,,34.84668342,4.74302195,4.33,14.5,,5.91,2.9088831,9.83332639,7.3876477,8.88,14.152501,0.26763575,147.0,6.3,7.06199214,4.0617567,0.30323509,,11.24,1.012541,
2018-07-18,28.98,5.21210244,11.79,6.85,3.77358483,3.76,29.54943999,16.05598414,9.3050005,,34.33334984,4.69741597,4.5,14.49,,6.09,3.04443839,9.89999245,7.22003964,9.168,14.017501,0.27151453,147.60001,6.28,7.07999212,4.10128718,0.30882333,,11.25,1.012541,
2018-07-19,28.85,5.26346808,11.76,6.85,3.7362226,3.76,29.48417742,15.97867753,9.3050005,,33.78668291,4.60620401,4.51,14.3,,6.0,3.02777175,9.86110359,7.14912854,9.04,13.875,0.26763575,147.49001,6.18,7.07999212,4.09140456,0.30529392,,11.15,1.012541,
2018-07-22,28.85,5.10634963,11.71,6.87,3.70748243,3.76,29.36452865,15.75865109,9.3050005,,33.53334879,4.54539604,4.61,13.83,,5.99,3.07777177,9.66110319,7.09111036,9.04,14.25,0.26375697,145.5,6.07,7.03199218,4.00246099,0.30294098,,11.07,1.012541,
2018-07-24,28.799999,5.25742506,11.75,6.95,3.90578963,3.7,30.41598148,15.95687311,9.3999995,,33.66668285,4.60620401,4.74,13.92,,5.9,3.21666038,9.65554764,7.155575,9.04,14.025001,0.26763575,149.0,6.05,7.28999189,4.04199146,0.30264686,,11.08,1.012541,
2018-07-25,28.6,5.18793037,11.7,6.87,3.64712806,3.45,29.89750665,15.95687311,9.45,,32.66001704,4.50739105,4.62,13.77,,5.95,3.21999359,9.48888165,6.94284169,8.8,13.8,0.26763575,148.98,5.94,7.17599202,3.95304789,0.30176451,,10.93,1.003887,
2018-07-26,28.5,5.18793037,11.44,6.77,3.59252173,3.23,29.73072489,16.84887223,9.45,,30.79334747,4.16534308,4.5,13.96,,5.85,3.25443808,9.80554808,7.09111036,9.032,13.4925,0.26375697,147.5,5.86,7.17599202,3.86410431,0.29470569,,10.85,1.003887,
2018-07-29,28.459999,5.15167196,11.4,6.75,3.59252173,3.26,29.69446864,16.83896014,9.45,,30.73334678,4.18865657,4.52,13.94,,5.81,3.29777122,9.58332603,7.2458255,8.8,13.44,0.26763575,146.0,6.06,7.37999179,3.86410431,0.29588216,,10.8,0.995233,
2018-07-30,28.280001,5.03081192,11.27,6.67,3.49480514,3.21,29.966396,16.74579777,9.45,,33.33334936,4.17311424,4.39,13.78,,5.73,3.25110464,9.57221492,7.12978914,8.832,13.275001,0.26375697,145.11,5.91,7.36199181,3.82457383,0.30294098,,10.63,0.995233,
2018-07-31,27.98,5.04591976,11.09,6.69,3.50342719,3.19,30.81843434,16.65065021,9.45,,33.46001542,4.00214867,4.47,14.18,,5.7,3.26666017,9.83332639,7.41988002,9.2,13.402501,0.26763575,145.55,5.93,7.2839919,3.98269575,0.31117627,,11.23,0.995233,
2018-08-01,27.76,5.11239265,11.17,6.88,3.5206713,3.29,30.81843434,16.69921559,9.45,,33.10668258,4.04100448,4.6,14.2,,5.82,3.29999355,9.91665911,7.40698709,9.28,14.325,0.27151453,147.97,5.95,7.34999182,4.01234361,0.30852921,,11.57,1.003887,
2018-08-02,27.99,5.16677981,10.97,6.85,3.46031693,3.44,31.3731658,16.40981145,10.0950005,,33.33334936,3.99437751,4.66,14.15,,5.7,3.2333269,10.05554789,7.29095074,9.44,14.460001,0.26763575,148.0,6.2,7.34399183,3.91351741,0.30294098,,11.75,1.003887,
2018-08-05,28.0,5.13656472,10.93,6.71,3.44594684,3.59,31.14112111,16.42269488,9.42,,32.01334872,3.97106402,4.6,14.1,,5.68,3.22221581,10.11110396,7.40698709,9.248,14.212501,0.26763575,147.91,6.47,7.25999192,3.64668668,0.30294098,,11.58,1.012541,
2018-08-06,28.200001,5.061027,10.67,6.7,3.4229547,3.51,30.81843434,16.35529939,9.42,,30.90668219,3.99437751,4.55,14.17,,5.7,3.19332698,10.01110348,7.27161135,9.488,13.972499,0.26375697,147.91,6.48,7.25999192,3.5577431,0.30058804,,11.5,1.012541,
2018-08-07,30.049999,5.18188735,10.66,6.75,3.44882086,3.58,30.81843434,16.35331717,9.42,,31.66668189,4.31299517,4.66,14.27,,5.8,3.21110472,10.10554841,7.155575,9.728,14.167499,0.27151453,150.00999,6.45,7.25999192,3.58739096,0.30852921,,11.55,1.012541,
2018-08-08,30.75,5.4085005,10.76,6.83,3.51779728,3.66,31.18825447,16.20762398,9.42,,32.00001538,4.41402028,4.73,14.19,,6.1,3.19999352,10.38888152,7.09111036,10.392,14.099999,0.27539331,151.0,6.47,7.40999176,3.5577431,0.30882333,,11.48,1.021196,
2018-08-09,30.049999,5.31483373,10.85,6.89,3.54078942,3.73,31.15925069,16.35331717,9.42,,31.60001653,4.39070679,4.76,14.4,,6.25,3.24888243,10.49999199,7.0846639,10.2,14.227499,0.27927209,151.11,6.58,7.51199164,3.51821262,0.30882333,,11.87,1.012541,
2018-08-12,29.299999,5.27857532,10.83,6.81,3.50055317,3.66,31.17012742,16.34340509,9.42,,30.8466815,4.42956261,4.74,14.29,,6.18,3.21666038,10.41665872,7.0846639,10.088,14.175,0.27539331,150.5,6.47,7.40399176,3.3600907,0.30794097,,11.73,1.003887,
2018-08-13,29.0,5.21210244,10.86,6.72,3.34248222,3.58,30.99971925,16.34737052,9.42,,29.98668108,4.32076633,4.74,14.16,,6.1,3.1577715,10.06665955,7.09111036,10.088,13.62,0.27151453,146.0,6.3,7.24799194,3.16243831,0.30205862,,11.39,1.003887,
2018-08-14,29.040001,5.11239265,10.86,6.83,3.21027742,3.5,30.87644696,16.13527294,9.42,,29.3266821,4.24305471,4.55,14.5,,6.2,3.02221632,10.27776994,6.89771644,10.352,13.349999,0.26763575,148.0,6.34,7.19999199,3.07349473,0.29470569,,10.95,0.995233,
2018-08-15,30.049999,5.13656472,10.8,6.6,3.16141912,3.53,30.94533305,15.8577621,9.3900005,,28.66668045,4.27413936,4.46,14.34,,6.12,3.07554944,10.05554789,7.00730633,10.024,13.05,0.26375697,147.0,6.32,7.07999212,3.04384687,0.29382334,,10.51,1.003887,
2018-08-16,30.01,5.26044657,10.75,6.42,3.01484424,3.53,30.81843434,15.65162698,9.3900005,,28.80667985,4.33630866,4.41,14.2,,6.11,3.07221611,9.9333252,7.02664572,9.896,13.1175,0.26375697,146.75,6.38,6.98399223,3.05372949,0.29441157,,10.63,1.003887,
2018-08-19,30.23,5.25742506,10.73,6.44,2.97173398,3.49,30.61176955,15.46133364,9.3900005,,28.38001364,4.40624912,4.38,14.1,,6.11,3.07777177,9.74999201,7.09111036,9.896,13.11,0.25987819,148.0,6.36,6.81599242,2.99443377,0.29411745,,10.85,1.003887,
2018-08-26,30.139999,5.25742506,10.75,6.45,2.91712764,3.59,30.44136137,15.30820697,9.3900005,,28.9800146,4.39070679,4.45,14.1,,6.1,3.09999383,9.77777032,7.18780732,9.896,13.05,0.26763575,147.63,6.35,6.83999239,3.01419901,0.29411745,,11.1,0.995233,
2018-08-27,29.950001,5.25742506,11.4,6.21,3.00047415,3.65,30.45586453,15.60851365,9.3900005,,28.66668045,4.28191052,4.46,14.1,,6.18,3.13888264,10.00554793,7.09111036,9.896,13.05,0.27151453,147.63,6.27,6.77999246,3.01419901,0.28764687,,11.5,1.021196,
2018-08-28,30.879999,5.28764015,11.5,6.1,2.96023791,3.65,31.07223212,15.58026698,9.3900005,,30.00001442,4.57721469,4.52,14.14,,6.14,3.14999373,10.19443667,7.09111036,9.896,13.275001,0.27539331,147.50999,6.31,6.83999239,3.19208617,0.29441157,,11.66,1.021196,
2018-08-29,33.110001,5.28764015,11.63,6.3,3.04645843,3.56,31.38041864,15.61000031,9.3900005,,29.65334759,4.64715516,4.52,14.0,,6.1,3.19443809,10.27776994,7.02664572,9.688,13.162499,0.27151453,147.5,6.34,6.89999232,3.23161665,0.29411745,,11.56,1.021196,
2018-08-30,35.0,5.28764015,11.68,6.31,3.16141912,3.55,32.0874287,15.61000031,9.3900005,,29.52668153,4.60829934,4.5,14.0,,6.09,3.295549,10.18888112,6.98796694,9.8,13.2,0.27151453,150.5,6.47,6.77399246,3.24149927,0.2914704,,11.72,1.038504,
2018-09-02,33.259998,5.25440325,11.68,6.18,3.10681279,3.51,31.90614379,15.46133364,9.3900005,,29.33334744,4.60829934,4.63,13.91,,6.03,3.37999328,10.07221399,7.03953865,9.68,13.3275,0.26763575,147.50999,6.36,6.95999226,3.19208617,0.28764687,,11.71,1.02985,
2018-09-03,33.5,5.28764015,11.46,6.08,3.0751986,3.46,31.54357397,15.46133364,9.25,,28.94001391,4.8025784,4.62,13.93,,6.01,3.47777075,10.16665836,6.97507401,9.68,13.275001,0.26763575,148.5,6.22,6.86999236,3.12290783,0.28529393,,11.83,1.02985,
2018-09-04,33.490002,5.28764015,11.46,5.95,3.16141912,3.4,31.54357397,15.38551364,9.2250005,,28.66668045,4.93468817,4.6,14.2,,5.96,3.50110415,10.22221443,6.96218108,9.68,13.162499,0.27539331,146.5,6.31,6.79799244,3.17232093,0.29088216,,12.3,1.02985,
2018-09-05,33.5,5.13656472,11.55,5.91,3.13842698,3.46,31.43480194,15.16548697,9.2250005,,28.04668015,4.84143422,4.56,14.03,,5.85,3.46665988,10.11110396,6.96218108,9.68,13.14,0.27151453,147.0,6.24,6.7379925,3.16243831,0.28470569,,12.17,1.021196,
2018-09-06,33.439999,5.25742506,11.6,5.92,3.12118288,3.51,31.24989315,15.1640003,9.215,,28.00001346,4.75595143,4.43,13.89,,5.92,3.38888215,9.96665962,6.96218108,9.68,13.409999,0.27151453,144.59,6.18,6.71999252,3.11302521,0.27941158,,11.9,1.047158,
2018-09-09,33.349998,5.23929601,11.79,5.91,3.08094664,3.52,31.17737773,15.03020031,9.205,,28.3533463,4.84920538,4.4,13.77,,5.98,3.36665986,9.88888079,6.96218108,9.68,13.792499,0.27151453,146.87,6.11,6.35399293,3.10314259,0.27352923,,11.84,1.047158,
2018-09-10,33.25,4.98548929,11.73,5.86,3.01197022,3.45,31.25351703,14.99600696,9.205,,27.71334666,4.77926492,4.33,13.6,,6.0,3.32888215,9.79999197,6.83969827,9.68,13.575,0.26763575,145.0,6.06,6.22199308,3.05372949,0.27058806,,11.6,1.047158,
2018-09-13,33.939999,4.98548929,11.07,5.63,2.94586782,3.35,30.89094722,14.6198797,9.205,,26.52668009,4.57721469,4.25,13.03,,5.75,3.19999352,9.65554764,6.52382153,9.632,13.275001,0.26763575,144.74001,5.96,5.99399333,2.89560758,0.2747057,,11.48,1.064467,
2018-09-16,33.220001,4.93714515,11.09,5.48,2.89126149,3.31,30.67703248,14.2556468,9.205,,25.65334567,4.34407982,4.18,12.89,,5.57,3.11999379,9.47221444,6.33687408,9.384,13.11,0.26375697,140.14999,5.88,5.89799344,2.806664,0.27147041,,11.12,1.055812,
2018-09-17,31.959999,4.82837084,11.37,5.25,3.03208834,3.15,30.09329471,13.38446012,9.205,,26.0000125,4.17311424,4.05,12.58,,5.49,2.9455497,9.21665964,5.97587274,9.392,12.719999,0.24824185,140.14999,5.65,5.6579937,2.64854208,0.26147042,,10.77,1.047158,
2018-09-18,32.200001,4.79211273,11.39,5.31,2.93724577,3.26,30.09692113,13.38000027,9.205,,26.18667859,4.49173191,4.1,12.5,,5.45,2.9222163,9.08332641,5.93074685,9.0,12.7425,0.24824185,139.0,5.62,5.96399336,2.66830732,0.26382336,,10.84,1.047158,
2018-09-19,31.690001,5.12145748,11.21,5.06,2.82803311,3.15,29.9120098,13.30417997,9.205,,25.59334497,4.04100448,3.87,11.91,,5.8,2.78332768,8.94443762,5.80181757,9.0,12.157499,0.2404843,137.53999,5.49,6.05999326,2.54971589,0.24058808,,10.74,1.038504,
2018-09-20,32.009998,4.75887614,11.26,5.0,2.66708813,2.95,29.73072489,13.2224139,9.205,,24.64667918,3.82341193,3.67,11.36,,5.72,2.60999481,9.6666593,5.78892464,8.744,11.3475,0.2210904,130.5,5.08,5.99999332,2.43112445,0.23529396,,11.2,1.012541,
2018-09-23,32.209999,4.72866105,11.18,4.84,2.58374163,2.81,29.89388022,13.0083336,9.205,,23.33334455,3.73015798,3.65,11.17,,5.79,2.57443932,9.99999238,5.99521149,8.392,11.2575,0.22341767,140.0,4.92,5.9339934,2.37182873,0.2173528,,11.0,0.986579,
2018-09-24,31.700001,4.54434902,11.17,4.87,2.55500145,2.91,29.54218968,12.93251329,9.205,,22.96001037,3.74570031,3.61,11.25,,5.68,2.55555047,9.88888079,5.89851453,8.4,11.2425,0.24436308,134.99001,5.0,5.88599345,2.42124183,0.21470574,,11.15,0.994368,
2018-09-25,31.65,4.53226299,11.17,4.93,2.61535582,3.04,29.78511109,13.22687374,9.205,,23.18001114,3.92443705,3.64,11.25,,5.65,2.55666158,9.73332591,5.87917514,8.4,11.2575,0.24785398,129.0,4.95,6.14399316,2.45088969,0.21029398,,11.13,0.977925,
2018-09-26,32.299999,4.65010182,11.14,5.11,2.66996215,3.14,30.09329471,13.82600027,9.205,,23.7800101,4.06431797,3.72,11.85,,5.69,2.6211059,9.84999249,6.06612259,8.384,11.7375,0.24319944,130.00999,5.16,5.99999332,2.51018541,0.21176457,,11.21,0.990906,
2018-09-27,32.349998,4.74981161,11.18,5.13,2.58661565,3.09,30.45949095,14.69570013,9.205,,23.73334341,3.96329286,3.66,11.74,,5.53,2.58777274,9.80554808,6.09835491,8.184,11.445,0.24087217,129.96001,5.1,5.83199351,2.46077231,0.20852927,,11.14,1.005618,
2018-09-30,32.5,4.63499428,11.21,5.13,2.6124818,3.3,30.45586453,14.7328668,8.365,,23.86667747,4.017691,3.66,11.9,,5.7,2.57777276,9.80554808,6.18215894,8.672,11.2425,0.24009642,128.0,5.17,5.81999352,2.47065493,0.21647045,,11.43,1.011676,
2018-10-01,32.0,4.52621997,11.11,5.01,2.64409599,3.18,30.45586453,13.6550342,8.365,,23.47334395,3.9555217,3.54,11.91,,5.57,2.47666185,9.62777044,6.07256905,8.152,11.0775,0.23233886,137.88,4.95,5.7539936,2.38171135,0.21088221,,11.39,1.012541,
2018-10-02,32.0,4.46881131,10.6,5.07,2.55500145,3.32,30.15493085,13.42459938,8.365,,23.24667718,3.94775053,3.68,11.8,,5.31,2.41888408,9.43888169,6.07256905,7.84,11.4375,0.22768433,127.1,4.95,5.71199424,2.48053755,0.2105881,,11.29,1.00908,
2018-10-03,31.969999,4.38118755,10.8,5.1,2.55787547,3.43,29.9120098,13.0306342,8.49,,23.51334464,4.00991983,3.63,11.68,,5.4,2.41666186,9.49999276,6.04033673,8.0,11.4225,0.23272674,127.06,4.97,5.75999359,2.52006803,0.21558809,,11.25,1.003887,
2018-10-04,31.690001,4.26032721,10.79,5.01,2.49464709,3.36,29.73072489,12.66640085,7.61,,23.33334455,3.90889472,3.5,11.48,,5.27,2.36666185,9.33888121,5.82115696,7.6,11.325,0.22884796,124.12,4.85,5.60399377,2.48053755,0.21176457,,10.94,1.000426,
2018-10-08,31.85,4.10018725,10.72,4.83,2.47452897,3.27,29.53493683,12.61436604,7.61,,23.13334512,3.88558123,3.41,11.21,,5.15,2.35555098,9.11110416,5.73735293,7.832,10.9725,0.22690857,120.0,4.63,5.33399407,2.39159397,0.20970574,,10.63,0.994368,
2018-10-09,31.0,3.77084281,10.5,4.77,2.32220605,3.21,29.27751262,12.19066678,7.375,,23.00001106,3.73015798,3.21,11.08,,4.93,2.38221759,8.77221553,5.47304791,7.2,10.6875,0.21643587,113.01,4.36,5.15999426,2.24335468,0.19999987,,10.5,0.977925,
2018-10-10,31.65,3.74667074,10.25,4.7,2.16700911,3.19,29.45879753,12.27243344,6.91,,23.73334341,3.75347147,3.27,10.88,,4.87,2.36666185,8.6388823,5.34411863,7.2,10.5,0.21372072,113.5,4.29,5.15399427,2.22358944,0.20470575,,10.5,0.96927,
2018-10-11,31.110001,3.66811151,9.95,4.61,2.12389885,3.15,29.30651893,11.87846677,6.91,,24.78667858,3.73792915,3.29,10.75,,4.9,2.32888414,8.71666002,5.67288829,6.984,10.4925,0.21178133,112.01,4.09,5.15399427,2.06546752,0.19117634,,10.5,0.976194,
2018-10-14,31.25,4.00652048,10.01,4.7,2.04055234,3.16,29.54943999,11.67033343,6.91,,25.53334494,3.86226775,3.45,10.88,,5.0,2.42666184,8.66666006,5.85338928,7.0,10.125,0.21333284,109.11,4.23,5.21999419,2.13464586,0.19970575,,10.58,0.977925,
2018-10-15,30.99,3.97328389,9.86,4.83,2.06354448,3.15,29.73072489,11.56626676,6.5,,26.12001256,3.7690138,3.4,10.75,,4.96,2.42110641,8.48332687,5.93074685,6.8,10.4175,0.21915101,111.5,4.5,5.60399377,2.13,0.19147046,,10.38,0.977925,
2018-10-16,31.0,3.85242354,9.92,4.9,2.10378073,3.2,30.09329471,11.89333344,6.5,,25.66667901,3.80786961,3.38,10.85,,5.2,2.43888415,8.66666006,6.27240944,7.48,10.5825,0.22186616,115.0,4.7,5.81999352,2.19,0.20852927,,10.38,0.985713,
2018-10-17,31.370001,4.07903669,9.85,5.07,2.14689099,3.28,30.22019342,11.96766678,7.0,,25.66667901,3.97106402,3.34,10.87,,5.06,2.40332844,8.70554892,6.59473264,7.288,10.8,0.22613281,113.01,4.75,5.9279934,2.18,0.21029398,,10.45,0.994368,
2018-10-18,31.0,3.93098276,10.17,5.16,2.1325209,3.29,30.08966829,11.83386677,7.0,,25.02667937,3.90889472,3.29,11.2,,4.92,2.38888414,8.58332679,6.47224982,7.608,10.635,0.22380555,113.0,4.68,5.81399353,2.16,0.20647045,,10.4,0.990906,
2018-10-21,30.879999,3.88263863,9.91,5.33,2.08653662,3.22,29.72709847,12.3319001,7.0,,25.65334567,3.86226775,3.14,10.87,,4.91,2.32999525,8.28888257,6.44646396,8.16,10.9125,0.21837526,114.0,4.46,5.69999366,2.12,0.20264693,,10.18,0.987444,
2018-10-22,30.6,3.86148806,9.7,5.35,2.0836626,3.34,30.0860444,12.32446677,7.0,,25.55334695,3.9555217,3.19,10.97,,4.99,2.33332869,8.33332698,6.44646396,8.08,10.7625,0.21837526,113.91,4.81,5.69999366,2.16,0.20529398,,10.22,0.982252,
2018-10-23,30.48,3.77990733,8.79,5.25,2.05779645,3.35,30.20206674,12.28730086,7.0,,25.48001292,3.96329286,3.16,11.05,,5.11,2.29999554,8.3999936,6.4400175,8.16,10.7925,0.21876313,113.87,5.15,5.75999359,2.24,0.19823516,,10.3,0.977925,
2018-10-24,28.379999,3.74667074,7.95,5.1,2.04055234,3.31,29.99902583,12.10890085,6.915,,24.86001262,3.86226775,3.1,10.94,,5.3,2.21444004,8.32777143,6.42067811,8.736,10.215,0.21488436,112.31,4.9,5.59799377,2.28,0.19235281,,10.18,0.977925,
2018-10-25,26.91,3.73760621,7.45,5.0,1.98019798,3.3,29.3500255,11.87103344,6.915,,23.93334617,3.74570031,3.05,10.84,,5.24,2.10221804,8.05554941,6.31753468,8.112,9.7725,0.21139345,112.0,4.67,5.51999386,2.25,0.19411752,,9.57,0.96927,
2018-10-28,26.48,3.85242354,7.22,5.04,2.00893815,3.44,29.00558526,11.8190001,7.0,,23.85334413,3.77678496,3.12,10.8,,5.14,2.07777376,8.05554941,6.3691064,7.832,9.7425,0.21139345,111.05,4.61,5.51999386,2.33,0.19117634,,9.67,0.960616,
2018-10-29,26.58,3.80710091,7.04,5.24,1.95433182,3.49,28.82430035,11.7967001,6.915,,23.54667799,3.84672542,3.17,10.83,,5.35,2.06332923,7.9999939,6.31753468,7.832,9.975,0.21333284,115.0,4.91,5.5739938,2.44,0.20970574,,9.7,0.960616,
2018-10-30,26.74,3.8040794,7.02,5.2,2.02618226,3.65,29.00195884,12.12376603,7.0,,24.26667967,3.99437751,3.17,10.8,,5.38,2.0611069,7.96666059,6.37555286,7.8,10.125,0.21721162,115.0,5.15,5.63999372,2.44,0.22823514,,9.57,0.96754,
2018-10-31,27.5,3.77688582,7.09,5.35,2.11240278,3.8,29.54218968,12.24269936,6.915,,24.42001241,4.04877565,3.22,10.85,,5.33,2.05555147,8.05554941,6.42712457,7.944,10.1925,0.2245813,117.7,5.37,5.63999372,2.41,0.20970574,,9.7,0.968405,
2018-11-01,27.959999,3.84335901,7.05,5.43,2.0836626,3.85,29.18687017,11.96023344,7.15,,24.53334446,4.00214867,3.31,10.78,,5.3,1.99332948,7.91666063,6.4400175,8.384,10.3275,0.21604799,117.0,5.45,5.57999379,2.37,0.20970574,,9.39,0.976194,
2018-11-04,27.700001,3.86148806,7.01,5.59,2.06067046,3.89,29.18687017,12.04200085,7.25,,24.66667853,3.93997937,3.35,10.8,,5.35,1.99999602,8.04443831,6.42712457,7.688,10.2,0.20635104,116.34,5.5,5.75999359,2.37,0.20970574,,9.36,0.968405,
2018-11-05,28.5,3.88868164,7.09,5.55,1.983072,3.94,29.33189882,12.01226678,7.3,,24.44001175,4.02546216,3.3,10.8,,5.57,2.02221831,7.92221618,6.31753468,7.76,10.065,0.20867831,117.0,5.6,5.87999346,2.5,0.23058808,,9.35,0.952827,
2018-11-06,28.99,3.91587522,7.49,5.65,2.03767833,3.92,29.36815508,12.15350011,6.9,,23.9800122,4.25082587,3.36,10.81,,5.68,2.13666242,7.9999939,6.38199932,7.848,10.755,0.21449648,119.5,5.55,6.13199318,2.57,0.24499984,,9.65,0.966674,
2018-11-07,28.9,4.09414423,7.5,5.7,2.08653662,4.03,29.54943999,12.56233344,6.9,,22.66667756,4.27413936,3.45,11.05,,5.56,2.16110692,8.24443816,6.38199932,8.184,10.86,0.21527223,119.98,5.49,6.1139932,2.56,0.23823514,,10.3,0.96754,
2018-11-08,28.469999,4.23615514,7.38,5.59,2.11240278,3.98,29.89388022,12.61436604,6.9,,23.66667804,4.24305471,3.42,11.1,,5.67,2.15555127,8.16666044,6.25951651,8.36,10.7775,0.22496918,117.3,5.7,6.11999319,2.51,0.23558808,,10.48,0.960616,
2018-11-11,28.059999,4.14550988,7.21,5.52,2.25610365,3.95,29.71622174,12.63666678,6.92,,23.66667804,4.25859703,3.36,11.0,,5.59,2.16666236,8.07221607,6.31108822,8.104,10.65,0.22729645,117.0,5.53,6.08399323,2.51,0.23823514,,10.3,0.968405,
2018-11-12,28.200001,4.07903669,7.18,5.64,2.2158674,3.88,29.45879753,13.00833346,6.9,,23.57334533,4.42956261,3.3,11.0,,5.62,2.16555125,7.9888828,6.23373065,8.56,10.5225,0.23272674,116.25,5.9,6.41999286,2.53,0.23617632,,10.09,0.96927,
2018-11-13,27.950001,4.03371406,7.16,5.6,2.16700911,3.95,29.37540539,12.82250012,7.0,,23.40000992,4.49173191,3.3,11.04,,5.59,2.16666236,7.93888284,6.60762556,8.256,10.5,0.2280722,115.54,6.2,6.49799277,2.54,0.23529396,,10.0,0.96927,
2018-11-14,27.469999,4.00349897,6.98,5.8,2.0836626,4.07,29.25938305,12.78533419,7.25,,23.33334455,4.38293563,3.25,11.0,,5.5,2.11666234,7.76110519,6.68498313,8.216,10.32,0.22186616,112.91,6.12,6.41999286,2.45,0.23499985,,9.7,0.95802,
2018-11-15,27.6,4.01558501,7.03,5.78,2.09803269,4.13,29.58569624,13.56583346,7.46,,23.32667921,4.43733377,3.29,11.66,,5.4,2.08888462,7.82777181,6.57539324,8.2,10.3875,0.22884796,112.0,6.0,6.55199271,2.58,0.23529396,,9.9,0.966674,
2018-11-18,28.450001,3.94609031,7.09,6.0,2.12677286,4.1,30.27457962,14.01183346,7.395,,23.42001193,4.44510493,3.38,11.83,,5.55,2.14444007,7.91666063,6.96218108,8.088,10.635,0.23427825,115.0,6.45,6.71399253,2.68,0.23676455,,10.16,0.961482,
2018-11-19,27.84,4.07903669,7.18,6.0,2.09228466,4.14,30.12955097,14.12333346,7.59,,23.90001016,4.56167237,3.38,11.73,,5.5,2.13777352,7.98332725,6.82035887,8.24,10.5,0.23195098,114.95,6.54,6.77399246,2.66,0.23529396,,10.1,0.961482,
2018-11-22,27.690001,4.07903669,7.09,5.94,2.12102483,4.08,29.32464561,13.50636679,7.0,,24.47334443,4.97354398,3.32,11.75,,5.35,2.03777372,8.05554941,7.09111036,9.048,10.4175,0.23311462,113.5,6.41,6.73199251,2.66,0.23529396,,10.01,0.951962,
2018-11-25,27.41,3.94004729,6.95,5.76,2.08078859,3.95,28.81342362,13.38000012,7.0,,24.10001292,4.85697654,3.22,11.51,,5.3,2.00777378,7.96110504,6.96218108,8.8,10.3875,0.22923584,110.78,6.18,6.53999272,2.6,0.23470573,,9.98,0.944173,
2018-11-26,27.0,3.61976737,6.7,5.55,2.03480431,3.81,26.94618871,13.13470011,7.015,,23.63334536,4.81812073,3.15,11.37,,5.22,1.98332939,7.74999409,6.89126998,8.8,10.305,0.22419343,110.53,6.06,6.53399273,2.51,0.22852926,,10.0,0.941577,
2018-11-27,26.49,3.5230791,6.66,5.66,2.04055234,3.94,26.9389384,13.26106678,7.005,,23.60001268,5.14450955,3.2,11.93,,5.18,1.99444059,7.84999401,6.73655484,8.8,10.875,0.22496918,112.0,6.25,6.35999292,2.55,0.23235279,,10.17,0.942442,
2018-11-28,27.75,3.51703608,6.73,5.68,2.06929252,3.98,27.04770753,13.38000012,7.0,,23.7866781,5.20667885,3.22,12.57,,5.3,1.98888493,7.9999939,6.67853667,8.8,11.16,0.22613281,116.0,6.25,6.26999302,2.58,0.22852926,,10.26,0.943308,
2018-11-29,27.290001,3.48077797,6.67,5.59,2.02330824,3.92,27.19273618,14.08616753,7.005,,23.3600119,5.12896723,3.17,12.56,,5.18,1.93221827,8.09999382,6.70432252,9.04,11.55,0.22419343,114.0,6.2,6.293993,2.58,0.23117632,,10.03,0.943308,
2018-12-02,27.0,3.44451987,6.56,5.53,2.03480431,3.95,27.19273618,13.82600012,7.0,,23.35334389,5.32324629,3.13,12.3,,5.14,1.93110716,8.07777162,6.69787606,8.792,11.3625,0.22380555,113.99,6.32,6.18599312,2.53,0.23323514,,9.69,0.938981,
2018-12-03,26.719999,3.47473496,6.65,5.56,1.99456806,3.91,26.92805913,13.7516668,7.1,,23.07334509,5.26884815,3.1,12.49,,5.06,1.9233294,8.13332713,6.57539324,8.8,11.4525,0.2210904,113.05,6.28,6.14999316,2.48,0.22941161,,9.61,0.949366,
2018-12-04,26.07,3.35387461,6.51,5.49,1.93996173,3.77,26.28268522,13.55840013,7.0,,22.66667756,5.09788258,3.05,12.39,,4.98,1.87777404,7.96666059,6.49803568,8.816,11.0025,0.21682374,112.12,6.05,6.15599315,2.37,0.22352926,,9.35,0.944173,
2018-12-05,25.49,3.23301426,6.18,5.45,1.83649711,3.68,26.08689716,13.29823271,7.0,,22.44001079,4.93468817,3.11,12.17,,4.97,1.83666312,7.92221618,6.4400175,9.04,10.605,0.21139345,111.8,6.0,6.41999286,2.31,0.22058809,,9.5,0.935519,
2018-12-06,25.49,3.31157349,6.14,5.4,1.83937113,3.7,25.92374183,13.00833346,7.0,,23.33334455,4.93468817,3.1,11.99,,5.0,1.8111074,7.91110508,6.5109286,8.88,10.14,0.21178133,111.03,6.05,6.4739928,2.29,0.22323515,,9.5,0.934654,
2018-12-09,25.5,3.23301426,5.99,5.33,1.8020089,3.54,25.27111507,12.94886679,7.0,,22.58001019,4.75595143,3.05,11.8,,4.86,1.7355521,7.76666074,6.38199932,8.808,10.0425,0.20557529,110.33,5.9,6.23999306,2.23,0.22882338,,9.13,0.942442,
2018-12-10,25.74,3.3840897,6.24,5.45,1.82500104,3.59,25.90561225,13.04549937,6.99,,22.86667699,4.96577282,3.08,12.05,,4.86,1.77777424,7.87777177,6.38199932,8.8,10.41,0.2071268,110.0,5.96,6.29999299,2.26,0.23823514,,9.270001,0.934654,
2018-12-11,26.110001,3.47473496,6.26,5.57,1.82500104,3.68,26.26818207,12.71100012,7.0,,23.00001106,5.22999234,3.11,12.1,,4.82,1.81666305,7.93888284,6.40778518,8.8,10.5,0.20906619,110.0,6.1,6.17999312,2.3,0.23823514,,9.35,0.934654,
2018-12-12,25.99,3.50192853,6.31,5.62,1.86236326,3.83,26.83379279,12.43596677,7.0,,23.00001106,5.43981373,3.19,12.04,,4.79,1.84332967,8.35554918,6.74944777,8.8,11.325,0.2141086,114.0,6.71,6.29999299,2.34,0.25735277,,9.47,0.934654,
2018-12-13,26.0,3.71645565,6.39,5.61,1.89397746,3.81,26.7866569,12.26500012,6.995,,23.20001049,5.51752535,3.35,12.05,,5.0,1.99666258,8.45554911,6.67853667,8.8,11.16,0.21643587,121.0,7.14,6.40199288,2.37,0.25323513,,9.93,0.934654,
2018-12-16,25.709999,3.66509,6.39,5.62,1.87960737,3.75,26.57274216,12.74816678,6.995,,22.86667699,5.3621021,3.46,12.55,,5.1,2.06555145,8.38888249,6.5109286,8.8,10.905,0.22341767,119.99,6.88,6.3779929,2.34,0.25735277,,10.1,0.933788,
2018-12-17,25.85,3.5955953,6.46,5.55,1.90547353,3.72,27.19273618,12.63666678,7.0,,23.23334317,5.38541559,3.42,12.96,,5.17,2.07555143,8.61110455,6.50448214,8.824,10.7775,0.23117523,119.0,6.98,6.35999292,2.4,0.26352924,,10.21,0.93725,
2018-12-18,25.450001,3.50495004,6.56,5.12,1.96295387,3.67,27.07308742,12.49543271,7.0,,22.99334572,5.32324629,3.34,13.15,,5.01,2.04555149,8.53332683,6.63985788,8.92,10.9125,0.22884796,117.75,6.89,6.29999299,2.36,0.26176453,,10.15,0.933788,
2018-12-19,24.85,3.49588552,6.54,5.1,2.05492243,3.62,27.21086576,12.41366753,7.0,,23.53334398,5.35433094,3.34,13.1,,5.09,2.05555147,8.38888249,6.76878716,8.896,10.6275,0.22652069,115.85,6.79,6.29999299,2.32,0.25588218,,10.15,0.930327,
2018-12-20,24.700001,3.42941233,6.4,5.03,2.14114295,3.57,27.82723336,12.1832327,7.0,,23.34000989,5.25330583,3.33,12.93,,5.22,2.08332919,8.33332698,6.86548412,8.872,10.635,0.22341767,116.0,6.64,6.23999306,2.28,0.26441159,,10.09,0.951097,
2018-12-23,24.790001,3.3840897,6.38,5.08,2.20724535,3.56,27.61331862,12.08660011,7.0,,23.33334455,5.1134249,3.26,12.8,,5.23,2.07666265,9.12221527,6.75589423,8.88,10.5075,0.22225404,115.56,6.61,6.14399316,2.23,0.26176453,,10.09,0.943308,
2018-12-24,24.09,3.32365952,6.26,4.98,2.13826893,3.51,27.04045759,11.89333344,7.0,,22.879999,4.97354398,3.21,12.5,,5.13,2.01777376,8.37777139,6.63985788,8.912,10.3425,0.21915101,115.98,6.5,6.22199308,2.2,0.25911748,,9.96,0.932923,
2018-12-25,24.09,3.37804668,6.19,4.92,1.983072,3.47,26.5509887,11.73723344,7.0,,22.450001,5.00462863,3.32,12.49,,5.07,2.02777374,8.28332702,6.54316092,8.872,10.3125,0.21643587,113.49,6.65,6.13199318,2.17,0.2697057,,9.8,0.930327,
2018-12-26,24.6,3.36898215,6.25,4.95,1.9342137,3.54,26.47122297,11.95280011,7.0,,22.450001,5.07456909,3.37,12.63,,5.17,2.03888483,8.44443801,6.61407203,8.88,10.485,0.21837526,118.99,6.9,6.16799314,2.19,0.27058806,,9.9,0.934654,
2018-12-27,24.5,3.3508531,6.26,5.04,2.06929252,3.62,26.82653994,12.19066678,7.0,,22.73,5.10565374,3.35,12.89,,5.18,2.04999603,8.57777124,6.57539324,9.0,10.365,0.22070252,117.5,7.06,6.32999296,2.21,0.26705865,,9.99,0.930327,
2018-12-30,24.32,3.46869194,6.23,5.04,2.06067046,3.6,26.83016637,12.19810012,7.0,,22.540001,5.08234025,3.3,12.8,,5.13,2.03444029,8.49443797,6.54316092,9.168,10.485,0.22496918,116.0,7.11,6.34799294,2.21,0.27205864,,9.95,0.929461,
2018-12-31,23.440001,3.4898425,6.28,5.04,2.01181217,3.58,27.18910976,12.26500012,7.0,,22.379999,5.27661932,3.3,12.8,,5.18,2.03332918,8.55554903,6.58828617,9.352,10.3425,0.22690857,118.0,7.15,6.32999296,2.21,0.26852923,,9.99,0.929461,
2019-01-02,23.49,3.53214362,6.45,5.1,2.01181217,3.67,27.80910378,12.26500012,7.01,,22.65,5.41650024,3.36,12.68,,5.35,2.0477737,8.52777128,6.65919727,9.016,10.425,0.22729645,118.0,7.43,6.62999262,2.2,0.26764688,,10.36,0.934654,
2019-01-03,23.450001,3.65602548,6.56,5.1,2.01181217,3.72,27.84536294,12.62923345,7.7,,23.08,5.3621021,3.32,12.77,,5.29,2.04332916,8.55554903,6.71721545,9.008,10.41,0.22652069,118.0,7.45,6.64199261,2.26,0.26911747,,10.4,0.939846,
2019-01-06,23.58,3.71645565,6.6,5.17,2.0003161,3.75,27.97226201,12.60693271,7.0,,24.42,5.32324629,3.34,12.73,,5.22,2.05555147,8.55554903,6.70432252,8.992,10.8,0.22884796,120.01,7.45,6.76199248,2.3,0.26764688,,10.36,0.943308,
2019-01-08,24.280001,3.71645565,6.63,5.27,2.00893815,3.8,27.88161956,12.61436604,7.125,,26.0,5.56415233,3.35,13.2,,5.18,2.08221808,9.0444381,6.70432252,9.008,10.6875,0.23311462,119.53,7.55,6.74999249,2.29,0.26647041,,10.55,0.94677,
2019-01-09,24.5,3.61070285,6.66,5.2,2.05492243,3.8,27.73296448,12.49543271,7.0,,25.98,5.58746581,3.35,13.7,,5.25,2.10555148,9.04999366,6.66564374,8.896,10.6425,0.23078735,119.62,7.57,6.73199251,2.27,0.26558806,,11.0,0.944173,
2019-01-10,24.18,3.51703608,6.57,5.15,2.01468619,3.76,27.27975221,12.51030011,7.405,,25.67,5.61855046,3.27,14.05,,5.14,2.13888463,9.13332693,6.70432252,9.36,10.8225,0.2280722,119.55,7.5,6.70799254,2.23,0.26735277,,11.0,0.963213,
2019-01-13,24.02,3.49286401,6.58,5.16,2.00319012,3.82,27.73659091,12.56233344,7.0,,26.1,5.75066023,3.25,14.01,,5.18,2.15444005,9.27777126,6.69142959,9.184,10.8675,0.22846008,118.04,7.5,6.95999226,2.24,0.2661763,,11.0,0.994368,
2019-01-14,24.0,3.42941233,6.5,5.09,1.97444994,3.79,27.6096922,12.46570011,7.0,,26.49,5.69626209,3.18,13.92,,5.06,2.1333292,9.11110416,6.8332518,9.184,10.6275,0.22574494,118.04,7.38,6.94199228,2.22,0.26705865,,10.89,0.984848,
2019-01-15,23.799999,3.3508531,6.4,5.18,1.94570977,3.77,28.06290447,12.35420086,7.0,,26.110001,5.78174488,3.14,14.24,,5.15,2.13221809,8.99999369,6.82680534,9.384,10.725,0.22496918,117.6,7.38,6.83999239,2.22,0.26558806,,10.84,0.996098,
2019-01-16,23.5,3.3508531,6.4,5.2,1.95433182,3.9,28.81705005,12.27986677,7.0,,25.9,5.78174488,3.16,14.1,,5.03,2.11110691,8.94443762,6.76878716,9.2,10.95,0.22574494,117.6,7.38,6.7379925,2.28,0.2661763,,10.85,1.003887,
2019-01-17,23.0,3.26322935,6.37,5.2,1.97444994,3.92,29.00558526,12.26500012,7.0,,26.059999,5.66517744,3.21,13.81,,5.05,2.08332919,8.87221546,6.76878716,9.2,11.25,0.22380555,117.51,7.4,6.59999266,2.25,0.26764688,,10.8,0.985713,
2019-01-20,22.9,3.23301426,6.31,5.2,1.99456806,3.9,29.04184152,12.00483344,7.0,,26.940001,5.57192349,3.19,13.75,,5.1,2.04555149,8.69443782,6.78168009,9.2,11.25,0.22496918,117.28,7.33,6.59999266,2.23,0.2661763,,10.7,0.993502,
2019-01-21,23.35,3.41430478,6.22,5.18,2.03193029,3.88,30.09329471,11.90820011,7.035,,26.32,5.64963511,3.18,13.85,,5.01,2.02999596,8.86665991,6.76878716,9.2,11.325,0.22264191,117.28,7.34,6.47999279,2.21,0.2661763,,10.72,1.088698,
2019-01-22,23.389999,3.50495004,6.22,5.15,2.00319012,3.83,29.54943999,12.04200085,7.075,,25.299999,5.6729486,3.15,13.85,,5.0,2.0211072,8.96665927,6.7623407,9.2,10.815,0.2210904,116.95,7.45,6.49199278,2.2,0.26529397,,10.7,1.099083,
2019-01-23,22.92,3.43847685,6.13,5.1,1.95433182,3.73,30.45586453,11.69263343,7.075,,24.299999,5.58746581,3.11,13.85,,4.94,1.96555176,8.89443766,6.82680534,9.208,10.7625,0.22341767,116.49,7.38,6.41999286,2.17,0.2661763,,10.65,1.084371,
2019-01-27,23.299999,3.4566059,5.77,5.14,2.10952876,3.75,30.7785513,12.11633269,7.005,,25.280001,5.78174488,3.21,14.0,,4.94,1.98332939,9.06110365,7.18780732,9.208,10.725,0.2280722,116.5,7.71,6.59999266,2.2,0.26499983,,11.14,1.055812,
2019-01-28,23.379999,3.4203478,5.71,5.09,2.35669426,3.7,30.89094722,12.17579936,7.005,,25.5,5.75066023,3.35,14.0,,4.82,1.96555176,9.08332641,7.69063151,9.36,10.8525,0.22652069,116.49,7.73,6.68399256,2.25,0.26470571,,11.11,1.039369,
2019-01-29,23.799999,3.52005759,5.7,5.07,2.27047373,3.67,30.81843434,12.27243344,7.28,,25.440001,5.70403325,3.4,13.91,,4.92,2.03332918,9.44999279,7.54236284,9.208,10.7025,0.22690857,115.0,7.94,6.62999262,2.26,0.26352924,,11.2,1.084371,
2019-01-30,23.98,3.58653078,5.85,5.12,2.29633989,3.73,30.56463656,12.4731342,7.125,,25.35,5.89054115,3.48,14.0,,5.03,2.11110691,9.43888169,7.4778982,9.4,10.935,0.22690857,112.0,7.9,6.71399253,2.27,0.26323512,,11.4,1.090429,
2019-01-31,23.74,3.53214362,5.79,5.3,2.25322963,3.71,30.37972523,12.61436604,7.125,,25.0,5.7972872,3.54,14.27,,5.04,2.09332917,9.61110323,7.4778982,9.2,10.9275,0.22846008,108.76,7.75,6.64199261,2.4,0.262941,,11.5,1.103411,
2019-02-03,23.549999,3.47473496,5.85,5.25,2.23023749,3.79,30.54650698,12.56233344,7.125,,24.35,5.72734674,3.52,15.2,,5.1,2.19444008,9.66110319,7.34252245,10.0,10.74,0.25483578,112.1,7.7,6.8279924,2.45,0.26470571,,11.37,1.105141,
2019-02-04,23.540001,3.52005759,5.9,5.21,2.20149732,3.82,31.54357397,12.48056753,6.835,,24.24,5.6729486,3.65,14.91,,5.17,2.26666216,9.52777051,7.28450428,9.76,10.725,0.24785398,111.67,7.65,6.83999239,2.42,0.26323512,,11.3,1.099083,
2019-02-05,23.4,3.56840173,6.09,5.3,2.27047373,3.86,32.52251139,12.48056753,6.5,,24.18,5.65740628,3.75,15.39,,5.58,2.37777305,9.6666593,7.51013052,9.968,10.86,0.25056912,114.5,7.62,6.74999249,2.55,0.26441159,,12.17,1.100814,
2019-02-06,24.200001,3.79501487,6.12,5.37,2.2819698,3.92,32.59502716,12.52516678,6.5,,23.969999,5.64963511,3.68,15.02,,5.75,2.35555098,9.63332599,7.42632649,10.016,10.83,0.25483578,114.69,7.57,6.69599255,2.56,0.26470571,,11.9,1.099083,
2019-02-07,26.290001,3.86753108,6.19,5.34,2.32795408,3.9,32.44999851,12.54746604,6.5,,24.4,5.78951604,3.7,14.9,,5.43,2.39443957,9.49443721,7.4778982,10.2,10.8825,0.25367215,107.73,7.58,6.65999259,2.59,0.26735277,,11.79,1.107738,
2019-02-10,27.02,3.78595035,6.22,5.3,2.29921391,3.86,32.39198589,12.48799937,7.0,,24.780001,5.7351179,3.64,14.93,,5.47,2.40666188,9.44443724,7.45855881,10.2,11.0925,0.250957,110.0,7.52,7.0139922,2.58,0.27647041,,11.7,1.116392,
2019-02-11,26.559999,3.82220845,6.18,5.28,2.29921391,3.88,32.81256833,12.33933344,6.93,,24.51,5.82837185,3.61,14.8,,5.42,2.44443958,9.44443724,7.41343356,10.16,10.98,0.24824185,113.0,7.34,7.18199201,2.55,0.27058806,,11.79,1.113796,
2019-02-12,26.940001,3.82220845,6.19,5.74,2.37106434,3.95,32.92134036,12.39136677,7.0,,24.6,5.75066023,3.62,14.99,,5.34,2.46332843,9.57221492,7.32318306,10.184,11.0775,0.25367215,118.0,7.38,7.193992,2.61,0.26911747,,11.69,1.116392,
2019-02-13,26.969999,3.92191824,6.36,5.96,2.40842657,3.98,33.04461265,12.51773344,7.62,,24.74,5.7351179,3.63,14.84,,5.37,2.43777304,9.53332606,7.12334268,10.008,11.385,0.26336909,118.5,7.46,7.08599212,2.65,0.27205864,,11.88,1.114661,
2019-02-14,26.73,3.85544505,6.44,5.85,2.39980452,3.91,33.71899379,12.46570011,7.7,,24.629999,5.71957558,3.62,14.81,,5.33,2.42221729,9.40554838,6.92994876,10.2,11.85,0.2614297,117.39,7.51,7.07999212,2.65,0.27500001,,11.6,1.109468,
2019-02-17,27.0,3.89774617,6.43,5.9,2.47165495,4.01,34.61635182,12.43596677,8.165,,25.25,5.77397371,3.75,14.8,,5.68,2.49110615,9.72777036,7.09111036,10.4,11.97,0.26802363,118.99,7.52,7.07999212,2.87,0.26950001,,11.79,1.12245,
2019-02-18,26.950001,3.88868164,6.42,5.85,2.42854469,3.94,34.44413251,12.11633269,8.1000005,,25.370001,5.72734674,3.71,15.13,,5.53,2.50666157,9.83332639,7.09111036,10.352,11.835,0.27422967,117.0,7.44,7.10999209,2.84,0.26750001,,11.9,1.125046,
2019-02-19,26.57,3.88263863,6.36,5.78,2.43716674,4.07,33.97732433,12.14606678,8.1000005,,25.35,5.65740628,3.66,15.84,,5.48,2.44999501,9.83332639,7.09111036,10.2,11.55,0.26996302,115.8,7.32,7.25999192,2.85,0.26750001,,11.77,1.125046,
2019-02-20,26.48,3.98234841,6.37,5.97,2.42854469,4.09,33.94559992,12.44340011,8.745,,25.67,5.69626209,3.65,15.6,,5.42,2.44332847,9.80554808,8.47710011,10.2,11.625,0.27927209,115.2,7.37,7.31999186,2.89,0.26850001,,11.76,1.125046,
2019-02-21,26.299999,3.97328389,6.41,5.94,2.38543443,4.03,33.82323034,12.76303345,8.1000005,,25.370001,5.63409279,3.63,15.29,,5.37,2.4088841,9.72221481,8.21924155,10.416,11.385,0.28198723,114.0,7.3,7.22999196,2.83,0.26600001,,11.65,1.118123,
2019-02-24,25.93,3.96421936,6.27,5.87,2.34232417,4.0,33.60115724,12.63666678,8.25,,24.950001,5.59523698,3.6,14.84,,5.34,2.37777305,9.62777044,8.04518703,10.232,11.25,0.28276299,114.45,7.09,7.25999192,2.83,0.26550001,,11.5,1.116392,
2019-02-25,25.969999,3.86753108,6.29,5.81,2.55500145,3.96,32.98478855,13.14956753,8.5,,24.790001,5.6107793,3.6,14.61,,5.24,2.40666188,9.72221481,8.44486779,10.4,11.085,0.301769,116.79,7.17,7.25999192,2.88,0.26700001,,11.52,1.111199,
2019-02-26,25.950001,3.92191824,6.34,5.8,2.54350539,4.0,32.85335654,13.08266678,8.5,,24.700001,5.61855046,3.64,14.85,,5.3,2.40666188,9.61665878,8.47065365,10.68,11.1675,0.32271441,116.3,7.21,7.24199194,2.91,0.26650001,,11.59,1.114661,
2019-02-27,25.57,4.12435932,6.25,5.87,2.45728486,3.92,32.09649295,12.71100012,8.5,,24.059999,5.54083884,3.6,14.93,,5.22,2.36555096,9.63888154,8.38040315,10.792,11.9775,0.3281447,114.53,7.17,7.193992,2.84,0.26600001,,11.43,1.116392,
2019-02-28,25.4,4.13644535,6.2,5.8,2.39980452,3.92,31.95146503,12.68126604,8.8,,23.5,5.58831868,3.54,15.07,,5.4,2.37777305,9.55554883,8.31593851,11.04,11.8875,0.3211629,114.5,7.21,7.33199184,2.82,0.26500001,,11.5,1.33967,
2019-03-03,25.360001,4.03371406,6.19,5.83,2.37106434,4.04,32.47266005,13.0975342,8.8,,23.18,5.69897845,3.67,14.89,,5.2,2.35443987,9.55554883,8.28370619,10.68,11.5425,0.29362357,113.25,7.26,7.49999166,2.83,0.26600001,,11.39,1.258321,
2019-03-04,25.85,4.13040234,6.04,5.7,2.34232417,4.1,32.63128343,13.23133271,8.875,,23.49,5.61993576,3.65,14.8,,5.05,2.3722175,9.6666593,8.70272635,11.0,11.43,0.2843145,112.9,7.2,7.34999182,2.78,0.26350001,,11.55,1.247936,
2019-03-05,26.5,4.22709061,6.0,5.62,2.32795408,4.18,32.05570521,13.23133271,8.8999995,,23.0,5.59622295,3.68,14.73,,5.09,2.34443978,9.63888154,8.48999304,11.024,11.1675,0.28702964,111.94,7.15,7.06799214,2.8,0.26600001,,11.46,1.237551,
2019-03-06,26.6,4.23011212,5.96,5.65,2.32795408,4.2,31.49825276,12.97859937,9.0,,22.83,5.54879733,3.75,14.75,,5.04,2.33888412,9.54443717,8.38040315,11.08,11.4,0.28741752,110.45,7.1,7.13399206,2.83,0.26300001,,11.6,1.229762,
2019-03-07,27.08,4.16363893,6.0,5.65,2.31933203,4.18,32.39108138,13.19416678,9.0,,23.0,5.51718025,3.67,14.94,,5.07,2.32110638,9.72221481,8.76719099,11.6,11.775,0.28625389,112.99,7.41,7.49999166,2.94,0.27150001,,11.7,1.213319,
2019-03-10,27.4,4.19083251,6.08,5.67,2.32220605,4.25,32.17807116,13.08266678,9.0,,23.200001,5.58041441,3.66,15.08,,5.1,2.32999525,9.7055476,8.38040315,11.208,11.8125,0.2878054,112.39,7.4,7.49999166,2.98,0.26900001,,11.6,1.209857,
2019-03-11,27.139999,4.21198307,6.12,5.65,2.35669426,4.28,32.3548235,13.60299937,9.8999995,,23.0,5.54089306,3.69,15.05,,5.08,2.45555067,9.91665911,8.59958293,11.36,11.5875,0.2878054,112.9,7.58,7.61999152,3.0,0.26850001,,11.66,1.228896,
2019-03-12,27.17,4.17874647,6.08,5.68,2.35382024,4.28,32.26871226,13.60299937,9.8999995,,22.9,5.62784003,3.75,14.85,,5.34,2.39888412,9.93888076,8.53511829,11.192,11.4975,0.2878054,112.4,7.57,7.76399136,2.95,0.27000001,,11.59,1.228896,
2019-03-13,28.639999,4.11529479,6.09,5.65,2.35669426,4.3,32.40014427,13.52866753,9.925,,22.940001,5.61993576,3.79,14.73,,5.37,2.63777253,9.8777708,8.47710011,11.2,11.43,0.28509026,111.0,7.55,7.70999142,2.93,0.26850001,,11.72,1.263513,
2019-03-14,29.25,3.97328389,6.31,5.6,2.31358399,4.18,32.08289704,13.78883271,9.91,,22.690001,5.54089306,3.73,14.64,,5.33,2.86221653,9.77221477,8.48354658,11.28,11.4,0.27965996,111.0,7.45,7.70399143,2.88,0.27000001,,11.59,1.289476,
2019-03-17,29.0,3.98839143,6.32,5.6,2.31645801,4.16,31.83816196,13.76653345,9.91,,23.0,5.60412722,3.66,14.65,,5.17,2.80777219,9.6666593,8.44486779,11.104,11.2125,0.27500543,109.95,7.47,7.61999152,2.86,0.27000001,,11.5,1.309381,
2019-03-18,28.75,3.96724087,6.36,5.56,2.29921391,4.19,31.72485889,13.66989938,9.91,,22.379999,5.57251014,3.68,14.59,,5.2,2.84443879,9.61110323,8.40618901,11.28,11.25,0.27112665,109.87,7.47,7.60799154,2.87,0.26900001,,11.45,1.306784,
2019-03-19,28.629999,3.93098276,6.26,5.4,2.25897766,4.12,31.47559079,13.43946679,9.91,,22.85,5.44604182,3.63,14.67,,5.15,2.76777227,9.61110323,8.30949205,11.2,11.085,0.26298121,109.0,7.52,7.58399156,2.82,0.26900001,,11.35,1.29813,
2019-03-20,27.9,3.89774617,6.21,5.37,2.26759972,4.14,31.24898465,13.44690012,9.8950005,,22.65,5.3749034,3.58,14.38,,5.07,2.74110566,9.47221444,8.37395669,11.192,10.905,0.2579388,108.0,7.47,7.30799187,2.75,0.26950001,,11.3,1.331881,
2019-03-21,27.59,3.88566013,6.17,5.46,2.28771784,4.21,31.27164662,13.48406604,9.8999995,,22.450001,5.39861621,3.6,14.64,,5.11,2.71666137,9.49443721,8.31593851,11.104,10.8075,0.2544479,109.48,7.43,7.24799194,2.81,0.27000001,,11.5,1.324093,
2019-03-24,27.5,3.92796126,6.22,5.5,2.25610365,4.22,31.27164662,13.67733346,9.8999995,,22.540001,5.3749034,3.64,14.62,,5.14,2.69777252,9.6499932,8.2643668,11.104,10.785,0.25987819,109.64,7.5,7.43399173,2.87,0.27000001,,11.51,1.315438,
2019-03-25,27.370001,3.87961712,6.1,5.51,2.22448946,4.22,31.15834356,13.58070013,9.8999995,,22.4,5.25633935,3.59,14.46,,5.1,2.65443905,9.56110327,8.38040315,10.984,10.62,0.25677517,108.1,7.45,7.19999199,2.85,0.26950001,,11.4,1.340536,
2019-03-26,26.84,3.71041263,6.0,5.51,2.18425321,4.12,30.8864171,13.43946679,9.74,,22.0,5.05082834,3.51,14.78,,5.0,2.58666163,9.49999276,8.33527791,10.984,10.575,0.2649206,107.9,7.71,7.25999192,2.77,0.26850001,,11.26,1.367364,
2019-03-27,26.9,3.70134811,6.03,5.46,2.24173356,4.1,30.82749724,13.45433346,9.75,,21.799999,5.05873261,3.55,14.65,,5.0,2.58888363,9.39443728,8.23858095,10.88,10.5,0.26530848,109.3,7.76,7.28999189,2.8,0.26900001,,11.3,1.371691,
2019-03-28,26.450001,3.74667074,6.02,5.49,2.17850518,4.06,31.15834356,13.67733346,10.0,,20.93,5.00340272,3.56,14.65,,5.0,2.75332797,9.43888169,8.25147387,10.832,10.485,0.25987819,110.0,7.68,7.13999206,2.77,0.27050001,,11.41,1.367364,
2019-03-31,27.1,3.81918694,6.12,5.38,2.15838706,4.04,31.27164662,13.67733346,10.0,,20.51,5.02711553,3.53,14.78,,4.96,2.78777223,9.54999327,8.25147387,10.784,10.4925,0.25832668,108.68,7.6,7.0979921,2.75,0.27100001,,11.53,1.375152,
2019-04-01,26.85,3.84335901,6.04,5.47,2.20724535,4.01,33.0844957,13.86316679,10.0,,20.18,5.00340272,3.51,15.3,,5.0,2.75666107,9.66110319,8.18700923,10.776,10.41,0.25599941,108.0,7.46,7.07999212,2.74,0.27100001,,11.6,1.369095,
2019-04-02,27.5,3.84638052,6.08,5.5,2.20149732,3.96,33.53770797,13.78140087,10.0,,19.969999,5.01921126,3.49,15.18,,5.03,2.75443908,9.61110323,8.18700923,10.728,10.29,0.26181758,108.0,7.43,7.13399206,2.74,0.27100001,,11.7,1.371691,
2019-04-03,27.0,3.837316,6.24,5.41,2.14689099,3.97,33.71446031,13.73680013,10.0,,20.1,4.97968991,3.5,15.07,,4.98,2.90332745,9.72221481,8.31593851,10.544,10.4175,0.26298121,107.5,7.34,7.39199178,2.72,0.27150001,,11.72,1.36996,
2019-04-04,27.0,3.82522996,6.27,5.46,2.12389885,3.99,33.87761718,13.49150012,10.0,,19.84,4.97178564,3.49,15.14,,4.85,3.12221601,9.74443757,8.38040315,10.568,10.185,0.26569636,108.0,7.55,7.31999186,2.71,0.27100001,,11.78,1.367364,
2019-04-07,26.950001,3.79199337,6.27,5.5,2.09228466,3.95,33.75978108,13.50636679,10.0,,19.52,4.97968991,3.57,15.03,,4.9,3.03666063,9.71665926,8.29659912,10.568,10.125,0.26298121,107.0,7.54,7.24799194,2.7,0.27100001,,11.74,1.362171,
2019-04-08,26.27,3.75271375,6.2,5.4,2.04055234,3.87,33.51051614,13.60299937,10.0,,19.059999,4.91645575,3.56,14.89,,4.74,3.06666057,9.60554879,8.24502741,10.568,9.825,0.25018124,105.49,7.5,7.19999199,2.69,0.27100001,,11.72,1.358709,
2019-04-09,26.57,3.67113302,6.19,5.32,1.99456806,3.92,33.53770797,13.57326679,10.05,,18.780001,4.83741306,3.53,14.79,,4.77,3.01110512,9.44443724,8.18700923,10.568,9.645,0.23195098,103.91,7.38,7.25999192,2.62,0.27100001,,11.68,1.356113,
2019-04-10,27.049999,3.68624056,6.24,5.3,1.95433182,3.93,33.53770797,13.59556753,10.2,,19.34,4.86112587,3.5,15.0,,4.68,2.95332746,9.43332614,8.30949205,10.56,9.5175,0.22962372,103.98,7.3,7.31999186,2.53,0.27250001,,11.8,1.341401,
2019-04-11,27.549999,3.68019755,6.21,5.47,1.9514578,3.92,33.78697608,13.75910012,10.005,,19.15,4.82160452,3.7,14.88,,4.65,2.9222163,9.43332614,8.09031227,10.56,9.7575,0.23078735,104.9,7.41,7.31999186,2.56,0.27250001,,11.9,1.305053,
2019-04-14,27.9,3.62581039,6.21,5.37,1.94858379,3.91,33.90027915,13.71450087,10.005,,18.799999,4.82950879,3.72,14.94,,4.59,3.11110492,9.33332566,8.21924155,10.56,9.54,0.22884796,103.0,7.3,7.24799194,2.58,0.27200001,,11.78,1.248801,
2019-04-15,27.469999,3.58048776,6.17,5.32,1.96870191,3.88,33.71899379,13.95980088,10.0,,18.66,4.79789171,3.66,14.73,,4.52,3.14332719,9.36110397,8.18056277,10.56,9.66,0.22690857,102.15,7.25,7.19999199,2.59,0.27100001,,11.86,1.242743,
2019-04-16,27.25,3.56538022,6.18,5.24,1.97444994,3.84,33.67367301,13.90033421,10.0,,18.49,4.75837036,3.65,14.6,,4.61,3.04443839,9.41666004,8.18700923,10.4,9.495,0.22768433,102.25,7.2,7.2779919,2.61,0.27100001,,11.86,1.221973,
2019-04-17,27.0,3.46567043,6.16,5.19,1.90259951,3.7,33.53770797,13.89290087,10.0,,18.049999,4.66351912,3.52,14.42,,4.64,2.98110518,9.33332566,8.18056277,10.384,9.3975,0.21992677,101.25,7.09,7.22999196,2.54,0.26850001,,11.8,1.220242,
2019-04-18,27.0,3.48077797,6.15,5.19,1.93996173,3.71,33.32469775,13.82600012,10.0,,17.84,4.67932766,3.53,14.51,,4.65,2.9833274,9.41666004,8.25147387,10.32,9.165,0.21992677,102.0,7.04,7.30799187,2.54,0.26850001,,11.89,1.249667,
2019-04-21,26.99,3.41430478,5.91,5.09,1.91122156,3.67,33.49692068,13.86316679,10.0,,17.549999,4.65561485,3.5,14.43,,4.61,2.99999403,9.29443736,8.1934557,10.96,9.2175,0.21876313,100.69,6.97,7.19999199,2.53,0.27050001,,11.79,1.270437,
2019-04-22,27.0,3.4535844,5.8,5.05,1.93133968,3.7,33.44706688,13.77396754,10.0,,17.540001,4.94016856,3.53,14.3,,4.52,3.02221632,9.35554842,8.25147387,10.344,9.3675,0.22225404,101.5,7.04,7.12199208,2.55,0.26850001,,11.74,1.257455,
2019-04-23,27.0,3.4203478,5.77,5.22,1.90834754,3.69,33.53317494,13.59556753,9.995,,17.700001,4.90064721,3.5,14.17,,4.52,2.98221629,9.03332645,8.21924155,10.92,9.2325,0.22147828,105.49,6.99,6.14999316,2.53,0.27000001,,11.51,1.242743,
2019-04-24,27.33,3.43243384,5.66,5.0,1.94570977,3.65,34.04077405,13.86316679,10.0,,17.450001,4.8769344,3.52,14.2,,4.57,2.90443855,9.01665979,8.25147387,10.344,9.075,0.22031465,106.38,6.71,5.89799344,2.51,0.26850001,,11.5,1.246205,
2019-04-30,27.120001,3.54725116,5.65,5.0,1.9514578,3.63,34.84749098,13.84829938,10.0,,17.549999,4.84531733,3.5,14.22,,4.62,2.89999423,8.88888211,8.34817083,10.336,9.0525,0.22186616,105.35,7.02,5.72999362,2.48,0.26850001,,11.45,1.270437,
2019-05-02,26.719999,3.59257379,5.62,5.08,1.92846566,3.62,34.85202446,13.7516668,10.0,,17.299999,4.82160452,3.48,14.25,,4.55,2.90554977,8.99999369,8.18700923,10.88,9.015,0.22225404,105.0,7.0,5.7479936,2.44,0.26850001,,11.57,1.264379,
2019-05-05,26.27,3.51703608,5.56,5.0,1.92846566,3.58,34.3625543,13.36513345,10.0,,17.0,4.7741789,3.46,14.24,,4.51,2.80888341,8.88888211,7.98716885,10.36,9.0,0.22186616,103.54,6.79,5.6639937,2.41,0.26850001,,11.5,1.263513,
2019-05-06,25.700001,3.61070285,5.34,4.94,1.83649711,3.48,33.48332114,12.56233344,10.0,,16.34,4.62399777,3.36,13.65,,4.42,2.69999452,8.87221546,7.94849007,10.336,8.91,0.21953889,102.76,6.55,5.60999376,2.38,0.26650001,,11.37,1.249667,
2019-05-07,25.889999,3.41430478,5.13,4.73,1.78189078,3.41,34.4531954,12.26500012,10.0,,16.08,4.45800811,3.24,13.4,,4.36,2.62999477,8.88888211,7.88402543,10.336,8.64,0.21915101,102.0,6.51,5.69999366,2.4,0.26650001,,11.15,1.246205,
2019-05-08,25.57,3.36293914,5.0,4.68,1.74452855,3.36,34.22205941,12.17579936,10.0,,15.95,4.31573126,3.19,13.07,,4.34,2.57332821,8.88888211,7.83245372,10.32,8.3775,0.21488436,101.37,6.46,5.66999369,2.36,0.26650001,,11.0,1.237551,
2019-05-09,25.5,3.32365952,4.7,4.5,1.66405607,3.33,33.91387506,12.63666678,10.0,,15.39,4.11022024,3.23,12.94,,4.31,2.53777273,8.8333266,7.73575676,10.0,7.8975,0.2071268,101.0,6.63,5.60999376,2.41,0.26650001,,11.1,1.233224,
2019-05-12,25.059999,3.32365952,4.7,4.47,1.75027659,3.43,33.48332114,12.13863345,10.0,,15.5,4.15764586,3.23,13.0,,4.3,2.58221708,8.73332667,7.74220322,10.36,8.5125,0.20635104,99.510002,6.68,5.66999369,2.43,0.26650001,,11.01,1.228896,
2019-05-13,25.5,3.38711121,4.6,4.44,1.71004034,3.44,33.26578152,12.19066678,10.0,,15.0,4.08650743,3.2,13.1,,4.3,2.55332825,8.88888211,7.92915068,9.976,8.4675,0.20557529,101.0,6.62,5.69999366,2.42,0.26650001,,11.0,1.228896,
2019-05-14,26.0,3.44149836,4.57,4.46,1.67555213,3.46,33.08902873,12.37650011,10.0,,14.99,4.0706989,3.14,13.25,,4.24,2.52777275,8.88888211,7.92915068,10.16,8.28,0.2071268,102.95,6.63,5.69999366,2.43,0.26650001,,11.01,1.207261,
2019-05-15,25.950001,3.44149836,4.54,4.42,1.63244187,3.41,33.07543282,12.25756678,10.5,,14.75,4.03117755,3.14,13.25,,4.24,2.58888363,8.8222155,7.92915068,9.976,8.1375,0.20479953,100.55,6.5,5.63399373,2.41,0.26650001,,10.94,1.202934,
2019-05-16,24.860001,3.56538022,4.35,4.25,1.58933161,3.4,32.86695245,12.13120011,10.25,,14.0,3.93632631,3.15,13.08,,4.09,2.51888388,8.8333266,7.8711325,9.976,7.6275,0.20169651,100.01,6.35,5.69999366,2.4,0.26650001,,10.75,1.208126,
2019-05-19,24.5,3.56538022,4.16,4.2,1.54334734,3.4,32.61768752,11.95280011,10.005,,13.15,3.89680496,3.16,12.99,,4.2,2.45555067,8.8333266,7.81311432,9.008,7.4925,0.20169651,98.769997,6.4,5.69999366,2.39,0.26650001,,10.6,1.209857,
2019-05-20,24.360001,3.52005759,4.0,4.12,1.54909537,3.35,31.81549999,11.89333344,10.005,,12.63,3.80195373,3.07,12.79,,3.96,2.33777324,8.72777112,7.61327394,9.2,7.4925,0.19975712,98.0,6.3,5.71199424,2.36,0.26650001,,10.5,1.208992,
2019-05-21,25.0,3.58048776,4.25,4.1,1.57496153,3.36,32.19620011,12.07916678,10.005,,13.51,3.9126135,3.15,12.94,,4.04,2.33332869,8.82777105,7.60682748,9.2,7.485,0.20324802,99.889999,6.15,5.69999366,2.42,0.26650001,,10.6,1.21505,
2019-05-22,24.549999,3.64091793,4.45,4.02,1.63244187,3.39,32.04663915,12.25756678,10.0,,14.34,3.95213485,3.18,13.2,,4.0,2.36666185,8.88888211,7.70352444,9.2,7.275,0.2036359,99.800003,6.25,5.66999369,2.44,0.24000001,,10.5,1.278225,
2019-05-23,24.5,3.62581039,4.69,4.1,1.63531589,3.41,31.72939192,12.63666678,10.0,,14.98,3.95213485,3.19,13.29,,4.02,2.38888414,9.11110416,7.92915068,9.2,7.5525,0.20324802,98.5,6.26,5.80199354,2.47,0.24000001,,10.64,1.280822,
2019-05-26,24.799999,3.74667074,4.8,4.0,1.69567026,3.5,32.17807116,12.80019936,10.0,,14.84,4.18135867,3.24,13.8,,4.1,2.44221736,9.09999251,7.89691836,9.2,7.83,0.2210904,98.5,6.45,5.9279934,2.54,0.24000001,,10.67,1.280822,
2019-05-27,24.5,3.70739112,4.74,4.01,1.71291436,3.52,32.61768752,12.64410011,10.0,,14.98,4.44219957,3.24,13.65,,4.29,2.44777302,9.08332641,8.21924155,9.2,7.65,0.2245813,98.489998,6.46,5.9279934,2.52,0.24000001,,10.62,1.280822,
2019-05-28,25.0,3.71645565,4.92,3.95,1.7531506,3.58,32.7445865,12.25756678,10.0,,14.9,4.63190204,3.34,13.97,,4.52,2.44443958,9.06110365,8.1032052,9.2,7.53,0.22884796,97.339996,6.76,5.92199341,2.67,0.23050001,,11.63,1.280822,
2019-05-29,24.83,3.66206849,5.0,4.03,1.75027659,3.6,32.67660375,12.00483344,10.0,,14.71,4.53705081,3.33,13.8,,4.56,2.44332847,9.0555481,7.92915068,8.912,7.5,0.23117523,97.980003,6.75,5.96399336,2.65,0.23250001,,11.15,1.280822,
2019-05-30,24.34,3.51703608,4.84,3.98,1.73303248,3.53,32.63128343,11.84130011,10.1000005,,14.24,4.41058249,3.22,13.53,,4.39,2.36666185,8.95554928,7.73575676,8.8,7.4175,0.22884796,96.080002,6.55,5.77799357,2.58,0.23400001,,10.84,1.259186,
2019-06-02,24.299999,3.47171345,4.63,3.83,1.66693008,3.4,32.60862146,12.01970011,10.0,,13.89,4.34734833,3.11,13.46,,4.2,2.27777325,8.99443814,7.73575676,8.8,7.3125,0.22264191,96.010002,6.47,5.71199424,2.49,0.22500001,,10.46,1.253994,
2019-06-03,24.059999,3.49286401,4.63,3.75,1.72153641,3.43,32.59049614,11.86360011,10.0,,13.6,4.41848676,3.15,13.69,,4.3,2.28666212,9.0555481,7.961383,8.8,7.575,0.22264191,97.0,6.42,5.75999359,2.45,0.22950001,,10.36,1.252263,
2019-06-09,23.84,3.52005759,4.75,3.85,1.69567026,3.53,32.67660375,11.96023344,10.0,,14.1,4.56866789,3.2,13.7,,4.36,2.36666185,9.16110413,7.7099709,8.8,7.575,0.22690857,96.449997,6.47,5.95199338,2.48,0.23950001,,10.56,1.264379,
2019-06-10,24.049999,3.56538022,4.85,3.88,1.7359065,3.73,33.08902873,12.39880011,10.0,,15.35,4.63190204,3.26,14.28,,4.5,2.42555073,9.41666004,7.89691836,8.8,7.5675,0.23001159,99.0,6.66,6.50999276,2.52,0.23050001,,11.0,1.263513,
2019-06-11,24.0,3.67113302,4.8,3.89,1.72441043,3.75,33.65101104,12.40623419,10.0,,16.08,4.65561485,3.29,14.25,,4.4,2.48666161,9.27777126,7.70352444,8.72,7.5075,0.22884796,98.989998,6.75,6.37199291,2.57,0.24500001,,10.93,1.260917,
2019-06-12,24.0,3.5955953,4.64,3.8,1.78189078,3.77,33.58302829,12.16836752,10.0,,15.86,4.55285935,3.2,14.08,,4.31,2.54777271,9.27777126,7.68418505,8.432,7.41,0.22884796,96.889999,6.59,6.32399296,2.53,0.23050001,,10.68,1.246205,
2019-06-13,24.17,3.55027267,4.63,3.84,1.78189078,3.76,33.58302829,11.89333344,10.0,,15.63,4.55285935,3.18,13.86,,4.31,2.57443932,9.27777126,7.68418505,8.4,7.425,0.22884796,95.449997,6.66,6.29999299,2.5,0.23050001,,10.7,1.241878,
2019-06-16,24.139999,3.56538022,4.68,3.79,1.79626087,3.73,33.80963443,11.89333344,10.0,,15.76,4.82160452,3.18,13.7,,4.22,2.61110592,9.2555485,7.8002214,8.776,7.425,0.22613281,94.93,6.56,6.41999286,2.5,0.22550001,,10.8,1.237551,
2019-06-17,24.17,3.55329418,4.66,3.87,1.77326873,3.74,34.08156134,11.88590011,10.0,,15.79,4.86903014,3.18,13.74,,4.2,2.61221703,9.27777126,7.74220322,8.72,7.35,0.22652069,94.029999,6.6,6.33599295,2.53,0.22550001,,10.9,1.233224,
2019-06-18,24.1,3.54120815,4.63,3.81,1.77039471,3.72,34.12688528,11.7967001,9.75,,15.55,4.84531733,3.16,13.63,,4.22,2.59221706,9.27777126,7.4778982,8.44,7.5675,0.22496918,94.0,6.52,6.29999299,2.5,0.22550001,,10.75,1.227166,
2019-06-19,23.719999,3.50797155,4.62,3.77,1.72728445,3.75,34.07249845,11.87846677,9.5,,15.45,4.8769344,3.13,13.6,,4.3,2.56666156,9.16110413,7.51657698,8.4,7.38,0.2245813,93.900002,6.47,6.29999299,2.49,0.22550001,,10.7,1.220242,
2019-06-20,23.950001,3.54120815,4.59,3.71,1.69279624,3.74,33.99545327,11.58856676,9.5,,15.1,4.82160452,3.12,13.58,,4.25,2.52666164,9.16665968,7.3876477,8.4,7.3275,0.22496918,95.0,6.44,6.45599282,2.43,0.24150001,,10.93,1.220242,
2019-06-23,25.0,3.5261006,4.61,3.58,1.72153641,3.72,33.98638721,11.74466677,10.0,,14.94,4.82160452,3.1,13.5,,4.18,2.49221726,9.16665968,7.4778982,8.4,7.125,0.22225404,93.0,6.38,6.36599292,2.41,0.24000001,,10.83,1.210723,
2019-06-24,25.0,3.51401457,4.6,3.47,1.69854427,3.69,33.800572,11.5291001,10.0,,14.59,4.78998744,3.06,13.55,,4.12,2.4466618,9.15554857,7.41343356,8.4,7.0575,0.2210904,92.57,6.3,6.31799297,2.39,0.24000001,,10.72,1.19428,
2019-06-25,24.219999,3.49890703,4.53,3.3,1.61807179,3.62,33.61928618,11.44733344,10.0,,14.33,4.66351912,3.1,13.64,,4.1,2.38888414,9.08332641,7.51657698,8.4,6.8175,0.22031465,92.400002,6.5,6.29999299,2.34,0.24000001,,10.53,1.191683,
2019-06-26,24.1,3.58955229,4.51,3.28,1.63531589,3.84,33.76431411,11.52166678,10.0,,15.0,4.6951362,3.16,13.85,,4.3,2.58666163,9.58332603,7.72286383,8.4,6.8175,0.23970854,92.099998,6.93,6.26999302,2.39,0.24000001,,10.85,1.183895,
2019-06-27,24.5,3.60768134,4.57,3.33,1.70716633,3.93,33.58756178,11.6183001,10.5,,15.2,4.78208317,3.25,14.0,,4.3,2.62777255,9.58332603,7.89691836,8.256,6.45,0.25018124,92.0,7.0,6.28199301,2.44,0.24000001,,11.08,1.172644,
2019-07-02,24.549999,3.5955953,4.58,3.25,1.72441043,3.93,33.58302829,11.52166678,10.045,,14.85,5.01921126,3.26,14.65,,4.25,2.63777253,9.99443682,7.76154261,8.256,6.3825,0.2649206,91.669998,7.0,6.26999302,2.43,0.24000001,,10.96,1.159663,
2019-07-03,24.200001,3.50192853,4.58,3.24,1.73878052,3.92,33.32016472,11.51423344,10.0,,14.49,5.09034969,3.26,14.9,,4.25,2.64999473,10.12221395,7.65839919,8.2,6.375,0.27539331,91.309998,6.98,6.26399303,2.49,0.24000001,,10.89,1.167452,
2019-07-04,24.01,3.56538022,4.56,3.16,1.72441043,3.96,33.49238765,11.48450011,10.0,,14.31,5.01921126,3.22,14.73,,4.22,2.5955505,9.92777076,7.8002214,8.152,6.315,0.27035089,90.989998,6.79,6.21599308,2.45,0.24000001,,10.8,1.147547,
2019-07-07,23.75,3.50797155,4.5,3.06,1.72441043,3.98,33.53770797,11.88590011,9.9049995,,13.75,4.91645575,3.21,14.78,,4.16,2.53110619,9.75554756,7.83245372,8.152,6.225,0.26104183,90.0,6.7,6.20999309,2.41,0.24000001,,10.71,1.138027,
2019-07-08,24.0,3.50495004,4.49,3.13,1.62956786,4.0,33.49238765,11.89333344,9.9049995,,13.68,4.94016856,3.37,14.7,,4.15,2.56332823,9.72221481,7.83245372,8.144,6.48,0.27267816,93.25,6.78,6.1979931,2.39,0.24000001,,10.79,1.168317,
2019-07-09,23.76,3.53516513,4.52,3.1,1.62669384,4.02,33.62834907,11.87103344,9.9049995,,14.1,4.96388137,3.35,14.63,,4.24,2.5611059,9.83332639,7.77443554,8.08,6.315,0.27772057,92.559998,6.9,6.16799314,2.43,0.24700001,,10.77,1.168317,
2019-07-10,24.4,3.4898425,4.45,3.02,1.59795367,3.92,33.82776337,11.73723344,9.9049995,,13.89,4.88483867,3.38,14.45,,4.21,2.54110617,9.76110367,7.67129212,8.392,6.2175,0.26918726,92.0,6.81,6.23399306,2.39,0.25050001,,10.85,1.159663,
2019-07-11,24.07,3.47473496,4.4,2.9,1.60657572,3.84,33.58756178,11.52166678,9.9049995,,13.47,4.75837036,3.28,14.37,,4.27,2.49555048,9.65554764,7.42632649,8.0,6.075,0.26375697,90.919998,6.64,6.19199311,2.36,0.26000001,,10.73,1.150143,
2019-07-14,23.25,3.4566059,4.22,2.85,1.58070956,3.86,33.53770797,11.44733344,9.715,,13.37,4.71094474,3.16,14.28,,4.26,2.44999501,9.52221441,7.22003964,7.92,5.9175,0.26453273,88.919998,6.55,6.14399316,2.33,0.25550001,,10.79,1.151009,
2019-07-15,22.65,3.37804668,4.17,2.87,1.59507965,3.89,32.85788957,11.48450011,9.715,,13.02,4.65561485,3.2,13.98,,4.2,2.44443958,9.23332685,7.32146639,7.896,5.94,0.25987819,87.0,6.65,6.1139932,2.31,0.26000001,,10.65,1.1337,
2019-07-16,22.549999,3.38106819,4.19,2.91,1.56633947,3.88,33.0844957,11.48450011,9.67,,13.36,4.64771058,3.19,14.09,,4.19,2.47443952,9.46110445,6.91146427,7.696,6.075,0.25987819,87.0,6.66,6.17999312,2.32,0.25450001,,10.66,1.128508,
2019-07-17,22.75,3.32365952,4.16,3.0,1.55196939,3.82,32.87148548,11.52166678,9.67,,13.01,4.66351912,3.16,14.26,,4.14,2.41888408,9.36110397,6.91878574,7.68,6.0225,0.26065395,86.25,6.65,6.14999316,2.26,0.25450001,,10.55,1.125046,
2019-07-18,22.52,3.32365952,4.15,2.98,1.56633947,3.85,32.96665961,11.46963344,9.75,,12.99,4.5923807,3.16,14.15,,4.0,2.41888408,9.37777007,6.84557108,7.76,6.0,0.26569636,88.0,6.64,6.14399316,2.21,0.25450001,,10.5,1.12245,
2019-07-21,23.0,3.33272405,4.09,3.05,1.5864576,3.81,32.69019967,11.43990011,9.505,,12.8,4.55285935,3.16,14.09,,3.85,2.35777298,9.23888129,6.95539307,7.8,6.075,0.26298121,88.900002,6.59,6.14399316,2.2,0.25450001,,10.44,1.110334,
2019-07-22,23.200001,3.33876707,4.08,3.2,1.58070956,3.8,33.03010887,11.44733344,9.505,,12.93,4.56076362,3.2,14.09,,3.88,2.38443959,9.24999295,7.00664334,7.688,6.3,0.26336909,85.470001,6.57,6.11999319,2.2,0.25450001,,10.5,1.103411,
2019-07-24,23.200001,3.32063802,4.12,3.26,1.55771742,3.79,33.0844957,11.52166678,9.49,,13.06,4.55285935,3.21,14.04,,3.9,2.35221754,9.27777126,7.35075226,7.96,6.345,0.26026607,90.199997,6.51,6.2039931,2.18,0.25450001,,10.34,1.099083,
2019-07-25,23.08,3.32365952,4.01,3.27,1.49448904,3.7,32.76724847,11.52166678,9.5,,12.84,4.4342953,3.23,14.07,,3.8,2.36666185,9.32221567,7.9071837,7.84,6.3,0.25406002,94.0,6.7,6.14999316,2.09,0.25450001,,10.25,1.085237,
2019-07-28,22.99,3.28740142,3.97,3.28,1.54909537,3.72,32.58596311,11.45476678,9.5,,12.47,4.3315398,3.23,14.01,,3.79,2.53332818,9.36666008,7.83396904,7.84,6.18,0.25406002,90.599998,6.7,6.12599318,2.08,0.25450001,,10.19,1.068794,
2019-07-29,22.799999,3.29344444,3.95,3.17,1.55196939,3.66,32.35935698,11.6629001,9.5,,12.46,4.30782699,3.15,14.01,,3.79,2.48777272,9.35554842,7.76075438,7.84,6.045,0.25134488,91.0,6.59,6.11999319,2.06,0.25450001,,10.1,1.064467,
2019-07-30,22.77,3.22999276,3.9,3.12,1.57783554,3.55,32.63128343,11.87103344,9.5,,12.4,4.37106114,3.18,14.2,,4.0,2.52777275,9.27777126,7.68753971,8.016,6.045,0.2474661,91.0,6.65,6.17399313,2.08,0.25450001,,10.04,1.081775,
2019-07-31,21.690001,3.23301426,3.75,3.2,1.57496153,3.33,33.31110184,11.82643344,9.5,,11.84,4.22878429,3.15,14.06,,3.71,2.55888391,9.22221519,7.54843185,8.016,5.925,0.23815703,89.940002,6.46,6.18599312,2.04,0.25450001,,10.3,1.072255,
2019-08-01,21.5,3.49588552,3.81,3.21,1.60657572,3.01,33.53770797,11.8190001,9.5,,11.79,4.18926294,3.17,14.15,,3.8,2.57888365,9.31665956,7.57771772,8.0,5.7225,0.24281156,95.900002,6.48,6.23999306,2.14,0.25450001,,10.88,1.075717,
2019-08-04,21.23,3.67717604,3.78,3.24,1.60657572,2.75,33.75978108,11.74466677,9.5,,12.05,4.18926294,3.26,14.25,,3.68,2.58888363,9.44443724,7.56307478,7.84,5.835,0.25328427,95.0,6.95,6.53999272,2.14,0.25450001,,10.65,1.073121,
2019-08-05,21.0,3.60163832,3.72,3.25,1.52322921,2.53,33.76431411,11.7744001,9.5,,11.92,4.11812451,3.21,14.35,,3.79,2.61110592,9.63888154,7.54111038,7.84,5.67,0.25599941,95.0,6.9,6.56999269,2.09,0.25450001,,10.79,1.078313,
2019-08-06,20.950001,3.52005759,3.82,3.28,1.43988271,2.46,33.5648998,11.67033343,9.5,,11.79,4.15764586,3.19,14.38,,3.7,2.61110592,9.7055476,7.79736171,7.92,5.8425,0.25134488,94.0,6.84,6.5579927,2.06,0.23500001,,10.85,1.107738,
2019-08-07,20.98,3.47473496,3.86,3.32,1.48299297,2.49,33.65101104,12.39136677,9.5,,12.09,4.28411418,3.25,14.39,,3.71,2.65110595,9.72777036,7.74611144,7.84,5.955,0.2649206,97.980003,6.85,6.62999262,2.17,0.23500001,,11.05,1.168317,
2019-08-08,21.49,3.54725116,4.18,3.49,1.4714969,2.58,34.20846349,12.33933344,9.5,,12.75,4.40267822,3.35,14.79,2.11172955,4.0,2.73221679,10.11110396,7.68753971,7.84,6.0675,0.26802363,100.0,7.15,6.80999242,2.3,0.23500001,,11.31,1.189953,
2019-08-14,22.76,3.65602548,4.4,3.5,1.55196939,2.68,35.16927124,12.33933344,9.5,,13.68,4.67142339,3.45,14.67,2.04141418,3.97,2.86666085,10.61110302,7.68021825,7.84,6.3,0.27306604,101.0,7.33,7.04399216,2.38,0.22650001,,12.0,1.178702,
2019-08-15,22.200001,3.62278888,4.35,3.51,1.52322921,2.64,34.80217066,12.26500012,9.45,,13.5,4.75046609,3.42,14.55,2.03007299,3.87,2.83666113,10.51665865,7.58503918,8.008,6.255,0.26802363,100.33,7.26,6.89999232,2.34,0.22500001,,11.79,1.170913,
2019-08-18,21.790001,3.55329418,4.32,3.52,1.52322921,2.65,34.62541833,12.17579936,9.45,,13.9,4.78998744,3.4,14.42,2.01419532,3.9,2.92777195,10.61110302,7.54111038,8.0,6.2925,0.26724787,97.0,7.1,6.77999246,2.36,0.22300001,,11.67,1.176971,
2019-08-19,21.75,3.58048776,4.34,3.54,1.50023707,2.67,34.46679449,11.87846677,9.12,,14.0,4.7741789,3.41,14.1,2.01419532,4.02,2.95443857,10.53332475,7.38003812,8.048,6.495,0.27345392,96.959999,7.17,6.76199248,2.44,0.23100001,,11.45,1.167452,
2019-08-20,22.15,3.61976737,4.64,3.49,1.57208751,2.77,34.44413251,11.74466677,9.995,,14.25,4.86112587,3.4,13.59,2.0187318,4.32,2.9833274,10.46665869,7.65093238,8.024,6.375,0.27539331,97.0,7.3,6.77399246,2.48,0.22700001,,11.52,1.16399,
2019-08-21,22.799999,3.61372436,4.69,3.48,1.64968598,2.82,34.42147054,11.64803343,9.8450005,,14.1,4.86903014,3.34,13.66,2.05275537,4.5,3.01110512,10.42776983,7.61432505,8.024,6.375,0.28198723,97.0,7.3,6.83999239,2.48,0.22050001,,11.6,1.144951,
2019-08-22,22.57,3.75573526,4.64,3.43,1.65543401,2.82,34.24018835,11.52166678,9.25,,13.88,4.82950879,3.21,13.6,2.04141418,4.35,3.02554954,10.33332545,7.59236065,8.032,6.3,0.28392662,95.0,7.2,6.83999239,2.48,0.22050001,,11.3,1.142354,
2019-08-25,22.799999,3.7345847,4.66,3.38,1.64106393,2.87,34.67073865,11.52166678,9.2200005,,14.0,4.93226429,3.21,13.69,2.0187318,4.44,3.06110491,10.48888034,7.60700358,8.024,6.18,0.29090842,96.400002,7.27,6.86999236,2.54,0.22500001,,11.51,1.1337,
2019-08-26,22.5,3.86753108,4.48,3.32,1.66693008,2.79,34.53477361,11.41016677,9.25,,13.6,4.90064721,3.16,13.55,2.0187318,4.2,3.11110492,10.36665876,7.61432505,8.0,6.075,0.28315087,94.489998,7.0,7.01999219,2.42,0.22050001,,11.34,1.138027,
2019-08-27,22.200001,3.98839143,4.46,3.29,1.66118205,2.77,34.85202446,11.52166678,9.0299995,,13.55,4.82160452,3.17,13.64,2.12987546,4.2,3.10443838,10.41665872,7.54843185,8.0,5.97,0.28315087,95.0,7.13,6.9179923,2.4,0.22050001,,11.25,1.1337,
2019-08-28,22.309999,4.19083251,4.48,3.32,1.62956786,2.76,35.80376932,11.58856676,9.0,,13.7,4.7741789,3.2,13.58,2.20019084,4.15,3.22221581,10.94443666,7.52646745,8.08,6.0,0.28509026,95.010002,7.2,6.89999232,2.42,0.22050001,,11.51,1.185625,
2019-08-29,22.190001,4.42651018,4.51,3.31,1.62669384,2.72,36.71019386,11.67033343,8.9750005,,13.8,4.83741306,3.23,13.54,2.27050621,4.38,3.24332699,11.22221422,7.56307478,8.0,6.1125,0.28315087,94.25,7.3,6.89999232,2.42,0.22050001,,11.7,1.220242,
2019-09-01,22.75,4.35097247,4.5,3.33,1.59507965,2.7,36.92773711,11.48450011,9.0,,14.15,4.86112587,3.2,13.51,2.25236031,4.38,3.23554923,11.372213,7.54111038,8.0,6.285,0.28004784,95.0,7.26,7.01999219,2.39,0.23100001,,11.79,1.233224,
2019-09-02,23.15,4.20594005,4.56,3.52,1.59507965,2.72,37.66193872,11.96766678,8.8500005,,14.07,4.82950879,3.17,13.55,2.26823797,4.75,3.2444381,11.44443572,7.71682558,7.848,6.42,0.2808236,101.66,7.47,7.01999219,2.38,0.21750001,,11.68,1.271302,
2019-09-03,23.09,4.23011212,4.67,3.51,1.58070956,2.74,37.61208537,11.7075001,8.76,,14.07,4.83741306,3.15,13.41,2.2818474,4.85,3.21110472,11.19999146,7.68753971,7.584,6.66,0.27927209,104.9,7.37,7.01999219,2.36,0.21750001,,11.5,1.262648,
2019-09-04,22.98,4.16968195,4.65,3.68,1.56921349,2.73,36.95039591,11.5514001,8.76,,14.49,4.7741789,3.14,13.18,2.37484516,4.63,3.16666037,11.10554709,7.62164651,7.336,6.63,0.27694482,104.44,7.35,6.95999226,2.37,0.21750001,,11.4,1.254859,
2019-09-05,23.0,4.20594005,4.6,3.72,1.56346546,2.74,37.17246902,11.80413344,8.7,,14.95,4.73465755,3.12,13.08,2.33628511,4.5,3.12999377,11.08332544,8.16343503,7.12,6.9,0.27927209,103.99,7.67,6.88199234,2.39,0.22500001,,11.2,1.254859,
2019-09-08,23.559999,4.19989703,4.61,3.68,1.60944974,2.76,37.00478274,11.63316677,8.7,,15.28,4.78998744,3.16,12.98,2.3476263,4.42,3.10666037,11.08887988,8.04629157,7.0,7.0425,0.28159935,104.97,7.78,6.77999246,2.38,0.22500001,,11.1,1.254859,
2019-09-09,23.43,4.11227328,4.65,3.68,1.59220563,2.76,37.07729489,11.74466677,8.7,,14.95,4.83741306,3.14,12.9,2.3294804,4.3,3.12221601,11.00554661,7.92182664,7.2,6.795,0.28043572,107.95,7.75,6.80399243,2.36,0.22850001,,11.1,1.254859,
2019-09-10,23.4,4.31471436,4.67,3.62,1.5548434,2.73,36.87335073,11.7298001,8.5950005,,14.85,4.79789171,3.16,12.96,2.30906626,4.31,3.05554948,11.19443591,7.81932611,7.48,6.75,0.27888421,111.0,7.73,6.77999246,2.37,0.22050001,,11.36,1.272167,
2019-09-11,23.139999,4.44161773,4.63,3.6,1.57496153,2.71,37.16340613,12.11633269,8.495,,14.7,4.7741789,3.16,12.91,2.27050621,4.22,3.05666059,11.21110256,7.70950411,7.928,6.9375,0.27965996,109.84,7.73,6.71999252,2.4,0.22500001,,11.34,1.278225,
2019-09-12,23.049999,4.47183281,4.55,3.55,1.56059144,2.73,37.43533259,12.39880011,9.0,,14.7,4.86112587,3.18,13.3,2.2637015,4.2,3.06110491,11.10554709,7.61432505,7.84,7.065,0.27927209,107.22,7.84,6.71399253,2.43,0.23250001,,11.3,1.314573,
2019-09-15,22.790001,4.42046717,4.52,3.53,1.55196939,2.71,37.29937117,12.39136677,8.675,,14.69,4.92436002,3.17,12.95,2.21153203,4.15,3.03777173,11.01665827,7.54111038,7.84,6.9225,0.27927209,108.0,7.92,6.70799254,2.41,0.22150001,,11.15,1.29813,
2019-09-16,22.889999,4.18478949,4.58,3.5,1.61807179,2.72,37.25404723,12.85966603,8.675,,14.45,4.8532216,3.17,12.72,2.20699555,4.08,2.96777176,10.88888059,7.72414704,7.84,6.6,0.27500543,109.0,7.82,6.54599272,2.38,0.22500001,,10.99,1.28688,
2019-09-17,23.0,4.13644535,4.56,3.43,1.59507965,2.68,37.11355233,12.70356678,8.675,,14.0,4.75837036,3.15,12.95,2.19565436,4.07,2.94777202,10.88888059,7.68753971,7.88,6.555,0.27112665,107.81,7.68,6.41399286,2.34,0.21550001,,10.84,1.28861,
2019-09-18,22.5,3.99443445,4.35,3.33,1.51173314,2.51,37.09542339,13.23133271,8.5,,13.34,4.56076362,3.07,12.77,2.15482608,3.83,2.88888314,10.7666579,7.61432505,7.728,6.4875,0.25599941,107.0,7.65,6.29999299,2.2,0.21300001,,10.8,1.263513,
2019-09-19,22.23,3.95817634,4.33,3.3,1.50885913,2.52,36.92320408,13.15700087,8.38,,13.55,4.52124227,3.05,12.9,2.23194617,3.93,2.96332744,10.83332507,7.57771772,7.44,6.675,0.25367215,108.88,7.6,6.6539926,2.2,0.21300001,,11.15,1.280822,
2019-09-22,21.74,3.92191824,4.29,3.23,1.49448904,2.48,36.48358773,13.01576678,8.38,,13.4,4.48172092,3.02,12.77,2.20926379,3.86,2.92443863,10.74443625,7.48253865,7.256,6.5325,0.250957,106.6,7.51,6.26999302,2.18,0.21300001,,10.93,1.261782,
2019-09-23,20.379999,3.83127298,3.99,3.1,1.37090629,2.29,35.35055705,13.01576678,8.38,,12.26,4.0944117,2.93,12.23,2.09812013,3.64,2.73110568,10.41665872,7.32146639,6.8160008,5.9925,0.22846008,101.7,6.88,6.293993,2.02,0.20500001,,10.5,1.171779,
2019-09-24,19.870001,3.76177828,3.85,3.06,1.27893774,2.16,34.35349142,12.94143346,8.38,,11.9,3.85728361,2.9,11.73,2.06636479,3.52,2.64443907,10.14443671,7.32146639,6.8,5.625,0.21294497,100.0,6.55,6.04799327,1.89,0.20500001,,9.98,1.151009,
2019-09-25,19.870001,3.7678213,3.93,3.1,1.21283534,2.08,34.21752638,12.63666678,8.495,,11.42,3.84147507,2.92,11.66,2.05048713,3.54,2.63332821,10.27776994,7.24093026,6.8,5.94,0.2106177,102.0,6.46,6.287993,1.98,0.20500001,,10.19,1.170048,
2019-09-26,19.98,3.85544505,3.96,3.06,1.23582748,2.12,35.12395092,12.64410011,8.4750005,,11.6,3.86518788,3.0,11.89,2.07316951,3.6,2.66555025,10.63888078,7.29218053,7.2,6.0,0.21488436,102.0,6.53,6.50999276,2.06,0.21250001,,10.44,1.197741,
2019-09-29,21.5,3.95213332,4.23,3.27,1.29330782,2.4,36.25698159,12.94886679,8.4750005,,12.3,4.14183732,3.08,12.3,2.21833674,3.77,2.80888341,10.88888059,7.57771772,6.888,6.525,0.22768433,104.0,6.88,6.6539926,2.19,0.20750001,,10.75,1.241878,
2019-09-30,21.0,3.91889673,4.28,3.38,1.31342594,2.5,35.79470644,12.81506679,8.5,,12.36,4.22088002,3.06,12.02,2.15482608,3.74,2.82999426,10.86110227,7.38735959,7.16,6.63,0.22768433,106.75,6.81,6.41999286,2.17,0.22250001,,10.41,1.228896,
2019-10-01,21.0,4.03371406,4.31,3.6,1.33354407,2.57,36.28417342,12.64410011,8.495,,12.55,4.26040137,3.09,12.19,2.10946132,3.93,2.90554977,10.94443666,7.43128839,7.64,6.825,0.22768433,108.49,6.81,6.35999292,2.18,0.20750001,,10.6,1.243609,
2019-10-02,20.91,4.0488216,4.27,3.59,1.34791415,2.55,36.36122177,12.53260086,8.495,,12.34,4.20507148,3.1,11.99,2.12533898,3.86,2.97777174,10.86665783,7.39468106,7.2,6.645,0.22535706,107.36,6.8,6.25199304,2.15,0.21050001,,10.49,1.23582,
2019-10-03,21.49,3.94004729,4.26,3.76,1.37090629,2.54,36.25698159,12.33933344,7.8,,13.22,4.34734833,3.2,11.98,2.10946132,3.79,2.94443859,10.66665909,7.39468106,6.952,6.75,0.22419343,105.1,6.8,6.17399313,2.1,0.21950001,,10.34,1.234089,
2019-10-07,23.280001,3.9793269,4.4,3.78,1.34504014,2.57,36.46092575,12.41366753,7.8,,13.81,4.34734833,3.21,12.09,2.12760722,3.75,3.02777175,10.43888149,7.52646745,6.88,6.7125,0.23001159,103.99,6.85,6.23999306,2.13,0.22800001,,10.3,1.242743,
2019-10-08,23.690001,3.92796126,4.37,3.65,1.35078817,2.53,36.48358773,12.41366753,7.8,,13.23,4.39477395,3.22,11.92,2.10265683,3.51,3.05554948,10.38332597,7.40200252,6.8,6.45,0.23815703,103.5,6.78,6.3779929,2.11,0.20750001,,10.2,1.238416,
2019-10-09,23.040001,3.81616544,4.31,3.45,1.31342594,2.48,36.18446582,12.21296678,7.85,,12.68,4.29992272,3.16,11.81,2.09131541,3.55,3.02221632,10.17221391,7.43128839,6.84,6.405,0.23272674,103.59,6.62,6.27599302,2.06,0.22450001,,9.98,1.234954,
2019-10-10,23.1,3.84638052,4.37,3.58,1.28755979,2.49,36.27964357,12.15350011,8.0,,12.59,4.30782699,3.13,11.85,2.06182832,3.56,3.07777177,10.26665884,7.39468106,6.824,6.495,0.23466613,103.0,6.74,6.29999299,2.06,0.20750001,,10.13,1.220242,
2019-10-13,22.76,3.78595035,4.32,3.55,1.28755979,2.44,36.25698159,12.11633269,7.855,,12.84,4.23668856,3.12,11.81,2.04141418,3.55,3.05554948,10.16110392,7.39468106,6.88,6.42,0.23039947,100.9,6.61,6.26999302,2.03,0.22700001,,10.0,1.220242,
2019-10-14,22.51,3.837316,4.38,3.6,1.27893774,2.47,36.03037546,12.19066678,7.855,,12.57,4.2524971,3.12,11.7,2.07543775,3.51,3.07666066,10.15554837,7.39468106,6.88,6.345,0.22962372,101.01,6.7,6.23999306,2.04,0.20750001,,9.95,1.220242,
2019-10-15,22.34,3.77084281,4.39,3.57,1.26456765,2.42,36.03037546,11.96023344,7.855,,12.17,4.13393305,3.03,11.47,2.03914594,3.45,3.00999401,10.13332561,7.39468106,6.72,6.225,0.22574494,100.71,6.47,6.23999306,2.02,0.20750001,,9.71,1.215915,
2019-10-16,22.42,3.79501487,4.5,3.56,1.28468577,2.48,36.1663405,11.89333344,7.98,,12.35,4.19716721,3.06,11.35,2.05956008,3.49,3.07666066,10.08332565,7.32146639,6.76,6.2925,0.23001159,102.7,6.82,6.22799307,2.08,0.20900001,,10.1,1.215915,
2019-10-17,22.5,3.84335901,4.49,3.6,1.27893774,2.51,36.04397137,11.8190001,8.0,,12.44,4.20507148,3.11,11.3,2.05956008,3.67,3.1211049,10.02221514,7.32146639,7.0,6.3,0.23389037,102.0,6.86,6.29999299,2.11,0.20900001,,10.18,1.209857,
2019-10-20,22.280001,3.837316,4.45,3.59,1.30192988,2.55,36.30230191,11.5737001,8.0,,12.37,4.1734544,3.05,11.3,2.03914594,3.67,3.09443829,9.99999238,7.18235853,6.52,6.3,0.23078735,101.5,6.9,6.23999306,2.1,0.22250001,,10.06,1.216781,
2019-10-21,22.370001,3.85544505,4.47,3.6,1.30192988,2.5,36.21166127,11.47706678,8.0,,12.29,4.15764586,3.05,11.22,2.03460946,3.6,3.08888263,9.99999238,7.28485906,6.648,6.2175,0.23156311,103.0,6.85,6.23399306,2.09,0.21750001,,10.04,1.212453,
2019-10-22,22.08,3.89774617,4.4,3.54,1.29330782,2.47,36.26151462,11.6183001,8.0,,12.53,4.14974159,3.05,11.23,2.04141418,3.6,3.09221607,9.99999238,7.29218053,6.72,6.18,0.23660552,102.05,6.89,6.17399313,2.08,0.23900001,,10.03,1.202068,
2019-10-23,21.309999,3.88263863,4.1,3.58,1.27031568,2.45,36.25698159,11.74466677,8.0,,12.39,4.11022024,3.01,11.11,2.04141418,3.53,3.04999404,9.99999238,7.32146639,6.68,6.0975,0.23582976,100.98,6.76,6.15599315,2.06,0.23200001,,9.97,1.19428,
2019-10-24,21.309999,3.89774617,4.08,3.55,1.32779603,2.48,36.24791871,12.01970011,8.0,,12.3,4.0944117,3.02,11.0,2.04141418,3.5,3.05110493,10.21665832,7.39468106,6.72,6.15,0.23970854,101.0,6.75,6.13799317,2.06,0.24450001,,9.99,1.185625,
2019-10-27,21.25,3.93098276,4.09,3.51,1.35078817,2.49,36.03490849,12.04200085,7.75,,12.44,4.11812451,3.02,11.07,2.03914594,3.51,3.05554948,10.24999274,7.39468106,6.704,6.18,0.24475095,101.0,6.81,6.11999319,2.12,0.24050001,,9.99,1.186491,
2019-10-28,21.780001,3.91889673,4.09,3.52,1.34504014,2.48,36.25698159,12.04200085,7.9,,12.4,4.22088002,3.03,11.2,2.03007299,3.55,3.07443833,10.22221443,7.38735959,6.872,6.2625,0.24436308,101.98,7.04,6.17999312,2.13,0.24600001,,10.1,1.19428,
2019-10-29,21.700001,3.91587522,4.32,3.55,1.37952834,2.57,36.92773711,11.96766678,7.76,,12.45,4.37106114,3.05,11.25,2.00285413,3.66,3.10443838,10.36110321,7.24825173,6.728,6.255,0.24475095,106.0,7.1,6.20999309,2.14,0.23200001,,10.12,1.208126,
2019-10-30,21.950001,3.92796126,4.44,3.65,1.46862288,2.62,36.71472689,12.04200085,7.75,,13.62,4.39477395,3.1,11.4,2.00739061,3.72,3.08888263,10.38888152,7.2116444,6.72,6.1575,0.24358732,107.0,7.15,6.25799304,2.14,0.24500001,,10.12,1.192549,
2019-10-31,22.99,3.91285371,4.63,3.72,1.47724494,2.6,36.81443404,12.03456751,7.75,,13.8,4.4342953,3.09,11.72,1.99604942,3.77,3.03888284,10.66665909,7.19700146,7.0,6.3,0.24552671,106.04,7.08,6.26399303,2.15,0.25400001,,10.0,1.207261,
2019-11-03,22.99,3.98839143,4.8,3.99,1.50023707,2.61,36.7963051,12.04200085,7.75,,13.7,4.73465755,3.1,11.71,2.00058589,3.7,3.05554948,10.84999228,7.17503706,6.808,6.4875,0.24824185,105.5,7.12,6.38999289,2.15,0.24750001,,10.07,1.202068,
2019-11-04,22.83,4.02162802,4.72,3.95,1.47437092,2.58,37.34469195,12.04200085,7.75,,14.2,4.82160452,3.04,11.64,1.95975761,3.78,3.02110521,10.88888059,7.39468106,6.8,6.4125,0.24552671,109.8,7.11,6.50999276,2.13,0.24750001,,10.06,1.19428,
2019-11-05,23.6,4.07903669,4.7,4.0,1.44275673,2.56,38.52304294,11.96766678,7.75,,13.94,4.71884901,3.03,11.5,2.00739061,3.84,2.9944386,10.78332511,7.50450305,6.88,6.36,0.24319944,108.0,7.1,6.55199271,2.11,0.24750001,,9.91,1.228896,
2019-11-06,24.299999,4.02464953,4.88,4.05,1.41114254,2.51,38.22392103,11.83386677,7.65,,14.35,4.73465755,3.0,11.41,2.00965885,3.79,3.0344383,10.7499918,7.38003812,6.824,6.3375,0.2404843,108.0,7.03,6.40199288,2.09,0.24750001,,9.79,1.228896,
2019-11-07,24.4,4.16968195,4.98,4.0,1.41114254,2.5,38.29643681,11.7521001,7.75,,14.45,4.70304047,2.98,11.74,1.99831766,3.7,3.00554946,10.69999184,7.17503706,6.952,6.2475,0.23970854,107.98,7.0,6.50399276,2.09,0.24750001,,9.6,1.253994,
2019-11-11,24.120001,4.16666044,4.89,4.0,1.41976459,2.53,38.29643681,11.99739936,7.75,,14.29,4.60818924,2.96,11.69,1.98697647,3.76,3.0322163,10.69443629,7.27753759,6.928,6.225,0.24009642,105.6,7.03,6.65999259,2.09,0.25350001,,9.6,1.254859,
2019-11-12,23.76,4.12133781,4.68,4.0,1.39389843,2.54,38.02451035,11.89333344,7.59,,13.98,4.53705081,3.01,11.63,1.97336704,3.74,2.95554968,10.68888074,7.1457512,7.08,6.15,0.24203581,104.1,6.99,6.55199271,2.17,0.25350001,,9.56,1.252263,
2019-11-13,23.459999,4.10623027,4.64,4.07,1.41689057,2.55,37.82962862,11.36556677,7.59,,13.38,4.49752946,2.95,11.48,1.97336704,3.85,2.94999402,10.56665861,7.1018224,7.28,6.1125,0.2404843,104.0,7.1,6.50999276,2.16,0.25750001,,9.520001,1.24707,
2019-11-14,23.389999,4.05184311,4.52,4.06,1.38240236,2.54,37.61208537,11.52166678,7.75,,13.33,4.42639103,2.93,11.45,2.00058589,3.97,2.93888315,10.49999199,7.20432293,7.296,6.105,0.24164793,106.0,7.07,6.4739928,2.16,0.26400001,,9.54,1.246205,
2019-11-17,23.26,4.09414423,4.37,3.99,1.35653621,2.55,37.79790422,11.45476678,7.78,,13.3,4.41848676,2.94,11.28,1.98924493,3.97,2.97554975,10.49999199,7.17503706,7.36,6.0375,0.2404843,105.0,7.0,6.53999272,2.16,0.27250001,,9.5,1.249667,
2019-11-18,23.0,4.1183163,4.23,3.99,1.33354407,2.5,37.64834326,11.2392001,7.76,,13.08,4.31573126,2.93,11.01,1.98243999,3.89,2.9455497,10.38888152,7.13842973,7.28,6.0,0.23776915,103.16,6.94,6.46199281,2.12,0.27250001,,9.35,1.246205,
2019-11-19,22.549999,4.07601518,4.22,4.06,1.30767791,2.45,37.39001227,11.1723001,7.79,,12.8,4.30782699,2.9,10.99,1.97336704,3.76,2.9333275,10.21665832,7.13842973,7.2,5.9175,0.23078735,103.99,6.83,6.4679928,2.09,0.27150001,,9.2,1.241878,
2019-11-20,22.309999,4.04277858,4.24,4.02,1.322048,2.46,37.1588731,11.24663344,7.785,,12.74,4.45800811,2.9,10.66,1.97336704,3.79,2.89110536,10.06665955,7.17503706,7.2,5.9175,0.23039947,105.0,6.78,6.46199281,2.07,0.27000001,,9.2,1.238416,
2019-11-21,22.5,4.00349897,4.27,4.0,1.31342594,2.43,36.77817661,11.46963344,7.785,,12.77,4.37106114,2.86,10.66,1.95068466,3.7,2.84221657,10.20554833,7.1677156,7.112,5.88,0.22884796,105.0,6.77,6.40799287,2.08,0.27000001,,9.33,1.237551,
2019-11-24,21.75,3.95817634,4.3,4.0,1.33641808,2.41,35.9986506,11.43990011,7.785,,12.53,4.34734833,2.81,10.61,1.95748937,3.65,2.81110541,10.12777006,7.1018224,7.2,5.7375,0.22652069,103.89,6.61,6.3779929,2.07,0.26300001,,9.3,1.228896,
2019-11-25,21.75,3.92796126,4.26,3.98,1.34216612,2.41,35.76751143,11.43990011,7.5,,12.33,4.34734833,2.82,10.57,1.93253898,3.73,2.82221661,10.06665955,7.1018224,7.136,5.97,0.22613281,103.59,6.64,6.35999292,2.07,0.26700001,,9.28,1.225435,
2019-11-26,21.9,3.89472466,4.2,3.99,1.31917398,2.39,35.57263016,11.35813344,7.5,,12.2,4.28411418,2.83,10.46,1.92800228,3.7,2.77999447,10.01665958,7.02860774,7.088,5.7,0.22535706,103.0,6.6,6.34799294,2.05,0.25200001,,9.03,1.210723,
2019-11-27,21.799999,3.84335901,4.0,3.98,1.26169363,2.37,35.35055705,11.22433344,7.245,,12.3,4.30782699,2.82,10.44,1.91666109,3.71,2.71443904,9.8777708,7.1677156,6.92,5.6625,0.22613281,103.0,6.6,6.29999299,2.03,0.25700001,0.09534713,8.99,1.18476,
2019-11-28,22.09,3.837316,3.95,4.0,1.16110302,2.34,35.95785968,11.33583344,7.5,,12.4,4.38686968,2.97,10.55,1.93253898,3.7,2.71666137,9.83332639,7.17503706,6.8,5.8125,0.22613281,102.94,6.75,6.24599305,2.04,0.25200001,0.09534713,8.96,1.176971,
2019-12-01,22.0,3.82825147,3.95,3.95,1.09500062,2.32,35.91707239,11.22433344,7.47,,13.38,4.46591238,2.92,10.5,1.92573404,3.67,2.76110562,9.98888127,7.02128627,6.8,5.775,0.22496918,101.34,6.78,6.23399306,2.02,0.25200001,0.09534713,8.9,1.176971,
2019-12-02,21.91,3.75271375,3.88,3.98,1.04901635,2.2,35.95785968,11.15743343,7.75,,13.51,4.3552526,2.87,10.4,1.88944223,3.64,2.7333279,9.88332635,6.96271454,6.8,5.6325,0.2210904,99.989998,6.5,6.34799294,1.95,0.25200001,0.09534713,8.76,1.176106,
2019-12-03,21.700001,3.74364923,3.8,3.99,0.98578796,2.25,35.62701699,10.91213343,7.74,,13.18,4.22088002,2.77,10.3,1.9053199,3.75,2.7333279,9.44443724,6.86753548,6.776,5.6025,0.21837526,99.5,6.3,6.17999312,1.96,0.25200001,0.09534713,8.5,1.176971,
2019-12-04,21.99,3.77386431,3.88,4.18,0.98003993,2.27,35.62248351,11.06823343,7.485,,14.17,4.37106114,2.77,10.52,1.91439285,3.9,2.73777222,9.63888154,7.06521507,6.8,5.7525,0.22302979,99.989998,6.37,6.25799304,1.97,0.25200001,0.09534713,8.63,1.185625,
2019-12-05,21.99,3.77688582,3.97,4.2,1.00015805,2.28,35.69046626,11.11283343,7.435,,13.95,4.41848676,2.75,10.6,2.03914594,3.83,2.73221679,9.59443713,6.88217841,6.8,5.7,0.22341767,102.0,6.4,6.29999299,1.97,0.25200001,0.09534713,8.68,1.185625,
2019-12-08,21.639999,3.6983266,3.87,4.12,0.95704779,2.21,35.56356727,11.22433344,7.425,,13.87,4.33944407,2.73,10.53,1.93253898,3.75,2.67888367,9.43888169,6.81628521,6.8,5.6175,0.22147828,100.54,6.5,6.29999299,1.94,0.24000001,0.09534713,8.51,1.18476,
2019-12-09,21.51,3.6983266,3.8,4.08,0.89094539,2.19,35.34602402,11.1500001,7.0,,13.43,4.30782699,2.71,10.44,1.93253898,3.74,2.71110572,9.31665956,6.88217841,6.8,5.595,0.22070252,100.54,6.39,6.23999306,1.929,0.24000001,1.77727051,8.49,1.176971,
2019-12-10,21.700001,3.68926207,3.77,4.12,0.90531548,2.24,35.4185398,11.1500001,6.955,,13.74,4.30782699,2.73,10.44,1.91666109,3.74,2.65777249,9.15554857,6.82360668,6.8,5.625,0.21915101,100.0,6.36,6.27599302,1.924,0.25300001,1.77727051,8.35,1.174375,
2019-12-11,21.5,3.70739112,3.88,4.11,0.91968556,2.23,35.47745604,11.14256677,6.95,,13.6,4.32363553,2.71,10.45,1.89397871,3.79,2.6322171,9.02221534,6.80896374,6.8,5.61,0.22031465,99.919998,6.31,6.22799307,1.922,0.24900001,1.82303714,8.35,1.159663,
2019-12-12,21.450001,3.65602548,3.73,4.02,0.88519735,2.18,35.43666829,11.0831001,7.25,,13.3,4.16555013,2.7,10.47,1.86449162,3.83,2.6322171,9.10554806,6.74307055,6.8,5.49,0.21682374,99.800003,6.2,6.32999296,1.88,0.24900001,1.69336504,8.29,1.146682,
2019-12-15,21.889999,3.68624056,3.74,4.08,0.92830762,2.19,35.59982516,11.14256677,7.3,,13.15,4.18926294,2.72,10.4,1.90078342,3.85,2.59999483,9.22221519,6.70646322,6.472,5.4375,0.21527223,101.5,6.2,6.29999299,1.879,0.25000001,1.69717892,8.25,1.151009,
2019-12-16,20.799999,3.69530509,3.74,4.13,0.99052434,2.19,35.57716319,11.1500001,7.125,,13.39,4.22878429,2.7,10.4,1.88263752,3.85,2.64221708,9.14443692,7.31414493,6.48,5.55,0.21527223,100.96,6.49,6.30599298,1.885,0.24900001,1.69717892,8.23,1.159663,
2019-12-17,21.5,3.77084281,3.79,4.07,1.06074808,2.37,36.25244856,11.18716677,7.42,,13.3,4.2524971,2.76,10.65,1.9053199,3.93,2.72221681,9.49443721,7.2116444,6.72,5.5425,0.21915101,102.0,6.7,6.50399276,1.89,0.24900001,1.74294555,8.42,1.158797,
2019-12-18,21.440001,3.80710091,3.85,3.6,1.03487618,2.4,36.70566083,11.22433344,6.9,,13.95,4.30782699,2.81,10.75,1.89397871,3.84,2.75999451,9.6666593,7.10914387,6.584,5.61,0.22147828,102.0,6.51,6.59999266,1.92,0.25150001,1.70862058,8.54,1.151009,
2019-12-19,21.209999,3.79501487,3.82,3.63,0.94247652,2.36,37.16793916,11.15743343,7.375,,14.17,4.29201845,2.81,10.74,1.92573404,3.84,2.7333279,9.52777051,7.09450093,6.664,5.5725,0.22031465,103.5,6.41,6.54599272,1.9,0.24900001,1.70862058,8.49,1.144951,
2019-12-22,21.379999,3.7678213,3.83,3.58,0.94247652,2.34,37.41267424,11.14256677,6.925,,14.7,4.26830564,2.79,10.7,1.88490576,3.8,2.7444391,9.65554764,7.0139648,6.64,5.5275,0.21953889,102.0,6.51,6.41999286,1.88,0.25100001,1.68192338,8.35,1.125046,
2019-12-23,21.190001,3.81918694,3.8,3.55,0.90921264,2.33,37.68006767,11.55883343,7.0,,14.5,4.22878429,2.8,10.7,1.88263752,3.9,2.72443902,9.61110323,6.95539307,6.72,5.4975,0.21798738,103.0,6.5,6.41399286,1.87,0.24900001,1.6781095,8.3,1.1337,
2019-12-24,21.02,3.77688582,3.74,3.55,0.88334074,2.29,37.64834326,11.48450011,7.0,,14.22,4.1734544,2.78,10.57,1.87129633,3.79,2.69888363,9.62777044,6.66253442,6.68,5.5125,0.21643587,104.0,6.42,6.293993,1.856,0.24900001,1.6781095,8.22,1.125046,
2019-12-25,21.200001,3.75271375,3.76,3.57,0.87594877,2.29,37.4489285,11.44733344,7.375,,14.68,4.1734544,2.77,10.5,1.86222338,3.76,2.69110565,9.61110323,6.83824961,6.8,5.4375,0.21682374,102.13,6.4,6.23999306,1.837,0.25000001,1.6781095,8.25,1.120719,
2019-12-26,21.0,3.74667074,3.74,3.53,0.85377285,2.32,37.66193872,11.29123344,7.1,,14.84,4.20507148,2.77,10.46,1.88036928,3.79,2.69999452,9.61110323,6.86753548,6.92,5.4675,0.2175995,101.43,6.69,6.26999302,1.835,0.24900001,1.71624835,8.270001,1.116392,
2019-12-29,20.75,3.71645565,3.76,3.5,0.84638088,2.45,37.59395643,11.1500001,7.375,,14.96,4.27620991,2.85,10.3,1.839541,3.78,2.71110572,9.54999327,6.83824961,7.04,5.655,0.21604799,103.0,6.8,6.26999302,1.834,0.24900001,1.73531778,8.270001,1.125046,
2019-12-30,20.889999,3.68926207,3.71,3.45,0.85007686,2.46,37.63928038,11.44733344,7.34,,14.75,4.3315398,2.9,10.21,1.78510329,3.73,2.67777245,9.49443721,7.02860774,7.2,5.55,0.21488436,103.0,6.84,6.29999299,1.81,0.24900001,1.74675943,8.270001,1.158797,
2019-12-31,22.0,3.77386431,3.73,3.44,0.84268489,2.47,37.84775757,11.89333344,7.5,,14.69,4.3315398,3.0,10.23,1.81459038,3.79,2.69777252,9.72221481,7.32146639,7.048,5.925,0.21643587,100.4,7.1,6.40799287,1.789,0.24900001,1.77345663,8.26,1.19428,
2020-01-02,21.200001,3.77386431,3.7,3.36,0.83529292,2.5,37.77524179,11.58113343,7.61,,14.67,4.4342953,2.92,10.25,1.81459038,3.72,2.64443907,9.42777003,7.1530734,6.912,5.8425,0.21527223,99.5,6.82,6.33599295,1.768,0.22950001,1.75820109,8.2,1.14322,
2020-01-05,21.049999,3.71343414,3.64,3.29,0.82420496,2.47,37.66193872,11.32840011,7.675,,14.27,4.37896541,2.85,10.19,1.81459038,3.69,2.61555046,9.33332566,7.06521507,6.904,5.6925,0.21372072,99.43,6.73,6.29999299,1.753,0.22950001,1.71243447,8.15,1.12245,
2020-01-06,19.870001,3.49890703,3.32,3.02,0.79833305,2.3,36.9368,11.11283343,7.485,,13.13,4.11022024,2.73,9.43,1.81459038,3.4,2.53332818,8.88888211,6.93342867,6.8,5.4525,0.20208438,95.5,6.24,6.13199318,1.602,0.22950001,1.65904007,7.85,1.08091,
2020-01-08,20.450001,3.64091793,3.4,3.24,0.82420496,2.31,37.93386563,11.27636677,7.485,,13.0,4.26830564,2.93,9.6,1.76922562,3.43,2.49999503,9.0555481,6.91878574,6.952,5.58,0.20596316,95.800003,6.37,6.22799307,1.677,0.23250001,1.71624835,8.020001,1.080044,
2020-01-09,20.799999,3.72854168,3.52,3.36,0.83159693,2.35,38.11515099,11.2615001,7.715,,13.75,4.31573126,2.95,9.79,1.81459038,3.56,2.54999504,9.16665968,6.83092814,7.056,5.76,0.20906619,96.989998,6.4,6.39599288,1.706,0.22950001,1.75820109,8.18,1.103411,
2020-01-12,20.780001,3.73156319,3.54,3.35,0.8944287,2.34,38.18313374,11.18716677,7.5,,13.7,4.36315687,2.93,9.8,1.79871271,3.68,2.58888363,9.08332641,6.80896374,7.2,5.7675,0.21022982,95.5,6.4,6.35999292,1.675,0.23500001,1.78489829,8.29,1.094756,
2020-01-13,20.75,3.69228358,3.54,3.37,0.90921264,2.38,38.08342659,11.29866677,7.495,,14.2,4.37896541,2.91,9.79,1.78056681,3.6,2.58777274,9.038882,6.80164228,7.088,5.91,0.21216921,95.0,6.4,6.33599295,1.67,0.22950001,1.77727051,8.35,1.102545,
2020-01-14,20.790001,3.837316,3.5,3.39,0.91290863,2.39,38.0471687,11.24663344,7.485,,14.6,4.34734833,2.85,9.7,1.78056681,3.62,2.55555047,9.02777089,6.95539307,7.2,6.075,0.21566011,95.559998,6.45,6.30599298,1.637,0.22950001,1.76582886,8.25,1.096487,
2020-01-15,20.59,3.86753108,3.48,3.42,0.89073271,2.34,38.37801502,11.2392001,7.495,,14.88,4.37896541,2.86,9.68,1.75788443,3.59,2.53999506,8.99443814,6.62592709,7.04,5.9625,0.21333284,96.279999,6.4,6.32999296,1.627,0.22950001,1.77345663,8.25,1.090429,
2020-01-16,20.51,4.00652048,3.47,3.41,0.87594877,2.32,38.52304294,11.22433344,7.4,,14.79,4.37106114,2.91,9.59,1.74654324,3.64,2.5322173,9.038882,6.62592709,7.36,6.0525,0.21333284,98.900002,6.44,6.38999289,1.63,0.22950001,1.84973433,8.3,1.099083,
2020-01-19,20.4,4.06392915,3.5,3.53,0.85746883,2.34,39.4747878,11.1723001,7.4,,14.6,4.57657216,2.92,9.57,1.76695738,3.6,2.52221732,8.98888204,6.59664122,7.2,5.97,0.21372072,99.5,6.32,6.29999299,1.627,0.22950001,1.84973433,8.270001,1.099083,
2020-01-20,20.24,4.09112272,3.44,3.55,0.86116482,2.33,39.38868019,11.1946001,7.4,,14.5,4.44219957,2.9,9.53,1.73293381,3.53,2.49999503,8.89443766,6.57467682,7.2,5.8425,0.20790255,98.800003,6.27,6.23999306,1.611,0.22250001,1.86117599,8.15,1.099083,
2020-01-21,20.190001,3.99141294,3.34,3.57,0.87594877,2.29,38.83576031,11.1500001,7.4,,14.68,4.31573126,2.82,9.43,1.73520205,3.5,2.44332847,8.86110435,6.51610509,7.44,5.8275,0.2071268,97.82,6.05,6.15599315,1.6,0.22100001,1.8840593,8.03,1.105141,
2020-01-22,20.5,4.00047746,3.4,3.6,0.87964475,2.27,38.98985113,11.11283343,7.395,,14.5,4.40267822,2.85,9.5,1.77603033,3.51,2.42110641,8.77777109,6.58931975,7.44,5.7375,0.20673892,99.0,6.09,6.22799307,1.6,0.22100001,1.86880376,8.08,1.106007,
2020-01-23,20.280001,4.07903669,3.4,3.61,0.85746883,2.31,38.90827247,11.07566676,7.35,,14.95,4.46591238,2.87,9.9,1.9053199,3.49,2.40777299,8.86110435,6.57467682,7.6,5.8575,0.20751468,98.480003,6.0,6.23399306,1.62,0.22100001,1.8840593,8.24,1.116392,
2020-01-26,20.49,4.0488216,3.45,3.7,0.84638088,2.33,38.92640141,11.13513343,7.875,,14.8,4.6160935,2.87,9.9,1.87129633,3.48,2.4199953,8.79999329,6.56003389,7.664,5.8125,0.20906619,98.0,6.04,6.21599308,1.618,0.23400001,1.86880376,8.2,1.116392,
2020-01-27,20.200001,4.02767104,3.42,3.68,0.8389889,2.29,38.7949694,10.91213343,7.85,,14.53,4.54495508,2.85,9.71,1.85995514,3.44,2.39999523,8.77777109,6.58931975,7.68,5.775,0.2071268,97.309998,5.95,6.11999319,1.61,0.21900001,1.84210656,8.1,1.107738,
2020-01-28,20.18,3.98234841,3.39,3.78,0.82420496,2.29,38.53210583,10.88983343,7.495,,14.7,4.48962519,2.85,10.57,1.839541,3.42,2.35332865,8.8222155,6.52342656,7.84,5.7075,0.20557529,96.0,5.78,6.23999306,1.59,0.21900001,1.80015383,8.0,1.099949,
2020-01-29,21.0,3.9793269,3.55,3.79,0.84268489,2.33,38.65447495,11.04593343,7.275,,15.79,4.67142339,2.86,11.22,1.86902809,3.5,2.39443957,9.02777089,6.51610509,7.8,6.0,0.21022982,98.989998,6.04,6.26999302,1.6,0.23400001,1.80396771,8.07,1.098218,
2020-01-30,21.48,3.9793269,3.73,3.77,0.84638088,2.4,38.65900798,11.22433344,7.45,,15.5,4.7741789,2.92,12.34,1.95068466,3.57,2.39999523,9.04999366,6.31110403,7.76,6.225,0.21566011,97.949997,6.1,6.26999302,1.682,0.25700001,1.83066491,8.16,1.099083,
2020-02-02,21.02,3.92191824,3.65,3.85,0.8389889,2.37,38.63634601,11.18716677,7.0,,15.34,4.71094474,2.97,14.92,1.91212461,3.5,2.37110639,8.95554928,6.44289043,7.64,6.2925,0.21255709,97.0,6.0,6.25199304,1.66,0.25700001,1.81159548,8.21,1.099083,
2020-02-03,20.74,3.89472466,3.7,3.76,0.8389889,2.34,38.97625521,11.11283343,7.475,,14.96,4.65561485,2.9,13.85,1.88036928,3.45,2.30666208,8.99999369,6.34771136,7.4160008,6.1425,0.20945406,96.849998,5.76,6.2039931,1.632,0.25100001,1.81159548,8.11,1.083506,
2020-02-04,20.67,3.86753108,3.66,3.8,0.8389889,2.34,39.38414716,11.00876676,7.475,,15.09,4.80579598,2.9,13.37,1.90985637,3.47,2.30555097,9.01665979,6.24521083,7.28,6.1425,0.20906619,97.989998,5.8,6.3839929,1.635,0.25100001,1.81540937,8.13,1.090429,
2020-02-05,20.299999,3.837316,3.62,3.7,0.82420496,2.38,39.20286135,11.40273344,6.925,,15.0,4.6160935,2.93,14.42,1.93934347,3.45,2.28999556,9.09443807,6.22324643,7.28,6.015,0.20906619,97.900002,5.8,6.35999292,1.629,0.25100001,1.83066491,8.2,1.099083,
2020-02-06,20.469999,3.95213332,3.61,3.7,0.82790094,2.45,39.4204046,11.93049937,7.42,,15.11,4.49752946,3.01,14.26,1.92800228,3.46,2.36777296,9.37221563,6.25985377,7.52,5.9625,0.20945406,97.010002,5.71,6.39599288,1.642,0.24000001,1.86880376,8.19,1.103411,
2020-02-09,20.309999,4.00349897,3.65,3.75,0.83529292,2.46,39.42946748,11.74466677,7.415,,15.47,4.40267822,3.08,14.1,1.95068466,3.44,2.38888414,9.43888169,6.44289043,7.4,6.225,0.20945406,97.0,5.72,6.3779929,1.646,0.23400001,1.86117599,8.23,1.099083,
2020-02-10,20.389999,3.96724087,3.58,3.78,0.83529292,2.43,39.32069744,11.7075001,7.245,,15.02,4.34734833,3.05,13.81,1.94161171,3.4,2.36110641,9.34443732,6.53806949,7.312,6.12,0.20751468,96.860001,5.7,6.35399293,1.634,0.23650001,1.81922325,8.17,1.098218,
2020-02-11,20.299999,3.94911182,3.53,3.75,0.83159693,2.44,39.29350244,11.71493343,7.25,,14.07,4.42639103,3.06,13.65,1.92119756,3.42,2.42555073,9.39999283,6.50878362,7.2,6.0975,0.20596316,96.550003,5.62,6.43799284,1.63,0.23500001,1.81540937,8.15,1.099083,
2020-02-12,20.0,3.92796126,3.45,3.72,0.81681298,2.4,39.18019937,11.6629001,7.42,,13.74,4.37106114,3.03,13.15,1.95748937,3.53,2.39999523,9.38888173,6.33306843,7.184,6.15,0.20479953,96.5,5.45,6.35999292,1.615,0.24950001,1.81159548,8.1,1.099083,
2020-02-13,19.629999,3.97026238,3.4,3.67,0.80942101,2.39,38.90373944,11.63316677,6.925,,13.7,4.37106114,3.01,13.2,1.95975761,3.43,2.3722175,9.36666008,6.2964611,7.12,6.105,0.20324802,96.599998,5.47,6.34799294,1.599,0.26250001,1.83066491,8.0,1.099083,
2020-02-16,19.5,4.00349897,3.34,3.62,0.79094108,2.35,38.92640141,11.70006677,6.925,,13.3,4.28411418,2.99,13.03,1.95068466,3.38,2.35555098,9.30554846,6.22324643,7.12,6.0,0.20169651,96.400002,5.35,6.35999292,1.577,0.24950001,1.79633994,7.98,1.099083,
2020-02-17,19.219999,3.94609031,3.37,3.54,0.79463707,2.33,39.0170425,11.44733344,6.925,,13.06,4.26830564,2.97,12.67,1.95068466,3.31,2.30555097,9.18332689,6.25985377,7.12,6.0,0.20092075,96.0,5.32,6.32999296,1.56,0.22700001,1.81159548,8.0,1.099083,
2020-02-18,19.02,3.91285371,3.33,3.55,0.78354911,2.33,38.98078824,11.52166678,6.925,,13.39,4.26830564,2.93,12.6,2.04141418,3.3,2.27999546,9.27221571,6.51610509,7.12,5.88,0.19975712,95.0,5.32,6.32999296,1.549,0.22700001,1.81159548,8.0,1.099083,
2020-02-19,19.4,3.92796126,3.25,3.53,0.7576772,2.27,39.12581617,11.62573343,6.925,,13.15,4.23668856,2.91,12.2,2.10946132,3.2,2.14999572,9.16665968,6.50878362,6.984,5.8275,0.19936924,94.300003,5.21,6.26999302,1.507,0.22700001,1.83066491,7.78,1.073986,
2020-02-20,19.1,3.89472466,3.25,3.6,0.77246115,2.3,39.20286135,11.55883343,6.925,,13.45,4.2524971,2.9,12.4,2.08677894,3.25,2.14444007,9.11110416,6.42092676,6.96,5.835,0.20092075,94.0,5.2,6.29999299,1.52,0.23250001,1.83066491,7.77,1.067928,
2020-02-23,19.0,3.86450957,3.26,3.56,0.77246115,2.31,39.02157553,11.55883343,6.995,,13.53,4.20507148,2.94,12.27,2.12080251,3.24,2.14110685,9.31665956,6.43556896,6.8,5.76,0.20053287,93.599998,5.2,6.50999276,1.517,0.23050001,1.83066491,7.97,1.073121,
2020-02-24,19.0,3.8403375,3.19,3.51,0.7576772,2.25,38.9626593,11.39530011,6.975,,13.29,4.14974159,2.89,11.99,2.08677894,3.19,2.0988846,9.19999243,6.40628309,6.688,5.7375,0.19704197,92.5,5.17,6.53399273,1.49,0.24450001,1.83066491,7.79,1.064467,
2020-02-25,18.360001,3.84335901,3.15,3.51,0.71332537,2.17,38.60462115,11.16486677,6.975,,12.6,4.18926294,2.89,11.92,2.04595088,3.09,1.93888514,8.97221538,6.24521083,6.688,5.58,0.19199956,91.489998,4.92,6.38999289,1.46,0.22650001,1.81540937,7.63,1.068794,
2020-02-26,17.75,3.80710091,3.15,3.5,0.70223741,2.16,38.06983067,10.97160009,6.975,,12.65,4.0706989,2.84,12.6,2.0368777,2.98,1.93332949,8.72221557,6.22324643,6.688,5.5875,0.20518741,89.900002,4.93,6.3839929,1.457,0.23000001,1.81922325,7.66,1.054947,
2020-02-27,17.49,3.79199337,3.08,3.6,0.70593339,2.16,37.93386563,10.79320009,6.975,,12.32,4.02327328,2.82,12.49,2.0187318,2.74,1.93999806,8.59443789,6.1866391,6.4,5.6625,0.20673892,89.010002,4.79,6.31199298,1.459,0.22900001,1.83066491,7.6,1.054947,
2020-03-01,16.73,3.77688582,2.94,3.41,0.67266952,2.04,37.4172041,10.6594001,6.995,,12.03,3.89680496,2.67,12.27,1.99378118,2.52,1.85666481,8.06110496,6.1427103,6.4,5.415,0.20208438,86.580002,4.44,6.25199304,1.409,0.22900001,1.81922325,7.52,0.98831,
2020-03-02,16.0,3.71645565,2.75,3.34,0.62462169,1.92,36.16180747,10.07216675,6.975,,11.47,3.71500676,2.64,12.24,1.88263752,2.41,1.65666501,7.54999424,6.11342444,6.392,5.1,0.19355107,85.0,3.99,6.21599308,1.337,0.20850001,1.76582886,7.25,1.034177,
2020-03-03,16.5,3.81918694,2.69,3.25,0.62831768,1.84,35.80376932,10.77833344,6.975,,11.01,3.3909317,2.7,12.17,1.97336704,2.43,1.55666511,7.71666078,6.06949564,6.392,5.25,0.18928441,85.5,4.16,6.17399313,1.41,0.20850001,1.72387612,7.1,1.038504,
2020-03-04,16.68,3.74364923,2.65,3.26,0.62462169,1.82,35.98505514,10.23570009,6.975,,10.87,3.37512316,2.79,12.02,1.92800228,2.35,1.56333177,7.60554976,6.06217417,6.4,5.2425,0.18734502,84.5,4.3,6.23999306,1.398,0.21250001,1.75057332,7.0,1.030715,
2020-03-05,17.25,3.76177828,2.67,3.4,0.62831768,1.82,35.32789508,10.40666676,6.965,,11.3,3.45416586,2.8,12.17,1.92800228,2.4,1.61666505,7.76666074,6.00360244,6.32,5.25,0.19626622,85.75,4.21,6.38999289,1.429,0.22450001,1.82685102,7.15,1.054947,
2020-03-08,16.93,3.7345847,2.65,3.39,0.61833852,1.76,34.90640767,10.31003342,6.965,,11.08,3.3909317,2.75,12.0,1.92800228,2.36,1.58999841,7.48888318,5.89378045,6.032,5.2125,0.19277532,83.160004,4.08,6.31799297,1.413,0.21050001,1.72387612,7.05,1.044562,
2020-03-09,16.059999,3.62581039,2.44,3.28,0.57694347,1.631,33.28843986,10.08703342,6.965,,10.53,3.18542069,2.65,11.5,1.88036928,2.26,1.49666517,6.88332809,5.80592285,6.032,4.9275,0.18307837,82.419998,3.7,6.20999309,1.338,0.21050001,1.60564568,6.8,1.012541,
2020-03-10,15.5,3.62581039,2.34,3.3,0.5684427,1.5,32.39561441,9.66333342,6.965,,10.35,3.16170788,2.7,11.16,1.8576869,2.28,1.43999856,6.3333285,5.41788513,5.832,4.5,0.17958747,79.989998,3.43,6.11999319,1.299,0.20150001,1.54462352,6.5,1.001291,
2020-03-11,15.39,3.62278888,2.33,3.55,0.55218036,1.425,32.85335654,9.80456676,6.5,,10.79,3.19332496,2.73,11.1,1.9053199,2.31,1.4666652,6.34999516,5.63020766,5.752,4.71,0.17648444,80.0,3.4,6.13199318,1.294,0.22150001,1.56750683,6.54,0.986579,
2020-03-15,15.05,3.5230791,2.18,3.44,0.53628762,1.332,31.76111678,9.48493341,7.1,,10.27,3.10637799,2.66,10.72,1.86449162,2.28,1.41333192,6.11110645,5.4032422,5.44,4.41,0.17260566,79.0,3.34,5.96399336,1.271,0.22500001,1.53318186,6.28,0.950231,
2020-03-16,13.61,3.3508531,1.9,3.1,0.48454381,1.2,28.61129105,8.58550007,6.495,,9.13,2.81392001,2.55,9.89,1.71478791,2.09,1.27666539,5.50555136,5.26413434,4.92,4.0425,0.15592691,69.169998,3.02,5.38199401,1.163,0.24000001,1.50648466,5.89,0.87494,
2020-03-17,13.0,3.06078827,1.75,2.85,0.43686559,1.08,27.8725546,7.95366673,6.495,,8.23,2.55307911,2.44,9.25,1.64674077,1.94,1.15666551,4.95555178,5.30074167,4.8,3.6525,0.14235119,63.98,2.73,4.86599459,1.061,0.24200001,1.49504301,5.38,0.853304,
2020-03-18,12.97,2.83115361,1.72,2.56,0.39436174,1.027,27.65047968,7.8124334,6.495,,8.020001,2.33966383,2.39,8.99,1.6308631,1.76,1.06999893,4.47221881,5.03716888,4.76,3.465,0.13265424,63.490002,2.47,4.78799467,0.971,0.26450001,1.52555409,5.19,0.830803,
2020-03-19,13.18,2.80093883,1.71,2.55,0.39177455,0.983,28.33483111,8.31790008,6.495,,7.66,2.24481259,2.44,8.78,1.61044896,1.65,1.06333227,4.43332995,5.30074167,4.96,3.3075,0.12683607,60.290001,2.45,4.932,0.96,0.26250001,1.52555409,4.91,0.860228,
2020-03-22,13.59,2.91575586,1.77,2.36,0.380317,0.99,30.42413832,8.48886675,5.85,,7.75,2.28433394,2.56,9.42,1.65127725,1.659,1.08666558,4.6111076,5.2714558,5.04,3.18,0.12412093,61.189999,2.51,5.283,0.96,0.26300001,1.52555409,5.35,0.86542,
2020-03-23,14.9,3.05776676,2.018,2.59,0.40027532,1.17,31.71579601,9.32883341,5.575,,8.46,2.67954743,2.73,10.32,1.74654324,1.73,1.21333212,4.90555182,5.73270819,5.208,3.2175,0.12838758,67.290001,2.68,5.445,1.026,0.26750001,1.62852899,5.84,0.86542,
2020-03-24,14.7,3.02150866,2.02,2.84,0.39547054,1.097,29.45879754,8.97946675,5.385,,8.19,2.53727057,2.74,10.88,1.76922562,1.668,1.1666655,4.72221862,5.74735112,5.16,3.2175,0.12644819,68.5,2.5,5.301,1.048,0.25450001,1.52936798,5.67,0.853304,
2020-03-25,15.35,3.02150866,2.15,3.0,0.4061889,1.14,29.00558527,9.36600008,4.975,,8.5,2.67164316,2.69,10.69,1.77829857,1.61,1.17999882,4.73333028,5.85717311,5.12,3.3375,0.12606032,69.0,2.56,5.31,1.048,0.25000001,1.52555409,5.48,0.837727,
2020-03-26,16.629999,3.02150866,2.18,3.21,0.41986405,1.137,28.66114486,9.28423342,5.0,,8.87,2.83763282,2.68,10.52,1.9053199,1.694,1.17333216,4.66666311,5.93038778,4.88,3.525,0.12683607,69.0,2.58,5.202,1.061,0.25950001,1.56369294,5.41,0.83513,
2020-03-29,16.6,3.07287431,2.15,3.3,0.42134244,1.123,28.34389581,9.18016675,4.85,,9.1,2.82972855,2.7,10.5,1.98470823,1.71,1.15999884,4.6333298,5.92306631,4.88,3.7425,0.13032697,68.940002,2.48,5.157,1.06,0.25000001,1.59801791,5.4,0.829072,
2020-03-30,16.34,3.00640111,2.11,3.52,0.44906234,1.091,27.86349035,9.21733342,4.845,,8.98,2.84553709,2.68,10.43,1.98470823,1.666,1.13666553,4.58332984,5.89378045,4.8,3.915,0.12838758,67.75,2.43,5.031,1.055,0.25000001,1.62090122,5.27,0.813495,
2020-03-31,16.25,2.97014301,2.2,3.3,0.47567344,1.1,26.9344052,9.29166676,4.785,,9.39,3.05895237,2.66,10.6,2.04141418,1.67,1.14333219,4.67221866,5.94503071,4.8,3.975,0.1299391,66.0,2.41,4.95,1.086,0.25000001,1.62090122,5.09,0.813495,
2020-04-01,15.96,2.90971284,2.17,3.5,0.50080615,1.086,26.6352851,9.18760009,4.325,,9.17,3.10637799,2.6,10.64,2.04141418,1.59,1.12999887,4.77221858,5.84985165,4.8,4.2225,0.1299391,65.5,2.35,4.842,1.079,0.24600001,1.61708734,5.0,0.813495,
2020-04-02,16.0,2.96107848,2.17,3.5,0.47863023,1.099,26.23192664,9.14300009,4.305,,9.38,3.05895237,2.65,10.7,2.03914594,1.536,1.13666553,4.99999619,5.76931552,4.528,4.4925,0.12838758,64.699997,2.4,4.797,1.1,0.24600001,1.60183179,5.0,0.806571,
2020-04-05,15.61,3.00640111,2.15,3.41,0.46384629,1.102,26.05970552,9.10583342,4.735,,9.14,2.97200541,2.58,10.63,2.0187318,1.511,1.11999888,5.02777394,5.73270819,4.48,4.6125,0.12722395,66.75,2.36,4.743,1.06,0.24500001,1.62090122,4.87,0.806571,
2020-04-06,15.86,2.99431508,2.24,3.41,0.487131,1.129,26.0551743,9.18016675,4.825,,8.99,2.92457979,2.6,9.65,2.0187318,1.548,1.19333214,5.26666265,5.80592285,4.544,4.41,0.12567244,64.019997,2.43,4.725,1.062,0.24550001,1.6781095,4.95,0.822149,
2020-04-07,15.74,3.07891732,2.38,3.5,0.5137421,1.195,27.85895868,9.51466675,5.125,,9.5,3.09056945,2.78,9.98,2.06409656,1.572,1.27333206,5.62777349,5.80592285,4.952,4.485,0.13304212,67.879997,2.62,4.95,1.162,0.25000001,1.6514123,5.25,0.839457,
2020-04-08,15.7,3.02150866,2.43,3.5,0.52483006,1.219,29.20952944,9.51466675,5.125,,9.7,3.12218653,2.76,10.08,2.04141418,1.579,1.34999865,6.13332866,5.82056578,5.08,4.5,0.13808453,67.989998,2.75,5.031,1.17,0.26500001,1.67048173,5.26,0.839457,
2020-04-09,15.43,3.09704637,2.42,3.5,0.51743809,1.231,29.91200981,9.58156675,5.005,,9.29,3.09056945,2.77,10.1,2.05048713,1.547,1.36999863,6.63332828,5.74735112,5.24,4.41,0.13769665,68.0,2.73,5.175,1.194,0.26500001,1.6781095,5.29,0.845515,
2020-04-12,15.25,3.0366162,2.35,3.41,0.49526217,1.21,29.91200981,9.36600008,5.125,,9.22,3.00362249,2.72,9.97,2.06182832,1.527,1.38333195,6.29443965,5.53502859,5.416,4.38,0.13963604,65.370003,2.66,4.95,1.17,0.26750001,1.67048173,5.24,0.839457,
2020-04-13,15.59,3.04870224,2.35,3.32,0.50598053,1.29,29.77604477,9.44033341,5.125,,9.43,3.09056945,2.73,10.25,2.15482608,1.633,1.45999854,6.38888402,5.63020766,5.84,4.47,0.13963604,68.400002,2.76,4.923,1.165,0.26700001,1.63615676,5.33,0.843785,
2020-04-14,16.6,3.15143353,2.47,3.32,0.50967652,1.285,29.68540368,9.58900008,5.095,,9.5,3.2091335,2.76,10.37,2.21153203,1.719,1.5666651,6.41666177,5.74735112,5.84,4.425,0.14196331,68.0,2.97,4.824,1.209,0.26700001,1.63997065,5.45,0.839457,
2020-04-15,16.58,3.07287431,2.45,3.3,0.53407003,1.29,29.68540368,9.51466675,5.145,,9.68,3.21703777,2.79,10.27,2.15709431,1.737,1.52666514,6.38888402,5.76931552,5.76,4.4175,0.14235119,69.300003,3.29,4.86,1.21,0.25000001,1.63997065,5.47,0.837727,
2020-04-16,16.200001,3.04870224,2.4,3.4,0.5148509,1.301,29.1007594,9.29166676,5.1,,9.23,3.16170788,2.73,9.89,2.22060498,1.697,1.48999851,6.28332854,5.74735112,5.68,4.455,0.14079968,68.0,3.06,4.824,1.185,0.25000001,1.62471511,5.29,0.8334,
2020-04-21,16.040001,3.1061109,2.36,3.38,0.51743809,1.327,28.00851783,9.40316675,5.1,,9.15,3.09056945,2.67,9.76,2.22287322,1.673,1.55333178,6.19443972,5.71074379,5.592,4.4625,0.15243601,66.830002,3.03,4.806,1.169,0.25000001,1.59801791,5.25,0.829938,
2020-04-22,15.59,3.03359469,2.31,3.28,0.55698514,1.364,27.14741587,9.12070009,5.1,,9.12,3.05895237,2.63,9.9,2.40433225,1.649,1.58999841,6.11110645,5.66681499,5.424,4.41,0.15515116,65.129997,2.99,4.77,1.161,0.25000001,1.61327345,5.2,0.797052,
2020-04-23,16.01,3.00942262,2.37,3.4,0.59061862,1.419,27.8725546,9.10583342,5.125,,9.65,3.14589934,2.68,9.99,2.38164987,1.794,1.5999984,6.3333285,5.85717311,5.664,4.5675,0.1508845,68.5,3.19,4.896,1.184,0.25450001,1.60183179,5.37,0.810899,
2020-04-26,16.280001,3.11215392,2.46,3.45,0.6493848,1.45,28.96026495,9.14300009,5.235,,9.87,3.26446339,2.73,10.3,2.37030868,1.914,1.5999984,6.47221729,6.06949564,5.84,4.65,0.16290872,70.989998,3.46,5.004,1.265,0.25550001,1.60183179,5.61,0.856766,
2020-04-27,16.200001,3.08496034,2.45,3.4,0.71406456,1.44,28.77444792,9.10583342,5.085,,9.8,3.28027193,2.75,10.35,2.35669926,2.0,1.58666508,6.49443949,6.06949564,5.92,4.695,0.16135721,70.75,3.55,4.95,1.287,0.26400001,1.60183179,5.8,0.859362,
2020-04-28,16.68,3.09704637,2.44,3.34,0.77911392,1.444,28.25778412,9.12813342,5.05,,9.95,3.42254878,2.75,10.9,2.33628511,1.94,1.5999984,6.5277728,6.20128203,5.96,4.89,0.16135721,73.010002,3.7,5.076,1.325,0.26750001,1.63997065,5.82,0.880132,
2020-04-29,16.299999,3.17258409,2.57,3.41,0.74363245,1.469,29.45879754,9.07610008,5.01,,10.07,3.45416586,2.72,10.97,2.37938164,1.93,1.64333169,6.46666174,6.22324643,5.904,4.89,0.16562386,73.0,3.7,5.076,1.324,0.26550001,1.62852899,5.83,0.882728,
2020-04-30,15.94,3.21488521,2.69,3.5,0.78798429,1.488,29.23219141,9.06866675,5.055,,9.91,3.38302743,2.69,10.85,2.37030868,1.918,1.60666506,6.3333285,6.26717523,5.976,5.0175,0.16174508,72.699997,3.62,4.986,1.304,0.27500001,1.60183179,5.74,0.878401,
2020-05-03,15.6,3.1756056,2.7,3.44,0.813117,1.475,28.98292511,9.00920008,5.1,,9.69,3.33560181,2.65,10.83,2.53589006,1.873,1.58666508,6.26110634,6.20128203,5.864,4.905,0.15902994,72.5,3.53,4.914,1.293,0.26500001,1.60183179,5.68,0.86542,
2020-05-04,15.1,2.99129357,2.57,3.31,0.79463707,1.388,28.32123565,9.12813342,5.05,,9.15,3.16170788,2.49,10.55,2.67198433,1.73,1.4999985,6.00555098,6.1427103,5.672,4.7925,0.14778148,70.0,3.5,4.761,1.209,0.25700001,1.59801791,5.37,0.856766,
2020-05-05,14.98,3.02150866,2.52,3.15,0.76876516,1.379,28.30763793,9.29166676,5.075,,9.19,3.11428226,2.47,11.0,2.55176772,1.788,1.49666517,5.9111066,6.21592497,5.936,4.725,0.14700572,69.699997,3.5,4.734,1.218,0.25700001,1.61708734,5.35,0.900037,
2020-05-06,14.75,2.98827206,2.61,3.16,0.75398122,1.375,28.552373,9.43290008,5.225,,9.15,3.12218653,2.43,10.93,2.5268171,1.921,1.48333185,5.79999558,6.33306843,5.92,4.7775,0.14855723,69.120003,3.44,4.752,1.207,0.25700001,1.56369294,5.43,0.902633,
2020-05-07,14.39,2.95805698,2.57,3.19,0.75028523,1.36,28.77897914,9.27680009,5.07,,9.04,3.13799507,2.4,10.89,2.44742877,1.803,1.46333187,5.75555117,6.25985377,5.84,4.7325,0.14778148,69.080002,3.5,4.725,1.198,0.25050001,1.56369294,5.37,0.893979,
2020-05-10,13.85,2.76770193,2.41,3.1,0.69484543,1.347,29.45879754,9.12070009,5.125,,8.270001,2.90086698,2.31,11.11,2.47237939,1.715,1.4666652,5.88332885,6.3403899,5.8,4.6125,0.14196331,69.0,3.45,4.635,1.135,0.25000001,1.56369294,5.3,0.875805,
2020-05-11,13.17,2.71935779,2.34,3.2,0.66158156,1.278,29.34549448,9.73766676,5.125,,8.11,2.83763282,2.32,11.0,2.44969701,1.657,1.4999985,6.3222174,6.58931975,5.92,4.4625,0.13963604,68.059998,3.44,4.716,1.123,0.25000001,1.56369294,5.34,0.882728,
2020-05-12,12.5,2.85230417,2.4,3.2,0.68153988,1.311,30.13861595,9.62616675,5.51,,8.29,2.97200541,2.44,11.2,2.44969701,1.685,1.59333174,6.49999504,6.51610509,6.288,4.62,0.14157543,68.5,3.68,4.842,1.16,0.25000001,1.58276237,5.53,0.893113,
2020-05-13,12.23,2.83417512,2.38,3.13,0.70223741,1.298,29.79870675,9.47750008,5.045,,8.13,2.92457979,2.4,10.88,2.44062406,1.666,1.61333172,6.38332847,6.69914175,6.008,4.5,0.14002392,68.160004,3.65,4.797,1.158,0.25000001,1.55606517,5.45,0.888786,
2020-05-14,12.29,2.74050835,2.32,3.15,0.66490795,1.28,29.18687109,9.44033341,4.98,,7.9,2.90877125,2.36,10.7,2.44062406,1.63,1.5666651,6.24999523,6.77235641,5.872,4.125,0.14002392,67.989998,3.56,4.707,1.132,0.26250001,1.59420402,5.33,0.866285,
2020-05-17,12.05,2.77072344,2.28,3.12,0.65418959,1.28,29.45879754,9.66333342,4.85,,8.0,2.94038833,2.32,10.9,2.44062406,1.673,1.5333318,6.27777299,6.59664122,5.8,4.0275,0.1404118,67.75,3.6,4.644,1.11,0.26100001,1.54462352,5.19,0.864555,
2020-05-18,11.96,2.74957288,2.28,3.04,0.6504936,1.255,29.41347722,9.62616675,4.785,,7.93,2.88505844,2.32,10.94,2.39752754,1.737,1.56999843,6.20555082,6.59664122,5.792,4.0425,0.13808453,67.0,3.54,4.608,1.099,0.26250001,1.56369294,5.1,0.856766,
2020-05-19,12.0,2.74655137,2.3,3.1,0.68006149,1.289,29.67634079,9.51466675,4.6350005,,7.96,2.91667552,2.33,11.16,2.49279353,1.715,1.59333174,6.37777291,6.54539095,5.76,3.9375,0.13963604,66.5,3.54,4.671,1.113,0.25250001,1.49885689,5.1,0.86542,
2020-05-20,11.87,2.71029327,2.26,3.02,0.67266952,1.265,29.45879754,9.35113341,4.75,,7.9,2.82182428,2.28,11.14,2.63115605,1.692,1.55999844,6.26110634,6.44289043,5.84,3.8175,0.13847241,68.0,3.44,4.698,1.1,0.25250001,1.43783473,5.1,0.861958,
2020-05-21,12.08,2.71029327,2.27,3.02,0.64753681,1.257,29.11888834,9.30653341,4.75,,7.9,2.82182428,2.3,10.99,2.61981486,1.643,1.55666511,6.16666196,6.44289043,6.096,3.6675,0.13653302,66.489998,3.36,4.662,1.09,0.27750001,1.39206811,5.1,0.862824,
2020-05-31,12.46,2.74655137,2.34,3.09,0.65566798,1.269,28.77897914,9.43290008,4.655,,8.0,2.92457979,2.31,11.2,2.72188557,1.66,1.58333175,6.13888421,6.58931975,6.08,3.8625,0.13924817,65.650002,3.41,4.788,1.1,0.27500001,1.41113753,5.29,0.878401,
2020-06-01,13.07,2.76468042,2.36,3.11,0.67082152,1.266,28.64301591,9.25450009,4.75,,8.55,2.96410114,2.3,12.12,2.73322676,1.66,1.57999842,6.24443968,6.55271242,6.0,4.05,0.14079968,65.459999,3.41,4.77,1.099,0.26750001,1.38825422,5.25,0.900037,
2020-06-02,12.99,2.74957288,2.43,3.19,0.72626132,1.375,28.77444792,9.30653341,4.75,,8.71,3.04314383,2.36,12.5,2.78993271,1.729,1.61999838,6.3333285,6.51610509,5.952,3.93,0.14312694,65.5,3.5,4.77,1.111,0.26750001,1.41113753,5.2,0.925999,
2020-06-03,13.48,2.791874,2.51,3.18,0.75213322,1.41,29.27751173,9.29910008,4.8,,8.59,3.08266518,2.39,12.4,2.735495,1.739,1.58333175,6.24999523,6.44289043,6.08,3.8475,0.14894511,65.230003,3.49,4.77,1.137,0.26750001,1.39206811,5.22,0.951962,
2020-06-04,13.75,2.8251106,2.5,3.3,0.74658924,1.455,30.81390132,9.36600008,5.0,,8.6,3.12218653,2.46,12.39,2.78539623,1.725,1.62333171,6.47221729,6.51610509,5.976,3.8925,0.15010875,67.849998,3.75,4.95,1.163,0.26750001,1.38062645,5.24,0.961482,
2020-06-07,14.25,2.9308634,2.61,3.29,0.77246115,1.529,31.83816196,9.96066676,5.125,,9.3,3.20122923,2.6,12.48,2.77859152,1.847,1.74333159,6.97221691,6.55271242,5.896,4.0875,0.15321177,70.0,3.92,5.031,1.2,0.26250001,1.42639307,5.68,1.012541,
2020-06-08,14.29,2.94597094,2.66,3.29,0.7576772,1.544,31.72485889,9.93836676,5.01,,9.49,3.2091335,2.55,12.44,2.687862,1.852,1.7666649,7.31110554,6.45753336,5.768,4.35,0.15359965,71.0,3.9,5.022,1.21,0.26100001,1.4187653,5.72,0.99956,
2020-06-09,13.95,2.94899245,2.62,3.3,0.74289326,1.519,31.6342178,10.33233342,4.975,,9.37,3.11428226,2.48,12.37,2.67198433,1.829,1.7666649,7.144439,6.43556896,5.72,4.5525,0.15166026,72.0,3.85,4.932,1.193,0.25250001,1.40732365,5.69,0.995233,
2020-06-10,13.79,2.91575586,2.55,3.44,0.71739095,1.492,31.28524254,10.0350001,5.0,,9.24,3.06685664,2.43,12.8,2.65157019,1.8,1.74666492,7.02777242,6.44289043,5.72,4.845,0.14972087,71.489998,3.85,4.878,1.174,0.25250001,1.39969588,5.63,0.987444,
2020-06-11,13.63,2.90971284,2.49,3.35,0.70001982,1.47,30.75045161,9.85660009,4.75,,9.03,3.08266518,2.39,12.6,2.61074191,1.782,1.7333316,6.99999466,6.38431869,5.76,5.25,0.14700572,69.919998,3.8,4.842,1.185,0.25750001,1.39206811,5.58,0.977925,
2020-06-14,14.28,2.87043323,2.38,3.28,0.71886935,1.437,30.81843435,9.73766676,4.75,,8.8,3.13799507,2.35,12.6,2.60847367,1.765,1.72333161,6.83332812,6.33306843,5.712,5.0175,0.14584209,69.949997,3.95,4.806,1.153,0.27250001,1.39206811,5.48,0.951097,
2020-06-15,14.8,2.83417512,2.39,3.24,0.72145654,1.444,30.81843435,9.63360009,4.745,,8.66,3.16961215,2.36,12.74,2.67652081,1.799,1.78666488,7.01666132,6.26717523,5.68,4.7925,0.14855723,69.459999,4.1,4.869,1.149,0.27000001,1.37299868,5.53,0.925134,
2020-06-16,14.95,2.86741172,2.42,3.28,0.73550128,1.485,31.49371973,9.57413342,4.745,,8.96,3.18542069,2.37,12.8,2.76044562,1.939,1.8666648,7.13332789,6.34771136,5.72,4.905,0.14933299,69.0,4.16,4.914,1.18,0.26450001,1.38062645,5.67,0.951962,
2020-06-17,14.42,2.86439021,2.4,3.3,0.72034774,1.481,31.18100553,9.66333342,4.745,,8.89,3.16170788,2.4,12.64,2.94870937,1.944,1.8333315,7.05555018,6.47217629,5.72,4.8375,0.14855723,69.209999,4.11,4.995,1.197,0.26450001,1.37299868,5.62,0.951962,
2020-06-18,14.37,2.81906758,2.39,3.37,0.72182614,1.473,31.01784866,9.67820009,4.75,,8.65,3.14589934,2.36,12.44,2.94870937,1.902,1.80666486,7.05555018,6.47217629,5.912,5.0475,0.14700572,71.5,3.97,4.941,1.183,0.25250001,1.40350976,5.53,0.968405,
2020-06-21,14.69,2.78885249,2.37,3.46,0.76876516,1.445,30.81843435,10.10190008,4.745,,8.8,3.21703777,2.32,12.26,3.03943889,1.84,1.79666487,6.89443919,6.48681922,5.872,5.1,0.14545421,71.0,3.88,4.905,1.161,0.25300001,1.39206811,5.5,0.972732,
2020-06-22,14.41,2.77978797,2.41,3.61,0.79463707,1.434,30.72779326,9.89376676,4.665,,9.06,3.25655912,2.34,12.4,3.2730674,1.854,1.81666485,7.18332786,6.50878362,5.856,5.085,0.14661785,69.889999,3.9,4.896,1.16,0.26200001,1.45309027,5.5,0.96927,
2020-06-23,14.81,2.76165891,2.35,3.53,0.77467874,1.415,30.36522208,9.61130009,4.7,,9.12,3.2091335,2.33,12.56,3.40235696,1.92,1.93666473,7.52777204,6.42824749,5.88,4.965,0.14778148,70.989998,3.92,4.905,1.154,0.25250001,1.69717892,5.69,0.96754,
2020-06-24,15.03,2.84021814,2.39,3.59,0.80794262,1.45,30.94986637,9.67076675,4.72,,9.15,3.28027193,2.42,13.49,3.45906291,2.1,1.999998,7.70554968,6.51610509,5.984,5.1,0.1508845,68.550003,3.96,5.013,1.185,0.25250001,1.86498987,6.05,0.96927,
2020-06-25,14.85,2.84021814,2.36,3.52,0.79278907,1.433,30.80030541,9.57413342,4.72,,8.97,3.2091335,2.35,13.17,3.48628177,2.13,1.96333137,8.47221576,6.50878362,5.848,4.9725,0.14933299,68.459999,3.87,4.968,1.169,0.25750001,1.76201497,6.1,0.977059,
2020-06-28,14.67,2.77676646,2.33,3.49,0.77615713,1.403,30.21566113,9.53696675,4.75,,8.97,3.18542069,2.3,13.08,3.40235696,2.12,1.97333136,8.05554941,6.74307055,5.936,4.875,0.14816936,68.0,3.85,4.95,1.169,0.25750001,1.72006224,5.9,0.977925,
2020-06-29,14.5,2.76770193,2.31,3.48,0.79833305,1.4,29.88934784,9.51466675,5.15,,9.770001,3.16170788,2.31,13.25,3.55206067,2.08,1.94999805,7.85554957,6.77967788,6.2,4.875,0.14933299,67.0,3.76,4.95,1.152,0.25750001,1.67429561,5.85,0.977059,
2020-06-30,14.75,2.81000305,2.3,3.55,0.87964475,1.405,29.46786043,9.66333342,5.005,,10.5,3.13799507,2.4,13.45,3.7675435,2.1,1.97666469,7.88332732,6.70646322,6.08,5.0325,0.15282389,67.75,3.86,4.977,1.175,0.25750001,1.6781095,5.94,0.96754,
2020-07-05,14.86,2.8613687,2.44,3.74,0.92769258,1.445,30.11595398,9.65590009,5.05,,11.3,3.31979327,2.38,13.74,4.06014597,2.22,2.00999799,7.94443839,6.77235641,6.296,5.3925,0.16368447,67.989998,3.91,5.238,1.25,0.25750001,1.63615676,6.36,0.96754,
2020-07-06,15.31,2.87043323,2.43,3.65,0.95726047,1.46,30.59182822,9.55183342,5.175,,12.33,3.31979327,2.46,13.9,4.25975114,2.23,2.0666646,8.05554941,6.74307055,6.72,5.5275,0.16407235,69.0,4.18,5.454,1.27,0.25750001,1.71243447,6.5,0.968405,
2020-07-07,15.69,3.04265922,2.44,3.6,0.95356448,1.445,30.4966541,9.49980008,5.1,,11.98,3.3909317,2.45,14.19,4.44347819,2.17,2.06999793,8.03888276,6.64789148,6.768,5.31,0.16407235,68.699997,4.35,5.4,1.26,0.25750001,1.65904007,6.31,0.964943,
2020-07-08,15.61,3.00942262,2.44,3.58,0.97943638,1.457,30.56916625,9.38830008,5.025,,12.41,3.34350608,2.49,14.1,4.66122881,2.22,2.11333122,8.15554934,6.58931975,6.8,5.4375,0.16717537,70.5,4.35,5.337,1.308,0.25750001,1.63615676,6.44,0.954558,
2020-07-09,15.19,2.96409999,2.4,3.5,0.93138856,1.428,30.40147997,9.36600008,4.92,,12.41,3.28027193,2.43,13.91,4.3527489,2.14,2.06333127,7.96110504,6.66253442,6.6,5.2875,0.16290872,69.690002,4.24,5.247,1.349,0.25750001,1.59801791,6.33,0.949366,
2020-07-12,16.17,3.11215392,2.39,3.44,0.9203006,1.42,30.36975511,9.32140008,4.96,,13.16,3.32769754,2.46,13.71,4.19170378,2.14,2.1333312,7.93888284,6.50878362,6.72,5.25,0.16135721,69.0,4.31,5.373,1.416,0.25750001,1.60945956,6.4,0.951962,
2020-07-13,16.0,3.11215392,2.51,3.47,0.94986849,1.487,30.36522208,9.36600008,4.96,,13.3,3.39883597,2.47,13.65,4.13726607,2.16,2.1333312,8.02777166,6.51610509,6.632,5.415,0.16407235,68.029999,4.35,5.508,1.465,0.25750001,1.61327345,6.42,0.944173,
2020-07-14,15.9,3.0698528,2.47,3.45,0.91290863,1.467,30.00265091,9.20990009,4.785,,12.78,3.33560181,2.41,13.31,4.10551073,2.32,2.09666457,7.86666067,6.35503283,6.56,5.3175,0.16096933,70.0,4.24,5.517,1.426,0.25750001,1.57132071,6.27,0.925134,
2020-07-15,15.25,3.02150866,2.42,3.41,0.88334074,1.49,30.13861595,8.92000008,4.71,,12.11,3.24075058,2.4,13.3,4.12819334,2.34,2.0666646,7.8055496,6.2305679,6.568,5.4,0.15670267,68.099998,4.36,5.535,1.396,0.25750001,1.56369294,6.25,0.917345,
2020-07-16,15.05,2.89460529,2.29,3.23,0.82050897,1.418,29.22312852,8.95716675,4.6,,11.35,3.04314383,2.32,12.98,4.30738391,2.15,1.98999801,7.43888322,6.36967576,6.384,5.01,0.1473936,66.900002,4.09,5.445,1.299,0.27500001,1.46834581,5.88,0.919942,
2020-07-19,15.07,2.94597094,2.28,3.16,0.80942101,1.394,28.552373,8.92000008,4.745,,11.23,3.08266518,2.27,12.95,4.41625911,2.15,1.96333137,7.43332767,6.22324643,6.28,5.0025,0.14700572,66.0,3.96,5.49,1.307,0.27500001,1.44927639,5.9,0.917345,
2020-07-20,15.06,2.91273435,2.23,3.1,0.79833305,1.361,28.552373,8.84566674,4.625,,11.37,3.01943103,2.21,12.73,4.30965215,2.1,1.999998,7.61110531,6.2964611,6.4,4.965,0.14467846,66.199997,4.06,5.355,1.295,0.27250001,1.46071804,5.7,0.90696,
2020-07-21,15.03,2.93388491,2.28,3.2,0.82790094,1.385,29.45426451,8.99433342,4.605,,11.5,3.08266518,2.23,12.98,4.20984945,2.15,2.04333129,7.8055496,6.15003177,6.44,5.175,0.14700572,67.0,4.1,5.382,1.35,0.25800001,1.49504301,5.7,0.907826,
2020-07-22,14.85,3.02150866,2.28,3.2,0.88334074,1.37,29.16420866,8.92000008,4.665,,11.76,3.0510481,2.22,12.79,4.09870602,2.18,2.01666465,8.02777166,5.91574484,6.504,5.28,0.14584209,68.349998,4.04,5.481,1.357,0.25400001,1.6514123,5.65,0.900037,
2020-07-26,15.5,2.97316452,2.36,3.34,0.93878053,1.37,28.64301591,8.92000008,4.625,,11.74,3.12218653,2.25,13.04,4.06241421,2.2,2.01333132,8.6277712,5.98895951,6.48,5.79,0.15010875,68.989998,3.99,5.643,1.358,0.25350001,1.62090122,5.81,0.905229,
2020-07-27,15.3,3.06683129,2.37,3.42,0.98313237,1.41,28.98292511,8.86053341,4.625,,11.49,3.16170788,2.3,13.0,4.08282835,2.19,1.999998,8.47221576,5.84253018,6.36,6.075,0.1667875,69.489998,4.04,5.67,1.384,0.25650001,1.61708734,5.8,0.908691,
2020-07-28,15.0,3.08496034,2.39,3.6,0.99052434,1.4,28.91494237,8.77133341,4.7,,11.46,3.09056945,2.29,13.0,3.93312465,2.29,2.00999799,8.24443816,5.91574484,6.4,6.375,0.16135721,69.889999,3.94,5.6,1.397,0.26600001,1.57894848,5.89,0.903499,
2020-07-29,15.0,3.04568073,2.46,3.66,1.01270026,1.407,28.77897914,8.92000008,4.73,,11.61,3.2091335,2.28,13.01,4.06014597,2.25,1.98999801,7.87777177,6.04020977,6.4,6.5175,0.17532081,69.010002,4.2,5.7,1.4,0.25650001,1.55225129,5.9,0.913018,
2020-08-04,15.0,3.20279918,2.47,3.6,1.06074808,1.472,28.552373,8.95716675,4.925,,11.9,3.35931462,2.4,13.3,4.43667325,2.29,2.03999796,7.81110516,6.04753124,6.568,6.525,0.18656927,69.889999,4.3,5.75,1.424,0.26600001,1.5751346,6.05,0.923403,
2020-08-05,15.15,3.11517543,2.44,3.52,1.03487618,1.526,28.64301591,8.80850008,4.96,,11.93,3.32769754,2.48,13.2,4.75195878,2.48,2.10666456,7.91110508,6.06949564,6.344,6.45,0.18928441,70.5,4.63,5.69,1.427,0.25650001,1.57132071,6.15,0.925999,
2020-08-06,15.4,3.12121844,2.45,3.5,1.04226815,1.598,29.20952944,8.92000008,4.845,,11.7,3.3909317,2.47,13.11,5.12394958,2.56,2.11666455,7.83332736,5.98895951,6.344,6.33,0.18812078,69.980003,4.62,5.78,1.431,0.25650001,1.56369294,6.2,0.910422,
2020-08-09,16.4,3.26322935,2.49,3.54,1.03487618,1.688,29.74885294,8.88283341,4.775,,11.6,3.33560181,2.55,13.18,4.72247146,2.67,2.18333115,7.86666067,5.96699511,6.224,6.525,0.18540564,68.029999,4.8,5.83,1.47,0.28200001,1.54462352,6.3,0.917345,
2020-08-10,17.379999,3.28740142,2.57,3.57,1.03118019,1.675,29.86668949,9.28423342,4.7,,11.76,3.43835732,2.55,13.2,4.64081467,2.59,2.20999779,7.86110512,5.96699511,6.2,6.6075,0.184242,67.699997,4.75,5.8,1.48,0.30650001,1.54462352,6.3,0.934654,
2020-08-11,17.799999,3.3840897,2.6,3.61,1.07553203,1.667,29.45426451,9.51466675,4.675,,12.2,3.45416586,2.56,13.3,4.79051883,2.6,2.15333118,7.83332736,6.00360244,6.08,6.8025,0.19975712,68.0,4.74,5.79,1.58,0.32300001,1.5751346,6.3,0.932923,
2020-08-12,18.07,3.40221875,2.57,3.59,1.09770795,1.664,29.18233761,9.31396674,4.84,,12.9,3.51740002,2.52,13.3,4.69525283,2.53,2.1333312,7.83332736,6.00360244,5.92,6.8025,0.20130863,67.589996,4.74,5.79,1.548,0.30250001,1.5751346,6.41,0.926865,
2020-08-13,18.01,3.50495004,2.52,3.64,1.07183604,1.625,29.40441071,9.23220009,4.74,,12.6,3.45416586,2.47,13.4,4.89939403,2.55,2.1333312,7.91110508,5.93770924,5.872,6.885,0.200145,66.900002,4.64,5.77,1.52,0.32250001,1.5484374,6.48,0.932923,
2020-08-16,19.549999,3.49890703,2.6,3.6,1.07922802,1.674,29.91200981,9.29166676,4.65,,12.96,3.61225125,2.51,13.35,4.79732332,2.56,2.17999782,8.44999356,5.83520871,5.8,7.0125,0.20479953,66.25,4.67,5.85,1.55,0.30900001,1.54462352,6.82,0.964943,
2020-08-17,19.02,3.47775647,2.59,3.58,1.06074808,1.719,30.27458099,9.21733342,4.725,,12.66,3.55692137,2.5,13.35,5.14663219,2.56,2.16999783,8.05554941,5.74002965,5.904,6.795,0.20130863,66.0,4.58,5.82,1.55,0.31500001,1.5484374,6.79,0.970136,
2020-08-18,18.549999,3.43545534,2.53,3.49,1.05335611,1.737,30.06157077,9.06123342,4.675,,12.29,3.45416586,2.43,13.19,5.48913613,2.66,2.13999786,7.96110504,5.76931552,5.776,6.8325,0.19665409,66.75,4.48,5.67,1.51,0.30700001,1.54462352,6.66,0.977925,
2020-08-19,18.360001,3.44451987,2.56,3.6,1.06814006,1.76,30.22925704,9.21733342,4.845,,12.5,3.48578294,2.45,13.2,5.89288226,2.75,2.1666645,7.99443835,5.71806525,5.68,6.9225,0.20402377,66.5,4.68,5.49,1.516,0.32200001,1.5484374,6.71,0.995233,
2020-08-23,18.5,3.44451987,2.78,3.84,1.082924,1.775,30.93173742,9.29166676,4.795,,12.45,3.61225125,2.5,13.6,5.92010111,2.85,2.21666445,8.29443812,5.81324432,5.84,6.9525,0.20945406,68.0,4.83,5.5,1.554,0.32200001,1.55606517,6.94,0.996964,
2020-08-24,18.9,3.58955229,2.86,4.0,1.09031598,1.761,30.87735059,9.70050009,4.825,,12.87,3.63596406,2.53,13.85,5.92236958,2.85,2.22999777,8.33332698,5.84985165,5.96,6.93,0.21566011,69.699997,4.86,5.47,1.59,0.32150001,1.60564568,6.94,0.995233,
2020-08-25,18.629999,3.57746625,2.88,3.87,1.17901965,1.727,31.26711359,9.54440008,4.875,,12.54,3.55692137,2.49,13.74,5.89741873,2.82,2.19333114,8.27777147,5.82056578,6.08,6.7575,0.2245813,69.449997,4.65,5.47,1.548,0.32000001,1.59039014,6.88,0.990041,
2020-08-26,18.0,3.61070285,2.83,3.88,1.22337148,1.73,31.09036081,9.47750008,5.27,,12.49,3.5490171,2.55,13.75,5.82937182,2.94,2.17999782,8.08888272,5.82056578,6.08,6.915,0.22535706,74.900002,4.76,5.43,1.53,0.31300001,1.5751346,6.88,0.985713,
2020-08-27,18.0,3.74667074,2.84,3.87,1.24924339,1.751,31.26711359,9.51466675,5.63,,12.4,3.51740002,2.59,13.65,5.61388899,2.86,2.2333311,8.01666055,5.74002965,5.976,6.7875,0.22884796,77.0,4.7,5.36,1.527,0.31000001,1.57894848,6.8,0.990041,
2020-08-30,18.5,3.68624056,2.93,4.09,1.23445944,1.782,31.1266187,9.47750008,5.675,,12.89,3.61225125,2.6,13.6,5.77266587,2.88,2.22666444,7.97221614,5.69610085,5.856,6.7875,0.2280722,77.5,4.65,5.37,1.53,0.31950001,1.59420402,6.8,0.986579,
2020-08-31,18.030001,3.71343414,2.94,4.14,1.21228352,1.776,30.97705774,9.58900008,5.57,,13.15,3.62805979,2.62,13.57,5.72276441,2.86,2.2333311,7.94443839,5.69610085,5.8,6.7425,0.22535706,76.580002,4.6,5.44,1.578,0.33400001,1.59039014,7.18,0.985713,
2020-09-01,17.93,3.66206849,2.83,4.01,1.20119557,1.73,30.62355308,9.45520008,5.475,,12.81,3.5490171,2.54,14.15,5.71142322,2.8,2.17999782,7.86110512,5.63020766,5.68,6.6,0.22302979,76.0,4.59,5.38,1.538,0.32250001,1.57132071,6.94,0.977059,
2020-09-02,18.0,3.68624056,2.93,4.1,1.17162767,1.666,30.31990176,9.36600008,5.275,,12.65,3.37512316,2.51,14.49,6.29436038,2.74,2.12999787,7.7833274,5.61556472,5.6,6.5925,0.22147828,75.5,4.76,5.37,1.49,0.33950001,1.56369294,6.94,0.96927,
2020-09-03,18.6,3.66206849,2.93,4.0,1.1642357,1.65,30.58729519,9.15786675,5.245,,12.46,3.36721889,2.5,14.34,6.4690147,2.78,2.08333125,7.86666067,5.60092179,5.6,6.5625,0.22070252,74.989998,4.75,5.41,1.481,0.34500001,1.55225129,6.91,0.964943,
2020-09-06,18.25,3.61976737,2.85,3.95,1.14575577,1.627,30.36522208,9.12813342,5.055,,12.32,3.31979327,2.46,14.55,6.46447823,2.7,2.06999793,7.68332748,5.52770713,5.52,6.525,0.21915101,73.949997,4.62,5.34,1.475,0.35950002,1.52936798,6.76,0.96927,
2020-09-07,18.290001,3.5955953,2.75,3.9,1.13466781,1.616,30.54197442,9.21733342,5.0,,12.29,3.2881762,2.45,14.8,6.63459608,2.67,2.05999794,7.71666078,5.52038566,5.512,6.51,0.22341767,73.900002,4.6,5.35,1.46,0.35000002,1.55606517,6.68,0.952827,
2020-09-08,18.139999,3.58048776,2.68,3.8,1.10879591,1.581,30.36522208,9.14300009,5.0,,11.97,3.24075058,2.42,14.61,6.48716061,2.63,2.01999798,7.66666082,5.41788513,5.44,6.4425,0.21915101,72.449997,4.51,5.32,1.432,0.37950002,1.53318186,6.6,0.951097,
2020-09-09,18.6,3.4898425,2.65,3.65,1.06444407,1.501,30.44680029,9.00920008,4.995,,11.31,3.16961215,2.35,13.58,6.21950853,2.62,1.999998,7.59443865,5.39592073,5.512,6.045,0.21333284,72.0,4.3,5.26,1.382,0.39000002,1.50648466,6.31,0.92773,
2020-09-10,19.200001,3.55329418,2.69,3.76,1.07922802,1.53,30.80030541,8.95716675,5.0,,11.6,3.29608046,2.39,13.2,6.44179585,2.73,2.0333313,7.577772,5.49109979,5.6,6.15,0.21721162,73.5,4.42,5.23,1.39,0.42050002,1.56750683,6.5,0.925999,
2020-09-13,19.08,3.57142323,2.7,3.89,1.13466781,1.538,30.95439939,8.99433342,5.125,,11.5,3.311889,2.39,13.0,6.55520775,2.74,2.05999794,7.54999424,5.45449246,5.6,6.3,0.21915101,75.699997,4.49,5.27,1.4,0.45150002,1.5751346,6.58,0.930327,
2020-09-14,18.700001,3.53214362,2.67,3.82,1.1642357,1.528,30.81843435,8.98690008,5.15,,11.57,3.26446339,2.44,12.45,6.42591818,2.7,2.0333313,7.76666074,5.46181393,5.56,6.1725,0.2245813,75.940002,4.37,5.26,1.407,0.46950002,1.5484374,6.47,0.934654,
2020-09-15,18.940001,3.38711121,2.62,3.72,1.13466781,1.501,30.80483844,8.89770008,5.055,,11.41,3.20122923,2.42,12.61,6.34879809,2.63,2.00333133,7.60554976,5.45449246,5.44,6.1575,0.21915101,74.059998,4.21,5.35,1.394,0.44800002,1.54462352,6.33,0.92773,
2020-09-16,19.299999,3.42941233,2.62,3.74,1.12727584,1.511,31.03144457,8.92000008,5.055,,11.36,3.24865485,2.48,12.42,6.271678,2.71,2.00333133,7.49999428,5.46181393,5.56,6.2925,0.21682374,73.300003,4.3,5.47,1.429,0.44550002,1.52555409,6.2,0.934654,
2020-09-17,19.200001,3.37502517,2.6,3.75,1.14205978,1.528,30.86375467,8.84566674,5.095,,11.74,3.23284631,2.45,12.32,6.31704276,2.79,2.00333133,7.58332755,5.52770713,5.44,6.4125,0.22031465,73.800003,4.31,5.45,1.43,0.47650002,1.54462352,6.32,0.943308,
2020-09-20,19.25,3.34783159,2.64,3.77,1.12727584,1.515,30.53291198,8.92000008,4.95,,11.99,3.30398473,2.4,12.06,6.23765443,2.73,1.97666469,7.44443877,5.56431446,5.48,6.4425,0.21876313,73.0,4.24,5.53,1.41,0.45350002,1.56369294,6.34,0.936384,
2020-09-21,19.5,3.44451987,2.65,3.7,1.11988387,1.54,30.5465079,8.83080008,5.0,,11.84,3.39883597,2.45,12.24,6.46447823,2.7,1.98999801,7.41110546,5.58627886,5.44,6.3675,0.21721162,72.989998,4.26,5.53,1.433,0.43300002,1.54462352,6.5,0.930327,
2020-09-22,20.1,3.35387461,2.79,3.69,1.06444407,1.55,30.80937147,8.80106674,4.995,,11.98,3.55692137,2.44,11.99,6.32838395,2.66,1.97666469,7.35554995,5.3593134,5.36,6.2925,0.21022982,72.050003,4.14,5.44,1.4,0.43250002,1.5217402,6.4,0.936384,
2020-09-23,20.25,3.36596065,2.91,3.72,1.10140393,1.58,30.61449019,8.87540008,4.98,,12.85,3.62015552,2.45,12.07,6.23765443,2.69,1.97999802,7.54999424,5.34467047,5.392,6.6675,0.2141086,71.510002,4.13,5.49,1.41,0.42450002,1.51411243,6.4,0.950231,
2020-09-24,20.9,3.3508531,2.83,3.65,1.07183604,1.55,30.42413832,8.89770008,4.8,,12.68,3.52530429,2.4,11.77,6.19228944,2.61,1.92666474,7.41110546,5.2714558,5.176,6.585,0.21100558,71.489998,4.03,5.45,1.388,0.41000002,1.46453193,6.26,0.9485,
2020-09-27,20.459999,3.3508531,2.8,3.63,1.0570521,1.679,30.59182822,8.84566674,4.775,,12.55,3.5727299,2.47,11.8,6.10156015,2.58,1.96999803,7.3611055,5.27877727,5.24,6.5325,0.21566011,72.0,4.0,5.47,1.441,0.40050002,1.44164861,6.21,0.943308,
2020-09-28,19.870001,3.4566059,2.75,3.56,1.07183604,1.658,30.36522208,9.10583342,4.65,,12.4,3.51740002,2.47,11.9,6.05619562,2.56,2.01666465,7.49443873,5.227527,5.24,6.375,0.22302979,72.5,4.05,5.97,1.447,0.39650002,1.4187653,6.35,0.947635,
2020-09-29,19.690001,3.47473496,2.7,3.51,1.04226815,1.625,30.27458099,9.10583342,4.6350005,,12.2,3.45416586,2.5,11.98,5.97453883,2.53,2.02333131,7.71666078,5.23484847,5.232,6.3,0.22225404,72.300003,3.99,5.9,1.475,0.38450002,1.39588199,6.33,0.940712,
2020-09-30,19.5,3.47473496,2.65,3.6,1.01639625,1.597,30.29723934,9.10583342,4.795,,12.19,3.49368721,2.55,11.9,5.95185645,2.48,1.98999801,7.66666082,5.41788513,5.2,6.225,0.21915101,71.989998,3.98,6.09,1.45,0.39250002,1.4187653,6.4,0.939846,
2020-10-01,19.75,3.38711121,2.71,3.72,1.04966013,1.61,30.36522208,8.97946675,4.75,,12.56,3.49368721,2.56,12.0,6.18094848,2.55,2.00999799,7.69999413,5.54574167,5.104,6.3,0.21915101,72.0,4.0,6.44,1.449,0.38550002,1.46453193,6.53,0.926865,
2020-10-04,19.700001,3.47473496,2.76,3.7,1.07183604,1.604,30.27004796,9.18016675,5.0,,13.37,3.53320856,2.55,12.1,6.07434152,2.54,2.03999796,7.66666082,5.34859784,5.168,6.2625,0.21915101,73.0,3.99,6.4,1.46,0.40750002,1.43020696,6.5,0.925999,
2020-10-05,19.360001,3.47473496,2.7,3.6,1.04226815,1.582,30.4966541,9.09096675,5.065,,13.25,3.4699744,2.48,12.18,6.7139844,2.49,2.03666463,7.54999424,5.28002607,5.112,6.0675,0.21876313,72.0,3.93,6.24,1.44,0.39150002,1.41113753,6.45,0.925999,
2020-10-06,19.4,3.45962741,2.72,3.54,1.03118019,1.585,30.70513129,9.17273342,4.92,,13.47,3.47787867,2.59,12.36,6.69130203,2.54,2.11666455,7.63888306,5.34859784,5.152,6.1275,0.21566011,72.0,4.11,6.2,1.467,0.38750002,1.45309027,6.78,0.924269,
2020-10-07,19.5,3.64696095,2.71,3.55,1.04966013,1.585,31.11302324,9.21733342,4.775,,13.4,3.55692137,2.61,12.53,6.58015836,2.7,2.28999771,7.74443854,5.28002607,5.2,6.1725,0.21876313,71.989998,4.18,6.11,1.514,0.40000002,1.46071804,6.9,0.932057,
2020-10-11,18.969999,3.76177828,2.75,3.54,1.14575577,1.62,31.04504049,9.21733342,4.825,,13.07,3.79404946,2.6,12.61,6.50757498,2.85,2.38666428,7.78888295,5.2714546,5.224,6.21,0.22302979,71.989998,4.13,6.18,1.514,0.40000002,1.44164861,6.85,0.917345,
2020-10-12,18.9,3.71645565,2.82,3.5,1.1642357,1.623,30.81843435,9.18016675,4.745,,12.65,3.9126135,2.69,12.7,6.46447823,2.91,2.52999747,7.83332736,5.22859725,5.2,6.1875,0.22419343,73.0,4.13,6.1,1.517,0.40000002,1.4454625,7.02,0.930327,
2020-10-13,18.389999,3.64091793,2.77,3.44,1.13466781,1.596,30.81843435,9.18016675,4.675,,12.36,3.87309215,2.63,12.75,6.38962637,2.82,2.3999976,7.75554964,5.16859695,5.2,6.1125,0.21992677,71.370003,4.03,5.98,1.496,0.41750002,1.4187653,6.87,0.923403,
2020-10-14,18.49,3.65904698,2.72,3.49,1.11249189,1.6,30.72779326,9.20990009,4.65,,12.2,3.77824092,2.6,12.72,6.57335365,3.03,2.2999977,7.76110519,5.22002578,5.2,6.375,0.21643587,71.25,4.02,6.4,1.477,0.42500002,1.40350976,6.89,0.918211,
2020-10-15,18.299999,3.65300397,2.73,3.49,1.14575577,1.61,30.77311403,9.17273342,4.67,,12.24,3.71500676,2.61,12.63,6.56654916,3.08,2.28333105,7.74999409,5.17716842,5.44,6.4425,0.2175995,73.75,4.1,6.37,1.478,0.42250002,1.39969588,6.9,0.925999,
2020-10-18,18.1,3.5955953,2.7,3.4,1.11988387,1.584,30.69153537,9.13556675,4.65,,12.1,3.59644271,2.56,12.5,6.55067104,3.08,2.23999776,7.64443862,5.08288224,5.376,6.2175,0.21682374,73.449997,4.04,6.25,1.459,0.41250002,1.37299868,6.77,0.917345,
2020-10-19,18.139999,3.58955229,2.65,3.4,1.10879591,1.575,30.38788406,9.18016675,4.71,,11.9,3.46207013,2.52,12.5,6.52118418,3.12,2.2333311,7.42221656,5.13431107,5.36,6.3,0.21992677,75.010002,3.96,6.18,1.437,0.41250002,1.38444034,6.8,0.920807,
2020-10-20,17.98,3.68321905,2.6,3.34,1.08661999,1.55,30.36522208,9.06123342,4.645,,11.8,3.39883597,2.49,12.41,6.38282143,3.06,2.18999781,7.50554983,5.11716813,5.36,6.1575,0.2175995,75.699997,3.88,6.1,1.414,0.40050002,1.37299868,6.75,0.913884,
2020-10-21,17.58,3.61976737,2.58,3.31,1.07553203,1.542,30.35162617,9.05380008,4.585,,11.74,3.39883597,2.5,12.49,6.44179585,3.04,2.20333113,7.52777204,5.10859666,5.36,6.2625,0.2141086,74.699997,3.9,6.05,1.408,0.40050002,1.36155703,6.77,0.917345,
2020-10-22,17.450001,3.5230791,2.51,3.17,1.02009223,1.498,30.18393627,8.91256675,4.53,,11.39,3.311889,2.46,12.34,6.34652985,2.9,2.1666645,7.43332767,5.22859725,5.52,6.0975,0.20906619,71.339996,3.78,6.0,1.381,0.39750002,1.32341817,6.53,0.917345,
2020-10-25,17.0,3.38106819,2.41,3.03,0.95356448,1.41,30.18393627,9.06123342,4.725,,10.86,3.2091335,2.39,12.04,6.23765443,2.84,2.14666452,7.27221668,5.32288343,5.408,5.97,0.200145,70.5,3.66,5.99,1.34,0.39750002,1.3157904,6.5,0.909556,
2020-10-26,17.0,3.36898215,2.44,3.1,0.95356448,1.4,28.09462952,8.95716675,4.625,,11.09,3.24075058,2.37,12.2,6.57335365,2.84,2.18333115,7.22221672,5.40002667,5.448,6.0,0.20092075,72.0,3.7,6.29,1.346,0.39750002,1.3424876,6.48,0.904364,
2020-10-27,17.200001,3.43243384,2.47,3.1,0.96095645,1.41,27.9224084,8.93486675,4.67,,11.17,3.24075058,2.4,12.4,7.01112358,2.8,2.22333111,7.08332793,5.35716931,5.352,6.075,0.20169651,71.0,3.69,6.38,1.365,0.39500002,1.38825422,6.33,0.904364,
2020-10-28,17.4,3.36293914,2.43,3.15,0.95726047,1.401,27.8725546,9.03150008,4.55,,11.23,3.2091335,2.35,12.28,7.53508678,2.76,2.18666448,7.02221687,5.28859754,5.296,6.0825,0.20092075,70.099998,3.65,6.35,1.353,0.39500002,1.40732365,6.28,0.904364,
2020-11-01,17.190001,3.40826177,2.39,3.04,0.92769258,1.38,27.75925153,8.92000008,4.515,,11.1,3.16170788,2.3,12.22,7.66664413,2.68,2.11666455,6.86666143,5.15145401,5.32,5.97,0.19820561,70.0,3.6,6.25,1.34,0.40450002,1.37681257,6.15,0.899171,
2020-11-02,18.299999,3.50495004,2.5,3.02,0.93138856,1.373,28.32576687,8.94973341,4.525,,11.09,3.30398473,2.26,12.31,7.59406074,2.66,2.03999796,6.81666147,5.10859666,5.336,5.925,0.19238744,68.989998,3.61,6.2,1.304,0.39500002,1.3691848,6.1,0.900902,
2020-11-03,18.84,3.36596065,2.43,2.98,0.8944287,1.336,28.54330876,8.88283341,4.53,,10.87,3.16961215,2.25,12.26,7.4126017,2.64,2.02666464,6.91666139,5.0657393,5.352,5.85,0.18618139,69.0,3.46,6.15,1.27,0.39900002,1.35392925,6.04,0.900902,
2020-11-04,18.85,3.38106819,2.4,2.97,0.90182067,1.332,28.50705268,8.84566674,4.53,,11.0,3.17751642,2.28,12.52,8.10441428,2.76,2.04999795,6.83332812,5.14288254,5.432,5.9325,0.1877329,70.0,3.47,6.2,1.27,0.39950002,1.38062645,6.12,0.900037,
2020-11-05,18.709999,3.35387461,2.42,3.09,0.90551666,1.335,28.82429946,8.88283341,4.545,,10.97,3.21703777,2.29,12.58,7.93202842,2.74,2.04999795,6.84443923,5.1257396,5.6,6.1425,0.18734502,69.010002,3.5,6.29,1.279,0.37050002,1.40350976,6.17,0.902633,
2020-11-08,18.700001,3.36898215,2.41,3.06,0.8944287,1.332,28.96026495,9.21733342,4.545,,11.0,3.16170788,2.27,12.75,7.80273909,2.7,2.02333131,6.83888367,5.29716902,5.52,6.3225,0.18695715,69.0,3.48,6.5,1.277,0.37050002,1.40350976,6.14,0.904364,
2020-11-09,18.799999,3.4898425,2.47,3.11,0.96095645,1.397,29.00558527,9.42546675,4.745,,11.65,3.26446339,2.32,12.6,7.91615098,2.89,2.11666455,7.47221652,5.48574138,5.72,6.6,0.19355107,70.0,3.75,6.78,1.3,0.39700002,1.43783473,6.48,0.917345,
2020-11-10,19.0,3.56538022,2.54,3.13,0.99422033,1.444,29.86668949,9.42546675,4.625,,11.75,3.31979327,2.36,12.77,7.82542101,3.0,2.14666452,7.51666094,5.5371702,5.68,6.6,0.19665409,73.0,4.31,7.3,1.332,0.39700002,1.44927639,6.66,0.925999,
2020-11-11,19.0,3.68624056,2.58,3.17,0.99052434,1.438,29.45879754,9.32140008,4.735,,11.64,3.35141035,2.38,12.7,7.35816376,2.96,2.12333121,7.57221645,5.46002696,5.6,6.75,0.19898136,73.449997,4.45,7.25,1.329,0.42000002,1.45690416,6.6,0.934654,
2020-11-12,19.200001,3.68321905,2.59,3.28,0.99791632,1.449,29.44973466,8.17666674,4.66,,11.9,3.3909317,2.38,12.5,7.48518532,3.17,2.1333312,7.52777204,5.46859843,5.76,6.72,0.20053287,74.0,4.38,7.33,1.347,0.44100002,1.4454625,6.55,0.930327,
2020-11-15,19.299999,3.71645565,2.6,3.33,1.04226815,1.439,29.43613557,8.25100008,4.675,,11.69,3.39883597,2.37,12.32,7.4171384,3.22,2.13999786,7.59999421,5.56288461,5.696,6.6,0.19898136,74.900002,4.43,7.23,1.36,0.46000002,1.42639307,6.49,0.929461,
2020-11-16,19.700001,3.5955953,2.59,3.28,1.02378822,1.427,29.18233761,8.25100008,4.625,,11.6,3.35931462,2.4,12.56,7.40579744,3.36,2.1999978,7.66666082,5.48574138,5.8,6.495,0.19549046,75.5,4.43,7.4,1.358,0.42650002,1.41113753,6.75,0.92773,
2020-11-17,20.1,3.62278888,2.63,3.23,1.03118019,1.479,28.98292511,8.17666674,4.75,,11.78,3.36721889,2.46,12.92,7.40352852,3.37,2.24999775,7.74999409,5.3314549,5.8,6.675,0.19936924,78.0,4.74,7.57,1.39,0.42700002,1.48741524,6.95,0.931192,
2020-11-18,20.1,3.59861681,2.59,3.2,1.02748421,1.475,28.87868629,8.17666674,4.93,,11.75,3.32769754,2.46,12.9,7.46250339,3.31,2.23999776,7.74443854,5.30574049,5.736,6.72,0.20053287,77.25,4.7,7.6,1.38,0.40000002,1.44927639,6.8,0.922538,
2020-11-19,19.9,3.59257379,2.57,3.23,0.99791632,1.446,28.71552987,8.17666674,4.9,,11.95,3.27236766,2.46,12.78,7.25609328,3.22,2.333331,7.56110535,5.15145401,5.76,6.5925,0.200145,78.5,4.63,8.0,1.36,0.40050002,1.41113753,6.8,0.909556,
2020-11-22,19.59,3.55329418,2.52,3.18,0.98313237,1.44,28.39374962,8.0577334,4.7600005,,12.0,3.22494204,2.48,12.82,7.09958463,3.3,2.32333101,7.52777204,5.0657393,5.616,6.51,0.19975712,80.0,4.53,7.82,1.348,0.40000002,1.4454625,6.8,0.925999,
2020-11-23,19.879999,3.62581039,2.55,3.18,0.98682836,1.422,28.50705268,7.9908334,4.865,,11.95,3.34350608,2.5,12.87,7.09958463,3.27,2.38333095,7.49999428,5.10002519,5.76,6.5475,0.21527223,82.5,4.66,7.59,1.36,0.39950002,1.54462352,7.0,0.908691,
2020-11-24,20.0,3.58048776,2.6,3.29,0.99791632,1.447,28.59769332,8.02800007,4.9,,11.89,3.34350608,2.54,13.0,7.09958463,3.3,2.3999976,7.64999417,5.02288195,5.776,6.675,0.2245813,85.989998,4.96,7.51,1.39,0.39950002,1.57132071,7.34,0.904364,
2020-11-25,20.9,3.58955229,2.65,3.28,1.01270026,1.49,28.99198936,8.20640007,4.91,,11.8,3.33560181,2.52,13.14,7.06556129,3.37,2.37333096,7.86110512,4.97145312,5.84,6.675,0.2210904,85.0,4.86,7.67,1.43,0.40000002,1.57894848,7.33,0.900037,
2020-11-26,21.209999,3.52005759,2.75,3.33,0.98313237,1.468,28.73365882,8.21383341,4.855,,11.67,3.62015552,2.55,12.96,7.02019676,3.3,2.28666438,7.74443854,4.85145253,5.824,6.6,0.21566011,83.129997,4.89,7.65,1.419,0.39950002,1.57132071,7.2,0.899171,
2020-11-29,21.0,3.53516513,2.8,3.36,0.98682836,1.509,28.552373,8.25100008,4.9,,11.77,3.71500676,2.56,12.94,6.98617273,3.29,2.29666437,7.71666078,4.79145223,5.808,6.585,0.2210904,85.0,4.9,7.57,1.42,0.39950002,1.55606517,7.2,0.900037,
2020-11-30,20.5,3.53214362,2.78,3.38,0.99422033,1.52,28.552373,8.25100008,4.825,,11.78,3.62805979,2.54,12.73,6.91812582,3.46,2.2999977,7.74999409,4.82573812,5.664,7.1625,0.21837526,85.0,4.86,7.56,1.419,0.39950002,1.54080963,7.18,0.900037,
2020-12-01,20.49,3.50495004,2.73,3.6,1.00900428,1.516,28.76991489,8.42940008,4.85,,11.9,3.66758114,2.75,13.3,7.14041314,3.48,2.28999771,7.77777185,4.8000237,5.64,7.5975,0.21837526,84.599998,4.8,7.55,1.45,0.39950002,1.51411243,7.21,0.899171,
2020-12-02,20.17,3.72854168,2.73,3.58,1.02378822,1.5,28.71099639,8.69700007,4.78,,11.86,3.6517726,2.84,13.29,7.25836152,3.45,2.2999977,7.7944385,4.77430929,5.504,7.95000011,0.21837526,85.0,4.8,7.54,1.455,0.39950002,1.5217402,7.3,0.890517,
2020-12-03,20.4,3.86753108,2.73,3.46,1.01270026,1.49,28.52517981,8.87540008,4.73,,11.84,3.77824092,2.75,12.89,7.6439622,3.38,2.24999775,7.72221633,4.68002311,5.344,7.6050001,0.21953889,83.25,4.81,7.82,1.439,0.39500002,1.55987906,7.2,0.883594,
2020-12-06,22.34,3.83127298,2.78,3.45,1.0570521,1.49,28.52064815,8.84566674,4.75,,12.3,3.71500676,2.71,12.9,7.49652628,3.37,2.22666444,7.73332744,4.67145164,5.28,7.4775001,0.23311462,83.0,4.9,7.96,1.43,0.39450002,1.55225129,7.2,0.900037,
2020-12-07,21.9,3.77688582,2.8,3.4,1.06074808,1.518,28.41640978,8.87540008,4.75,,12.82,3.67548541,2.69,12.8,7.48518532,3.33,2.24666442,7.74443854,4.53430811,5.16,7.7250001,0.23427825,84.489998,5.0,8.06,1.445,0.39450002,1.49885689,7.17,0.899171,
2020-12-08,21.51,3.837316,3.04,3.43,1.04596414,1.545,28.4617301,9.13556675,4.8,,12.87,3.71500676,2.63,12.8,7.45116129,3.34,2.21666445,7.71110523,4.66288017,4.88,7.8450001,0.23389037,85.690002,5.05,7.88,1.462,0.38950002,1.48360135,7.01,0.892248,
2020-12-09,21.75,3.82220845,3.1,3.35,1.03118019,1.54,28.552373,9.40316675,4.845,,12.6,3.70710249,2.6,12.7,7.39899205,3.28,2.24999775,7.63888306,4.60287987,5.032,7.6425001,0.22884796,85.650002,5.15,7.85,1.46,0.38650002,1.45690416,6.99,0.890517,
2020-12-10,21.299999,3.75875677,3.2,3.28,1.0016123,1.516,28.54784179,9.67076675,4.75,,12.26,3.61225125,2.53,12.57,7.42847937,3.18,2.17333116,7.56110535,4.50002222,4.8,7.3500001,0.22264191,85.400002,5.12,7.75,1.445,0.38600002,1.43402084,6.81,0.893113,
2020-12-13,21.0,3.73760621,3.39,3.22,0.97943638,1.497,28.43906994,9.73766676,4.725,,12.2,3.52530429,2.51,12.5,7.43755255,3.2,2.09333124,7.62777196,4.4485934,4.792,7.4400001,0.22070252,85.0,5.25,7.68,1.415,0.36000002,1.39206811,6.8,0.89571,
2020-12-14,21.25,3.77688582,3.3,3.32,0.98313237,1.51,28.45719888,10.22083342,4.75,,12.49,3.55692137,2.5,12.5,7.38311438,3.22,2.11666455,7.63332751,4.83430959,4.8,7.6875001,0.22186616,85.989998,5.23,7.64,1.43,0.37000002,1.39588199,6.85,0.900037,
2020-12-15,21.200001,3.73760621,3.3,3.28,0.98313237,1.535,28.38921613,9.99783343,4.65,,12.4,3.52530429,2.54,12.44,7.44889351,3.28,2.12333121,7.78888295,4.76573782,4.8,7.5750001,0.22031465,86.25,5.17,7.49,1.448,0.37400002,1.41113753,6.9,0.891383,
2020-12-16,21.0,3.65602548,3.26,3.24,0.96095645,1.51,28.49798798,9.84916676,4.65,,12.3,3.51740002,2.5,12.31,7.4171384,3.21,2.06999793,7.77777185,4.70573752,4.8,7.4100001,0.21721162,85.790001,4.95,7.4,1.429,0.35900002,1.39588199,6.66,0.891383,
2020-12-17,20.799999,3.67113302,3.2,3.4,0.92399659,1.493,28.32576687,9.91606676,4.595,,12.02,3.39883597,2.46,12.2,7.67798509,3.15,2.06333127,7.72221633,4.64573723,4.672,7.2375001,0.21216921,84.970001,4.93,7.2,1.391,0.33350001,1.39206811,6.59,0.884459,
2020-12-20,22.49,3.70739112,3.25,3.41,0.94247652,1.545,27.65501271,9.87146676,4.525,,12.25,3.45416586,2.48,12.37,7.89120014,3.25,2.07333126,8.2166604,4.68002311,4.744,7.3500001,0.21178133,83.260002,5.15,7.17,1.396,0.35500002,1.43020696,6.6,0.878401,
2020-12-21,21.75,3.64998246,3.18,3.34,0.93508455,1.521,27.44653552,9.66333342,4.505,,12.13,3.3909317,2.46,12.23,7.75056871,3.23,2.03999796,8.05554941,4.62859429,4.624,7.2600001,0.20945406,83.260002,4.99,7.02,1.389,0.33350001,1.40350976,6.53,0.874074,
2020-12-22,20.969999,3.57746625,2.93,3.13,0.87594877,1.41,27.2833791,9.58900008,4.49,,11.12,3.09847372,2.39,11.75,7.71200911,3.3,1.9666647,7.9999939,4.60287987,4.848,6.75000009,0.19781773,81.0,4.68,6.91,1.329,0.33350001,1.37681257,6.54,0.882728,
2020-12-23,20.84,3.57746625,3.05,3.15,0.88703673,1.419,27.37402201,9.66333342,4.495,,11.33,3.21703777,2.39,11.7,7.82088454,3.39,1.9666647,8.05554941,4.57716546,4.928,6.82500009,0.19975712,80.019997,4.66,6.85,1.343,0.33350001,1.39588199,6.49,0.889652,
2020-12-24,20.9,3.61674586,3.04,3.19,0.94247652,1.428,27.41934233,9.52210008,4.35,,11.65,3.23284631,2.4,11.79,7.68479048,3.29,1.9666647,7.9999939,4.53430811,4.856,6.85500009,0.21333284,80.010002,4.57,6.94,1.355,0.33450001,1.47597358,6.5,0.880998,
2020-12-27,20.85,3.61976737,2.95,3.19,0.92769258,1.412,27.13381815,9.41803341,4.34,,11.38,3.16170788,2.36,11.71,7.60767039,3.22,1.94333139,7.8055496,4.49145075,4.8,6.78000009,0.22070252,82.0,4.52,6.81,1.339,0.34300001,1.44164861,6.5,0.878401,
2020-12-28,20.73,3.59257379,3.02,3.22,0.91290863,1.41,26.9751943,9.55183342,4.35,,11.38,3.24865485,2.34,11.6,7.65530316,3.19,1.9666647,7.91666063,4.48287928,4.8,6.75000009,0.21721162,81.0,4.56,6.9,1.328,0.34100001,1.46453193,6.43,0.882728,
2020-12-29,20.690001,3.61070285,3.19,3.2,0.91290863,1.445,26.96613006,9.81200009,4.44,,11.29,3.27236766,2.36,11.61,7.59179273,3.38,1.97333136,7.91666063,4.47430781,4.888,6.96750009,0.21527223,82.5,4.72,6.94,1.326,0.34350001,1.44927639,6.55,0.882728,
2020-12-30,20.709999,3.62581039,3.24,3.24,0.94617251,1.465,26.94800112,9.81200009,4.485,,11.49,3.30398473,2.4,11.98,7.58498756,3.41,2.02999797,8.18332709,4.51716516,4.96,7.07250009,0.21837526,83.0,5.03,7.05,1.35,0.35800002,1.48741524,6.65,0.882728,
2020-12-31,20.700001,3.6288319,3.17,3.28,0.96465244,1.456,26.96613006,9.82686676,4.455,,11.4,3.25655912,2.4,12.09,7.68705827,3.37,2.06333127,8.21110485,4.50002222,4.84,7.08750009,0.21837526,84.0,5.1,6.94,1.385,0.36650002,1.50648466,6.67,0.882728,
2021-01-03,21.0,3.62581039,3.18,3.24,0.94986849,1.445,26.96613006,9.74510009,4.455,,11.6,3.29608046,2.41,12.18,8.05224481,3.61,2.08333125,8.12777158,4.39716457,4.8,7.08000009,0.21682374,84.459999,4.91,6.85,1.418,0.40300002,1.45690416,6.62,0.882728,
2021-01-04,20.85,3.60768134,3.16,3.23,0.94986849,1.445,26.96159884,9.73766676,4.49,,11.43,3.28027193,2.41,12.0,8.71230206,3.62,2.07333126,8.13332713,4.42287898,4.952,7.05000009,0.21527223,84.300003,4.87,6.8,1.414,0.44300002,1.44927639,6.64,0.880132,
2021-01-05,20.610001,3.58955229,3.21,3.24,0.92769258,1.518,26.80297319,9.88633343,4.43,,11.69,3.25655912,2.38,11.95,9.16368187,3.68,2.0666646,8.11110493,4.38002163,4.888,6.97500009,0.21449648,85.0,4.87,6.9,1.409,0.48700002,1.42639307,6.7,0.874074,
2021-01-06,20.85,3.60465983,3.37,3.26,0.93138856,1.538,27.07943313,9.74510009,4.41,,12.11,3.33560181,2.4,11.88,8.91190723,3.67,2.0999979,8.33332698,4.39716457,4.976,6.99000009,0.21449648,85.900002,4.84,7.09,1.426,0.53250002,1.41113753,6.8,0.874074,
2021-01-10,20.85,3.6983266,3.52,3.31,0.94617251,1.595,27.97679342,9.84916676,4.425,,12.97,3.35931462,2.48,12.04,8.77808119,3.76,2.09333124,8.86110435,4.41430751,5.096,7.1250001,0.21604799,86.400002,4.89,7.1,1.43,0.52800002,1.43020696,6.93,0.893979,
2021-01-11,20.120001,3.79803638,3.48,3.37,0.95726047,1.599,28.28044655,9.81200009,4.45,,12.99,3.37512316,2.52,12.17,8.76674023,3.77,2.07666459,8.78332664,4.36287869,5.176,7.4775001,0.21566011,85.650002,5.0,7.11,1.432,0.49900002,1.41495142,6.91,0.883594,
2021-01-12,20.59,3.91587522,3.37,3.65,0.98682836,1.637,28.77897914,9.88633343,4.625,,13.47,3.53320856,2.49,12.1,8.75539813,3.66,2.05999794,8.72221557,4.34573575,5.392,7.7250001,0.21643587,86.099998,4.9,7.38,1.448,0.48750002,1.41113753,6.86,0.882728,
2021-01-13,20.67,3.77084281,3.36,3.74,1.02748421,1.646,28.73365882,10.09446675,4.62,,13.2,3.51740002,2.56,12.02,8.61249982,3.65,2.09333124,8.77777109,4.34573575,5.56,7.6500001,0.21992677,86.75,4.94,7.36,1.487,0.49850002,1.39206811,7.0,0.887056,
2021-01-14,20.74,3.68321905,3.44,3.68,1.01270026,1.624,28.91494237,10.4810001,4.795,,14.0,3.40674024,2.54,11.99,8.57167153,3.64,2.08333125,8.69443782,4.39716457,5.736,7.5750001,0.21721162,87.699997,4.89,7.3,1.484,0.51250002,1.35392925,7.01,0.887921,
2021-01-17,21.700001,3.67113302,3.39,3.72,1.0016123,1.596,28.79257505,10.6148001,4.7,,14.6,3.37512316,2.56,11.94,8.49455144,3.64,2.05333128,8.80554884,4.5943084,5.752,7.8375001,0.21604799,95.93,4.91,7.25,1.476,0.55350002,1.39588199,7.1,0.934654,
2021-01-18,21.700001,3.73156319,3.31,3.65,0.99052434,1.574,28.71099639,10.6371001,4.675,,14.15,3.35931462,2.54,11.9,8.42650453,3.61,2.03999796,8.72221557,4.58573693,5.728,7.8300001,0.21449648,99.0,4.86,7.28,1.467,0.60050003,1.40732365,7.28,0.943308,
2021-01-19,21.5,3.67717604,3.3,3.74,0.97943638,1.587,29.00105406,10.7040001,4.65,,14.3,3.311889,2.54,11.85,8.90056627,3.62,2.03999796,8.82777105,4.55145105,5.544,8.40000011,0.21216921,94.75,4.88,7.45,1.504,0.66050003,1.38825422,7.28,0.930327,
2021-01-20,22.4,3.71343414,3.32,3.76,1.07553203,1.585,29.00558527,10.96416676,4.66,,14.22,3.36721889,2.62,11.9,9.01170947,3.77,2.05999794,8.93332652,4.62859429,5.56,8.68500012,0.22225404,96.0,5.26,7.43,1.533,0.71650003,1.38444034,7.35,0.929461,
2021-01-21,22.299999,3.68926207,3.32,3.69,1.09031598,1.582,29.3228325,11.04593343,4.625,,14.19,3.33560181,2.68,11.87,9.52659949,3.76,2.10333123,8.94443762,4.57716546,5.504,8.47500011,0.2245813,96.0,5.27,7.36,1.537,0.78000003,1.38062645,7.7,0.918211,
2021-01-24,22.0,3.68624056,3.29,3.63,1.10140393,1.569,29.18687109,11.06823343,4.625,,14.1,3.31979327,2.65,11.77,9.50391757,3.7,2.08999791,8.86110435,4.52573663,5.496,8.37000011,0.2210904,95.279999,5.5,7.34,1.522,0.82600004,1.37299868,7.72,0.907826,
2021-01-25,21.959999,3.70134811,3.27,3.58,1.09401196,1.58,28.60675802,10.92700009,4.625,,14.0,3.35141035,2.62,11.77,9.42679725,3.67,2.08999791,8.82777105,4.47430781,5.4,8.45250011,0.22768433,95.0,5.57,7.38,1.565,0.82500004,1.39206811,7.59,0.914749,
2021-01-26,21.67,3.68624056,3.25,3.6,1.10879591,1.614,28.59769332,10.84523342,4.575,,14.2,3.35931462,2.66,11.7,9.50164865,3.68,2.09333124,8.81665994,4.42287898,5.648,8.47500011,0.22652069,94.0,5.43,7.3,1.596,0.85699999,1.38062645,7.55,0.912153,
2021-01-27,23.0,3.67113302,3.29,3.55,1.12357985,1.605,28.62035575,11.43990011,4.585,,14.35,3.3909317,2.65,11.83,9.49938086,3.68,2.06333127,8.88888211,4.44002193,5.64,8.44500011,0.22652069,97.0,5.42,7.25,1.59,0.90500004,1.36155703,7.53,0.909556,
2021-01-31,23.91,3.67113302,3.28,3.53,1.10509992,1.581,28.77897914,11.1723001,4.54,,14.19,3.33560181,2.64,11.75,10.48379615,3.63,2.03666463,8.77777109,4.50859369,5.608,8.43000011,0.22419343,97.5,5.35,7.19,1.571,0.95550009,1.37681257,7.48,0.908691,
2021-02-01,24.24,3.64091793,3.37,3.6,1.09031598,1.579,28.73365882,11.1500001,4.575,,14.2,3.33560181,2.71,11.85,11.00095418,3.66,2.02666464,8.90554932,4.50859369,5.6,8.30250011,0.22264191,100.0,5.25,7.14,1.67,1.14500005,1.3691848,7.44,0.951097,
2021-02-02,24.0,3.66509,3.41,3.65,1.08661999,1.619,28.73365882,11.1500001,4.6,,13.98,3.51740002,2.8,11.86,10.59267157,3.77,2.05999794,8.8333266,4.50002222,5.584,8.33250011,0.2210904,102.8,5.3,7.1,1.745,1.232,1.3691848,7.53,0.944173,
2021-02-03,23.52,3.69228358,3.38,3.64,1.10509992,1.649,28.76538322,11.1500001,4.575,,13.93,3.50159148,2.8,11.9,10.20707089,3.77,2.04666462,8.82777105,4.49145075,5.584,8.47500011,0.22302979,101.0,5.4,7.15,1.739,1.35350006,1.4454625,7.5,0.935519,
2021-02-04,23.0,3.71343414,3.31,3.57,1.1383638,1.636,28.73365882,11.07566676,4.605,,13.71,3.43045305,2.72,11.81,10.66071848,3.71,1.999998,8.70554892,4.49145075,5.44,8.35500011,0.21992677,98.93,5.29,7.07,1.728,1.48850006,1.40732365,7.45,0.940712,
2021-02-07,23.790001,3.89472466,3.32,3.53,1.17901965,1.632,28.65208016,11.00876676,4.6,,13.63,3.3909317,2.69,11.7,10.88754228,3.89,1.98666468,8.69443782,4.46573634,5.384,8.22750011,0.24164793,97.0,5.25,7.07,1.74,1.63700017,1.37299868,7.37,0.934654,
2021-02-08,22.799999,3.86753108,3.42,3.46,1.16793169,1.62,28.552373,10.92700009,4.585,,13.45,3.40674024,2.66,11.6,11.00095418,3.94,1.98666468,8.8555488,4.44002193,4.952,8.13000011,0.26336909,96.900002,5.17,6.96,1.74,1.80049998,1.35774314,7.33,0.938981,
2021-02-09,22.35,3.77084281,3.35,3.38,1.13466781,1.593,28.03117799,11.00133343,4.615,,13.2,3.33560181,2.62,11.56,10.94424823,3.85,1.94333139,8.78332664,4.33716428,4.8,8.02500011,0.25212063,96.849998,5.04,6.95,1.705,1.62150007,1.35011537,7.22,0.934654,
2021-02-10,22.35,3.76177828,3.33,3.56,1.15314774,1.587,27.8725546,11.11283343,4.55,,13.43,3.36721889,2.63,11.64,11.49996676,3.88,1.95666471,8.8333266,4.38002163,4.92,8.23500011,0.2544479,96.0,5.1,6.95,1.736,1.58250007,1.33104594,7.3,0.990041,
2021-02-11,22.25,3.77688582,3.35,3.55,1.1383638,1.594,27.84536141,11.1500001,4.6,,13.5,3.46207013,2.62,11.63,11.45233399,4.04,1.95333138,8.8333266,4.4485934,4.888,8.16750011,0.250957,95.790001,5.0,7.0,1.778,1.69950017,1.33104594,7.2,1.003887,
2021-02-14,22.0,3.73156319,3.34,3.47,1.11988387,1.585,27.82723428,11.07566676,4.62,,13.82,3.42254878,2.6,11.71,11.7834965,4.0,1.95666471,8.83888215,4.4485934,4.872,8.01000011,0.250957,95.040001,5.07,7.0,1.788,1.55850007,1.31960429,7.19,0.993502,
2021-02-15,21.799999,3.75573526,3.29,3.37,1.09031598,1.568,27.69126878,11.0385001,4.585,,13.61,3.35141035,2.58,11.63,12.01939348,3.98,1.89333144,8.81665994,4.45716487,4.728,7.7775001,0.250957,94.459999,5.0,6.91,1.82,1.46450011,1.32723206,7.09,0.995233,
2021-02-16,21.65,3.76177828,3.3,3.33,1.09401196,1.568,28.00851783,10.80063342,4.57,,13.3,3.3909317,2.59,11.6,11.75174117,3.9,1.95333138,8.78888219,4.63716576,4.712,7.7775001,0.250957,95.0,5.0,7.04,1.83,1.48500011,1.33104594,7.1,0.997829,
2021-02-17,21.690001,3.7345847,3.27,3.3,1.09770795,1.549,27.71846243,10.7040001,4.55,,13.47,3.311889,2.56,11.57,11.43191985,3.89,1.94999805,8.77777109,4.56002252,4.68,7.6200001,0.273,95.0,4.87,7.0,1.807,1.40400006,1.31960429,7.11,0.993502,
2021-02-18,22.0,3.63487492,3.25,3.24,1.04596414,1.514,27.41934233,10.66683343,4.55,,13.18,3.28027193,2.52,11.56,11.40923679,3.81,1.91666475,8.71666002,4.50002222,4.64,7.5525001,0.275,95.0,5.0,7.05,1.762,1.33450011,1.31197652,7.04,0.986579,
2021-02-21,21.91,3.68624056,3.25,3.27,1.05335611,1.507,27.64594846,10.9939001,4.555,,14.2,3.27236766,2.54,11.57,11.52264868,3.84,1.95999804,8.6499934,4.66288017,4.64,7.87500011,0.27,94.050003,5.0,7.15,1.719,1.40000006,1.32723206,7.05,0.989175,
2021-02-22,21.889999,3.66509,3.22,3.28,1.05335611,1.524,27.91787492,11.06823343,4.55,,14.2,3.24075058,2.52,11.5,11.7834965,3.9,1.9333314,8.72221557,4.71430899,4.736,7.7400001,0.261,95.0,4.95,7.14,1.725,1.39000001,1.3157904,7.0,1.003887,
2021-02-23,21.700001,3.65602548,3.2,3.24,1.03118019,1.52,27.99492191,10.81550009,4.55,,13.97,3.21703777,2.5,11.5,11.56801367,3.81,1.91333142,8.66666006,4.6543087,4.68,7.6875001,0.256,94.5,5.22,7.1,1.705,1.39800001,1.29672098,7.0,1.003887,
2021-02-24,22.0,3.63185341,3.15,3.23,0.98313237,1.486,27.8725546,10.92700009,4.54,,13.78,3.22494204,2.5,11.66,11.12117056,3.77,1.87333146,8.61110455,4.57716546,4.576,7.5825001,0.244,96.0,5.28,7.05,1.674,1.43500011,1.27765155,6.93,0.996098,
2021-02-25,22.690001,3.67415453,3.18,3.28,1.00530829,1.496,28.41640978,11.07566676,4.54,,14.3,3.22494204,2.52,11.82,11.20509605,3.87,1.89333144,8.77221553,4.70573752,4.656,7.6275001,0.255,95.5,5.75,7.15,1.74,1.47350001,1.27765155,6.91,1.004753,
2021-02-28,22.209999,3.74667074,3.14,3.25,1.01270026,1.48,28.28044655,11.11283343,4.525,,14.02,3.17751642,2.49,11.76,11.00095418,3.98,1.87999812,8.72221557,4.95431018,4.68,7.5150001,0.271,94.389999,5.88,7.45,1.735,1.40300001,1.26620989,6.94,1.007349,
2021-03-01,22.4,3.74364923,3.05,3.24,0.97204441,1.465,28.32576687,11.04593343,4.5,,13.89,3.15380361,2.52,11.64,10.76732589,4.19,1.8666648,8.59999344,4.85145253,4.64,7.4625001,0.271,95.0,5.73,7.49,1.719,1.30000006,1.25476824,6.85,1.003887,
2021-03-02,22.42,3.7345847,3.1,3.18,0.98682836,1.478,28.23512396,11.00133343,4.5,,13.9,3.14589934,2.53,11.62,10.66071848,4.02,1.79333154,8.61110455,4.71430899,4.624,7.3950001,0.27,94.599998,5.92,7.4,1.725,1.27500005,1.27765155,6.8,0.983117,
2021-03-03,22.360001,3.68321905,3.05,3.14,0.96095645,1.459,28.27138185,10.94186676,4.5,,13.71,3.08266518,2.44,11.45,10.54730658,3.95,1.74333159,8.50554907,4.55145105,4.576,7.2525001,0.27,94.300003,5.79,7.29,1.725,1.19550005,1.24714047,6.72,0.992637,
2021-03-04,21.9,3.61674586,2.94,3.17,0.9203006,1.407,28.02664677,10.85266676,4.5,,13.7,3.0510481,2.45,11.32,10.79681231,4.0,1.75333158,8.33332698,4.50002222,4.584,7.08750009,0.27,94.0,5.75,7.3,1.72,1.22500005,1.2128155,6.84,0.993502,
2021-03-07,23.07,3.65602548,3.23,3.2,0.93138856,1.44,28.552373,10.7709001,4.5,,14.0,3.18542069,2.49,11.5,11.20282713,4.12,1.75999824,8.33332698,4.52573663,4.584,7.1850001,0.29,94.0,5.84,7.28,1.729,1.27400005,1.22807104,6.78,0.986579,
2021-03-08,23.0,3.62278888,3.31,3.17,0.94247652,1.435,28.552373,10.71886677,4.445,,13.69,3.35931462,2.47,11.6,11.20282713,4.01,1.74999825,8.38332694,4.48287928,4.56,7.1250001,0.29,94.099998,5.78,7.21,1.72,1.28750006,1.20900162,6.75,0.985713,
2021-03-09,22.639999,3.62278888,3.26,3.18,0.91660462,1.426,28.33029809,10.5702001,4.445,,13.38,3.2881762,2.46,11.33,10.88981006,3.94,1.77666489,8.19999375,4.42287898,4.544,6.96750009,0.29,94.099998,5.72,7.25,1.72,1.34650006,1.20137385,6.64,0.981386,
2021-03-10,21.98,3.61674586,3.19,3.17,0.92399659,1.389,28.06743588,10.39180009,4.45,,13.43,3.19332496,2.44,11.21,10.58133061,3.91,1.74666492,8.26666036,4.38002163,4.544,6.90000009,0.313,93.610001,5.72,7.23,1.71,1.31500001,1.1861183,6.46,0.977925,
2021-03-11,21.6,3.56538022,3.2,3.25,0.92769258,1.409,27.78191169,10.55533343,4.435,,13.28,3.21703777,2.45,11.29,10.99830647,3.98,1.74333159,8.16666044,4.42287898,4.48,7.3425001,0.328,93.0,5.72,7.37,1.719,1.31950001,1.18230442,6.53,0.985713,
2021-03-14,21.540001,3.58653078,3.14,3.25,0.91660462,1.389,28.05384041,10.40666676,4.45,,13.45,3.20122923,2.47,11.2,11.34745936,4.0,1.74333159,8.12221603,4.36287869,4.464,7.87500011,0.315,93.400002,6.06,7.28,1.72,1.33350006,1.16323499,6.63,1.003022,
2021-03-15,21.5,3.58653078,3.14,3.22,0.90551666,1.391,27.98132645,10.25800009,4.405,,13.5,3.13799507,2.43,11.03,11.20197911,4.15,1.71999828,8.16666044,4.32002133,4.464,7.5525001,0.318,93.0,6.23,7.24,1.719,1.23750005,1.15942111,6.6,1.013407,
2021-03-16,21.5,3.53214362,3.04,3.15,0.85746883,1.36,28.04930693,10.19853342,4.405,,12.92,3.0273353,2.42,10.95,10.90810959,4.24,1.6999983,8.11110493,4.1828778,4.32,7.3500001,0.314,92.970001,6.01,7.15,1.677,1.21250005,1.15560722,6.69,1.009945,
2021-03-17,21.4,3.53818664,3.04,3.16,0.86116482,1.361,28.04930693,10.0350001,4.25,,12.81,3.04314383,2.44,10.89,10.75971916,4.22,1.70333163,8.10554938,4.1828778,4.384,7.3350001,0.317,93.0,6.05,7.2,1.688,1.2520001,1.14797945,6.58,1.012541,
2021-03-18,21.01,3.5593372,2.99,3.11,0.84268489,1.346,27.64594846,10.0350001,4.175,,12.77,3.00362249,2.41,10.8,10.42511517,4.09,1.68333165,8.05554941,4.00287691,4.32,7.1925001,0.319,92.910004,5.89,7.15,1.68,1.37700011,1.14416557,6.55,1.007349,
2021-03-21,21.0,3.53516513,2.99,3.08,0.84268489,1.349,27.65047968,9.35856674,4.195,,12.94,3.00362249,2.42,10.86,10.41638548,4.05,1.68666498,8.16666044,3.90859073,4.344,7.05000009,0.324,92.5,5.97,7.14,1.69,1.40000006,1.14416557,6.49,1.003887,
2021-03-22,20.74,3.45962741,2.87,3.0,0.80202904,1.311,27.27884607,9.22476676,4.25,,12.22,2.85344136,2.37,10.5,9.87810914,3.85,1.59333174,7.96110504,3.82287602,4.232,6.90000009,0.315,91.989998,5.6,7.04,1.669,1.28750006,1.12509614,6.43,1.003022,
2021-03-23,20.49,3.34178858,2.79,2.9,0.73919727,1.234,26.85282699,8.73416674,4.245,,11.5,2.62421754,2.36,10.5,10.03813713,3.9,1.5333318,7.88888287,3.89144779,4.456,6.58500009,0.299,90.389999,5.81,7.02,1.65,1.22,1.0831434,6.46,0.990906,
2021-03-24,22.0,3.30553047,2.77,2.9,0.75398122,1.23,27.39214914,8.84566674,4.25,,11.87,2.65583462,2.38,10.9,10.13997272,3.98,1.55333178,7.91110508,3.92573367,4.464,6.60000009,0.298,92.0,5.68,7.21,1.66,1.195,1.06026009,6.46,0.986579,
2021-03-25,22.0,3.24812181,2.65,2.84,0.73550128,1.239,27.65047968,9.29166676,4.35,,12.24,2.61631327,2.4,11.0,10.22726203,3.91,1.62666504,7.86110512,4.02001985,4.472,6.86250009,0.293,91.010002,5.55,7.26,1.69,1.15,1.05644621,6.4,0.995233,
2021-03-28,22.0,3.32063802,2.66,2.84,0.74289326,1.245,27.64594846,9.27680009,4.29,,12.01,2.66373889,2.42,11.19,10.41638548,3.93,1.61999838,7.91666063,4.06287721,4.544,7.08000009,0.293,90.0,5.45,7.41,1.7,1.17,1.07170175,6.4,0.995233,
2021-03-29,21.690001,3.26322935,2.64,2.9,0.75398122,1.258,27.43747127,9.12070009,4.295,,12.2,2.74278159,2.31,11.2,10.33200664,4.0,1.58666508,8.1944382,3.9771625,4.56,7.1625001,0.295,90.900002,5.55,7.63,1.689,1.18,1.0831434,6.39,0.995233,
2021-03-30,21.48,3.29042293,2.65,3.0,0.79020188,1.274,26.90268079,8.92000008,4.275,,12.09,2.76649439,2.34,11.34,10.18361737,3.95,1.60999839,8.24443816,3.94287661,4.6,7.08750009,0.314,89.489998,5.5,7.46,1.664,1.275,1.05644621,6.45,0.998695,
2021-03-31,21.379999,3.35387461,2.61,2.93,0.77135235,1.255,26.73952392,8.84566674,4.245,,11.9,2.75859013,2.33,11.3,10.07596228,3.95,1.64999835,8.12777158,3.88287632,4.576,6.97500009,0.299,88.989998,5.41,7.35,1.644,1.355,1.0335629,6.4,1.008214,
2021-04-01,21.379999,3.34783159,2.64,2.96,0.77246115,1.28,26.28631165,8.55576674,4.39,,12.1,2.71906878,2.33,11.3,9.79954952,3.95,1.75333158,8.18888265,3.87430485,4.6,6.98250009,0.295,90.0,5.43,7.57,1.635,1.425,1.05263232,6.34,1.007349,
2021-04-04,20.93,3.35387461,2.61,2.97,0.77246115,1.267,26.28631165,8.84566674,4.295,,12.35,2.73487732,2.32,11.33,9.6744365,3.92,1.73999826,8.13888268,3.84001896,4.584,7.1250001,0.29,90.25,5.36,7.56,1.622,1.505,1.04500455,6.27,1.003887,
2021-04-05,21.5,3.26927237,2.56,2.86,0.73550128,1.234,25.52491504,8.92000008,4.28,,12.0,2.64793035,2.29,11.3,9.89265688,3.81,1.68333165,8.11110493,3.67716102,4.544,6.92250009,0.281,90.900002,5.32,7.46,1.61,1.525,1.01830735,6.09,1.003022,
2021-04-06,21.0,3.21488521,2.47,2.92,0.70593339,1.171,24.97199517,8.99433342,4.25,,11.38,2.54517484,2.31,11.25,9.86356141,3.7,1.6333317,8.05554941,3.60001778,4.488,6.64500009,0.27,90.0,5.4,7.45,1.62,1.58,0.99161016,6.08,0.996964,
2021-04-07,20.950001,3.22092823,2.57,3.11,0.69484543,1.15,24.97199517,8.92743341,4.235,,11.28,2.56098338,2.3,11.32,9.80827804,3.61,1.59333174,7.9999939,3.55716042,4.472,7.1325001,0.267,89.980003,5.35,7.4,1.6,1.6,0.99161016,5.99,0.990906,
2021-04-08,20.75,3.19977767,2.53,3.35,0.71332537,1.153,25.08076702,8.95716675,4.25,,11.4,2.60050473,2.33,11.51,9.94211958,3.56,1.60333173,8.10554938,3.54001748,4.448,7.5000001,0.275,89.5,5.31,7.54,1.62,1.61,1.02974901,6.04,0.977925,
2021-04-11,20.950001,3.18769163,2.58,3.65,0.73550128,1.201,25.14874976,8.85310008,4.22,,11.64,2.63212181,2.36,11.51,10.85573641,3.82,1.5999984,8.11110493,3.62573219,4.512,7.5750001,0.282,88.900002,5.38,7.63,1.649,1.605,1.02974901,6.04,0.977925,
2021-04-12,20.799999,3.23301426,2.8,3.74,0.79722426,1.237,25.28471299,8.84566674,4.15,,11.7,2.74278159,2.36,11.45,11.16706414,3.94,1.61666505,8.16666044,3.62573219,4.52,7.4925001,0.285,90.0,5.48,7.65,1.68,1.59,1.04500455,6.08,0.972732,
2021-04-13,20.190001,3.16956258,3.28,3.7,0.82050897,1.239,25.026382,8.70443341,4.08,,11.69,2.69535597,2.34,11.3,11.12923899,3.87,1.60666506,8.06666052,3.55716042,4.528,7.3800001,0.283,88.720001,5.44,7.55,1.686,1.54,1.01830735,6.02,0.96927,
2021-04-14,20.0,3.16956258,3.13,3.54,0.78872349,1.206,24.88135452,8.80106674,4.095,,12.2,2.59260046,2.3,11.33,11.63841986,3.73,1.53666513,8.05554941,3.41144542,4.528,7.1925001,0.275,87.18,5.48,7.42,1.684,1.41,1.00305181,5.95,0.960616,
2021-04-15,19.84,3.16351956,2.9,3.48,0.72404373,1.159,24.92667484,8.80850008,4.08,,12.0,2.54517484,2.22,11.27,11.71115998,3.65,1.51666515,7.9999939,3.3000163,4.432,6.75000009,0.271,88.0,5.25,7.38,1.63,1.39,0.98779627,5.71,0.948155,
2021-04-18,19.99,3.22092823,2.93,3.49,0.72071734,1.177,25.65181357,8.84566674,4.075,,11.88,2.60050473,2.21,11.54,12.37503247,3.87,1.50666516,7.81666071,3.32573071,4.512,6.75000009,0.267,87.18,5.41,7.42,1.632,1.365,1.05644621,5.6,0.960531,
2021-04-19,20.25,3.19373465,2.94,3.41,0.76469958,1.18,26.05970552,8.97203341,4.075,,11.85,2.60050473,2.22,11.53,11.66046369,3.86,1.53666513,7.88332732,3.36858806,4.44,6.81000009,0.267,87.18,5.37,7.51,1.67,1.42,1.05644621,5.72,0.971002,
2021-04-20,20.49,3.20279918,3.11,3.57,0.77985312,1.21,27.07943313,8.99433342,3.91,,12.19,2.63212181,2.25,11.7,11.63880955,3.87,1.59666507,8.05554941,3.42858836,4.68,6.86250009,0.275,85.209999,5.36,7.57,1.707,1.465,1.05263232,5.74,0.985282,
2021-04-21,20.0,3.20279918,3.16,3.57,0.80165944,1.216,26.93893687,8.89770008,4.005,,12.2,2.64002608,2.28,11.8,11.63880955,3.81,1.5999984,8.05554941,3.41144542,4.68,6.89250009,0.274,85.0,5.5,7.6,1.688,1.54,1.04119067,5.78,0.977666,
2021-04-22,20.24,3.12726146,3.09,3.67,0.77874433,1.2,26.83016683,8.72673341,3.95,,12.15,2.64793035,2.25,11.79,11.50347456,3.65,1.59666507,7.9999939,3.36858806,4.584,7.1925001,0.274,85.0,5.73,7.48,1.625,1.46,1.02974901,5.69,0.978618,
2021-04-25,20.48,3.10913241,3.09,3.6,0.813117,1.249,26.6443498,8.65983341,3.9,,12.84,2.67164316,2.27,11.86,11.34648542,3.66,1.58999841,8.02777166,3.37715953,4.56,7.3650001,0.276,88.0,5.92,7.63,1.629,1.47,1.04119067,5.8,0.97005,
2021-04-26,20.0,3.11215392,3.0,3.69,0.83529292,1.27,26.81203789,8.84566674,3.885,,13.14,2.81392001,2.28,11.79,11.17325663,3.64,1.57666509,7.97221614,3.33430218,4.6,7.2750001,0.274,85.029999,5.89,7.47,1.619,1.55,1.02593513,5.8,0.966242,
2021-04-27,20.379999,3.12423995,3.08,3.7,0.84268489,1.329,27.19273619,8.77133341,3.775,,13.72,2.92457979,2.26,11.1,10.88093358,3.58,1.58999841,7.93888284,3.35144512,4.544,7.1925001,0.276,87.5,5.99,6.26,1.619,1.565,1.01449347,5.76,0.955771,
2021-04-28,19.98,3.13632599,3.03,3.65,0.83159693,1.31,26.93893687,8.88283341,3.745,,13.66,2.87715417,2.26,10.99,11.09746957,3.45,1.5666651,7.88888287,3.30858777,4.496,7.00500009,0.275,87.989998,5.95,6.17,1.61,1.55,1.02212124,5.7,0.951963,
2021-05-04,20.0,3.14841202,3.03,3.59,0.8389889,1.29,26.76218408,8.88283341,3.7,,13.8,2.79811147,2.27,10.86,11.08664277,3.45,1.53999846,7.86666067,3.31715924,4.4,7.1550001,0.275,88.0,6.16,6.05,1.61,1.565,1.02974901,5.72,0.951963,
2021-05-05,19.950001,3.15143353,3.05,3.58,0.86486081,1.284,26.98879022,8.97946675,3.6,,13.49,2.75068586,2.26,10.9,10.93506812,3.4,1.54999845,7.97221614,3.36001659,4.28,7.11750009,0.279,85.5,6.22,6.14,1.6,1.555,1.0335629,5.72,0.951963,
2021-05-06,19.9,3.17258409,3.15,3.6,0.85746883,1.284,27.10209329,9.08353342,3.595,,13.45,2.75859013,2.29,10.87,11.09746957,3.35,1.54666512,7.88888287,3.33430218,4.104,7.05000009,0.278,85.169998,6.17,6.38,1.601,1.515,1.05644621,5.77,0.951963,
2021-05-09,19.9,3.19373465,3.15,3.62,0.85007686,1.319,27.19273619,9.14300009,3.65,,14.2,2.71906878,2.3,10.86,11.37355296,3.35,1.5666651,7.93888284,3.43715983,4.056,7.02750009,0.275,87.860001,6.0,6.62,1.6,1.5,1.1365378,5.84,0.951963,
2021-05-10,19.9,3.24207879,3.14,3.7,0.8389889,1.275,27.41934233,8.99433342,3.63,,15.37,2.81392001,2.31,10.85,11.55219516,3.33,1.54333179,7.93332728,3.5057316,4.064,7.2975001,0.271,85.169998,6.13,6.88,1.62,1.475,1.14416557,5.79,0.951963,
2021-05-11,20.0,3.30250896,3.17,4.01,0.84638088,1.281,27.41481111,9.06866675,3.905,,17.360001,2.82182428,2.33,11.45,12.01774808,3.34,1.54333179,7.94443839,3.5057316,3.952,7.6800001,0.273,85.0,6.1,6.92,1.635,1.495,1.12891003,5.81,0.951963,
2021-05-17,20.83,3.35689612,3.14,4.36,0.85377285,1.275,27.21086514,9.09840009,3.91,,17.17,2.82972855,2.35,11.39,14.06942606,3.47,1.60999839,7.88888287,3.58287484,3.92,7.7625001,0.274,84.050003,5.97,7.2,1.65,1.5,1.1098406,5.88,0.966242,
2021-05-18,21.5,3.42336931,3.22,4.5,0.87594877,1.329,26.28631165,9.06866675,3.945,,17.950001,2.92457979,2.37,11.69,12.74855597,3.75,1.64999835,7.97221614,3.49716013,3.752,7.6950001,0.278,84.0,6.2,7.31,1.69,1.62,1.10602672,6.2,1.009081,
2021-05-19,20.889999,3.42639082,3.24,4.6,0.88334074,1.364,26.24099133,9.09840009,4.125,,17.950001,2.91667552,2.37,11.68,12.9921595,3.64,1.63999836,8.09999382,3.5057316,3.88,7.8000001,0.275,84.0,6.13,7.5,1.694,1.825,1.10602672,6.11,0.994801,
2021-05-20,20.49,3.38711121,3.18,4.49,0.86116482,1.345,25.96906261,9.10583342,4.2,,17.35,2.82972855,2.4,11.63,12.77021011,3.62,1.61666505,8.49999352,3.43715983,3.888,7.6500001,0.274,84.0,5.98,7.5,1.68,1.74,1.09839894,6.1,0.996705,
2021-05-23,20.299999,3.37804668,3.17,4.84,0.85007686,1.34,26.6942036,9.07610008,4.1,,17.18,2.83763282,2.42,11.6,12.47788598,3.65,1.67999832,8.22221595,3.45430277,3.888,8.08500011,0.275,84.0,5.94,7.3,1.68,1.86,1.09839894,6.13,0.988138,
2021-05-24,20.4,3.35991763,3.18,4.84,0.84638088,1.324,26.64888102,9.10583342,3.925,,16.639999,2.80601574,2.4,11.6,12.35879173,3.63,1.68333165,8.1944382,3.45430277,3.904,7.91250011,0.274,83.989998,5.92,7.19,1.67,1.905,1.08695729,6.2,0.981474,
2021-05-25,20.200001,3.30855198,3.04,4.58,0.87594877,1.287,26.37695456,9.06123342,3.875,,16.18,2.73487732,2.34,11.58,12.29924379,3.59,1.65666501,8.02777166,3.36001659,3.808,7.5675001,0.27,82.5,5.87,7.05,1.649,1.805,1.07932952,6.07,0.967194,
2021-05-26,19.73,3.3508531,3.02,4.59,1.03118019,1.28,26.03251233,8.92000008,3.86,,16.5,2.74278159,2.3,11.32,11.90947954,3.6,1.64333169,7.96110504,3.32573071,3.792,7.6050001,0.274,81.800003,5.9,7.09,1.677,1.73,1.0831434,6.02,0.97005,
2021-05-27,20.16,3.33876707,2.96,4.7,1.15684373,1.295,25.14874976,9.10583342,3.845,,16.49,2.73487732,2.28,11.32,12.18014953,3.59,1.64666502,7.89443843,3.34287365,3.704,7.7925001,0.28,83.879997,5.85,7.05,1.689,1.71,1.07170175,6.0,0.942443,
2021-05-30,19.25,3.61372436,3.05,4.69,1.33425107,1.344,24.76805146,9.09840009,3.845,,16.200001,2.75859013,2.25,11.25,11.83910589,3.61,1.64666502,7.86110512,3.27430188,3.664,7.7250001,0.287,83.0,5.8,7.38,1.76,1.655,1.06407398,5.92,0.950059,
2021-05-31,19.49,3.77688582,3.02,4.56,1.57818617,1.356,24.88135452,8.92000008,3.805,,16.16,2.81392001,2.25,11.45,12.10436248,3.58,1.64999835,7.77777185,3.24858747,3.64,7.92000011,0.28,81.0,5.82,7.38,1.78,1.605,1.04881844,5.95,0.971002,
2021-06-01,18.98,3.68624056,2.96,4.63,1.44143468,1.333,24.56410548,8.87540008,3.805,,16.700001,2.82972855,2.2,11.45,11.90947954,3.53,1.6333317,7.82777181,3.12858688,3.6,7.8675001,0.276,81.970001,5.78,7.39,1.72,1.64,1.02212124,5.84,0.961483,
2021-06-02,19.0,3.58955229,2.95,4.65,1.55231427,1.32,24.33749935,8.99433342,3.9,,16.65,2.90877125,2.23,11.45,11.96361354,3.45,1.62666504,7.73332744,3.21430159,3.408,7.7850001,0.275,80.980003,5.7,7.38,1.695,1.665,1.02593513,5.78,0.951963,
2021-06-03,19.0,3.65602548,2.87,4.4,1.41556277,1.284,24.02025031,8.92000008,3.915,,16.34,2.82182428,2.24,11.9,11.80121101,3.55,1.59666507,7.66666082,3.1800157,3.552,7.4625001,0.27,80.0,5.85,7.35,1.67,1.61,0.98779627,5.7,0.961483,
2021-06-06,19.0,3.50495004,2.9,4.71,1.43773869,1.287,24.02478152,8.85310008,3.9,,16.1,2.82182428,2.25,11.78,11.44392662,3.46,1.60666506,7.81110516,3.23144453,3.728,7.7550001,0.276,80.5,5.84,7.71,1.654,1.66,1.01067958,5.83,0.967194,
2021-06-07,19.98,3.66509,2.93,4.75,1.53383434,1.322,23.73019491,8.89770008,4.005,,16.42,2.79811147,2.3,12.35,11.11371031,3.46,1.61666505,7.8055496,3.1800157,3.912,7.7850001,0.272,80.0,5.85,8.1,1.72,1.655,1.01830735,6.15,0.980522,
2021-06-08,18.98,3.56235871,2.94,4.68,1.57818617,1.315,23.30417401,8.91256675,4.025,,16.040001,3.0273353,2.3,14.42,10.79973313,3.38,1.6333317,7.71666078,3.13715835,4.104,7.5975001,0.27,83.0,5.72,8.1,1.73,1.62,1.10602672,6.26,0.971954,
2021-06-09,18.93,3.58350927,3.08,4.8,1.60775406,1.336,23.11382577,8.84566674,4.375,,15.8,3.21703777,2.31,13.19,10.53988885,3.43,1.64333169,7.71110523,3.25715894,4.304,7.6050001,0.274,82.0,5.84,8.05,1.7,1.57,1.08695729,6.19,0.97005,
2021-06-10,18.98,3.5593372,3.03,4.8,1.62253801,1.367,23.07303666,8.77133341,4.375,,16.0,3.34350608,2.29,12.91,10.5507162,3.43,1.62999837,7.5888831,3.33430218,4.512,7.6425001,0.272,80.080002,5.83,7.94,1.7,1.565,1.06026009,6.18,0.971002,
2021-06-13,18.799999,3.57142323,3.01,4.7,1.66319386,1.365,22.65154925,8.84566674,4.375,,16.299999,3.22494204,2.36,12.8,10.48575594,3.39,1.62333171,7.58332755,3.3000163,4.736,7.6050001,0.27,80.0,5.8,7.99,1.68,1.54,1.06407398,6.2,0.969098,
2021-06-14,18.5,3.52912211,2.94,4.53,1.55231427,1.328,22.95520238,8.99433342,4.25,,16.26,3.21703777,2.27,12.69,10.5019956,3.32,1.58333175,7.63888306,3.17144423,4.904,7.5375001,0.263,79.07,5.7,7.9,1.69,1.5,1.08695729,6.1,0.961483,
2021-06-15,18.5,3.49890703,2.91,4.49,1.39708284,1.286,22.84189931,8.99433342,4.245,,16.15,3.26446339,2.25,12.74,10.65357079,3.32,1.60333173,7.61110531,3.15430129,4.704,7.5525001,0.26,78.5,5.72,7.82,1.675,1.52,1.04500455,6.09,0.969098,
2021-06-16,18.969999,3.46567043,2.94,4.4,1.28250727,1.247,22.65608228,9.06123342,4.19,,17.459999,3.13799507,2.21,12.83,10.74018519,3.38,1.5666651,7.49999428,3.06001511,4.504,7.3650001,0.256,77.669998,5.65,7.75,1.673,1.515,1.02212124,5.95,0.964339,
2021-06-17,18.9,3.46264892,3.05,4.7,1.16053972,1.231,22.55637467,9.06866675,4.15,,17.6,3.15380361,2.19,12.79,10.74018519,3.35,1.53999846,7.41666101,3.08572952,4.576,7.6875001,0.255,76.010002,5.72,7.69,1.66,1.51,1.02974901,5.78,0.971002,
2021-06-20,18.799999,3.44451987,3.06,4.59,1.09031598,1.252,22.38415356,8.94230008,4.105,,17.700001,3.15380361,2.19,12.81,10.4153812,3.3,1.51333182,7.33332774,3.02572923,4.776,7.6875001,0.252,75.43,5.6,7.8,1.675,1.53,1.00305181,5.84,0.964339,
2021-06-21,18.65,3.51703608,3.17,4.69,1.02748421,1.28,23.22712883,8.99433342,4.025,,17.5,3.1300908,2.23,13.0,10.52906314,3.52,1.54999845,7.55554979,3.09430099,4.736,7.6800001,0.244,76.989998,5.75,7.94,1.72,1.51,1.01830735,6.1,0.969098,
2021-06-22,19.299999,3.5261006,3.38,4.98,1.02748421,1.295,23.42654178,8.96460008,4.1,,17.17,3.13799507,2.33,13.3,10.45327446,3.54,1.61666505,7.74999409,3.14572982,4.712,7.7175001,0.245,75.5,5.9,7.9,1.837,1.5,1.04500455,6.6,0.973858,
2021-06-23,19.5,3.59257379,3.48,4.99,0.94617251,1.328,23.55797379,8.95716675,4.115,,18.450001,3.23284631,2.34,13.35,10.3774874,3.57,1.62999837,7.72221633,3.14572982,4.688,7.97250011,0.239,74.050003,5.83,7.95,1.835,1.48,1.07170175,6.82,0.971002,
2021-06-24,19.33,3.60465983,3.46,4.93,0.91660462,1.31,23.6803411,8.99433342,4.09,,17.98,3.15380361,2.35,13.33,10.5019956,3.5,1.60333173,7.60554976,3.240016,4.736,7.8450001,0.23,73.970001,5.72,8.69,1.81,1.525,1.06788786,6.62,0.968146,
2021-06-27,19.76,3.59257379,3.37,4.8,0.89812468,1.288,23.79364417,8.92000008,4.12,,17.959999,3.08266518,2.36,13.51,10.4586884,3.52,1.61999838,7.55554979,3.27430188,4.752,7.8300001,0.226,74.0,5.63,8.88,1.87,1.535,1.06788786,6.7,0.966242,
2021-06-28,20.5,3.74667074,3.3,4.78,0.87225278,1.259,23.79364417,8.91256675,4.175,,17.84,2.9482926,2.36,13.95,10.39914046,3.7,1.61333172,7.50554983,3.34287365,4.768,7.6725001,0.226,73.5,5.7,8.7,1.86,1.6,1.05263232,6.71,0.961483,
2021-06-29,19.83,3.65602548,3.23,5.1,0.84638088,1.225,23.45373497,8.83823341,4.125,,17.5,2.85344136,2.34,13.69,10.39914046,3.6,1.58999841,7.42221656,3.31715924,4.864,7.6950001,0.212,73.0,5.7,8.68,1.793,1.54,1.04119067,6.67,0.952915,
2021-06-30,19.5,3.59257379,3.22,5.34,0.85007686,1.224,23.79364417,8.92000008,4.095,,17.75,3.00362249,2.4,13.54,10.44786106,3.5,1.57999842,7.60554976,3.27430188,4.76,8.31000011,0.212,74.0,5.77,8.44,1.799,1.525,1.06026009,6.68,0.951963,
2021-07-04,20.4,3.61674586,3.25,5.6,0.8389889,1.231,24.01571909,8.89026675,4.2,,17.5,2.95619687,2.42,13.65,10.3829008,3.52,1.58333175,7.61110531,3.24858747,4.704,9.03000012,0.214,74.910004,5.6,8.6,1.84,1.52,1.05644621,7.04,0.951963,
2021-07-05,20.25,3.58350927,3.33,5.4,0.82790094,1.237,24.2287275,8.88283341,4.12,,18.299999,2.92457979,2.42,13.58,10.27463281,3.62,1.58333175,7.54443869,3.27430188,4.64,9.93000013,0.211,75.0,5.61,8.64,1.887,1.51,1.04119067,7.1,0.943395,
2021-07-06,19.65,3.53516513,3.27,5.5,0.79463707,1.208,24.24685644,8.72673341,4.11,,17.719999,2.84553709,2.38,13.44,10.19884521,3.54,1.5666651,7.47777208,3.22287306,4.624,9.56250013,0.208,74.980003,5.42,8.56,1.852,1.45,1.02593513,6.96,0.949107,
2021-07-07,19.23,3.53214362,3.25,5.48,0.80202904,1.182,24.92214363,8.69700007,4.095,,17.059999,2.80601574,2.36,13.49,9.96065562,3.49,1.52333181,7.41666101,3.16287276,4.48,9.54000013,0.203,75.0,5.4,8.33,1.878,1.45,1.01449347,6.99,0.950059,
2021-07-08,19.110001,3.54725116,3.27,5.3,0.80572503,1.2,24.74992251,8.69700007,4.09,,16.940001,2.80601574,2.36,13.32,9.77118608,3.49,1.51666515,7.40554991,3.17144423,4.4,9.35250012,0.202,74.0,5.35,8.29,1.96,1.445,1.01067958,6.94,0.942443,
2021-07-11,19.01,3.4898425,3.22,5.3,0.78354911,1.171,24.69100446,8.69700007,4.05,,16.67,2.76649439,2.35,13.25,9.41931564,3.46,1.50666516,7.30554999,3.14572982,4.52,8.97000012,0.197,73.760002,5.36,8.15,1.96,1.435,1.00305181,6.9,0.929116,
2021-07-12,19.299999,3.46264892,3.21,5.14,0.77985312,1.16,24.74538903,8.73416674,4.035,,16.639999,2.74278159,2.34,13.59,9.43014244,3.47,1.52999847,7.48332763,3.12001541,4.52,8.81250012,0.203,73.980003,5.36,8.1,1.911,1.4,1.04119067,7.03,0.932924,
2021-07-13,19.15,3.45962741,3.25,5.08,0.79094108,1.17,25.42520744,8.69700007,4.0,,16.629999,2.75859013,2.35,13.8,10.30170035,3.44,1.5666651,7.54999424,3.14572982,4.496,8.84250012,0.202,73.5,5.43,8.2,1.901,1.44,1.06407398,7.11,0.951963,
2021-07-14,19.68,3.4898425,3.3,5.2,0.80942101,1.174,25.74245648,8.92000008,3.985,,16.940001,2.78230293,2.37,14.09,10.82138618,3.6,1.61666505,7.61110531,3.17144423,4.48,9.58500013,0.205,73.5,5.55,8.28,1.929,1.44,1.07170175,7.3,0.951963,
2021-07-15,19.9,3.4898425,3.47,5.45,0.79463707,1.178,25.74245648,8.99433342,3.97,,17.9,2.75068586,2.4,14.0,10.53447545,3.6,1.5999984,7.52777204,3.17144423,4.48,10.34250014,0.202,75.0,5.53,7.97,1.9,1.43,1.09458506,7.23,0.947203,
2021-07-18,19.99,3.49588552,3.72,5.4,0.79094108,1.177,26.19566875,8.91256675,3.965,,19.219999,2.78230293,2.46,14.0,10.35583326,3.56,1.60999839,7.49999428,3.24858747,4.496,11.26500015,0.204,75.239998,5.54,8.11,1.895,1.5,1.08695729,7.15,0.941491,
2021-07-25,21.0,3.50495004,3.82,5.59,0.79463707,1.217,26.28631165,8.90513341,4.0,,20.799999,2.86134563,2.49,14.0,10.5019956,3.75,1.61333172,7.63888306,3.29144483,4.536,12.39000017,0.213,78.199997,5.66,8.2,1.919,1.515,1.09077117,7.25,0.942443,
2021-07-26,20.85,3.52005759,3.73,5.38,0.79833305,1.217,26.24099133,8.87540008,3.95,,22.48,2.8692499,2.47,13.9,10.36124666,3.84,1.58999841,7.77332987,3.24858747,4.536,12.96750092,0.212,77.0,5.6,8.270001,1.9,1.525,1.04500455,7.2,0.947203,
2021-07-27,20.870001,3.67415453,3.64,5.5,0.82050897,1.214,26.19566875,8.95716675,3.94,,20.969999,2.97200541,2.4,14.35,10.76725165,3.96,1.61666505,7.79332986,3.28287335,4.536,13.46999943,0.209,77.779999,5.52,8.46,1.891,1.515,1.04881844,7.17,0.949107,
2021-07-28,20.309999,3.76177828,3.61,5.37,0.80942101,1.232,26.02798066,8.89026675,3.875,,21.790001,2.92457979,2.42,14.18,10.77266559,3.95,1.64666502,7.83332984,3.37715953,4.56,14.17500019,0.213,77.290001,5.59,8.4,1.89,1.5,1.1365378,7.21,0.950059,
2021-07-29,20.35,3.79803638,3.67,5.4,0.80942101,1.238,26.05970552,8.92000008,3.93,,22.790001,3.05895237,2.4,14.15,10.66981045,3.92,1.64999835,7.86666316,3.42001689,4.552,15.33750095,0.212,78.800003,5.46,8.31,1.879,1.52,1.12509614,7.22,0.951963,
2021-08-01,20.190001,4.05788613,3.7,5.58,0.80572503,1.27,26.51291779,8.81593341,3.975,,23.16,3.16170788,2.4,14.1,10.44244874,3.9,1.64666502,7.73332989,3.51430307,4.52,16.11750021,0.215,78.5,5.61,8.35,1.88,1.535,1.19755996,7.23,0.947203,
2021-08-02,20.139999,4.59269316,3.91,5.47,0.80202904,1.287,26.41321064,8.80850008,3.895,,24.09,3.28027193,2.46,14.15,10.52364974,3.98,1.66333167,7.7666632,3.51430307,4.592,15.59999946,0.214,78.900002,5.7,8.33,1.883,1.535,1.20900162,7.21,0.951963,
2021-08-03,20.0,4.58665014,3.9,5.4,0.78354911,1.259,26.36335683,8.76390008,4.025,,23.41,3.5490171,2.44,14.11,10.38831474,4.07,1.6333317,7.66666325,3.40287395,4.696,14.8875002,0.21,76.989998,5.58,8.3,1.859,1.505,1.18230442,7.14,0.942443,
2021-08-04,19.9,4.42046717,3.86,5.2,0.79833305,1.236,26.23192664,8.71186674,4.075,,22.209999,3.72291103,2.4,14.5,10.05268341,4.0,1.5999984,7.75332988,3.41144542,4.56,13.93500019,0.208,73.489998,5.14,8.25,1.82,1.465,1.14797945,7.0,0.942443,
2021-08-05,19.75,4.71355351,3.92,5.5,0.79833305,1.279,26.28631165,8.67470007,4.05,,22.65,3.70710249,2.43,14.6,9.90652108,3.98,1.58666508,7.71999656,3.47144571,4.6,14.32500019,0.218,73.0,5.23,8.29,1.819,1.49,1.14035168,7.0,0.937684,
2021-08-08,20.1,5.05498398,3.96,5.86,0.90551666,1.328,26.28631165,8.51116675,4.05,,22.379999,3.62805979,2.45,14.64,9.87945462,3.94,1.60666506,7.66666325,3.5057316,4.752,14.09999944,0.227,73.480003,5.21,8.38,1.81,1.48,1.17086276,7.18,0.940539,
2021-08-09,20.4,5.41756502,3.89,6.02,0.9203006,1.32,26.73499271,8.5706334,4.03,,21.790001,3.50949575,2.45,15.15,9.78742682,3.95,1.63999836,7.61332994,3.55716042,4.736,14.20500094,0.221,73.489998,5.28,8.34,1.79,1.48,1.16704888,7.15,0.942443,
2021-08-10,20.110001,5.57468378,3.76,6.18,0.88334074,1.3,27.19273619,8.52603342,4.025,,21.799999,3.44626159,2.44,15.35,9.74411963,3.96,1.6999983,7.61332994,3.55716042,4.752,14.77500095,0.217,73.440002,5.18,8.42,1.8,1.47,1.15560722,7.3,0.971002,
2021-08-11,19.84,5.43267257,3.79,6.01,0.84638088,1.277,27.63688422,8.58550007,4.0,,22.99,3.63596406,2.46,15.26,9.87945462,3.99,1.74666492,7.60666328,3.58287484,4.672,15.2025002,0.235,73.25,5.2,8.38,1.799,1.495,1.14797945,7.32,0.994801,
2021-08-15,19.92,5.43871558,3.83,5.9,0.86116482,1.28,28.18980364,8.5706334,4.035,,23.01,3.84147507,2.45,15.12,9.96065562,4.1,1.73666493,7.71999656,3.63430366,4.68,14.9250002,0.244,71.050003,5.15,8.36,1.77,1.425,1.12509614,7.25,1.047159,
2021-08-16,19.5,5.5142533,3.75,5.99,0.85007686,1.267,28.88472833,8.54833342,4.0,,22.6,3.85728361,2.49,14.97,10.04185607,4.02,1.68999831,7.84666317,3.47144571,4.664,14.25000019,0.24,72.5,5.25,8.35,1.765,1.41,1.11746837,7.14,1.013841,
2021-08-17,19.6,5.74086645,3.69,5.87,0.84638088,1.261,28.21397416,8.67470007,4.0,,21.959999,3.59644271,2.5,15.1,9.99854888,3.93,1.69333164,7.81999651,3.51430307,4.68,14.39250094,0.252,72.400002,5.35,8.35,1.765,1.4,1.14416557,7.14,1.009081,
2021-08-18,19.35,5.55957593,3.69,5.81,0.8389889,1.275,27.97830378,8.62266674,3.975,,21.469999,3.58853844,2.45,15.0,9.86862782,4.0,1.68333165,7.79999652,3.51430307,4.64,14.77500095,0.25,71.989998,5.33,8.33,1.78,1.43,1.14797945,7.14,1.0186,
2021-08-19,19.200001,5.28461864,3.62,5.74,0.82420496,1.258,27.79097785,8.54833342,3.955,,21.15,3.59644271,2.4,14.98,9.58171817,3.98,1.666665,7.73332989,3.51430307,4.64,14.66999945,0.244,73.5,5.21,8.45,1.805,1.41,1.1365378,7.05,1.03764,
2021-08-22,18.98,5.06707002,3.55,5.53,0.82790094,1.23,27.42840622,8.50373342,3.95,,21.6,3.59644271,2.41,14.83,9.08909879,4.08,1.6333317,7.70666323,3.48001719,4.624,14.40000094,0.246,74.900002,5.19,8.38,1.789,1.39,1.13272391,7.09,1.044303,
2021-08-23,19.299999,5.13656472,3.51,5.7,0.8389889,1.248,28.34087541,8.50373342,3.94,,21.950001,3.58063417,2.49,14.6,8.93210966,3.98,1.62666504,7.7666632,3.45430277,4.544,15.47999946,0.244,74.0,5.24,8.4,1.798,1.385,1.11365449,7.0,1.087142,
2021-08-24,19.299999,5.25138175,3.44,5.73,0.88703673,1.255,28.39526089,8.49630008,3.925,,21.5,3.63596406,2.48,14.8,8.93210966,4.0,1.666665,7.77332987,3.64287513,4.52,17.62500024,0.242,73.779999,5.1,8.44,1.81,1.385,1.1098406,6.99,1.094757,
2021-08-25,19.450001,5.22720968,3.71,5.5,0.89073271,1.253,28.70344402,8.51860008,3.9,,21.389999,3.62805979,2.53,14.85,9.14323171,4.1,1.72333161,7.91999647,3.7714472,4.544,16.09499946,0.25,75.0,5.05,8.6,1.887,1.37,1.11746837,7.0,1.091902,
2021-08-26,19.5,5.22720968,3.8,5.39,0.86855679,1.27,28.67323048,8.66726674,3.875,,21.139999,3.71500676,2.56,14.75,9.04037819,4.21,1.8333315,8.2999963,3.72858984,4.496,15.46500096,0.251,74.860001,5.15,8.55,1.899,1.375,1.11746837,7.14,1.085238,
2021-08-29,19.379999,4.98548929,3.85,5.28,0.84268489,1.289,28.51007345,8.68956674,3.94,,22.690001,3.84147507,2.53,14.74,8.75888086,4.15,1.92333141,8.21999634,3.66858954,4.48,14.7975002,0.246,75.010002,5.16,8.6,1.943,1.44,1.11365449,7.24,1.091902,
2021-08-30,19.09,4.98548929,3.85,5.2,0.83529292,1.316,28.65510017,8.80850008,3.85,,24.129999,3.84147507,2.55,14.8,8.70474687,4.12,1.999998,8.58666284,3.68573249,4.496,14.72249945,0.25,75.0,5.15,8.64,2.017,1.44,1.12891003,7.28,1.093805,
2021-08-31,19.0,4.76491915,3.81,5.13,0.813117,1.298,28.68531614,8.82336674,3.9,,26.389999,3.79404946,2.51,14.83,9.05120391,4.06,1.96333137,8.46666289,3.60001778,4.496,14.24250019,0.244,75.800003,5.15,8.6,1.975,1.415,1.1098406,7.4,1.08619,
2021-09-01,19.360001,5.09124209,3.74,5.0,0.82050897,1.283,28.79408769,8.80106674,3.895,,27.75,3.89680496,2.49,15.0,9.25691364,4.11,1.9333314,8.59999617,3.64287513,4.48,14.83500095,0.244,79.900002,5.19,8.59,2.01,1.39,1.15179334,7.55,1.078574,
2021-09-02,19.299999,5.00361804,3.8,5.2,0.8389889,1.28,28.79408769,8.73416674,3.87,,29.219999,3.95213485,2.58,15.05,9.14864565,4.35,1.96999803,8.65999614,3.66858954,4.52,14.96250095,0.242,79.5,5.18,8.67,2.06,1.395,1.14416557,7.64,1.074766,
2021-09-05,19.35,4.89182282,3.77,5.04,0.83529292,1.284,28.69135836,8.68213341,3.865,,28.030001,3.95213485,2.61,15.0,9.00789671,4.27,1.95666471,8.61999616,3.64287513,4.528,14.55750019,0.239,78.43,5.1,8.6,2.03,1.385,1.12128226,7.5,1.075718,
2021-09-06,18.85,4.62290825,3.6,4.61,0.80202904,1.241,28.52215972,8.69700007,3.79,,26.9,3.67548541,2.49,14.7,9.04037819,4.1,1.88333145,8.35332961,3.52287454,4.352,13.20000018,0.233,77.870003,4.94,8.74,2.0,1.33,1.09077117,7.48,1.075718,
2021-09-07,18.799999,4.5352845,3.59,4.6,0.77985312,1.219,28.51611568,8.69700007,3.775,,27.9,3.59644271,2.46,14.8,9.20277965,4.13,1.89333144,8.38666293,3.43715983,4.36,13.12500018,0.226,76.449997,4.8,9.13,1.99,1.335,1.08695729,7.4,1.089046,
2021-09-08,18.84,4.5020479,3.62,4.7,0.79094108,1.215,28.40130251,8.77133341,3.81,,27.85,3.59644271,2.52,14.6,9.14864565,4.1,1.95333138,8.34666295,3.41144542,4.36,13.50000018,0.23,76.0,4.84,9.17,1.99,1.345,1.09839894,7.55,1.104277,
2021-09-09,18.82,4.38118755,3.6,4.65,0.77985312,1.214,28.34087541,9.36600008,3.79,,28.559999,3.58853844,2.51,14.7,9.14864565,4.08,1.92999807,8.33332962,3.42001689,4.36,14.20500094,0.227,76.5,4.87,9.42,1.97,1.285,1.14035168,7.59,1.109989,
2021-09-12,18.75,4.48391885,3.57,4.69,0.77246115,1.219,27.79701948,9.36600008,3.75,,29.700001,3.55692137,2.51,14.8,9.09451111,3.99,1.8999981,8.19999634,3.40287395,4.288,14.32500019,0.227,76.970001,4.95,9.4,1.97,1.225,1.14035168,7.52,1.110941,
2021-09-13,18.950001,4.47183281,3.6,4.58,0.77615713,1.215,27.94809023,9.32883341,3.74,,29.389999,3.55692137,2.49,14.52,9.19195285,4.03,1.90666476,8.31999629,3.41144542,4.288,14.43750019,0.235,76.5,5.0,9.3,2.05,1.235,1.15179334,7.6,1.112845,
2021-09-14,19.059999,4.74074708,3.76,4.75,0.80942101,1.231,27.85744657,9.42546675,3.79,,28.9,3.52530429,2.59,14.75,9.33811464,4.05,1.9666647,8.51332954,3.42001689,4.28,14.50500019,0.267,76.480003,5.08,9.38,2.099,1.255,1.12891003,7.9,1.112845,
2021-09-15,18.799999,4.68333842,3.75,4.74,0.80572503,1.248,27.90579042,9.47750008,3.745,,27.9,3.5490171,2.74,14.6,9.2298461,4.2,1.93999806,8.49999621,3.41144542,4.328,14.8125002,0.28,75.510002,5.07,9.35,2.095,1.265,1.14416557,7.9,1.113797,
2021-09-16,18.82,4.53226299,3.77,4.54,0.77615713,1.234,27.78493382,9.49236675,3.8,,27.440001,3.52530429,2.77,14.75,9.22443379,4.19,1.92333141,8.52666286,3.35144512,4.544,14.41499944,0.272,76.0,5.01,9.15,2.119,1.225,1.13272391,7.8,1.115701,
2021-09-19,19.860001,4.36910152,3.66,4.54,0.77246115,1.23,27.39819267,9.43290008,3.78,,26.9,3.46207013,2.64,14.76,9.03496479,4.25,1.90333143,8.52666286,3.17144423,4.72,14.22749944,0.265,73.5,4.95,9.09,2.05,1.225,1.12128226,7.79,1.117605,19.98244992
2021-09-20,19.58,4.26334872,3.62,4.65,0.75028523,1.19,26.76973772,9.26936676,3.75,,26.790001,3.29608046,2.56,14.66,8.44490368,4.2,1.85333148,8.33332962,3.12001541,4.472,13.09499942,0.259,73.300003,4.8,9.0,2.03,1.245,1.09839894,7.55,1.107133,16.99187907
2021-09-21,19.52,4.06997216,3.46,4.55,0.72441333,1.17,26.58241179,9.21733342,3.75,,25.4,3.16170788,2.5,14.49,8.12009969,4.12,1.74999825,8.11999638,3.00858629,4.4,12.68250017,0.254,71.900002,4.84,8.9,1.97,1.175,1.08695729,7.44,1.085238,16.98281733
2021-09-22,19.74,4.01860652,3.31,4.44,0.71332537,1.154,26.40716911,9.06866675,3.675,,26.379999,3.24075058,2.57,15.14,8.28250168,4.25,1.72333161,8.19999634,2.94001452,4.424,12.30000016,0.257,72.889999,4.77,8.9,1.99,1.175,1.06788786,7.24,1.075718,16.23970549
2021-09-23,19.9,4.73772558,3.55,4.6,0.72071734,1.164,26.58845341,9.21733342,3.655,,26.74,3.24075058,2.48,14.7,8.11468629,4.26,1.74666492,8.23332966,2.94858599,4.472,12.65250092,0.258,72.879997,4.94,9.0,2.06,1.21,1.0668554,7.35,1.084286,16.47532585
2021-09-26,19.9,5.13656472,3.58,4.68,0.73328369,1.166,26.58845341,9.44033341,3.655,,27.0,3.30398473,2.48,14.78,8.17423369,4.21,1.74666492,8.26666298,2.9743004,4.48,12.87750017,0.27,72.989998,4.95,8.92,2.0,1.2,1.05196904,7.45,1.085238,18.12467126
2021-09-27,19.700001,4.9552742,3.52,4.6,0.72219573,1.155,26.04459747,9.38086674,3.675,,26.0,3.25655912,2.45,14.38,8.10385949,4.3,1.7333316,8.19999634,2.90572863,4.544,13.01250017,0.269,72.5,4.92,8.89,2.0,1.2,1.05196904,7.5,1.095709,17.15500174
2021-09-28,20.5,4.74376859,3.45,4.4,0.69188865,1.138,26.16545468,9.35856674,3.675,,24.75,3.16170788,2.43,14.39,7.7736421,4.33,1.67666499,8.15999636,2.85429981,4.48,12.27750091,0.266,72.25,4.85,8.73,1.99,1.18,1.03212057,7.38,1.104277,16.49345123
2021-09-29,20.6,4.69844596,3.66,4.28,0.69780222,1.14,25.95999845,9.32883341,3.65,,24.93,3.03523956,2.45,14.35,7.62748031,4.36,1.64999835,8.05332974,2.80287098,4.48,12.18750016,0.263,71.900002,4.8,8.69,1.95,1.175,1.03212057,7.34,1.102373,16.52063738
2021-09-30,20.0,4.57758562,3.82,4.26,0.69891102,1.165,25.97812876,9.18016675,3.66,,25.23,3.0510481,2.42,14.27,7.6924411,4.45,1.68333165,8.14666303,2.84572834,4.512,12.46500092,0.263,74.0,5.0,8.8,1.95,1.3,1.03212057,7.4,1.103325,16.45720143
2021-10-03,20.4,4.68333842,3.87,4.29,0.69817182,1.169,26.16545468,9.14300009,3.595,,25.9,3.14589934,2.44,14.2,7.7844689,4.39,1.71999828,8.19999634,2.91430011,4.48,12.90000092,0.261,74.419998,4.99,8.8,1.95,1.35,1.03708269,7.45,1.104277,16.31220413
2021-10-04,20.290001,4.57456411,3.8,4.1,0.68708386,1.157,25.69411452,9.17273342,3.55,,24.32,3.0510481,2.44,14.15,7.7357483,4.2,1.64666502,7.99999643,2.77715657,4.44,12.39750092,0.254,74.0,4.86,8.8,1.945,1.295,1.01723422,7.38,1.101421,16.22158106
2021-10-05,20.18,4.52017695,3.98,4.1,0.68523587,1.15,25.89352672,9.09840009,3.5,,25.25,3.03523956,2.42,13.98,8.06596569,4.2,1.64666502,7.92666313,2.82001393,4.512,12.17250016,0.254,73.989998,4.8,8.69,1.938,1.415,1.00730998,7.39,1.115701,16.45720143
2021-10-06,20.200001,4.45672527,4.0,3.99,0.6778439,1.16,26.10502759,9.14300009,3.54,,24.0,3.08266518,2.4,13.71,8.29874188,4.15,1.64333169,7.88666315,2.80287098,4.52,12.07500016,0.25,74.980003,4.98,8.7,1.94,1.385,1.00234786,7.35,1.117605,16.43001431
2021-10-10,20.450001,4.59269316,4.07,3.86,0.68006149,1.186,26.49176813,9.38830008,3.52,,24.780001,3.07476091,2.4,13.5,8.17423369,4.09,1.64333169,7.95332979,2.78572804,4.488,12.00000016,0.253,73.349998,4.95,8.67,1.934,1.385,0.98249939,7.45,1.199473,17.49030786
2021-10-11,20.0,4.80419877,4.1,3.64,0.6763655,1.186,26.95102202,9.21733342,3.505,,25.74,3.00362249,2.37,13.54,8.54775827,4.11,1.65999834,7.94666312,2.78572804,4.52,11.88000016,0.275,73.050003,4.8,8.65,1.929,1.36,0.96761304,7.3,1.180434,17.22750038
2021-10-12,19.99,4.8525426,4.07,3.56,0.6782135,1.178,27.31359365,9.14300009,3.5,,26.9,3.01943103,2.37,13.5,8.43407688,4.13,1.64333169,8.06666307,2.84572834,4.48,12.06750016,0.273,73.400002,4.9,8.62,1.929,1.325,0.97257515,7.28,1.203281,17.21843769
2021-10-13,20.540001,4.74376859,4.13,3.48,0.67193032,1.195,27.37402075,9.14300009,3.525,,28.75,2.95619687,2.38,13.66,8.92128286,4.13,1.6333317,8.23332966,2.87144275,4.488,11.77500016,0.27,73.0,4.9,8.72,1.931,1.35,0.96761304,7.25,1.223272,17.44499632
2021-10-14,21.700001,4.83441385,4.18,3.4,0.66158156,1.185,28.0387339,9.19503342,3.6,,28.5,2.91667552,2.36,13.75,9.09451111,4.08,1.6333317,8.19999634,2.80287098,4.504,11.62500016,0.267,71.260002,4.88,8.6,1.935,1.325,0.96215471,7.15,1.256591,18.12467126
2021-10-17,21.440001,4.95225239,4.18,3.58,0.65640718,1.265,28.55237327,9.19503342,3.62,,28.879999,2.97200541,2.38,13.75,9.08909879,4.15,1.6333317,8.31332963,2.83715687,4.52,11.85000016,0.265,71.889999,4.84,8.51,1.929,1.325,0.96662061,7.34,1.266111,19.12152789
2021-10-18,20.83,4.9552742,4.1,3.7,0.66897353,1.276,29.21708339,9.14300009,3.645,,29.5,3.10637799,2.43,13.8,9.17571319,4.5,1.64666502,8.37999626,3.05144364,4.68,11.67000016,0.265,72.970001,4.91,8.5,2.06,1.325,0.9576888,7.42,1.266111,19.21215191
2021-10-19,20.0,4.9552742,4.2,3.78,0.66934313,1.269,29.24125532,9.09840009,3.675,4.97066194,31.6,3.08266518,2.42,13.78,9.14864565,4.47,1.666665,8.39999625,3.00001481,4.72,11.52750015,0.265,73.489998,5.14,8.49,2.01,1.34,0.94776456,7.45,1.304189,19.30277498
2021-10-20,20.0,4.63801579,4.1,3.5,0.65714637,1.225,28.99349988,9.03150008,3.65,13.33333333,30.690001,2.9482926,2.4,13.8,9.11616525,4.45,1.5999984,8.27332964,2.87144275,4.8,9.92250013,0.254,73.959999,5.03,8.45,1.999,1.3,0.94131381,7.39,1.318469,19.30277498
2021-10-24,21.799999,4.65312333,4.15,3.77,0.6504936,1.239,28.79408769,9.03150008,3.64,13.44,30.5,3.0273353,2.38,13.95,8.79677466,4.39,1.58999841,8.31332963,2.8285854,4.8,10.20000014,0.26,74.0,5.53,8.58,2.04,1.27,0.91203731,7.49,1.332748,19.89182685
2021-10-25,22.790001,4.59571467,4.17,3.64,0.62979608,1.233,29.48901136,8.92000008,3.585,12.688,28.4,3.08266518,2.38,14.25,8.22836768,4.31,1.56999843,8.38666293,2.76001363,4.816,9.75750013,0.257,73.889999,5.5,8.6,1.999,1.2,0.91799185,7.35,1.323229,19.84651531
2021-10-26,22.889999,4.63499428,4.3,3.72,0.61316414,1.24,30.15372451,8.77133341,3.5,11.86133333,27.629999,3.09056945,2.36,14.08,8.28250168,4.37,1.56333177,8.50666287,2.78572804,4.936,10.05000013,0.245,74.989998,5.6,8.55,1.989,1.39,0.90955625,7.4,1.312757,20.19994586
2021-10-27,22.5,4.49902639,4.27,3.65,0.58248745,1.229,30.81843464,8.74903341,3.505,11.808,26.620001,3.04314383,2.33,13.96,8.28250168,4.29,1.4999985,8.31332963,2.77715657,5.024,9.75000013,0.24,74.089996,5.42,8.28,1.967,1.22,0.88276082,7.37,1.323229,19.93713838
2021-10-28,21.76,4.47183281,4.27,3.84,0.59135782,1.235,31.12057615,8.75646674,3.545,11.99466667,26.450001,2.98781395,2.36,13.9,8.28250168,4.24,1.51333182,8.34666295,2.78572804,5.032,9.78750013,0.242,73.800003,5.5,8.36,1.96,1.25,0.88970778,7.42,1.315613,19.80120378
2021-10-31,21.5,4.46276829,4.2,3.75,0.59874979,1.236,31.12057615,8.69700007,3.555,11.62666667,26.059999,2.93248406,2.5,13.75,8.14175329,4.25,1.4999985,8.32666295,2.83715687,4.952,9.75000013,0.24,73.690002,5.5,8.34,1.921,1.365,0.89318126,7.59,1.313709,19.74682955
2021-11-01,20.450001,4.44161773,4.31,3.78,0.60983775,1.31,31.73090081,8.69700007,3.725,11.84,25.799999,2.74278159,2.5,13.7,8.01183169,4.2,1.4999985,8.59999617,2.8285854,5.056,10.11750013,0.253,73.0,5.47,8.3,1.935,1.46,0.9031055,7.65,1.318469,19.66526822
2021-11-02,19.99,4.46276829,4.48,3.85,0.60946815,1.363,32.31101433,8.69700007,3.65,11.84,26.35,2.72697305,2.6,13.94,7.98476469,4.5,1.49666517,8.79999608,2.82001393,5.304,10.08750013,0.253,73.699997,5.49,8.41,1.979,1.505,0.91848807,7.85,1.311805,19.48402113
2021-11-03,19.75,4.35701548,4.4,3.9,0.60614176,1.342,32.7219274,8.68956674,3.77,11.664,26.940001,2.69535597,2.56,14.2,7.9360441,4.65,1.49333184,8.7399961,2.80287098,5.312,10.23000014,0.262,72.550003,5.53,8.49,1.98,1.425,0.95669638,7.85,1.308949,19.03996751
2021-11-04,19.4,4.21198307,4.33,3.88,0.59061862,1.3,32.63128373,8.76390008,3.695,11.46666667,25.5,2.64002608,2.54,13.97,8.06596569,4.64,1.41999858,8.72666278,2.7685851,5.272,10.05000013,0.259,71.599998,5.6,8.44,1.929,1.415,0.95173426,7.79,1.305141,18.57778852
2021-11-07,19.790001,4.13342384,4.37,3.82,0.57435628,1.3,32.32914222,8.77133341,3.695,11.51466667,25.25,2.64793035,2.6,13.95,8.03889869,4.39,1.41666525,8.7399961,2.8285854,5.12,9.88500013,0.25,71.980003,5.6,8.45,1.936,1.46,0.99738575,7.7,1.299429,18.95840617
2021-11-08,19.85,4.23011212,4.44,3.87,0.58026986,1.28,31.90010187,8.83823341,3.65,11.41333333,24.950001,2.84553709,2.7,13.94,7.9035637,4.28,1.42333191,8.75332943,2.92287158,5.184,10.27500014,0.247,71.980003,5.5,8.48,1.924,1.43,1.05693116,7.75,1.306093,19.12152789
2021-11-09,19.52,4.29054229,4.13,3.89,0.58766183,1.287,32.61315585,8.83823341,3.68,11.44,25.23,2.83763282,2.63,13.95,7.8494297,4.15,1.41999858,8.6666628,2.94001452,5.2,10.42500014,0.247,71.0,5.54,8.44,1.9,1.425,1.06189328,7.72,1.342268,19.03090482
2021-11-10,19.5,4.25126268,3.95,3.9,0.57657387,1.265,32.56481199,8.80850008,3.65,11.30666667,24.0,2.69535597,2.57,14.5,7.6924411,4.08,1.39333194,8.59999617,2.90572863,5.192,10.26750014,0.244,70.989998,5.41,8.44,1.879,1.39,1.04651071,7.65,1.350835,19.21215191
2021-11-11,19.57,4.27543475,3.99,3.85,0.58396584,1.268,32.31705656,8.81593341,3.775,11.04,24.99,2.72697305,2.6,14.46,7.7411617,4.07,1.45999854,8.59999617,2.88858569,5.176,10.19250014,0.25,70.889999,5.6,8.37,1.91,1.375,1.08174175,7.74,1.336556,19.30277498
2021-11-14,20.49,4.29658531,4.0,4.14,0.58766183,1.259,32.44395539,8.91256675,3.745,11.09333333,24.73,2.72697305,2.61,14.73,7.8440163,3.99,1.4666652,8.72666278,2.92287158,5.192,10.31250014,0.254,71.099998,5.6,8.66,1.856,1.375,1.11647658,7.99,1.418425,20.39025469
2021-11-15,20.85,4.34190794,3.9,4.15,0.58396584,1.25,32.32914222,8.95716675,3.735,10.23466667,23.99,2.6874517,2.59,14.7,7.7411617,3.98,1.44666522,8.76666276,2.96572893,5.16,10.53750014,0.248,71.0,5.55,8.65,1.828,1.345,1.17105988,7.7,1.380346,19.71057975
2021-11-16,20.48,4.26032721,3.78,4.04,0.57176909,1.205,32.17807146,8.84566674,3.75,9.33866667,23.379999,2.61631327,2.55,14.38,7.35139692,3.97,1.40999859,8.63332948,2.94858599,5.12,10.24500014,0.243,70.5,5.52,8.6,1.784,1.3,1.15617353,7.53,1.370827,19.82838994
2021-11-17,20.17,4.23011212,3.77,3.96,0.5684427,1.2,32.32914222,8.89770008,3.74,9.92,21.99,2.60050473,2.56,14.45,7.27560932,3.9,1.43666523,8.65332948,3.00001481,5.12,10.01250013,0.234,70.889999,5.54,8.75,1.76,1.32,1.1214387,7.6,1.389866,19.48402113
2021-11-18,20.1,4.19989703,3.82,3.99,0.55883314,1.171,32.26267048,8.86796675,3.725,9.98933333,22.799999,2.62421754,2.55,14.7,7.11862073,3.84,1.41666525,8.52666286,2.98287187,5.192,10.12500014,0.229,70.0,5.65,8.75,1.729,1.295,1.0668554,7.5,1.394626,19.48402113
2021-11-21,21.200001,4.13644535,3.72,3.99,0.53813561,1.153,31.66443209,8.92000008,3.7,9.936,21.91,2.65583462,2.51,14.59,6.92915173,3.83,1.38999861,8.5933295,2.98287187,5.168,9.71250013,0.23,69.75,5.65,8.7,1.765,1.295,1.05196904,7.55,1.390818,21.07899231
2021-11-22,19.51,4.187811,3.68,3.86,0.50228455,1.145,31.96657361,9.06123342,3.795,10.13333333,22.25,2.54517484,2.52,14.45,6.83712394,3.74,1.36999863,8.53332953,2.93144305,5.264,9.42750013,0.211,70.0,5.5,8.6,1.717,1.25,1.09662811,7.49,1.389866,19.74682955
2021-11-23,19.75,4.19687553,3.8,3.9,0.50967652,1.168,31.98470089,8.92000008,3.8,10.37333333,22.5,2.56888765,2.55,14.57,6.82088374,3.8,1.40666526,8.74666277,2.9743004,5.4,9.67500013,0.218,70.0,5.69,8.5,1.85,1.295,1.10159023,7.84,1.361307,19.42964785
2021-11-24,19.469999,4.45672527,3.77,3.82,0.50487174,1.16,31.54357488,8.99433342,3.83,10.4,22.0,2.53727057,2.54,14.62,6.77216314,3.86,1.41666525,9.26666254,2.98287187,5.416,9.69000013,0.218,70.900002,5.75,8.5,1.8,1.285,1.09166599,7.68,1.348932,19.03090482
2021-11-25,19.450001,4.46881131,3.77,3.92,0.51632929,1.188,31.42271767,9.03150008,3.9,10.13333333,22.799999,2.608409,2.69,14.8,6.87501774,3.91,1.52333181,9.45999578,3.01715776,5.576,9.93750013,0.228,70.25,5.85,8.63,1.838,1.305,1.11151446,8.35,1.330844,21.47773535
2021-11-28,19.16,4.37212303,3.7,3.85,0.5141117,1.163,31.12661777,8.92000008,3.805,9.97866667,22.799999,2.57679192,2.66,14.6,6.65848174,3.9,1.55666511,9.33999584,3.00858629,5.512,9.69000013,0.226,69.099998,5.8,8.49,1.825,1.255,1.14624929,8.15,1.327988,19.48402113
2021-11-29,19.0,4.3962951,3.6,3.94,0.51004612,1.16,31.11453453,8.84566674,3.79,9.97333333,22.280001,2.55307911,2.64,14.6,6.63141475,3.96,1.57999842,9.30666252,3.02572923,5.44,10.32750014,0.224,69.790001,5.69,8.47,1.79,1.27,1.15121141,8.19,1.305141,19.03090482
2021-11-30,18.889999,4.56247807,3.56,3.97,0.54626678,1.164,31.06014906,8.31790008,3.85,10.13333333,21.49,2.56888765,2.68,14.8,7.06448673,3.93,1.65999834,9.59999572,3.06001511,5.544,10.24500014,0.223,69.5,5.84,8.54,1.79,1.245,1.13632505,8.25,1.313709,19.03090482
2021-12-01,18.99,4.53226299,3.54,4.0,0.57176909,1.227,31.30186046,8.38480008,3.925,9.97333333,21.950001,2.67164316,2.67,14.85,7.16734133,4.0,1.7333316,9.61332905,3.15430129,5.544,10.29750014,0.224,70.019997,5.77,8.59,1.85,1.27,1.16609776,8.23,1.313709,18.66841159
2021-12-02,18.940001,4.53226299,3.55,3.95,0.57213869,1.214,31.12661777,8.51860008,4.04,9.73333333,21.799999,2.82972855,2.65,15.01,6.88043114,4.12,1.75666491,9.59332906,3.13715835,5.68,10.16250014,0.233,71.779999,5.77,8.59,1.849,1.265,1.21571894,8.3,1.313709,18.84965773
2021-12-05,18.9,4.64708032,3.49,4.04,0.58174825,1.199,31.04201875,8.39966675,4.105,9.73333333,21.5,2.77439866,2.69,14.99,6.82088374,4.05,1.9666647,9.67332902,3.20573012,5.672,10.17750014,0.236,72.0,5.77,8.55,1.834,1.255,1.31496131,8.3,1.29467,18.94028175
2021-12-06,18.9,4.63197277,3.53,4.1,0.58581384,1.21,31.24143336,8.47400008,4.125,9.70666667,22.1,2.7902072,2.75,15.1,6.73968274,4.36,2.24666442,9.79999563,3.21430159,5.68,10.41750014,0.244,72.900002,5.8,8.55,1.93,1.26,1.34473401,8.84,1.297526,19.03090482
2021-12-07,18.99,4.90693006,3.65,4.07,0.57657387,1.24,31.42271767,8.54833342,4.15,9.65333333,21.34,2.77439866,2.82,15.4,6.56104055,5.0,2.35666431,9.79332897,3.18858717,5.6,10.12500014,0.252,74.0,5.92,8.56,1.94,1.245,1.29015072,9.0,1.29467,19.02184213
2021-12-08,19.0,4.92808032,3.61,3.95,0.55254996,1.216,31.57983005,8.50373342,4.1,9.54666667,20.49,2.75068586,2.72,15.61,6.36074476,4.7,2.16999783,9.79999563,3.15430129,5.584,9.79500013,0.244,73.0,5.81,8.53,1.894,1.185,1.2306053,8.79,1.296574,19.03090482
2021-12-09,22.110001,4.80419877,3.74,3.85,0.55033237,1.193,31.39250412,8.07260007,4.125,9.376,20.780001,2.90086698,2.7,15.96,6.04135417,4.98,2.1333312,9.79999563,3.17144423,5.592,9.69750013,0.241,73.0,5.85,8.58,1.87,1.18,1.24052953,8.74,1.29467,19.03090482
2021-12-12,22.110001,4.80419877,3.81,3.9,0.55070197,1.23,31.96657361,8.25100008,4.12,9.328,20.799999,2.92457979,2.8,16.0,6.34991796,5.05,2.20999779,9.96666222,3.24858747,5.592,9.71250013,0.242,76.900002,5.9,8.58,1.849,1.185,1.25045377,9.49,1.293718,19.21215191
2021-12-13,20.969999,4.78909122,3.75,4.04,0.54700598,1.245,32.08138617,8.1023334,4.1,9.42933333,20.4,2.87715417,2.82,16.42,6.58269415,4.99,2.16333117,9.96666222,3.240016,5.64,9.93750013,0.24,77.0,5.93,8.55,1.84,1.2,1.26037801,9.06,1.28515,19.39339806
2021-12-14,20.5,4.75887614,3.7,4.06,0.54663638,1.235,32.03304232,8.16180007,4.1,9.45066667,20.0,2.80601574,2.92,16.07,6.49066635,4.87,2.28333105,9.99332888,3.240016,5.6,9.88500013,0.24,77.379997,5.93,8.55,1.87,1.18,1.26534012,8.95,1.292766,18.80434619
2021-12-15,20.5,4.72866105,3.65,4.09,0.5429404,1.22,31.90614349,8.1023334,4.06,9.38133333,20.0,2.85344136,2.97,16.049999,6.20916956,4.85,2.26999773,9.86666227,3.33430218,5.632,9.82500013,0.245,76.989998,5.9,8.5,1.85,1.18,1.36458249,8.89,1.28991,18.85872042
2021-12-16,21.0,4.78909122,3.67,4.4,0.54663638,1.239,31.48314476,8.08746674,4.15,9.664,20.790001,2.92457979,3.05,16.25,6.48525295,5.0,2.30666436,9.99332888,3.42858836,5.616,9.78750013,0.248,77.980003,6.13,8.44,2.002,1.22,1.35962037,9.11,1.29467,19.73776687
2021-12-19,20.549999,4.75887614,3.72,4.39,0.56326832,1.258,31.18100325,8.0800334,4.15,9.64266667,21.700001,2.95619687,3.03,16.25,6.54480035,4.9,2.35333098,10.16666213,3.41144542,5.64,9.74250013,0.245,77.5,6.01,8.35,2.0,1.22,1.36954461,9.0,1.29467,19.42058517
2021-12-20,20.280001,4.62592976,3.62,4.27,0.54626678,1.23,30.72174935,8.05030007,4.13,9.6,21.09,2.8692499,3.0,16.1,6.42029215,4.88,2.27666439,9.93999557,3.35144512,5.632,9.61500013,0.237,76.010002,5.75,8.3,1.949,1.21,1.33480978,8.97,1.297526,19.16683943
2021-12-21,20.4,4.62592976,3.51,4.35,0.55070197,1.235,31.10849049,8.05030007,4.125,9.86666667,21.4,2.90086698,3.01,16.1,6.53938695,4.96,2.35333098,9.99332888,3.47144571,5.648,10.11000013,0.239,75.900002,5.7,8.39,1.937,1.21,1.45390061,9.1,1.271823,18.99465502
2021-12-22,20.85,4.59269316,3.49,4.38,0.55402835,1.241,30.96346377,8.02800007,4.11,10.4,22.25,3.01943103,3.01,16.889999,6.76674974,4.93,2.40999759,9.86666227,3.45430277,5.704,10.00500013,0.236,75.970001,5.78,8.520001,1.936,1.21,1.38939308,9.05,1.27563,18.92215637
2021-12-23,20.6,4.82534933,3.56,4.34,0.55070197,1.254,31.25351902,8.05030007,4.1,10.72,22.25,3.04314383,3.02,16.93,7.03200633,5.11,2.45999754,9.99999554,3.48858866,5.832,9.97500013,0.237,76.0,5.8,8.75,1.979,1.2,1.3397719,8.96,1.293718,18.57778852
2021-12-26,20.440001,4.84952109,3.64,4.5,0.56548591,1.255,32.20828501,8.02800007,4.24,10.58666667,22.23,3.0273353,3.02,16.870001,7.07531353,5.15,2.45666421,10.11999549,3.47144571,5.856,10.11750013,0.242,76.010002,6.05,8.86,1.984,1.205,1.35962037,9.0,1.284198,18.57778852
2021-12-27,20.99,4.89484433,3.66,4.34,0.57657387,1.243,32.0270007,7.95366673,4.35,10.79466667,21.780001,3.0510481,3.02,16.780001,7.03741973,5.06,2.4666642,10.01999553,3.42858836,5.96,10.01250013,0.242,77.0,6.09,8.66,1.971,1.215,1.31992342,9.19,1.266111,18.35122989
2021-12-28,22.120001,4.83441385,3.68,4.36,0.5677035,1.224,32.0270007,7.9908334,4.29,10.66666667,21.57,3.16961215,3.09,16.82,7.14568773,5.1,2.44999755,9.91332891,3.42858836,6.048,9.89250013,0.239,77.0,5.95,8.65,2.0,1.185,1.27526436,9.05,1.266111,19.03090482
2021-12-29,21.700001,4.85858592,3.69,4.36,0.58248745,1.224,32.0270007,7.98340007,4.34,10.66666667,21.68,3.17751642,3.05,16.85,7.22688872,5.15,2.29333104,9.91999558,3.46287424,6.136,9.87750013,0.239,77.480003,5.98,8.71,1.99,1.225,1.22564318,9.0,1.248023,18.55966314
2021-12-30,21.5,4.83441385,3.7,4.59,0.57657387,1.215,32.0270007,7.98340007,4.25,10.93333333,21.93,3.1300908,3.0,16.85,7.16192793,5.1,2.25333108,9.89999559,3.51430307,6.136,9.82500013,0.236,77.330002,6.0,8.72,2.0,1.215,1.30007495,9.1,1.264207,18.32404277
2022-01-02,21.5,4.83441385,3.76,4.55,0.58396584,1.218,32.32914222,7.9685334,4.3,10.88,23.49,3.16170788,3.03,16.879999,7.09696713,5.1,2.2999977,9.99999554,3.49716013,6.12,10.05000013,0.238,76.0,6.07,8.7,1.993,1.22,1.22564318,9.2,1.256591,18.378417
2022-01-03,21.27,4.83441385,3.77,4.67,0.58026986,1.235,32.32310059,7.95366673,4.295,10.66666667,23.59,3.13799507,3.03,16.85,6.90208474,5.17,2.25999774,9.96666222,3.52287454,6.12,11.06250015,0.238,76.010002,5.9,8.7,1.96,1.22,1.28022648,9.1,1.271823,18.21529433
2022-01-04,21.549999,4.8162848,4.04,4.7,0.58137865,1.27,32.0270007,7.97596673,4.25,10.61333333,23.639999,3.1300908,3.05,16.98,7.01576613,5.04,2.26999773,9.94666223,3.49716013,5.848,11.32500015,0.243,77.800003,5.79,8.72,1.979,1.275,1.3397719,9.29,1.332748,19.57464515
2022-01-05,21.52,4.83441385,4.03,4.7,0.60614176,1.286,31.96657361,8.05030007,4.29,10.66666667,24.34,3.13799507,3.09,17.15,7.10779393,5.08,2.31666435,9.96666222,3.52287454,6.0,11.13750015,0.241,78.5,5.9,8.82,1.995,1.315,1.32984766,9.3,1.380346,19.56558246
2022-01-09,21.58,4.82837084,3.93,4.69,0.60798976,1.284,31.93635704,8.16180007,4.205,10.66666667,24.4,3.12218653,3.1,17.15,7.04824653,5.05,2.2999977,9.9533289,3.47144571,5.992,11.19000015,0.238,78.400002,5.86,8.72,1.988,1.395,1.29015072,9.2,1.350835,18.84059599
2022-01-10,21.25,4.78606971,3.98,4.6,0.6227737,1.27,31.97865685,8.20640007,4.225,10.64533333,24.0,3.10637799,3.1,17.190001,7.19982172,5.01,2.25999774,10.29999541,3.42858836,5.84,11.25000015,0.239,77.989998,5.83,8.75,1.95,1.465,1.26534012,9.22,1.342268,19.02184213
2022-01-11,21.5,4.76794066,3.93,4.59,0.62166491,1.267,31.99678715,8.16180007,4.225,10.60266667,23.9,3.09847372,3.05,17.4,7.14568773,4.95,2.23666443,10.19999545,3.40287395,5.816,10.97250015,0.238,78.099998,5.77,8.69,1.95,1.475,1.24052953,9.17,1.351787,19.03090482
2022-01-12,21.84,4.71355351,4.1,4.53,0.60872895,1.257,32.40769961,8.13950007,4.215,10.60266667,24.0,3.2091335,3.06,17.549999,7.12944753,4.83,2.20999779,10.13332882,3.33430218,5.808,10.77750014,0.234,79.0,5.83,8.7,1.91,1.45,1.27030224,9.18,1.351787,19.03090482
2022-01-13,21.99,4.66823088,4.17,4.53,0.59801059,1.242,32.63128373,8.08746674,4.22,10.224,24.1,3.20122923,3.05,17.549999,6.97787233,4.85,2.14999785,10.09332883,3.240016,5.76,10.40250014,0.229,78.470001,5.77,8.68,1.89,1.395,1.26534012,9.2,1.351787,19.56558246
2022-01-16,21.790001,4.60477919,4.09,4.53,0.58285705,1.23,32.51042652,8.02800007,4.15,10.02666667,23.67,3.16170788,3.04,17.469999,6.92915173,4.76,2.0999979,9.91999558,3.18858717,5.72,10.20000014,0.228,77.629997,5.68,8.65,1.868,1.345,1.23556742,9.06,1.345124,19.12152789
2022-01-17,21.5,4.57758562,4.21,4.3,0.57657387,1.221,32.20224338,8.02800007,4.15,10.02666667,23.6,3.15380361,3.0,17.1,6.64224155,4.79,2.1333312,9.89332892,3.240016,5.712,10.06500013,0.221,76.25,5.7,8.65,1.865,1.36,1.29015072,8.88,1.332748,19.2937123
2022-01-18,21.799999,4.71355351,4.2,4.25,0.57546508,1.222,32.14785791,8.1023334,4.16,10.02666667,23.73,3.13799507,3.01,17.0,6.62600135,4.86,2.19333114,9.76666231,3.26573041,5.704,10.16250014,0.223,76.489998,5.6,8.72,1.88,1.4,1.26534012,9.0,1.332748,19.12152789
2022-01-19,21.74,4.71355351,4.12,4.37,0.57694347,1.225,32.0270007,8.02800007,4.225,9.97333333,23.4,3.10637799,3.0,16.98,6.49607975,4.85,2.20666446,9.713329,3.25715894,5.72,10.42500014,0.225,76.970001,5.66,8.72,1.85,1.37,1.22068106,9.1,1.331796,18.94028175
2022-01-20,21.75,4.65312333,4.04,4.29,0.5691819,1.215,31.72485918,8.02800007,4.15,9.79733333,24.0,3.12218653,2.97,16.950001,6.32285096,4.81,2.16333117,9.7866623,3.23144453,5.688,10.72500014,0.225,77.0,5.6,8.71,1.81,1.325,1.19587047,9.09,1.341316,19.00371771
2022-01-23,21.540001,4.62290825,3.89,4.3,0.5688123,1.202,31.96657361,8.02800007,4.175,9.73333333,23.6,3.16170788,2.95,16.969999,6.11714177,4.82,2.1333312,9.7866623,3.23144453,5.696,10.65750014,0.222,77.900002,5.58,8.65,1.8,1.295,1.19090835,9.0,1.332748,19.00371771
2022-01-24,21.49,4.5020479,3.8,4.25,0.55772434,1.2,31.96657361,7.95366673,4.15,9.63733333,23.459999,3.15380361,2.9,16.629999,6.06300777,4.71,2.07333126,9.89332892,3.240016,5.72,10.41000014,0.217,76.940002,5.5,8.59,1.76,1.245,1.17105988,8.98,1.323229,18.57778852
2022-01-25,21.65,4.53226299,3.74,4.3,0.55181076,1.183,31.84571639,7.9685334,4.05,9.68,23.459999,3.01943103,2.88,16.5,5.99804697,4.81,2.0999979,9.84666228,3.22287306,5.704,10.24500014,0.217,73.970001,5.54,8.5,1.75,1.23,1.14624929,8.95,1.320373,18.92215637
2022-01-26,21.799999,4.48694036,3.68,4.25,0.55994193,1.195,31.54357488,7.9239334,4.1,9.49866667,23.459999,3.06685664,2.85,16.5,5.79233778,4.82,2.13666453,9.82666229,3.240016,5.68,10.23750014,0.236,73.5,5.47,8.48,1.757,1.23,1.16113564,8.9,1.3337,19.03090482
2022-01-30,21.549999,4.44463924,3.79,4.25,0.56178993,1.179,31.42271767,7.87190006,4.125,9.33333333,23.25,3.00362249,2.88,16.690001,5.65158938,4.8,2.10333123,9.75999565,3.22287306,5.72,9.98250013,0.234,73.610001,5.39,8.48,1.769,1.27,1.14128717,8.85,1.342268,19.03090482
2022-01-31,21.35,3.80710091,3.79,4.25,0.55439795,1.213,31.34416027,7.80500008,4.125,9.38666667,24.5,3.01943103,2.91,17.0,5.45129359,4.83,2.10999789,9.80666229,3.25715894,5.672,10.08750013,0.227,72.5,5.36,8.5,1.74,1.27,1.13632505,9.29,1.32894,19.03090482
2022-02-01,21.34,3.92796126,3.84,4.3,0.56178993,1.289,31.36229057,7.9908334,4.1,9.6,25.0,3.04314383,2.89,16.950001,5.51625439,5.0,2.14666452,9.97332889,3.27430188,5.64,10.31250014,0.23,72.989998,5.9,8.6,1.815,1.285,1.17105988,9.25,1.331796,18.89497021
2022-02-02,21.4,4.03673557,3.94,4.5,0.57176909,1.34,31.48314476,7.97596673,4.125,9.65333333,25.0,3.04314383,2.96,17.01,5.68406978,5.47,2.21333112,10.13332882,3.34287365,5.672,10.29000014,0.236,73.75,5.7,8.69,1.83,1.25,1.20083259,9.18,1.331796,18.75903466
2022-02-03,21.16,4.05486462,3.88,4.59,0.57102989,1.351,31.34416027,7.90906673,4.09,9.60533333,24.34,3.06685664,3.0,17.1,5.80316458,6.0,2.20999779,10.31332874,3.33430218,5.6,10.23000014,0.235,73.889999,5.65,8.79,1.817,1.245,1.19090835,9.09,1.324181,18.90403195
2022-02-06,21.139999,4.08810121,3.92,4.64,0.57768267,1.47,31.42271767,7.91650007,4.09,9.38666667,24.459999,3.08266518,3.01,17.0,5.68406978,5.7,2.2333311,10.25999543,3.34287365,5.6,10.34250014,0.232,73.519997,5.65,8.7,1.81,1.225,1.18098412,9.1,1.324181,19.00371771
2022-02-07,20.98,4.10018725,3.94,4.7,0.57953066,1.494,31.60400197,7.89420006,4.09,9.73333333,24.190001,3.12218653,3.03,17.0,5.58121519,5.55,2.25333108,10.466662,3.33430218,5.6,10.47000014,0.233,74.0,5.68,8.69,1.815,1.23,1.20083259,9.08,1.323229,18.84965773
2022-02-08,20.92,4.09716574,3.85,4.67,0.57250829,1.475,31.12057615,7.91650007,4.05,9.90933333,24.6,3.05895237,3.0,17.49,5.321372,5.6,2.1666645,10.60666194,3.29144483,5.6,10.65000014,0.244,74.800003,5.55,8.63,1.825,1.2,1.21571894,9.07,1.323229,18.80434619
2022-02-09,21.290001,4.12133781,3.85,4.65,0.58581384,1.483,31.06014906,7.8793334,4.1,9.84,24.5,3.04314383,3.06,18.1,5.213104,6.06,2.18999781,12.53332708,3.25715894,5.416,10.54500014,0.24,74.0,5.7,8.6,1.85,1.215,1.23556742,9.93,1.332748,19.40246074
2022-02-10,21.0,4.19989703,3.83,4.51,0.58396584,1.44,30.81843464,7.91650007,4.145,9.81333333,24.49,3.05895237,3.1,17.700001,5.00198141,5.98,2.17999782,11.89999469,3.25715894,5.44,10.38750014,0.238,73.43,5.69,8.6,1.848,1.2,1.21075682,9.78,1.351787,19.48402113
2022-02-13,20.950001,4.17874647,3.75,4.51,0.56363792,1.473,30.81843464,7.98340007,4.08,9.664,24.110001,2.96410114,3.0,17.52,4.95326081,6.01,2.09333124,12.33332783,3.21430159,5.4,10.24500014,0.233,74.25,5.51,8.58,1.786,1.19,1.15121141,9.99,1.351787,19.57464515
2022-02-14,21.0,4.20594005,3.7,4.44,0.52335167,1.446,30.58276486,7.91650007,4.0,9.6,24.110001,2.84553709,2.99,17.440001,4.86123301,5.9,2.0333313,12.15999458,3.10287247,5.376,9.36750012,0.222,72.300003,5.41,8.34,1.722,1.125,1.10159023,9.9,1.329892,19.57464515
2022-02-15,21.0,4.2240691,3.79,4.5,0.51669889,1.569,31.12057615,7.90906673,3.99,9.65333333,23.889999,2.8692499,2.95,17.6,5.01822215,5.8,2.02333131,12.23332788,3.12858688,5.384,9.60000013,0.227,73.0,5.28,8.4,1.718,1.14,1.1214387,9.87,1.332748,19.48402113
2022-02-16,21.5,4.19989703,3.82,4.5,0.52446046,1.578,31.32603238,7.88676673,3.985,9.728,23.299999,2.88505844,2.92,18.370001,5.05611541,5.8,2.06333127,12.19999389,3.13715835,5.28,9.81000013,0.228,73.400002,5.3,8.49,1.744,1.15,1.12640082,9.8,1.332748,19.43870959
2022-02-17,21.49,4.19989703,3.79,4.59,0.51078531,1.54,31.12057615,7.8793334,4.0,9.696,23.5,2.84553709,2.96,17.99,5.01822215,5.89,2.02666464,12.13332859,3.1800157,5.208,9.97500013,0.226,73.900002,5.48,8.45,1.73,1.125,1.08670387,9.74,1.329892,19.43870959
2022-02-20,21.299999,4.17874647,3.79,4.59,0.50819812,1.52,30.91511992,7.8124334,3.99,9.696,23.35,2.82972855,2.9,17.969999,4.98574121,5.79,1.97999802,12.1199946,3.16287276,5.12,9.99000013,0.223,73.0,5.29,8.43,1.702,1.125,1.08670387,9.65,1.332748,19.43870959
2022-02-21,21.1,4.17270346,3.7,4.58,0.50302374,1.477,31.20517517,7.82730006,3.98,9.54666667,23.0,2.78230293,2.78,17.9,5.0885958,5.68,1.90999809,11.99999465,3.11144394,5.2,10.12500014,0.217,72.099998,5.16,8.39,1.668,1.1,1.09662811,9.6,1.327988,19.43870959
2022-02-22,21.290001,4.14853139,3.66,4.5,0.49969736,1.459,31.0903626,7.91650007,3.98,9.53066667,25.0,2.75859013,2.8,17.809999,5.06152881,5.58,1.8999981,11.98666132,3.04287217,5.088,10.12500014,0.216,72.010002,5.14,8.24,1.659,1.08,1.08670387,9.69,1.332748,19.03090482
2022-02-23,20.790001,4.16061742,3.62,4.46,0.49452297,1.475,30.33500881,7.9016334,3.95,9.52,25.690001,2.73487732,2.75,17.799999,5.1373164,5.75,1.87666479,12.05332796,2.98287187,5.056,10.34250014,0.217,71.790001,5.1,8.4,1.64,1.08,1.07677964,9.6,1.332748,19.12152789
2022-02-24,21.0,4.14248837,3.59,4.44,0.4882398,1.434,30.03890892,7.8793334,3.945,9.38666667,25.530001,2.6874517,2.72,17.610001,5.0831824,5.67,1.81999818,11.89999469,2.94858599,5.0,10.20750014,0.214,70.230003,5.1,8.32,1.626,1.065,1.05196904,9.39,1.340364,19.12152789
2022-02-27,21.200001,4.13946686,3.63,4.4,0.45091034,1.434,29.36815415,7.8570334,3.85,9.49333333,25.959999,2.67954743,2.71,17.59,5.02904841,5.89,1.75666491,11.97999399,2.88001422,4.984,9.82500013,0.215,70.980003,4.9,8.39,1.598,1.0,1.08174175,9.5,1.340364,19.38433632
2022-02-28,21.0,4.08507971,3.58,4.31,0.44462716,1.432,29.54944148,8.24356674,3.85,9.83466667,26.01,2.67954743,2.69,17.719999,5.2347576,5.9,1.72999827,11.82666139,2.94001452,5.232,9.78750013,0.205,70.0,4.59,8.25,1.589,1.034,1.08174175,9.58,1.351787,19.38433632
2022-03-01,20.98,4.10925177,3.68,4.4,0.46384629,1.427,29.18686985,8.73416674,3.74,10.02666667,26.049999,2.6874517,2.83,18.5,5.41339979,5.98,1.74999825,11.94666134,2.89715716,5.04,9.90000013,0.204,70.25,4.53,8.35,1.58,1.05,1.13136293,9.5,1.351787,19.37527363
2022-03-02,21.370001,4.10018725,3.75,4.38,0.46236789,1.472,28.94515845,8.69700007,3.8,9.96266667,25.700001,2.6874517,2.75,19.75,5.39715959,5.89,1.78333155,11.83332806,2.89715716,4.944,10.02750013,0.207,69.989998,4.44,8.33,1.57,1.05,1.11647658,9.45,1.359403,19.37527363
2022-03-03,21.799999,4.10925177,3.94,4.31,0.46569428,1.516,28.70344402,8.81593341,3.84,10.384,25.74,2.9482926,2.7,19.450001,5.321372,5.95,1.77999822,11.7466621,2.88858569,4.88,9.90000013,0.207,70.230003,4.44,8.25,1.55,1.05,1.11647658,9.48,1.380346,19.55652073
2022-03-06,22.0,4.10925177,3.98,4.45,0.46273749,1.51,28.70344402,8.73416674,3.89,10.24,26.65,2.91667552,2.7,19.360001,5.213104,5.92,1.73999826,11.77999475,2.88858569,4.784,9.75000013,0.207,70.230003,4.4,8.15,1.549,1.04,1.12640082,9.37,1.379394,19.56558246
2022-03-07,22.799999,4.10925177,4.05,4.3,0.45904151,1.514,27.85744657,8.62266674,3.895,10.128,27.74,2.96410114,2.64,18.59,5.0831824,5.79,1.70999829,11.59999483,2.77715657,4.76,9.66750013,0.204,69.980003,4.3,8.09,1.522,1.025,1.07181752,9.0,1.388914,18.94028175
2022-03-08,21.9,4.09414423,3.85,4.3,0.44795355,1.462,25.86331317,8.39223341,3.705,9.91466667,27.469999,2.80601574,2.69,18.26,4.95326081,5.52,1.6333317,11.48666155,2.74287069,4.776,9.36750012,0.202,68.400002,4.18,7.96,1.489,1.0,0.99242363,8.88,1.379394,18.93121906
2022-03-09,21.77,4.1545744,3.9,4.3,0.44203997,1.449,25.07774583,8.29560008,3.58,9.67466667,26.25,2.84553709,2.59,17.549999,4.94784741,5.51,1.57333176,11.55332818,2.74287069,4.56,9.48000013,0.204,67.970001,4.15,7.91,1.499,1.0,1.03708269,8.7,1.376538,18.89497021
2022-03-10,21.74,4.14853139,3.87,4.3,0.44240957,1.417,24.77560432,8.23613341,3.495,9.648,25.92,2.88505844,2.59,17.49,5.06152881,5.36,1.60333173,11.85999538,2.74287069,4.592,9.59250013,0.201,68.879997,4.27,8.0,1.5,0.975,1.0668554,8.63,1.356547,19.03090482
2022-03-13,23.0,4.16666044,3.9,4.27,0.43686559,1.39,25.37988735,8.17666674,3.5,9.6,26.379999,3.00362249,2.6,17.5,5.02904841,5.46,1.61666505,11.79999541,2.79429951,4.56,9.63750013,0.2,67.800003,4.25,8.08,1.52,0.9875,1.02219634,8.6,1.342268,19.23027634
2022-03-14,22.879999,4.1545744,3.82,4.3,0.42873442,1.326,25.37988735,8.02800007,3.42,9.49333333,27.299999,2.9482926,2.58,17.08,4.91536701,5.39,1.5666651,11.59999483,2.77715657,4.472,9.56250013,0.196,66.040001,4.1,8.0,1.48,0.98,1.00234786,8.3,1.342268,19.38433632
2022-03-15,24.0,4.13946686,3.75,4.2,0.43206081,1.337,25.19860304,8.23613341,3.45,9.39733333,27.0,2.87715417,2.56,16.98,5.0831824,5.34,1.5666651,11.46666222,2.65715598,4.56,9.51000013,0.196,66.040001,4.08,8.11,1.472,0.98,0.96761304,8.07,1.327036,19.23933807
2022-03-16,25.0,4.16363893,3.85,4.29,0.43871358,1.334,25.98417038,8.32533341,3.4,9.65333333,25.85,3.05895237,2.7,17.299999,5.35385239,5.28,1.666665,11.59999483,2.65715598,4.712,9.78750013,0.2,66.449997,4.08,8.3,1.508,1.025,0.95272668,8.49,1.313709,19.73776687
2022-03-17,25.1,4.1545744,3.89,4.4,0.45608472,1.355,26.19566823,8.47400008,3.35,9.72266667,26.0,3.07476091,2.7,17.200001,5.37009259,5.27,1.72333161,11.66666146,2.60572715,4.944,10.12500014,0.203,66.449997,3.99,8.31,1.537,1.04,0.99738575,8.56,1.304189,19.54745804
2022-03-20,25.15,4.16968195,3.8,4.39,0.4601503,1.346,27.13230935,8.43683341,3.425,9.6,24.99,3.42254878,2.85,17.48,5.3159586,5.2,1.6999983,11.82666139,2.58858421,5.184,10.11750013,0.228,66.980003,4.22,8.29,1.57,1.045,1.02715845,8.4,1.351787,19.5021465
2022-03-21,27.5,4.30564984,4.38,4.4,0.47271665,1.405,29.00558554,8.77133341,3.5,9.84,26.99,3.47787867,3.25,17.530001,5.41339979,5.55,1.8666648,12.31332718,2.68287039,5.44,10.41750014,0.235,76.0,4.5,9.270001,1.699,1.08,1.07181752,9.98,1.358451,21.65898244
2022-03-22,26.799999,4.62290825,4.44,4.45,0.49156619,1.423,30.81843464,8.73416674,3.4,9.97333333,26.450001,3.51740002,3.12,17.48,5.87353877,5.68,2.01666465,12.53332708,2.7685851,5.544,10.50000014,0.238,78.0,4.7,9.2,1.73,1.11,1.05693116,9.6,1.304189,21.88554012
2022-03-23,26.0,4.55945656,4.25,4.35,0.48047823,1.39,30.02682326,8.72673341,3.45,9.84,26.459999,3.39883597,3.0,17.35,5.49460079,5.45,2.03666463,12.33332783,2.65715598,5.6,10.42500014,0.234,74.989998,4.23,9.0,1.729,1.195,1.02715845,9.07,1.28991,21.74960551
2022-03-24,26.99,4.44161773,4.4,4.48,0.48047823,1.405,30.0328673,8.92000008,3.84,9.86666667,27.610001,3.59644271,3.04,17.35,5.49460079,5.45,2.0999979,12.3399945,2.7085848,5.832,10.74750014,0.237,75.5,4.36,9.1,1.72,1.2,1.02715845,9.0,1.28515,21.47773535
2022-03-27,26.48,4.34492945,4.36,4.4,0.46939027,1.36,29.73072578,9.10583342,3.945,9.89333333,26.0,3.50159148,2.91,17.450001,5.39715959,5.3,2.0666646,12.32666117,2.64858451,5.92,10.27500014,0.233,72.0,4.33,9.1,1.671,1.18,1.00234786,8.87,1.266111,21.65898244
2022-03-28,26.0,4.28752079,4.46,4.31,0.45645431,1.323,29.48901136,8.92743341,3.9,9.94666667,25.139999,3.46207013,2.88,17.450001,5.3267854,4.5,2.05999794,12.14666058,2.57144127,5.8,10.11000013,0.23,74.900002,4.24,9.04,1.65,1.16,0.98746151,8.8,1.256591,21.37804959
2022-03-29,25.700001,4.29054229,4.21,4.31,0.44351836,1.307,28.75178787,8.92000008,3.825,9.65333333,24.0,3.21703777,2.8,17.4,5.46753379,4.35,1.97999802,11.99332799,2.51144097,5.8,10.20000014,0.227,79.949997,4.26,8.9,1.64,1.15,0.98249939,8.7,1.266111,20.84337195
2022-03-30,25.75,4.27241324,4.24,4.31,0.44721435,1.314,28.79408769,8.99433342,3.9,9.69066667,23.9,3.26446339,2.82,17.780001,5.59204199,4.1,2.02333131,11.93332801,2.49429803,5.8,10.23750014,0.233,86.0,4.3,8.89,1.63,1.155,0.97753727,8.48,1.266111,20.84337195
2022-03-31,25.370001,4.25126268,4.14,4.31,0.44351836,1.349,28.32274511,8.92743341,3.8,9.59466667,22.57,3.07476091,2.82,17.6,5.46212039,4.03,1.95999804,11.85999538,2.52001244,5.84,9.93750013,0.237,79.800003,4.24,8.96,1.597,1.18,0.97753727,8.47,1.266111,20.84337195
2022-04-03,25.459999,4.35399398,3.99,4.4,0.46569428,1.388,29.28355513,8.92743341,3.8,9.536,23.0,3.06685664,2.89,17.549999,5.46753379,4.33,1.99333134,12.86666026,2.5628698,5.984,10.35000014,0.225,79.800003,4.27,9.1,1.629,1.19,1.00730998,8.8,1.27563,20.84337195
2022-04-04,25.5,4.35097247,3.96,4.35,0.47271665,1.39,29.12039871,9.06866675,3.795,9.57333333,23.25,3.05895237,2.95,17.58,5.35926579,4.35,2.07333126,12.86666026,2.55429833,5.96,10.20000014,0.227,79.389999,4.4,9.06,1.695,1.24,1.0122721,9.0,1.256591,20.84337195
2022-04-05,25.309999,4.35097247,3.9,4.31,0.46569428,1.364,28.96932795,8.99433342,3.755,9.48266667,22.58,2.99571822,2.97,17.290001,5.59,4.37,2.09666457,13.06666084,2.52858392,5.96,10.34250014,0.229,78.349998,4.48,8.99,1.699,1.22,1.01276831,9.15,1.24612,20.69837465
2022-04-06,25.27,4.32075738,3.87,4.31,0.46421589,1.443,28.25627337,8.92000008,3.755,9.49333333,22.4,2.97990968,2.95,17.309999,5.59,4.34,2.09333124,13.33332739,2.5028695,5.8,10.20000014,0.227,77.010002,4.47,8.98,1.648,1.2,1.05147283,8.9,1.232792,20.19994586
2022-04-07,24.92,4.20594005,3.85,4.31,0.45830231,1.458,28.00851733,8.91256675,3.755,9.54666667,22.59,3.10637799,2.86,17.17,5.4,4.25,2.04999795,13.33332739,2.47715509,5.8,10.06500013,0.222,77.0,4.4,8.95,1.669,1.255,1.09116978,8.8,1.237552,19.80120378
2022-04-10,24.65,4.19989703,3.8,4.25,0.45017114,1.414,27.28338011,8.84566674,3.755,9.48266667,21.16,3.22494204,2.9,17.09,5.09,4.15,1.98999801,12.66666102,2.39144038,5.92,10.50000014,0.217,77.889999,4.4,8.95,1.62,1.25,1.10159023,8.93,1.237552,19.42058517
2022-04-11,24.4,4.14248837,3.75,4.0,0.43538719,1.359,26.71535224,8.77133341,3.755,9.44,20.9,3.18542069,2.84,17.07,4.78,4.1,1.94333139,12.66666102,2.24572538,5.912,10.23000014,0.209,77.0,4.25,8.85,1.602,1.21,1.07181752,8.79,1.229936,19.61995668
2022-04-12,25.049999,4.07903669,3.67,4.0,0.42947361,1.34,26.89059493,8.77133341,3.755,9.44,20.49,3.06685664,2.78,16.940001,5.07,4.04,1.87666479,12.89999425,2.26286832,5.904,10.12500014,0.207,75.959999,4.15,8.74,1.535,1.195,1.03708269,8.75,1.248023,20.74368619
2022-04-13,25.219999,4.06392915,3.69,3.93,0.42282084,1.348,26.64888051,8.47400008,3.74,9.46666667,20.76,3.11428226,2.84,16.940001,5.04,4.14,1.85666481,13.13332814,2.27143979,5.96,10.08750013,0.207,75.5,4.16,8.65,1.558,1.17,1.04700693,9.1,1.266111,20.14557164
2022-04-14,25.0,4.03371406,3.61,3.93,0.41468967,1.302,26.63075322,8.39966675,3.74,9.41333333,20.049999,3.01152676,2.74,16.620001,4.91,4.07,1.77333156,12.87999426,2.2371539,5.96,9.86250013,0.206,75.489998,4.1,8.53,1.541,1.17,1.02715845,9.09,1.270871,20.39025469
2022-04-17,24.879999,3.91285371,3.44,4.0,0.40138412,1.297,27.79701948,8.54833342,3.74,9.46133333,19.74,2.92457979,2.72,16.09,5.0,4.05,1.72999827,10.48666199,2.21143949,5.96,9.75000013,0.204,74.449997,4.05,8.45,1.559,1.07,1.05693116,8.95,1.266111,22.65583907
2022-04-18,24.34,3.837316,3.58,4.0,0.38364338,1.23,27.25316354,8.53346675,3.73,9.33333333,18.91,2.75859013,2.7,16.0,4.86,4.06,1.67333166,10.466662,2.17715361,5.96,9.35250012,0.198,74.400002,4.08,8.5,1.46,1.085,1.04204481,8.9,1.270871,21.74960551
2022-04-19,24.0,3.77386431,3.69,3.99,0.38253459,1.285,27.19273644,8.43683341,3.85,9.44,18.959999,2.80601574,2.75,16.299999,4.95,4.05,1.72666494,10.39999536,2.22858243,5.96,9.63750013,0.199,73.010002,4.14,8.44,1.51,1.13,1.07181752,8.8,1.268967,21.1243048
2022-04-20,24.4,3.83429449,3.6,3.98,0.38438258,1.294,26.34673899,8.39223341,3.95,9.33333333,20.299999,2.88505844,2.75,16.299999,5.0,4.0,1.75666491,10.55999529,2.20286802,5.968,9.70500013,0.198,73.0,4.09,7.62,1.499,1.1,1.07677964,8.8,1.199473,20.32681873
2022-04-21,24.99,3.86753108,3.59,4.0,0.41764646,1.345,25.60347146,8.47400008,4.0,9.38666667,20.469999,2.92457979,2.71,16.040001,4.96,3.95,1.81999818,11.10666171,2.2971542,6.016,9.84750013,0.204,75.0,4.16,7.66,1.547,1.125,1.08670387,8.67,1.198521,20.16369701
2022-04-26,25.98,3.82825147,3.72,3.93,0.42134244,1.34,25.98417038,8.39966675,4.025,9.33333333,20.15,2.94038833,2.78,15.95,4.92,3.98,1.82666484,11.49999487,2.2971542,6.056,9.77250013,0.205,78.5,4.24,7.6,1.542,1.14,1.08174175,8.67,1.218513,21.47773535
2022-04-27,26.799999,3.8040794,3.75,3.93,0.41284168,1.318,26.44946831,8.39966675,4.05,9.33333333,20.450001,2.94038833,2.76,16.25,4.64,3.94,1.80666486,11.66666146,2.27143979,6.096,9.93750013,0.205,78.0,4.2,7.76,1.567,1.145,1.16609776,8.78,1.218513,21.14242922
2022-04-28,30.01,3.85242354,3.92,4.0,0.42134244,1.337,27.07187923,8.39223341,4.045,9.38133333,21.85,3.05895237,2.85,16.5,4.66,4.29,1.95999804,11.4399949,2.26286832,6.144,10.20750014,0.211,78.75,4.41,7.9,1.694,1.125,1.16113564,8.9,1.23184,21.2964892
2022-05-08,28.700001,3.92796126,3.95,4.19,0.42023365,1.348,27.3438072,8.49630008,4.0,9.38666667,22.01,3.23284631,2.83,16.860001,4.94,4.25,1.96333137,11.33999494,2.22858243,6.24,10.26000014,0.213,82.0,4.39,8.3,1.667,1.15,1.12640082,8.7,1.247072,21.74960551
2022-05-09,29.01,4.01860652,3.94,4.19,0.43132161,1.378,27.36797913,8.62266674,4.0,9.46666667,21.870001,3.35141035,2.83,16.440001,4.96,4.16,1.96999803,11.15332836,2.22001096,6.272,9.96750013,0.214,83.699997,4.55,8.03,1.65,1.1,1.14624929,8.76,1.256591,21.68616955
2022-05-10,28.1,3.97026238,3.83,3.93,0.42319044,1.358,26.40716911,8.29560008,3.92,9.43466667,20.389999,3.18542069,2.75,16.389999,4.84,4.0,1.90666476,10.8333285,2.18572508,6.256,9.93000013,0.209,81.699997,4.51,7.93,1.6,1.09,1.11647658,8.5,1.256591,21.68616955
2022-05-11,29.299999,3.92796126,3.94,4.09,0.41912485,1.373,26.27422623,8.19896674,3.89,9.38666667,20.4,3.39883597,2.74,16.25,4.95,4.15,1.9333314,10.72666188,2.16001067,6.568,9.90000013,0.21,79.989998,4.52,8.0,1.6,1.08,1.18594623,8.36,1.256591,21.7586682
2022-05-12,28.799999,3.92796126,3.92,4.0,0.41949445,1.366,25.83914124,8.17666674,3.8,9.28,20.360001,3.43045305,2.74,16.299999,4.92,4.15,1.90999809,10.59999527,2.10858184,6.792,9.90000013,0.21,83.0,4.45,7.94,1.57,1.06,1.16609776,8.4,1.250879,21.74960551
2022-05-15,28.4,3.89774617,4.0,4.0,0.41542887,1.33,25.71224241,8.17666674,3.9,9.38666667,20.360001,3.33560181,2.76,16.280001,4.85,4.05,1.87666479,11.09332772,2.07429596,6.68,9.97500013,0.206,81.400002,4.37,7.75,1.51,1.05,1.13632505,8.28,1.245168,21.2964892
2022-05-16,27.43,3.86753108,3.86,3.93,0.40471051,1.312,25.07774583,8.36250008,3.9,9.18933333,20.1,3.23284631,2.72,16.190001,4.73,3.9,1.80999819,10.41332869,1.98000978,6.712,9.75000013,0.204,79.199997,4.35,7.5,1.488,1.045,1.12640082,8.1,1.279438,21.20586518
2022-05-17,28.0,3.86753108,3.89,3.93,0.4065585,1.309,24.92667507,8.19153341,3.97,9.14666667,20.08,3.29608046,2.73,16.290001,4.72,3.92,1.84999815,10.33332873,1.95429537,6.712,9.82500013,0.204,77.879997,4.2,7.49,1.5,1.045,1.11647658,8.29,1.28991,22.47459198
2022-05-18,27.74,3.89774617,3.91,3.93,0.41025449,1.319,24.77560432,8.17666674,3.97,9.16266667,19.75,3.26446339,2.7,16.5,4.59,3.83,1.82666484,10.25332876,1.98000978,6.752,10.00500013,0.205,76.0,4.22,7.45,1.5,1.04,1.11151446,8.04,1.28515,21.65898244
2022-05-19,27.360001,3.87659561,3.89,3.98,0.41025449,1.292,25.44031444,8.13950007,3.965,9.06666667,19.48,3.21703777,2.7,16.5,4.47,3.78,1.78333155,10.05332885,1.97143831,6.744,9.90000013,0.201,78.599998,4.22,7.3,1.486,1.03,1.09662811,8.24,1.298478,23.10895538
2022-05-22,27.209999,3.87055259,3.85,3.97,0.41210248,1.296,25.60347146,8.17666674,3.95,9.11466667,19.440001,3.21703777,2.7,16.389999,4.48,3.75,1.78333155,10.0999955,1.99715272,6.944,9.93750013,0.207,77.5,4.2,7.29,1.471,1.03,1.09662811,8.08,1.297526,22.28428315
2022-05-23,27.0,3.86753108,3.77,3.93,0.41653766,1.295,25.77267253,8.32533341,3.95,9.06666667,19.23,3.16961215,2.72,16.299999,4.4,3.68,1.78333155,10.18666212,2.00572419,7.08,9.86250013,0.205,75.0,4.2,7.26,1.47,1.025,1.08174175,7.95,1.293718,22.19366008
2022-05-24,26.84,3.86148806,3.72,3.93,0.41395047,1.287,25.67598724,8.23613341,3.95,9.11466667,18.870001,3.15380361,2.7,16.200001,4.3,3.6,1.78333155,10.16666213,1.98858125,7.144,9.86250013,0.203,73.699997,4.18,7.26,1.452,1.0,1.11647658,7.99,1.276582,21.95803876
2022-05-25,26.790001,3.82220845,3.66,3.93,0.40286251,1.276,25.53095811,8.13950007,3.93,9.06666667,18.9,3.06685664,2.7,16.25,4.23,3.36,1.6999983,10.15332881,1.86000919,7.12,9.66000013,0.2,70.989998,4.18,7.23,1.37,1.0,1.11151446,7.95,1.27563,21.64991975
2022-05-26,26.35,3.71645565,3.57,3.35,0.39325295,1.229,25.37988735,8.0577334,3.85,9.008,17.870001,2.95619687,2.66,15.96,4.08,3.02,1.66333167,10.37999537,1.74858006,7.04,9.75000013,0.2,69.0,4.09,7.18,1.283,0.975,1.0668554,7.7,1.266111,21.17867807
2022-05-29,25.5,3.65602548,3.56,3.3,0.3795778,1.225,25.25903014,8.17666674,3.85,8.94933333,18.68,2.84553709,2.7,15.88,4.06,2.96,1.5999984,10.43332868,1.74858006,7.032,9.55500013,0.197,68.980003,4.07,7.04,1.194,0.965,1.0668554,7.55,1.28515,21.11524211
2022-05-30,25.99,3.70134811,3.64,3.35,0.38216499,1.209,24.83603141,8.12463341,3.875,8.74666667,19.4,2.91667552,2.71,15.78,4.16,3.07,1.57999842,10.03999552,1.73143712,6.72,9.49500013,0.194,69.989998,4.02,6.8,1.195,0.95,1.04204481,8.2,1.284198,21.16055365
2022-05-31,26.5,3.6983266,3.68,3.47,0.380317,1.22,25.37988735,8.12463341,3.9,8.88533333,18.209999,2.9482926,2.7,15.69,4.11,3.07,1.58999841,10.12666215,1.70572271,6.64,9.45000013,0.197,71.0,4.02,6.8,1.193,0.955,1.04204481,8.08,1.282294,21.70429397
2022-06-01,26.389999,3.68624056,3.67,3.33,0.38401298,1.214,25.01731874,8.16923341,3.845,8.88533333,17.98,2.91667552,2.69,15.59,4.22,3.03,1.54999845,9.76666231,1.66,6.88,9.38250013,0.196,70.0,4.09,6.85,1.165,0.965,1.06189328,7.98,1.28039,21.65898244
2022-06-02,25.98,3.71041263,3.59,3.44,0.39473134,1.196,24.77560432,8.07260007,3.875,8.77333333,17.5,2.85344136,2.6,15.32,4.13,2.94,1.4666652,9.30666252,1.67,6.92,9.18750012,0.194,67.849998,4.09,6.75,1.182,0.96,1.0668554,7.8,1.279438,21.65898244
2022-06-05,26.0,3.71343414,3.6,3.48,0.44684475,1.207,24.35260559,8.08746674,3.8,8.57066667,17.639999,2.87715417,2.57,15.22,4.16,2.97,1.51333182,9.00666265,1.695,6.64,9.08250012,0.197,67.989998,4.05,6.63,1.194,0.9495,1.06189328,7.92,1.281342,21.4052367
2022-06-06,25.75,3.65602548,3.62,3.44,0.4342784,1.199,24.14110774,8.1023334,3.85,8.48,17.5,2.91667552,2.54,15.22,4.16,3.04,1.50666516,8.99999599,1.67,6.64,9.30000012,0.195,67.0,4.02,6.63,1.22,0.9395,1.0668554,8.0,1.281342,21.38711227
2022-06-07,25.93,3.68624056,3.67,3.34,0.42356004,1.234,24.17132128,8.00570007,3.885,8.51733333,17.690001,2.98781395,2.51,15.22,4.11,3.23,1.52333181,8.97332933,1.64,6.568,9.27000012,0.196,66.690002,4.04,6.75,1.255,0.9655,1.05196904,7.89,1.282294,21.56835842
2022-06-08,26.299999,3.77386431,3.8,3.59,0.4342784,1.268,24.77560432,8.13950007,3.94,8.53333333,18.0,3.03523956,2.62,15.6,4.31,3.3,1.5999984,9.39999581,1.65,6.6,9.63750013,0.206,69.449997,4.12,6.9,1.3,0.995,1.07181752,8.17,1.282294,21.65898244
2022-06-09,25.99,3.79501487,3.81,3.59,0.4324304,1.28,24.76351865,8.52603342,3.94,8.528,18.120001,3.04314383,2.62,15.49,4.34,3.36,1.60999839,9.49999576,1.695,6.56,9.69750013,0.216,69.970001,4.33,6.93,1.32,1.015,1.08670387,8.19,1.265159,21.56835842
2022-06-12,25.530001,3.75573526,3.75,3.6,0.42466883,1.275,24.58827597,8.52603342,3.9,8.42133333,17.99,3.00362249,2.59,15.79,4.27,3.33,1.66333167,9.22666255,1.679,6.424,9.58500013,0.215,67.949997,4.18,6.85,1.289,0.99,1.08670387,8.2,1.266111,21.50492246
2022-06-13,24.700001,3.79199337,3.72,3.55,0.50450214,1.271,24.05046407,8.41453341,3.885,8.48,17.549999,2.96410114,2.57,15.38,4.27,3.25,1.68999831,9.16666258,1.664,6.232,9.57000013,0.215,66.919998,4.2,6.87,1.319,0.98,1.12640082,8.270001,1.273726,20.93399502
2022-06-14,24.59,3.78292884,3.67,3.53,0.47419505,1.265,24.05046407,8.32533341,3.87,8.26666667,17.34,2.92457979,2.5,15.37,4.23,3.12,1.65666501,9.03332931,1.62,6.104,9.61500013,0.207,65.800003,4.09,6.7,1.284,0.97,1.09166599,8.08,1.274678,21.2964892
2022-06-15,25.0,3.78897186,3.69,3.53,0.4878702,1.315,24.05046407,8.19896674,3.87,8.128,17.299999,2.95619687,2.52,15.3,4.22,3.16,1.70666496,8.99332932,1.603,6.16,9.71250013,0.207,65.900002,4.09,6.65,1.285,0.969,1.09662811,8.0,1.271823,21.13336653
2022-06-16,25.200001,3.74667074,3.64,3.53,0.50043655,1.32,23.99003698,8.1023334,3.87,8.05333333,17.459999,2.92457979,2.53,15.29,4.26,3.16,1.70333163,8.85332939,1.598,5.76,9.60000013,0.212,65.699997,4.29,6.59,1.255,0.985,1.10159023,7.9,1.261351,20.78899772
2022-06-19,24.700001,4.02545789,3.61,3.53,0.51891648,1.287,23.56703825,8.16180007,3.85,7.89333333,17.15,2.88505844,2.52,15.29,4.25,3.15,1.68333165,8.63332948,1.6,5.752,9.52500013,0.204,65.0,4.12,6.58,1.259,0.975,1.09662811,7.79,1.249927,20.66212485
2022-06-20,24.459999,3.84323552,3.55,3.53,0.53185244,1.239,23.38575395,7.95366673,3.85,7.68,16.709999,2.83763282,2.46,15.24,4.2,3.08,1.63666503,8.54666286,1.585,5.704,9.45000013,0.2,64.800003,4.04,6.53,1.254,0.964,1.1214387,7.79,1.266111,20.39025469
2022-06-21,24.450001,3.81673045,3.6,3.53,0.54737558,1.246,23.54891036,7.98340007,3.84,7.72266667,16.700001,2.91667552,2.5,15.0,4.1,3.04,1.72666494,8.48666288,1.58,5.912,9.49500013,0.207,64.480003,4.07,6.52,1.264,0.975,1.1214387,7.77,1.249927,20.63493869
2022-06-22,23.92,3.72727583,3.56,3.53,0.54663638,1.235,23.54891036,7.98340007,3.75,7.64266667,16.200001,2.87715417,2.46,14.69,4.06,3.0,1.72999827,8.34666295,1.575,6.32,9.48000013,0.206,64.400002,4.01,6.49,1.24,0.974,1.09166599,7.68,1.262303,19.82838994
2022-06-23,23.77,3.84323552,3.52,3.53,0.54404919,1.207,23.20446964,7.80500008,3.705,7.47733333,16.0,2.99571822,2.44,14.46,4.02,2.99,1.65999834,8.28666297,1.559,5.76,9.41250013,0.201,62.040001,3.92,6.47,1.237,0.964,1.09662811,7.57,1.244216,19.71057975
2022-06-26,23.799999,4.15798326,3.55,3.53,0.54552759,1.205,22.87211156,7.73066674,3.705,7.46666667,15.75,2.97990968,2.39,14.4,4.03,2.98,1.71999828,8.33332962,1.55,5.992,9.59250013,0.202,61.32,3.9,6.48,1.26,0.969,1.11647658,7.59,1.242312,19.52933361
2022-06-27,23.52,4.05196297,3.51,3.53,0.54552759,1.197,22.90232812,7.67863341,3.705,7.184,16.0,2.90086698,2.3,14.0,3.84,2.78,1.68999831,8.39999625,1.538,5.8,9.52500013,0.2,60.209999,3.82,6.47,1.28,0.964,1.13136293,7.38,1.263255,19.38433632
2022-06-28,22.370001,3.87636686,3.48,3.21,0.55439795,1.185,23.56703825,7.73066674,3.605,7.072,16.360001,2.85344136,2.35,14.04,3.55,2.62,1.65999834,8.21332967,1.52,5.904,9.44250013,0.196,56.990002,3.78,6.48,1.228,0.964,1.10655234,7.02,1.235648,18.71372312
2022-06-29,22.799999,3.94262954,3.57,3.27,0.54885397,1.179,22.6606137,7.69350007,3.605,7.27466667,16.799999,2.90086698,2.36,14.0,3.61,2.72,1.67333166,8.09999639,1.488,5.88,9.29250012,0.192,55.0,3.75,6.7,1.217,0.964,1.09662811,7.1,1.219465,18.84965773
2022-07-03,22.780001,3.78359911,3.62,3.26,0.55181076,1.154,22.52767083,7.76040008,3.605,7.30666667,16.690001,2.89296271,2.34,13.99,3.57,2.67,1.65666501,7.98666311,1.47,6.0,8.96250012,0.19,53.490002,3.7,6.74,1.217,0.964,1.10655234,7.03,1.216609,18.84965773
2022-07-04,22.049999,3.74052836,3.57,3.18,0.5688123,1.099,22.05028905,7.57456674,3.55,7.06666667,15.75,2.79811147,2.35,13.78,3.4,2.52,1.64666502,7.79332986,1.406,6.08,8.82750012,0.183,51.490002,3.6,6.58,1.179,0.964,1.09166599,6.97,1.199473,19.03090482
2022-07-05,21.73,3.64444748,3.55,3.3,0.56733391,1.03,21.21033322,7.50766674,3.55,6.61333333,14.75,2.6874517,2.36,13.66,3.23,2.61,1.6999983,7.7666632,1.2,5.744,8.73750012,0.176,53.48,3.55,6.45,1.176,0.964,1.07181752,6.9,1.174722,18.80434619
2022-07-06,21.42,3.59475046,3.59,3.35,0.5677035,1.02,21.41579005,7.50766674,3.65,6.4,14.41,2.65583462,2.35,13.48,3.02,2.7,1.64999835,7.99999643,1.15,5.76,8.79750012,0.182,53.950001,3.55,6.42,1.17,0.964,1.10655234,6.75,1.17853,18.98559329
2022-07-07,21.540001,3.71733642,3.59,3.45,0.5677035,1.045,21.59707678,7.64146674,3.895,6.31466667,14.4,2.70326024,2.35,13.45,3.0,2.7,1.68999831,8.09999639,1.163,5.92,9.05250012,0.178,54.75,3.65,6.46,1.201,0.964,1.10159023,6.9,1.185194,18.57778852
2022-07-17,21.459999,3.66763941,3.59,3.38,0.5691819,1.05,22.27991479,7.4333334,3.8,6.29333333,14.4,2.65583462,2.38,13.47,2.92,2.67,1.64666502,8.23332966,1.176,5.76,8.94750012,0.176,54.990002,3.74,6.54,1.218,0.964,1.09166599,6.8,1.181386,18.57778852
2022-07-18,21.57,3.57818479,3.6,3.38,0.57029069,1.045,22.23761498,7.4333334,3.795,6.336,14.2,2.6874517,2.38,13.55,2.93,2.81,1.71666495,8.46666289,1.18,6.0,9.03750012,0.177,55.450001,3.59,6.43,1.204,0.964,1.09166599,6.98,1.189954,19.03090482
2022-07-19,21.68,3.54505345,3.66,3.47,0.57620427,1.049,22.5820563,7.57456674,3.845,6.4,14.8,2.72697305,2.45,13.55,2.91,2.84,1.78333155,8.736,1.168,5.984,9.07500012,0.179,55.27,3.72,6.5,1.248,0.964,1.10655234,7.18,1.198521,20.39025469
2022-07-20,22.5,3.57155853,3.74,3.48,0.58211785,1.1,22.92045541,8.02800007,3.845,6.85333333,14.98,2.77439866,2.5,13.54,3.09,2.98,1.78999821,8.744,1.24,5.936,9.26250012,0.184,56.0,3.8,6.5,1.274,0.964,1.1214387,7.27,1.198521,19.4658967
2022-07-21,22.690001,3.67757882,3.94,3.44,0.58396584,1.2,22.78147091,7.4333334,3.945,6.96533333,15.59,2.85344136,2.47,13.7,3.18,2.98,1.81999818,9.128,1.44,6.064,9.52500013,0.187,57.599998,3.9,6.75,1.293,0.96,1.20083259,7.19,1.202329,19.93713838
2022-07-24,22.75,3.7438415,3.93,3.44,0.59320581,1.244,22.78147091,7.42590007,3.935,7.04,16.120001,2.85344136,2.45,13.74,3.28,3.14,1.84999815,9.176,1.516,6.032,9.40500013,0.19,57.029999,3.9,6.72,1.29,0.965,1.176022,7.17,1.202329,19.47495939
2022-07-25,22.799999,3.81010418,3.9,3.42,0.62831768,1.21,22.60018661,7.47050007,3.98,7.04,16.5,2.84553709,2.39,13.7,3.31,3.06,1.82333151,9.176,1.582,6.032,9.37500013,0.19,57.099998,3.88,6.66,1.269,0.957,1.16609776,7.15,1.209945,19.35714921
2022-07-26,23.200001,3.97576088,3.9,3.48,0.62831768,1.234,22.96275522,7.50766674,4.05,7.408,16.379999,2.91667552,2.41,13.81,3.37,3.03,1.82999817,9.424,1.609,5.992,9.35250012,0.193,58.98,3.83,6.8,1.256,0.9485,1.19090835,7.24,1.206137,19.44777228
2022-07-27,22.809999,4.11491251,3.89,3.81,0.61722972,1.234,23.02318231,7.42590007,4.1,7.472,16.370001,2.90086698,2.4,13.8,3.27,3.07,1.82666484,9.48,1.584,6.032,9.56250013,0.195,59.5,3.84,6.7,1.257,0.9275,1.21571894,7.28,1.199473,19.47495939
2022-07-28,23.5,4.1911146,3.87,4.04,0.61722972,1.21,22.93254167,7.38130007,4.19,7.36,16.0,2.88505844,2.39,13.6,3.15,2.96,1.81333152,9.312,1.55,6.04,9.47250013,0.189,58.23,3.82,6.65,1.239,0.929,1.24052953,7.2,1.208993,20.29963162
2022-07-31,23.290001,4.17454893,3.96,4.07,0.61427293,1.227,23.56703825,7.3887334,4.15,7.536,16.35,2.90877125,2.47,13.6,3.22,2.95,1.85999814,9.52,1.58,6.04,9.67500013,0.19,59.389999,3.88,6.64,1.246,0.95,1.26534012,7.24,1.213753,20.29963162
2022-08-01,23.6,4.13810445,3.97,4.0,0.61020735,1.227,23.38575395,7.31440006,4.145,8.37333333,16.360001,2.91667552,2.46,13.68,3.24,3.0,1.88999811,9.568,1.59,6.136,9.67500013,0.19,59.799999,3.88,6.64,1.258,0.947,1.22564318,7.25,1.209945,20.29963162
2022-08-02,23.360001,4.09172057,3.92,4.0,0.63940564,1.29,22.96275522,7.37386673,4.14,7.78666667,15.97,2.82972855,2.4,13.63,3.15,2.97,1.80999819,9.36,1.69,6.368,9.60000013,0.184,59.790001,3.75,6.57,1.245,0.9405,1.24052953,7.25,1.215657,20.29963162
2022-08-03,23.639999,4.09503371,3.91,4.0,0.65418959,1.295,22.78147091,7.39616673,4.475,8.0,16.16,2.90086698,2.43,13.6,3.29,2.98,1.81333152,9.504,1.71,6.352,9.72000013,0.185,59.98,3.97,6.55,1.247,0.9405,1.24052953,7.29,1.218513,20.29963162
2022-08-04,24.440001,4.12485192,3.97,4.0,0.68745346,1.29,23.08361243,7.38130007,4.75,9.584,16.65,2.93248406,2.53,13.9,3.93,3.12,1.92999807,10.184,1.81,6.304,9.97500013,0.19,62.0,4.17,6.73,1.328,0.9405,1.30999919,8.2,1.221369,22.65583907
2022-08-07,24.74,4.14141759,4.07,4.0,0.71665175,1.306,23.56703825,7.40360007,4.69,9.584,17.24,2.96410114,2.55,14.4,4.18,3.25,1.999998,10.224,1.93,6.32,10.42500014,0.193,62.799999,4.2,6.88,1.36,0.9635,1.3397719,8.22,1.247072,22.22084719
2022-08-08,24.27,4.22424594,4.04,4.07,0.76876516,1.31,23.80875267,7.58200007,4.535,9.06666667,17.559999,3.01943103,2.59,14.5,4.02,3.23,2.0333313,10.192,1.907,6.312,10.80000014,0.194,63.0,4.18,7.2,1.372,1.04,1.31496131,8.18,1.254687,22.20272277
2022-08-09,24.48,4.3567713,4.04,4.0,0.91290863,1.263,23.62746535,7.59686674,4.6,9.06666667,17.32,3.01152676,2.56,14.5,4.04,3.3,1.99666467,10.16,1.854,6.08,10.42500014,0.192,62.0,4.16,7.15,1.41,1.015,1.31496131,8.12,1.266111,22.20272277
2022-08-10,24.959999,4.50586233,3.96,4.03,0.90182067,1.224,23.62142372,7.55970007,4.62,8.8,17.700001,2.99571822,2.53,14.46,4.01,3.17,1.95333138,10.056,1.795,5.8,10.77000014,0.189,62.790001,4.14,7.09,1.399,0.99,1.30503707,7.99,1.262303,21.74960551
2022-08-11,24.4,4.45947846,3.97,4.07,0.85007686,1.229,23.55495259,7.69350007,4.575,8.44266667,17.450001,2.95619687,2.51,14.5,3.97,3.32,1.92999807,9.976,1.794,5.792,10.42500014,0.186,62.470001,4.07,7.1,1.37,1.08,1.36458249,7.97,1.272775,22.05772452
2022-08-14,24.33,4.4926098,4.15,4.08,0.813117,1.246,23.50056651,7.73066674,4.495,8.48,18.459999,2.97990968,2.51,15.48,4.06,3.3,1.94666472,9.96,1.78,5.776,10.62750014,0.192,63.0,4.2,7.07,1.37,1.265,1.38939308,7.9,1.271823,22.19366008
2022-08-15,24.25,4.53899367,4.15,4.48,0.76506918,1.215,23.26489674,7.73066674,4.495,8.48,18.200001,2.97990968,2.56,15.34,3.95,3.29,1.9333314,9.84,1.759,5.76,10.50000014,0.193,62.84,4.14,7.0,1.35,1.515,1.36458249,7.8,1.268967,21.63179533
2022-08-16,24.0,4.51911487,4.05,4.4,0.77246115,1.214,23.01714069,7.79756674,4.575,8.42666667,17.700001,2.98781395,2.62,15.1,3.94,3.31,1.91666475,9.832,1.817,5.744,11.06250015,0.189,61.98,4.15,7.02,1.32,1.465,1.38443096,7.85,1.266111,21.50492246
2022-08-17,24.27,4.56218561,4.03,4.4,0.82050897,1.237,23.47639459,7.8793334,4.62,8.66666667,17.6,2.97200541,2.63,15.39,3.88,3.43,1.99333134,10.52,1.818,5.736,11.70000016,0.198,62.5,4.4,7.0,1.347,1.425,1.38939308,8.0,1.260399,21.74960551
2022-08-18,25.0,4.73446858,4.07,4.45,0.79463707,1.251,23.56099663,7.8793334,4.85,8.8,17.780001,3.0273353,2.77,15.36,3.9,3.47,2.00333133,10.52,1.888,5.792,11.69250016,0.208,62.23,4.35,7.05,1.327,1.365,1.38939308,8.03,1.245168,21.99428856
2022-08-21,25.209999,4.9697011,4.17,4.3,0.80942101,1.34,24.75747643,7.97596673,5.0,8.69333333,17.9,3.14589934,2.75,15.45,3.99,3.45,2.02333131,10.56,1.999,5.808,11.47500015,0.206,60.5,4.65,7.4,1.35,1.43,1.4241279,7.98,1.261351,21.74960551
2022-08-22,25.24,4.9697011,4.18,4.4,0.79094108,1.356,24.77560432,7.95366673,4.925,8.53866667,17.860001,3.16170788,2.75,15.35,3.97,3.54,2.08666458,10.6,2.038,6.0,11.07750015,0.203,60.450001,4.87,7.4,1.39,1.4,1.41420367,8.09,1.247072,21.65898244
2022-08-23,25.040001,4.86036768,4.12,4.4,0.76876516,1.345,24.4734628,7.93880007,4.925,8.42666667,17.860001,3.27236766,2.76,15.38,3.86,3.41,2.10333123,10.76,1.98,5.944,11.35500015,0.199,59.790001,4.96,7.26,1.391,1.33,1.38939308,8.09,1.238504,21.56835842
2022-08-24,24.6,4.87030708,4.07,4.4,0.75398122,1.329,24.38281914,7.8793334,4.835,8.4,17.75,3.17751642,2.66,15.18,3.76,3.39,2.05666461,10.64,1.949,5.944,11.34000015,0.196,58.98,4.97,7.2,1.358,1.32,1.41420367,7.75,1.2366,22.02147567
2022-08-25,25.0,4.83717574,4.08,4.39,0.86486081,1.319,24.53388989,7.8793334,4.865,8.32,17.66,3.16170788,2.74,15.35,3.83,3.65,2.12999787,10.68,1.965,5.92,11.22750015,0.2,59.900002,5.3,7.25,1.39,1.245,1.46382485,7.9,1.237552,21.96710145
2022-08-28,25.0,4.82061007,4.06,5.09,1.03487618,1.32,24.4734628,7.97596673,4.8,8.26666667,17.620001,3.16170788,2.79,15.36,3.82,3.71,2.09666457,10.52,2.05,5.896,11.01750015,0.204,63.5,5.26,7.21,1.4,1.36,1.46878697,7.9,1.244216,21.82210416
2022-08-29,24.9,4.80073127,4.06,5.1,1.16793169,1.376,24.23174838,7.9462334,4.8,7.94666667,17.549999,3.10637799,2.75,15.43,3.78,3.69,2.09333124,10.448,2.09,5.896,10.87500015,0.2,64.25,5.24,7.19,1.469,1.355,1.46382485,7.91,1.232792,22.20272277
2022-08-30,25.450001,4.70796351,4.13,5.1,1.04966013,1.383,23.96586505,7.87190006,4.77,7.92,17.65,3.04314383,2.73,15.7,3.79,3.91,2.05666461,10.368,2.029,5.888,10.72500014,0.206,64.0,5.15,7.15,1.508,1.355,1.43901426,7.85,1.261351,22.05772452
2022-08-31,25.34,4.70465038,4.14,5.09,1.14945176,1.393,23.98399294,7.73066674,4.775,7.74933333,17.98,3.06685664,2.72,15.74,3.81,3.85,2.03666463,10.36,2.01,5.896,10.50000014,0.212,64.0,5.08,7.05,1.569,1.315,1.43901426,7.8,1.262303,22.18459739
2022-09-01,25.280001,4.58869068,4.09,5.05,1.24924339,1.365,23.31928221,7.55970007,4.75,7.84,17.5,3.0273353,2.7,15.71,3.7,3.78,2.01666465,10.32,1.994,6.0,10.75500014,0.214,63.25,5.02,6.95,1.537,1.29,1.43901426,7.7,1.248975,22.05772452
2022-09-04,25.07,4.53899367,4.07,5.06,1.35273101,1.316,23.198425,7.87190006,4.75,7.73333333,17.299999,2.97990968,2.7,15.5,3.7,3.79,2.02333131,10.192,1.958,5.92,10.75500014,0.213,62.700001,5.04,6.94,1.49,1.26,1.43901426,7.64,1.248023,22.05772452
2022-09-05,25.23,4.55555934,4.1,5.0,1.42665073,1.407,23.29511028,7.75296674,4.75,8.09066667,17.59,3.1300908,2.7,17.799999,3.81,3.84,2.07333126,10.52,2.02,5.92,10.68750014,0.214,63.34,5.2,6.97,1.543,1.28,1.40924155,7.8,1.237552,22.05772452
2022-09-06,25.25,4.69802411,4.23,5.18,1.34533903,1.421,23.79062237,7.76783341,4.795,8.29333333,19.35,3.12218653,2.83,17.68,4.1,3.94,2.18333115,10.672,2.045,5.904,10.81500014,0.212,63.5,5.35,7.08,1.565,1.315,1.38939308,7.9,1.247072,21.9308526
2022-09-07,25.299999,4.70465038,4.3,5.16,1.48209053,1.45,23.50661116,7.65633341,4.75,8.34666667,21.23,3.09847372,2.8,17.700001,4.16,4.17,2.1666645,10.68,2.044,5.904,10.83000014,0.212,70.0,5.34,7.11,1.55,1.29,1.36458249,7.95,1.245168,21.74960551
2022-09-08,25.139999,4.64501396,4.28,5.4,1.53753032,1.443,23.5368247,7.65633341,4.95,8.16,21.0,3.11428226,2.75,17.0,4.15,4.02,2.15666451,10.552,2.04,6.2,10.99500015,0.208,66.32,5.3,7.06,1.497,1.27,1.38443096,7.8,1.228984,21.73148109
2022-09-11,25.610001,4.70133724,4.32,5.39,1.52274638,1.432,23.74832256,7.73066674,4.895,8.26666667,21.700001,3.29608046,2.9,17.0,4.14,3.93,2.20999779,10.472,2.03,6.2,11.08500015,0.207,68.989998,5.7,7.04,1.497,1.255,1.40924155,7.78,1.24612,21.84022858
2022-09-12,25.629999,4.80073127,4.29,5.24,1.50426645,1.445,24.08067762,7.8347334,4.875,8.34666667,21.0,3.24075058,2.85,17.6,4.26,3.93,2.20999779,10.8,2.03,6.36,10.95000015,0.207,69.0,5.64,7.05,1.5,1.25,1.38939308,7.76,1.228032,21.74960551
2022-09-13,25.18,4.80073127,4.25,5.22,1.42665073,1.408,23.99003698,7.8347334,4.85,8.45333333,20.9,3.2091335,2.79,17.48,4.29,3.88,2.1999978,10.696,2.0,6.36,10.66500014,0.208,68.699997,5.58,7.01,1.49,1.23,1.35962037,7.7,1.228032,21.74960551
2022-09-14,25.0,4.76759992,4.21,5.22,1.39338686,1.357,23.91147958,8.0131334,4.81,8.16,20.219999,3.11428226,2.76,17.360001,4.24,3.78,2.14999785,10.48,1.99,6.184,10.72500014,0.207,67.0,5.55,7.02,1.468,1.335,1.35962037,7.62,1.218513,21.2964892
2022-09-15,24.0,4.69802411,4.19,5.22,1.38599488,1.33,23.74832256,7.95366673,4.825,8.0,20.75,3.04314383,2.64,17.280001,4.08,3.74,2.08333125,10.32,1.98,6.04,10.80000014,0.206,67.0,5.3,7.0,1.439,1.38,1.43901426,7.6,1.208993,20.81618483
2022-09-18,23.9,4.6383877,4.19,5.22,1.32316312,1.291,23.44618104,7.65633341,4.82,7.904,20.799999,2.97200541,2.51,16.99,3.99,3.67,2.05333128,10.08,1.97,5.92,10.87500015,0.204,66.849998,5.35,6.88,1.39,1.325,1.43901426,7.6,1.184242,20.53525293
2022-09-19,23.639999,4.6383877,4.07,5.22,1.17901965,1.23,23.08361243,7.61916674,4.875,7.78666667,19.5,2.83763282,2.48,16.6,3.76,3.46,1.91666475,9.84,1.881,5.896,10.83750014,0.194,65.0,5.16,6.73,1.35,1.19,1.43901426,7.39,1.180434,19.75589129
2022-09-20,23.9,4.73778172,4.09,5.22,1.23076346,1.239,23.76645286,7.61916674,4.9,7.88266667,20.209999,2.8692499,2.51,16.5,3.93,3.55,1.9666647,10.088,1.889,6.072,10.76250014,0.195,64.989998,5.19,6.8,1.36,1.2,1.43901426,7.54,1.170914,19.93713838
2022-09-21,23.9,4.73778172,4.08,5.22,1.20489155,1.25,24.14110774,7.53740007,4.945,8.0,20.040001,2.89296271,2.5,16.6,3.94,3.59,1.99666467,10.152,1.869,6.0,11.02500015,0.195,65.5,5.19,6.82,1.374,1.22,1.41916579,7.58,1.164251,19.84651531
2022-09-22,23.99,4.6682059,4.13,5.22,1.15314774,1.236,24.04543141,7.65633341,4.975,7.92,19.68,2.84553709,2.41,16.450001,3.78,3.54,1.94333139,9.8,1.85,5.944,11.02500015,0.194,68.75,5.09,6.77,1.36,1.39,1.37450672,7.55,1.150923,19.90088858
2022-09-25,24.6,4.67151904,4.18,5.22,1.14205978,1.22,23.81815891,7.79756674,4.95,7.78666667,19.1,2.84553709,2.43,16.530001,3.7,3.42,1.9333314,9.776,1.849,5.896,11.37750015,0.194,69.989998,5.05,6.72,1.352,1.55,1.37946884,7.7,1.1395,20.27244451
2022-09-26,24.82,4.68808471,4.19,5.22,1.33425107,1.235,23.4090675,7.71580008,4.92,7.728,19.73,3.14589934,2.44,16.700001,3.74,3.37,1.91999808,9.824,1.849,5.896,11.24250015,0.194,68.25,5.26,6.74,1.35,1.48,1.36458249,7.5,1.160443,21.47773535
2022-09-27,24.52,4.64170083,4.18,5.22,1.44143468,1.29,23.06361421,7.55970007,4.95,7.62133333,19.85,3.21703777,2.45,17.200001,3.74,3.45,1.94999805,9.712,1.879,5.912,11.16750015,0.194,67.959999,5.25,6.73,1.349,1.575,1.35465825,7.5,1.158539,21.06086789
2022-09-28,24.52,4.63507456,4.13,5.22,1.45621862,1.28,22.636341,7.57456674,4.95,7.52533333,19.389999,3.11428226,2.45,17.0,3.68,3.58,1.95333138,9.568,1.882,5.92,11.06250015,0.193,67.889999,5.15,6.68,1.359,1.49,1.35465825,7.45,1.142356,21.2964892
2022-09-29,24.799999,4.6383877,4.15,5.22,1.49687447,1.335,23.0363406,7.65633341,4.925,7.38666667,19.549999,3.01943103,2.45,17.559999,3.66,3.56,1.94666472,9.464,1.9,6.0,11.01750015,0.194,66.989998,5.2,6.68,1.345,1.455,1.37946884,7.4,1.1395,21.30555094
2022-10-02,24.799999,4.63507456,4.15,5.22,1.43773869,1.356,22.9727043,7.65633341,4.91,7.38666667,19.299999,2.99571822,2.43,17.389999,3.62,3.5,1.92999807,9.32,1.89,5.904,10.88250015,0.194,67.099998,5.19,6.65,1.34,1.415,1.36458249,7.33,1.132836,21.20586518
2022-10-03,24.99,4.61850889,4.14,5.22,1.41925876,1.332,22.7908863,7.67863341,4.9,7.33333333,19.129999,2.98781395,2.47,17.1,3.55,3.39,1.89333144,9.152,1.85,6.0,10.80000014,0.191,66.989998,5.13,6.6,1.31,1.395,1.36458249,7.44,1.121412,21.26930209
2022-10-04,25.799999,4.61850889,4.16,5.22,1.43034672,1.35,23.181795,7.79756674,4.9,7.6,19.139999,3.04314383,2.54,17.4,3.71,3.48,1.97333136,9.56,1.844,5.92,10.93500015,0.194,66.5,5.26,6.66,1.342,1.455,1.35962037,7.4,1.128076,21.11524211
2022-10-05,25.879999,4.57212501,4.21,5.22,1.38969087,1.386,23.83633889,7.80500008,4.895,7.65333333,19.120001,3.07476091,2.55,17.200001,3.74,3.53,1.99333134,9.56,1.83,5.912,10.98750015,0.194,65.949997,5.27,6.8,1.365,1.43,1.35465825,7.41,1.142356,21.24211498
2022-10-09,25.799999,4.57212501,4.35,5.22,1.36381897,1.41,23.75452079,7.90906673,4.9,7.60533333,19.0,3.05895237,2.56,17.24,3.65,3.44,1.94999805,9.36,1.82,5.904,11.01000015,0.2,64.5,5.34,6.75,1.364,1.41,1.40924155,7.39,1.151875,21.20586518
2022-10-10,25.9,4.53899367,4.33,5.22,1.40077883,1.419,23.6999763,7.98340007,4.9,7.52,18.75,3.06685664,2.52,17.25,3.59,3.44,1.92333141,9.44,1.82,5.824,11.02500015,0.198,64.0,5.75,6.72,1.366,1.495,1.38939308,7.35,1.151875,21.19680345
2022-10-11,25.950001,4.50586233,4.27,5.22,1.39338686,1.383,23.6181582,7.93136673,4.865,7.50933333,18.690001,3.18542069,2.55,17.200001,3.57,3.44,1.88666478,9.328,1.805,5.776,10.80000014,0.197,65.0,5.5,6.71,1.36,1.545,1.36458249,7.36,1.151875,21.06993058
2022-10-12,25.780001,4.34020563,4.25,5.22,1.35642699,1.35,23.50906831,7.8793334,4.9,7.46666667,17.84,3.16170788,2.56,17.0,3.47,3.38,1.8666648,9.192,1.778,5.776,10.75500014,0.197,64.489998,5.47,6.59,1.345,1.555,1.36458249,7.26,1.142356,20.85243463
2022-10-13,25.969999,4.40646831,4.23,5.22,1.36381897,1.343,23.6454309,7.8793334,4.85,7.33333333,18.0,3.08266518,2.52,17.0,3.34,3.31,1.84333149,9.272,1.77,5.84,10.63500014,0.195,64.949997,5.4,6.58,1.39,1.565,1.36458249,7.18,1.142356,20.93399502
2022-10-16,26.35,4.40646831,4.3,5.22,1.38969087,1.36,24.49997641,7.8793334,4.85,7.52,18.48,3.21703777,2.56,17.1,3.42,3.32,1.91333142,9.68,1.799,5.76,10.79250014,0.205,63.990002,5.66,6.8,1.38,1.535,1.33480978,7.26,1.142356,21.24211498
2022-10-17,26.450001,4.38990264,4.31,5.22,1.33425107,1.36,24.59997449,7.87190006,4.9,7.92,20.889999,3.19332496,2.58,18.09,3.49,3.43,1.94999805,9.92,1.832,5.784,11.02500015,0.208,64.400002,5.87,6.83,1.415,1.48,1.3397719,7.46,1.131884,21.06993058
2022-10-18,26.290001,4.32363996,4.27,5.22,1.31946713,1.36,24.49997641,8.15436674,4.895,8.16,24.1,3.33560181,2.62,18.049999,3.5,3.54,1.94999805,10.0,1.81,5.84,11.10000015,0.215,68.0,5.8,6.9,1.42,1.445,1.32984766,7.5,1.132836,21.06993058
2022-10-19,25.0,4.37333697,3.84,5.22,1.28250727,1.356,24.54543,8.14693341,4.9,8.15466667,26.389999,3.52530429,2.61,19.0,3.47,3.48,1.90333143,9.904,1.795,5.88,11.31750015,0.215,64.0,5.74,6.9,1.409,1.4,1.32488554,7.54,1.1395,21.06993058
2022-10-20,24.799999,4.3567713,3.85,4.65,1.28989924,1.347,24.7908843,8.16180007,4.9,8.26666667,25.66,3.52530429,2.6,19.0,3.62,3.47,1.91666475,9.92,1.795,5.76,11.25000015,0.223,65.980003,5.75,7.05,1.42,1.42,1.34473401,7.45,1.1395,21.2964892
2022-10-23,24.700001,4.49923607,3.85,4.67,1.33425107,1.37,24.97270139,8.17666674,4.9,8.26133333,25.77,3.44626159,2.62,18.690001,3.71,3.54,1.9333314,10.0,1.805,5.76,11.10000015,0.222,65.0,5.9,7.11,1.424,1.44,1.3397719,7.45,1.142356,21.47773535
2022-10-24,24.700001,4.5025492,3.83,4.61,1.30837917,1.352,25.57270079,8.53346675,4.875,8.16,24.200001,3.41464451,2.6,18.450001,3.7,3.52,1.92999807,9.904,1.788,5.8,10.74750014,0.22,64.699997,5.95,7.02,1.454,1.425,1.35465825,7.53,1.142356,20.97930655
2022-10-25,24.83,4.45616532,3.8,4.68,1.23445944,1.342,26.63633609,8.51116675,4.905,8.112,24.780001,3.43045305,2.56,18.0,3.65,3.5,1.92999807,9.952,1.758,5.76,10.71750014,0.212,66.919998,6.13,7.11,1.46,1.385,1.31496131,7.52,1.129028,21.088055
2022-10-26,24.74,4.41972085,3.81,4.64,1.22337148,1.351,26.99997391,8.47400008,4.905,8.08,24.799999,3.43835732,2.6,18.15,3.7,3.6,2.00333133,10.16,1.8,5.76,11.10000015,0.217,66.919998,6.58,7.15,1.488,1.36,1.30503707,7.6,1.132836,21.34180074
2022-10-27,29.610001,4.67151904,4.14,5.0,1.22337148,1.38,29.09088,8.62266674,5.05,8.48,25.35,3.51740002,2.69,18.5,3.93,3.99,2.07666459,10.52,1.83,5.96,12.66749942,0.22,71.900002,6.54,7.41,1.53,1.39,1.35962037,8.2,1.128076,24.4683062
2022-10-30,26.4,4.48598353,4.14,5.09,1.14205978,1.354,29.99088092,8.62266674,5.05,8.4,25.5,3.5490171,2.68,18.4,4.0,4.14,1.999998,10.64,1.849,6.392,11.62500016,0.222,71.0,6.24,7.3,1.5,1.37,1.34473401,8.0,1.109037,24.4683062
2022-10-31,27.0,4.43959965,4.07,5.07,1.14945176,1.309,29.45451782,8.83823341,5.125,8.61333333,25.74,3.60434698,2.65,18.450001,3.99,4.2,1.95333138,10.72,1.82,6.296,11.81250016,0.22,69.0,6.1,7.77,1.489,1.34,1.34473401,8.25,1.121412,24.4683062
2022-11-01,27.790001,4.39321577,4.1,5.07,1.17532366,1.329,29.72724391,8.83823341,5.09,8.66133333,25.77,3.68338968,2.6,18.540001,4.07,4.31,1.999998,10.8,1.85,6.192,11.85000016,0.223,71.5,6.16,7.84,1.52,1.37,1.32488554,8.48,1.111893,24.4683062
2022-11-02,28.5,4.28719548,4.08,5.07,1.14575577,1.32,29.63633218,8.62266674,5.1,8.544,27.450001,3.69919822,2.58,19.059999,4.01,4.24,1.97333136,10.656,1.85,5.976,12.00000016,0.22,69.0,5.95,7.69,1.472,1.425,1.33480978,8.63,1.106181,24.6404906
2022-11-03,27.700001,4.26731668,4.0,5.03,1.09770795,1.294,29.18178718,8.62266674,5.245,8.38933333,28.370001,3.76243238,2.55,19.43,3.84,4.15,1.92666474,10.464,1.812,5.888,11.62500016,0.218,68.0,6.07,7.51,1.45,1.375,1.33480978,8.26,1.105229,24.4683062
2022-11-06,27.39999962,4.22424594,4.01000023,5.19000006,1.08662001,1.31500006,29.45451739,8.61523352,5.25,8.42133333,29.60000038,3.73081513,2.53999996,19.45000076,3.79999995,4.26,1.93999812,10.62399979,1.78999996,5.82400017,11.50500027,0.21600001,67.0,6.03000021,7.5,1.47000003,1.33000004,1.33977192,8.19999981,1.109037,24.4683062
2022-11-07,28.48,4.20768027,4.04,5.47,1.10879591,1.299,30.19997071,8.70443341,5.37,8.33066667,29.799999,3.67548541,2.53,20.01,3.76,4.48,1.93999806,10.592,1.775,5.712,11.70000016,0.216,72.0,6.55,7.67,1.433,1.34,1.36954461,8.5,1.1395,24.19643603
2022-11-08,27.799999,4.19774086,4.07,5.5,1.29359522,1.3,30.72724109,8.70443341,5.38,8.34666667,29.0,3.62805979,2.53,20.5,3.79,4.55,1.92999807,10.92,1.766,5.68,11.81250016,0.215,68.480003,6.41,7.67,1.425,1.33,1.3397719,8.55,1.1395,24.2870591
2022-11-09,27.440001,4.08509431,3.98,5.35,1.37490692,1.289,32.91814799,9.9681001,5.84,8.05333333,28.77,3.51740002,2.49,21.25,3.68,4.33,1.87999812,10.8,1.723,5.672,11.61000015,0.212,67.440002,6.19,7.69,1.42,1.28,1.31992342,8.3,1.127124,23.77956858
2022-11-10,28.5,4.18448833,4.06,5.51,1.3009872,1.29,32.91814799,9.9681001,6.185,8.26666667,29.299999,3.61225125,2.5,21.530001,3.83,4.59,1.91999808,11.0,1.74,5.72,11.77500016,0.213,70.0,6.15,7.83,1.417,1.27,1.36458249,8.4,1.123316,24.55892927
2022-11-13,28.98,4.29382175,4.1,5.59,1.27511529,1.345,31.94542169,9.66333342,6.25,8.74666667,30.200001,3.62805979,2.6,21.790001,4.03,4.58,1.99666467,11.08,1.76,5.72,12.06000016,0.218,69.300003,6.35,8.05,1.46,1.295,1.38443096,8.64,1.130932,27.09638382
2022-11-14,29.459999,4.40315518,4.09,5.59,1.33425107,1.333,32.69087549,10.10190008,6.2,8.88,30.1,3.62015552,2.6,21.959999,4.25,4.48,1.96999803,11.0,1.748,5.712,12.18000016,0.218,70.0,6.39,8.0,1.523,1.305,1.38939308,8.78,1.141404,27.04200959
2022-11-15,28.98,4.38327637,4.1,5.39,1.34903502,1.339,32.63633282,9.97553343,6.4,8.96,29.9,3.68338968,2.66,21.889999,4.26,4.44,1.98333135,10.864,1.785,5.712,11.86500016,0.216,70.5,6.4,7.66,1.523,1.3,1.4489385,8.7,1.189954,26.09952623
2022-11-16,29.49,4.6383877,4.28,5.55,1.33794706,1.363,32.86360532,10.10190008,6.49,9.2,30.75,3.69129395,2.76,22.98,4.47,4.48,1.97666469,10.896,1.831,5.92,12.30000016,0.215,75.830002,6.45,7.67,1.554,1.345,1.52833239,8.88,1.187098,26.20827468
2022-11-17,29.49,4.62182203,4.31,5.65,1.39338686,1.38,34.090875,10.85266676,6.69,9.28,31.42,3.67548541,2.75,22.440001,4.52,4.43,1.98333135,10.96,1.874,5.88,12.67500017,0.216,84.599998,6.43,7.76,1.64,1.365,1.57299145,8.74,1.169963,26.28077332
2022-11-20,31.879999,4.57212501,4.24,5.87,1.41186679,1.378,34.36360109,11.0385001,6.625,9.12,31.559999,3.67548541,2.74,22.23,4.49,4.4,1.97999802,10.896,1.86,5.8,13.11000017,0.217,80.989998,6.49,7.65,1.65,1.35,1.56306721,8.65,1.18805,26.72482789
2022-11-21,30.950001,4.54561994,4.24,5.8,1.37860291,1.377,34.3363293,10.91956676,6.5,8.90666667,31.34,3.64386833,2.7,22.200001,4.44,4.4,1.9666647,10.872,1.849,5.76,12.96750092,0.216,79.5,6.45,7.58,1.665,1.325,1.53825662,8.53,1.155683,26.71576521
2022-11-22,31.0,4.43297338,4.25,5.84,1.33055509,1.357,34.7726925,10.4810001,6.375,9.00266667,31.23,3.86518788,2.7,22.700001,4.47,4.37,2.05999794,10.968,1.83,5.744,12.59999942,0.215,79.0,6.31,7.7,1.69,1.375,1.46382485,8.6,1.169963,26.63420482
2022-11-23,31.15,4.50586233,4.3,5.85,1.26402733,1.398,35.0817831,10.40666676,6.375,9.16266667,27.879999,4.08650743,2.74,22.790001,4.86,4.58,2.0666646,11.088,1.82,5.696,12.49500017,0.216,80.0,6.35,7.79,1.749,1.38,1.45886273,8.69,1.180434,26.86982519
2022-11-24,30.99,4.63507456,4.38,5.85,1.1642357,1.39,34.54542,10.39923343,6.495,9.12,26.780001,4.46591238,2.73,24.790001,4.86,4.83,2.07999792,11.248,1.832,5.664,12.69750017,0.215,79.0,6.31,7.88,1.715,1.355,1.50352179,8.65,1.151875,27.09638382
2022-11-27,32.099998,4.80073127,4.74,5.94,1.22706747,1.444,35.17269119,10.33233342,6.495,9.46666667,28.4,5.12987104,2.77,23.790001,4.96,4.94,2.08999791,11.496,1.975,5.6,13.29750018,0.225,78.0,6.31,8.5,1.75,1.375,1.4489385,8.86,1.151875,27.08732113
2022-11-28,32.5,4.92994349,4.87,5.95,1.22706747,1.47,35.26360201,10.36950009,6.425,9.41333333,29.469999,5.02711553,2.76,23.4,4.9,4.8,2.07666459,11.448,1.987,5.632,13.31250018,0.223,78.099998,6.28,8.4,1.8,1.35,1.42909002,8.85,1.164251,27.32294149
2022-11-29,34.0,5.20162049,4.8,6.05,1.19749958,1.473,36.25451011,10.33233342,6.395,9.33333333,29.280001,5.05873261,2.8,23.299999,4.89,4.79,2.0666646,11.464,2.009,5.52,13.71750093,0.221,79.389999,6.45,8.7,1.768,1.34,1.40427943,8.74,1.175674,27.05107228
2022-11-30,34.700001,5.39709573,4.71,6.09,1.16793169,1.459,37.0454175,10.36950009,6.41,9.568,29.700001,4.90064721,2.81,23.1,4.86,4.78,2.09333124,12.08,1.995,5.448,13.71000093,0.243,82.0,6.7,8.8,1.76,1.38,1.43901426,8.76,1.182338,28.08417776
2022-12-01,35.400002,5.30101451,5.13,6.09,1.1383638,1.52,37.68178141,10.22083342,6.38,9.648,29.4,4.63190204,2.8,24.98,4.98,4.9,2.17333116,12.36,1.97,5.52,13.86750018,0.239,82.5,7.0,8.55,1.73,1.35,1.50352179,8.8,1.206137,33.16814859
2022-12-04,36.700001,5.36065092,5.7,6.17,1.1383638,1.568,38.90905109,10.22083342,6.675,10.13333333,30.57,4.86112587,2.84,24.799999,5.28,4.91,2.36333097,13.2479992,2.07,5.632,14.02500094,0.245,83.349998,7.24,8.95,1.8,1.35,1.51344603,8.98,1.208041,31.70005028
2022-12-05,37.5,5.30101451,5.85,6.25,1.12357985,1.563,40.58177669,10.25056676,6.6,10.4,30.5,4.97968991,3.06,25.25,5.4,5.17,2.44333089,13.2399992,2.099,5.816,14.55000019,0.26,83.699997,7.25,9.05,1.788,1.345,1.51344603,9.06,1.207089,32.40691232
2022-12-06,37.189999,5.28444884,5.76,6.15,1.07183604,1.54,41.17268701,10.13906675,6.57,10.13333333,29.85,4.9559771,3.25,25.35,5.44,5.09,2.51999748,13.5600008,2.15,5.784,14.8050002,0.245,84.5,7.19,9.09,1.8,1.335,1.47374909,9.22,1.207089,32.5609723
2022-12-07,37.75,5.46335808,5.88,6.16,1.10140393,1.665,42.36359218,10.34720009,6.625,10.288,30.0,4.94016856,3.34,25.0,5.48,5.22,2.58666408,14.52,2.238,6.08,15.1125002,0.256,85.93,7.43,9.44,1.94,1.41,1.48367332,9.770001,1.208041,32.62440826
2022-12-08,39.849998,5.49980255,6.18,6.14,1.07183604,1.654,43.63632,10.39923343,6.6,10.24,29.75,4.99549845,3.34,24.9,5.3,5.18,2.5333308,14.48,2.242,5.92,15.37500021,0.253,84.489998,7.2,9.45,1.919,1.43,1.43901426,9.85,1.208993,32.16222927
2022-12-11,39.490002,5.58263091,6.75,6.1,1.03487618,1.746,42.22723141,10.39923343,6.5,10.29333333,30.280001,5.28795643,3.3,24.799999,5.3,5.36,2.50333083,14.944,2.27,5.896,16.68750022,0.254,87.989998,7.17,9.42,1.88,1.385,1.4241279,9.78,1.206137,32.33441368
2022-12-12,38.73,6.04646968,6.25,6.1,0.97943638,1.84,41.81814,10.22083342,6.35,10.18666667,29.68,5.02711553,3.24,24.1,5.14,5.15,2.4333309,14.544,2.2,5.72,17.40000098,0.249,86.949997,7.2,9.25,1.818,1.45,1.40427943,9.46,1.184242,32.08066794
2022-12-13,39.740002,6.19224791,6.53,6.15,0.99052434,2.199,41.81814,11.00133343,6.345,10.66666667,29.75,5.20891373,3.49,24.969999,5.57,5.2,2.666664,14.992,2.37,5.76,17.55000023,0.26,93.790001,7.5,10.6,1.935,1.5,1.44397638,10.1,1.161395,32.62440826
2022-12-14,39.990002,6.51343206,6.58,6.2,0.99791632,2.238,42.86359532,11.00133343,6.37,11.25333333,31.48,5.25633935,3.51,23.85,5.68,5.75,2.81666385,14.984,2.38,5.912,17.62500024,0.266,95.0,7.55,11.44,2.06,1.76,1.46878697,10.5,1.162347,33.53064183
2022-12-15,39.099998,6.7130076,6.45,6.2,1.09031598,2.179,43.36359391,11.41016677,6.4,11.28,31.469999,5.14567957,3.47,24.1,5.65,5.82,2.8333305,15.384,2.4,6.6,17.55000023,0.299,93.5,7.55,11.79,2.14,1.8,1.4787112,10.47,1.180434,33.16814859
2022-12-18,37.880001,6.49165942,6.22,6.25,1.082924,2.21,42.13631968,11.32840011,6.395,10.93333333,30.0,4.84531733,3.33,24.34,5.42,5.51,2.6999973,14.8,2.3,7.04,17.32500023,0.292,92.0,7.49,11.24,2.08,1.69,1.4489385,10.39,1.180434,31.2650584
2022-12-19,37.310001,6.42271574,6.27,6.32,1.12727584,2.32,40.63632391,11.2615001,6.4,10.56,29.799999,4.76627463,3.3,25.75,5.28,5.6,2.74333059,14.584,2.24,6.784,17.24250023,0.282,100.0,7.35,11.15,2.02,1.645,1.43901426,10.18,1.17853,31.03849977
2022-12-20,38.5,6.52431765,6.5,6.24,1.15684373,2.41,38.99996282,11.50680011,6.5,10.61333333,29.5,4.86112587,3.27,26.889999,5.42,5.67,2.86333047,14.72,2.25,6.688,17.39250098,0.28,95.989998,7.24,11.29,2.21,1.72,1.43405214,10.3,1.179482,29.63383741
2022-12-21,38.5,6.48077418,6.14,6.2,1.09031598,2.38,38.18178,11.2615001,6.47,10.4,28.99,4.78998744,3.22,26.790001,5.23,5.62,2.7999972,14.08,2.16,7.192,17.40000098,0.273,93.480003,7.2,11.1,2.19,1.755,1.43405214,10.09,1.166155,28.52823233
2022-12-22,38.150002,6.47714517,6.11,6.58,1.06814006,2.35,39.08178092,11.2169001,7.58,10.336,29.139999,4.86112587,3.2,26.969999,5.26,5.59,2.75999724,14.32,2.12,7.44,17.62500024,0.272,92.75,7.24,10.84,2.26,1.715,1.40924155,10.0,1.164251,29.45259032
2022-12-25,39.389999,6.45537361,6.0,6.96,1.02009223,2.18,38.72723218,10.77833344,7.0,9.99466667,28.74,4.68723193,3.06,26.07,5.13,5.31,2.6333307,14.1600008,2.01,7.368,16.87500023,0.262,91.370003,7.25,10.46,2.1,1.665,1.39931731,9.76,1.180434,28.99947401
2022-12-26,39.200001,6.52794631,6.07,6.9,1.01639625,2.17,38.98178011,10.6817001,6.995,10.112,29.25,4.6951362,3.04,25.879999,5.16,5.48,2.65999734,14.4320008,2.0,7.568,17.22749948,0.265,94.879997,7.1,10.19,2.08,1.645,1.39931731,9.88,1.180434,28.72760385
2022-12-27,39.099998,6.7130076,6.29,6.98,1.04966013,2.2,38.4090525,10.60736677,6.95,10.26133333,29.25,4.75046609,3.09,25.73,5.24,5.52,2.69666397,14.472,2.1,7.68,17.15999948,0.268,94.400002,7.09,10.1,2.1,1.665,1.40924155,9.97,1.176626,29.18978284
2022-12-28,38.939999,6.7130076,6.41,6.89,1.08661999,2.14,37.90905391,10.5925001,7.14,10.19733333,29.0,4.73465755,3.12,25.66,5.25,5.45,2.68999731,14.4399992,2.16,7.52,16.79249947,0.271,97.5,7.0,10.09,2.02,1.635,1.41916579,10.15,1.180434,29.37102994
2022-12-29,38.889999,7.73628767,6.48,6.9,1.11618788,2.17,38.18178,10.6371001,7.0,10.24,29.0,4.71884901,3.16,25.780001,5.33,5.49,2.70666396,14.472,2.21,7.84,16.91249948,0.277,97.5,7.19,10.48,2.03,1.64,1.48863544,10.3,1.180434,29.58852588
2023-01-02,40.889999,6.61866263,6.53,7.48,1.09031598,2.25,38.99086919,10.77833344,7.06,10.34666667,29.290001,4.81370025,3.2,25.5,5.36,5.63,2.9333304,14.472,2.25,7.832,17.39250098,0.279,97.0,7.32,10.66,2.028,1.62,1.48367332,10.17,1.175674,29.57946319
2023-01-03,41.59,6.56786149,6.68,7.57,1.10509992,2.32,39.68178032,10.77833344,7.3,10.56,29.5,4.97968991,3.31,25.82,5.55,5.75,3.09666357,14.792,2.26,7.752,17.24250023,0.287,96.970001,7.4,10.64,2.145,1.665,1.48367332,10.3,1.172818,29.90570758
2023-01-04,45.799999,6.49528843,6.98,7.65,1.07922802,2.28,41.35450592,10.77833344,7.05,11.2,29.65,5.09034969,3.36,25.98,5.59,5.83,3.10999689,15.1039992,2.23,7.592,17.15999948,0.284,98.279999,7.47,11.09,2.14,1.64,1.47374909,10.45,1.17377,31.7181747
2023-01-05,47.990002,6.54971786,7.39,7.64,1.07183604,2.28,41.81814,12.07173345,7.0,11.25333333,31.889999,5.28795643,3.41,27.0,5.96,6.04,3.0999969,15.472,2.19,7.576,16.95000023,0.286,99.0,7.5,11.13,2.169,1.585,1.46382485,10.6,1.172818,32.62440826
2023-01-09,45.880001,6.52068864,7.55,7.74,1.05335611,2.42,42.36359218,12.59950085,6.96,11.46666667,33.970001,5.64364857,3.31,26.389999,6.14,6.12,3.08999724,15.7039992,2.18,7.2,17.25000023,0.295,97.489998,7.45,11.05,2.2,1.595,1.45886273,10.55,1.180434,32.3887879
2023-01-10,45.25,6.7130076,7.33,7.61,1.01639625,2.4,42.36359218,12.19066678,6.845,11.408,33.650002,5.6357443,3.19,25.98,5.97,5.85,3.02999697,15.2,2.14,6.96,16.86750022,0.288,97.0,7.25,10.98,2.13,1.54,1.41420367,10.26,1.180434,31.89942179
2023-01-11,46.77,7.25730551,7.7,6.89,1.00900428,2.47,41.95450532,11.84130011,6.995,11.73333333,33.900002,5.82544677,3.19,25.5,6.09,5.8,3.3666633,14.7759992,2.08,6.8,16.50000022,0.283,104.97,7.31,10.85,2.13,1.465,1.41420367,10.79,1.180434,33.16814859
2023-01-12,46.349998,6.95975598,7.93,6.7,0.97204441,2.37,39.99996,11.89333344,6.95,11.73333333,33.580002,5.73059553,3.1,25.0,5.93,5.63,3.44999655,14.4,1.98,6.56,15.88500021,0.277,104.48,7.19,10.59,1.99,1.385,1.41916579,10.57,1.176626,33.34939473
2023-01-15,45.599998,7.18473209,7.98,6.7,1.01639625,2.34,38.54541782,11.92306751,6.86,11.57333333,35.959999,6.22856452,3.12,24.799999,5.94,5.48,3.71332962,14.3600008,1.969,6.72,16.68750022,0.269,102.99,7.04,10.15,2.02,1.31,1.41420367,10.53,1.160443,32.71503133
2023-01-16,45.77,7.94312052,8.16,6.65,1.02378822,2.33,39.27268891,12.52516678,6.775,11.632,36.900002,6.38664992,3.13,25.85,6.3,5.58,3.57999642,14.6,1.969,6.92,16.92750023,0.27,102.3,7.05,10.3,2.04,1.47,1.40924155,10.4,1.180434,32.80565536
2023-01-17,45.439999,7.78346052,8.06,6.66,1.00530829,2.36,39.39087152,12.99346679,6.75,11.61066667,37.5,6.2601816,3.29,25.799999,6.37,5.79,3.82666284,14.88,2.03,7.144,17.17500023,0.27,101.99,7.04,10.4,2.09,1.455,1.40427943,11.0,1.171866,32.89627843
2023-01-18,44.349998,7.58388426,7.96,6.64,1.00530829,2.36,40.4363232,13.29823271,6.725,11.40266667,37.900002,6.14952183,3.29,25.6,6.6,5.79,3.7666629,14.8,2.05,7.112,18.712501,0.27,102.98,7.04,10.45,2.08,1.435,1.40427943,10.75,1.169963,32.57909673
2023-01-19,43.98,7.16658919,7.56,6.57,1.00530829,2.4,41.81814,13.15700087,6.75,11.2,36.490002,5.92029801,3.23,24.860001,6.56,5.62,3.79666287,14.6399992,2.038,7.12,18.525001,0.267,101.8,6.9,10.65,2.17,1.405,1.38443096,10.55,1.161395,32.53378519
2023-01-22,44.25,7.07224422,7.7,6.54,1.04226815,2.44,41.81814,12.84480086,6.725,10.928,36.799999,6.03886205,3.32,24.67,6.65,5.6,3.91332942,14.6399992,2.024,8.232,18.00000024,0.265,101.0,6.95,10.5,2.35,1.425,1.36458249,10.89,1.161395,32.17129196
2023-01-23,43.439999,7.21738997,7.6,6.5,1.02378822,2.46,42.26359592,12.85966603,6.75,10.8,36.0,5.98353216,3.31,24.860001,6.72,5.56,3.98999601,14.816,2.0,7.736,17.84999949,0.264,99.959999,7.5,10.48,2.35,1.45,1.36954461,10.8,1.161395,32.21660349
2023-01-24,43.889999,7.25367686,7.74,6.48,0.99791632,2.41,44.27268391,12.67383271,6.75,10.56533333,35.5,5.98353216,3.25,24.65,6.66,5.5,3.88666278,15.48,1.98,7.384,17.55000023,0.262,103.8,7.7,10.7,2.27,1.43,1.34969613,10.72,1.161395,31.44630454
2023-01-25,43.470001,7.98666471,7.69,6.39,1.01639625,2.39,46.45449718,12.61436604,7.25,10.61333333,35.439999,5.99143643,3.37,24.790001,6.78,5.57,3.82666284,15.8399992,1.965,7.84,17.55000023,0.269,104.9,8.98,11.72,2.31,1.405,1.41420367,10.78,1.17853,32.05348082
2023-01-29,43.689999,8.70513796,7.74,6.69,1.01639625,2.4,49.09086,12.72586752,7.375,10.61333333,36.0,5.96772362,3.47,27.99,6.78,5.59,3.84999615,16.272,1.963,8.6,17.43750023,0.268,107.0,9.69,11.7,2.32,1.4,1.41420367,11.02,1.17853,31.99004487
2023-01-30,44.25,8.70876661,7.79,6.98,1.00530829,2.4,52.39994669,13.30566678,7.6,10.61333333,36.360001,5.93610654,3.5,28.040001,6.92,5.6,3.77666289,16.5600008,1.969,8.56,17.32500023,0.27,106.49,9.1,12.1,2.4,1.39,1.40924155,11.05,1.176626,32.53378519
2023-01-31,43.099998,8.38944553,7.59,6.95,0.97943638,2.25,47.99995109,13.38000012,7.54,10.4,36.25,5.64364857,3.32,27.450001,6.69,5.34,3.63999636,15.92,1.919,8.52,17.08500098,0.262,103.0,9.1,11.69,2.27,1.36,1.36954461,10.66,1.170914,32.16222927
2023-02-01,42.98,8.1463258,7.63,6.69,1.00530829,2.16,46.818135,13.38000012,7.55,9.76,34.650002,5.53298879,3.18,27.700001,6.44,5.21,3.4333299,15.3600008,1.849,8.32,16.38750022,0.256,101.5,8.57,11.7,2.15,1.305,1.34473401,10.3,1.174722,32.08066794
2023-02-02,42.619999,8.34590134,7.6,6.48,1.12727584,2.15,46.49995532,13.38000012,8.49,9.46666667,33.650002,5.56460587,3.14,27.299999,6.46,5.0,3.3999966,15.2,1.839,8.592,16.10249946,0.254,102.5,9.6,11.77,2.19,1.3,1.34969613,9.85,1.17377,32.24379061
2023-02-05,41.900002,7.89231974,7.55,6.65,1.09770795,2.027,47.45449891,13.37256679,8.38,9.30666667,32.990002,5.41442474,3.05,26.4,6.19,5.0,3.15666351,14.68,1.759,8.552,15.67500021,0.242,100.15,9.49,10.89,2.24,1.29,1.3397719,9.84,1.170914,31.57317741
2023-02-06,41.349998,7.98303606,7.71,6.8,1.06074808,1.968,48.07268011,13.26850012,8.3500005,9.68533333,32.5,5.18520092,3.05,27.450001,6.31,5.17,3.26333007,14.7759992,1.74,8.792,15.71999946,0.235,100.2,10.0,10.6,2.32,1.26,1.31496131,9.84,1.176626,31.34661878
2023-02-07,40.75,8.30235714,7.88,6.8,1.05335611,2.04,50.04540359,13.52123419,8.5649995,9.75466667,34.18,5.24843508,3.13,27.75,6.35,5.22,3.22333011,14.88,1.72,9.12,16.41749947,0.234,100.0,9.88,11.4,2.34,1.27,1.32984766,9.99,1.177578,31.15630995
2023-02-08,41.389999,8.31687211,7.79,6.8,1.10140393,2.054,50.90904,13.45433346,8.6000005,9.6,34.0,5.2958607,3.13,27.5,6.32,5.17,3.18999681,14.7759992,1.74,8.856,16.41749947,0.238,99.949997,9.35,11.5,2.24,1.275,1.32984766,9.9,1.182338,32.62440826
2023-02-09,42.290001,8.16084005,7.99,6.79,1.07922802,2.02,53.63631,13.78883271,8.75,9.59466667,34.0,5.42232901,3.16,27.799999,6.33,5.35,3.29666337,15.5759992,1.717,8.6,16.50000022,0.242,98.5,9.53,11.5,2.22,1.325,1.31496131,9.8,1.185194,32.04441909
2023-02-12,42.189999,8.09189528,8.19,6.88,1.22706747,2.06,53.62722092,13.7516668,8.75,10.08,34.5,5.49346744,3.18,27.9,6.47,5.42,3.43666323,15.7039992,1.695,8.704,16.91249948,0.245,99.0,9.29,11.26,2.24,1.335,1.31496131,9.95,1.181386,31.62755163
2023-02-13,41.900002,7.98303606,8.07,6.8,1.3268591,2.03,52.272675,13.53609937,8.75,9.952,34.25,5.64364857,3.11,27.469999,6.41,5.36,3.3666633,15.92,1.69,8.56,16.80000022,0.246,98.199997,9.15,11.18,2.18,1.375,1.32984766,9.84,1.180434,31.62755163
2023-02-14,41.619999,8.03746585,7.88,6.79,1.34903502,2.12,51.74540098,13.52866753,8.8500005,9.808,33.5,5.61993576,3.2,27.4,6.37,5.51,3.50666316,16.4,1.789,9.072,17.62500024,0.251,98.190002,9.770001,11.32,2.2,1.38,1.3397719,10.49,1.170914,31.62755163
2023-02-15,42.490002,8.09189528,8.07,6.88,1.34903502,2.15,52.09085609,13.51380012,8.8999995,10.07466667,34.599998,5.67526564,3.24,27.200001,6.64,5.6,3.5999964,16.5759992,1.815,9.44,17.77500099,0.253,98.25,10.25,11.7,2.23,1.42,1.3397719,10.33,1.179482,31.7181747
2023-02-16,42.650002,8.09189528,8.73,6.87,1.3009872,2.19,51.78176549,13.5435327,8.95,10.08,35.5,5.76221261,3.21,26.99,6.66,5.64,3.60666306,17.072,1.802,9.44,17.39250098,0.25,101.9,10.16,11.8,2.21,1.4,1.32488554,10.2,1.170914,32.3525381
2023-02-19,42.68,7.89231974,8.88,6.84,1.26033135,2.24,50.86358641,13.52123419,8.8950005,10.176,35.849998,5.76221261,3.17,26.6,6.55,5.58,3.54999645,16.9600008,1.78,9.384,17.31750023,0.245,101.45,10.11,11.58,2.19,1.375,1.29511283,10.05,1.174722,32.69690691
2023-02-20,41.970001,7.86329052,8.51,6.83,1.30468318,2.19,50.72722109,13.48406604,8.75,9.92,35.27,5.6357443,3.14,25.889999,6.34,5.45,3.45332988,16.464,1.748,9.184,17.62500024,0.248,101.49,9.59,11.35,2.14,1.365,1.2851886,9.94,1.170914,31.7181747
2023-02-21,41.599998,7.52219716,8.46,6.81,1.28989924,2.14,49.2544962,13.38000012,8.375,9.744,34.48,5.41442474,3.13,25.35,6.14,5.38,3.37999662,16.08,1.72,8.928,17.17500023,0.244,99.0,9.55,11.3,2.11,1.345,1.2306053,9.96,1.170914,31.23787128
2023-02-22,42.0,7.52582581,8.65,6.85,1.28620325,2.15,49.51813321,13.38000012,8.5,9.78666667,34.290001,5.52508452,3.15,25.49,6.15,5.4,3.39666327,16.192,1.737,8.92,16.79249947,0.246,98.0,9.55,11.25,2.12,1.36,1.23556742,9.94,1.170914,31.23787128
2023-02-23,41.049999,7.30810629,8.39,7.0,1.21228352,2.1,49.80904201,13.41716605,8.3999995,9.62666667,33.82,5.38280767,3.12,25.299999,5.96,5.21,3.2666634,15.8399992,1.71,8.56,16.66499947,0.241,96.900002,9.23,11.22,2.06,1.35,1.2306053,9.74,1.202329,32.17129196
2023-02-26,41.950001,7.46413872,8.48,8.29,1.20858754,2.15,51.12722342,13.41716605,8.375,9.70666667,35.900002,5.4776589,3.19,26.299999,5.95,5.4,3.29333004,16.08,1.72,8.8,17.09250098,0.242,97.5,9.3,11.38,2.07,1.35,1.22068106,9.74,1.226128,33.44001876
2023-02-27,42.18,7.54759737,8.5,8.18,1.23815543,2.2,50.89995092,13.55840013,8.3999995,9.84,35.799999,5.51718025,3.2,26.65,6.0,5.66,3.3666633,16.4880008,1.71,8.92,17.62500024,0.244,96.989998,9.4,11.49,2.09,1.36,1.24052953,9.770001,1.2366,33.43095607
2023-02-28,41.939999,7.32625028,8.58,8.15,1.25293937,2.23,49.90904282,13.76653345,8.375,9.92,35.0,5.44604182,3.18,26.17,5.88,5.55,3.34999665,16.52,1.727,8.872,17.25000023,0.239,95.949997,9.28,10.98,2.07,1.345,1.26037801,9.79,1.223272,33.16814859
2023-03-01,41.880001,7.32987893,8.55,8.13,1.34164305,2.32,49.27267891,14.04156605,8.3500005,9.92,35.09,5.45394609,3.24,28.0,5.81,5.54,3.28999671,16.52,1.714,8.656,17.62500024,0.243,95.25,9.42,10.85,2.11,1.405,1.20083259,9.79,1.203281,32.62440826
2023-03-02,41.290001,7.3117353,8.83,8.08,1.30468318,2.33,49.71813119,14.04156605,8.25,10.08,34.84,5.51718025,3.23,26.690001,5.68,5.57,3.24999675,16.384,1.707,8.56,17.81250024,0.24,95.0,9.48,11.15,2.14,1.415,1.19587047,9.72,1.197569,32.72409402
2023-03-05,41.200001,7.24279054,8.78,8.07,1.23815543,2.28,48.72722218,13.60299937,8.175,9.94133333,34.790001,5.45394609,3.2,28.049999,5.55,5.52,3.14666352,16.08,1.705,8.544,17.76750099,0.241,94.0,9.3,11.1,2.1,1.39,1.20083259,9.6,1.196617,33.07752552
2023-03-06,41.490002,7.28633473,8.74,8.07,1.24185142,2.27,49.545405,13.55840013,8.115,9.86133333,35.700001,5.45394609,3.18,28.99,5.58,5.44,3.18333015,16.0,1.696,8.6,17.76000024,0.24,95.0,9.44,11.14,2.1,1.38,1.19090835,9.45,1.196617,32.96877708
2023-03-07,41.150002,7.23553396,8.65,7.9,1.23445944,2.23,48.77268032,13.37256679,8.075,9.68,37.48,5.31166924,3.2,27.0,5.57,5.4,3.14666352,15.7600008,1.686,8.496,17.55000023,0.238,93.790001,9.5,11.32,2.07,1.365,1.20579471,9.3,1.168059,32.17129196
2023-03-08,40.380001,7.07587287,8.5,7.75,1.18271563,2.11,48.4090425,12.63666678,7.695,9.38666667,37.299999,5.16939238,3.08,26.950001,5.46,5.19,3.01999698,15.528,1.635,8.36,17.47499948,0.233,91.0,9.38,11.2,2.0,1.335,1.176022,8.92,1.160443,32.01723198
2023-03-09,41.360001,7.01781443,8.58,7.9,1.18271563,2.13,49.22722532,11.62573343,7.4,9.328,37.0,5.28005216,3.07,27.0,5.42,5.25,3.02999697,15.9600008,1.59,8.28,17.39250098,0.239,91.5,9.2,11.55,2.03,1.34,1.16113564,9.01,1.160443,32.62440826
2023-03-12,41.0,6.99241386,8.49,7.9,1.18641162,2.1,48.60904321,11.37300011,7.5,9.33333333,36.419998,5.28005216,3.06,26.49,5.37,5.21,3.01666365,15.7759992,1.587,8.136,17.43750023,0.238,92.0,9.16,11.49,2.02,1.33,1.16113564,9.05,1.208993,33.0231513
2023-03-13,40.200001,6.85815371,8.44,7.75,1.15684373,2.02,47.99995109,10.92700009,7.2,8.848,35.200001,5.10615823,3.02,25.99,5.1,4.98,2.88333045,15.192,1.529,7.8,17.24250023,0.227,89.949997,8.49,11.34,1.97,1.325,1.13136293,8.75,1.195666,33.16814859
2023-03-14,39.900002,6.7130076,8.15,7.4,1.04966013,1.9,45.99995218,10.62966677,7.345,8.69333333,33.689999,4.6160935,2.89,25.25,5.01,4.74,2.73666393,14.3520008,1.365,7.512,16.56750022,0.21,92.5,8.3,11.0,1.83,1.215,1.10655234,9.0,1.169011,32.60628384
2023-03-15,40.5,6.82186682,8.22,7.42,1.07553203,1.92,46.58177342,10.7040001,7.15,8.78933333,34.490002,4.78998744,2.94,25.09,5.07,4.8,2.74999725,14.48,1.396,7.56,16.91249948,0.213,90.940002,8.06,11.0,1.84,1.235,1.08670387,8.95,1.177578,32.51565982
2023-03-16,39.599998,6.31385579,7.71,7.09,0.93508455,1.66,46.36359,10.58506677,7.0,8.10666667,31.57,4.26830564,2.79,24.0,4.73,4.4,2.53666413,13.52,1.29,7.12,15.0000002,0.18,91.0,7.36,10.4,1.73,1.115,1.02219634,8.94,1.156635,32.39784964
2023-03-19,39.580002,6.53157496,7.34,7.13,0.93138856,1.6,44.50904549,10.18366675,7.5,7.99466667,31.6,4.26830564,2.78,23.790001,4.72,4.37,2.5333308,13.0,1.272,7.256,15.41999946,0.188,88.0,7.4,10.38,1.71,1.08,0.99242363,8.69,1.142356,32.25285234
2023-03-20,40.48,6.7130076,7.39,7.0,0.97943638,1.7,45.49995359,10.08703342,7.445,8.42666667,32.700001,4.57657216,2.8,22.99,4.9,4.58,2.64999735,13.4240008,1.33,7.36,16.06500021,0.191,89.889999,7.79,10.79,1.707,1.15,1.04204481,8.75,1.142356,32.17129196
2023-03-21,40.25,6.70575029,7.53,7.5,1.06444407,1.784,46.27268282,10.15393342,7.5,8.61333333,33.700001,4.78208317,2.83,23.4,5.08,4.69,2.68666398,13.6479992,1.346,7.528,16.12500022,0.195,89.0,7.98,11.05,1.75,1.2,1.06189328,8.79,1.142356,32.34347541
2023-03-22,40.240002,6.70212128,7.62,7.2,1.07553203,1.81,45.909045,10.31003342,8.75,8.736,34.959999,4.82160452,2.83,23.4,5.14,4.75,2.6999973,13.92,1.372,7.672,16.06500021,0.196,89.0,8.1,11.09,1.779,1.19,1.07181752,8.84,1.140452,33.25877166
2023-03-23,40.279999,6.50617439,7.45,7.44,1.03857217,1.79,46.35450092,10.7040001,7.975,9.27466667,34.450001,4.73465755,2.97,22.75,5.06,4.81,2.63999736,13.68,1.347,7.584,17.07750023,0.192,92.5,8.07,11.12,1.76,1.16,1.05196904,8.7,1.151875,36.70245977
2023-03-26,41.700001,6.58237573,8.4,7.7,1.05335611,1.838,46.79086321,11.1500001,7.965,9.26933333,37.93,5.10615823,2.98,23.0,5.44,4.96,2.999997,13.7119992,1.428,7.752,17.06250023,0.199,93.830002,8.15,11.42,1.845,1.175,1.05196904,8.99,1.153779,36.69339709
2023-03-27,41.400002,6.53157496,8.7,7.98,1.06444407,1.876,46.7363169,13.00090012,7.75,9.33866667,37.900002,5.24053081,2.93,22.950001,5.47,4.94,3.06333027,13.7600008,1.455,8.232,16.80000022,0.199,95.25,8.95,12.18,1.86,1.18,1.04204481,8.98,1.161395,36.24934252
2023-03-28,41.189999,6.44085864,8.88,7.95,1.02009223,1.841,46.36359,12.3319001,7.49,9.28,37.240002,5.24843508,2.88,23.120001,5.33,4.77,2.95999704,13.3600008,1.41,8.6,16.57500022,0.192,96.900002,8.39,12.54,1.9,1.16,1.02715845,8.85,1.142356,36.29465405
2023-03-29,43.290001,6.89444023,9.85,7.9,1.11988387,1.94,45.60904348,13.00833346,7.5,9.58933333,37.599998,5.52508452,2.89,25.0,5.48,4.88,3.04999695,13.536,1.416,8.96,16.83750097,0.202,96.989998,8.2,13.9,1.886,1.18,1.02715845,8.81,1.156635,42.59297746
2023-03-30,44.369999,7.07587287,9.74,7.9,1.17162767,1.94,47.27268,13.00833346,7.42,9.65333333,37.5,5.49346744,2.95,25.4,5.61,4.89,3.12999687,13.72,1.429,9.032,16.49250022,0.199,96.900002,8.1,14.58,1.903,1.185,1.02219634,8.8,1.151875,42.1398602
2023-04-02,44.689999,6.85815371,9.45,7.9,1.12727584,1.899,47.13631468,13.04549937,7.6,9.46666667,38.380001,5.3749034,2.9,25.200001,5.7,4.86,3.15333018,13.6,1.4,8.952,15.92250021,0.199,96.5,8.03,14.54,1.87,1.16,1.00234786,8.69,1.151875,40.59926324
2023-04-03,51.0,7.06498655,10.0,7.88,1.16793169,2.06,48.36358891,13.36513345,7.615,9.65333333,39.950001,5.6357443,2.96,25.389999,5.85,5.34,3.2333301,14.2479992,1.49,8.984,15.75000021,0.203,101.97,8.15,15.0,1.951,1.21,1.05643495,8.87,1.158539,40.30926865
2023-04-04,47.599998,7.28633473,9.7,7.9,1.24185142,2.123,48.14540549,13.00833346,7.545,9.6,40.32,5.73059553,3.06,25.49,5.84,5.37,3.24999675,14.4,1.55,9.08,15.71250096,0.213,101.5,8.45,14.38,2.02,1.24,1.10407129,9.16,1.162347,39.80177812
2023-04-05,46.869999,7.34802183,9.44,7.85,1.23815543,2.08,48.54540782,12.63666678,7.55,9.59466667,39.389999,5.65155284,3.1,24.959999,5.85,5.48,3.20999679,14.1759992,1.57,9.352,15.71250096,0.22,100.01,8.67,14.3,2.025,1.225,1.14079096,9.15,1.165203,39.73834216
2023-04-06,46.200001,7.17747551,9.36,7.89,1.21228352,2.06,48.44540701,12.62923345,7.55,9.49333333,39.75,5.50137171,3.1,24.65,5.75,5.54,3.16999683,14.064,1.537,9.712,15.52500096,0.222,101.0,8.5,14.09,1.974,1.255,1.1507152,9.1,1.174722,38.9680432
2023-04-09,44.98,6.94887003,9.270001,7.87,1.26033135,2.08,47.27268,12.48799937,7.5,9.33333333,39.970001,5.3749034,2.99,24.190001,5.64,5.4,3.09666357,13.792,1.508,10.04,15.51750096,0.23,99.980003,8.3,13.81,1.951,1.22,1.14128717,8.94,1.174722,40.32739402
2023-04-10,44.580002,6.97789925,9.34,7.9,1.27881128,2.2,47.26359092,12.41366753,7.45,9.30666667,39.689999,5.34328632,2.98,24.629999,5.6,5.37,3.09666357,13.672,1.52,9.84,15.1200002,0.235,99.800003,8.35,14.5,2.03,1.215,1.13136293,8.95,1.182338,41.23362759
2023-04-11,45.970001,7.03958634,9.61,7.9,1.27141931,2.216,47.09086109,13.00090012,7.45,9.39733333,39.490002,5.61993576,3.0,24.93,5.7,5.41,3.2333301,13.9039992,1.51,10.4,14.84999945,0.232,99.879997,8.71,14.45,2.06,1.205,1.11647658,9.05,1.177578,41.2245649
2023-04-12,45.900002,6.98515655,9.6,8.67,1.31946713,2.2,46.99086119,13.00090012,7.445,9.49333333,39.290001,5.69107418,3.05,25.15,5.71,5.45,3.25333008,13.9039992,1.5,10.352,14.9250002,0.231,99.5,8.65,14.88,2.05,1.2,1.13136293,9.04,1.170914,40.32739402
2023-04-13,46.389999,7.1121594,9.65,8.39,1.25663536,2.175,53.181765,12.81506679,7.425,9.53066667,39.5,5.67526564,3.0,25.799999,5.65,5.41,3.34332999,13.7600008,1.477,10.392,14.84999945,0.229,97.980003,8.51,16.25,2.03,1.205,1.09166599,9.0,1.085238,37.87150081
2023-04-18,49.48,7.83788995,10.09,8.42,1.2455474,2.23,53.181765,12.85966603,7.875,9.79733333,41.880001,6.09419194,3.05,25.799999,5.69,5.42,3.43666323,14.1600008,1.458,10.792,15.1350002,0.231,100.25,8.42,16.98,2.06,1.195,1.08670387,9.03,1.098565,40.77144764
2023-04-19,49.439999,7.82700399,10.23,8.3,1.27141931,2.27,49.81813109,12.85966603,8.0,10.34666667,42.189999,6.17323464,3.04,25.190001,5.77,5.68,3.44666322,14.32,1.448,10.72,15.2625002,0.231,104.4,8.63,16.950001,2.09,1.24,1.08670387,9.14,1.113797,40.77144764
2023-04-26,49.990002,7.68911555,10.28,8.2,1.24924339,2.24,48.99995282,12.89683345,8.1000005,10.24,41.5,6.23646879,3.02,24.809999,5.92,5.79,3.39666327,14.144,1.5,10.784,16.03499946,0.232,103.47,9.04,16.75,2.05,1.25,1.10159023,9.31,1.107133,39.87427677
2023-04-27,50.990002,7.96126451,10.79,8.25,1.26402733,2.29,49.16358902,13.09010086,8.6000005,10.144,42.380001,6.30760722,3.08,24.719999,6.06,6.0,3.47332986,14.9600008,1.637,10.76,16.46250097,0.232,105.98,9.2,17.91,2.07,1.295,1.11647658,9.54,1.094757,39.96489984
2023-04-30,50.889999,8.1644687,11.08,8.89,1.29729121,2.34,50.23631158,13.15700087,8.4750005,10.24,44.5,6.65539509,3.16,25.0,6.06,6.27,3.4999965,15.1039992,1.746,10.88,16.61250022,0.24,106.85,9.97,18.43,2.13,1.3,1.19090835,9.94,1.102373,40.4180171
2023-05-01,49.709999,7.76168788,10.6,8.65,1.23815543,2.25,48.91813381,12.97116753,8.2250005,10.032,43.950001,6.48150115,3.14,24.48,5.92,6.2,3.3666633,14.7039992,1.747,10.864,15.90000096,0.238,105.0,9.66,17.4,2.07,1.235,1.15121141,9.82,1.094757,39.05866627
2023-05-02,48.5,7.7907171,9.64,8.48,1.2196755,2.16,48.31813532,13.06780011,8.0,9.81866667,42.93,6.29179868,3.06,23.5,5.88,5.97,3.24666342,14.52,1.729,10.8,15.67500021,0.234,102.5,9.1,17.200001,2.01,1.22,1.11151446,9.520001,1.093805,38.03462253
2023-05-03,49.0,7.87417684,9.62,8.46,1.20119557,2.14,48.4090425,13.00090012,7.9,9.856,43.599998,6.22066025,3.02,23.6,5.91,5.96,3.22999677,14.592,1.847,10.88,15.56250021,0.23,103.5,9.36,16.42,1.98,1.22,1.1214387,9.46,1.092854,38.5149269
2023-05-07,48.5,7.87417684,9.32,8.46,1.19010761,2.15,48.4090425,12.78533419,7.9,9.536,43.799999,6.04676632,2.99,23.35,5.82,5.86,3.1666635,14.5600008,1.92,10.96,15.72749946,0.227,101.5,9.72,16.18,1.948,1.21,1.11151446,9.3,1.073814,38.5149269
2023-05-08,52.599998,7.97577876,9.76,8.46,1.23815543,2.25,48.37267799,12.71100012,7.995,9.65333333,46.0,6.2601816,3.04,23.459999,5.99,5.95,3.22999677,14.9119992,1.952,11.0,15.47999946,0.242,101.85,10.68,16.870001,2.012,1.235,1.13632505,9.4,1.074766,40.05552386
2023-05-09,52.849998,8.1826116,9.97,8.34,1.25663536,2.28,49.13631359,12.71100012,7.995,9.728,46.880001,6.44197981,3.12,23.99,6.02,6.14,3.32666334,15.264,1.999,10.952,15.51750096,0.245,103.15,10.84,17.24,2.038,1.235,1.13632505,9.51,1.075718,39.98302521
2023-05-10,52.5,8.05560948,9.61,8.15,1.20858754,2.25,47.9726793,12.63666678,7.95,9.50933333,46.98,6.28389441,3.12,23.379999,5.88,6.0,3.21999678,15.5759992,2.086,10.84,15.56250021,0.241,102.85,10.7,17.0,1.998,1.235,1.1214387,9.36,1.056679,39.51178353
2023-05-11,53.200001,7.89231974,9.69,8.15,1.21228352,2.26,47.81813218,12.62180011,7.935,9.49333333,46.889999,6.29970295,3.11,23.690001,5.93,6.08,3.24333009,15.5600008,2.13,10.76,15.71250096,0.252,102.79,11.24,17.5,2.018,1.235,1.14128717,9.4,1.050015,39.466472
2023-05-14,52.599998,8.63619319,9.45,8.29,1.19380359,2.27,47.52722429,12.48799937,7.87,9.312,47.5,6.29179868,3.02,23.99,5.8,5.92,3.1666635,15.384,2.06,10.752,15.54750021,0.253,102.15,11.44,17.15,1.983,1.21,1.21075682,9.2,1.016696,38.9680432
2023-05-15,52.299999,8.65433682,9.32,8.23,1.19380359,2.33,48.18177,12.52516678,7.845,9.408,48.5,6.40245846,3.01,24.0,5.82,5.95,3.18333015,15.464,2.04,10.32,15.45000021,0.25,102.0,11.6,17.35,2.01,1.2,1.20579471,9.24,0.975762,38.37899134
2023-05-16,50.990002,8.48378978,8.93,8.16,1.17901965,2.23,47.45449891,12.04200085,7.7,9.22666667,46.48,6.26808587,2.95,23.299999,5.59,5.74,3.0666636,15.1679992,2.13,10.0,15.1875002,0.239,100.49,11.08,16.4,1.94,1.175,1.17105988,8.99,0.972906,37.33682317
2023-05-17,50.0,8.38218786,8.81,8.04,1.23076346,2.22,48.08176919,12.04200085,7.775,9.14666667,46.740002,6.418267,2.9,23.299999,5.65,5.63,2.98333035,15.2,2.15,9.912,14.9250002,0.238,102.65,10.76,15.63,1.937,1.175,1.19090835,8.99,0.972906,37.15557608
2023-05-18,48.990002,8.47290418,8.44,8.04,1.20858754,2.16,47.9363157,12.04200085,7.74,9.27466667,44.75,6.24437306,2.85,23.1,5.55,5.41,2.8999971,14.88,2.18,9.76,14.76750095,0.231,103.0,10.59,14.78,1.87,1.15,1.15121141,8.67,0.980522,37.24619915
2023-05-21,49.349998,8.4148461,8.49,8.04,1.28250727,2.2,47.2090437,12.92656604,7.815,9.32266667,44.599998,6.30760722,2.84,23.08,5.59,5.44,2.90666376,14.9600008,2.31,10.2,14.58000094,0.231,103.0,10.74,14.81,1.87,1.16,1.20083259,8.73,0.992897,37.33682317
2023-05-22,49.419998,8.34590134,8.43,8.04,1.44513067,2.2,47.727225,12.85223419,7.975,9.27466667,44.689999,6.22856452,2.84,23.139999,5.6,5.53,2.94666372,15.008,2.3,10.192,14.60249944,0.236,102.0,10.75,15.25,1.888,1.16,1.19090835,8.72,0.996705,37.15557608
2023-05-23,48.02,8.21889849,8.25,7.85,1.52274638,2.15,47.45449891,12.67383271,7.95,9.22666667,43.959999,6.08628767,2.8,23.190001,5.56,5.44,2.84999715,14.72,2.36,10.368,14.13750019,0.234,101.99,10.44,15.65,1.85,1.165,1.176022,8.6,0.978618,36.70245977
2023-05-24,48.290001,8.22978445,8.5,7.99,1.4894825,2.23,47.86359032,13.38000012,8.0299995,9.48266667,43.5,6.16533037,2.8,23.620001,5.64,5.57,2.92333074,14.9600008,2.31,10.28,14.47499944,0.24,107.9,10.5,16.0,1.897,1.235,1.18098412,8.69,0.988138,36.51214999
2023-05-25,48.790001,8.38581688,8.6,8.0,1.64840991,2.22,48.35449619,13.60299937,8.4750005,9.58933333,43.880001,6.19694744,2.82,23.610001,5.72,5.57,2.93999706,15.12,2.19,10.24,14.6925002,0.239,107.99,10.45,16.0,1.917,1.22,1.17105988,8.73,0.980522,36.65714729
2023-05-28,48.849998,8.69062371,8.42,8.0,1.96626474,2.23,47.99995109,13.45433346,9.5,9.57866667,43.799999,6.12580902,2.82,24.33,5.84,5.7,2.90999709,14.984,2.24,10.216,14.7600002,0.241,107.5,10.35,15.6,1.914,1.225,1.16609776,8.770001,0.980522,36.55746153
2023-05-29,47.98,8.69062371,8.34,8.0,2.23976773,2.25,47.52722429,13.74423346,9.45,9.47733333,43.34,6.13371329,2.91,24.299999,5.85,5.68,3.24999675,15.0320008,2.23,9.992,15.1800002,0.239,116.47,10.7,15.55,1.974,1.285,1.16609776,9.25,0.990042,36.24934252
2023-05-30,48.240002,9.42723986,8.57,8.24,2.3839112,2.29,47.81813218,14.3091668,9.6400005,9.62666667,43.98,6.35503284,2.98,24.799999,5.87,5.78,3.37999662,15.384,2.25,10.056,15.22499945,0.246,128.0,11.0,15.88,2.029,1.3,1.15121141,9.55,0.98909,36.24934252
2023-05-31,47.990002,9.43449716,8.64,8.19,2.37651923,2.31,48.18177,14.71799939,9.55,9.69066667,44.889999,6.32341576,3.06,24.75,5.88,5.81,3.50999649,15.4399992,2.18,10.144,15.2025002,0.244,127.0,12.1,15.8,2.046,1.305,1.15617353,9.85,0.988138,36.43058961
2023-06-01,47.470001,9.12606168,8.47,8.15,2.3284714,2.42,48.08176919,14.65853272,9.425,9.54666667,44.189999,6.22066025,3.07,24.309999,5.77,5.65,3.55332978,15.5679992,2.28,10.24,15.1875002,0.242,124.44,11.64,15.75,2.088,1.295,1.176022,9.6,0.985282,36.11340791
2023-06-04,46.900002,9.27846509,8.5,8.0,2.45230173,2.8,48.35449619,14.4206668,9.335,9.54666667,43.959999,6.21275598,3.15,24.549999,5.9,5.7,3.5999964,15.7520008,2.54,10.24,15.0000002,0.247,125.0,11.5,16.25,2.17,1.335,1.18098412,9.64,0.985282,36.06809542
2023-06-05,44.900002,9.27846509,8.41,7.98,2.94098505,2.73,48.17268092,13.97466605,9.2200005,9.54666667,43.450001,6.27599014,3.18,25.51,6.06,5.57,3.58666308,16.0399992,2.57,10.2,15.0000002,0.262,121.98,11.15,16.1,2.17,1.395,1.26037801,9.55,0.980522,35.52435605
2023-06-06,44.439999,9.14420531,8.37,7.95,3.52740503,2.84,48.18177,14.1976668,9.2,9.77066667,42.82,6.87671464,3.15,26.0,5.96,5.48,3.8333295,16.12,2.63,9.96,14.90999945,0.263,121.48,11.5,15.82,2.21,1.32,1.2306053,9.82,0.98433,34.79030689
2023-06-07,43.950001,9.06800323,8.35,7.9,4.22933197,2.9,48.07268011,14.12333346,9.0,9.86666667,42.549999,6.97156588,3.1,26.49,5.96,5.51,3.81332952,16.0880008,2.74,9.88,14.8725002,0.258,118.98,11.3,15.69,2.21,1.31,1.30999919,9.59,0.986234,33.80251199
2023-06-08,43.5,8.70876661,8.32,7.88,4.88683316,2.83,48.18177,14.12333346,9.0,9.67466667,42.200001,6.84509756,3.03,27.129999,5.83,5.44,3.82999617,15.864,2.73,9.84,14.44500019,0.252,119.0,10.89,15.25,2.14,1.285,1.27526436,9.48,0.98433,34.2556283
2023-06-11,44.139999,8.55273454,8.55,7.88,4.58473802,2.86,48.80904119,14.04900012,9.0,9.86666667,43.689999,7.20869397,3.07,27.280001,6.17,5.65,3.82999617,16.12,2.75,9.84,14.21999944,0.251,120.8,10.94,15.7,2.25,1.29,1.28022648,9.48,0.987186,33.98375813
2023-06-12,44.599998,8.30961481,8.64,7.88,4.17602106,2.84,48.62722592,14.12333346,8.875,9.808,44.0,6.97947015,3.11,27.0,6.2,5.8,3.77666289,16.0320008,2.61,9.872,14.07000019,0.25,121.69,11.1,15.85,2.27,1.28,1.26534012,9.59,0.980522,33.53064183
2023-06-13,47.669998,8.27332792,8.71,7.88,3.83838532,2.91,47.86359032,14.12333346,8.9750005,9.70666667,43.990002,7.13755554,3.12,27.700001,6.23,6.24,3.74666292,16.056,2.61,9.896,14.19750019,0.249,123.98,11.1,15.59,2.27,1.275,1.26534012,9.49,0.985282,34.21031676
2023-06-14,46.959999,8.1644687,8.62,7.73,3.77618926,3.03,48.15449821,14.4875668,8.965,9.75466667,43.84,7.01899149,3.18,27.9,6.29,6.19,3.74666292,16.28,2.71,9.992,14.6250002,0.247,127.0,11.3,15.65,2.26,1.26,1.26037801,9.45,0.980522,33.98375813
2023-06-15,45.799999,7.98303606,8.46,7.35,3.42966836,3.0,48.18177,14.8666668,9.0,9.56266667,43.459999,6.90833172,3.21,27.459999,6.1,6.12,3.75999624,16.12,2.65,9.944,14.8125002,0.244,123.8,11.19,15.39,2.2,1.25,1.24052953,9.45,0.980522,33.25877166
2023-06-18,45.75,8.15721139,8.4,7.5,3.54517533,2.96,48.37267799,15.91476682,9.0,9.57333333,43.5,7.01899149,3.19,27.01,6.01,6.09,3.91666275,16.0399992,2.63,9.872,14.6925002,0.275,122.87,10.93,15.63,2.2,1.275,1.27526436,9.35,0.978618,33.48533029
2023-06-19,45.939999,8.5636205,8.44,7.6,3.75841896,2.9,48.38177071,16.16006681,9.165,9.54666667,45.0,7.07432138,3.16,27.0,6.07,6.27,3.84666282,16.072,2.63,9.88,14.46750094,0.276,120.0,10.98,15.97,2.19,1.285,1.28022648,9.28,0.977666,33.25877166
2023-06-20,45.599998,8.34590134,8.38,7.75,4.17602106,2.87,47.727225,16.04113347,9.25,9.6,44.889999,6.95575734,3.11,26.450001,5.99,6.5,3.88332945,15.8,2.57,9.84,14.27250094,0.262,119.99,11.19,15.5,2.16,1.265,1.25045377,9.3,0.976714,32.878154
2023-06-21,45.09,8.38218786,8.35,7.73,4.35372409,2.83,47.27268,15.89246606,9.25,9.46666667,44.689999,6.82138475,3.05,26.24,5.87,6.55,3.84999615,15.664,2.55,9.872,14.35499944,0.259,119.95,11.25,15.25,2.13,1.25,1.2306053,9.11,0.976714,32.57003404
2023-06-22,44.5,8.25881367,8.2,8.13,4.01608834,2.98,46.93631761,15.78840015,9.325,9.33333333,43.369999,6.70282071,3.0,25.5,5.74,6.79,3.8333295,15.5119992,2.51,9.88,14.09999944,0.25,119.89,11.09,15.29,2.09,1.22,1.21571894,9.09,0.973858,32.11691774
2023-06-25,45.0,8.27332792,8.26,8.0,3.78507441,3.06,46.64540881,15.61000014,9.3,9.33333333,43.389999,6.98737441,3.0,25.9,5.71,6.7,3.85332948,15.4399992,2.63,9.864,14.21250094,0.251,125.4,11.17,15.29,2.11,1.225,1.21075682,9.08,0.975762,31.89942179
2023-06-26,44.549999,8.43661766,8.13,8.5,3.78507441,2.95,46.5908625,15.86273348,9.2749995,9.2,43.25,7.19288543,2.97,25.9,5.66,6.53,3.8333295,15.12,2.59,9.88,14.06250019,0.248,124.0,11.0,14.89,2.12,1.185,1.18098412,9.08,0.971954,32.17129196
2023-07-04,45.07,8.52733397,8.25,8.5,3.90946653,2.96,46.72722782,15.86273348,9.24,9.33333333,42.900002,7.31935374,3.0,26.07,5.69,6.65,3.83666283,15.2,2.65,9.88,14.51250019,0.252,124.94,11.15,15.15,2.16,1.22,1.19090835,9.11,0.973858,32.59722115
2023-07-05,45.880001,8.85391272,8.22,8.4,4.03385864,2.92,45.72722609,15.60256681,9.3,9.22666667,42.5,7.35097082,2.99,25.540001,5.64,6.48,3.7666629,15.0320008,2.6,10.08,14.46000094,0.248,127.2,10.99,14.95,2.13,1.2,1.18098412,9.03,0.967194,33.89313506
2023-07-06,45.98,8.74505314,8.16,8.3,4.13159531,2.99,44.999955,14.85923347,9.3500005,9.06666667,42.75,7.27192812,2.97,24.9,5.6,6.53,3.7666629,15.32,2.53,9.872,14.46000094,0.244,129.0,10.67,14.7,2.13,1.19,1.17105988,8.94,0.967194,33.86594795
2023-07-09,44.990002,8.63256527,8.020001,8.0,3.74064866,2.96,44.3181375,14.64366755,9.34,9.06666667,41.700001,7.02689576,2.93,24.85,5.58,6.39,3.63999636,15.208,2.42,9.92,14.26500019,0.238,126.99,10.2,14.37,2.1,1.15,1.14128717,8.85,0.968146,32.62440826
2023-07-10,44.849998,8.43661766,7.95,7.95,3.53629018,2.66,44.13631859,14.20510087,9.2250005,9.03466667,42.0,6.83719329,2.88,25.379999,5.43,6.16,3.3999966,15.184,2.27,9.904,14.01750094,0.23,122.0,10.25,14.4,2.08,1.14,1.10655234,8.6,0.967194,32.97783976
2023-07-11,45.900002,8.47290418,8.23,7.9,3.76730411,2.67,44.72722891,14.04900012,9.3500005,9.17333333,42.5,7.0427043,2.9,25.75,5.54,6.29,3.52332981,15.88,2.28,9.904,14.06250019,0.234,120.99,10.44,14.46,2.15,1.14,1.10159023,8.7,0.968146,33.07752552
2023-07-12,46.990002,8.34590134,8.22,8.1,3.82061502,2.63,45.0817731,13.86316679,9.3450005,9.168,41.48,6.95575734,2.89,25.4,5.57,6.25,3.57666309,15.672,2.25,9.888,14.17500019,0.233,118.99,10.47,14.63,2.13,1.14,1.13136293,9.36,0.96529,33.07752552
2023-07-13,47.779999,8.35678766,8.75,8.1,3.70510805,2.54,45.75450152,14.34633271,9.5,9.12,42.880001,6.98737441,2.91,24.9,5.73,6.41,3.4999965,15.8,2.24,9.936,13.95000019,0.231,118.79,10.46,14.74,2.12,1.14,1.1214387,9.25,0.96529,33.6212649
2023-07-16,49.150002,8.34590134,8.770001,8.2,3.6784526,2.51,45.4545,14.3091668,9.4399995,9.12,43.099998,7.15336408,2.93,25.1,5.67,6.4,3.58332975,15.664,2.27,9.912,14.07750019,0.236,119.98,10.36,14.67,2.09,1.135,1.1214387,9.11,0.97005,35.24342319
2023-07-17,48.639999,8.30598579,8.56,8.18,3.72287835,2.49,46.40904359,14.42810014,9.285,9.54666667,42.740002,7.01899149,2.93,25.299999,5.67,6.49,3.63999636,15.7600008,2.26,10.712,13.89000019,0.236,118.5,10.35,15.0,2.12,1.14,1.1214387,9.270001,0.972906,34.84468016
2023-07-18,48.540001,8.34590134,8.64,7.92,3.7317635,2.55,46.08177119,14.34633271,9.3,9.6,42.950001,7.19288543,2.93,25.59,5.75,6.67,3.7999962,15.8320008,2.33,10.456,13.87500019,0.235,122.49,10.94,15.45,2.13,1.14,1.12640082,9.32,0.973858,34.66343402
2023-07-19,48.599998,8.32775844,8.6,7.8,4.0960547,2.56,45.79995511,14.34633271,9.325,9.49333333,43.599998,7.20869397,2.92,25.6,5.77,6.64,3.78332955,15.8479992,2.34,10.44,14.39250094,0.247,123.97,10.9,15.2,2.14,1.135,1.13632505,9.46,0.97005,34.4278127
2023-07-24,47.990002,8.26244232,8.54,7.88,3.82061502,2.54,46.71813419,14.12333346,9.3450005,9.60533333,43.689999,7.10593846,2.92,25.65,5.76,6.62,3.72666294,16.0880008,2.32,10.44,14.32500019,0.246,123.7,10.9,15.1,2.12,1.135,1.14624929,9.4,0.975762,33.9384466
2023-07-25,47.689999,8.2442987,8.58,7.75,3.58071593,2.5,47.27268,14.11590013,9.4849995,9.584,43.279999,7.11384273,2.89,25.440001,5.68,6.55,3.65666301,16.12,2.29,10.44,14.21250094,0.243,122.85,10.78,15.05,2.08,1.125,1.12640082,9.25,0.961483,33.43095607
2023-07-26,47.389999,8.40395978,8.49,7.57,3.27862079,2.4,46.9635894,13.7516668,9.495,9.49333333,43.5,6.98737441,2.89,25.09,5.57,6.49,3.53999646,15.8880008,2.19,10.592,14.25000019,0.24,121.5,10.7,14.75,2.03,1.105,1.11151446,9.1,0.951963,33.340333
2023-07-27,47.049999,8.52733397,8.54,7.25,2.97652565,2.39,46.5908625,13.71450087,9.3999995,9.49333333,43.759998,6.92414026,2.87,25.0,5.55,6.5,3.5333298,16.064,2.22,10.6,14.24250019,0.239,120.4,10.5,14.65,2.02,1.105,1.09662811,9.05,0.951011,33.12283706
2023-07-30,47.57,8.89019925,9.0,7.45,2.91432959,2.37,46.63631609,14.12333346,9.49,9.51466667,43.799999,6.98737441,2.89,26.25,5.64,6.66,3.58999641,16.8479992,2.21,11.2,13.97999944,0.24,121.35,11.0,14.84,2.04,1.11,1.11647658,9.4,0.942443,33.03221303
2023-07-31,47.400002,8.92285712,8.97,7.35,2.77216717,2.33,46.48177261,14.12333346,9.455,9.58933333,43.689999,7.01899149,2.91,26.27,5.72,6.7,3.6999963,16.879999,2.25,11.36,13.86750018,0.238,120.99,11.1,14.94,2.04,1.135,1.10159023,9.38,0.947203,33.03221303
2023-08-01,48.470001,9.07163189,8.9,7.31,3.04760686,2.36,46.18177109,13.90033421,9.5249995,9.62666667,44.09,6.96366161,2.91,26.299999,5.67,6.8,3.70999629,16.76,2.24,11.536,13.81500018,0.242,121.0,11.0,14.75,2.05,1.135,1.10159023,9.45,0.942443,33.06846283
2023-08-02,47.509998,8.85028371,8.42,7.35,3.32304655,2.35,46.54540891,13.59556753,9.75,9.56266667,43.990002,6.76605486,2.91,26.1,5.55,6.8,3.666663,16.6,2.19,11.512,13.87500019,0.256,121.38,10.85,14.85,2.04,1.13,1.08174175,9.17,0.939587,32.93252728
2023-08-03,46.939999,8.89019925,8.15,7.18,3.25196534,2.31,46.54540891,13.7516668,9.7749995,9.44,44.740002,6.63958655,2.89,26.0,5.49,6.5,3.64999635,16.08,2.12,11.392,13.49250018,0.252,120.0,10.77,15.15,1.98,1.12,1.07181752,9.19,0.944347,32.86909132
2023-08-06,47.490002,8.82851215,8.19,7.32,3.3319317,2.36,46.45449718,13.71450087,10.0950005,9.38666667,44.5,6.65539509,2.97,26.450001,5.55,6.62,4.04999595,16.18,2.23,11.536,13.46250093,0.249,120.94,11.2,15.33,2.01,1.125,1.08174175,9.35,0.93102,32.83284152
2023-08-07,48.189999,8.99905847,8.28,7.45,3.50963472,2.38,46.36359,13.93006679,10.1000005,9.44,44.849998,6.71862925,3.01,27.309999,5.72,6.7,4.15332918,16.32,2.25,11.44,13.52250093,0.247,120.95,11.15,15.57,2.035,1.22,1.08670387,9.39,0.928164,32.9869015
2023-08-08,48.119999,9.14057665,8.35,7.3,3.58960108,2.36,46.5908625,13.90033421,10.0,9.472,44.700001,6.71862925,3.03,27.26,5.81,6.84,4.10999589,16.469999,2.24,11.36,13.56000018,0.246,120.0,11.29,15.9,2.028,1.225,1.08174175,9.63,0.922452,33.52157914
2023-08-09,48.889999,9.14420531,8.24,7.23,3.46520897,2.31,46.36359,13.63273346,9.8999995,9.33333333,44.25,6.6791079,3.0,27.690001,5.72,7.03,4.22666244,16.379999,2.23,11.32,13.74750018,0.245,119.3,11.18,16.190001,2.033,1.18,1.07181752,9.63,0.937684,33.24970897
2023-08-10,49.439999,9.04260267,8.22,7.18,3.30527625,2.3,46.2999537,13.62530013,9.8,9.28,44.0,6.63168228,2.98,27.200001,5.63,6.86,4.1666625,16.25,2.19,11.32,13.65000093,0.245,118.95,11.03,15.93,2.018,1.175,1.0668554,9.520001,0.938636,32.89627843
2023-08-13,50.380001,9.14420531,8.29,7.22,3.38524261,2.26,46.36359,13.52866753,9.785,9.30666667,44.200001,6.63958655,2.97,26.799999,5.67,6.83,4.13666253,16.200001,2.18,11.28,13.62000018,0.246,118.89,10.96,16.1,1.993,1.175,1.06189328,9.59,0.924356,32.85096689
2023-08-14,50.599998,9.16234821,8.34,7.19,3.46520897,2.32,47.27268,13.82600012,9.75,9.328,45.439999,6.74234205,2.96,26.99,5.75,6.85,4.25999574,16.34,2.24,11.4,13.83000093,0.245,118.5,10.9,16.35,2.015,1.22,1.07181752,9.63,0.914836,33.24970897
2023-08-15,49.880001,9.07163189,8.29,7.18,3.3319317,2.3,47.29995179,13.51380012,9.8950005,9.25333333,44.900002,6.63168228,2.98,26.74,5.69,6.7,4.16332917,16.18,2.21,11.392,13.72499943,0.243,118.0,11.11,16.17,1.998,1.23,1.08174175,9.7,0.913884,33.24970897
2023-08-16,50.049999,9.25306453,8.25,7.22,3.25196534,2.28,48.45449609,13.45433346,9.995,9.29066667,45.299999,6.62377801,2.96,26.690001,5.72,6.68,4.14666252,16.26,2.27,13.6320008,13.69500018,0.242,118.0,11.3,15.9,1.987,1.28,1.07181752,9.75,0.909125,33.98375813
2023-08-17,49.599998,9.16234821,8.21,7.15,3.10980292,2.22,48.54540782,13.29079938,9.9750005,9.28,45.59,6.56054385,2.96,26.379999,5.62,6.53,4.12332921,16.120001,2.22,13.6320008,13.77000093,0.241,117.99,11.04,15.83,1.975,1.25,1.08174175,9.68,0.909125,34.21031676
2023-08-20,50.049999,9.15146189,8.2,7.5,3.15422868,2.23,48.45449609,13.79626605,10.0950005,9.28,45.650002,6.51311823,2.94,26.290001,5.63,6.59,4.24332909,16.049999,2.21,12.768,13.71750093,0.242,117.99,10.9,15.6,1.973,1.235,1.07181752,9.63,0.909125,33.80251199
2023-08-21,49.599998,9.16234821,8.18,7.34,3.16311383,2.25,48.4090425,14.12333346,10.25,9.19466667,45.509998,6.70282071,2.95,26.5,5.71,6.62,4.36332897,15.99,2.19,12.72,14.01000019,0.241,117.5,10.88,15.95,1.955,1.28,1.05196904,9.7,0.904365,33.5125174
2023-08-22,50.0,8.98091557,8.22,7.29,3.10091777,2.25,47.96358658,15.23833348,10.75,9.27466667,46.200001,6.83719329,2.97,26.35,5.76,6.58,4.40666226,15.91,2.16,12.48,14.43000019,0.243,118.28,10.89,15.97,1.964,1.29,1.04700693,10.1,0.904365,33.07752552
2023-08-23,50.0,8.98817287,8.36,7.19,3.09203262,2.25,47.99995109,15.08223421,10.9399995,9.30133333,46.009998,6.79767194,3.03,26.68,5.75,6.55,4.35999564,16.049999,2.16,12.64,14.43000019,0.242,118.9,10.85,15.95,2.017,1.325,1.04204481,10.35,0.907221,33.16814859
2023-08-24,51.299999,9.0172021,8.26,7.5,2.95875535,2.19,48.09086282,14.8666668,10.75,9.376,45.900002,6.63958655,3.02,26.4,5.67,6.45,4.19666247,15.8,2.1,12.72,14.36250019,0.24,120.49,10.7,15.48,1.975,1.27,1.02219634,10.51,0.904365,33.66657643
2023-08-27,51.650002,9.07163189,8.32,7.97,2.91432959,2.21,49.09086,14.8666668,10.8999995,9.70666667,46.0,6.76605486,3.02,26.469999,5.8,6.49,4.21666245,15.97,2.08,12.344,14.77500095,0.242,124.5,10.8,15.38,1.972,1.265,1.0122721,10.68,0.904365,33.99282082
2023-08-28,51.290001,9.33289452,8.44,7.7,3.01206626,2.23,50.39994869,15.22346681,10.875,9.73333333,46.59,6.78976767,3.16,26.690001,5.84,6.45,4.25332908,16.200001,2.1,12.48,14.6925002,0.243,123.5,10.79,15.59,2.02,1.26,1.02219634,10.65,0.904365,34.8899917
2023-08-29,51.459999,9.35103815,8.37,7.53,3.04760686,2.33,50.2454043,15.60256681,10.75,9.57333333,47.099998,6.68701217,3.2,27.0,5.78,6.54,4.08666258,16.17,2.13,12.224,14.52750094,0.242,124.0,10.69,15.45,2.03,1.235,1.04700693,10.85,0.904365,33.70282623
2023-08-30,51.599998,9.20226375,8.32,7.87,3.00318111,2.35,50.90904,15.40930013,10.92,9.54666667,47.25,6.70282071,3.14,26.9,5.8,6.49,4.11666255,16.17,2.14,12.184,14.7000002,0.242,124.0,10.6,15.83,2.03,1.23,1.07677964,10.9,0.907221,33.52157914
2023-08-31,52.75,9.2421782,8.3,7.66,2.92321474,2.36,51.81813,15.29780013,10.875,9.59466667,46.990002,6.65539509,3.15,26.75,5.74,6.38,4.12999587,16.17,2.11,12.16,14.65500095,0.246,120.35,10.44,16.190001,2.0,1.255,1.06189328,10.95,0.911981,33.5125174
2023-09-03,52.990002,9.07163189,8.46,7.49,2.86990384,2.36,51.86358359,16.35333348,10.7250005,9.54666667,46.59,6.63168228,3.1,26.65,5.7,6.33,4.0333293,16.059999,2.12,12.0,14.53499944,0.252,117.8,10.5,16.059999,1.988,1.27,1.09166599,10.96,0.918644,33.34939473
2023-09-04,52.900002,8.88294194,8.43,7.35,2.90544444,2.3,51.45449218,18.43466609,10.6499995,9.42933333,48.0,6.62377801,3.21,27.6,5.6,6.25,4.0666626,16.049999,2.05,11.84,14.7600002,0.246,116.42,10.3,16.690001,1.975,1.225,1.07181752,11.38,0.904365,33.29502146
2023-09-05,52.75,8.87205635,8.39,7.55,2.94098505,2.41,52.29994679,17.83256683,10.75,9.44,48.5,6.62377801,3.24,27.32,5.61,6.16,4.07999592,16.059999,2.08,12.0,14.76750095,0.245,115.8,10.15,17.0,1.982,1.23,1.10159023,11.88,0.904365,33.34939473
2023-09-06,52.709999,8.63256527,8.43,7.95,2.85213354,2.51,53.63631,17.80283423,10.715,9.616,48.5,6.53683183,3.3,27.389999,5.58,6.18,4.04999595,16.23,2.06,11.84,14.91749945,0.246,115.99,10.4,17.02,1.994,1.245,1.1214387,11.47,0.904365,33.53064183
2023-09-07,54.240002,8.63256527,8.55,8.05,2.85213354,2.5,54.45449282,17.60956757,10.7,9.92,47.970001,6.37874565,3.29,28.4,5.73,6.15,3.99332934,16.120001,2.05,11.84,14.90999945,0.243,117.97,10.3,16.65,1.98,1.23,1.10655234,11.59,0.892941,34.21031676
2023-09-10,57.0,8.79948293,8.82,8.1,2.89655929,2.53,54.43631011,18.59076683,10.7,9.86666667,48.0,6.48150115,3.3,29.780001,5.75,6.26,4.12999587,16.040001,2.06,11.832,14.7375002,0.241,120.0,10.61,16.799999,2.045,1.21,1.10655234,11.58,0.885326,34.61812248
2023-09-11,58.349998,8.74505314,8.89,8.0,2.85213354,2.52,53.45449109,18.54616757,10.6499995,9.86133333,47.900002,6.55263958,3.31,29.6,5.73,6.25,4.26332907,15.98,2.18,11.776,14.76750095,0.241,120.0,10.56,16.700001,2.05,1.2,1.08670387,11.85,0.888181,34.52749846
2023-09-12,57.07,8.70876661,8.89,7.9,2.80770778,2.45,52.71813092,18.1373335,10.5600005,9.57333333,46.799999,6.42617127,3.3,28.950001,5.6,6.2,4.17666249,15.75,2.15,11.76,14.51250019,0.24,118.0,10.66,16.5,2.03,1.185,1.07677964,11.74,0.885326,34.51843672
2023-09-13,57.0,8.74505314,8.97,8.08,2.78105233,2.47,53.17267592,18.27856682,10.575,9.472,47.0,6.48150115,3.3,28.6,5.63,6.22,4.10666256,15.8,2.12,11.536,14.7375002,0.237,119.0,10.55,16.48,2.02,1.2,1.07677964,11.85,0.894845,34.43687539
2023-09-14,59.0,9.07526054,8.95,8.32,2.80770778,2.47,53.8635825,18.21910016,10.5,9.38666667,47.470001,6.56844812,3.32,29.200001,5.65,6.38,4.1666625,15.8,2.12,11.576,14.7000002,0.238,121.0,10.75,16.549999,2.042,1.235,1.11151446,14.19,0.900557,34.4278127
2023-09-17,59.849998,9.18049111,8.95,7.98,2.89655929,2.47,53.68176359,18.49413276,10.495,9.42933333,47.240002,6.55263958,3.3,29.0,5.6,6.4,4.15999584,15.8,2.16,11.84,14.7000002,0.238,122.78,10.84,16.690001,2.13,1.215,1.14128717,14.15,0.894845,35.29779742
2023-09-18,60.0,9.0172021,8.91,7.98,2.9320999,2.42,53.8454007,18.46440016,10.45,9.49333333,47.5,6.64749082,3.28,28.889999,5.64,6.31,4.08666258,15.85,2.16,11.68,14.56500019,0.237,122.0,10.95,16.59,2.12,1.235,1.1214387,13.83,0.894845,35.16186186
2023-09-19,62.990002,8.90834215,8.91,7.87,2.87878899,2.39,54.5454,18.89553351,10.37,9.6,47.5,6.68701217,3.35,29.5,5.64,6.29,4.12666254,15.75,2.14,11.6,14.31750019,0.238,124.0,11.25,16.59,2.12,1.235,1.15121141,13.74,0.896749,35.15280012
2023-09-20,64.0,8.79222563,9.73,7.79,2.80770778,2.38,54.5454,19.09623425,10.37,10.21333333,47.400002,6.90042745,3.26,29.5,5.58,6.19,4.10999589,15.6,2.11,11.472,14.15999944,0.238,123.5,10.74,15.94,2.08,1.2,1.14624929,13.64,0.885326,35.04405168
2023-09-21,62.400002,8.75956739,9.61,7.74,2.76328202,2.23,54.51812821,18.6948335,10.25,10.24533333,46.990002,6.63958655,3.22,30.85,5.49,6.1,4.03999596,15.45,2.07,11.16,13.96500094,0.238,126.5,10.75,15.75,2.03,1.175,1.20124195,13.76,0.878662,38.06180964
2023-09-24,68.0,8.86117003,9.91,7.79,2.82547808,2.2,54.81812609,18.65766684,10.17,10.26666667,47.57,7.48534341,3.23,31.23,5.52,6.0,4.02332931,15.4,2.07,11.256,13.93500019,0.24,130.5,10.75,15.9,2.04,1.175,1.14835708,14.4,0.900557,38.95898052
2023-09-25,69.0,9.52521348,9.85,7.75,2.80770778,2.29,55.99994218,18.50156609,10.325,10.18666667,46.959999,7.48534341,3.24,30.98,5.48,5.77,3.97999602,15.22,2.09,11.04,13.65000093,0.236,132.99001,11.47,15.84,2.18,1.175,1.1030272,14.3,0.893893,37.47275778
2023-09-26,70.889999,9.76107591,9.71,7.7,2.81659293,2.28,55.0817631,18.4495335,10.1499995,10.16,46.990002,7.81732273,3.23,30.75,5.43,5.8,3.95999604,15.49,2.09,11.08,13.88250019,0.235,138.89999,11.2,15.75,2.21,1.16,1.09924971,14.01,0.894845,37.42744624
2023-09-27,69.900002,9.85179223,9.7,8.0,2.77216717,2.21,54.96358049,18.26370016,10.125,10.05333333,46.0,7.99912094,3.25,30.49,5.43,5.7,3.87666279,15.28,2.04,10.88,13.80000018,0.233,141.3,10.8,15.65,2.19,1.15,1.08791724,13.84,0.893893,37.01964147
2023-10-01,70.0,10.0150816,9.770001,8.05,2.72774142,2.23,55.09085218,18.53873424,10.295,10.0,46.299999,8.33900453,3.27,30.0,5.2,5.57,3.79666287,14.82,2.03,10.56,13.78499943,0.23,169.21001,10.97,15.44,2.2,1.13,1.08716174,13.82,0.885326,37.40025913
2023-10-02,68.0,10.19651424,9.7,7.98,2.63000476,2.15,55.7635806,18.76916684,10.3500005,9.86666667,46.400002,8.23624903,3.25,29.5,4.87,5.73,3.7666629,14.94,2.0,10.4,13.66499943,0.234,174.89,11.2,15.7,2.23,1.145,1.07582927,13.47,0.880566,37.60869334
2023-10-03,67.699997,9.94250855,9.3,7.98,2.57669385,2.13,55.95448859,18.39006683,10.2200005,9.76,45.389999,7.97540813,3.19,28.940001,4.83,5.74,3.82332951,15.0,1.97,10.152,13.63500018,0.23,156.00999,10.69,15.65,2.15,1.11,1.06449679,13.2,0.871046,37.04682763
2023-10-04,67.0,9.80099109,9.09,7.98,2.6033493,2.11,56.40903359,17.90690016,10.1450005,9.59466667,45.0,7.80941846,3.19,28.6,4.72,5.65,3.74999625,15.2,2.039,10.152,13.65000093,0.228,153.7,10.15,15.37,2.13,1.12,1.05769731,12.99,0.866286,37.59963065
2023-10-08,67.0,9.70664612,9.06,7.98,2.61223445,2.11,56.0544894,17.84000016,10.1499995,9.54666667,44.02,7.88055689,3.19,28.59,4.67,5.63,3.8666628,15.18,2.019,10.0,13.61250018,0.227,153.0,9.99,15.13,2.11,1.11,1.05618632,12.9,0.866286,37.15557608
2023-10-09,67.0,9.6159298,8.85,7.62,2.50561264,2.01,55.81812782,17.76566682,10.05,9.44,42.939999,7.50905621,3.09,28.0,4.53,5.45,3.74666292,14.7,1.934,10.152,13.41749943,0.22,150.99001,9.69,14.99,2.02,1.1,1.02747739,12.7,0.861527,37.15557608
2023-10-10,68.5,9.90622166,9.04,7.54,2.55892355,2.04,55.63630891,18.56103276,10.17,9.28,41.860001,7.69085442,3.13,28.540001,4.55,5.57,3.71666295,14.9,1.93,10.24,13.87500019,0.219,152.7,9.53,15.19,2.02,1.075,1.0214334,13.5,0.873902,37.04682763
2023-10-11,68.989998,9.96790876,9.05,7.55,2.57669385,2.07,55.59085532,18.41236683,10.3999995,9.26933333,43.0,7.73037577,3.12,28.879999,4.62,5.62,3.76999623,15.0,1.927,10.232,14.17500019,0.225,155.0,9.520001,15.15,2.07,1.09,1.10604919,13.39,0.866286,38.24305673
2023-10-12,70.300003,10.43237667,8.8,7.47,2.51449779,2.04,54.80903701,18.28600016,12.0,9.23733333,43.98,7.74618431,3.15,28.200001,4.53,5.55,3.72666294,15.14,1.915,10.184,14.02500094,0.224,166.5,9.26,15.05,2.05,1.095,1.09471672,13.49,0.866286,39.87427677
2023-10-15,75.5,10.81338485,9.45,7.52,2.5678087,2.09,54.5454,18.39006683,13.0,9.376,45.0,8.14139779,3.13,28.98,4.54,5.46,3.64666302,14.92,1.955,10.208,14.47499944,0.223,195.89999,9.46,16.32,2.05,1.095,1.12569214,13.39,0.869142,42.10361135
2023-10-16,88.809998,10.95853168,9.6,8.05,2.72774142,2.18,55.44540092,19.32666684,12.3999995,9.54666667,46.220001,9.44560229,3.15,29.940001,4.62,5.51,3.64666302,14.7,1.926,11.184,14.7600002,0.223,197.88,9.29,16.67,2.05,1.095,1.14760158,13.5,0.870094,46.65290359
2023-10-17,93.0,12.33741937,9.85,8.1,2.70997112,2.26,54.5454,20.21866759,12.125,9.92,47.599998,9.64320903,3.22,31.9,5.03,5.7,3.69666297,15.72,1.969,10.992,14.9850002,0.225,191.0,9.84,19.440001,2.15,1.12,1.16346704,16.190001,0.866286,48.84598933
2023-10-18,91.0,12.33741937,10.59,8.14,2.74551172,2.26,54.999945,22.07700095,12.1000005,10.66666667,46.98,10.81304095,3.25,32.900002,5.11,5.75,3.69332964,16.09,1.989,11.008,15.37500021,0.226,186.0,9.75,18.59,2.17,1.125,1.15893405,15.99,0.880566,48.03037883
2023-10-19,88.0,11.97455409,11.1,8.01,2.78105233,2.3,54.999945,21.02890093,12.3950005,10.27733333,45.5,11.2161587,3.25,31.77,5.08,5.7,3.62332971,16.139999,2.158,10.968,14.85749945,0.225,182.89999,9.41,17.959999,2.15,1.115,1.20879693,16.5,0.888181,44.29669614
2023-10-22,86.0,12.04712751,10.95,7.99,2.76328202,2.24,54.5454,20.73900018,12.215,10.09066667,46.240002,11.22406297,3.23,31.4,5.17,5.65,3.65999634,15.85,2.14,10.92,14.9925002,0.23,189.0,9.64,18.48,2.19,1.12,1.18990948,17.799999,0.893893,45.49292524
2023-10-23,93.0,12.70028464,11.65,7.94,2.79882263,2.27,53.97267239,20.81333352,13.5,10.07466667,54.490002,11.66670208,3.25,31.5,5.24,5.88,3.68666298,15.84,2.21,10.992,15.0000002,0.231,190.0,9.92,18.25,2.19,1.135,1.20124195,17.5,0.896749,45.21199239
2023-10-24,92.110001,12.518852,12.36,7.95,2.75439687,2.24,52.90903891,20.29299943,13.3999995,9.86666667,63.98,12.12514972,3.26,31.98,5.24,6.06,3.62332971,15.94,2.2,11.576,15.3225002,0.231,188.94,10.01,18.15,2.16,1.14,1.19746446,20.0,0.894845,44.85856089
2023-10-25,99.849998,13.06677785,12.51,9.36,2.71885627,2.27,53.48176652,18.5833335,13.885,10.05333333,71.970001,11.84850028,3.54,33.0,5.44,6.05,3.7666629,16.549999,2.33,11.288,16.12500022,0.234,182.60001,10.8,19.98,2.32,1.205,1.18990948,23.1,0.893893,50.74907952
2023-10-26,98.5,13.24458256,12.28,10.3,2.75439687,2.46,54.72721891,18.85093425,13.75,10.02666667,70.0,11.50071241,3.73,32.970001,5.47,6.09,4.02666264,17.15,2.33,11.6,16.889999,0.236,184.99001,10.7,20.690001,2.48,1.22,1.23826135,27.690001,0.894845,49.34441717
2023-10-29,92.900002,13.06314992,11.81,10.17,3.17199898,2.49,54.88176239,18.95500018,13.5,10.05333333,71.489998,10.94741353,3.75,33.599998,5.5,6.61,4.22666244,17.65,2.35,11.6,17.0,0.237,180.5,10.6,19.799999,2.66,1.2,1.23070637,26.299999,0.894845,48.9003626
2023-10-30,88.5,12.88171728,12.0,9.68,3.2963911,2.5,55.99994218,21.40799945,13.75,9.91466667,73.970001,11.05807331,3.6,33.450001,5.48,6.55,4.24332909,17.67,2.49,11.408,16.9,0.269,177.98,10.4,19.129999,2.59,1.22,1.21635191,25.99,0.894845,47.64069849
2023-10-31,88.099998,12.88171728,12.2,9.37,3.26973564,2.44,55.63630891,22.21079946,14.0,9.80266667,74.5,11.2161587,3.55,34.849998,5.43,6.25,4.09332924,17.1,2.39,11.36,16.6,0.266,172.0,10.49,18.99,2.5,1.205,1.20048645,25.59,0.894845,47.12414527
2023-11-01,79.650002,12.33016206,11.7,9.36,3.22530989,2.31,56.09085391,20.09230092,14.0,9.70133333,68.599998,10.20441218,3.52,34.5,5.26,6.08,4.01999598,16.889999,2.46,11.112,16.6,0.255,169.0,10.08,19.0,2.66,1.25,1.17706601,23.93,0.885326,44.36919478
2023-11-02,77.989998,12.49707973,11.7,9.34,3.21642473,2.46,56.36358,20.44166686,13.495,9.792,69.300003,9.93566701,3.51,34.0,5.36,6.16,3.96999603,17.17,2.6,11.84,16.4,0.258,172.0,9.79,19.27,2.79,1.245,1.17026653,23.360001,0.869142,43.95232732
2023-11-05,78.839996,12.63496889,11.6,9.44,3.42078321,2.57,57.45448891,20.50113351,13.9849995,9.86666667,70.25,10.28345488,3.56,34.75,5.39,6.27,4.01666265,17.83,2.59,12.24,16.57,0.274,170.5,9.85,19.08,2.69,1.225,1.16875553,24.0,0.866286,43.99763981
2023-11-06,78.800003,12.68576967,11.2,9.85,3.46520897,2.58,57.8726694,20.21866759,14.75,10.02666667,72.989998,10.20441218,3.6,34.68,5.6,6.33,3.96999603,18.1,2.55,11.912,16.940001,0.285,179.98,9.87,18.9,2.77,1.235,1.16648904,23.4,0.870094,44.22419749
2023-11-07,79.5,12.73657044,10.4,10.38,3.50963472,2.57,59.7090312,20.62750018,14.495,9.86133333,76.010002,10.25974207,3.73,34.200001,5.65,6.43,4.01332932,18.469999,2.52,12.08,17.4,0.294,181.75,9.92,18.27,2.75,1.25,1.22315139,22.85,0.856767,44.04295135
2023-11-08,82.800003,13.6038199,10.4,10.19,3.43855351,2.61,64.54539,20.38220019,14.55,9.49333333,79.0,10.74190252,3.75,34.189999,5.61,6.39,4.10332923,18.6,2.58,11.6,17.67,0.279,180.95,10.06,18.48,2.79,1.245,1.22239589,23.27,0.866286,43.49921102
2023-11-09,85.0,13.75259467,10.26,9.99,3.44743867,2.52,66.54538527,20.32273352,16.825001,9.54133333,79.989998,10.88417938,3.85,36.0,5.49,6.4,3.96332937,18.48,2.52,11.584,17.700001,0.296,176.94,9.96,18.65,2.67,1.225,1.20124195,23.99,0.847247,44.04295135
2023-11-12,84.0,13.6038199,10.13,9.87,3.40301291,2.46,66.36357,20.14433352,15.995,9.2,77.489998,10.83675376,3.84,36.0,5.24,6.42,3.89666277,18.0,2.4,11.512,18.0,0.324,173.99001,9.770001,18.59,2.68,1.25,1.17631051,23.799999,0.847247,43.86170425
2023-11-13,81.639999,13.06314992,9.82,9.85,3.34081685,2.42,65.09084218,21.72019944,15.4849995,9.056,76.760002,10.6707641,3.77,40.200001,5.05,6.3,3.72332961,18.01,2.48,11.36,17.969999,0.332,171.0,9.8,18.25,2.65,1.295,1.14835708,23.459999,0.836775,43.86170425
2023-11-14,82.949997,13.0087194,10.24,9.81,3.39412776,2.45,64.63629718,21.83170094,15.0,8.896,76.690002,10.57591286,3.77,39.150002,4.96,6.27,3.61666305,18.0,2.53,11.352,17.9,0.355,170.7,9.84,18.299999,2.66,1.285,1.16346704,24.5,0.828208,43.48108659
2023-11-15,82.900002,12.88171728,10.21,9.79,3.37635746,2.42,64.7726625,21.20730094,15.0,8.96,77.5,10.5126787,3.84,37.419998,5.0,6.53,3.5999964,17.98,2.47,11.272,17.99,0.381,167.49001,9.9,18.280001,2.8,1.265,1.15591206,25.15,0.828208,43.04609376
2023-11-16,84.809998,12.9361478,9.98,10.14,3.44743867,2.52,65.62720892,21.01403353,14.8999995,9.104,76.300003,10.48896589,3.85,37.299999,5.12,6.67,3.6999963,17.799999,2.47,11.344,18.450001,0.37,173.17999,10.35,18.85,2.97,1.32,1.14835708,25.35,0.809169,43.04609376
2023-11-19,86.75,13.97031311,10.22,10.4,3.46520897,2.61,68.4090225,21.33366761,14.875,9.29066667,77.489998,10.66285983,3.82,37.0,5.23,6.7,3.70332963,17.92,2.5,11.392,18.129999,0.387,178.69,10.44,18.780001,2.97,1.345,1.15440107,25.200001,0.784418,43.95232732
2023-11-20,86.660004,13.35344178,10.48,10.33,3.42078321,2.59,70.54538218,21.13296686,14.825,9.27466667,79.489998,10.74980679,3.78,37.200001,5.17,6.71,3.66999633,18.290001,2.59,11.736,17.98,0.376,177.0,10.33,18.700001,2.91,1.335,1.16346704,25.1,0.808217,45.7647954
2023-11-21,85.800003,13.17200914,10.18,10.0,3.34081685,2.52,68.49992968,21.07350019,14.75,9.33866667,76.809998,10.56800859,3.74,37.299999,5.05,6.72,3.5999964,18.0,2.63,12.0,17.84,0.432,175.0,10.2,18.25,2.89,1.325,1.20048645,24.139999,0.798697,43.02796934
2023-11-22,86.690002,13.60744783,10.12,10.6,3.30527625,2.57,69.08174728,20.99916686,14.79,9.70666667,71.75,10.63914702,3.8,38.5,5.25,6.76,3.6999963,18.379999,2.69,12.112,18.290001,0.478,185.8,10.44,18.1,3.04,1.315,1.21332992,25.1,0.790129,43.63514562
2023-11-23,85.5,14.14086015,10.17,10.28,3.41189806,2.67,72.36356218,20.64980094,15.5,9.83466667,71.25,10.5917214,3.85,37.900002,5.35,6.79,3.7666629,18.93,2.71,13.0960008,18.49,0.466,188.0,10.65,18.33,3.1,1.385,1.22315139,25.200001,0.78061,43.30890219
2023-11-26,84.800003,14.49646812,10.21,10.15,3.42966836,2.77,73.181745,20.32273352,15.245,9.6,69.400002,10.5126787,3.94,37.380001,5.38,6.87,3.73666293,19.16,2.68,13.2320008,18.75,0.518,188.0,10.75,18.940001,3.07,1.39,1.23523936,24.9,0.778706,43.04609376
2023-11-27,84.379997,14.49646812,10.14,10.0,3.349702,2.89,76.41810358,20.55316685,15.25,9.65333333,70.650002,10.40992319,4.11,36.98,5.28,7.74,3.69666297,19.709999,2.67,13.336,19.1,0.521,192.5,12.19,19.4,3.02,1.38,1.26923677,24.940001,0.772994,43.00078223
2023-11-28,82.5,14.42026677,10.05,9.96,3.2963911,2.86,76.41810358,20.07000018,14.8500005,9.65333333,69.5,10.39411466,4.15,36.84,5.27,7.62,3.73666293,19.59,2.92,13.2,19.780001,0.491,202.0,13.25,19.32,3.11,1.385,1.30247869,24.940001,0.77109,42.72891206
2023-11-29,80.199997,14.02474362,10.25,9.85,3.17199898,2.8,73.36356027,19.47533425,14.8,9.57333333,68.440002,10.27555061,4.18,36.48,5.31,7.92,3.65332968,19.24,2.87,12.8,20.969999,0.494,199.2,12.55,18.6,3.06,1.46,1.2971902,24.0,0.754907,42.00392559
2023-11-30,81.779999,14.60532734,10.75,9.85,3.25196534,2.85,71.72720282,19.69833352,14.8950005,9.56266667,67.900002,10.22022072,4.14,36.5,5.42,8.1,3.59666307,18.77,2.78,12.688,20.049999,0.466,189.8,13.05,18.379999,2.94,1.495,1.26772578,23.379999,0.738723,41.2245649
2023-12-03,80.300003,14.24246206,10.95,9.84,3.05649201,3.03,70.44538228,19.47533425,14.75,9.62666667,68.940002,10.21231645,4.17,36.450001,5.38,8.88,3.59666307,18.65,3.24,12.864,21.290001,0.452,187.99001,13.24,18.440001,3.06,1.53,1.35914105,23.6,0.764426,40.76238591
2023-12-04,78.489998,14.33317838,10.98,9.95,3.20753958,3.08,71.61810929,20.47140093,14.6499995,10.61333333,67.739998,10.1727951,4.8,37.759998,5.64,9.22,3.68999631,19.049999,3.33,13.264,22.389999,0.463,188.0,13.85,18.469999,3.18,1.465,1.43544635,24.450001,0.765378,40.68988726
2023-12-05,79.0,14.33317838,10.83,9.97,3.37635746,3.23,70.90902,20.29299943,14.6499995,10.816,67.699997,10.21231645,4.62,38.630001,5.75,9.04,3.81999618,19.1,3.43,13.4320008,21.66,0.475,190.60001,13.74,18.99,3.2,1.485,1.48833122,24.6,0.764426,40.57207708
2023-12-06,78.349998,14.21343212,10.67,10.0,3.24308019,3.17,71.54538027,19.99566684,14.75,10.93333333,67.349998,10.07794387,4.5,37.68,5.82,9.24,3.84999615,18.690001,3.7,13.008,21.700001,0.466,188.0,13.19,19.27,3.22,1.445,1.46491078,24.200001,0.745387,39.76552832
2023-12-07,75.0,13.9340273,10.22,9.83,3.14534352,3.03,69.86356468,20.03283425,15.25,10.34666667,65.75,9.74596454,4.35,36.790001,5.79,8.7,3.6999963,17.98,3.45,12.776,20.6,0.435,184.0,13.19,18.27,3.14,1.375,1.42033639,23.450001,0.748243,38.9680432
2023-12-10,75.0,14.12997347,10.28,10.0,3.19865443,2.98,69.99993,20.36733352,15.125,10.66666667,65.150002,9.70644319,4.55,36.799999,6.01,9.09,3.76999623,18.110001,3.5,12.88,21.440001,0.439,180.0,13.05,18.190001,3.1,1.395,1.42033639,23.290001,0.756811,38.9680432
2023-12-11,73.75,13.71630705,9.93,9.94,3.02095141,2.86,70.18174527,20.07743351,14.95,10.37333333,63.0,9.26380409,4.34,36.049999,6.06,8.89,3.80332953,17.74,3.34,12.64,20.200001,0.414,174.99001,12.17,17.790001,2.99,1.37,1.38784997,22.860001,0.752051,38.58742555
2023-12-12,72.970001,13.74896493,9.83,9.9,2.97652565,2.83,70.31810968,20.21866759,16.5,10.72,61.5,9.16895285,4.31,36.490002,6.16,8.89,3.82666284,17.74,3.28,12.224,19.889999,0.405,174.49001,11.85,17.5,3.0,1.36,1.35611905,22.889999,0.750147,39.51178353
2023-12-13,78.5,13.2917554,9.98,9.75,3.06537716,2.82,69.36356973,21.47489945,16.0,10.08,62.25,9.70644319,4.24,37.0,6.07,8.89,3.7999962,17.52,3.42,12.8,19.66,0.414,182.0,11.95,17.85,2.99,1.38,1.39767145,23.48,0.760618,39.55709507
2023-12-14,78.790001,13.74896493,10.09,9.55,3.05649201,2.88,70.20902343,21.37083352,16.75,10.4,64.25,9.85662432,4.26,37.09,6.1,9.23,3.85666281,17.73,3.42,12.8399992,19.889999,0.411,180.0,12.3,18.0,3.05,1.435,1.4173144,23.6,0.763474,39.51178353
2023-12-17,77.699997,14.95004971,10.07,9.72,3.07426232,2.85,69.2544762,21.11066686,17.3999995,10.128,67.25,9.84872005,4.4,37.52,6.03,9.4,3.80332953,17.74,3.4,13.584,22.09,0.414,191.5,12.47,18.18,3.05,1.44,1.40447093,23.370001,0.778706,38.19774425
2023-12-18,78.699997,15.74835368,10.2,10.19,3.03872171,2.81,70.454475,21.11066686,17.950001,10.28266667,68.75,9.98309263,4.31,38.099998,6.16,9.89,4.0999959,17.73,3.37,16.0,23.33,0.429,184.0,12.93,18.4,3.13,1.43,1.39011647,23.75,0.789177,38.92273167
2023-12-19,80.099998,15.24034157,10.16,10.0,3.03872171,2.83,70.44538228,21.35596685,17.75,10.55466667,67.199997,10.66285983,4.3,38.490002,6.17,9.770001,3.93999606,17.879999,3.34,15.28,23.15,0.438,186.5,13.04,18.16,3.14,1.44,1.38633898,25.0,0.781562,38.74148458
2023-12-20,78.440002,15.58869187,10.08,10.0,2.9676405,2.78,68.99993282,20.81333352,17.2800005,10.128,65.75,10.52058297,4.18,38.889999,5.96,9.54,3.85999614,17.700001,3.24,14.7600008,22.18,0.424,181.8,12.56,17.98,3.07,1.405,1.35158607,26.700001,0.774898,38.36992865
2023-12-21,79.0,15.05890893,10.07,9.95,2.95875535,2.78,68.18175,20.44166686,17.25,10.18666667,64.900002,10.46525308,4.2,38.700001,5.91,9.44,3.7999962,17.620001,3.22,14.4,23.48,0.417,178.97,12.44,18.1,3.03,1.395,1.28434674,26.889999,0.767282,38.28836827
2023-12-24,78.489998,14.79401728,9.93,9.89,2.92321474,2.76,66.80902228,20.21866759,17.3500005,9.808,64.900002,10.56800859,3.94,37.779999,5.85,8.93,3.65666301,17.4,3.17,13.52,24.4,0.407,179.3,12.1,17.700001,2.87,1.4,1.25337131,24.85,0.777754,36.43058961
2023-12-25,77.550003,14.67790076,9.38,9.8,2.84324838,2.71,66.10902571,19.83213351,16.75,9.42933333,63.200001,10.28345488,3.88,37.099998,5.72,8.55,3.57666309,17.0,3.05,13.2,23.73,0.41,182.0,11.45,16.950001,2.75,1.4,1.24581633,25.25,0.77585,36.01372215
2023-12-26,79.800003,14.78675998,9.4,9.8,3.10091777,2.72,65.99083946,19.82470017,16.5,9.52,62.849998,10.28345488,3.91,36.959999,5.64,8.39,3.48999651,16.9,3.11,13.08,23.370001,0.404,183.19,11.4,16.99,2.77,1.38,1.24506084,25.299999,0.772042,35.51529336
2023-12-27,83.400002,14.32955046,9.93,9.76,2.99429595,2.7,66.36357,19.89160017,16.5,9.38133333,64.699997,10.74190252,3.9,36.25,5.53,8.4,3.4666632,16.74,3.25,13.1119992,22.59,0.397,182.0,11.41,16.85,2.74,1.35,1.31834415,25.1,0.77109,35.07123879
2023-12-28,84.769997,14.30052051,9.97,9.75,3.22530989,2.75,66.36357,21.17013353,16.0,9.38666667,66.0,10.97903061,3.86,37.25,5.57,8.47,3.48999651,16.889999,3.21,13.064,22.790001,0.396,184.94,11.64,17.0,2.73,1.36,1.31305566,24.450001,0.769186,35.79622526
2023-12-31,85.849998,14.51098309,9.9,10.05,3.03872171,2.75,66.36357,21.92833354,16.0,9.38666667,66.089996,10.73399825,3.8,38.240002,5.56,8.24,3.49666317,16.879999,3.2,12.776,22.389999,0.396,183.7,11.52,17.4,2.74,1.45,1.2987012,24.68,0.758715,36.82933169
2024-01-02,85.0,14.51461102,10.1,11.29,3.14534352,2.84,68.09084282,23.04333354,15.995,9.54666667,66.32,10.84465803,3.95,38.630001,5.68,8.44,3.57332976,17.15,3.26,13.08,22.379999,0.425,182.89999,11.42,17.200001,2.88,1.465,1.2987012,24.73,0.755859,37.06495301
2024-01-03,84.400002,14.4057518,10.15,11.99,3.38524261,2.99,68.27265718,23.78666688,16.0,9.648,66.800003,10.82884949,4.03,38.689999,5.76,9.03,3.60332973,17.200001,3.29,13.4240008,22.879999,0.429,185.39999,11.69,17.5,2.95,1.45,1.31305566,24.65,0.753955,37.10120186
2024-01-04,83.510002,14.15174574,10.16,11.7,3.25196534,2.97,68.35447892,23.41500022,16.0,9.648,65.650002,10.71028544,3.98,38.5,5.76,9.15,3.7333296,17.129999,3.4,13.3119992,22.799999,0.425,184.99001,11.91,17.389999,3.02,1.51,1.34856407,24.459999,0.753955,36.97432899
2024-01-08,83.0,14.55089682,10.07,11.14,3.16311383,2.96,68.636295,23.04333354,16.299999,9.504,64.989998,10.62333848,3.95,38.5,5.65,9.09,3.69332964,17.440001,3.37,13.2,22.5,0.444,183.5,11.64,17.35,3.12,1.755,1.31834415,24.18,0.752051,36.92901745
2024-01-09,85.5,14.51461102,10.14,10.95,3.19865443,3.04,68.35447892,23.41500022,16.299999,9.65333333,63.950001,10.71818971,4.1,38.389999,5.75,9.2,3.75999624,17.42,3.41,13.0399992,22.190001,0.454,182.39999,11.93,17.379999,3.17,1.87,1.36518503,24.15,0.77585,37.32776048
2024-01-10,86.5,15.42177421,10.35,10.86,3.23419504,2.97,67.99993473,23.25890095,16.450001,9.86666667,63.990002,10.76561533,4.14,38.400002,5.8,9.15,3.7666629,17.530001,3.41,13.6,22.4,0.446,183.75,11.85,17.4,3.15,1.9,1.40975942,24.15,0.802505,37.51806931
2024-01-11,87.75,15.39274426,10.23,10.7,3.19865443,2.95,67.26356728,22.87236687,16.495001,9.808,65.900002,10.6707641,4.07,38.349998,5.73,9.19,3.71666295,17.17,3.35,13.7600008,22.860001,0.452,185.8,11.8,17.940001,3.24,1.825,1.42562488,24.059999,0.815832,38.06180964
2024-01-14,90.849998,15.27662737,10.28,10.8,3.15422868,2.93,67.63629782,23.15483354,16.5,9.76,67.769997,10.88417938,4.18,38.5,5.79,9.32,3.80332953,17.129999,3.32,13.9600008,22.950001,0.436,188.49001,11.97,18.49,3.36,2.08,1.41278141,25.719999,0.825352,38.28836827
2024-01-15,90.110001,15.33468582,10.23,10.93,3.21642473,2.97,69.13629723,24.49283429,16.74,9.808,70.5,11.02645623,4.19,39.799999,5.8,9.45,3.8333295,17.309999,3.34,13.9119992,22.889999,0.443,188.48,12.27,18.65,3.43,2.075,1.46415528,26.049999,0.823448,38.05274695
2024-01-16,90.050003,16.3470803,10.55,10.8,3.34081685,2.95,69.55447772,26.76000024,16.7350005,9.86666667,84.199997,10.86837084,4.18,39.599998,5.85,9.44,3.75999624,17.540001,3.35,13.9119992,22.799999,0.453,189.74001,12.47,19.0,3.4,2.215,1.44300133,29.75,0.818688,40.23677
2024-01-17,90.889999,16.3470803,10.7,11.14,3.37635746,2.99,69.72720027,26.0166669,16.74,10.11733333,86.900002,10.9553178,4.18,41.490002,5.85,9.63,3.7999962,17.719999,3.6,14.2240008,22.91,0.451,193.0,12.65,19.35,3.38,2.125,1.50948516,29.48,0.816784,40.54488997
2024-01-18,90.0,16.57931407,10.48,10.7,3.349702,2.92,69.08174728,25.97950097,16.5,10.112,94.889999,10.71028544,4.12,40.990002,5.68,9.520001,3.73666293,17.5,3.5,13.92,22.4,0.442,193.88,12.46,19.0,3.51,2.18,1.44828982,28.459999,0.809169,41.67768121
2024-01-21,95.0,17.01475241,10.95,10.8,3.32304655,2.99,68.60902321,28.24666692,16.495001,10.21333333,109.95,12.63892725,4.14,39.599998,5.79,9.65,3.8333295,18.16,3.53,14.184,23.299999,0.443,195.0,13.39,20.5,3.58,2.1,1.4543338,31.48,0.813928,42.91015916
2024-01-22,96.5,17.29778696,11.12,10.69,3.55406048,3.14,70.0635663,27.61483507,16.4699995,10.00533333,107.99,13.61115163,4.14,40.080002,5.87,9.73,3.89666277,18.290001,3.49,14.88,23.139999,0.442,197.75,13.66,20.5,3.59,2.13,1.4543338,33.32,0.812976,43.13671778
2024-01-23,94.150002,17.05466795,10.9,10.59,3.70510805,3.08,70.80901919,27.50333358,16.299999,9.73333333,108.15,12.92348096,4.08,39.599998,5.77,9.53,3.81332952,18.07,3.38,14.2399992,22.950001,0.438,196.99001,13.29,22.0,3.49,2.15,1.4543338,33.200001,0.805361,42.59297746
2024-01-24,92.849998,17.05466795,10.75,10.4,3.66068229,2.94,70.2272025,26.0166669,16.200001,9.70133333,107.75,12.7812041,3.94,38.639999,5.58,9.14,3.68999631,18.25,3.34,14.0,22.6,0.434,195.0,12.7,21.0,3.41,2.315,1.44677882,35.200001,0.781562,42.23048422
2024-01-28,99.980003,17.25424349,11.9,10.45,3.64291199,3.03,70.36356782,29.7333336,16.1000005,9.72266667,117.9,13.59534467,3.95,39.599998,5.56,9.0,3.67999632,18.360001,3.3,14.464,22.83,0.434,205.5,12.95,24.0,3.35,2.58,1.45055631,36.860001,0.793937,45.49292524
2024-01-29,106.01,17.41753322,11.55,10.44,3.55406048,3.03,76.36356,28.58859951,15.9750005,9.86666667,119.89,13.75342928,3.9,39.310001,5.54,9.01,3.68999631,18.700001,3.3,14.2399992,22.799999,0.445,218.95,13.09,24.889999,3.48,2.695,1.51099616,36.0,0.798697,47.11508258
2024-01-30,107.0,18.32106849,11.2,10.47,3.48297927,3.06,81.363555,27.87500026,15.9399995,9.84,120.86,13.3819286,3.95,39.349998,5.54,9.0,3.63666303,19.15,3.27,15.0399992,22.5,0.44,217.75,13.8,29.690001,3.55,2.67,1.73764558,39.0,0.78061,49.38066697
2024-01-31,108.5,18.14326377,10.93,10.78,3.46520897,3.05,86.79991593,27.65200099,16.0,9.72266667,118.88,12.4966504,4.04,40.099998,5.54,8.85,3.72332961,19.4,3.36,14.5600008,22.5,0.441,215.48,13.75,29.01,3.53,2.595,1.67720574,39.0,0.78061,48.81880221
2024-02-01,99.699997,17.05466795,10.07,10.09,3.10980292,2.78,80.09082718,25.49633281,16.0,9.54666667,114.97,11.34262702,4.15,37.68,5.28,8.29,3.45666321,18.379999,3.02,14.2,20.67,0.402,201.0,12.95,24.870001,3.25,2.325,1.53970509,35.099998,0.770138,44.85856089
2024-02-04,99.010002,17.308674,10.04,9.99,3.05649201,2.76,77.71810228,25.42200097,15.995,9.52,134.0,11.36633983,4.9,37.900002,5.29,8.2,3.58332975,18.379999,3.34,15.6,20.98,0.404,201.0,12.9,26.0,3.51,2.3,1.82075037,34.900002,0.760618,41.55080929
2024-02-05,93.199997,17.23610059,9.94,10.01,3.20753958,2.84,74.08174228,24.88680023,16.3199995,9.78666667,136.0,11.34262702,5.6,37.790001,5.4,8.71,3.75666291,18.639999,3.52,15.592,21.5,0.411,199.48,13.91,22.74,3.67,2.44,1.85852528,39.200001,0.76633,44.81324935
2024-02-06,92.5,17.41753322,10.18,10.2,3.20753958,2.87,71.35447228,24.22523354,16.995001,9.73333333,130.89999,11.22406297,6.2,38.0,5.58,8.59,3.77666289,19.15,3.49,15.0320008,21.5,0.415,199.78999,13.75,23.0,3.67,2.48,1.79053045,45.0,0.77109,49.66159887
2024-02-07,87.300003,17.14538427,9.85,10.11,3.10091777,2.78,72.71810728,23.74206762,16.799999,9.65333333,126.5,10.90789219,6.48,40.990002,5.54,8.46,3.78999621,19.4,3.42,14.9520008,21.1,0.41,197.2,13.66,22.5,3.72,2.3,1.72253562,48.25,0.76157,48.48349609
2024-02-08,91.489998,17.19981478,10.0,10.2,3.12757322,2.74,73.8635625,24.13603429,16.8500005,9.65866667,121.35,11.05807331,6.16,42.419998,5.49,7.96,3.7666629,19.15,3.52,14.8399992,21.200001,0.407,200.0,13.81,23.49,3.6,2.245,1.93407508,46.900002,0.757763,48.44724629
2024-02-11,92.0,17.57356529,9.95,10.69,3.10980292,2.83,73.181745,24.50770096,16.75,9.59466667,125.8,10.89998792,6.35,41.990002,5.5,8.04,3.90666276,19.33,3.52,14.928,21.290001,0.402,201.98,14.18,23.23,3.82,2.33,1.87363524,45.75,0.759666,48.33849784
2024-02-12,90.989998,17.15264157,9.75,10.47,3.02095141,2.85,76.818105,24.41106688,16.6550005,9.52533333,126.69,10.6707641,6.87,40.900002,5.41,7.84,3.78332955,19.379999,3.46,14.7759992,20.66,0.397,197.0,13.62,25.049999,3.72,2.275,1.84341532,46.400002,0.758715,47.09695816
2024-02-13,90.980003,17.40664763,9.86,11.0,3.04760686,2.97,75.56356353,24.15833356,18.625,9.81333333,123.0,10.65495556,6.89,40.799999,5.74,8.53,3.78999621,19.200001,4.08,17.2,20.940001,0.399,198.8,13.44,25.1,3.75,2.375,1.97940497,48.0,0.748243,47.07883373
2024-02-14,91.199997,17.87111482,10.18,10.69,3.10980292,3.43,74.90901782,24.53000022,18.4449995,9.76533333,124.0,10.78142387,6.69,41.880001,5.8,8.46,3.83999616,19.76,3.9,18.08,21.370001,0.441,198.0,13.5,24.6,3.72,2.505,2.05495478,46.200001,0.742531,46.64384185
2024-02-15,91.889999,18.05254746,10.35,10.5,3.20753958,3.52,74.7726525,24.26983504,17.9850005,9.86666667,125.48,11.1924459,7.05,40.900002,5.87,8.45,3.97999602,19.940001,4.15,18.4,22.1,0.474,201.39999,13.8,24.4,3.78,2.44,2.13805957,46.650002,0.752051,46.3991588
2024-02-18,91.5,18.32469641,10.09,10.48,3.3319317,3.59,74.42720103,24.38133281,18.299999,9.94666667,124.11,11.16082882,7.07,40.490002,6.0,8.56,4.1333292,20.450001,4.07,19.52,22.85,0.48,198.99001,13.93,25.799999,3.79,2.535,2.13805957,46.189999,0.758715,48.21162593
2024-02-19,91.830002,18.30292413,10.15,10.49,3.349702,3.54,75.81810782,24.0840017,18.465,9.92533333,122.4,11.05807331,7.2,40.619999,5.86,9.08,4.18666248,20.5,3.91,18.1600008,22.75,0.481,201.95,14.7,25.4,3.86,2.465,2.03984482,49.549999,0.77585,48.302249
2024-02-20,90.5,18.03440456,10.33,10.4,3.32304655,3.66,74.999925,24.34416688,18.25,9.92,120.5,11.01855196,7.23,41.900002,5.92,9.05,4.24999575,20.440001,4.07,18.072,22.6,0.485,209.0,14.95,25.25,4.31,2.39,2.2438293,50.389999,0.772994,48.03037883
2024-02-21,90.0,17.95820321,10.08,10.36,3.18088413,3.56,74.36356473,24.53743206,18.290001,9.728,125.0,10.97903061,7.06,41.779999,5.85,8.74,4.29666237,20.4,4.14,17.68,22.58,0.497,207.5,14.95,24.99,4.34,2.35,2.44781378,49.5,0.76157,47.09695816
2024-02-22,90.82,17.7803985,10.08,11.2,3.17199898,3.59,73.89992701,25.48890097,18.75,9.6,130.0,10.9553178,6.93,41.599998,5.8,8.74,4.2666624,20.200001,4.01,17.4,26.9,0.506,203.89,14.79,26.4,4.48,2.34,2.37981895,48.549999,0.756811,47.12414527
2024-02-25,90.82,17.61710876,9.96,13.1,3.10980292,3.38,73.59083277,26.38833358,21.5249995,9.57866667,123.55,10.82884949,8.2,41.290001,5.75,8.99,4.19332914,20.049999,4.0,18.3039992,28.0,0.488,237.67,15.97,25.35,5.32,2.295,2.56113849,56.52,0.847247,46.21791171
2024-02-26,74.5,17.87111482,9.56,13.8,3.05649201,3.39,69.99993,26.46266542,24.99,11.36,109.99,10.25974207,8.49,40.599998,6.81,10.49,4.06999593,19.07,3.91,18.0,25.879999,0.474,280.0,15.6,21.75,5.44,2.2,2.56869347,67.82,0.905317,42.58391477
2024-02-27,73.449997,17.77677057,9.5,15.66,3.18088413,3.48,68.27265718,27.08706616,21.5,11.84,108.8,10.07794387,8.37,41.52,7.44,11.99,4.22332911,19.690001,3.87,17.7600008,28.299999,0.474,312.0,17.0,21.309999,5.48,2.49,2.44781378,73.489998,0.894845,41.69580658
2024-02-28,70.839996,17.21432831,9.37,17.9,3.09203262,3.44,69.09084,26.0166669,19.6949995,13.32266667,110.9,9.95147555,7.9,42.200001,7.99,10.68,4.19666247,19.690001,3.73,17.264,27.799999,0.46,340.0,16.5,21.9,5.25,2.735,2.33448907,69.5,0.875806,42.9826578
2024-02-29,69.010002,16.77889106,9.41,16.870001,2.9854108,3.22,68.17265728,26.88636542,19.8500005,12.69333333,111.0,9.69063465,7.19,41.490002,7.75,10.5,4.15999584,19.16,3.8,17.12,25.879999,0.449,307.0,15.25,19.790001,4.94,2.43,2.25138428,66.900002,0.875806,41.77736696
2024-03-03,67.0,16.48496947,9.29,16.76,2.95875535,3.25,66.45447718,26.88636542,19.6949995,13.33333333,112.8,9.48512364,7.5,39.799999,7.8,10.65,4.07999592,19.200001,3.82,16.4,25.200001,0.443,332.0,14.93,19.09,5.06,2.54,2.25138428,73.989998,0.88247,40.8711334
2024-03-04,69.290001,17.05466795,9.35,16.23,3.13645837,3.32,68.99993282,27.57766543,19.5,13.33333333,108.68,9.76177308,7.54,40.200001,7.87,11.55,4.64999535,20.049999,3.77,15.984,24.6,0.437,327.0,15.59,19.85,5.13,2.625,2.27404922,86.5,0.871046,43.49921102
2024-03-05,71.75,17.23610059,9.41,16.75,3.18088413,3.51,69.09084,26.7525684,19.0,13.06666667,111.97,9.91985847,7.56,39.700001,7.73,12.7,4.6333287,21.0,3.87,16.2240008,24.99,0.446,321.79999,15.44,20.219999,5.1,2.71,2.30426914,91.400002,0.856767,42.58391477
2024-03-06,80.989998,19.80155808,10.19,15.92,3.15422868,3.42,75.909015,26.76000024,18.700001,13.28,116.99,10.55220005,7.17,40.400002,7.59,12.47,4.44666222,22.0,3.73,15.992,23.809999,0.48,333.0,15.25,21.75,4.86,2.825,2.2438293,82.800003,0.88247,43.48108659
2024-03-07,72.980003,20.53817387,9.66,14.27,3.00318111,3.18,75.6817425,26.7525684,18.0,12.20266667,107.99,9.99890117,6.62,39.299999,7.2,12.0,4.16332917,21.299999,3.57,15.68,22.700001,0.46,330.0,14.18,21.35,4.43,2.59,2.16827949,75.699997,0.860575,43.0189076
2024-03-10,73.010002,21.22761862,9.46,14.79,3.25196534,3.26,81.27264782,26.76000024,17.995001,14.64,107.3,9.87243286,6.94,39.790001,8.4,12.0,4.34999565,23.34,3.33,15.4,23.23,0.49,337.76999,15.15,23.0,4.5,2.695,2.15316953,82.0,0.904365,43.4448368
2024-03-11,74.75,21.37276545,9.49,15.5,3.32304655,3.29,88.636275,25.86056765,17.995001,17.28,105.7,9.78548589,6.8,42.66,9.38,11.9,4.24666242,23.969999,3.31,16.8,23.18,0.49,328.14999,16.969999,22.5,4.28,2.575,2.13805957,79.199997,0.894845,41.23362759
2024-03-12,70.980003,20.39302885,9.25,14.2,3.17199898,3.17,87.727185,25.53349874,20.584999,18.12266667,102.5,9.52464499,6.53,41.490002,8.93,12.45,4.0333293,23.059999,3.19,18.4,22.6,0.463,308.0,15.48,20.889999,4.1,2.41,2.11539462,78.199997,0.888181,39.87427677
2024-03-13,67.440002,19.95033285,8.95,13.77,3.3319317,3.04,85.46355272,23.78666688,19.0,16.02666667,99.489998,9.24799555,6.24,39.400002,8.83,11.58,3.8333295,22.299999,3.05,19.6,22.0,0.45,303.0,14.99,19.77,3.95,2.305,2.06250976,81.0,0.881518,38.49680152
2024-03-14,63.48,18.32106849,8.35,13.39,3.14534352,2.98,83.45446473,22.44866761,18.5,14.93866667,93.440002,8.53661128,5.78,40.200001,8.31,13.35,3.57666309,20.9,2.97,18.6,21.190001,0.454,289.0,14.7,19.1,3.79,2.35,2.13805957,80.0,0.870094,38.05274695
2024-03-17,65.199997,18.30655351,8.28,13.6,3.30527625,3.01,84.72718527,22.26283427,19.1000005,15.04,93.0,8.33900453,5.93,40.970001,9.1,14.14,3.65666301,20.950001,3.5,18.08,21.48,0.46,290.0,14.9,19.9,3.83,2.385,2.32693409,78.599998,0.866286,37.15557608
2024-03-18,64.400002,17.46107669,7.9,13.0,3.20753958,2.83,83.63628,20.81333352,18.0,13.75466667,88.989998,8.07025936,5.69,39.599998,8.81,13.0,3.53666313,19.83,2.94,17.6240008,20.57,0.445,282.03,14.0,19.700001,3.61,2.25,2.22871934,76.900002,0.858671,37.50900758
2024-03-19,65.599998,17.14175634,7.32,11.77,3.06537716,2.65,80.454465,20.07000018,16.75,12.79466667,78.5,7.49324768,5.28,38.23,8.1,12.39,3.30999669,18.450001,2.73,16.792,18.75,0.401,258.0,12.88,18.58,3.34,2.09,2.19094443,68.389999,0.847247,37.33682317
2024-03-20,67.300003,17.63525166,7.51,12.45,3.10091777,2.61,78.90901473,20.43423352,17.2250005,13.03466667,86.699997,7.74618431,5.4,38.799999,8.0,12.5,3.3666633,18.200001,2.67,16.6399992,19.0,0.4,271.98999,13.2,19.5,3.4,2.16,2.22116436,67.0,0.837727,37.87150081
2024-03-21,68.0,17.16352717,7.42,12.79,3.17199898,2.83,78.18174,20.10716611,16.7749995,13.26933333,89.900002,7.87265262,5.43,39.200001,8.25,13.2,3.3666633,18.629999,2.72,16.0,19.139999,0.416,279.98999,12.63,19.24,3.34,2.285,2.19849941,66.260002,0.837727,37.60869334
2024-03-24,69.190002,17.03652505,7.76,12.75,3.24308019,2.91,77.86356032,20.65723427,16.1949995,15.2,92.879997,7.89636543,5.58,38.799999,9.05,14.24,3.44332989,18.700001,2.73,16.32,19.58,0.444,278.98999,12.75,19.889999,3.36,2.36,2.22871934,63.599998,0.850103,37.47275778
2024-03-25,69.0,17.05466795,7.83,12.7,3.18088413,2.85,77.52719429,20.81333352,16.3999995,15.00266667,92.699997,7.73828004,6.06,38.77,9.01,13.25,3.4333299,18.969999,2.83,16.6399992,19.299999,0.444,273.95001,12.91,20.790001,3.72,2.34,2.18338945,61.0,0.838679,36.61183575
2024-03-26,69.5,17.05466795,7.85,12.97,3.22530989,2.9,78.26355446,20.96200093,17.75,14.58666667,97.800003,7.75408858,6.17,39.200001,8.56,13.1,3.48666318,19.35,2.9,16.408,19.98,0.445,274.85999,12.89,20.93,3.74,2.565,2.22116436,61.900002,0.851055,37.06495301
2024-03-27,67.989998,16.69180267,7.62,12.48,3.20753958,2.81,76.27265282,20.44166686,17.0,14.21333333,99.0,7.55648183,5.95,39.099998,8.44,12.88,3.38332995,18.92,2.79,15.864,19.280001,0.448,272.97,12.52,20.290001,3.59,2.525,2.17583447,60.900002,0.851055,36.24934252
2024-03-28,65.989998,15.98421502,7.55,11.7,3.17199898,2.74,75.36356282,20.30043277,16.8500005,12.37333333,97.0,7.42210925,5.58,38.450001,8.14,12.66,3.2999967,18.1,2.7,15.0399992,18.469999,0.433,271.0,11.98,19.49,3.41,2.405,2.16827949,60.599998,0.839631,35.97747235
2024-03-31,64.529999,15.27662737,7.53,11.6,3.08314747,2.73,73.39992478,20.24840019,16.995001,11.96266667,95.0,7.34306655,5.4,37.790001,7.59,12.4,3.2666634,17.790001,2.59,14.744,18.129999,0.42,275.0,11.23,19.190001,3.46,2.35,2.07006474,62.0,0.846295,35.52435605
2024-04-01,66.889999,15.24034157,7.58,11.68,3.19865443,2.77,74.54538,20.81333352,16.370001,12.4,94.480003,7.16917262,5.22,36.16,7.45,12.25,3.3999966,17.870001,2.52,13.792,17.690001,0.414,274.98001,11.49,18.76,3.61,2.335,2.03984482,66.279999,0.86343,35.34310895
2024-04-02,67.300003,15.5270055,7.85,11.8,3.20753958,2.8,74.999925,20.07000018,16.75,12.70933333,96.900002,7.52486554,5.46,37.0,7.65,12.45,3.4666632,18.0,2.57,14.1520008,17.799999,0.424,282.0,11.61,19.5,3.7,2.32,2.07006474,67.489998,0.856767,34.88092996
2024-04-03,65.699997,14.51461102,7.86,11.39,3.19865443,2.81,73.62719728,19.95106684,16.24,12.06933333,93.970001,7.3825879,5.44,36.290001,7.56,11.33,3.47999652,17.450001,2.47,13.3520008,17.799999,0.413,282.0,11.34,19.09,3.61,2.315,2.01717987,64.800003,0.856767,34.4278127
2024-04-04,66.489998,14.4238947,8.13,12.5,3.26973564,2.83,74.54538,19.77266684,16.375,12.32,94.5,7.77780138,5.64,36.599998,7.81,11.94,3.56999643,17.59,2.54,13.1039992,18.370001,0.418,294.98999,11.55,19.190001,3.68,2.345,2.02473485,68.0,0.856767,34.07438216
2024-04-07,71.699997,14.84119049,8.36,12.99,3.18088413,2.84,74.81810973,20.07000018,16.4750005,12.42666667,109.7,8.56822835,5.66,37.099998,7.76,12.09,3.59332974,17.59,2.59,13.0399992,18.9,0.425,293.0,11.47,19.4,3.67,2.35,2.02473485,69.0,0.856767,33.92938486
2024-04-08,71.75,15.20042603,8.33,12.49,3.11868807,2.78,74.18174218,19.73549943,16.25,12.22933333,110.8,8.6867924,5.45,38.0,7.64,11.91,3.54666312,17.299999,2.65,12.88,18.9,0.431,292.5,11.28,19.940001,3.67,2.31,1.97184999,65.989998,0.856767,35.24342319
2024-04-15,75.980003,15.95155715,8.47,14.0,3.11868807,3.29,76.36356,20.07000018,16.5,13.86666667,117.95,8.6867924,5.75,39.099998,7.93,12.2,3.64666302,17.639999,2.83,12.9600008,19.17,0.437,295.0,12.11,20.9,3.88,2.325,2.00206991,70.400002,0.856767,36.12246965
2024-04-16,75.839996,15.96607212,8.49,13.98,3.42078321,3.38,75.89992228,19.88416684,16.4750005,13.78666667,114.99,8.5049942,5.87,39.400002,7.95,12.2,3.71999628,17.860001,2.85,13.4240008,19.49,0.452,293.0,12.05,22.5,3.9,2.34,2.00962489,69.849998,0.856767,37.54525642
2024-04-17,74.449997,15.60320685,8.41,13.34,3.18088413,3.46,75.45447,20.31530019,16.3500005,13.808,114.8,9.1,5.98,39.099998,7.92,12.0,3.74666292,17.889999,2.95,13.3520008,19.700001,0.467,295.0,12.55,22.6,4.13,2.4,2.02473485,69.480003,0.857719,39.14022761
2024-04-18,72.940002,15.78463948,8.4,13.68,3.16311383,3.49,76.54537527,20.24840019,16.1949995,13.632,114.59,8.93,6.09,39.549999,7.83,11.85,3.75666291,18.01,2.94,13.344,19.690001,0.453,290.0,12.73,22.299999,4.22,2.345,2.03228984,69.75,0.843439,38.41524114
2024-04-21,71.5,15.23308427,8.06,13.0,3.04760686,3.65,74.636289,19.98080018,16.24,13.632,111.0,8.95,5.7,38.9,7.43,11.48,3.58332975,17.41,2.76,12.712,18.5,0.433,282.8,12.9,21.14,4.06,2.225,1.94163007,66.4,0.843439,38.41524114
2024-04-22,69.99,15.14962525,8.1,12.85,3.03872171,3.75,74.999925,19.69090018,15.655,12.8,109.97,8.41,5.69,36.8,7.43,11.29,3.56999643,17.66,2.9,12.512,18.48,0.443,282.0,12.46,21.45,4.12,2.21,2.00962489,65.5,0.847247,37.06495301
2024-04-23,67.32,14.68515806,7.95,12.73,2.99429595,3.59,74.090835,19.57196685,16.8500005,12.8,104.9,8.13,5.47,35.099998,7.2,10.83,3.44666322,17.25,3.05,12.096,17.99,0.43,267.20001,11.99,21.959999,3.86,2.145,1.93407508,62.990002,0.848199,36.69339709
2024-04-24,63.990002,13.42964312,7.34,13.1,2.89655929,3.35,71.27265782,18.76916684,15.3999995,11.888,99.400002,7.6,5.15,33.889999,6.64,10.27,3.20666346,16.65,2.84,11.28,17.139999,0.412,249.5,11.15,21.200001,3.68,2.03,1.82075037,58.98,0.840583,35.79622526
2024-04-28,64.25,13.15023831,7.24,13.1,2.66554536,3.25,68.636295,18.88066684,15.0,12.05333333,96.5,7.46,4.99,32.400002,6.4,10.27,3.1666635,16.450001,2.65,11.2,16.940001,0.389,243.0,10.74,20.0,3.51,1.965,1.73764558,57.5,0.828208,34.98061572
2024-04-29,65.0,12.88171728,7.22,12.29,2.59446415,3.09,68.18175,17.9292009,14.675,12.24,93.889999,7.18,4.69,32.5,6.2,10.31,3.10333023,15.98,2.56,11.76,16.440001,0.354,253.89999,10.75,18.370001,3.38,1.845,1.6545408,58.0,0.777754,31.60942625
2024-04-30,64.970001,13.42601519,7.38,12.21,2.61223445,3.13,68.90902473,18.36033425,15.0,12.4,95.980003,7.19,4.71,33.200001,6.2,10.5,3.21333012,16.059999,2.58,11.8,16.299999,0.358,257.0,10.89,18.59,3.41,1.86,1.64698581,58.869999,0.778706,31.69098759
2024-05-01,63.200001,12.15598673,7.1,11.9,2.585579,2.97,67.727205,17.1932994,14.3999995,12.69333333,89.599998,7.03,4.61,33.099998,5.92,10.85,3.13999686,15.15,2.45,12.112,15.6,0.348,254.39999,10.2,17.969999,3.22,1.715,1.58654597,55.990002,0.77585,30.20476485
2024-05-02,67.0,12.89986018,7.17,12.1,2.6211196,2.97,68.18175,18.66510091,14.5,14.29333333,90.650002,7.11,4.87,36.0,6.1,10.84,3.24999675,15.8,2.5,12.32,15.69,0.355,262.75,10.5,18.34,3.32,1.84,1.58654597,59.0,0.779658,30.69413096
2024-05-07,68.0,13.77073757,7.34,11.82,2.6033493,3.21,69.97265821,18.94756684,14.5,14.608,91.889999,7.43,4.86,36.0,6.16,10.8,3.34999665,15.89,2.5,12.232,15.68,0.349,270.98001,10.54,19.65,3.3,1.8,1.62432087,59.77,0.784418,30.35882483
2024-05-08,66.900002,13.78888047,7.26,11.59,2.63888991,3.21,69.99993,18.49413276,14.495,13.80266667,91.970001,7.29,5.07,34.439999,6.2,10.8,3.39666327,15.99,2.51,12.392,15.67,0.346,271.0,10.51,19.440001,3.42,1.79,1.62432087,65.300003,0.785369,30.17757774
2024-05-09,67.480003,13.60744783,7.22,11.4,2.55892355,2.83,68.00902108,17.84000016,14.1400005,13.52,89.949997,7.26,4.83,33.950001,6.28,10.34,3.36332997,15.08,2.46,12.144,15.25,0.339,264.98999,10.19,19.35,3.28,1.775,1.55632604,62.5,0.784418,29.76071028
2024-05-12,67.199997,14.14811782,7.18,11.24,2.53226809,2.88,67.63629782,17.84000016,14.25,13.43466667,90.849998,7.44,4.79,33.5,6.13,10.19,3.44332989,14.89,2.46,12.08,14.99,0.345,259.75,10.05,19.700001,3.27,1.775,1.56388103,62.900002,0.78061,29.74258586
2024-05-13,63.599998,13.80702337,6.94,10.48,2.41676113,2.27,68.18175,17.75079942,13.8450005,12.50666667,86.029999,7.15,4.69,32.650002,5.84,10.0,3.15333018,14.27,2.29,12.16,14.45,0.324,251.0,9.58,19.34,3.1,1.65,1.51099616,59.849998,0.776802,28.99041132
2024-05-14,62.990002,13.9340273,6.89,10.2,2.43453143,2.27,68.77266032,17.02233348,14.125,12.42666667,84.900002,7.0,5.33,32.5,6.11,10.01,3.17666349,14.39,2.31,12.4,14.5,0.318,258.0,9.6,19.0,3.13,1.61,1.5336611,60.98,0.772042,28.81822692
2024-05-15,62.150002,13.84331099,6.68,10.15,2.48784234,2.35,68.60902321,17.09666682,13.885,12.74666667,81.900002,6.79,5.6,32.389999,6.12,10.44,3.14666352,14.57,2.27,12.68,14.37,0.33,254.99001,9.83,19.200001,3.08,1.565,1.51855114,60.799999,0.769186,28.0207418
2024-05-16,64.989998,14.4057518,6.86,10.23,2.53226809,2.45,69.3181125,17.84000016,14.4849995,13.38666667,83.160004,7.11,5.94,33.400002,6.27,10.4,3.2333301,15.0,2.39,12.792,14.59,0.332,250.0,10.38,19.299999,3.15,1.63,1.57899099,60.0,0.752051,28.09324045
2024-05-19,69.68,15.34920079,8.2,10.74,2.6033493,2.9,69.45447782,18.50900016,14.2749995,14.72,89.900002,8.2,6.06,35.599998,6.45,11.95,3.32333001,15.68,2.48,12.784,15.14,0.343,270.0,10.91,20.5,3.32,1.715,1.6545408,61.5,0.750147,28.72760385
2024-05-20,69.5,15.42177421,8.39,11.09,2.6033493,2.72,70.53628946,18.39750016,14.245,13.808,101.0,8.28,6.23,32.610001,6.4,12.41,3.34332999,15.68,2.53,13.12,15.55,0.356,282.0,10.94,20.4,3.42,1.99,1.68476072,63.900002,0.76157,28.85447672
2024-05-21,69.910004,14.85570402,9.11,11.1,2.6033493,2.6,70.27265973,17.45346683,14.745,14.34133333,99.389999,8.28,6.04,32.5,6.24,12.38,3.30999669,15.6,2.63,12.872,15.27,0.352,289.0,10.74,20.18,3.58,1.95,1.67720574,63.689999,0.760618,28.81822692
2024-05-22,68.470001,14.75047417,8.76,11.3,2.54115324,2.45,69.95447277,17.98866757,15.95,14.384,97.0,8.16,6.31,32.200001,6.17,11.63,3.41666325,15.64,2.57,12.68,15.25,0.34,276.5,11.46,20.0,3.62,1.87,1.6545408,62.0,0.751099,28.78197807
2024-05-23,67.449997,14.71781594,8.68,11.36,2.585579,2.43,70.2272025,18.56103276,15.425,13.968,99.0,8.22,6.39,32.5,6.24,11.56,3.49332984,16.559999,2.69,12.568,15.87,0.352,277.0,11.65,20.15,3.64,1.84,1.66209578,61.299999,0.746339,29.90570758
2024-05-26,65.739998,14.51461102,9.19,11.28,2.68331566,2.5,70.454475,19.32666684,15.1499995,13.70666667,96.389999,8.19,6.4,32.240002,6.27,11.77,3.48999651,16.52,2.72,12.712,16.35,0.354,279.98999,11.6,19.93,3.8,1.835,1.71498064,60.299999,0.751099,29.54321434
2024-05-27,67.0,14.65250019,9.19,11.18,2.73662657,2.54,70.454475,19.63886685,15.425,13.78133333,95.949997,8.49,6.29,32.470001,6.25,11.6,3.5333298,16.59,2.74,13.4399992,16.34,0.371,280.76001,11.45,20.5,3.77,1.855,1.88119022,60.389999,0.750147,29.72446048
2024-05-28,65.25,14.55089682,8.92,10.85,2.63000476,2.47,71.09083527,19.1408335,15.1850005,13.65333333,93.620003,8.17,6.15,32.189999,6.13,11.33,3.45999654,16.41,2.66,13.4,15.82,0.361,275.0,11.3,20.1,3.82,1.87,1.77542049,58.389999,0.746339,29.18072111
2024-05-29,64.790001,14.4238947,9.3,10.73,2.73662657,2.13,70.43629593,19.28950091,15.125,13.6,94.099998,8.19,6.14,32.5,6.2,12.16,3.55999644,16.4,2.76,13.2,15.89,0.373,273.0,11.3,20.040001,3.87,1.895,1.79808543,58.0,0.742531,29.17165842
2024-05-30,63.880001,14.29689258,9.18,10.3,2.78105233,2.05,71.09083527,20.51600018,14.8900005,13.48266667,96.0,7.99,6.04,32.439999,6.08,11.64,3.59666307,16.139999,2.66,13.136,15.74,0.369,270.0,11.25,19.91,3.79,1.84,1.78297547,60.0,0.740627,29.09009708
2024-06-02,63.5,14.22431916,9.85,10.2,2.67443051,2.03,71.09083527,20.51600018,14.69,13.328,94.980003,8.01,6.25,31.52,5.95,11.29,3.70999629,16.5,2.66,13.1520008,15.85,0.365,272.92999,11.17,20.08,3.8,1.815,1.77542049,55.099998,0.739675,28.691355
2024-06-03,62.5,14.11545994,9.68,10.14,2.63888991,1.97,70.90902,19.62400018,14.39,13.47733333,93.599998,8.0,6.17,31.8,5.92,11.3,3.78666288,17.4,2.75,13.2,15.99,0.362,272.5,11.54,21.33,3.77,1.825,1.73764558,54.799999,0.73206,28.04792891
2024-06-04,63.0,14.15537367,9.51,10.35,2.6033493,2.0,70.90902,21.16269944,14.995,13.43466667,92.900002,7.97,6.08,32.11,6.04,11.33,3.87666279,17.969999,2.8,13.1600008,15.57,0.364,270.5,11.55,21.75,3.94,1.815,1.7300906,54.389999,0.734915,28.80916518
2024-06-05,61.799999,14.0936873,9.35,10.25,2.59446415,1.95,70.21810978,20.44166686,14.62,13.46133333,91.5,7.78,6.05,31.25,5.93,11.25,3.88332945,17.75,2.73,13.12,15.5,0.358,268.0,11.4,21.6,4.0,1.81,1.69987068,53.880001,0.734915,28.75479096
2024-06-06,59.299999,13.73444995,9.17,10.09,2.52338294,1.92,69.09084,20.98,14.585,13.33333333,89.699997,7.55,5.9,31.25,5.86,11.16,3.84332949,17.440001,2.67,13.12,15.3,0.348,267.0,11.05,21.07,3.98,1.775,1.70742566,53.0,0.752051,28.07511603
2024-06-09,58.110001,13.62196281,8.9,9.99,2.48784234,1.83,68.59993049,20.73,14.15,12.37866667,89.0,7.35,5.74,31.2,5.8,10.7,3.78332955,17.15,2.6,13.08,15.1,0.34,261.70001,10.9,20.6,4.1,1.75,1.63943083,52.5,0.758715,27.91199336
2024-06-10,56.950001,13.15023831,9.25,9.58,2.39010567,1.758,67.71811228,19.6,14.0,12.25066667,93.0,7.24,5.57,29.7,5.61,10.8,3.67999632,17.200001,2.55,13.584,14.85,0.327,261.0,10.3,20.7,4.09,1.725,1.57899099,50.240002,0.747291,26.84263808
2024-06-11,56.200001,13.66550628,9.35,9.71,2.51449779,1.824,68.08174919,19.6,14.6,12.848,91.900002,7.37,5.71,29.75,5.77,11.47,3.65332968,17.59,2.59,14.2320008,14.94,0.337,269.0,10.42,21.09,4.22,1.825,1.63187585,53.5,0.747291,27.08732113
2024-06-12,54.200001,13.68002125,9.23,9.85,2.5678087,1.858,68.62720228,18.9,14.825,12.82133333,89.800003,7.25,5.55,29.6,5.69,11.48,3.29333004,17.690001,2.59,14.1520008,14.9,0.349,271.0,10.58,21.75,4.16,2.035,1.61676589,53.400002,0.745387,26.96044826
2024-06-13,57.0,14.1118302,9.4,9.8,2.585579,1.836,68.54538782,18.290001,14.825,13.27466667,91.75,7.22,5.68,30.2,5.66,11.78,3.25999674,17.43,2.61,14.544,15.28,0.351,275.0,10.6,22.33,4.1,1.95,1.6545408,54.900002,0.744435,27.34106687
2024-06-23,58.0,14.47832522,9.37,10.11,2.6211196,1.887,68.44538701,17.92,14.8,13.44,93.400002,7.47,6.25,32.7,5.9,12.0,3.36332997,18.65,2.72,14.6399992,15.4,0.42,283.75,10.99,24.2,4.19,1.99,1.73764558,55.990002,0.742531,27.61293703
2024-06-24,58.490002,14.69604366,9.47,10.1,2.63888991,1.89,68.76356669,17.98,14.8,14.31466667,98.690002,7.34,6.27,32.29,5.98,12.98,3.35666331,18.5,2.87,14.792,15.56,0.438,286.0,11.15,23.98,4.15,2.11,1.82075037,56.5,0.733963,27.64012319
2024-06-25,58.0,15.04076603,9.29,10.06,2.6033493,1.87,68.70902402,17.950001,14.95,13.60533333,97.870003,7.29,6.45,30.83,5.99,15.33,3.30999669,18.5,2.85,14.792,16.4,0.415,278.0,11.47,24.14,4.13,2.14,1.80564041,58.0,0.723492,27.18700689
2024-06-26,58.400002,15.39274426,9.7,10.05,2.73662657,1.877,69.09084,17.93,15.195,13.70133333,99.900002,7.48,6.65,31.1,6.15,14.95,3.39666327,19.1,2.89,15.5119992,16.34,0.435,280.48001,12.04,24.5,4.39,2.12,1.78297547,60.0,0.709212,27.09638382
2024-06-27,59.689999,15.70480876,9.8,9.94,2.73662657,1.86,70.454475,18.280001,15.095,14.16,98.5,7.48,6.62,31.6,6.59,14.7,3.39666327,20.0,2.92,16.272,16.200001,0.409,277.5,11.95,23.91,4.39,2.13,1.82830535,58.0,0.713972,27.36825398
2024-07-01,61.25,15.94792922,9.8,10.03,2.70997112,1.88,71.68174468,18.290001,15.165,14.37333333,98.959999,7.65,6.61,31.7,6.73,15.84,3.34666332,19.9,2.95,16.2399992,16.299999,0.409,280.0,11.87,23.5,4.48,2.29,1.85852528,58.049999,0.713972,27.57668723
2024-07-02,59.740002,15.78463948,9.59,9.93,2.68331566,1.947,71.63629473,18.15,15.055,14.384,98.199997,7.55,6.95,31.14,6.64,15.49,3.33999666,19.51,3.12,16.9600008,16.790001,0.404,277.79001,12.44,23.77,4.5,2.15,1.8509703,59.849998,0.707309,27.09638382
2024-07-03,61.0,15.67215089,9.3,9.88,2.67443051,1.967,70.90902,17.959999,15.055,14.85333333,97.489998,7.61,7.04,31.16,6.7,15.94,3.30333003,20.65,3.14,16.8,16.65,0.402,280.0,12.8,24.3,4.47,2.05,1.8509703,60.939999,0.704453,26.82451365
2024-07-04,60.450001,16.40151082,9.4,9.84,2.64777506,1.947,72.7272,18.4,14.995,14.53333333,96.5,7.76,6.89,31.0,6.59,15.04,3.28666338,20.49,3.04,16.88,16.5,0.425,278.5,12.79,24.3,4.4,2.02,1.79808543,60.84,0.702549,26.67045367
2024-07-07,61.0,16.39062377,9.29,9.9,2.72774142,1.939,74.35447201,18.969999,14.85,14.50133333,104.5,7.7,7.0,30.84,6.63,14.65,3.29333004,22.799999,3.13,16.8399992,16.25,0.415,276.60001,12.98,23.88,4.6,2.04,1.86608026,61.900002,0.698741,26.46202042
2024-07-08,58.66,16.38336791,9.2,10.75,2.71885627,1.95,74.43628647,18.690001,14.725,15.99466667,109.0,7.59,6.97,30.7,6.87,14.73,3.27999672,22.58,3.08,16.9600008,17.549999,0.413,274.0,12.9,24.2,4.65,2.12,1.82830535,61.790001,0.691125,26.35327197
2024-07-09,56.900002,16.14024745,9.12,10.6,2.66554536,1.88,72.99992973,18.549999,14.7,15.73333333,105.8,7.51,6.8,31.29,6.77,15.03,3.22999677,22.9,3.0,16.6399992,17.4,0.409,265.0,13.08,23.0,4.64,2.11,1.76031053,62.200001,0.685413,26.28983601
2024-07-10,55.939999,16.22007818,9.03,10.34,2.75439687,1.864,72.7272,18.57,14.85,15.76,107.99,7.49,6.77,31.13,6.8,14.6,3.2333301,23.1,3.02,16.52,17.15,0.405,269.5,13.12,23.5,4.68,2.07,1.82075037,62.599998,0.687317,27.11450824
2024-07-14,54.849998,18.1577863,8.84,10.05,2.78105233,1.917,72.272655,18.940001,14.79,17.33333333,109.0,7.37,6.74,31.04,6.8,14.07,3.27333006,22.6,2.97,16.6399992,17.469999,0.423,267.98001,12.77,23.23,4.61,2.03,1.77542049,61.470001,0.696837,27.09638382
2024-07-15,55.5,16.24621124,8.71,9.98,2.78993748,1.935,71.80901728,18.98,14.55,15.60666667,105.99,7.33,6.71,31.25,6.61,13.71,3.26333007,21.77,2.99,16.736,17.59,0.416,261.0,12.96,23.08,4.61,2.04,1.76031053,59.580002,0.696837,26.81545096
2024-07-16,54.77,15.65401487,8.7,10.3,2.72774142,1.9,71.54538027,18.85,14.615,15.8,103.83,7.25,6.63,32.15,6.64,13.87,3.23999676,22.0,3.05,16.08,18.85,0.412,264.5,12.7,23.08,4.77,2.01,1.76031053,59.189999,0.704453,26.39858351
2024-07-17,56.610001,15.61046971,8.86,10.18,2.69220081,1.907,71.54538027,20.4,14.745,16.58666667,105.7,7.44,7.24,32.8,6.77,14.05,3.33666333,21.85,3.01,16.1600008,18.75,0.427,264.25,13.2,23.31,4.95,2.16,1.75275555,59.400002,0.742531,27.05107228
2024-07-18,57.5,15.78464599,8.96,10.24,2.70108596,1.95,71.45447218,21.700001,14.85,16.79333333,106.99,7.7,7.32,33.51,7.0,14.8,3.33666333,21.9,3.11,15.9039992,18.75,0.425,270.0,13.7,23.6,4.96,2.18,1.79053045,59.900002,0.756811,27.44981436
2024-07-21,60.330002,15.7628745,8.93,10.5,2.75439687,2.218,72.0453825,21.200001,14.805,16.69333333,105.9,8.33,7.2,33.2,7.0,14.8,3.34999665,21.389999,3.07,15.336,19.85,0.446,271.5,13.7,24.3,4.8,2.2,1.77542049,59.689999,0.764426,27.35919129
2024-07-22,60.5,15.95882226,9.36,10.55,2.78993748,2.2,73.63629,21.5,14.87,16.73333333,106.99,8.41,7.12,33.01,6.92,14.58,3.39332994,21.99,3.07,15.5039992,19.34,0.445,274.39001,13.6,24.4,4.84,2.14,1.74520056,59.369999,0.77109,28.54635676
2024-07-23,59.360001,16.56408136,9.23,10.64,2.79882263,2.248,74.30901478,21.98,14.735,17.0,104.86,8.3,7.2,33.1,6.92,14.48,3.4666632,21.780001,3.03,15.28,19.200001,0.44,270.0,13.65,25.05,4.77,2.1,1.73764558,58.849998,0.755859,30.08695467
2024-07-24,58.970001,16.54666338,9.17,10.71,2.82547808,2.27,74.81810973,22.6,14.75,16.8,104.45,8.29,7.17,33.3,6.91,14.15,3.49666317,21.700001,3.05,15.48,19.5,0.44,269.0,13.8,25.0,4.8,2.12,1.73764558,58.599998,0.748243,30.78475403
2024-07-28,59.880001,16.33329764,9.270001,10.56,2.83436323,2.36,74.54538,22.85,14.75,16.65333333,105.9,8.58,6.99,32.89,6.79,14.16,3.43999656,21.389999,2.99,15.3520008,19.85,0.441,265.0,13.14,24.25,4.71,2.13,1.74520056,58.360001,0.750147,30.25913907
2024-07-29,61.400002,16.19831301,9.1,10.38,2.86990384,2.35,75.27265473,22.48,14.725,16.35333333,106.75,8.68,6.91,34.18,6.82,13.9,3.43666323,21.549999,3.01,15.336,20.700001,0.434,262.95001,13.0,24.3,4.7,2.37,1.73764558,57.290001,0.742531,30.05976756
2024-07-30,60.970001,16.80792562,9.09,10.16,2.80770778,2.29,74.99083228,22.200001,14.845,15.84666667,107.9,8.56,6.98,34.0,6.78,13.83,3.38332995,21.23,2.97,17.7600008,20.48,0.436,265.0,13.0,24.18,4.79,2.37,1.71498064,56.490002,0.737771,29.72446048
2024-07-31,62.0,17.37399742,9.24,10.28,2.81659293,2.28,75.88174321,22.6,14.75,16.26666667,113.0,8.86,7.07,34.4,7.01,14.09,3.38332995,21.4,2.97,17.6,21.25,0.456,266.66,13.08,24.96,4.74,2.37,1.72253562,56.490002,0.738723,29.99633065
2024-08-01,62.959999,17.19546763,9.39,10.24,2.80770778,2.26,76.45446718,23.0,14.9,17.33333333,116.0,8.83,7.11,34.21,7.03,14.13,3.37999662,21.379999,3.03,18.0,21.0,0.455,272.0,12.99,24.8,4.66,2.42,1.79053045,56.700001,0.733012,30.52194655
2024-08-04,60.509998,16.99951987,9.14,10.02,2.74551172,2.17,75.909015,22.959999,14.655,16.80666667,110.45,8.56,6.92,33.0,6.85,13.66,3.28666338,20.549999,2.95,17.4240008,20.52,0.436,268.0,12.55,23.37,4.42,2.31,1.76031053,55.52,0.72254,30.31351235
2024-08-05,58.279999,16.98210189,8.8,9.3,2.5678087,2.04,75.45447,22.299999,14.55,15.46,106.0,8.25,6.46,34.57,6.55,13.3,3.12333021,19.190001,2.77,16.9600008,18.98,0.409,260.39999,12.02,23.4,4.27,2.21,1.69987068,53.66,0.711116,28.24730043
2024-08-06,57.25,16.89501375,8.96,9.25,2.54115324,2.07,75.18174027,21.43,14.5,16.0,105.19,8.05,6.38,34.1,6.4,13.43,3.10999689,18.870001,2.71,18.0240008,17.940001,0.405,257.88,12.19,23.97,4.18,2.2,1.6923157,54.240002,0.715876,28.54635676
2024-08-07,56.950001,17.15627816,9.0,9.68,2.585579,2.15,75.18174027,21.799999,14.715,15.9,108.96,8.2,6.53,33.84,6.4,13.64,3.11666355,19.200001,2.83,17.8399992,21.33,0.407,260.0,12.2,23.9,4.23,2.29,1.8509703,57.099998,0.710164,28.36511061
2024-08-08,56.5,17.43931189,9.0,9.64,2.585579,2.16,75.72719973,23.0,14.72,15.81333333,111.99,8.38,6.56,34.09,6.46,14.06,3.10333023,19.4,2.83,17.6320008,20.5,0.407,261.75,12.25,23.5,4.2,2.28,1.89630018,56.950001,0.710164,28.36511061
2024-08-11,56.880001,17.98361003,9.1,9.61,2.63000476,2.3,75.72719973,23.77,14.87,16.14666667,113.8,8.56,6.69,34.0,6.54,14.48,3.11333022,19.700001,2.88,17.6,20.48,0.414,265.67001,13.0,23.9,4.4,2.34,1.91896512,60.040001,0.713972,28.77291538
2024-08-12,57.700001,17.94006705,9.14,9.6,2.66554536,2.35,77.09083473,24.0,14.735,16.59333333,115.5,8.69,6.7,34.0,6.63,14.31,3.14333019,19.75,2.9,18.144,20.440001,0.416,269.0,12.97,23.84,4.48,2.35,1.87363524,61.0,0.713972,29.36196725
2024-08-13,56.299999,17.72234779,9.12,9.54,2.6033493,2.4,76.7544687,23.59,15.495,16.78666667,113.99,8.520001,6.53,33.78,6.58,13.94,3.11666355,19.6,2.86,17.28,20.389999,0.408,267.89001,12.73,23.68,4.47,2.3,1.82830535,60.779999,0.705405,28.18386352
2024-08-14,57.970001,17.33045226,9.21,9.39,2.59446415,2.39,76.45446718,22.99,15.5,16.79333333,113.25,8.58,6.58,34.0,6.54,13.92,3.1333302,19.940001,2.86,20.336,20.17,0.409,270.10001,12.71,24.25,4.43,2.3,1.79808543,59.360001,0.701597,28.09324045
2024-08-15,59.240002,17.81378944,9.49,9.63,2.63888991,2.32,77.27265,22.5,14.14,18.0,114.73,8.75,6.67,34.15,6.96,13.72,3.11333022,19.690001,2.95,21.992,22.48,0.406,268.5,12.65,25.0,4.73,2.34,1.81319539,58.720001,0.699693,28.07511603
2024-08-18,59.169998,17.85297891,9.49,9.84,2.75439687,2.3,77.27265,22.799999,14.09,15.81333333,116.89,8.67,6.84,32.99,6.93,13.8,3.18333015,19.6,2.97,21.1600008,22.0,0.404,260.0,12.76,24.89,4.89,2.31,1.81319539,58.349998,0.701597,27.64012319
2024-08-19,57.68,17.78766226,9.63,10.46,2.77216717,2.26,77.09083473,22.49,13.94,15.8,116.5,8.56,6.9,32.7,6.81,13.74,3.17666349,19.32,2.96,23.0399992,22.5,0.413,257.60001,12.69,24.42,5.05,2.25,1.79808543,57.349998,0.696837,27.33200418
2024-08-20,58.59,17.93571179,9.66,10.36,2.74551172,2.31,78.62719228,22.299999,13.945,15.7,114.98,8.5,6.97,32.38,7.11,14.16,3.15999684,20.549999,2.96,21.344,22.41,0.418,253.98,13.29,25.25,5.16,2.27,1.80564041,56.970001,0.692077,27.82137029
2024-08-21,58.950001,18.67595726,9.61,11.68,2.88767414,2.3,79.09083,22.690001,13.85,15.78,114.0,8.51,7.05,32.23,7.18,14.8,3.1666635,21.379999,3.06,20.9119992,22.9,0.419,255.39999,13.65,25.34,5.27,2.37,1.87363524,57.18,0.690173,27.58574992
2024-08-22,57.700001,19.20719311,9.55,12.9,2.9320999,2.28,80.71810201,23.5,13.87,15.59333333,112.55,8.46,7.16,31.66,7.16,14.88,3.22333011,22.17,3.35,20.2399992,23.690001,0.422,253.48,13.79,24.7,5.42,2.34,1.83586033,56.900002,0.694933,27.95730584
2024-08-25,58.110001,18.9459287,9.51,12.25,2.88767414,2.27,80.71810201,23.5,13.845,15.32666667,110.01,8.69,7.18,31.39,7.16,14.79,3.33333,22.450001,3.73,21.0399992,23.299999,0.424,252.0,14.5,24.18,6.4,2.41,1.86608026,56.98,0.687317,27.62199877
2024-08-26,58.400002,18.61064279,9.5,11.75,2.9498702,2.14,80.33628603,23.0,13.94,15.33333333,108.7,8.66,7.35,31.38,7.65,14.36,3.3666633,23.27,3.67,21.2,22.58,0.421,257.0,14.39,23.89,6.13,2.47,1.84341532,56.189999,0.685413,27.40450283
2024-08-27,57.73,19.15929444,9.520001,12.07,3.02095141,2.16,81.54537027,23.18,13.8,15.26666667,112.45,8.59,7.51,31.7,8.020001,14.69,3.40332993,25.200001,3.64,21.0,22.49,0.422,266.47,14.4,23.8,6.1,2.37,1.81319539,57.82,0.681606,27.09638382
2024-08-28,58.700001,19.42055668,9.47,12.26,3.05649201,2.19,80.89991728,25.1,13.845,15.22666667,112.7,8.54,7.49,32.71,7.91,15.25,3.41332992,24.700001,3.6,20.792,22.950001,0.425,266.5,14.34,24.33,6.33,2.49,1.81319539,57.779999,0.683509,27.00575979
2024-08-29,58.889999,19.59473295,9.62,11.79,3.15422868,2.14,80.79991647,26.0,13.845,15.69333333,112.67,8.65,7.78,32.94,7.8,15.09,3.39332994,24.5,3.59,20.2399992,22.299999,0.429,266.0,14.13,24.25,6.61,2.64,1.80564041,59.0,0.685413,27.61293703
2024-09-01,60.970001,18.94157519,9.49,11.6,3.26973564,2.15,79.94537642,26.440001,13.85,15.76666667,111.43,9.17,8.17,32.67,7.75,15.09,3.38332995,24.370001,3.52,19.92,22.35,0.424,269.89999,15.15,24.09,7.01,2.78,1.79808543,60.990002,0.687317,28.09324045
2024-09-02,62.959999,18.63676779,9.74,11.6,3.25196534,2.18,79.71810392,25.889999,13.835,15.63333333,110.5,9.39,8.01,32.65,7.67,15.3,3.44999655,24.4,3.43,19.464,22.049999,0.424,269.0,15.74,24.1,6.94,2.82,1.85852528,62.900002,0.690173,28.68229231
2024-09-03,66.49,18.41469459,9.79,11.55,3.17199898,2.14,79.0271937,25.5,13.82,15.54,114.09,9.24,7.8,32.64,7.85,15.24,3.39332994,23.9,3.54,20.184,21.92,0.421,269.89,15.19,23.95,6.76,2.9,1.87363524,62.4,0.690173,28.42854657
2024-09-04,65.28,18.65854015,9.71,11.44,3.12757322,2.21,79.5181023,24.9,14.495,15.52666667,115.0,9.0,8.02,33.87,7.73,15.07,3.35332998,24.0,3.62,20.632,21.92,0.421,265.08,14.89,24.16,6.57,2.89,1.96429501,61.0,0.687317,28.09324045
2024-09-05,64.809998,18.72385593,9.9,11.45,3.12757322,2.26,79.545375,25.0,14.3,15.48666667,119.68,8.97,8.05,33.93,7.79,14.86,3.3666633,23.889999,3.8,20.384,23.1,0.434,265.0,15.4,24.25,6.57,2.81,2.07761972,61.98,0.684461,28.18386352
2024-09-08,64.199997,18.28841742,9.86,11.69,3.09203262,2.19,79.545375,24.6,13.925,15.30666667,117.99,8.82,7.87,33.65,7.87,14.63,3.33333,23.6,3.72,20.0,23.190001,0.432,262.0,15.0,23.94,6.47,2.94,1.96429501,61.400002,0.687317,28.54635676
2024-09-09,63.1,17.96183854,9.68,11.35,3.02983656,2.17,78.0635583,24.22,13.87,15.0,115.4,8.63,7.78,32.85,7.49,14.47,3.31666335,24.0,3.67,19.52,22.76,0.423,258.88,14.55,23.97,6.61,2.89,1.96429501,60.5,0.739675,29.22603264
2024-09-10,61.7,17.86168768,9.6,11.55,3.04760686,2.17,78.1271946,24.2,14.24,14.9,114.96,8.65,7.74,33.5,7.46,14.25,3.30999669,23.6,3.67,19.84,22.65,0.422,257.48,14.5,25.11,6.74,2.87,1.91141014,60.2,0.77109,29.45259032
2024-09-11,60.25,17.41318601,9.27,11.59,3.02983656,2.17,78.090831,24.9,14.485,14.66,112.55,8.54,7.83,35.0,7.71,14.25,3.25999674,23.8,3.7,19.84,22.39,0.416,254.16,14.35,25.25,6.56,2.84,1.87363524,59.47,0.82916,30.1322662
2024-09-12,60.18,17.6221965,9.15,11.79,3.03872171,2.19,78.636285,25.5,14.3,14.96666667,113.75,8.59,8.1,35.12,7.9,14.15,3.28333005,23.78,3.79,20.24,22.5,0.418,254.99,14.36,26.3,6.68,2.85,1.97184999,59.5,0.852959,31.29224456
2024-09-16,59.1,17.22159307,8.79,11.7,2.9854108,2.15,79.1544663,25.99,14.07,15.06666667,116.0,8.62,7.87,34.5,7.9,14.09,3.3666633,23.45,3.94,21.912,22.25,0.415,251.98,14.07,25.8,6.5,2.79,2.00962489,58.75,0.839631,32.11691774
2024-09-17,59.49,17.13885975,8.72,11.29,2.9320999,2.14,78.090831,25.92,14.025,15.19333333,111.96,8.85,7.7,34.25,7.95,13.94,3.3666633,23.2,3.9,20.456,21.98,0.413,247.9,13.8,25.9,6.32,2.67,1.97184999,58.0,0.812976,31.24693302
2024-09-18,59.17,17.13450537,8.77,11.1,2.87878899,2.17,77.909013,25.8,14.245,14.98666667,113.0,8.76,7.52,33.97,7.95,13.8,3.36332997,23.95,3.84,20.096,21.35,0.412,244.9,14.2,25.23,6.1,2.75,1.94163007,57.78,0.799649,30.40413637
2024-09-19,61.45,17.15192291,8.9,11.19,2.90544444,2.25,78.909012,26.0,14.2,15.33333333,117.48,8.75,7.63,35.2,8.41,14.48,3.3999966,23.81,3.88,20.12,21.32,0.413,255.0,14.21,25.45,6.43,2.81,2.07006474,61.5,0.812976,30.72131807
2024-09-22,61.6,17.36964216,8.99,11.02,3.14534352,2.25,79.1544663,26.2,14.14,15.78666667,117.9,8.85,7.95,35.06,8.5,14.6,3.41666325,24.22,4.1,20.4,21.28,0.419,252.0,14.47,25.2,6.57,3.04,2.18338945,61.1,0.818688,32.08066794
2024-09-23,60.9,17.39576847,9.04,11.4,2.99429595,2.28,78.636285,26.1,14.15,15.85333333,116.46,8.9,8.05,34.95,8.77,14.29,3.50999649,24.35,4.49,20.728,21.79,0.421,250.98,15.0,25.0,6.52,2.98,2.18338945,60.74,0.815832,31.89035911
2024-09-24,60.5,17.30868077,8.96,11.4,2.9498702,2.28,78.18174,26.0,14.075,15.53333333,117.45,8.75,7.92,34.75,8.53,14.48,3.5333298,24.35,4.8,20.48,21.69,0.42,250.0,15.25,24.77,6.44,2.92,2.18338945,59.99,0.809169,31.72723739
2024-09-25,60.69,17.28690885,9.0,11.3,2.9498702,2.25,77.6090133,25.9,14.015,15.28666667,116.94,8.65,8.35,34.66,8.68,14.97,3.58999641,24.1,4.85,20.368,21.35,0.431,249.11,15.1,24.95,6.58,3.05,2.13050459,61.11,0.809169,32.62440826
2024-09-26,62.03,17.74411928,8.99,11.5,3.00318111,2.31,78.1362855,26.02,14.3,15.31333333,118.48,8.94,8.46,35.65,8.7,15.1,3.58999641,24.11,5.3,21.272,21.05,0.436,253.0,14.98,24.9,6.63,3.0,2.19849941,62.0,0.809169,32.3525381
2024-09-29,64.48,17.83120698,8.96,11.44,3.05649201,2.28,77.8635585,26.16,14.265,15.33333333,124.99,8.88,8.32,34.2,8.5,15.2,3.62999637,24.79,4.97,21.032,20.83,0.428,252.8,14.8,24.39,6.65,2.91,2.19849941,62.66,0.823448,32.06254351
2024-09-30,64.3,17.76153682,8.97,11.42,3.03872171,2.26,78.18174,26.0,14.25,15.36666667,126.4,8.87,8.62,34.09,8.5,15.05,3.59332974,25.05,5.1,20.952,22.74,0.427,256.87,14.62,24.35,6.65,2.85,2.4780337,63.8,0.818688,31.6819249
2024-10-01,63.9,17.80943506,8.96,11.44,3.04760686,2.27,78.5817396,26.48,14.85,15.5,122.25,8.83,8.7,34.6,8.54,15.55,3.5666631,25.15,5.37,21.592,22.75,0.425,261.0,14.5,24.2,6.75,2.86,2.4402588,64.0,0.81964,31.2650584
2024-10-02,63.29,17.62655088,9.47,11.35,3.00318111,2.26,78.4999215,26.05,14.55,15.5,121.5,8.77,8.53,34.3,8.6,15.27,3.55332978,24.93,5.25,21.376,22.1,0.421,258.51,14.64,24.09,6.9,2.82,2.36470899,63.0,0.817736,31.12006015
2024-10-03,62.3,17.40012286,9.33,11.25,2.9320999,2.25,78.1090128,26.74,14.85,15.01333333,119.59,8.6,8.46,34.44,8.5,15.05,3.55666311,24.65,5.85,21.8,22.3,0.415,259.0,14.23,23.38,6.89,2.76,2.41759386,61.8,0.809169,31.7181747
2024-10-07,62.88,17.30868077,9.32,11.77,2.90544444,2.25,78.0726492,27.7,14.965,14.86666667,123.48,8.6,8.59,34.99,8.91,15.25,3.54666312,24.8,6.0,24.8,23.55,0.415,306.88,14.83,23.76,6.88,2.8,2.53091857,61.94,0.801553,31.62755163
2024-10-08,62.49,16.84276157,9.25,12.09,2.82547808,2.2,77.5362861,27.8,15.75,14.3,120.8,8.48,8.3,34.49,8.81,14.95,3.47332986,24.5,5.65,25.2,24.84,0.411,292.4,14.54,23.5,6.5,2.77,2.51580861,60.38,0.794889,30.90256421
2024-10-09,62.3,16.59020723,8.97,11.81,2.76328202,2.14,76.36356,27.59,15.275,13.79333333,119.94,8.33,7.98,35.0,8.59,14.8,3.34332999,23.93,5.95,23.76,24.54,0.403,290.0,14.26,23.15,6.38,2.7,2.37981895,59.99,0.800601,30.57632077
2024-10-10,63.3,16.72083878,8.93,11.8,2.80770778,2.17,75.4090155,28.0,16.09,13.90666667,119.68,8.34,8.23,35.1,8.73,14.65,3.31666335,23.8,5.89,24.384,24.05,0.402,294.0,14.25,24.55,6.33,3.18,2.37226397,60.0,0.807265,30.66694384
2024-10-13,64.1,16.67729493,8.37,12.15,2.70997112,2.13,74.5271982,27.89,15.4,13.78666667,116.7,8.29,7.97,34.6,8.33,14.49,3.25333008,23.5,5.75,23.56,24.4,0.396,293.0,13.9,24.7,6.16,3.42,2.38737393,58.66,0.799649,30.44038522
2024-10-14,64.1,16.60327039,8.25,12.81,2.63000476,2.06,73.545381,27.5,14.45,13.3,116.0,8.26,7.64,34.2,8.01,14.5,3.1999968,21.99,5.6,22.384,25.69,0.39,284.45,13.15,25.15,5.88,3.22,2.42514884,58.5,0.794889,29.54321434
2024-10-15,64.88,16.2766915,8.23,13.89,2.63888991,2.07,73.727199,28.25,15.095,13.73333333,115.4,8.37,7.7,34.2,8.15,14.51,3.19666347,21.94,5.86,24.0,29.39,0.392,298.0,13.21,25.44,5.95,3.02,2.80289788,59.98,0.794889,29.8150845
2024-10-16,64.89,16.26362835,8.2,13.73,2.63888991,2.2,73.63629,29.97,18.0,14.18666667,114.0,8.47,7.69,34.42,8.4,15.5,3.20999679,22.3,5.74,28.056,28.83,0.389,300.0,13.43,27.94,5.97,3.26,2.81045286,60.48,0.788225,31.70005028
2024-10-17,65.49,16.26362835,8.07,13.87,2.59446415,2.18,72.8635635,28.81,16.1,14.0,117.1,8.67,7.58,34.0,8.18,14.87,3.1999968,21.66,5.64,30.4,27.85,0.383,292.0,13.13,28.28,5.7,3.66,2.82556282,59.0,0.801553,31.21974591
2024-10-20,65.75,16.1896038,8.0,15.6,2.53226809,2.15,72.0635643,28.4,15.1,13.99333333,122.0,8.59,7.58,33.0,8.1,14.69,3.14333019,21.1,5.3,25.904,29.8,0.382,287.0,13.24,30.24,5.65,3.45,2.75756799,58.48,0.800601,30.54007097
2024-10-21,64.25,16.11122487,7.73,15.0,2.585579,2.15,72.272655,27.98,16.595,13.76666667,122.0,8.19,7.91,32.4,7.97,14.6,3.28999671,21.04,5.37,26.92,31.03,0.376,286.5,12.7,35.12,5.6,3.36,2.65935324,59.0,0.795841,29.45259032
2024-10-22,58.0,16.9777475,7.83,15.91,2.70997112,2.25,72.7272,27.97,16.495,14.0,122.54,8.3,8.2,33.6,8.11,15.22,3.23999676,21.39,5.45,27.68,31.48,0.386,297.0,13.4,34.5,5.76,3.33,3.05976722,59.0,0.794889,29.98726891
2024-10-23,58.15,17.67009474,8.06,15.49,2.72774142,2.33,72.7181091,27.86,16.0,14.0,113.63,8.67,8.22,33.3,8.11,15.58,3.31999668,22.0,5.42,29.104,31.56,0.387,325.0,13.35,32.89,6.03,3.64,2.93888753,58.52,0.790129,30.02351776
2024-10-24,57.29,17.67444912,8.0,15.04,2.67443051,2.36,72.272655,27.7,15.75,14.04,113.45,8.46,8.19,33.49,7.95,15.82,3.30333003,22.1,5.32,27.92,30.0,0.382,312.0,13.12,31.25,6.14,3.51,2.96910745,59.98,0.789177,29.90570758
2024-10-27,57.46,18.28841742,8.05,15.45,2.71885627,2.38,73.818108,27.8,15.75,14.2,113.6,8.66,8.15,33.8,7.93,15.3,3.28333005,22.55,5.3,27.84,30.18,0.413,315.02,13.16,30.87,6.09,3.58,2.94644251,60.0,0.793937,30.22288927
2024-10-28,57.37,18.33196127,7.9,15.51,2.76328202,2.36,74.272653,27.65,15.6,14.13333333,112.78,8.77,8.1,33.89,7.94,15.23,3.28999671,22.09,5.15,26.4,30.29,0.412,315.0,13.4,31.25,6.02,3.74,2.84822776,60.0,0.790129,30.18664043
2024-10-29,56.94,18.15778587,7.72,14.98,2.72774142,2.42,73.818108,27.78,15.445,14.08,111.98,8.78,8.34,33.15,7.83,15.05,3.31666335,22.25,4.91,25.904,29.8,0.426,313.0,13.32,30.93,5.94,3.68,2.8331178,59.99,0.785369,29.95101911
2024-10-30,55.86,17.78766313,7.59,15.09,2.65666021,2.36,73.3181085,27.78,15.94,14.25333333,111.8,8.67,8.3,33.6,7.79,14.65,3.38332995,22.39,4.97,25.584,29.29,0.429,307.84,13.04,30.08,5.73,3.47,2.76512297,59.85,0.781562,29.99633065
2024-10-31,57.0,18.04892624,7.81,15.85,2.64777506,2.45,73.727199,27.55,15.5,14.32666667,111.6,8.48,8.56,33.98,7.95,14.5,3.41999658,22.15,5.25,25.76,32.25,0.432,305.0,13.23,29.81,5.75,3.42,2.75756799,60.4,0.772994,30.22288927
2024-11-03,57.4,18.96334711,7.95,15.7,2.69220081,2.54,73.9544715,27.39,15.5,14.56666667,112.17,8.53,8.65,33.84,8.1,14.85,3.41666325,22.3,5.42,25.504,32.94,0.424,303.0,13.9,29.96,5.86,3.41,2.75756799,59.9,0.76633,30.22288927
2024-11-04,56.78,18.72385593,7.98,15.35,2.67443051,2.54,74.54538,27.35,15.3,14.6,112.09,8.46,8.49,34.55,8.17,14.59,3.40666326,22.25,5.46,25.76,32.12,0.422,300.7,14.6,29.78,5.88,3.4,2.73490305,59.95,0.76157,30.35882483
2024-11-05,56.25,18.71950154,7.86,14.98,2.64777506,2.47,73.727199,27.98,15.24,14.45333333,113.75,8.48,8.44,33.99,8.02,14.48,3.46332987,22.4,5.51,25.912,31.7,0.419,305.0,14.4,29.53,5.8,3.36,2.8331178,59.1,0.758715,30.90256421
2024-11-06,56.35,19.07656112,7.87,15.29,2.70108596,2.5,74.181744,28.33,15.875,14.33333333,113.3,8.43,8.63,34.1,8.22,14.9,3.45332988,22.7,5.65,25.92,31.5,0.436,312.14,15.09,29.94,5.76,3.43,2.84067278,59.95,0.760618,31.7181747
2024-11-07,56.8,19.09833305,7.85,15.28,2.71885627,2.46,74.0999259,28.2,15.845,14.2,112.0,8.4,8.74,34.2,8.26,14.98,3.43666323,23.05,5.82,26.08,31.51,0.434,313.0,15.4,30.3,5.9,3.46,2.82556282,61.78,0.755859,31.60036452
2024-11-10,56.39,19.13752251,7.86,15.06,2.69220081,2.51,74.7726525,28.25,15.845,14.51333333,114.9,8.39,8.64,33.9,8.36,15.04,3.44666322,23.35,5.85,27.52,30.99,0.436,314.5,15.6,29.69,5.92,3.47,2.80289788,61.9,0.755859,31.41911743
2024-11-11,55.83,18.9372208,7.83,15.11,2.72774142,2.61,75.45447,27.95,15.74,15.07333333,114.69,8.38,8.7,37.0,8.46,14.87,3.52332981,23.29,5.74,27.2,30.59,0.439,314.0,15.51,29.57,5.86,3.42,2.7953429,61.95,0.757763,31.2650584
2024-11-12,55.38,18.65854015,8.07,15.38,2.77216717,2.63,75.2453793,27.8,15.72,15.0,112.6,8.38,8.74,36.44,8.5,14.84,3.55999644,23.6,5.6,27.2,30.0,0.457,312.85,15.74,29.26,5.95,3.4,2.78023293,63.5,0.763474,31.53692761
2024-11-13,55.24,18.65418577,8.15,15.29,2.75439687,2.56,75.4362882,27.33,15.6,14.73333333,113.01,8.53,8.68,36.25,8.5,14.7,3.56999643,23.4,5.67,26.792,29.56,0.457,311.5,15.49,28.7,5.98,3.35,2.71979309,62.47,0.76157,32.02629371
2024-11-14,55.06,18.56709807,8.21,15.14,2.71885627,2.56,75.727197,27.45,15.4,14.66,115.69,8.52,8.5,35.42,8.5,14.48,3.4999965,23.22,5.66,26.4,30.17,0.452,307.9,15.19,28.18,5.84,3.31,2.73490305,61.6,0.76157,31.49161607
2024-11-17,54.97,18.75869101,8.11,15.24,2.69220081,2.53,75.3999246,27.63,15.3,14.58,115.5,8.47,8.67,34.45,8.56,14.74,3.44666322,23.11,5.85,26.64,29.82,0.451,306.5,15.2,27.89,5.8,3.3,2.74245803,61.18,0.76157,30.72131807
2024-11-18,54.65,18.93286641,8.15,15.7,2.71885627,2.51,74.6544708,27.7,15.08,14.4,114.25,8.39,8.34,33.74,8.53,14.8,3.40332993,23.0,5.83,27.84,29.4,0.446,305.88,15.18,27.55,5.74,3.29,2.72734807,61.0,0.759666,30.4494479
2024-11-19,53.8,18.57145245,8.14,15.51,2.64777506,2.48,74.090835,27.7,14.94,14.06666667,113.0,8.24,8.1,33.69,8.51,14.4,3.32999667,22.22,5.67,27.68,27.99,0.47,300.99,14.99,26.8,5.5,3.26,2.66690822,59.5,0.757763,30.14132794
2024-11-20,53.6,18.67595769,8.09,15.4,2.6211196,2.45,73.1726541,27.6,15.225,13.86,108.75,8.18,8.09,33.6,8.4,14.39,3.28666338,21.95,5.59,27.68,27.9,0.473,300.0,14.7,26.65,5.62,3.23,2.6366883,59.6,0.756811,30.06882929
2024-11-21,53.47,18.57145245,8.01,15.23,2.61223445,2.42,73.181745,27.5,15.0,13.9,108.99,8.18,8.13,33.49,8.42,14.5,3.2999967,21.84,5.6,27.104,28.15,0.468,302.0,15.2,27.0,5.66,3.25,2.56869347,59.6,0.756811,30.02351776
2024-11-24,53.6,18.67595769,7.95,15.16,2.63000476,2.32,72.9544725,27.5,14.97,13.83333333,107.8,8.14,8.01,33.29,8.42,14.49,3.26999673,22.0,5.53,27.52,27.63,0.467,302.6,15.5,26.79,5.6,3.21,2.56113849,59.2,0.753955,29.99633065
2024-11-25,52.89,18.76739978,7.84,15.1,2.585579,2.26,73.181745,27.4,14.7,13.76666667,107.6,7.99,7.98,32.88,8.3,14.3,3.22666344,21.5,5.46,27.2,26.89,0.467,297.35,15.2,26.3,5.55,3.15,2.58380343,59.5,0.747291,29.90570758
2024-11-26,52.69,18.81094363,7.84,15.1,2.5678087,2.23,72.7272,28.0,14.535,13.65333333,111.69,7.95,7.96,33.2,8.28,14.32,3.22333011,21.1,5.74,26.784,27.0,0.458,298.0,15.12,26.07,5.49,3.11,2.62913332,59.08,0.742531,30.1322662
2024-11-27,52.8,18.97641027,7.81,15.08,2.55892355,2.24,72.7272,27.8,14.25,13.73333333,114.8,7.95,7.88,33.19,8.2,14.4,3.2333301,20.81,5.83,26.24,28.17,0.452,297.97,15.06,26.25,5.43,3.12,2.59135841,58.8,0.734915,30.17757774
2024-11-28,52.8,18.78481732,7.66,14.86,2.54115324,2.21,73.999926,27.6,14.25,13.6,113.35,7.84,7.82,33.1,8.39,14.32,3.22333011,20.58,6.15,25.92,26.8,0.439,296.0,15.47,26.85,5.55,3.06,2.62913332,58.25,0.733012,29.63383741
2024-12-01,54.9,18.7630454,7.74,15.04,2.57669385,2.26,73.999926,28.0,14.245,13.73333333,114.0,8.08,8.03,33.4,8.51,14.63,3.25666341,21.1,7.3,27.064,27.0,0.44,298.25,16.0,26.55,5.98,3.17,2.78778792,58.5,0.750147,29.66102452
2024-12-02,54.4,18.89803133,7.82,15.36,2.585579,2.32,74.54538,29.49,14.245,13.78666667,113.8,8.1,8.14,33.25,8.66,14.75,3.28333005,21.3,6.82,27.144,27.5,0.437,297.48,16.47,26.26,6.18,3.22,2.74245803,58.17,0.741579,29.8150845
2024-12-03,53.93,18.93286641,7.76,15.2,2.5678087,2.29,74.999925,30.0,14.95,13.74,112.7,8.05,8.07,33.18,8.57,14.65,3.22666344,20.9,6.61,27.0,26.99,0.44,290.0,16.16,25.9,6.24,3.2,2.65935324,57.69,0.737771,29.90570758
2024-12-04,53.5,19.24202776,7.74,15.38,2.5678087,2.32,75.090834,32.0,14.795,14.13333333,118.77,7.99,8.1,33.3,8.87,14.6,3.21999678,21.06,6.65,26.8,26.5,0.443,292.49,18.0,26.44,6.35,3.4,2.68201818,58.32,0.731108,29.90570758
2024-12-05,53.54,19.19848391,7.8,16.6,2.63888991,2.3,75.3999246,30.09,14.59,14.4,118.35,8.09,8.35,33.3,8.87,14.7,3.23999676,21.18,6.85,26.6,26.79,0.436,293.8,17.65,26.67,6.3,3.47,2.65179826,58.19,0.733012,29.88758315
2024-12-08,54.0,19.00689096,7.92,16.15,2.67443051,2.34,75.363561,29.5,14.55,14.46666667,119.4,8.18,8.22,35.25,9.0,15.1,3.26999673,21.23,6.55,26.4,26.33,0.447,299.0,18.39,26.8,6.45,3.5,2.65179826,58.5,0.733012,29.67914895
2024-12-09,53.78,19.11575059,7.87,15.87,2.63888991,2.34,75.090834,29.63,14.525,14.46666667,119.43,8.1,8.26,34.9,9.0,15.45,3.24999675,21.93,6.73,26.256,25.75,0.479,295.0,18.24,26.55,6.65,3.56,2.64424328,58.19,0.769186,30.81194114
2024-12-10,53.0,19.02866289,7.77,15.5,2.61223445,2.28,74.9908341,29.54,14.55,14.13333333,117.5,8.0,8.15,34.5,9.06,15.18,3.2666634,22.05,6.55,25.52,25.25,0.506,293.6,18.5,26.36,6.62,3.45,2.62913332,57.8,0.767282,30.35882483
2024-12-11,52.87,18.27099988,7.7,15.9,2.6211196,2.3,74.9726523,30.24,14.55,13.80666667,117.48,7.86,7.91,34.2,9.06,15.28,3.25666341,21.78,6.5,25.36,25.22,0.516,291.89,19.99,26.4,6.68,3.6,2.61402336,57.1,0.764426,29.71539875
2024-12-12,52.35,18.04457185,7.69,16.38,2.6033493,2.35,75.6544698,30.24,14.545,13.6,117.0,7.85,7.79,34.55,8.97,15.19,3.24666342,21.65,6.46,25.0,25.13,0.556,289.89,19.34,26.45,6.65,3.6,2.6366883,57.19,0.76157,29.54321434
2024-12-15,52.45,18.37550512,7.69,17.18,2.6211196,2.4,76.090833,30.0,14.495,13.36666667,119.5,7.89,7.9,34.5,8.9,15.33,3.24999675,21.27,6.55,25.0,25.0,0.588,290.0,19.15,26.25,6.77,3.54,2.65179826,56.97,0.756811,29.54321434
2024-12-16,52.0,18.8501331,7.68,17.26,2.61223445,2.44,76.1908329,30.0,14.5,13.4,119.48,7.8,8.14,34.43,8.95,15.95,3.23999676,21.5,6.76,24.792,24.68,0.577,287.49,19.98,26.0,6.82,3.49,2.74245803,57.45,0.752051,28.99041132
2024-12-17,51.39,18.39727705,7.8,17.65,2.59446415,2.43,76.090833,30.0,14.395,13.33333333,118.9,7.8,8.18,34.43,8.87,17.49,3.22666344,21.45,6.98,24.52,24.28,0.6,292.0,20.4,26.48,6.7,3.5,2.70468313,58.9,0.753955,29.36196725
2024-12-18,49.96,18.12730517,7.85,17.6,2.5678087,2.36,76.36356,29.88,14.025,13.73333333,117.0,7.76,8.17,34.39,8.78,17.48,3.18666348,21.45,7.0,24.88,24.94,0.593,291.99,20.98,27.5,6.54,3.5,2.68201818,57.75,0.752051,28.92697537
2024-12-19,51.1,17.3304527,7.67,17.2,2.50561264,2.3,76.3544691,29.88,14.15,13.66666667,116.6,7.65,8.0,34.1,8.65,16.84,3.13666353,20.95,6.87,24.8,24.21,0.573,287.0,19.1,26.89,6.45,3.34,2.57624845,56.97,0.752051,28.43760926
2024-12-22,50.7,17.50027372,7.74,17.77,2.51449779,2.37,76.36356,29.85,14.25,13.43333333,117.0,7.75,8.05,33.98,8.6,16.94,3.15333018,21.09,6.78,25.472,24.38,0.583,287.0,19.43,26.95,6.48,3.38,2.61402336,56.4,0.752051,28.31073639
2024-12-23,49.99,17.36528778,7.71,17.77,2.47007203,2.31,76.0726512,29.62,14.0,13.05333333,118.49,7.59,7.89,33.5,8.39,16.58,3.15333018,21.0,6.67,24.96,23.9,0.57,285.97,19.0,26.48,6.44,3.12,2.58380343,56.72,0.749195,28.00261738
2024-12-24,49.45,17.06483521,7.7,16.84,2.39010567,2.23,75.636288,29.6,14.0,12.76666667,117.74,7.42,7.7,33.47,8.27,16.65,3.07999692,20.77,6.68,24.912,23.25,0.553,285.5,18.9,25.88,6.3,3.04,2.57624845,56.6,0.748243,27.60387434
2024-12-25,49.62,16.94726681,7.8,16.93,2.48784234,2.26,74.636289,29.5,13.99,12.76,116.8,7.4,7.65,33.4,8.41,16.47,3.0999969,21.0,6.64,24.848,23.29,0.556,285.0,19.0,25.97,6.32,3.0,2.60646838,56.95,0.750147,27.73074721
2024-12-26,49.4,16.82969841,7.8,17.0,2.42564628,2.24,74.54538,29.53,13.935,12.98666667,117.0,7.33,7.64,32.92,8.41,16.15,3.08999691,20.68,6.71,25.2,23.11,0.539,283.0,18.9,25.69,6.37,2.94,2.53091857,56.79,0.755859,27.72168453
2024-12-29,49.4,16.76438264,7.76,17.0,2.37233537,2.24,74.0817441,29.45,13.85,12.87333333,117.49,7.29,7.58,33.34,8.65,16.75,3.07999692,20.75,6.86,25.68,23.44,0.553,282.0,18.8,25.64,6.5,2.91,2.54602853,56.59,0.755859,27.86668182
2024-12-30,48.98,16.80792649,7.65,16.8,2.29236901,2.23,72.7272,29.09,13.685,12.79333333,116.65,7.2,7.52,33.49,8.6,17.19,3.04999695,20.3,7.09,26.32,22.74,0.576,281.0,18.8,25.25,6.52,2.81,2.54602853,55.88,0.758715,27.46793974
2024-12-31,49.38,16.89501419,7.49,17.0,2.2035175,2.25,72.3544731,29.5,13.625,12.73333333,115.89,7.09,7.56,33.44,8.59,17.2,3.03666363,20.8,7.02,26.88,23.0,0.565,286.0,18.6,25.07,6.56,2.84,2.54602853,56.0,0.768234,27.82137029
2025-01-02,49.98,17.40012286,7.6,17.3,2.29236901,2.33,72.2635641,29.69,14.135,12.65333333,117.44,7.33,7.72,34.75,8.69,18.06,3.07999692,21.2,7.14,27.6,23.67,0.566,289.5,18.89,26.08,6.98,3.0,2.57624845,56.0,0.794889,28.59166924
2025-01-05,49.99,17.48285618,7.61,17.47,2.30125416,2.35,72.272655,29.5,14.375,12.86666667,118.2,7.71,7.78,35.9,8.9,18.05,3.0999969,21.2,7.59,27.192,24.05,0.57,289.0,19.4,26.38,7.23,3.01,2.71979309,55.79,0.787273,28.70041674
2025-01-06,49.7,17.34787024,7.57,17.4,2.24794325,2.39,72.181746,29.25,14.3,12.8,117.89,7.74,7.79,35.65,9.33,17.96,3.10333023,21.0,7.49,26.8,24.25,0.564,287.79,19.25,26.37,7.16,2.98,2.75756799,55.23,0.782514,28.22917506
2025-01-08,49.5,17.15627729,7.52,17.29,2.2035175,2.52,72.5362911,28.3,14.35,12.65333333,120.96,8.05,7.64,35.4,9.18,17.6,3.04999695,20.8,7.44,26.56,23.85,0.559,286.69,19.29,25.77,7.22,2.91,2.74245803,54.31,0.778706,28.09324045
2025-01-09,49.0,16.96903873,7.49,16.01,2.17686204,2.56,72.4999275,28.0,14.2,12.6,124.48,8.05,7.58,35.4,9.01,17.73,3.04333029,20.9,7.5,27.352,23.98,0.552,283.1,18.92,25.46,7.15,2.92,2.72734807,53.75,0.77109,28.13855198
2025-01-12,51.3,17.11273344,7.77,15.5,2.15020659,2.58,70.6272021,28.0,13.74,12.4,123.48,8.42,7.44,35.0,8.97,17.05,3.01666365,20.7,7.18,26.84,23.3,0.538,272.4,18.42,24.5,7.01,2.88,2.66690822,52.5,0.770138,27.79418317
2025-01-13,54.4,17.06048082,7.92,15.24,2.15909174,2.55,70.2544752,28.08,14.05,12.26666667,126.85,8.47,7.33,34.99,8.83,17.45,3.0666636,20.5,6.78,26.928,23.0,0.531,265.87,18.4,24.67,6.95,2.86,2.61402336,52.6,0.762522,28.25636217
2025-01-14,53.5,16.46828445,7.7,14.8,2.09689568,2.45,69.0272037,27.88,13.67,11.88666667,126.7,8.07,7.05,34.5,8.6,16.78,3.03999696,19.97,6.6,26.64,22.39,0.507,261.4,17.78,23.59,6.8,2.73,2.56113849,52.99,0.760618,28.99947401
2025-01-15,54.79,16.36813359,7.85,15.96,2.11466599,2.47,69.1726581,28.0,13.8,11.83333333,147.01,8.09,7.13,34.5,8.43,16.7,3.58332975,19.77,6.65,26.08,22.99,0.527,260.0,17.7,24.5,6.72,2.75,2.50825363,55.3,0.760618,29.90570758
2025-01-16,56.1,16.69471247,7.91,16.64,2.16797689,2.56,69.909021,28.18,13.9,11.96,152.9,8.38,7.19,34.16,8.5,16.59,3.28999671,20.34,6.63,26.36,23.85,0.54,265.0,18.4,25.0,6.68,2.79,2.4780337,55.72,0.77109,30.20476485
2025-01-19,56.94,16.75131948,7.9,17.59,2.2212878,2.66,69.9817482,28.0,14.995,11.90666667,158.0,8.46,7.31,34.5,8.54,16.9,3.38332995,20.29,6.63,26.0,24.95,0.541,264.0,18.6,24.9,6.93,2.75,2.50069864,56.0,0.770138,29.63383741
2025-01-20,56.2,16.67294055,7.86,17.7,2.21240265,2.71,69.99993,27.99,14.495,12.1,157.99,8.37,7.23,34.33,8.54,16.95,3.3999966,20.22,6.55,25.92,25.0,0.545,263.5,18.24,24.76,6.85,2.75,2.50825363,54.97,0.77109,29.53415165
2025-01-21,55.0,16.21137573,7.77,18.79,2.2390581,2.71,69.7181121,27.94,14.425,12.62666667,161.9,8.23,7.16,33.8,8.69,16.79,3.35332998,20.6,6.6,25.8,25.1,0.547,274.8,18.14,26.94,6.93,2.78,2.55358351,54.65,0.76633,29.8150845
2025-01-22,55.79,16.53795461,7.79,18.3,2.2568284,2.71,70.454475,27.98,14.85,12.76666667,163.0,8.35,7.15,33.78,8.76,16.8,3.38999661,20.89,6.84,27.2,24.85,0.557,273.0,18.0,27.5,7.0,2.89,2.62913332,55.55,0.77109,30.08695467
2025-01-23,55.55,16.61197916,7.81,19.0,2.21240265,2.71,70.1181117,30.2,14.575,12.53333333,162.0,8.33,7.11,34.09,8.8,16.5,3.41999658,20.72,6.85,29.504,24.59,0.549,271.0,17.76,27.38,7.08,2.83,2.6366883,55.3,0.769186,29.59758856
2025-01-26,55.2,16.47699322,8.35,19.93,2.2212878,2.67,70.90902,28.9,14.575,12.38666667,165.15,8.32,7.11,34.25,8.75,16.8,3.38666328,20.8,6.85,29.6,24.59,0.572,269.99,17.7,26.99,6.94,2.79,2.59135841,55.0,0.77109,29.27134418
2025-01-27,55.0,16.32894413,8.39,20.79,2.1857472,2.62,70.5908385,28.67,14.495,12.14666667,168.35,8.27,7.06,34.09,8.62,17.1,3.32666334,21.2,6.95,28.8,26.75,0.568,268.8,17.8,27.27,6.75,2.7,2.56113849,54.8,0.769186,29.26228149
2025-01-28,54.3,16.11557926,8.27,19.88,2.15909174,2.6,70.0635663,28.9,14.1,11.94,162.0,8.05,7.01,33.99,8.5,16.65,3.34999665,21.35,7.3,28.6,27.25,0.554,266.6,18.42,26.37,6.74,2.69,2.75756799,54.48,0.76157,28.91791268
2025-01-29,54.65,16.32894413,8.27,19.07,2.1857472,2.65,69.99993,28.8,14.09,12.12666667,158.49,8.12,7.12,33.98,8.63,16.99,3.59332974,21.6,7.2,28.4,27.4,0.557,268.98,18.6,26.9,6.71,2.7,2.8331178,55.1,0.76157,28.84541403
2025-01-30,56.1,16.65116862,8.2,20.6,2.19463235,2.73,70.454475,29.33,14.075,12.13333333,157.5,8.18,7.19,34.8,8.69,17.11,3.7999962,21.87,7.22,28.384,26.2,0.55,266.6,18.37,26.4,6.71,2.68,2.8331178,55.0,0.758715,28.82728961
2025-02-02,57.0,16.92984927,8.21,21.25,2.2035175,2.76,70.1726571,29.69,14.055,12.13333333,159.2,8.85,6.99,34.25,8.65,17.05,3.71666295,21.8,6.95,29.024,29.5,0.54,267.0,18.16,25.55,6.61,2.7,2.87844768,55.51,0.759666,28.47385811
2025-02-03,56.1,16.88195103,8.2,20.29,2.28348386,2.72,69.9635664,29.0,13.89,12.02,164.5,9.08,6.91,33.99,8.54,16.79,3.66999633,21.7,6.9,28.76,27.65,0.525,270.0,17.88,25.3,6.52,2.67,2.81800784,54.4,0.753955,27.82137029
2025-02-04,55.4,17.07789836,8.08,20.16,2.31902446,2.74,70.454475,28.4,13.92,11.93333333,161.0,8.68,6.92,33.7,8.46,16.74,3.65666301,21.83,6.93,28.456,26.4,0.535,272.0,17.82,25.77,6.5,2.67,2.90866761,53.98,0.748243,27.73074721
2025-02-05,55.0,16.93855804,8.02,19.49,2.27459871,2.71,70.454475,28.26,13.91,11.86666667,155.89,8.99,6.88,33.65,8.51,16.45,3.57332976,21.75,6.8,28.0,26.45,0.538,269.0,18.16,25.61,6.46,2.69,2.82556282,53.47,0.748243,27.58574992
2025-02-06,56.0,16.98210189,7.94,19.5,2.27459871,2.71,70.90902,30.13,13.875,11.8,155.0,8.78,6.87,34.09,8.4,16.33,3.58999641,21.7,6.7,28.56,26.8,0.54,269.9,17.99,25.5,6.48,2.67,2.85578274,53.4,0.752051,27.4951259
2025-02-09,55.78,17.27820008,7.93,19.96,2.2390581,2.75,70.999929,30.95,13.95,11.86666667,160.0,8.9,6.84,34.04,8.53,16.45,3.57666309,22.19,6.63,30.392,26.34,0.551,270.44,18.1,25.72,6.56,2.66,2.74245803,53.3,0.752051,27.99355469
2025-02-10,56.99,17.38270532,7.83,21.0,2.2390581,2.79,71.454474,30.45,14.25,11.74666667,156.49,8.99,6.87,34.0,8.47,16.39,3.57332976,22.55,6.48,30.48,26.1,0.591,270.8,17.84,25.62,6.47,2.61,2.71223811,52.37,0.753003,27.64012319
2025-02-11,57.95,17.06918959,7.85,21.0,2.2212878,2.8,70.6817475,30.22,14.15,11.64,149.85,8.96,6.86,34.5,8.45,16.25,3.55332978,22.6,6.38,30.2,25.9,0.595,270.5,17.6,25.37,6.45,2.58,2.6366883,51.5,0.751099,27.57668723
2025-02-12,57.5,16.73825632,7.83,20.7,2.15909174,2.66,70.6272021,29.93,13.735,11.2,145.98,8.5,6.73,34.5,8.16,16.18,3.3666633,22.0,6.31,29.176,24.23,0.55,267.8,17.5,24.53,6.34,2.43,2.53847355,52.0,0.750147,27.36825398
2025-02-13,57.27,17.15192291,7.93,21.33,2.15909174,2.68,70.90902,31.7,13.75,11.13333333,147.75,8.75,6.93,35.4,8.26,16.21,3.41332992,23.0,6.3,31.2,24.38,0.548,269.99,17.58,24.5,6.33,2.39,2.54602853,51.85,0.747291,27.35919129
2025-02-16,58.01,17.20852992,7.89,20.62,2.19463235,2.74,71.999928,32.0,13.825,11.73333333,150.79,8.93,7.53,35.49,8.34,16.18,3.47666319,23.7,6.52,31.032,24.68,0.548,269.5,18.15,24.66,6.46,2.48,2.75756799,52.12,0.749195,27.4951259
2025-02-17,58.0,17.85297891,7.87,22.39,2.36345022,2.81,72.7272,31.97,14.055,11.83333333,149.0,8.85,7.55,35.3,8.35,16.84,3.50666316,23.71,6.55,29.576,25.15,0.558,271.9,18.44,25.1,6.5,2.5,2.6744632,52.15,0.750147,27.59481166
2025-02-18,58.39,18.13165956,8.05,21.93,2.39010567,2.88,72.7272,31.17,14.095,11.66666667,147.0,8.66,7.6,36.5,8.22,16.82,3.47999652,24.28,6.51,30.28,24.8,0.565,270.4,18.42,24.92,6.42,2.47,2.74245803,51.3,0.759666,28.90885094
2025-02-19,59.43,18.07069817,8.15,21.98,2.41676113,2.94,73.090836,31.03,14.1,11.76666667,143.7,8.72,7.58,37.48,8.27,17.0,3.54332979,25.43,6.58,30.024,24.8,0.561,270.0,19.36,25.19,6.54,2.56,2.8331178,51.54,0.759666,29.16259573
2025-02-20,59.4,18.02279993,8.12,23.09,2.37233537,2.98,72.8635635,31.32,14.065,11.68,148.9,8.93,7.7,38.05,8.46,17.0,3.57666309,25.89,6.64,29.52,24.72,0.56,270.0,20.7,25.33,6.65,2.53,2.91622259,51.97,0.756811,29.18072111
2025-02-23,59.28,17.8573333,8.13,23.47,2.26571356,2.95,72.5362911,31.59,14.1,11.56,156.0,8.92,7.64,38.3,8.35,17.4,3.60666306,25.8,6.59,31.84,25.9,0.556,271.0,21.1,25.48,6.69,2.52,2.89355765,52.13,0.754907,29.01759844
2025-02-24,58.9,17.94006661,8.1,23.8,2.2568284,2.92,72.545382,31.3,14.09,11.5,156.49,8.8,7.59,38.05,8.38,17.6,3.56999643,25.8,6.5,30.808,25.26,0.555,274.0,22.05,25.13,6.59,2.52,2.93888753,52.0,0.756811,28.36511061
2025-02-25,58.7,18.24051918,8.08,24.0,2.27459871,2.94,72.3999276,31.5,14.645,11.43333333,155.5,8.83,7.75,38.05,8.28,17.4,3.53666313,25.46,6.71,30.36,24.98,0.545,274.0,22.77,24.94,6.54,2.55,3.12776205,51.51,0.754907,28.18386352
2025-02-26,58.29,18.63676823,8.04,24.0,2.28348386,2.9,71.0544744,31.5,14.495,11.64666667,158.44,8.76,7.74,38.15,8.2,17.34,3.46999653,26.0,6.79,29.88,24.98,0.535,271.49,21.55,25.0,6.41,2.54,3.16553696,51.97,0.755859,27.77605875
2025-02-27,58.8,18.38421389,8.01,23.23,2.301254,2.91,70.1726571,31.5,14.35,11.33333333,161.0,8.7,7.8,38.1,8.2,17.3,3.47332986,26.39,6.71,29.4,24.95,0.529,270.5,22.17,25.0,6.44,2.5,3.1882019,54.0,0.755859,27.82137029
2025-03-02,59.1,18.28841742,8.0,23.9,2.46,2.95,69.6272031,32.0,14.375,11.16666667,160.5,8.6,7.93,38.0,8.36,17.3,3.50999649,26.44,6.74,28.8,24.78,0.527,272.0,23.0,24.76,6.42,2.46,3.21086684,54.62,0.755859,28.18386352
2025-03-03,61.09,18.16649464,8.04,23.71,2.37,2.96,70.636293,31.7,14.2,11.16666667,159.9,8.69,8.16,37.98,8.57,17.57,3.74999625,26.35,6.88,29.0,25.2,0.524,276.5,23.0,24.42,6.52,2.46,3.24864174,54.56,0.752051,28.31979908
2025-03-04,61.49,17.85297891,7.99,23.79,2.36,2.91,70.4999295,31.5,14.0,11.17333333,161.0,8.65,8.2,37.98,8.5,17.79,3.72999627,26.2,6.9,28.76,25.53,0.531,280.0,23.49,24.45,6.51,2.45,3.29397163,53.78,0.739675,27.984492
2025-03-05,61.0,17.84862452,7.96,23.79,2.28,2.88,70.636293,31.49,13.945,11.08,161.8,8.66,8.12,38.12,8.42,17.47,3.57332976,26.1,6.77,28.696,25.19,0.529,278.99,23.97,24.5,6.5,2.43,3.33930151,53.25,0.738723,27.54043839
2025-03-06,61.9,18.07505255,7.83,23.25,2.27,2.88,70.6999293,31.5,13.825,10.92,164.0,8.6,8.4,38.02,8.3,17.2,3.53999646,27.0,6.75,28.592,25.2,0.536,275.8,23.85,24.74,6.58,2.4,3.26375171,53.25,0.731108,27.54043839
2025-03-09,61.73,18.21439287,7.83,23.74,2.3,2.91,70.90902,31.55,13.925,11.23333333,162.99,8.61,8.69,38.02,8.39,17.35,3.58332975,28.39,7.37,28.48,24.95,0.545,275.4,24.7,24.85,6.76,2.43,3.39974136,53.47,0.723492,27.45887705
2025-03-10,60.6,18.21003849,7.92,23.96,2.28,2.91,70.9635654,31.0,14.22,11.26666667,161.1,8.69,8.9,38.0,8.5,17.1,3.63999636,27.99,7.48,28.384,24.68,0.55,271.0,24.18,24.69,6.88,2.44,3.36196646,54.0,0.721588,27.26856822
2025-03-11,59.95,17.98361046,7.9,24.7,2.2,2.87,70.818111,30.88,13.875,11.2,160.0,8.6,9.15,36.85,8.48,17.09,3.666663,27.93,7.4,28.256,24.7,0.531,269.0,23.68,24.39,6.85,2.4,3.21086684,53.86,0.72254,27.45887705
2025-03-12,60.42,18.13165956,7.9,24.0,2.21,2.86,70.2181116,30.98,13.92,11.00666667,165.49,8.62,9.2,37.25,8.66,19.19,3.67666299,28.51,7.65,28.856,24.57,0.532,271.88,25.25,24.45,7.11,2.39,3.35441148,52.9,0.721588,27.47700147
2025-03-13,60.4,18.6149963,7.93,22.9,2.2,2.98,70.363566,31.11,13.895,11.05333333,174.99,8.61,9.35,36.98,8.99,19.19,3.62332971,27.9,8.13,29.032,24.49,0.538,273.0,25.8,24.47,7.04,2.38,3.52817603,54.0,0.718732,27.73074721
2025-03-16,59.58,18.84142433,8.02,23.47,2.27,3.08,70.363566,31.17,13.88,11.57333333,184.0,8.57,9.5,36.95,9.29,18.95,3.70332963,28.3,8.05,28.792,26.61,0.535,273.0,25.7,24.5,6.97,2.39,3.51306607,54.94,0.713972,27.72168453
2025-03-17,59.2,18.85884187,8.02,23.3,2.25,3.1,70.9908381,30.88,13.84,11.6,180.99,8.5,9.31,36.8,9.37,18.8,3.72999627,28.37,7.85,28.64,27.39,0.529,279.0,25.51,24.44,6.9,2.39,3.41485132,54.6,0.706357,27.3863784
2025-03-18,58.49,18.79352609,7.9,22.99,2.29,3.06,70.90902,31.25,13.81,11.5,189.87,8.44,9.0,37.24,9.4,18.65,3.78332955,28.65,8.5,27.44,26.5,0.53,279.0,27.5,24.0,7.2,2.44,3.43751626,54.5,0.705405,27.24138111
2025-03-19,57.7,18.92415764,7.84,23.47,2.28,3.02,70.999929,31.25,13.86,11.37333333,195.0,8.34,8.93,37.4,9.47,18.5,3.8333295,28.89,8.84,26.704,25.97,0.578,279.5,25.95,23.93,7.49,2.45,3.43751626,54.5,0.703501,27.18700689
2025-03-20,57.25,18.91109449,7.8,23.42,2.23,3.08,72.7272,33.0,14.9,11.28,189.5,8.22,8.73,37.19,9.32,19.5,3.77332956,28.7,8.6,26.392,25.5,0.6,276.5,25.59,23.65,7.41,2.42,3.35441148,54.1,0.697789,27.0691967
2025-03-23,57.5,19.17671198,7.84,23.2,2.2,3.07,74.54538,33.45,14.25,11.32,183.45,8.33,8.84,37.35,9.35,19.74,3.74999625,28.69,8.9,25.8,27.2,0.64,280.0,25.2,23.41,7.55,2.4,3.29397163,54.3,0.712068,27.04200959
2025-03-24,57.47,19.14623128,7.78,23.0,2.21,3.09,75.1362885,32.92,14.2,11.5,185.0,8.26,8.86,36.9,9.35,18.9,3.72999627,28.38,8.64,25.512,26.8,0.639,285.0,24.97,23.07,7.54,2.39,3.30908159,53.84,0.704453,27.15981978
2025-03-25,56.0,19.11575059,7.73,22.88,2.16,3.02,74.999925,33.0,14.09,11.65333333,185.0,8.14,8.57,37.0,9.33,18.88,3.67999632,28.2,9.0,25.976,26.29,0.663,285.99,24.65,23.43,7.34,2.37,3.30908159,53.2,0.70826,26.73389058
2025-03-26,57.89,19.1113962,7.71,22.55,2.16,2.97,74.818107,32.75,14.0,11.52,177.0,8.1,8.33,36.4,9.35,21.2,3.64999635,27.8,8.73,26.312,25.77,0.67,288.2,24.32,23.2,7.11,2.4,3.30152661,53.46,0.704453,26.37139639
2025-03-27,57.2,19.1113962,8.01,23.0,2.13,2.98,74.9544705,33.25,13.95,11.43333333,175.7,8.15,8.35,36.24,9.66,20.39,3.68332965,27.73,8.98,26.4,26.5,0.67,293.0,24.3,23.3,7.1,2.38,3.47529117,53.45,0.706357,26.47108215
2025-04-03,56.86,18.72385593,8.0,22.85,2.13,3.0,74.9544705,33.25,13.995,11.42666667,174.5,8.09,8.39,35.5,9.8,21.75,3.74999625,27.5,8.99,26.96,26.4,0.676,292.5,24.55,23.18,7.16,2.37,3.39974136,53.1,0.705405,26.67951636
2025-04-06,56.15,18.58016122,7.93,22.6,2.12,2.99,72.454473,32.82,13.85,11.3,171.5,8.07,8.3,34.9,9.8,22.4,3.85332948,27.5,8.95,26.72,26.17,0.664,291.8,24.5,22.67,7.1,2.36,3.3846314,51.93,0.705405,26.67045367
2025-04-07,54.3,17.85297891,7.61,21.2,2.05,2.8,72.272655,32.13,13.625,11.23333333,162.7,7.78,8.1,33.75,9.07,21.5,3.82666284,26.7,9.01,26.2,25.3,0.635,280.0,23.39,21.97,6.77,2.27,3.35441148,49.6,0.690173,26.28077332
2025-04-08,54.0,17.94006661,7.71,21.98,2.08,2.86,71.0453835,34.1,13.745,11.26,164.89,7.85,8.37,34.22,9.13,21.75,3.8666628,27.48,8.97,25.504,25.48,0.652,282.0,23.6,22.94,6.79,2.29,3.39974136,48.84,0.695885,26.21733736
2025-04-09,52.6,17.88781399,7.7,21.7,2.05,2.79,69.9544755,34.99,13.7,11.09333333,161.95,7.84,8.29,34.15,9.27,21.99,3.81332952,27.23,9.23,25.256,25.44,0.641,278.99,23.2,22.9,6.66,2.42,3.46018121,48.18,0.693029,26.25358621
2025-04-10,53.23,17.85297891,7.65,21.3,2.05,2.77,71.8090191,34.29,13.75,11.26666667,164.6,7.75,8.38,34.45,9.34,21.98,3.74332959,26.99,9.58,25.36,25.69,0.661,276.99,23.0,22.94,6.64,2.37,3.48284615,48.75,0.704453,26.00890316
2025-04-13,52.89,17.77895436,7.66,21.7,2.06,2.76,71.8090191,34.85,13.75,11.38666667,161.49,7.8,8.55,34.29,9.34,21.76,3.71332962,28.18,9.66,25.584,25.28,0.67,275.0,22.8,23.3,6.55,2.63,3.55084098,48.35,0.694933,26.15390045
2025-04-14,52.93,18.07069817,7.69,22.69,2.06,2.87,71.81811,34.83,13.945,11.57333333,164.0,8.07,8.6,34.69,9.63,23.25,3.76999623,29.09,9.8,26.6,26.85,0.664,275.0,22.87,23.76,6.63,2.66,3.51306607,48.59,0.694933,26.27171064
2025-04-15,53.1,18.46259282,7.76,23.42,2.08,2.91,70.6181112,34.4,13.945,12.06666667,161.93,8.18,8.49,35.2,9.77,23.05,3.81999618,29.0,9.62,26.368,26.9,0.653,275.4,23.49,23.88,6.72,2.8,3.43751626,49.2,0.701597,26.76107674
2025-04-16,52.97,18.39727705,7.74,22.61,2.07,2.87,70.2544752,33.98,13.85,12.26,161.88,8.07,8.35,35.29,9.77,23.25,3.74666292,28.65,9.47,25.88,26.8,0.685,275.0,23.36,23.5,6.69,2.75,3.35441148,48.97,0.701597,26.91513672
2025-04-17,52.53,18.13601394,7.7,22.25,2.06,2.87,70.8362928,33.8,13.77,12.0,159.8,8.12,8.25,35.0,9.7,23.2,3.6999963,28.38,9.15,25.552,27.0,0.683,275.49,23.2,23.3,6.57,2.82,3.31663657,48.59,0.701597,26.61607945
2025-04-22,52.62,18.02279993,7.69,22.48,2.09,2.87,70.8635655,33.8,13.855,11.97333333,161.44,8.12,8.44,34.0,9.65,23.75,3.7333296,28.2,9.18,25.12,27.25,0.687,274.57,23.3,23.25,6.59,2.88,3.33174653,48.85,0.700645,26.78826385
2025-04-23,52.6,18.02715431,7.73,23.0,2.19,2.86,72.2635641,35.0,13.795,12.22666667,169.0,8.1,8.45,34.3,10.25,23.01,3.70332963,28.5,9.06,25.28,26.97,0.68,274.5,23.48,23.5,6.66,2.91,3.32419155,50.5,0.702549,26.78826385
2025-04-27,53.53,18.27535426,7.85,23.18,2.28,2.94,72.8999271,34.65,13.91,12.53333333,172.0,8.3,8.58,34.98,10.39,23.5,3.75332958,29.19,9.12,25.6,26.79,0.679,276.0,24.2,23.5,6.9,2.9,3.44507124,51.4,0.700645,26.65232925
2025-04-28,53.5,18.26664549,7.85,24.1,2.25,2.97,73.272654,35.84,13.705,12.58666667,171.89,8.36,8.95,34.7,10.48,23.2,3.75332958,29.3,9.1,25.496,27.06,0.709,277.5,24.33,22.3,6.91,2.97,3.51306607,51.0,0.666374,25.72797126
2025-04-29,54.14,18.39727705,7.82,24.21,2.21,3.0,73.4635629,35.49,13.7,12.53333333,175.7,8.36,9.1,34.7,10.89,23.0,3.76999623,29.4,9.0,25.752,27.46,0.696,280.0,24.5,22.22,6.94,2.97,3.57350592,53.0,0.671134,25.4198513
2025-04-30,54.21,18.29277181,7.8,24.19,2.21,2.94,73.6090173,35.0,13.645,12.6,177.33,8.39,9.1,34.68,10.8,22.67,3.72666294,29.04,8.9,25.352,28.65,0.69,278.75,24.31,22.07,6.8,2.98,3.6188358,51.93,0.673038,25.23860515
2025-05-04,55.0,18.22310164,7.85,24.2,2.24,3.0,73.8635625,35.5,13.695,12.93333333,174.6,8.48,9.04,35.35,10.91,22.7,3.8333295,28.9,8.9,25.288,28.65,0.685,278.0,25.1,22.3,7.03,2.95,3.68683063,53.47,0.668278,25.29297843
2025-05-05,55.0,17.83991575,7.83,24.5,2.27,3.04,74.0817441,35.5,13.73,12.86,174.21,8.47,9.08,35.99,10.75,22.94,3.83666283,28.9,9.3,25.192,28.33,0.7,277.85,25.25,23.06,7.12,2.91,3.59617086,53.99,0.666374,25.32922823
2025-05-06,56.17,17.58736142,7.8,24.69,2.25,2.96,74.7635616,35.0,13.715,12.86,170.28,8.4,9.1,35.88,10.8,22.6,3.79332954,28.56,9.28,24.72,27.9,0.69,277.98,25.0,23.1,7.2,2.93,3.63394576,53.8,0.666374,25.18423093
2025-05-07,55.79,17.58736142,7.77,25.4,2.38,2.92,74.727198,35.0,13.7,12.7,168.0,8.38,9.07,35.99,11.07,22.0,3.83666283,28.59,9.41,24.0,28.45,0.72,279.79,24.86,22.92,7.26,2.91,3.58861588,54.0,0.665422,25.09360691
2025-05-08,54.5,17.10402467,7.68,27.5,2.38,2.92,73.63629,34.7,13.645,12.43333333,165.9,8.25,8.86,35.6,10.44,21.79,3.77999622,28.23,9.32,22.88,29.05,0.719,276.0,23.81,22.79,7.06,2.83,3.50551109,53.94,0.666374,24.85798654
2025-05-11,54.0,17.29561762,7.67,27.0,2.41,2.89,73.181745,34.7,13.62,12.43333333,162.9,8.28,8.95,35.7,10.44,21.7,3.7999962,28.4,9.32,22.84,29.45,0.723,275.0,23.5,22.6,6.95,2.85,3.55084098,54.38,0.667326,24.7854879
2025-05-12,54.2,17.89652276,7.61,26.4,2.34,2.84,73.63629,34.6,13.585,12.5,160.0,8.19,8.84,35.34,10.1,21.59,3.72999627,28.33,9.34,22.72,28.9,0.736,272.0,22.97,22.39,6.83,2.84,3.52817603,54.1,0.666374,24.64955329
2025-05-13,54.55,17.96183854,7.6,26.1,2.35,2.76,73.272654,35.0,13.55,12.53333333,161.49,8.11,8.84,35.69,10.05,21.6,3.72666294,28.29,9.72,22.384,29.95,0.747,269.6,23.4,22.38,6.87,2.86,3.5810609,53.9,0.666374,24.54080484
2025-05-14,53.95,17.84862452,7.6,26.14,2.43,2.73,73.9908351,34.98,13.55,12.56666667,159.46,8.07,8.91,35.5,10.0,21.8,3.72332961,28.17,9.75,22.2,31.0,0.769,270.1,23.8,22.3,6.91,2.8,3.59617086,53.8,0.666374,24.24174757
2025-05-15,52.8,17.76153682,7.53,26.18,2.42,2.74,74.0999259,34.89,13.54,12.60666667,159.5,8.02,8.99,35.25,10.15,21.85,3.75999624,28.75,9.8,23.504,30.24,0.762,270.1,23.44,22.21,6.92,2.78,3.64150075,53.4,0.666374,24.41393197
2025-05-18,53.1,17.73105613,7.6,26.12,2.41,2.72,74.0817441,34.93,13.55,12.77333333,158.99,8.12,9.12,35.49,10.23,21.35,3.74666292,30.45,9.64,23.04,29.82,0.765,269.59,23.5,22.11,6.89,2.78,3.6188358,53.6,0.666374,24.35049602
2025-05-19,52.19,17.5351088,7.49,26.0,2.38,2.67,73.63629,34.47,13.475,12.66666667,154.69,8.1,9.17,35.19,10.0,20.8,3.69666297,30.5,9.5,22.4,29.7,0.762,268.0,23.0,21.95,6.8,2.81,3.55839596,53.06,0.661614,24.25081026
2025-05-20,51.39,17.28690885,7.5,26.5,2.56,2.78,73.1726541,34.0,13.35,12.53333333,153.0,7.98,9.23,36.0,10.69,21.3,3.71666295,30.57,10.0,22.4,29.8,0.76,264.6,23.0,21.74,6.76,2.83,3.49040113,52.2,0.662566,23.78863126
2025-05-21,51.1,18.00538239,7.46,26.65,2.66,2.83,73.5362901,33.0,13.51,12.72666667,151.5,7.81,9.5,37.28,11.2,22.0,3.71666295,31.2,10.14,22.144,33.98,0.761,262.88,23.15,21.64,6.91,2.82,3.49040113,51.8,0.661614,23.24489094
2025-05-22,49.93,18.30583496,7.45,27.5,2.82,2.85,73.181745,32.78,13.55,12.88,150.0,7.74,9.63,37.28,11.66,22.2,3.81999618,31.75,9.9,21.832,36.94,0.77,260.7,22.89,21.5,7.08,2.78,3.44507124,51.2,0.661614,23.47144956
2025-05-25,49.31,18.25358234,7.58,26.99,2.94,2.81,72.999927,32.83,13.545,13.18666667,152.5,7.77,9.7,37.29,11.76,21.86,3.87666279,31.89,9.8,22.224,37.0,0.8,258.5,22.96,22.17,7.3,2.73,3.49040113,51.2,0.655903,23.63457128
2025-05-26,49.18,18.39292266,7.58,26.77,2.96,2.8,73.0726542,33.34,13.635,13.32,159.69,7.71,9.88,36.5,11.66,21.85,3.92332941,31.5,9.57,22.32,37.8,0.82,261.45,23.57,22.33,7.4,2.72,3.47529117,52.37,0.652095,23.46238688
2025-05-27,49.6,18.39292266,7.53,26.87,3.05,2.83,73.8635625,32.89,13.635,13.19333333,159.89,7.7,9.88,37.9,11.7,23.1,3.95999604,30.69,9.7,22.312,38.8,0.81,259.9,23.54,22.5,7.8,2.86,3.48284615,53.99,0.653047,23.37176381
2025-05-28,49.89,18.76739978,7.56,27.0,3.06,2.88,74.181744,32.49,13.55,13.05333333,157.91,7.72,10.15,37.9,11.95,23.19,3.9666627,30.9,9.78,22.52,38.75,0.835,260.9,23.76,22.65,7.76,2.86,3.47529117,55.7,0.661614,24.0061272
2025-05-29,49.27,18.98511904,7.53,30.5,3.05,2.81,75.3181065,33.35,13.485,12.86666667,156.0,7.67,10.0,37.1,11.63,22.67,3.96332937,31.33,9.6,22.152,39.88,0.845,259.0,24.05,22.45,8.13,2.78,3.45262623,55.5,0.658758,23.90644145
2025-06-01,48.84,19.07220674,7.5,31.5,3.18,2.86,75.3181065,33.38,13.3,12.93333333,161.6,7.63,10.0,37.37,11.56,24.0,3.97666269,31.5,9.37,22.016,42.99,0.9,259.0,24.0,22.2,8.21,2.82,3.42996128,57.0,0.656854,23.5167611
2025-06-02,49.45,19.99969076,7.53,34.4,3.11,2.86,73.4271993,33.24,13.5,12.69,164.4,7.71,9.74,37.7,11.44,24.09,3.90999609,30.48,9.39,21.784,44.75,0.876,270.0,23.7,22.24,8.2,2.79,3.43751626,57.18,0.657806,23.45332419
2025-06-03,49.47,20.13903109,7.55,37.0,3.09,2.85,73.7544717,32.5,13.535,12.42,165.75,7.9,9.45,37.9,11.28,23.02,3.50332983,30.3,9.48,22.08,47.89,0.856,280.0,23.0,22.22,8.18,2.84,3.42996128,57.0,0.654951,23.42613803
2025-06-04,49.89,19.97791884,7.52,34.94,3.19,2.93,74.4453801,32.3,13.545,12.68,164.5,8.05,9.5,37.77,11.19,24.0,3.46332987,30.1,9.33,22.24,46.12,0.88,275.9,22.8,22.54,8.29,2.91,3.41485132,57.12,0.656854,23.92456587
2025-06-10,50.86,21.32777822,7.59,32.99,3.25,3.0,74.4453801,32.39,13.75,12.67,163.5,8.13,9.7,37.5,11.58,24.0,3.51332982,30.84,9.6,22.52,44.9,0.918,277.85,23.05,23.21,8.68,2.95,3.48284615,58.8,0.656854,24.16924892
2025-06-11,51.5,21.7719255,7.63,32.24,3.34,2.97,75.0453795,31.9,13.65,12.68,167.7,8.05,9.65,37.74,11.6,24.49,3.51332982,30.8,9.57,22.464,43.43,0.939,280.0,23.3,23.49,8.91,3.07,3.55839596,59.2,0.656854,24.42299466
2025-06-12,51.0,20.94459233,7.54,31.69,3.3,2.9,75.0453795,31.24,13.45,12.44,170.0,7.91,9.55,37.89,11.39,24.49,3.47666319,30.8,9.33,22.24,43.68,0.935,278.98,23.43,23.21,8.5,3.04,3.51306607,57.7,0.656854,24.06050143
2025-06-15,49.9,20.047589,7.44,31.5,3.2,2.79,74.090835,31.24,13.21,12.34,167.55,7.68,9.55,37.37,11.2,24.09,3.37666329,30.7,9.23,21.776,42.02,0.903,274.42,22.71,22.6,8.15,2.88,3.42996128,55.99,0.648287,23.29020247
2025-06-16,47.9,19.85599606,7.38,32.5,3.21,2.65,72.7272,30.5,13.34,11.86,161.0,7.4,9.1,36.8,11.2,22.7,3.2666634,27.4,9.03,21.0,43.98,0.882,299.79,20.6,21.94,8.06,2.84,3.30908159,54.8,0.635911,22.61052754
2025-06-17,47.15,19.49893648,7.24,33.6,3.13,2.62,72.636291,30.0,13.15,11.56,164.0,7.39,8.99,36.68,10.95,22.0,3.20666346,26.7,8.8,20.992,46.46,0.861,285.98,19.94,21.47,7.92,2.77,3.28641665,54.19,0.6302,22.82802348
2025-06-18,46.4,18.94157519,7.14,32.99,3.14,2.56,72.8635635,29.89,12.94,11.4,159.0,7.1,8.99,36.5,11.2,21.93,3.07666359,25.42,8.62,20.704,48.95,0.815,294.87,19.39,22.0,7.91,2.77,3.24108676,54.73,0.618776,22.27522141
2025-06-19,46.9,18.88932256,7.1,32.5,3.15,2.57,72.7362909,29.49,13.0,11.33,159.99,7.13,8.96,36.3,11.4,21.99,3.07999692,24.9,8.59,20.64,51.5,0.89,292.0,19.5,22.0,7.97,2.74,3.20331186,54.5,0.617824,22.29334584
2025-06-22,47.0,19.42055755,7.07,33.44,3.26,2.6,72.636291,29.1,13.0,11.4,160.0,7.1,8.89,36.4,11.79,22.89,3.0666636,25.65,8.87,20.4,50.1,0.946,293.0,19.5,22.2,7.96,2.79,3.29397163,53.16,0.627344,21.97616414
2025-06-23,47.1,20.37852227,7.62,33.7,3.46,2.7,72.7999272,29.44,13.33,11.58,160.99,7.3,8.94,37.49,12.01,23.7,3.10999689,27.5,8.95,21.424,50.69,0.961,302.99,20.0,23.0,8.28,2.84,3.33930151,53.5,0.6302,22.13928586
2025-06-24,47.95,20.29143457,7.63,35.69,3.56,2.75,75.272652,30.5,13.53,12.59,162.4,7.45,9.33,37.75,12.53,23.5,3.21999678,28.47,9.28,21.976,51.5,0.994,315.0,21.47,23.78,8.78,2.89,3.42996128,55.0,0.647335,22.74646214
2025-06-25,48.99,20.34368719,7.59,37.0,3.67,2.84,76.272651,30.78,13.5,12.79,161.87,7.59,9.5,37.99,12.65,23.69,3.2333301,28.19,9.52,22.44,59.49,1.049,319.0,21.8,24.25,9.22,2.9,3.48284615,55.75,0.647335,23.27207805
2025-06-29,50.87,21.33648699,7.76,38.0,3.79,2.9,77.545377,30.78,13.6,12.9,163.9,7.77,9.6,39.75,12.77,23.69,3.28999671,27.47,9.65,22.376,59.0,1.1,333.0,21.97,24.35,9.39,2.94,3.50551109,56.95,0.650191,23.47144956
2025-06-30,50.93,21.31036068,7.68,37.35,3.74,2.94,77.6817405,31.9,13.34,13.09,162.49,7.71,9.55,39.27,12.5,23.5,3.2666634,27.1,9.47,22.0,56.0,1.02,336.7,21.54,24.36,9.25,3.26,3.43751626,57.22,0.654951,23.30832689
2025-07-01,50.29,20.57882398,7.48,37.55,3.72,2.88,77.2362864,30.99,13.31,12.94,160.97,7.61,9.41,38.49,12.17,23.13,3.2333301,26.43,9.37,21.84,56.48,1.05,341.0,21.47,24.05,9.05,3.33,3.37707642,56.4,0.661614,23.24489094
2025-07-02,49.17,20.38723104,7.43,36.5,3.56,2.89,77.27265,31.7,13.04,12.5,159.6,7.56,9.34,38.0,12.32,22.18,3.22999677,26.42,9.3,21.68,57.0,1.21,362.99,21.8,23.7,9.2,3.25,3.33930151,56.1,0.660662,22.78271194
2025-07-06,49.15,20.63978537,7.45,37.0,3.65,2.97,76.7635596,31.81,13.09,12.88,163.0,7.68,9.38,38.24,12.6,22.29,3.24333009,26.21,9.62,22.08,57.49,1.15,363.0,22.29,23.9,9.34,3.3,3.37707642,56.42,0.654951,22.79177368
2025-07-07,49.55,20.42206612,7.72,36.45,3.63,3.05,76.36356,32.0,13.0,12.75,168.75,8.78,9.4,39.73,12.97,22.31,3.24666342,25.8,9.75,21.96,55.4,1.19,362.0,22.1,23.65,9.29,3.38,3.36196646,56.99,0.652095,23.56207264
2025-07-09,49.99,20.32626965,7.88,34.98,3.56,3.25,76.999923,31.97,13.74,12.6,174.0,8.6,9.31,39.7,13.7,23.17,3.2333301,25.38,9.69,22.952,54.4,1.23,359.0,21.7,23.35,9.46,3.35,3.52817603,56.89,0.653999,23.90644145
2025-07-10,50.4,20.03017146,7.74,34.45,3.54,3.37,77.2181046,32.32,13.7,12.59,174.5,8.42,9.38,38.99,13.27,23.97,3.25333008,25.1,9.57,23.2,53.95,1.18,365.0,21.69,23.23,9.49,3.42,3.50551109,56.78,0.654951,24.2870591
2025-07-13,50.9,19.78632589,7.65,35.35,3.52,3.3,77.2181046,32.2,13.94,12.6,173.5,8.63,9.32,38.9,13.6,24.5,3.26333007,25.05,9.54,23.36,53.6,1.19,365.0,21.89,23.7,9.25,3.32,3.49040113,56.9,0.657806,24.19643603
2025-07-14,50.33,20.50044505,7.77,36.0,3.55,3.29,79.1362845,33.9,13.81,12.4,170.4,9.5,9.27,38.49,13.64,23.98,3.22666344,25.27,9.52,23.032,54.39,1.16,379.98,21.53,24.3,9.17,3.45,3.47529117,56.3,0.653047,23.72519435
2025-07-15,52.38,20.93588356,7.82,35.3,3.64,3.33,80.90901,33.88,13.73,12.4,173.98,9.85,9.29,39.49,13.26,24.25,3.37999662,25.38,9.67,23.504,54.0,1.14,382.0,21.42,23.97,9.17,3.39,3.47529117,56.65,0.653047,23.81581838
2025-07-16,52.83,21.32777822,8.07,34.9,3.6,3.3,81.7999182,33.39,13.72,12.55,176.39,10.7,9.38,39.35,12.84,24.25,3.37666329,25.12,9.75,23.56,53.5,1.17,391.0,21.45,23.75,8.98,3.4,3.41485132,56.59,0.652095,23.64363397
2025-07-17,52.19,21.23198175,8.0,34.89,3.49,3.24,81.8181,32.85,14.62,12.3,178.95,10.6,9.22,39.0,13.06,25.0,3.35999664,25.15,9.7,23.4,54.27,1.17,377.99,21.4,23.57,8.95,3.45,3.40729634,55.8,0.651143,23.54394821
2025-07-20,53.25,21.3626133,7.85,34.89,3.57,3.27,82.5817356,33.25,15.23,12.28,180.99,10.7,9.15,38.89,12.79,25.24,3.39332994,25.17,10.0,23.48,64.0,1.22,385.0,22.4,23.98,8.88,3.31,3.41485132,55.69,0.651143,23.76144415
2025-07-21,52.95,21.29294314,7.82,33.99,3.61,3.26,83.181735,33.45,15.6,12.46,179.9,10.51,9.07,38.66,13.0,25.0,3.3999966,25.4,10.47,23.44,63.85,1.26,391.0,22.67,23.76,8.86,3.38,3.56595094,55.7,0.653047,23.53488552
2025-07-22,51.96,21.02297126,7.75,35.88,3.5,3.13,83.181735,33.44,16.5,12.55,175.26,10.24,8.96,38.02,12.68,24.28,3.33999666,25.32,10.44,23.176,62.0,1.23,387.99,22.37,23.45,8.79,3.27,3.42996128,54.99,0.653999,23.39895092
2025-07-23,50.89,20.90104848,7.62,37.37,3.55,3.13,83.63628,33.0,16.2,12.4,176.98,9.95,8.87,39.09,12.63,23.88,3.31999668,25.19,10.38,22.792,61.2,1.35,396.99,22.76,23.32,8.6,3.21,3.37707642,55.5,0.671,24.8
2025-07-27,51.8,21.24939929,7.76,37.99,3.65,3.15,86.3544591,33.29,16.65,12.39,175.0,10.28,8.69,40.9,13.1,23.8,3.31999668,24.97,10.44,22.96,60.8,1.36,396.0,23.2,23.37,8.72,3.23,3.39218638,55.54,0.667,23.7
2025-07-28,52.25,21.54549747,7.81,37.0,3.67,3.11,86.36355,33.0,16.4,12.48,176.0,10.11,8.56,40.7,13.29,24.3,3.31333002,24.7,10.46,23.104,61.0,1.35,394.89,22.85,23.3,8.58,3.2,3.39218638,55.24,0.656,23.65
2025-07-29,51.14,20.90104848,7.59,36.97,3.58,3.03,86.636277,33.67,17.29,12.3,172.95,10.07,8.5,40.2,13.05,25.17,3.2333301,23.92,10.3,22.856,65.0,1.29,389.87,22.7,22.88,8.27,3.16,3.33174653,53.83,0.659,23.45
2025-07-30,51.0,20.90104848,7.64,39.24,3.55,3.12,86.3544591,34.15,17.82,12.39,169.89,10.25,8.55,40.4,13.29,24.7,3.25333008,23.73,10.38,23.096,75.75,1.27,400.0,22.84,22.81,8.33,3.25,3.33930151,53.39,0.659,23.32
2025-07-31,50.6,20.77041693,7.42,39.84,3.41,3.1,86.545368,34.0,17.48,12.2,169.8,10.26,8.52,41.0,12.85,25.49,3.22999677,23.83,10.25,23.032,88.99,1.19,395.0,22.54,22.6,8.31,3.22,3.40729634,53.3,0.662,23.13
2025-08-03,50.51,20.90104848,7.37,40.87,3.39,3.09,85.636278,35.05,17.47,12.35,168.48,10.25,8.62,41.96,12.89,25.7,3.25666341,23.85,10.07,23.36,88.7,1.17,396.9,22.7,22.5,8.35,3.21,3.43751626,53.7,0.662,23.12
2025-08-04,50.99,20.90104848,7.44,39.2,3.34,3.24,87.181731,36.25,17.99,12.85,167.99,10.56,8.55,42.9,13.16,25.49,3.30333003,23.66,10.05,23.6,87.8,1.14,394.99,22.44,22.54,8.27,3.18,3.44507124,54.94,0.664,23.39
2025-08-05,51.4,21.03168003,7.51,39.9,3.31,3.26,88.999911,37.97,18.4,13.1,172.0,11.2,8.52,42.55,12.89,25.3,3.3999966,23.62,10.25,23.392,84.89,1.14,392.0,22.5,22.78,8.34,3.22,3.43751626,55.44,0.667,24.24
2025-08-06,51.79,20.98813618,7.54,39.4,3.26,3.27,90.727182,38.49,18.6,13.05,171.99,11.1,8.69,45.5,13.15,25.0,3.35999664,23.75,10.33,23.752,82.8,1.18,398.8,22.48,22.65,8.35,3.22,3.43751626,55.35,0.666,24.17
2025-08-07,53.37,20.8662134,7.43,39.3,3.15,3.23,91.727181,39.2,18.18,14.0,169.9,11.2,8.73,44.75,13.26,24.77,3.31999668,23.62,10.25,23.68,78.2,1.21,394.25,22.4,22.6,8.31,3.3,3.42996128,55.93,0.666,23.95
2025-08-10,54.49,21.2755256,7.42,39.1,3.16,3.19,92.72718,39.2,17.8,14.3,171.99,11.1,8.86,45.45,13.5,24.9,3.36999663,24.25,10.33,23.76,79.65,1.23,388.95,23.44,22.9,8.36,3.29,3.46018121,56.96,0.673,23.95
2025-08-11,54.48,20.84008709,7.41,39.2,3.18,3.2,91.7180901,39.0,17.88,14.23,173.0,11.45,8.89,45.2,13.55,25.2,3.37999662,24.33,10.68,23.52,79.69,1.27,393.0,23.79,23.19,8.43,3.32,3.49040113,57.2,0.688,24.1
2025-08-12,54.0,20.07371531,7.36,39.2,3.14,3.12,90.727182,39.0,18.17,14.25,170.95,11.65,8.81,45.15,13.47,25.0,3.31666335,24.2,11.0,23.64,78.4,1.16,396.0,23.6,22.84,8.35,3.26,3.51306607,56.96,0.697,23.93
2025-08-13,53.9,20.11725916,7.35,40.49,3.14,3.08,90.818091,38.99,18.6,14.5,169.5,11.8,8.9,44.99,13.45,25.44,3.30333003,24.43,10.9,23.68,81.4,1.18,393.75,23.49,23.06,8.36,3.3,3.43751626,56.94,0.705,24.33
2025-08-14,52.99,20.03017146,7.32,43.0,3.11,2.89,90.7726365,38.6,19.0,14.35,166.25,11.52,8.7,45.0,13.3,25.15,3.27666339,24.3,10.7,23.52,81.99,1.14,394.0,23.23,23.13,8.25,3.24,3.32419155,56.49,0.704,24.35
2025-08-17,52.98,20.11725916,7.29,42.48,3.04,2.81,90.909,38.73,18.78,14.03,164.9,11.65,8.68,46.75,13.33,25.35,3.27999672,24.85,11.09,23.448,81.47,1.2,395.9,23.43,22.74,8.25,3.25,3.35441148,56.0,0.71,24.38
2025-08-18,53.2,20.20434686,7.5,43.9,3.09,2.76,92.272635,38.65,18.0,13.99,165.65,12.3,8.58,46.68,13.5,26.97,3.28999671,24.84,11.13,23.52,87.9,1.23,395.0,23.94,22.82,8.21,3.31,3.35441148,56.4,0.719,24.98
2025-08-19,52.7,19.93437499,7.66,48.89,3.12,2.77,91.8271809,37.39,18.0,13.83,165.6,12.57,8.58,46.95,13.85,26.8,3.27999672,25.0,10.9,23.048,88.9,1.26,393.0,24.14,23.17,7.97,3.27,3.33930151,55.5,0.719,25.05
2025-08-20,52.87,19.68182065,7.52,47.39,3.15,2.86,91.9180899,37.2,17.92,13.96,164.47,12.18,8.59,46.8,13.85,26.5,3.28333005,26.05,10.85,22.88,88.9,1.27,388.0,24.2,23.44,8.05,3.28,3.32419155,55.79,0.72,25.19
2025-08-21,52.38,19.02866289,7.48,43.7,3.09,2.8,91.090818,36.84,18.0,13.8,161.0,11.97,8.44,46.48,13.73,26.09,3.24999675,26.0,10.9,21.76,87.3,1.24,384.99,24.0,23.12,7.97,3.22,3.25619672,55.48,0.712,25.05
2025-08-24,52.63,18.87190502,7.49,42.9,3.13,2.81,90.4453641,37.84,18.0,13.97,161.48,11.94,8.43,46.3,13.79,26.45,3.27999672,26.64,11.03,21.832,92.98,1.2,386.0,23.85,23.15,7.94,3.22,3.21842182,55.55,0.71,25.62
2025-08-25,52.39,19.02866289,7.47,42.33,3.14,2.82,90.363546,38.0,17.7,14.23,161.0,11.75,8.38,46.6,13.82,26.0,3.34999665,26.5,10.81,21.72,93.45,1.2,386.0,23.44,23.2,8.01,3.18,3.28641665,55.5,0.71,25.77
2025-08-26,52.4,18.76739978,7.44,42.0,3.2,2.87,90.909,37.65,17.5,14.2,160.74,11.17,8.4,46.7,13.8,25.9,3.34666332,26.35,10.9,21.72,89.75,1.17,385.54,23.38,23.1,7.94,3.14,3.37707642,55.2,0.709,25.65
2025-08-27,52.3,18.69772962,7.41,41.0,3.22,2.87,89.181729,39.0,17.4,13.91,159.76,11.2,8.36,47.1,13.49,25.59,3.31666335,25.93,10.67,21.264,86.8,1.18,390.3,23.3,22.87,7.81,3.18,3.33930151,55.0,0.716,25.4
2025-08-28,52.59,18.53226299,7.47,41.6,3.19,2.85,89.9817282,39.0,17.22,13.9,159.9,11.2,8.4,47.0,13.8,25.51,3.32333001,26.2,10.82,21.712,84.99,1.18,389.99,23.33,22.86,8.1,3.21,3.30152661,55.46,0.717,25.3
2025-08-31,53.0,18.63676823,7.46,41.28,3.17,2.82,88.7453658,38.7,17.17,14.0,160.4,11.27,8.43,46.89,13.85,25.7,3.34999665,26.34,10.88,21.96,82.7,1.18,408.0,23.49,23.0,8.2,3.19,3.28641665,55.69,0.714,25.05
2025-09-01,52.75,18.22745603,7.4,40.18,3.09,2.74,88.18173,38.5,17.1,13.65,158.99,11.15,8.17,45.9,13.5,25.2,3.2999967,26.19,10.49,21.28,79.95,1.16,407.0,22.75,22.43,8.0,3.12,3.16553696,55.0,0.711,24.55
2025-09-02,54.0,18.20132972,7.42,39.68,3.11,2.8,87.27264,38.4,17.1,13.54,158.58,11.2,8.18,46.46,13.49,25.1,3.37332996,26.15,10.62,21.2,80.01,1.15,409.94,22.8,22.39,8.05,3.16,3.14287201,55.36,0.715,24.55
2025-09-03,53.89,18.33196127,7.39,39.5,3.08,2.73,87.27264,38.0,17.0,13.39,158.74,11.15,8.23,46.19,13.4,24.95,3.37332996,25.84,11.01,20.952,79.36,1.16,399.75,22.45,22.34,7.99,3.16,3.11265209,54.97,0.716,24.44
2025-09-07,53.39,18.20132972,7.36,38.64,3.1,2.66,87.4908216,37.97,17.0,13.2,162.9,11.55,8.97,46.19,13.37,24.48,3.35666331,25.49,10.64,20.96,76.7,1.17,398.0,22.42,22.38,7.82,3.12,3.20331186,53.9,0.719,24.27
2025-09-08,54.0,18.08811571,7.34,37.2,3.12,2.65,87.2544582,37.33,17.0,13.12,159.58,11.38,8.82,45.9,13.4,24.05,3.32333001,25.2,10.62,20.64,74.45,1.27,396.0,22.46,21.97,7.66,3.14,3.15798197,53.48,0.718,24.1
2025-09-09,53.8,17.69622105,7.36,39.5,3.13,2.54,87.454458,38.99,16.99,12.54,156.9,11.55,8.8,45.86,13.42,23.5,3.39332994,25.25,10.46,20.536,76.98,1.28,395.9,22.4,21.97,7.54,3.16,3.15042699,53.4,0.717,24.2
2025-09-10,52.96,17.83556137,7.45,39.0,3.17,2.53,86.545368,38.99,16.6,12.52,153.7,11.44,8.58,44.96,13.4,23.68,3.33666333,25.75,10.6,20.8,76.76,1.23,395.0,22.15,21.78,7.32,3.17,3.09754213,53.18,0.716,24.0
2025-09-11,53.5,17.88781399,7.46,39.4,3.19,2.55,87.27264,38.85,16.7,12.74,157.0,11.57,8.55,46.02,13.99,24.0,3.3666633,26.1,10.59,21.688,77.9,1.23,413.0,22.1,21.76,7.32,3.15,3.2259768,53.3,0.716,24.17
2025-09-14,54.08,18.11424202,7.45,39.12,3.17,2.51,88.18173,38.49,16.39,12.75,158.0,11.77,8.63,47.5,13.8,23.87,3.48999651,25.9,10.7,21.592,76.9,1.28,419.0,22.14,21.86,7.32,3.09,3.21842182,53.9,0.718,24.45
2025-09-15,54.8,18.15778587,7.45,40.77,3.15,2.44,89.0817291,38.34,16.34,12.68,156.96,11.91,8.59,47.75,13.8,23.77,3.48666318,25.85,10.68,21.24,77.88,1.29,435.0,22.35,21.8,7.38,3.08,3.20331186,54.2,0.725,24.6
2025-09-16,54.48,18.10553325,7.41,41.06,3.09,2.59,89.727183,38.33,16.89,12.38,158.3,11.55,8.39,47.89,13.5,22.77,3.45666321,25.7,10.53,20.96,76.69,1.25,424.99,22.14,21.57,7.21,2.99,3.17309194,54.18,0.725,24.89
2025-09-17,53.62,17.80072629,7.46,39.4,3.09,2.63,89.727183,38.5,16.7,12.08,159.99,11.4,8.25,47.41,13.47,22.1,3.38999661,25.25,10.4,20.832,73.9,1.22,416.0,21.45,21.27,7.19,2.87,3.13531703,53.96,0.728,24.0
2025-09-18,53.96,18.26229111,7.5,39.2,3.12,2.67,90.090819,41.0,16.38,12.25,162.0,11.44,8.27,47.3,13.42,22.3,3.38332995,26.39,10.5,21.568,73.63,1.2,430.0,21.0,21.25,7.21,2.86,3.12776205,54.08,0.728,24.25
2025-09-21,52.7,18.27099988,7.48,38.0,3.12,2.67,89.99991,41.35,16.45,12.15,159.9,11.5,8.26,47.76,13.7,22.13,3.34333,26.47,10.67,21.528,72.89,1.17,449.99,21.0,21.25,7.28,2.86,3.11265209,55.12,0.728,24.18
2025-09-22,52.1,18.20132972,7.46,38.5,3.12,2.59,88.7726385,42.0,16.24,12.14,159.67,11.34,8.25,47.34,13.8,21.86,3.32333,26.3,11.1,21.536,73.49,1.17,459.59,21.0,21.44,7.18,2.89,3.11265209,55.0,0.728,24.1
2025-09-23,51.98,18.1490771,7.45,37.98,3.17,2.57,87.7726395,43.43,16.1,12.55,156.1,11.22,8.26,47.0,13.98,21.83,3.366663,26.2,11.21,22.24,73.0,1.15,446.0,20.99,21.45,7.2,2.93,3.11265209,55.15,0.728,24.14
2025-09-24,51.75,18.04457185,7.48,37.39,3.17,2.55,89.99991,43.94,17.98,12.53,155.0,11.33,8.2,47.2,13.98,21.58,3.369997,26.27,11.0,22.88,71.4,1.13,445.0,21.4,21.4,7.31,2.91,3.09754213,55.5,0.731,24.4
2025-09-25,52.09,18.07069817,7.63,38.7,3.23,2.58,89.99991,43.94,18.9,12.7,155.0,11.3,8.22,47.0,13.9,21.85,3.4,26.39,10.98,22.6,71.99,1.14,435.6,21.12,21.55,7.41,2.86,3.10509711,55.6,0.731,24.3
2025-09-28,53.59,18.07069817,7.65,39.0,3.21,2.54,90.909,43.49,18.51,12.8,154.7,11.5,8.39,48.5,13.96,22.17,3.3,26.95,10.92,22.576,72.0,1.18,433.0,21.4,21.55,7.33,2.87,3.17309194,55.8,0.73,24.65
2025-09-29,53.67,18.07069817,7.66,39.48,3.15,2.51,90.818091,43.45,20.1,12.81,153.25,11.75,8.6,50.47,14.3,22.7,3.33,27.09,10.99,22.704,74.0,1.16,434.98,21.52,21.5,7.45,2.92,3.21842182,56.35,0.729,24.9
2025-09-30,53.55,18.74127347,7.61,39.7,3.2,2.51,91.81809,43.45,20.2,12.8,152.99,12.35,8.8,51.98,14.55,22.73,3.34,27.3,11.18,23.032,74.4,1.14,430.0,22.0,22.2,7.5,3.0,3.20331186,56.95,0.729,24.89
2025-10-01,53.55,19.24638214,7.61,39.3,3.17,2.56,93.818088,43.0,20.1,13.2,155.75,12.3,8.9,51.99,14.43,23.0,3.31,27.0,11.6,23.024,73.92,1.15,425.0,21.7,22.4,7.41,2.98,3.28641665,57.66,0.729,25.19
2025-10-02,53.54,19.15929444,7.61,39.0,3.16,2.61,93.999906,42.9,22.14,13.02,157.0,12.16,8.8,51.0,14.7,23.0,3.3,26.9,11.66,22.96,73.1,1.16,427.0,21.67,21.99,7.51,2.92,3.27886167,57.7,0.728,24.88
2025-10-05,54.14,19.9605013,7.69,41.4,3.11,2.58,96.272631,43.1,22.44,12.95,160.84,12.17,8.72,50.99,14.73,23.46,3.29,26.8,11.5,23.48,78.5,1.14,428.9,21.73,22.11,7.55,2.92,3.27886167,57.49,0.726,25.45
2025-10-06,54.29,19.97791884,7.78,39.54,3.11,2.55,95.999904,42.75,22.1,12.88,161.48,12.2,8.72,49.48,14.97,23.2,3.28,27.2,11.47,23.64,76.0,1.12,447.75,21.94,22.09,7.55,2.91,3.25619672,57.1,0.724,25.5
2025-10-07,54.19,19.94308376,7.75,39.47,3.08,2.5,95.908995,42.6,22.89,12.85,168.25,12.19,9.25,49.83,14.82,22.9,3.26,27.03,11.74,23.84,74.29,1.1,447.9,21.68,22.35,7.46,2.9,3.25619672,56.35,0.724,25.28
2025-10-08,53.98,19.94308376,7.69,40.0,3.05,2.52,96.272631,42.5,23.05,12.93,166.99,12.1,9.17,49.99,14.74,22.79,3.23,27.49,11.75,23.912,76.0,1.07,453.99,21.49,22.6,7.41,2.93,3.27130669,58.01,0.72,25.25
2025-10-12,53.79,20.30885211,7.64,47.7,3.04,2.77,96.272631,42.75,23.75,12.7,166.5,11.91,9.28,50.53,14.72,23.46,3.19,27.5,11.78,23.8,88.5,1.05,479.0,21.9,22.35,7.42,2.88,3.25619672,58.97,0.719,25.39
2025-10-13,53.46,20.59624152,7.56,54.95,3.07,2.79,96.090813,42.74,23.49,12.86,176.47,11.68,9.4,50.5,14.7,23.5,3.21,27.9,12.3,24.08,88.0,1.06,483.0,22.3,23.13,7.55,2.9,3.27130669,58.99,0.714,25.44
2025-10-14,53.4,20.62236783,6.95,51.0,3.09,2.74,95.818086,42.5,22.99,13.13,175.2,11.7,9.38,50.0,14.73,23.25,3.24,28.8,12.14,24.28,86.66,1.05,479.85,22.98,23.47,7.69,2.91,3.33930151,59.0,0.715,25.87
2025-10-15,53.5,20.24789072,6.89,49.25,3.06,2.72,96.36354,42.6,22.3,13.1,174.99,11.61,9.2,50.0,14.49,23.0,3.19,29.09,11.71,24.12,84.5,1.05,479.0,23.25,23.7,7.84,2.88,3.31663657,58.0,0.714,25.89
2025-10-16,54.19,20.50915382,6.89,49.4,3.09,2.7,96.818085,42.72,22.75,13.1,178.9,11.6,9.15,50.98,14.41,23.3,3.21,29.88,11.76,24.0,85.4,1.09,481.0,22.94,23.99,7.83,2.92,3.31663657,58.2,0.713,25.97
2025-10-19,54.05,20.50044505,6.92,48.0,3.11,2.71,96.36354,43.69,22.85,13.4,183.6,11.81,9.15,51.49,14.43,23.94,3.26,30.0,11.6,23.976,84.3,1.11,480.0,23.19,23.71,7.99,2.95,3.32419155,58.4,0.712,26.16
2025-10-20,53.99,21.16231159,6.96,47.99,3.09,2.81,97.4089935,43.88,23.5,13.46,189.0,11.8,9.2,51.09,14.4,24.61,3.28,30.0,11.53,23.84,85.0,1.13,479.0,23.19,23.54,8.1,2.93,3.3846314,58.4,0.712,26.2
2025-10-21,53.99,21.26681683,6.91,47.95,3.08,2.86,96.5271762,43.6,23.49,13.44,188.5,11.59,9.15,50.96,14.4,24.6,3.23,29.9,11.53,23.84,85.0,1.1,477.94,23.18,23.45,8.14,2.89,3.43751626,57.78,0.71,26.07
2025-10-22,50.1,21.76321673,6.92,47.39,3.03,2.83,95.4726318,43.08,24.0,13.26,205.0,11.72,9.12,50.87,14.4,25.0,3.22,29.5,11.38,23.696,87.75,1.08,469.4,22.71,24.05,8.05,2.85,3.40729634,57.45,0.71,26.15
2025-10-23,50.34,21.7719255,6.92,48.48,3.09,2.77,95.45445,43.5,24.2,13.34,212.0,11.57,9.09,51.49,14.47,25.18,3.26,29.05,11.4,24.48,94.35,1.1,469.4,23.0,24.22,8.0,2.88,3.37707642,56.88,0.71,26.35
2025-10-26,49.5,22.54700605,7.04,49.0,3.1,2.8,95.5999044,43.6,24.0,14.15,210.0,11.4,9.61,51.4,14.47,25.5,3.3,29.66,11.39,25.824,97.0,1.16,472.5,24.1,24.5,8.1,2.88,3.4224063,57.85,0.71,26.5
2025-10-27,49.48,22.54700605,7.03,48.48,3.16,2.88,96.545358,43.44,24.45,14.39,204.0,11.41,9.8,51.0,14.7,25.34,3.32,29.55,11.47,25.96,96.87,1.14,468.99,24.73,24.27,8.15,3.01,3.42996128,58.2,0.709,26.5
2025-10-28,48.58,22.17252893,7.09,47.5,3.18,2.93,96.181722,45.5,25.39,14.41,195.89,11.56,9.8,50.94,14.7,24.93,3.33,29.4,11.5,26.008,93.55,1.13,464.8,24.9,24.1,8.1,3.01,3.37707642,58.6,0.709,26.4
2025-10-29,48.84,22.80826915,7.07,47.89,3.13,2.95,96.36354,45.6,24.29,14.2,206.0,11.54,9.9,50.77,14.67,24.62,3.34,29.0,11.43,26.248,96.0,1.16,470.0,24.9,24.28,8.04,2.96,3.35441148,58.6,0.71,26.03
2025-10-30,48.86,23.4091743,7.04,47.68,3.1,2.95,95.8999041,45.49,24.22,14.54,209.0,11.42,10.18,50.5,14.9,24.85,3.34,29.0,11.43,26.352,94.0,1.14,475.0,24.95,24.17,8.04,2.93,3.34685649,58.35,0.71,26.4
2025-11-02,48.92,23.20887258,7.04,46.95,3.0,2.87,96.0817221,45.35,23.97,14.7,208.2,11.4,9.9,50.47,14.79,24.9,3.31,28.78,11.3,26.24,94.45,1.13,477.4,25.85,23.97,7.94,2.94,3.28641665,59.58,0.71,26.36
2025-11-03,48.69,22.96502702,6.99,46.55,2.83,2.73,96.3544491,45.19,23.55,14.89,208.4,11.34,10.24,52.44,14.63,25.5,3.29,28.9,11.36,26.224,93.5,1.1,474.8,25.3,23.9,8.13,2.9,3.27130669,62.01,0.71,26.13
2025-11-04,47.85,22.99115333,7.01,47.4,2.86,2.82,98.454447,45.5,23.39,15.0,208.35,11.2,10.33,53.59,14.57,25.71,3.36,29.1,11.34,26.224,96.79,1.1,473.99,26.49,24.35,8.31,2.92,3.24864174,64.99,0.71,26.18
2025-11-05,47.79,23.20887258,6.98,47.1,2.81,2.86,97.727175,45.95,23.5,15.0,205.0,11.17,10.28,53.94,14.65,25.95,3.35,28.79,11.25,25.992,99.25,1.1,469.88,26.79,24.75,8.4,2.94,3.21086684,68.98,0.71,25.99
2025-11-06,47.05,23.14791119,6.93,46.45,2.83,2.8,99.9999,49.0,23.15,14.81,209.9,10.88,10.22,54.0,15.5,26.15,3.32,28.8,11.34,26.2,98.9,1.09,479.0,26.6,24.3,8.46,2.9,3.25619672,72.25,0.709,25.53
2025-11-09,47.28,23.25241643,6.96,47.5,2.91,2.81,101.545353,49.5,23.1,15.4,219.0,10.83,10.58,53.48,16.1,28.0,3.35,29.5,11.4,26.83,98.4,1.07,485.0,26.5,24.54,8.38,2.9,3.34685649,72.9,0.708,25.4
2025-11-10,46.92,23.33950414,6.92,49.29,2.95,2.79,101.545353,49.99,23.03,15.67,221.0,10.7,10.54,52.99,16.1,27.94,3.32,30.1,11.25,26.78,97.68,1.06,504.0,27.14,24.95,8.34,2.96,3.23353178,73.0,0.708,25.5
2025-11-11,46.67,24.45422672,6.91,49.0,3.06,2.77,101.454444,47.68,23.49,15.57,218.0,10.79,10.33,53.47,15.64,27.9,3.43,29.8,11.1,26.08,101.79,1.06,506.0,26.89,25.11,8.11,3.01,3.20331186,72.4,0.703,25.61
2025-11-12,46.54,24.819995,6.91,58.2,3.07,2.75,101.181717,47.9,24.5,16.04,213.94,10.55,10.24,53.43,15.35,27.97,3.46,29.47,10.74,24.99,121.75,1.06,495.0,26.29,24.9,8.23,3.07,3.19575688,72.3,0.699,25.88
2025-11-13,46.57,24.645819,6.89,60.4,3.07,2.75,100.454445,46.4,24.39,16.39,212.87,10.53,10.19,57.0,15.42,28.05,3.43,28.85,10.6,25.25,139.8,1.05,493.5,26.0,24.74,8.31,3.02,3.18064692,71.7,0.698,25.94
2025-11-16,46.49,25.255433,6.9,54.0,3.03,2.83,99.9999,49.95,24.2,16.6,220.94,10.51,10.08,62.88,15.73,28.5,3.44,28.19,10.67,24.4,137.8,1.05,513.0,25.5,24.4,8.22,2.97,3.1882019,75.0,0.696,25.94
2025-11-17,46.43,26.7,6.91,54.4,3.01,2.89,99.9999,48.53,24.19,16.69,215.9,10.36,10.1,63.4,16.1,28.48,3.6,28.35,10.75,24.39,138.0,1.05,509.8,25.7,23.94,8.43,2.93,3.24864174,79.43,0.693,25.5
2025-11-18,46.98,25.95,6.95,53.87,2.91,2.8,99.545355,48.9,23.79,16.49,204.0,10.64,9.8,61.98,15.99,27.98,3.63,28.38,10.92,24.94,134.88,1.07,506.9,25.8,24.0,8.45,2.91,3.24864174,77.49,0.682,25.2
2025-11-19,47.0,25.7,6.89,52.25,2.98,2.73,98.0453565,48.49,23.99,16.7,200.99,10.58,9.56,61.1,15.75,26.99,3.61,27.69,10.99,24.98,136.99,1.05,494.5,25.4,23.69,8.34,2.88,3.19575688,75.95,0.68,25.1
2025-11-20,46.77,26.04,6.88,52.74,3.01,2.73,97.2635391,48.4,24.0,16.7,197.98,10.61,9.55,62.9,15.79,27.25,3.74,27.1,11.32,24.6,149.0,1.05,491.5,25.7,23.34,8.32,2.86,3.19575688,76.5,0.681,25.05
2025-11-23,46.98,25.95,6.89,52.15,2.96,2.81,97.9544475,48.1,23.94,16.45,196.44,10.54,9.56,68.48,15.6,27.39,3.83,27.07,11.58,24.4,154.99,1.04,500.0,25.5,22.88,8.2,2.85,3.19575688,74.0,0.681,24.9
2025-11-24,46.8,25.29,6.88,51.81,3.0,2.95,97.636266,48.15,23.79,16.25,195.35,10.41,9.42,66.9,15.49,26.99,3.83,27.55,11.5,24.27,150.0,1.05,494.0,25.47,22.46,8.13,2.85,3.17309194,75.64,0.679,25.0
2025-11-25,46.66,24.6,6.85,50.76,3.0,3.43,98.18172,46.4,23.5,15.95,192.39,10.32,9.36,65.8,15.26,27.0,3.68,27.6,11.3,23.97,154.0,1.04,510.98,26.0,22.49,8.01,2.8,3.15798197,73.5,0.681,24.72
2025-11-26,46.23,23.99,6.82,50.96,3.01,3.44,98.18172,45.99,22.74,15.6,189.3,10.18,9.22,65.45,15.15,26.85,3.67,27.2,11.1,23.43,147.88,1.02,484.97,26.0,22.3,8.1,2.72,3.17309194,72.25,0.68,24.43
2025-11-27,46.25,24.88,6.8,51.0,3.09,3.31,97.9544475,46.1,22.65,15.94,196.0,10.23,9.02,65.0,14.97,26.8,3.59,26.95,11.2,23.2,146.0,1.04,485.0,25.4,22.17,8.2,2.74,3.16553696,72.5,0.677,24.3
2025-11-30,46.3,26.0,6.82,51.99,3.19,3.69,98.1726291,46.5,22.95,16.25,204.48,10.8,9.11,65.3,15.51,26.75,3.59,27.21,11.2,23.14,142.98,1.07,484.9,25.36,22.79,8.3,2.79,3.157982,76.5,0.672,24.24
2025-12-01,46.18,27.9,6.79,51.98,3.27,4.15,98.18172,46.3,23.79,16.3,204.0,10.93,9.17,66.39,15.75,26.45,3.57,27.2,11.25,23.07,139.45,1.07,482.0,25.98,23.11,8.39,2.8,3.16553696,77.5,0.67,24.41
2025-12-02,45.84,27.9,6.79,51.6,3.35,4.27,99.9726273,45.89,23.54,16.25,202.86,10.75,9.13,64.59,15.55,25.95,3.51,26.99,11.15,23.08,138.5,1.06,481.0,25.58,23.05,8.2,2.78,3.15042699,76.5,0.67,24.41
2025-12-03,45.7,27.5,6.74,54.33,3.28,3.97,105.908985,45.95,23.99,16.08,208.95,11.04,9.22,63.73,15.48,25.48,3.54,26.43,10.99,24.03,142.49,1.06,481.0,25.47,23.3,8.2,2.82,3.22,78.85,0.669,24.41
2025-12-04,45.65,29.0,6.73,52.39,3.27,4.04,107.4817107,45.9,24.0,16.8,211.99,10.9,9.27,62.57,15.4,26.27,3.59,26.4,10.9,23.99,140.0,1.08,483.0,25.29,23.39,8.17,2.81,3.17,77.88,0.66,24.47
2025-12-07,47.0,28.17,6.82,51.87,3.43,4.03,107.181711,46.24,24.79,17.3,209.3,11.24,9.37,62.94,15.72,26.26,3.71,26.34,10.78,24.5,137.48,1.1,493.0,25.45,22.98,8.65,2.82,3.13,76.6,0.66,24.45
2025-12-08,47.2,27.9,7.05,52.0,3.46,3.94,107.1362565,45.9,24.95,17.6,206.99,11.12,9.73,64.49,16.2,26.47,3.77,26.28,10.8,24.47,136.9,1.09,504.99,25.9,23.3,8.7,2.83,3.15,75.5,0.66,24.46
2025-12-09,47.65,28.24,6.98,51.98,3.52,3.91,107.7089832,44.7,25.37,17.7,205.5,11.0,9.95,65.99,16.24,26.28,3.77,26.44,10.94,24.39,135.9,1.08,496.94,25.69,23.64,8.71,2.92,3.14,75.95,0.669,24.88
2025-12-10,47.8,29.0,7.05,52.52,3.56,4.03,107.090802,42.48,25.99,18.22,207.6,10.98,10.05,64.89,16.27,26.2,3.85,26.8,11.1,24.29,136.9,1.07,483.79,25.73,23.75,8.65,2.97,3.21,77.5,0.671,24.7
2025-12-11,48.47,30.0,7.12,52.98,3.55,4.06,106.636257,49.3,25.8,18.5,209.0,10.9,10.15,64.7,16.64,26.4,3.86,26.54,11.31,24.09,135.98,1.06,479.99,25.72,23.65,8.75,2.97,3.24,77.7,0.675,24.7
2025-12-14,48.49,29.97,7.1,51.96,3.61,3.96,106.581712,42.47,25.82,18.63,209.99,11.79,9.94,66.33,16.48,27.05,3.85,26.25,11.44,23.94,134.0,1.11,452.99,26.0,23.45,8.58,3.44,3.22,76.39,0.694,24.85
2025-12-15,48.36,29.2,7.07,51.8,3.6,3.97,109.0908,42.65,26.4,19.5,209.9,11.85,10.06,66.8,16.39,27.66,3.91,25.96,11.39,23.99,132.0,1.15,448.0,26.24,23.27,8.81,3.42,3.21,76.1,0.695,24.87
2025-12-16,47.9,28.88,7.08,51.47,3.58,3.98,108.999891,43.6,26.45,18.97,209.8,12.0,10.08,66.15,16.3,27.79,3.75,25.55,11.32,24.24,131.0,1.14,446.6,26.5,23.28,8.72,3.38,3.2,76.88,0.692,24.87
2025-12-17,47.19,28.76,6.99,51.45,3.6,3.93,109.0,43.7,26.23,18.18,209.5,11.95,9.82,64.01,16.25,27.49,3.69,25.37,11.27,23.92,136.9,1.15,443.7,26.38,23.28,8.6,3.45,3.19,76.0,0.689,24.8
2025-12-18,49.65,28.49,7.07,51.0,3.66,3.91,104.98,42.65,25.7,18.9,216.23,12.03,9.75,63.19,16.29,27.1,3.64,25.37,11.07,23.8,135.64,1.14,439.45,25.6,23.08,8.51,3.55,3.17,75.98,0.689,24.68
2025-12-21,49.64,29.07,7.02,51.44,3.58,3.94,104.25,40.14,25.89,18.0,225.0,12.24,9.67,64.0,16.3,27.0,3.6,25.16,11.05,23.79,134.0,1.18,435.49,25.48,22.99,8.34,3.49,3.18,75.29,0.69,24.62
2025-12-22,51.25,29.23,7.03,50.59,3.55,3.91,105.49,39.2,26.48,17.95,229.84,12.95,9.9,64.49,16.33,27.3,3.6,25.31,11.1,23.82,138.0,1.17,433.0,25.54,22.92,8.49,3.4,3.17,75.5,0.689,24.54
2025-12-23,52.45,29.65,7.02,49.51,3.5,3.86,103.95,38.5,27.0,18.0,228.5,12.66,9.88,63.5,16.3,27.0,3.6,25.25,11.4,23.79,143.35,1.15,429.96,25.4,23.14,8.42,3.35,3.21,75.6,0.689,24.44
2025-12-24,52.6,30.0,7.0,49.46,3.56,3.79,104.98,38.0,26.93,18.47,229.5,12.66,9.65,63.8,16.3,27.55,3.58,25.31,11.53,23.79,146.8,1.2,427.54,25.49,23.3,8.4,3.46,3.31,75.45,0.694,24.34
2025-12-25,52.2,29.95,7.01,49.2,3.56,3.72,104.9,38.15,26.98,18.2,225.99,12.52,9.7,63.49,16.34,27.14,3.6,25.21,11.52,24.75,145.0,1.18,436.0,25.45,23.4,8.41,3.4,3.34,75.3,0.709,24.32
2025-12-28,52.17,29.9,7.01,49.35,3.54,3.74,104.3,38.0,26.84,18.39,226.0,12.49,9.78,64.26,16.22,27.39,3.64,25.1,11.54,25.05,156.06,1.18,441.0,25.47,23.9,8.57,3.37,3.34,76.8,0.71,24.43
2025-12-29,51.8,29.71,7.0,50.5,3.51,3.82,103.99,38.09,26.97,18.38,227.24,12.59,9.75,65.45,16.3,27.25,3.66,25.25,11.55,24.86,167.0,1.17,441.0,25.91,23.79,8.59,3.37,3.36,77.5,0.708,24.3
2025-12-30,51.58,29.7,7.0,51.18,3.6,3.8,104.0,37.99,27.49,18.4,230.0,12.5,9.73,65.27,16.37,27.15,3.7,25.39,11.74,24.8,163.6,1.16,435.0,25.38,23.65,8.58,3.43,3.34,79.5,0.706,24.26
2025-12-31,51.5,29.9,6.96,51.15,3.61,3.82,104.1,37.44,27.77,19.0,237.98,12.6,9.7,65.77,16.3,27.0,3.64,25.17,11.77,25.37,170.98,1.18,433.0,25.44,23.7,8.67,3.46,3.33,80.9,0.705,24.36
2026-01-04,51.45,30.0,6.98,51.19,3.46,3.85,103.98,37.4,28.0,18.74,264.0,12.49,9.7,67.5,16.24,27.15,3.62,25.1,11.77,25.42,182.8,1.18,437.0,25.65,23.44,8.66,3.6,3.34,80.4,0.7,24.45
2026-01-05,50.4,29.5,7.28,50.4,3.4,3.72,101.89,36.25,28.4,18.7,261.0,12.1,9.55,66.45,15.78,26.3,3.54,24.9,11.51,25.17,185.7,1.17,423.0,24.27,22.9,8.53,3.76,3.3,77.7,0.697,24.2
2026-01-06,50.5,29.25,7.21,50.19,3.28,3.71,103.01,38.12,28.65,19.1,276.0,11.89,9.49,65.5,15.7,26.75,3.53,24.88,11.07,26.04,184.9,1.17,434.45,23.92,22.79,8.49,3.79,3.3,78.4,0.696,23.82
2026-01-08,52.55,30.0,7.2,50.1,3.26,3.73,105.58,38.04,29.25,20.0,272.88,11.89,9.5,69.84,15.99,26.8,3.52,25.9,11.18,27.37,180.0,1.17,435.0,23.98,22.97,8.38,3.82,3.3,79.0,0.693,23.9
2026-01-11,53.5,32.39,7.16,49.79,3.23,3.66,110.25,38.25,29.0,20.19,272.9,11.87,9.69,71.37,16.05,26.55,3.55,27.0,11.39,28.0,179.8,1.18,425.98,23.9,23.11,8.8,3.92,3.27,78.93,0.685,23.92
2026-01-12,53.65,32.3,7.14,49.5,3.26,3.66,115.1,37.49,28.44,20.34,269.99,11.92,9.69,71.0,15.98,27.88,3.56,26.97,11.29,27.98,179.4,1.19,426.49,24.35,23.1,9.09,3.93,3.28,79.0,0.684,24.27
2026-01-13,52.49,32.95,7.07,49.0,3.3,3.59,122.8,37.0,27.8,20.68,264.0,11.6,9.59,70.0,16.47,29.25,3.47,26.52,11.05,27.99,177.6,1.18,421.25,24.09,22.99,8.75,3.86,3.23,78.67,0.684,23.85
2026-01-14,51.01,31.99,6.95,47.65,3.21,3.41,120.5,36.1,27.5,19.98,257.0,11.24,9.29,69.99,15.97,28.25,3.37,25.72,10.85,27.29,174.0,1.17,413.9,23.3,22.64,8.75,3.76,3.16,78.55,0.68,23.5
2026-01-15,51.0,33.01,6.89,46.5,3.13,3.43,125.8,36.93,27.49,20.07,252.99,11.0,9.14,69.7,15.88,27.49,3.33,25.58,10.64,26.5,168.49,1.16,407.0,23.15,22.1,8.58,3.75,3.13,76.87,0.684,23.24
2026-01-18,52.49,33.3,6.97,47.24,3.09,3.45,124.99,36.99,27.48,20.0,258.0,10.9,9.16,69.5,15.79,26.95,3.33,25.51,10.86,27.0,174.0,1.16,406.98,23.34,22.35,8.69,3.95,3.15,77.5,0.678,23.11
2026-01-19,53.39,34.28,6.95,47.88,3.11,3.4,125.4,37.67,29.0,19.97,266.6,10.92,9.38,74.0,16.2,28.2,3.45,25.7,10.9,27.55,181.84,1.16,419.0,23.54,22.15,8.64,3.96,3.14,82.9,0.679,23.1
2026-01-20,53.88,36.49,6.97,48.24,3.14,3.46,127.0,38.49,29.25,22.5,267.9,10.88,9.46,83.0,16.48,30.44,3.53,26.0,10.99,27.5,176.89,1.16,428.0,23.9,22.44,8.89,4.04,3.15,85.44,0.679,23.11
2026-01-21,55.55,37.4,6.97,49.0,3.1,3.41,127.5,37.89,29.2,21.9,261.99,11.05,9.41,84.3,16.97,30.25,3.47,26.33,11.27,27.0,177.5,1.18,418.7,23.9,22.39,9.2,4.0,3.15,84.0,0.676,23.14
2026-01-22,59.38,36.85,7.16,48.98,3.09,3.39,129.3,38.0,29.14,23.34,256.0,11.33,9.4,81.2,16.86,30.25,3.5,27.29,11.49,27.83,176.0,1.18,414.35,23.79,22.58,9.07,3.99,3.21,85.35,0.679,24.09
2026-01-25,61.25,36.87,7.38,49.47,3.13,3.38,129.8,37.9,29.19,23.0,260.0,11.2,9.3,79.84,16.85,30.18,3.45,28.8,12.1,29.98,175.0,1.22,417.9,23.88,22.8,8.93,4.14,3.24,87.9,0.701,24.78
2026-01-26,59.6,38.01,7.27,48.38,3.17,3.41,132.69,38.0,29.7,22.47,254.98,10.95,9.4,82.0,17.65,31.8,3.6,28.5,11.51,29.97,172.6,1.27,414.9,23.8,22.5,8.85,4.4,3.21,88.0,0.699,24.55
2026-01-27,63.0,40.24,7.19,48.0,3.09,3.41,133.74,38.0,29.45,22.46,252.8,11.44,9.32,82.73,17.69,31.9,3.66,29.04,11.5,28.99,174.5,1.27,406.98,23.78,22.4,8.79,4.51,3.19,87.21,0.7,24.38
2026-01-28,65.7,41.39,7.24,47.5,3.08,3.37,135.0,37.9,29.5,22.39,246.99,11.68,9.26,80.89,17.52,31.75,3.59,29.35,11.34,28.57,173.2,1.24,406.0,24.5,22.29,8.78,4.57,3.17,87.89,0.704,24.22
2026-02-01,65.49,39.38,7.18,47.5,3.05,3.53,134.05,38.28,31.0,22.05,246.0,11.3,9.15,79.9,17.35,31.38,3.55,28.89,11.15,28.5,170.98,1.24,404.79,24.38,22.18,8.7,4.61,3.18,87.0,0.7,24.25
2026-02-02,66.49,39.38,7.05,47.0,3.06,3.53,132.3,40.0,30.5,22.0,248.0,11.8,9.1,79.8,17.36,31.0,3.65,28.4,11.16,28.97,167.94,1.34,422.0,24.7,22.33,8.74,4.7,3.21,86.78,0.7,24.4
2026-02-03,68.0,39.01,7.15,47.0,3.21,3.6,134.0,40.84,30.15,23.7,242.97,11.95,9.42,83.98,20.75,33.4,3.68,29.6,11.16,30.5,169.0,1.31,429.99,24.68,22.55,9.09,4.99,3.3,89.5,0.707,24.55
2026-02-04,67.69,39.89,7.15,47.39,3.27,3.59,136.92,41.0,29.96,22.65,246.85,12.32,9.65,84.0,19.0,32.5,3.66,29.49,11.8,31.29,171.99,1.33,446.0,24.6,23.44,9.1,5.08,3.39,91.0,0.707,24.45
2026-02-05,66.43,39.4,7.15,47.24,3.23,3.57,138.99,41.49,30.0,23.0,248.49,12.37,9.58,84.96,19.26,31.9,3.63,30.0,13.72,31.84,170.4,1.31,440.99,24.39,23.36,8.93,4.96,3.55,90.5,0.706,24.5
2026-02-08,69.75,39.5,7.2,49.45,3.17,3.51,138.97,41.49,32.2,23.49,247.2,12.47,9.72,89.55,19.85,31.05,3.95,30.8,13.5,31.79,169.4,1.31,460.0,24.51,23.65,9.05,4.77,3.65,89.48,0.71,26.37
2026-02-09,69.9,39.5,7.3,49.29,3.12,3.43,137.99,41.5,32.5,23.15,248.99,12.49,9.9,91.6,20.05,31.2,3.9,31.0,12.8,31.4,178.9,1.28,457.99,25.55,23.54,9.0,4.74,3.64,89.97,0.71,27.2
2026-02-10,69.69,39.25,7.25,48.35,3.12,3.45,140.2,42.2,31.59,23.0,248.69,12.48,9.8,92.89,19.99,31.58,4.01,30.95,12.73,30.37,179.0,1.29,464.75,25.3,23.67,8.95,4.71,3.67,90.25,0.71,27.25
2026-02-11,71.0,38.69,7.22,47.95,3.13,3.42,137.87,41.0,30.98,22.9,244.9,12.71,9.75,93.89,20.08,31.45,4.06,31.5,12.88,30.0,177.47,1.28,464.75,26.4,23.57,9.1,4.72,3.7,89.27,0.71,27.24
2026-02-12,70.84,37.9,7.18,48.5,3.17,3.51,137.87,40.68,29.8,22.8,243.7,12.79,9.64,94.95,19.95,31.2,4.01,30.7,12.95,30.0,173.9,1.25,483.0,26.09,23.35,8.99,4.67,3.93,89.0,0.71,27.0
2026-02-15,72.0,39.9,7.22,49.65,3.2,3.5,143.95,40.87,30.4,23.1,244.0,13.39,9.79,112.98,20.4,31.13,4.33,31.0,12.89,30.2,176.94,1.25,498.0,26.89,23.79,9.43,4.98,3.9,92.89,0.71,27.8
2026-02-16,72.5,41.0,7.37,52.11,3.16,3.53,145.01,41.95,30.5,23.54,243.5,13.43,9.8,112.98,21.57,31.3,4.44,31.3,12.69,30.1,179.0,1.27,501.07,26.72,24.39,9.7,5.02,4.0,95.35,0.71,28.65
2026-02-17,71.0,42.5,7.51,52.5,3.14,3.5,143.0,41.5,29.7,22.9,228.79,13.16,9.85,100.0,20.5,30.85,4.4,30.46,12.9,29.0,181.89,1.25,494.5,27.32,24.27,9.8,4.94,4.09,97.0,0.71,28.58
2026-02-18,70.0,44.8,7.54,52.3,3.31,3.52,141.99,41.29,29.2,23.28,228.38,13.41,9.9,100.01,20.6,31.6,4.46,31.35,12.71,29.32,198.0,1.26,495.0,29.28,24.08,9.98,5.7,4.23,96.8,0.71,29.4
2026-02-19,68.7,44.97,7.51,52.2,3.37,3.54,141.94,41.28,29.3,23.28,229.4,13.2,9.8,98.89,20.89,31.61,4.37,31.1,12.56,29.3,195.0,1.24,489.0,28.19,23.88,9.79,5.57,4.26,97.39,0.71,29.19
2026-02-22,67.65,42.97,7.28,50.5,3.26,3.44,139.89,40.57,29.3,22.69,227.0,13.02,9.55,95.4,19.92,30.93,4.26,29.84,11.98,28.7,197.44,1.24,479.0,27.39,23.01,9.52,5.28,4.28,93.5,0.706,28.17
2026-02-23,71.89,43.49,7.25,49.85,3.16,3.43,139.39,40.3,29.2,22.62,227.86,13.16,9.43,93.2,19.02,30.3,4.63,29.0,11.97,28.7,197.5,1.24,489.5,27.15,22.98,9.48,5.5,4.45,93.0,0.708,27.9
2026-02-24,70.1,42.49,7.47,50.2,3.18,3.44,140.78,40.89,29.15,22.49,229.3,13.26,9.39,96.88,19.09,30.35,4.97,28.89,12.3,28.0,202.98,1.27,489.0,27.04,22.97,9.49,5.73,4.81,94.0,0.708,28.09
2026-02-25,69.5,41.5,7.48,50.25,3.15,3.38,138.36,42.8,28.69,21.7,226.89,13.35,9.26,94.9,,30.01,4.82,28.77,12.06,27.6,204.98,1.26,486.0,26.69,22.95,9.3,5.67,4.65,91.98,0.709,27.75
2026-02-26,70.97,40.98,7.24,53.5,3.04,3.31,133.5,42.8,27.49,21.55,229.9,13.4,9.2,92.79,,29.28,4.86,27.67,11.8,27.6,196.48,1.24,498.08,26.0,22.87,9.32,5.7,4.6,89.9,0.708,27.55
2026-03-01,69.7,40.7,7.11,50.64,3.03,3.19,133.5,41.0,27.22,20.73,229.0,13.09,8.95,92.79,,28.55,4.9,27.06,11.79,27.0,193.61,1.24,498.08,25.9,22.75,9.05,6.0,4.51,87.1,0.701,27.23
2026-03-02,68.8,40.85,7.11,51.78,3.03,3.16,131.0,40.85,27.54,20.22,238.86,12.59,8.89,91.47,,28.2,5.21,27.2,11.58,26.9,197.0,1.21,484.95,25.1,22.17,8.95,6.03,4.86,85.24,0.694,27.08
2026-03-03,79.8,39.99,7.47,51.5,2.98,3.26,128.25,39.99,27.65,20.07,253.0,13.4,9.11,88.99,,28.17,5.32,26.44,11.6,27.49,197.0,1.18,479.9,24.97,22.18,8.88,5.48,4.79,83.95,0.696,28.7
2026-03-04,85.84,38.7,7.85,50.79,2.96,3.43,124.0,39.48,27.84,19.54,288.0,13.97,9.07,88.01,,27.98,5.25,26.2,11.46,27.29,192.99,1.18,474.0,24.09,22.32,8.75,5.52,4.79,80.0,0.7,29.55
2026-03-05,81.26,39.28,7.7,50.7,3.01,3.64,127.02,39.59,29.0,20.19,278.75,12.65,9.29,89.88,,27.85,5.22,26.51,11.35,26.94,197.01,1.19,480.0,25.47,22.64,9.3,5.57,4.64,81.86,0.7,28.8
2026-03-08,91.5,39.0,8.85,50.29,2.99,3.9,126.0,38.88,29.44,20.49,321.0,12.99,9.27,88.65,,27.24,5.28,26.28,11.39,26.99,190.95,1.2,472.7,24.99,23.0,9.25,5.55,4.61,80.7,0.709,31.0
2026-03-09,91.8,37.69,9.85,49.46,2.97,3.88,123.2,38.2,28.35,19.8,310.46,13.28,9.2,86.48,,25.83,5.49,26.3,10.89,26.8,187.29,1.21,469.0,25.06,23.49,8.84,5.55,4.43,78.0,0.707,32.16
2026-03-10,84.1,39.0,9.31,49.74,3.01,3.75,129.5,38.0,28.28,19.13,285.0,12.5,9.23,85.0,,25.9,5.8,26.68,10.85,26.6,189.85,1.23,475.0,25.9,23.3,8.91,6.02,4.62,79.98,0.71,30.99
2026-03-11,85.0,41.0,9.0,49.91,2.98,3.71,129.99,38.24,28.53,19.35,298.5,12.41,9.5,84.84,,26.46,5.73,26.9,10.83,26.94,187.0,1.24,472.0,25.69,23.17,8.98,5.9,4.68,80.25,0.71,30.9
2026-03-12,89.0,41.99,9.4,49.4,2.96,3.79,126.5,38.01,29.55,19.22,314.88,12.74,9.39,85.8,,26.0,5.71,26.65,10.72,26.8,188.0,1.23,478.0,26.1,22.97,8.85,5.75,5.12,79.98,0.71,31.9
2026-03-15,90.35,39.72,9.51,48.99,2.94,3.8,122.85,37.44,28.75,18.99,321.0,12.45,9.25,85.43,,25.38,5.57,26.14,10.6,26.95,186.95,1.24,477.5,25.88,22.9,8.76,5.53,4.77,78.8,0.71,34.4
2026-03-16,87.95,38.78,9.64,47.88,2.88,3.74,121.28,37.29,28.19,18.87,309.83,12.2,9.13,83.47,,24.79,5.52,25.77,10.48,26.75,183.67,1.23,465.0,25.39,22.63,8.64,5.26,4.58,77.95,0.709,34.09
2026-03-17,87.99,40.19,9.3,46.46,2.9,3.66,121.0,37.59,28.19,19.11,312.02,12.12,9.08,83.48,,24.5,5.53,25.69,10.4,26.2,181.14,1.24,466.98,25.29,22.45,8.62,5.26,4.41,76.95,0.71,33.28
2026-03-18,88.1,40.9,9.04,47.35,2.95,3.67,129.7,37.74,27.95,18.97,311.89,11.99,9.18,84.39,,25.14,5.68,26.4,10.43,26.6,178.5,1.26,472.0,25.39,22.54,8.64,5.42,4.49,79.9,0.711,32.59
2026-03-24,94.4,41.0,8.89,48.0,2.94,3.75,129.7,37.0,28.19,18.8,305.1,12.11,9.19,85.56,,25.87,5.96,26.75,10.47,26.8,183.09,1.32,478.0,26.07,22.94,8.88,5.47,4.58,81.0,0.711,34.25
2026-03-25,95.0,40.58,8.85,47.31,2.97,3.75,127.58,37.7,28.96,19.15,297.5,12.11,9.28,84.0,,24.99,5.95,26.42,10.75,26.17,178.99,1.32,495.5,26.23,22.75,8.86,5.41,4.39,80.4,0.71,34.0
2026-03-26,93.75,39.9,8.65,51.0,2.93,3.69,126.4,38.0,28.82,19.22,288.0,11.95,9.29,84.29,,24.84,6.05,26.26,10.77,26.1,180.98,1.32,494.0,25.97,22.76,8.75,5.25,4.4,79.78,0.709,32.98
2026-03-29,89.84,39.4,8.76,50.99,2.91,3.86,125.0,37.5,28.0,18.83,299.0,11.79,9.44,83.0,,24.8,5.94,25.91,10.5,25.99,178.3,1.37,485.0,25.3,22.48,8.65,5.19,4.31,78.49,0.709,32.46
2026-03-30,85.95,38.99,8.72,49.95,2.9,3.89,124.7,36.96,26.93,18.82,311.99,11.53,9.49,81.75,,24.87,5.8,25.75,10.3,25.7,175.0,1.38,478.99,24.87,22.2,8.57,5.21,4.2,76.78,0.708,32.39
2026-03-31,83.0,38.45,8.4,51.92,2.86,4.01,123.55,35.8,25.65,18.5,303.85,11.7,9.39,79.9,,24.55,5.76,25.45,9.9,24.66,171.32,1.41,489.98,24.59,22.5,8.4,5.18,4.11,76.0,0.704,32.46
2026-04-01,84.46,39.6,8.42,54.3,2.87,3.98,126.3,35.6,26.7,18.49,304.75,11.6,9.3,84.5,,25.09,5.69,25.84,10.16,25.49,171.0,1.4,491.0,25.08,22.53,8.5,5.29,4.14,79.0,0.701,33.11
2026-04-02,84.25,39.1,8.64,53.43,2.88,4.05,125.0,35.6,25.65,18.61,309.95,11.41,9.31,85.34,,25.0,5.74,25.83,10.16,25.41,173.0,1.41,507.73,25.0,22.34,8.63,5.26,4.12,79.5,0.7,33.0
2026-04-05,82.1,39.94,8.74,55.0,2.93,4.06,127.0,35.8,25.3,18.7,324.6,11.43,9.35,88.9,,24.84,5.74,26.0,10.14,25.45,174.48,1.45,529.0,24.92,22.5,8.6,5.2,4.25,79.5,0.703,33.3
2026-04-06,84.3,40.99,8.75,56.49,2.95,4.02,128.5,36.8,25.56,18.91,327.4,11.36,9.36,89.96,,24.93,5.68,26.19,10.17,25.5,176.56,1.44,546.0,25.41,22.71,8.55,5.46,4.28,81.3,0.706,35.3
2026-04-07,86.0,41.01,8.68,58.4,2.89,4.1,127.76,36.7,25.65,18.93,324.9,11.48,9.29,88.75,,24.68,5.59,26.18,10.24,25.83,179.97,1.48,536.8,25.29,22.63,8.48,5.41,4.35,79.85,0.706,35.0
2026-04-08,85.61,42.65,8.6,59.0,2.92,4.1,128.17,37.29,27.68,19.95,318.19,11.48,9.36,92.5,,26.19,5.58,26.65,10.45,26.81,179.5,1.48,571.0,26.47,22.85,8.64,5.39,4.45,84.0,0.708,34.5
2026-04-09,83.65,43.93,8.39,57.99,2.9,4.03,130.98,38.43,27.8,20.47,302.8,11.33,9.39,93.9,,26.05,5.58,26.8,10.52,26.63,184.0,1.45,575.0,27.36,22.93,8.68,5.33,4.45,86.23,0.705,33.3
2026-04-14,83.9,45.0,8.33,57.95,2.91,4.05,134.0,38.75,27.7,21.6,314.99,11.48,9.35,94.89,,26.5,5.62,27.15,10.44,27.0,195.0,1.44,582.0,27.65,22.93,8.63,5.56,4.46,87.19,0.706,33.12
2026-04-15,85.38,46.85,8.35,55.5,2.94,4.0,137.5,38.58,28.18,20.86,315.9,11.55,9.58,94.95,,27.25,5.8,27.5,10.59,27.24,200.0,1.45,582.0,29.19,23.16,9.1,5.59,4.44,86.5,0.714,32.5
2026-04-16,85.3,46.88,8.39,54.2,2.99,4.04,140.0,39.87,28.26,21.6,315.0,11.45,9.7,95.8,,28.73,5.86,27.64,10.71,27.67,199.97,1.58,582.7,31.0,23.3,9.4,5.63,4.58,87.0,0.73,32.65
2026-04-19,86.39,46.48,8.25,53.22,2.97,4.0,144.0,40.5,29.39,20.8,307.0,11.4,9.75,97.0,,28.7,5.86,27.65,10.76,28.09,197.5,1.61,588.0,29.89,22.98,9.85,5.69,4.53,100.0,0.731,32.19
2026-04-20,85.56,45.97,8.2,52.63,2.95,3.99,142.0,40.4,29.2,20.85,303.7,11.41,9.6,96.25,,27.85,5.79,27.59,11.25,27.88,196.5,1.55,579.99,30.05,22.88,9.8,5.58,4.73,94.99,0.732,32.08
2026-04-21,90.95,45.88,7.9,54.49,2.94,3.94,139.98,40.0,29.18,20.77,301.0,11.37,9.84,94.99,,28.08,5.85,27.75,11.37,28.42,202.97,1.55,580.0,31.9,23.0,11.1,5.65,4.67,95.63,0.732,33.25
2026-04-22,90.8,44.7,7.95,54.28,2.96,4.13,139.5,40.89,29.3,21.58,298.8,11.36,10.1,95.0,,27.99,6.2,28.25,11.26,29.05,205.47,1.53,580.0,31.9,22.95,12.0,6.17,4.69,95.47,0.736,34.45
2026-04-23,89.4,44.49,8.11,53.95,3.08,4.44,139.1,41.35,29.99,21.42,304.1,11.7,10.43,95.27,,28.55,6.22,28.3,11.16,29.49,203.01,1.53,610.0,31.6,22.84,11.65,6.39,4.69,95.88,0.737,34.77
2026-04-26,90.2,44.98,8.25,53.8,3.13,4.69,138.25,41.66,30.9,21.32,311.0,12.05,10.5,95.99,,28.1,6.16,28.27,11.24,30.0,196.84,1.55,609.99,30.64,23.1,11.28,6.47,4.66,94.28,0.735,35.0
2026-04-27,90.0,44.94,8.39,53.49,3.14,4.6,140.7,41.65,30.98,21.29,304.9,12.15,10.65,96.4,,27.19,5.97,28.45,11.25,29.84,192.5,1.54,618.0,31.1,23.28,11.23,6.62,4.63,95.37,0.729,34.9
2026-04-28,92.0,44.89,8.51,53.62,3.13,4.81,140.0,41.4,30.8,21.3,308.8,12.42,10.72,95.65,,27.2,6.02,28.55,11.23,29.07,192.4,1.53,611.0,30.81,23.24,11.33,6.55,4.66,95.3,0.69,32.7
2026-04-29,91.18,44.69,8.44,53.5,3.09,4.77,138.0,40.2,30.0,21.15,308.38,12.45,10.8,95.0,,27.0,6.39,28.45,11.09,29.1,192.0,1.54,633.3,31.15,23.2,11.27,6.94,4.62,95.5,0.69,32.67
2026-04-30,91.77,44.8,8.82,53.81,3.07,4.92,138.0,40.07,29.72,20.9,313.98,12.53,10.84,94.84,,27.04,6.45,28.4,11.09,29.24,189.05,1.56,617.0,31.8,23.25,11.75,6.86,4.61,95.27,0.69,33.4
2026-05-03,92.0,47.98,8.67,54.56,3.11,4.82,136.9,39.82,29.89,21.0,308.5,12.53,10.88,93.5,,26.8,6.87,28.4,11.03,28.6,193.0,1.66,622.0,32.11,23.15,12.99,6.9,4.55,96.4,0.69,33.65
2026-05-04,90.3,50.0,8.7,55.5,3.14,4.85,137.74,39.68,29.95,21.23,305.0,12.32,10.93,94.3,,27.41,6.95,29.3,11.08,28.48,194.5,1.57,620.0,31.78,23.59,13.1,6.68,4.59,97.95,0.69,32.98
2026-05-05,87.8,46.38,8.77,53.81,3.08,4.93,138.3,39.51,29.7,21.04,305.0,11.87,10.75,93.0,,26.88,6.95,29.0,11.0,28.19,196.95,1.51,630.0,30.67,23.4,12.93,6.5,4.6,98.45,0.689,31.81
2026-05-06,85.7,47.0,8.65,54.19,3.1,4.83,143.0,40.8,29.62,22.2,306.5,12.0,10.79,99.5,,27.65,7.08,29.7,11.31,28.37,196.46,1.54,674.0,33.5,23.49,13.45,6.71,4.8,99.9,0.69,31.99
2026-05-10,84.0,48.0,8.4,54.8,3.12,4.72,143.51,40.3,29.66,22.77,310.0,12.32,11.27,99.9,,28.7,6.99,30.0,12.19,29.4,195.94,1.55,673.0,35.0,23.82,14.6,7.25,5.03,100.6,0.69,31.89
2026-05-11,86.86,49.98,8.65,57.25,3.25,4.8,144.93,40.9,29.6,22.83,306.99,12.8,11.39,101.89,,28.85,7.18,30.05,12.05,29.49,193.0,1.55,663.0,34.39,23.9,14.99,7.48,5.14,100.95,0.69,31.91
2026-05-12,88.39,48.83,8.62,58.0,3.22,4.8,144.0,41.04,29.0,22.39,319.0,13.58,11.2,99.0,,29.3,7.2,29.6,12.19,29.6,198.5,1.55,696.99,33.94,23.77,14.57,7.35,5.14,98.85,0.688,32.64
2026-05-13,87.96,50.08,8.65,58.7,3.23,4.82,140.01,40.68,28.7,22.4,338.0,13.67,11.19,98.98,,29.5,7.15,29.18,12.25,29.95,197.9,1.54,725.0,33.85,23.65,14.4,7.46,5.18,98.97,0.688,32.79
2026-05-14,86.97,49.9,8.61,58.0,3.25,5.23,136.46,40.8,28.18,21.99,344.99,14.41,11.37,98.0,,29.19,7.02,29.1,12.04,29.74,195.95,1.54,709.0,34.4,23.49,14.4,7.72,5.15,97.6,0.686,32.35
2026-05-17,88.7,48.7,8.94,57.2,3.32,5.64,134.51,40.5,28.15,21.99,333.0,14.97,11.09,96.86,,29.19,6.98,28.83,11.9,29.46,195.49,1.56,707.0,34.43,23.4,13.95,8.0,5.16,95.5,0.68,32.15
2026-05-18,90.87,46.96,9.15,55.3,3.26,5.66,133.6,40.15,28.29,21.66,326.5,14.98,10.9,95.19,,27.79,6.74,28.11,11.82,28.9,193.7,1.55,714.9,33.9,23.15,13.75,7.58,5.14,94.37,0.674,32.08
2026-05-19,90.25,47.52,8.87,55.2,3.22,5.46,133.69,40.29,28.2,22.12,325.5,14.68,10.68,96.42,,26.71,6.61,27.5,11.96,28.45,190.91,1.54,715.0,35.5,22.28,13.94,7.62,5.15,100.5,0.671,31.75
2026-05-20,89.5,47.7,8.75,54.89,3.22,5.4,134.0,40.0,28.19,22.17,335.0,14.55,10.5,97.73,,26.33,6.7,27.22,11.86,28.0,191.88,1.54,719.99,35.1,22.17,13.97,7.5,5.22,101.4,0.669,31.8
2026-05-21,86.98,46.55,8.45,54.95,3.11,5.26,132.96,39.15,28.15,22.03,334.0,14.17,10.28,95.97,,26.18,6.51,26.65,11.37,27.68,201.0,1.48,725.0,36.51,22.0,13.83,7.27,5.1,99.5,0.669,30.61
2026-05-24,86.01,48.75,8.41,57.19,3.11,5.17,136.49,38.58,29.0,22.5,334.29,14.07,10.55,96.88,,26.14,6.52,27.3,11.5,28.0,198.0,1.5,729.9,37.56,22.35,14.5,7.65,5.18,100.99,0.669,30.5
2026-05-25,86.0,48.89,8.29,57.0,3.12,5.17,136.8,39.75,29.0,22.56,332.0,13.95,10.57,97.63,,26.6,6.47,27.06,12.0,28.11,196.0,1.5,744.23,37.88,22.69,15.25,7.7,5.19,98.0,0.669,29.8
2026-06-01,86.0,48.48,8.59,58.47,3.17,5.44,135.5,38.54,29.15,22.78,331.79,14.25,11.89,98.05,,26.99,6.7,27.75,11.74,29.0,197.8,1.5,749.99,39.61,23.28,16.08,7.7,5.15,98.8,0.669,29.44
2026-06-02,84.0,48.34,8.52,58.8,3.23,5.57,133.8,37.95,29.4,22.49,334.9,14.95,12.3,97.99,,26.75,6.87,27.8,11.94,29.64,200.0,1.51,762.0,39.09,24.3,15.99,7.65,5.16,97.8,0.672,29.85
2026-06-03,82.5,47.97,8.53,59.7,3.21,5.58,133.69,38.13,29.33,22.49,332.5,15.35,11.96,97.99,,26.44,6.83,27.6,12.18,29.39,199.26,1.49,747.97,38.29,24.18,15.69,7.55,5.17,97.33,0.673,29.8
2026-06-04,82.15,47.38,8.44,60.3,3.15,5.45,132.6,38.76,29.25,22.34,329.0,15.37,12.38,96.99,,26.41,6.62,27.19,12.71,29.98,196.7,1.47,748.0,38.83,23.84,15.37,7.77,5.12,97.0,0.673,29.17
